OBJECTID,name,address,city,state,zip,location_confidence,purpose,operator,tenant,info_source_1,info_source_2,info_source_3,info_source_4,info_source_5,info_source_6,info_source_7,info_source_8,lat,long,date_created,date_updated,mw,sizerank,power_source,dedicated_power_plant,number_of_generators,number_of_buildings,cooling_source,facility_size_sq_ft,cooling_type,property_size_acres,project_cost,other_info,status,status_detail,expected_date_online,county,community_push_back,community_group_website_1,community_group_website_2,information_source,_geometry_x,_geometry_y
1,"""Project Marvel""",Rock Mountain Lake Rd,Bessemer,AL,35022.0,High,,Logistic Land Investments LLC developer,,https://www.datacenterdynamics.com/en/news/700-acre-data-center-in-bessemer-alabama-approved-despite-opposition/,https://www.youtube.com/watch?v=ICSrvQ7meow&ab_channel=InsideClimateNews,https://www.al.com/news/2025/06/14-billion-proposed-data-center-near-birmingham-hits-another-hurdle.html,https://www.wbrc.com/2025/09/14/bessemer-residents-frustrated-over-proposed-data-center/,https://www.datacenterdynamics.com/en/news/alabamas-planned-14bn-project-marvel-data-center-could-double-in-size/,,,,33.342,-87.0341,1757980800000.0,1769040000000.0,1200,"Mega campus (>1,000 MW)",,,,18.0,,4500000.0,,675.0,,100 acres to be cleared,Proposed,,,Jefferson,Yes,https://www.facebook.com/groups/1153501246871845,,Media Monitoring,-87.03409999999997,33.342000000000034
2,DC Blox,433 6th St S,Birmingham,AL,35233.0,High,,,,,,,,,,,,33.50051,-86.821,1756080000000.0,1756080000000.0,,Unknown,,,,,,,,,,,Operating,,,Jefferson,,,,Media Monitoring,-86.82099999999997,33.50051000000007
3,Google data center,48809 Alabama 277,Bridgeport,AL,35740.0,High,,Google,,https://www.madeinalabama.com/2018/04/google-kicks-off-construction-on-alabama-data-center/,https://claycorp.com/work/mission-critical,,,,,,,34.92019,-85.7446,1752537600000.0,1752537600000.0,,Unknown,,,,,,270000.0,,360.0,$600 million,,Unknown,,,Jackson,,,,Media Monitoring,-85.74459999999993,34.92019000000004
4,Western Hospitality Partners data center,Childersburg Industrial Park,Childersburg,AL,35044.0,Medium,,,,https://www.datacenterdynamics.com/en/news/planned-data-center-project-outside-chicago-illinois-paused-due-to-energy-infrastructure/,https://www.childersburg.org/childersburg-industrial-park,,,,,,,33.340885,-86.336205,1769385600000.0,,500,Hyperscale (101-999 MW),,,,,,,,486.0,$6 billion,,Proposed,,,Talladega,,,,Media Monitoring,-86.33620499999994,33.34088500000008
5,DC Blox,333 Diamond Dr NW,Huntsville,AL,35806.0,High,,,,,,,,,,,,34.71003,-86.693,1756080000000.0,1756080000000.0,,Unknown,,,,,,,,,,,Operating,,,Madison,,,,Media Monitoring,-86.69299999999998,34.710030000000074
6,Meta Data Center,5400 Prosperity Dr NW,Huntsville,AL,35810.0,High,,Meta,,https://www.datacenterdynamics.com/en/news/meta-to-build-800m-data-center-in-montgomery-alabama/,,,,,,,,34.84065,-86.6295,1754870400000.0,1754870400000.0,,Unknown,,,,,,,,,,,Operating,,,Madison,,,,Media Monitoring,-86.62949999999995,34.84065000000004
7,Meta Data Center,~1125 Hyundai Blvd,Montgomery,AL,36105.0,Medium,,Meta,,https://www.datacenterdynamics.com/en/news/meta-to-build-800m-data-center-in-montgomery-alabama/,,,,,,,,32.27604,-86.3287,1754870400000.0,1754870400000.0,,Unknown,,,,,,715000.0,,,$800 million,,Approved/Permitted/Under construction,,,Montgomery,,,,Media Monitoring,-86.32869999999997,32.276040000000016
8,Serverfarm,North of Hwy 40,Clarksville,AR,72830.0,Medium,,,,https://www.datacenterdynamics.com/en/news/serverfarm-targets-135-acre-data-center-campus-in-arkansas/,,,,,,,,35.454384,-93.44725,1764201600000.0,,,Hyperscale (101-999 MW),,,,,,2160000.0,,135.0,$8 billion,,Proposed,,,Johnson,,,,Media Monitoring,-93.44724999999994,35.454384000000054
9,Data center,Graham Street 202,Harrison,AR,72601.0,High,,,,https://invest.jll.com/us/en/listings/special-purpose-facility/8-asset-switch-portfolio,,,,,,,,36.21472,-93.0786,1748304000000.0,1748304000000.0,,Unknown,,,,,,34623.0,,,,,Unknown,,,Boone,,,,Media Monitoring,-93.07859999999994,36.21472000000005
10, Avaio Digital Leo,near I-530 and 145th St,Little Rock,AR,72206.0,Medium,,,,https://www.datacenterdynamics.com/en/news/avaio-to-develop-6bn-data-center-campus-in-little-rock-arkansas/,https://www.arkansasonline.com/news/2026/jan/12/6b-data-center-announced-for-pulaski-county/,,,,,,,34.618,-92.26808,1768262400000.0,,150,Hyperscale (101-999 MW),,,,,,,,760.0,$6 billion,,Proposed,,2027.0,Pulaski,,,,Media Monitoring,-92.26807999999993,34.61800000000005
11,Data center,Little Rock Port,Little Rock,AR,72206.0,Medium,,,,https://www.datacenterdynamics.com/en/news/mystery-developer-plans-1bn-data-center-in-little-rock-arkansas/,,,,,,,,34.71681,-92.1737,1748304000000.0,1748304000000.0,,Unknown,,,,,,,,,$1 billion,,Unknown,,,Pulaski,,,,Media Monitoring,-92.17369999999994,34.716810000000066
12,Brightspeed data center,214 S Denver Ave,Russellville,AR,72801.0,High,,,,https://www.datacenterdynamics.com/en/news/brightspeed-data-center-up-for-sale-leaseback-in-arkansas/,,,,,,,,35.27746,-93.1372,1748304000000.0,1748304000000.0,,Unknown,,,,,,44650.0,,,,,Unknown,,,Pope,,,,Media Monitoring,-93.13719999999995,35.277460000000076
13,Groot LLC/ Google,Bollinger Rd,West Memphis/Proctor,AR,72376.0,High,AI/cloud-computing,Google,,https://wreg.com/news/local/data-center-deal-comes-as-area-emerges-as-tech-hub/,https://rbnenergy.com/i-know-places-tech-giants-may-be-the-surest-bets-for-data-center-power-demand,https://www.arkansasedc.com/news-events/newsroom/detail/2025/10/02/google-locating-new-data-center-in-west-memphis--arkansas-with-multi-billion-dollar-investment,,,,,,35.11835,-90.2123,1747958400000.0,1762128000000.0,,Hyperscale (101-999 MW),,,,,,,,920.0,$10 billion,,Approved/Permitted/Under construction,,,Crittenden,,,,Media Monitoring,-90.21229999999997,35.11835000000007
14,Prime data center,West Broadway Rd and S. Avondale Blvd,Avondale,AZ,85353.0,Medium,,,,https://www.datacenterdynamics.com/en/news/prime-and-vantage-buy-land-phoenix-arizona/,,,,,,,,33.40756,-112.311,1748390400000.0,1748390400000.0,210,Hyperscale (101-999 MW),,,,5.0,,1300000.0,,66.0,$29 million,,Unknown,,,Maricopa,,,,Media Monitoring,-112.31099999999998,33.40756000000004
15,H5 data center,2600 W Germann Rd,Chandler,AZ,85286.0,High,,,,https://www.datacenterdynamics.com/en/news/h5-data-centers-expanding-phoenix-data-center-by-30000-sq-ft/,,,,,,,,33.27716,-111.886,1748390400000.0,1748390400000.0,32,Medium (11-50 MW),,,,,,210000.0,,,,,Unknown,,,Maricopa,,,,Media Monitoring,-111.88599999999995,33.27716000000003
16,Compass Data Center,850 S Bullard Ave,Goodyear,AZ,85338.0,High,,,,https://www.datacenterdynamics.com/en/news/compass-datacenters-starts-build-hyperscale-arizona-campus/,,,,,,,,33.44123,-112.377,1748390400000.0,1748390400000.0,,Unknown,,,,,,,,,,,Unknown,,,Maricopa,,,,Media Monitoring,-112.37699999999994,33.44123000000007
17,Microsoft data center,14250 W Broadway Rd,Goodyear,AZ,85338.0,High,,Microsoft,,https://www.levelset.com/property-owners/microsoft-corporation/project-history/,,,,,,,,33.410748,-112.36683,1757980800000.0,1757980800000.0,,Unknown,,,,,,,,,,,Operating,,,Maricopa,,,,Media Monitoring,-112.36682999999998,33.410748000000055
18,Stream data center,2950 S Litchfield Rd,Goodyear,AZ,85338.0,High,,,,https://www.datacenterdynamics.com/en/news/stream-dc-files-to-expand-phoenix-campus-to-200mw/,,,,,,,,33.41965,-112.35942,1748390400000.0,1748390400000.0,200,Hyperscale (101-999 MW),,,,,,2000000.0,,,,,Unknown,,,Maricopa,,,,Media Monitoring,-112.35941999999994,33.41965000000005
19,Vantage data center,45 S Bullard Ave,Goodyear,AZ,85338.0,High,,,,https://www.datacenterdynamics.com/en/news/vantage-completes-construction-on-first-data-center-in-goodyear-arizona/,,,,,,,,33.44718,-112.373,1748390400000.0,1748390400000.0,160,Hyperscale (101-999 MW),,,,,,,,,,,Unknown,,,Maricopa,,,,Media Monitoring,-112.37299999999999,33.44718000000005
20,"""Project Blue"" (Luckett Rd, North and South)",14990 W Hardin Rd,Marana,AZ,85653.0,High,,Beale Infrastructure,,https://tucson.com/news/local/environment/article_52f0d4ba-aa9e-4c17-b290-ca3c2ad8d011.html,https://tucson.com/news/local/government-politics/article_b7e0a874-021f-406b-9722-7c8ef05bf476.html,https://news.azpm.org/s/102447-marana-town-council-approves-rezoning-for-luckett-road-project-600-acre-hyperscale-data-center/,https://www.maranaaz.gov/files/assets/cityofmarana/v/2/development-services/documents/data-centers/luckett-data-center.pdf,,,,,32.4929,-111.28652,1768089600000.0,,750,Hyperscale (101-999 MW),,,,,Air,,,610.0,,,Proposed,,2027.0,Pima,,,,Media Monitoring,-111.28651999999994,32.492900000000084
21,Amazon Data Center,10464 E Pecos Rd,Mesa,AZ,85212.0,High,,Amazon,,https://www.datacenterdynamics.com/en/news/aws-plots-four-data-centers-in-mesa-arizona/,,,,,,,,33.29757,-111.607,1755129600000.0,1755129600000.0,,Unknown,,,,,,,,71.0,$18 million,,Proposed,,,Maricopa,,,,Media Monitoring,-111.60699999999997,33.29757000000006
22,Amazon Data Center,near Apple Data Center at Elliot/Signal Butte Rds,Mesa,AZ,85212.0,Medium,,Amazon,,https://www.datacenterdynamics.com/en/news/aws-plots-four-data-centers-in-mesa-arizona/,,,,,,,,33.34263,-111.604,1755129600000.0,1755129600000.0,,Unknown,,,,,,,,43.0,$16.9 million,,Proposed,,,Maricopa,,,,Media Monitoring,-111.60399999999998,33.342630000000035
23,Apple Data Center,3740 S Signal Butte Rd,Mesa,AZ,85212.0,High,,,,https://www.datacenterdynamics.com/en/news/aws-plots-four-data-centers-in-mesa-arizona/,,,,,,,,33.3471,-111.604,1755129600000.0,1755129600000.0,,Unknown,,,,,,,,,,,Operating,,,Maricopa,,,,Media Monitoring,-111.60399999999998,33.34710000000006
24,Meta Data Center,7610 E Elliot Rd,Mesa,AZ,85212.0,Medium,,Meta,,https://www.datacenterdynamics.com/en/news/google-files-to-build-second-data-center-at-mesa-campus-in-arizona/,,,,,,,,33.35076,-111.67,1755129600000.0,1755129600000.0,,Unknown,,,,,,750000.0,,187.0,,,Approved/Permitted/Under construction,,,Maricopa,,,,Media Monitoring,-111.66999999999996,33.35076000000004
25,NTT data center,10256 Elliot Road,Mesa,AZ,85212.0,High,,,,https://www.datacenterdynamics.com/en/news/ntt-acquires-173-acre-planned-data-center-park-in-mesa-arizona-for-300m/,https://www.datacenterdynamics.com/en/news/two-data-center-projects-proposed-near-phoenix-arizona/,,,,,,,33.35061,-111.61,1748390400000.0,1768780800000.0,240,Hyperscale (101-999 MW),,,,6.0,,,,102.0,,,Unknown,,,Maricopa,,,,Media Monitoring,-111.60999999999996,33.35061000000007
26,NTT data center,22000-21794 E Pecos Rd,Mesa,AZ,85212.0,High,,,,https://www.datacenterdynamics.com/en/news/ntt-acquires-173-acre-planned-data-center-park-in-mesa-arizona-for-300m/,https://www.datacenterdynamics.com/en/news/two-data-center-projects-proposed-near-phoenix-arizona/,,,,,,,33.29556,-111.614,1748390400000.0,1768780800000.0,,Unknown,,,,,,,,173.0,$300 million,,Unknown,,,Maricopa,,,,Media Monitoring,-111.61399999999999,33.29556000000009
27,Huntley LLC data center,Near Horseshoe Bend,Page,AZ,86046.0,High,,,,https://www.datacenterdynamics.com/en/news/data-center-proposed-for-500-acre-site-in-page-arizona/,https://www.fox10phoenix.com/news/10b-data-center-plan-page-area-faces-pushback-from-residents,"https://lakepowellchronicle.com/stories/international-development-company-proposes-10-billion-data-center-for-page,78901",,,,,,36.898376,-111.483154,1764201600000.0,,,Hyperscale (101-999 MW),Hydroelectric,,,,,,,500.0,,Power from Glen Canyon Dam,Proposed,,,Coconino,Yes,https://www.change.org/p/no-data-center-in-page-az,,Media Monitoring,-111.48315399999996,36.898376000000034
28,Aligned,2500 W Union Hills Dr,Phoenix,AZ,85027.0,High,,,,https://www.datacenterdynamics.com/en/news/aligned-acquires-two-plots-in-phoenix-plans-two-campuses-totaling-400mw/,,,,,,,,33.65898,-112.111,1748390400000.0,1748390400000.0,180,Hyperscale (101-999 MW),,,,,,550000.0,,,,,Unknown,,,Maricopa,,,,Media Monitoring,-112.11099999999999,33.658980000000035
29,Expedient data center,2475 West Townley Avenue,Phoenix,AZ,85021.0,High,,,,https://www.datacenterdynamics.com/en/news/expedient-opens-data-center-in-phoenix-arizona/,,,,,,,,33.56452,-112.112,1748390400000.0,1748390400000.0,2.4,Small (0-10 MW),,,,,,45000.0,,,,,Unknown,,,Maricopa,,,,Media Monitoring,-112.11199999999997,33.564520000000066
30,PHX1,2475 W Townley Ave,Phoenix,AZ,85021.0,High,,,,https://www.expedient.com/data-centers/phoenix/,,,,,,,,33.56456,-112.112,1756684800000.0,1756684800000.0,3.6,Small (0-10 MW),,,,,,46000.0,,,,,Operating,,,Maricopa,,,,Media Monitoring,-112.11199999999997,33.56456000000003
31,QTS,120 E Van Buren St,Phoenix,AZ,85004.0,High,,,,https://www.datacenterdynamics.com/en/news/qts-breaks-ground-on-data-center-in-phoenix-arizona/,,,,,,,,33.45193,-112.072,1748390400000.0,1748390400000.0,32,Medium (11-50 MW),,,,,,288000.0,,,,,Unknown,,,Maricopa,,,,Media Monitoring,-112.07199999999995,33.45193000000006
32,QTS,1200 N 40th St,Phoenix,AZ,85008.0,High,,,,https://www.datacenterdynamics.com/en/news/qts-breaks-ground-on-data-center-in-phoenix-arizona/,,,,,,,,33.46237,-111.996,1748390400000.0,1748390400000.0,42,Medium (11-50 MW),,,,,,337330.0,,,,,Unknown,,,Maricopa,,,,Media Monitoring,-111.99599999999997,33.46237000000008
33,QTS PHX2 DC5,1500 N 40th St,Phoenix,AZ,85008.0,High,,,,https://www.datacenterdynamics.com/en/news/qts-breaks-ground-on-data-center-in-phoenix-arizona/,,,,,,,,33.46477,-111.998,1748390400000.0,1748390400000.0,,Unknown,,,,,,,,,,,Unknown,,,Maricopa,,,,Media Monitoring,-111.99799999999999,33.464770000000044
34,Tract,S. Johnson Rd and W. Southern Ave,Phoenix,AZ,85326.0,High,,,,https://www.datacenterwatch.org/report,https://www.tract.com/news/tract-closes-acquisition-of-2069-acres-in-buckeye-arizona/,,,,,,,33.41019,-112.713,1747958400000.0,1747958400000.0,,Unknown,,,,,,,,2069.0,,,Unknown,,,Maricopa,,,,Media Monitoring,-112.71299999999998,33.41019000000005
35,Vermaland data center,near Hwy 10,Red Rock,AZ,85658.0,High,,,,https://www.bizjournals.com/phoenix/news/2025/08/01/vermaland-proposed-pinal-county-data-center.html,https://www.azcentral.com/story/news/local/pinal/2025/07/30/developer-plans-33-billion-data-center-in-pinal-county/85381868007/,https://azbigmedia.com/business/33-billion-data-center-industrial-park-coming-to-pinal-county/,https://www.datacenterdynamics.com/en/news/land-developer-vermaland-plans-33bn-data-center-in-arizona/,,,,,32.55145,-111.452,1754006400000.0,1754006400000.0,">3,000","Mega campus (>1,000 MW)",,,,,,,,3300.0,$33 billion,,Unknown,,,Pinal,,,,Media Monitoring,-111.45199999999994,32.551450000000045
36,Arizona Land Consulting Co.,near 33511 Indian School Rd,Tonopah,AZ,85354.0,High,,,,https://www.bloomberg.com/news/articles/2025-05-27/palihapitiya-buys-stake-in-arizona-property-for-data-center-bet,https://www.datacenterdynamics.com/en/news/arizona-land-consulting-buys-land-for-potential-15gw-data-center/,,,,,,,33.49648,-112.775,1749081600000.0,1749081600000.0,1500,"Mega campus (>1,000 MW)",,,,,,,,2100.0,$25 billion,,Proposed,,,Maricopa,,,,Media Monitoring,-112.77499999999998,33.496480000000076
37,Amazon: Project Blue data center: DEFEATED,10098 E Brekke Rd,Tucson,AZ,85747.0,High,,Amazon,,https://www.datacenterdynamics.com/en/news/arizona-land-parcel-rezoned-and-sold-to-develop-project-blue-data-center/,https://www.datacenterdynamics.com/en/news/amazon-named-as-company-behind-290-acre-data-center-campus-in-tuscson-arizona/,https://www.foxbusiness.com/economy/arizona-city-defeats-massive-data-center-project-over-water-energy-concerns,https://apnews.com/article/tucson-data-management-and-storage-arizona-general-news-environmental-conservation-42c1e554b02b4293685a08a4574db9f0,,https://www.kgun9.com/news/local-news/project-blue-moves-to-build-despite-opposition,,,32.05091,-110.783,1754697600000.0,1754697600000.0,,Unknown,,,,,,,,290.0,$3.6 billion,,Suspended,,,Pima,,,,Media Monitoring,-110.78299999999997,32.05091000000004
38,Data center: Davis-Monthan Air Force Base,,Tucson,AZ,85707.0,Medium,,,,https://www.datacenterdynamics.com/en/news/us-department-of-the-air-force-accepting-proposals-for-ai-data-centers-in-military-bases/,https://www.datacenterdynamics.com/en/news/eia-retired-military-jet-engines-could-be-repurposed-to-power-data-centers/,,,,,,,32.164318,-110.86484,1761004800000.0,1761004800000.0,,Unknown,,May use jet engines from retired military planes,,,,,,300.0,,,Proposed,,,Pima,,,,Media Monitoring,-110.86483999999997,32.16431800000004
39,"Aligned: PHX-13, PHX-12, PHX-14. PHX-07",8805 N Reems Rd,Waddell,AZ,85355.0,High,,,,https://www.datacenterdynamics.com/en/news/aligned-breaks-ground-on-data-center-in-phoenix-arizona/,,,,,,,,33.56351,-112.388,1750291200000.0,1750291200000.0,,Unknown,,,,,,1000000.0,,100.0,,,Unknown,,,Maricopa,,,,Media Monitoring,-112.38799999999998,33.563510000000065
40,"Takanock data center ""Project Baccara""",14707 W Olive Ave,Waddell,AZ,85355.0,High,,DigitalBridge,,https://www.datacenterdynamics.com/en/news/two-data-center-projects-proposed-near-phoenix-arizona/,,,,,,,,33.56755,-112.37177,1768780800000.0,,700,Hyperscale (101-999 MW),,Yes,,2.0,,2000000.0,,160.0,,,Proposed,,2028.0,Maricopa,,,,Media Monitoring,-112.37176999999997,33.56755000000004
41,Guadalupe Quarry Redevelopment Project data center,near Quarry Rd,Brisbane,CA,94005.0,Medium,,,,https://www.datacenterdynamics.com/en/news/proposed-data-center-scaled-down-amid-environmental-concerns-near-san-francisco-california/,,,,,,,,37.68586,-122.416,1753401600000.0,1753401600000.0,,Unknown,,,,,,180000.0,,62.0,,,Proposed,,,San Mateo,,,,Media Monitoring,-122.41599999999995,37.68586000000005
42,Data center: Edwards Air Force Base (7 sites),,Edwards,CA,93524.0,Medium,,,,https://www.datacenterdynamics.com/en/news/us-department-of-the-air-force-accepting-proposals-for-ai-data-centers-in-military-bases/,,,,,,,,34.912052,-117.93109,1761004800000.0,1761004800000.0,,Unknown,,,,,,,,,,,Proposed,,,Kern,,,,Media Monitoring,-117.93108999999997,34.91205200000007
43,Imperial Valley Computer data center,N. 8th St/ Clark Rd,El Centro,CA,92243.0,High,,,Google,https://www.datacenterdynamics.com/en/news/330mw-google-linked-data-center-proposed-in-southern-california/,,,,,,,,32.81923,-115.56083,1768262400000.0,,330,Hyperscale (101-999 MW),,,,1.0,,950000.0,,74.0,,,Proposed,,,Imperial,,,,Media Monitoring,-115.56082999999995,32.819230000000054
44,Amazon,8050 Camino Arroyo Dr,Gilroy,CA,95020.0,High,,Amazon,,https://www.datacenterdynamics.com/en/news/amazon-data-services-gains-approval-for-data-center-on-56-acres-in-gilroy-california/,,,,,,,,37.018684,-121.56053,1764288000000.0,,,Unknown,,,,,,438500.0,,56.0,,,Approved/Permitted/Under construction,,,Santa Clara,,,,Media Monitoring,-121.56052999999997,37.018684000000064
45,Buena Vista Biomass Power site data center,4655 Coal Mine Rd,Ione,CA,95640.0,High,AI,,,https://www.datacenterdynamics.com/en/news/newyork-greencloud-acquires-californian-biomass-facility-for-carbon-negative-ai-data-center/,,,,,,,,38.277733,-120.91554,1768780800000.0,,41,Medium (11-50 MW),Biomass,,,,,,,,,Behind-the-meter,Proposed,,,Amador,,,,Media Monitoring,-120.91553999999995,38.27773300000007
46,ECL,411 Clyde Ave,Mountain View,CA,94043.0,High,,,,,,,,,,,,37.39589,-122.047,1754438400000.0,1754438400000.0,,Unknown,,,,,,,,,,Running on hydrogen fuel,Operating,,,Santa Clara,,,,Media Monitoring,-122.04699999999995,37.395890000000065
47,Sacramento EdgeConneX Edge Data Center® (EDC) (SAC01),10980 Gold Center Dr.,Rancho Cordoba,CA,95670.0,High,,,,https://www.edgeconnex.com/locations/americas/sacramento-ca/,,,,,,,,38.59231,-121.277,1754265600000.0,1754265600000.0,1.5-3,Small (0-10 MW),,,,,,28500.0,,,,,Operating,,,Sacramento,,,,Media Monitoring,-121.27699999999999,38.592310000000055
48,Equinix,123 Great Oaks Blvd,San Jose,CA,95119.0,High,,Equinix,,https://www.datacenterdynamics.com/en/news/equinix-launches-data-center-in-san-jose-california/,,,,,,,,37.23319,-121.78072,1769040000000.0,,40,Medium (11-50 MW),,,,,,150000.0,,,,,Approved/Permitted/Under construction,,,Santa Clara,,,,Media Monitoring,-121.78071999999997,37.23319000000003
49,LBA Realty data center,350 W Trimble Rd,San Jose,CA,95131.0,High,,,,https://www.mercurynews.com/2025/07/08/san-jose-tech-build-data-internet-property-real-estate-develop-economy/,https://www.datacenterdynamics.com/en/news/two-data-centers-proposed-for-vacant-lot-in-san-jose-california/,,,,,,,37.381,-121.935,1752537600000.0,1752537600000.0,,Unknown,,,,,,415000.0,,28.0,,,Proposed,,,Santa Clara,,,,Media Monitoring,-121.93499999999995,37.38100000000003
50,Prologis,Zanker Rd and Hwy 237,San Jose,CA,95134.0,High,,Prologis,,https://www.datacenterdynamics.com/en/news/400mw-prologis-data-center-campus-chosen-as-preferred-project-on-city-owned-land-in-san-jose-california/,,,,,,,,37.423885,-121.94313,1764288000000.0,,396,Hyperscale (101-999 MW),,,,,,1684000.0,,159.0,,,Proposed,,,Santa Clara,,,,Media Monitoring,-121.94312999999993,37.42388500000004
51,Colovore,1101 Space Park Drive,Santa Clara,CA,95054.0,High,,,,https://www.datacenterdynamics.com/en/news/colovore-plans-data-center-in-austin-texas/,,,,,,,,37.37668,-121.953,1754179200000.0,1754179200000.0,,Unknown,,,,,,24000.0,,,,Liquid cooled,Operating,,,Santa Clara,,,,Media Monitoring,-121.95299999999997,37.37668000000007
52,Colovore,3060 Raymond Street,Santa Clara,CA,95054.0,High,,,,https://www.datacenterdynamics.com/en/news/colovore-plans-data-center-in-austin-texas/,,,,,,,,37.37739,-121.953,1754179200000.0,1754179200000.0,,Unknown,,,,,,,,,,Liquid cooled,Operating,,,Santa Clara,,,,Media Monitoring,-121.95299999999997,37.37739000000005
53,CoreSite SV9,2915 Stender Way,Santa Clara,CA,95054.0,High,,,,https://www.datacenterdynamics.com/en/news/coresite-launches-santa-clara-data-center-california/,,,,,,,,37.37492,-121.969,1754006400000.0,1754006400000.0,34,Medium (11-50 MW),,,,,,228000.0,,,,,Proposed,,,Santa Clara,,,,Media Monitoring,-121.96899999999998,37.37492000000003
54,Digital Realty SJC37 data center,641 Walsh St,Santa Clara,CA,95050.0,High,,Digital Realty,,https://www.digitalrealty.com/data-centers/americas/silicon-valley/sjc37,https://www.datacenters.com/digital-realty-silicon-valley-sjc37,,,,,,,37.371067,-121.94693,1769472000000.0,,100,Large (51-100 MW),Grid (unspecified mix),,,,,430000.0,,,,,Approved/Permitted/Under construction,,2027.0,Santa Clara,,,,Media Monitoring,-121.94692999999994,37.37106700000003
55,EdgeCore data center,3580 Juliette Ln,Santa Clara,CA,95054.0,High,,EdgeCore,,https://www.datacenterdynamics.com/en/news/edgecore-opens-silicon-valley-data-center/,,,,,,,,37.38413,-121.965744,1769126400000.0,,72,Large (51-100 MW),,,,,,540000.0,,,,,Operating,,,Santa Clara,,,,Media Monitoring,-121.96574399999999,37.38413000000001
56,Santa Clara EdgeConneX Edge Data Center® (EDC) - SVC01,1700 Richard Ave,Santa Clara,CA,95050.0,High,,,,https://www.edgeconnex.com/locations/americas/santa-clara-ca/,,,,,,,,37.36431,-121.959,1754265600000.0,1754265600000.0,,Unknown,,,,,,19800.0,,,,,Operating,,,Santa Clara,,,,Media Monitoring,-121.95899999999996,37.36431000000004
57,Nautilus Data Technology,1002 Embarcadero,Stockton,CA,95203.0,High,,,,https://www.cerebras.ai/press-release/cerebras-announces-six-new-ai-datacenters-across-north-america-and-europe-to-deliver-industry-s,,,,,,,,37.96411,-121.369,1758758400000.0,1758758400000.0,,Unknown,,,,,,,,,,,Operating,,,San Joaquin,,,,Media Monitoring,-121.36899999999997,37.96411000000007
58,Cerebras Systems data center,1237 E Arques Ave,Sunnyvale,CA,94085.0,High,,,,https://www.cerebras.ai/press-release/cerebras-announces-six-new-ai-datacenters-across-north-america-and-europe-to-deliver-industry-s,https://www.datacenterdynamics.com/en/news/cerebras-plans-six-new-ai-data-centers-in-north-america-and-europe/,,,,,,,37.38112,-121.993,1758758400000.0,1758758400000.0,,Unknown,,,,,,,,,,,Operating,,,Santa Clara,,,,Media Monitoring,-121.993,37.38112000000005
59,Digital data center,4400 Pacific Blvd,Vernon,CA,90058.0,High,,California Digital Realty,,https://www.datacenterdynamics.com/en/news/digital-realty-buys-land-in-los-angeles-for-32mw-data-center/,,,,,,,,34.00368,-118.229675,1762646400000.0,1762646400000.0,32,Medium (11-50 MW),,,,,,253200.0,,5.0,,,Proposed,,,Los Angeles,,,,Media Monitoring,-118.22967499999999,34.00368000000004
60,DEN1,7347 S. Revere Parkway Building C,Centennial,CO,80112.0,High,,,,https://www.expedient.com/data-centers/denver/,,,,,,,,39.58275,-104.841,1756684800000.0,1756684800000.0,1.6,Small (0-10 MW),,,,,,32000.0,,,,,Operating,,,Arapahoe,,,,Media Monitoring,-104.84099999999995,39.582750000000026
61,Data center,1780 Jet Stream Drive,Colorado Springs,CO,80921.0,High,,,,https://invest.jll.com/us/en/listings/special-purpose-facility/8-asset-switch-portfolio,,,,,,,,38.99734,-104.792,1748304000000.0,1748304000000.0,,Unknown,,,,,,14613.0,,,,,Unknown,,,El Paso,,,,Media Monitoring,-104.79199999999996,38.99734000000006
62,CoreSite DE1 data center,910 15th Street,Denver,CO,80202.0,High,,CoreSite,,https://www.coresite.com/news/coresite-achieves-key-construction-milestone-for-new-de3-data-center-in-denver,,,,,,,,39.74566,-104.99561,1763942400000.0,,,Medium (11-50 MW),,,,,,152000.0,,,,,Operating,,,Denver,,,,Media Monitoring,-104.99560999999994,39.74566000000003
63,CoreSite DE2 data center,639 E 18th Ave,Denver,CO,80203.0,High,,CoreSite,,https://www.coresite.com/news/coresite-achieves-key-construction-milestone-for-new-de3-data-center-in-denver,,,,,,,,39.745472,-104.97931,1763942400000.0,,,Small (0-10 MW),,,,,,5100.0,,,,,Operating,,,Denver,,,,Media Monitoring,-104.97930999999994,39.745472000000056
64,CoreSite DE3 data center,4900 Race St,Elyria-Swansea (Denver),CO,80216.0,High,,CoreSite,,https://www.denver7.com/money/science-and-tech/ai-data-center-could-use-more-power-than-dia-leaving-neighbors-worried-about-power-and-water-bills,https://www.cpr.org/2025/10/14/ai-air-quality-impact/,https://www.coresite.com/news/coresite-achieves-key-construction-milestone-for-new-de3-data-center-in-denver,,,,,,39.785824,-104.962845,1763942400000.0,,75,Large (51-100 MW),,,,,,180000.0,,,,,Approved/Permitted/Under construction,,2026.0,Denver,,,,Media Monitoring,-104.96284499999996,39.78582400000005
65,Cielo Digital Infrastructure,,Hudson,CO,80642.0,Low,,,,https://www.datacenterdynamics.com/en/news/cielo-digital-infrastructure-plans-300mw-data-center-campus-in-south-carolina/,,,,,,,,40.09549,-104.609,1750723200000.0,1750723200000.0,750,Hyperscale (101-999 MW),,,,,,,,500.0,,,Proposed,,,Weld,,,,Media Monitoring,-104.60899999999998,40.09549000000004
66,Atlas Capital Group,132 Griffin Rd N,Bloomfield,CT,6002.0,High,,,,https://www.ctinsider.com/business/article/ct-bloomfield-data-center-proposal-20758986.php,,,,,,,,41.88474,-72.7435,1752537600000.0,1752537600000.0,,Unknown,,,,,,1000000.0,,,,,Proposed,,,Hartford,,,,Media Monitoring,-72.74349999999998,41.88474000000007
67,GotSpace data center,Bozrah St,Bozrah,CT,6334.0,Medium,,,,https://www.datacenterdynamics.com/en/news/15gw-data-center-campus-proposed-in-pennsylvania/,https://ctexaminer.com/2022/08/11/facing-budget-squeeze-bozrah-to-decide-on-approving-a-hyperscale-data-center/,,,,,,,41.5586,-72.1706,1753315200000.0,1753315200000.0,,Unknown,,,,,,980000.0,,,,,Proposed,,,New London,,,,Media Monitoring,-72.17059999999998,41.55860000000006
68,NE Edge Data Center,adjacent to Millstone Nuclear Power Station,Waterford,CT,6385.0,Medium,,,,https://www.datacenterdynamics.com/en/news/15gw-data-center-campus-proposed-in-pennsylvania/,,,,,,,,41.31387,-72.1673,1753315200000.0,1753315200000.0,1500,"Mega campus (>1,000 MW)",,,,,,1500000.0,,25.0,,,Proposed,,,New London,,,,Media Monitoring,-72.16729999999995,41.31387000000007
69,Starwood Digital Ventures,Governor Lea Rd,New Castle,DE,19720.0,High,,,,https://www.datacenterdynamics.com/en/news/starwood-files-to-develop-12gw-11-building-data-center-campus-in-delaware/,https://www.delawareonline.com/story/money/business/2025/07/17/data-center-new-castle-county-delaware/85239325007/,,,,,,,39.60745,-75.6397,1752537600000.0,1752537600000.0,1200,"Mega campus (>1,000 MW)",,,,,,6000000.0,,570.0,,,Proposed,,,New Castle,,,,Media Monitoring,-75.63969999999995,39.60745000000002
70,Data center,Co Rd 700,Fort Meade,FL,33841.0,Medium,,,,https://www.datacenterdynamics.com/en/news/44-million-sq-ft-data-center-campus-gets-zoning-approval-in-fort-meade-florida/,,,,,,,,27.79178,-81.8185,1750464000000.0,1750464000000.0,,Unknown,,,,,,4400000.0,,1163.0,,,Proposed,,,Polk,,,,Media Monitoring,-81.81849999999999,27.791780000000067
71,"Sentinel Grove Technology Park/ ""Project Jarvis""",Minute Maid Rd & Orange Ave,Fort Pierce,FL,34945.0,High,,,,https://www.datacenterdynamics.com/en/news/officials-fail-to-back-plans-for-1gw-data-center-campus-in-florida/,https://www.tcpalm.com/story/news/local/st-lucie-county/2025/10/23/13-billion-data-center-largest-in-florida-planned-on-treasure-coast/86770609007,,,,,,,27.45444,-80.55799,1763251200000.0,,1000,"Mega campus (>1,000 MW)",,,,,,15000000.0,,1218.0,,"Voted down by planning and zoning commission, 4-2",Suspended,,,St. Lucie,,,,Media Monitoring,-80.55798999999996,27.454440000000034
72,Cielo Digital Infrastructure,,Haines City,FL,33844.0,Low,,,,https://www.datacenterdynamics.com/en/news/cielo-digital-infrastructure-plans-300mw-data-center-campus-in-south-carolina/,,,,,,,,28.17875,-81.6457,1750723200000.0,1750723200000.0,300,Hyperscale (101-999 MW),,,,,,,,74.0,,,Proposed,,,Polk,,,,Media Monitoring,-81.64569999999998,28.178750000000022
73,Project Tango,near 20125 Southern Blvd,Loxahatchee,FL,33470.0,Medium,,,,https://www.datacenterdynamics.com/en/news/37-million-sq-ft-data-center-campus-gets-initial-ok-from-officials-in-florida/,,,,,,,,26.694838,-80.37178,1765411200000.0,,,Hyperscale (101-999 MW),,,,,,3700000.0,,202.0,,,Approved/Permitted/Under construction,,,Palm Beach,Yes,https://www.change.org/p/say-no-to-the-construction-of-project-tango-ai-data-center-in-palm-beach-county,,Media Monitoring,-80.37177999999994,26.694838000000065
74,HostDime data center,1 Innovative Pl,Maitland,FL,32751.0,High,,,,https://www.datacenterdynamics.com/en/news/hostdime-seeks-deadline-extension-for-data-center-in-eatonville-orlando/,,,,,,,,28.6146,-81.3857,1756857600000.0,1756857600000.0,,Unknown,,,,,,100000.0,,,,,Proposed,,,Orange,,,,Media Monitoring,-81.38569999999999,28.61460000000006
75,Iron Mountain Data Center,12300 NW 32nd Ave,Miami,FL,33167.0,High,,,,https://www.datacenterdynamics.com/en/news/iron-mountain-tops-outs-miami-data-center/,,,,,,,,25.88661,-80.2539,1754956800000.0,1754956800000.0,16,Medium (11-50 MW),,,,,,150000.0,,3.0,,Former records center,Approved/Permitted/Under construction,,,Miami-Dade,,,,Media Monitoring,-80.2539,25.88661000000006
76,Dixon Data Center/Project Sassy,Plainville Road and Ga-53,Adairsville,GA,30103.0,High,,Atlas Development,,https://www.datacenterdynamics.com/en/news/atlas-named-as-developer-on-project-sassy-in-rome-georgia/,,,,,,,,34.37998,-85.034,1760572800000.0,1760572800000.0,200,Hyperscale (101-999 MW),,,,,,2000000.0,,,,,Proposed,,,Floyd,,,,Sci4GA,-85.03399999999993,34.379980000000046
77,Project Springbank (Atlas),Perkins Mountain Rd,Adairsville,GA,30145.0,High,,Atlas,,https://www.datacenterdynamics.com/en/news/two-million-sq-ft-data-center-campus-planned-outside-atlanta-georgia/,https://www.ajc.com/news/business/45b-project-springbank-joins-metro-atlantas-data-center-pipeline/2ZNPEXHMIZBXNPKIPWHJZ4FLH4/,https://www.ajc.com/news/2025/06/as-data-centers-grow-larger-so-does-pushback-across-georgia/,,,,,,34.30926,-84.9633,1748131200000.0,1763510400000.0,78,Large (51-100 MW),,,,6.0,,2270000.0,,,$4.5 billion,Project withdrawn,Suspended,,,Bartow,Yes,,,Media Monitoring,-84.96329999999995,34.30926000000004
78,Alpharetta GA1,11650 Great Oaks Way,Alpharetta,GA,30022.0,High,,365 Data Centers,,https://baxtel.com/data-center/sungard-atlanta-alpharetta,,,,,,,,34.063183,-84.272896,1760572800000.0,1760572800000.0,4.300000191,Small (0-10 MW),,,,,,77300.0,,,,,Operating,,,Fulton,,,,Sci4GA,-84.27289599999996,34.06318300000003
79,AT&T data center,21515 Innovation Way,Alpharetta,GA,30004.0,High,,,,https://www.datacenterdynamics.com/en/news/att-occupied-data-center-up-for-sale-in-alpharetta-georgia/,,,,,,,,34.086502,-84.27612,1769040000000.0,,11,Medium (11-50 MW),,,,,,88110.0,,,,,Operating,,,Fulton,,,,Media Monitoring,-84.27611999999993,34.086502000000046
80,ATL2,4905 North Point Pkwy,Alpharetta,GA,30009.0,High,,Lincoln Rackhouse,,https://baxtel.com/data-center/ascent-atlanta-atl1,,,,,,,,34.057144,-84.273,1760572800000.0,1760572800000.0,12,Medium (11-50 MW),,,,,,185000.0,,,,,Operating,,,Fulton,,,,Sci4GA,-84.27299999999997,34.057144000000044
81,Atlanta-Alpharetta,12655 Edison Dr,Alpharetta,GA,30005.0,High,,Flexential,,https://baxtel.com/data-center/flexential-atlanta-alpharetta,,,,,,,,34.086994,-84.25179,1760572800000.0,1760572800000.0,6,Small (0-10 MW),,,,,,139474.0,,,,,Operating,,,Fulton,,,,Sci4GA,-84.25178999999997,34.08699400000006
82,Data center(s),"White Oak Technology Park, Appling-Harlem Rd",Appling,GA,30814.0,High,,,,https://www.augustachronicle.com/story/business/2025/05/01/columbia-county-technology-park-project-valued-at-11-billion-data-centers-economic-development/83375427007/,,,,,,,,33.49546,-82.337,1750723200000.0,1750723200000.0,,Unknown,,,,,,8000000.0,,2000.0,$11.6 billion,,Proposed,,,Columbia,,,,Media Monitoring,-82.33699999999999,33.49546000000003
83,White Oak Technology Park,Off Morris Callaway Road & Innovation Parkway,Appling,GA,30802.0,High,,Trammell Crow Company,,https://apps.dca.ga.gov/DRI/AppSummary.aspx?driid=4443,,,,,,,,33.51421,-82.34112,1760572800000.0,1760572800000.0,,Unknown,,,,,,8076687.0,,,,,Proposed,,,Columbia,,,,Sci4GA,-82.34111999999999,33.51421000000004
84,Former Athena Studios conversion,900 Athena Dr,Athens,GA,30601.0,High,,,,https://www.datacenterdynamics.com/en/news/georgia-based-film-studio-considers-converting-to-data-center/,,,,,,,,33.970966,-83.31563,1766016000000.0,,,Unknown,,,,,,185000.0,,,,Potential conversion of film production studio to data center,Proposed,,,Clarke,,,,Media Monitoring,-83.31562999999994,33.970966000000026
85,10 Forsyth St NW,10 Forsyth St NW,Atlanta,GA,30303.0,High,,Digital Realty,,https://www.datacenterdynamics.com/en/news/digital-realty-plans-10-story-300000-sq-ft-data-center-in-atlanta/,,,,,,,,33.755455,-84.39201,1760572800000.0,1760572800000.0,45,Medium (11-50 MW),,,,,,300000.0,,,,,Proposed,,,Fulton,,,,Sci4GA,-84.39200999999997,33.75545500000004
86,470 Exchange,470 East Paces Ferry Rd,Atlanta,GA,30327.0,High,,Facility Gateway Corporation,,,,,,,,,,33.83952,-84.37284,1760572800000.0,1760572800000.0,2.549999952,Small (0-10 MW),,,,,,17000.0,,,,,Operating,,,Fulton,,,,Sci4GA,-84.37283999999994,33.83952000000004
87,American Tower EDC Atlanta,2374 Fairburn Road Southwest,Atlanta,GA,30331.0,High,,American Tower Corporation,,,,,,,,,,33.68953,-84.51075,1760572800000.0,1760572800000.0,1,Small (0-10 MW),,,,,,360.0,,,,,Operating,,,Fulton,,,,Sci4GA,-84.51074999999997,33.68953000000004
88,AT&T Southern Bell Telephone Company Building,51 Peachtree Center Ave NE,Atlanta,GA,30303.0,High,,AT&T,,https://baxtel.com/data-center/at-t-southern-bell-telephone-company-building,,,,,,,,33.7558,-84.3857,1760572800000.0,1760572800000.0,,Unknown,,,,,,,,,,,Operating,,,Fulton,,,,Sci4GA,-84.38569999999999,33.75580000000007
89,ATL1,40 Perimeter Center E,Atlanta,GA,30346.0,High,,Lincoln Rackhouse,,https://baxtel.com/data-center/40-perimeter-center-lincoln-rackhouse,,,,,,,,33.926537,-84.32673,1760572800000.0,1760572800000.0,15,Medium (11-50 MW),,,,,,77322.0,,,,,Operating,,,DeKalb,,,,Sci4GA,-84.32672999999994,33.92653700000005
90,ATL2 Colo Data Center,250 Williams Street NW (E-100),Atlanta,GA,30303.0,High,,Hivelocity,,https://www.hivelocity.net/wp-content/uploads/2024/04/Hivelocity_Atlanta.pdf,,,,,,,,33.761627,-84.39127,1760572800000.0,1760572800000.0,3,Small (0-10 MW),,,,,,,,,,,Operating,,,Fulton,,,,Sci4GA,-84.39126999999995,33.76162700000003
91,Atlanta,56 Marietta Street NW,Atlanta,GA,30303.0,High,,Corespace,,https://inflect.com/building/56-marietta-street-northwest-atlanta,,,,,,,,33.75543,-84.39146,1760572800000.0,1760572800000.0,3,Small (0-10 MW),,,,,,,,,,,Operating,,,Fulton,,,,Sci4GA,-84.39145999999994,33.75543000000005
92,Atlanta AT1,55 Marietta Street,Atlanta,GA,30303.0,High,,CoreSite (American Tower),,https://baxtel.com/data-center/55-marietta,,,,,,,,33.75585,-84.39107,1760572800000.0,1760572800000.0,10,Small (0-10 MW),,,,,,45000.0,,,,,Operating,,,Fulton,,,,Sci4GA,-84.39106999999996,33.75585000000006
93,Atlanta ATL12,760 Doug Davis Dr,Atlanta,GA,30354.0,High,,Digital Realty,,https://baxtel.com/data-center/760-doug-davis-digital-realty,,,,,,,,33.657166,-84.41514,1760572800000.0,1760572800000.0,,Unknown,,,,,,334400.0,,,,,Operating,,,Fulton,,,,Sci4GA,-84.41513999999995,33.65716600000007
94,Atlanta ATL13,56 Marietta Street NW,Atlanta,GA,30303.0,High,,Digital Realty,,https://baxtel.com/data-center/56-marietta-carrier-hotel-digital-realty,https://www.hivelocity.net/wp-content/uploads/2024/08/Hivelocity_Atlanta.pdf,https://www.datacenterdynamics.com/en/news/digital-realty-files-to-develop-two-building-campus-outside-atlanta-georgia/,,,,,,33.75543,-84.39146,1760572800000.0,1760572800000.0,5,Small (0-10 MW),,,,,,160000.0,,,,,Operating,,,Fulton,,,,Media Monitoring and Sci4GA,-84.39145999999994,33.75543000000005
95,Atlanta ATL14,250 Williams St NW,Atlanta,GA,30303.0,High,,Digital Realty,,https://www.datacenterdynamics.com/en/news/digital-realty-files-to-develop-two-building-campus-outside-atlanta-georgia/,https://baxtel.com/data-center/digital-realty-atl14,,,,,,,33.76157,-84.3915,1749081600000.0,1749081600000.0,3.599999905,Small (0-10 MW),,,,,,33000.0,,,,,Operating,,,Fulton,,,,Media Monitoring and Sci4GA,-84.39149999999997,33.761570000000056
96,Atlanta Metro DC1,1033 Jefferson Street NW,Atlanta,GA,30318.0,High,,QTS Data Centers,,https://qtsdatacenters.com/wp-content/uploads/2024/07/QTS_DataSheet_ATL1-DC1.pdf,https://qtsdatacenters.com/data-centers/atlanta-1/,,,,,,,33.775944,-84.421074,1760572800000.0,1760572800000.0,70,Large (51-100 MW),,,,,,990000.0,,,,Part of a campus (Project Granite): https://baxtel.com/data-center/qts-atlanta-metro,Operating,,,Fulton,,,,Media Monitoring and Sci4GA,-84.42107399999998,33.77594400000003
97,Atlanta Metro DC2,1025 Jefferson Street NW,Atlanta,GA,30318.0,High,,QTS Data Centers,,https://qtsdatacenters.com/-/media/resources/data-sheets/qts_data-sheet_atl1-dc2.pdf,https://qtsdatacenters.com/data-centers/atlanta-1/,,,,,,,33.77647,-84.41955,1760572800000.0,1760572800000.0,74.25,Large (51-100 MW),,,,,,495000.0,,,,Part of a campus (Project Granite): https://baxtel.com/data-center/qts-atlanta-metro,Operating,,,Fulton,,,,Sci4GA,-84.41954999999994,33.776470000000074
98,Atlanta Metro DC3,953 Herndon Street,Atlanta,GA,30318.0,High,,QTS Data Centers,,https://www.datacenters.com/qts-atlanta-3-dc1,https://qtsdatacenters.com/data-centers/atlanta-1/,,,,,,,33.78121,-84.42252,1760572800000.0,1760572800000.0,,Unknown,,,,,,,,,,Part of a campus (Project Granite): https://baxtel.com/data-center/qts-atlanta-metro,Operating,,,Fulton,,,,Sci4GA,-84.42251999999998,33.781210000000044
99,Atlanta Metro DC4,1103 Herndon Street,Atlanta,GA,30318.0,High,,QTS Data Centers,,https://www.datacenters.com/qts-atlanta-4-dc1,https://qtsdatacenters.com/data-centers/atlanta-1/,,,,,,,33.784534,-84.42251,1760572800000.0,1760572800000.0,,Unknown,,,,,,,,,,Part of a campus (Project Granite): https://baxtel.com/data-center/qts-atlanta-metro,Operating,,,Fulton,,,,Sci4GA,-84.42251,33.78453400000006
100,ATLDC 55 Marietta,55 Marietta Street (Suite 1740),Atlanta,GA,30303.0,High,,ATLDC,,https://baxtel.com/data-center/atldc-55-marietta,,,,,,,,33.75585,-84.39107,1760572800000.0,1760572800000.0,,Unknown,,,,,,9000.0,,,,,Operating,,,Fulton,,,,Sci4GA,-84.39106999999996,33.75585000000006
101,CODA at Tech Sq (GA Tech High Performance Computing Center),771 Spring Street,Atlanta,GA,30308.0,High,,Georgia Tech Foundation,,https://apps.dca.ga.gov/DRI/AppSummary.aspx?driid=2569,,,,,,,,33.77551,-84.38868,1760572800000.0,1760572800000.0,13.94999981,Medium (11-50 MW),,,,,,93000.0,,,,,Operating,,,Fulton,,,,Sci4GA,-84.38867999999998,33.775510000000054
102,Cogent Data Center Atlanta 1,55 Marietta Street NW (Suite 950),Atlanta,GA,30303.0,High,,Cogent Communications,,https://baxtel.com/data-center/cogent-atlanta-55-marietta,,,,,,,,33.75585,-84.39107,1760572800000.0,1760572800000.0,,Unknown,,,,,,,,,,,Operating,,,Fulton,,,,Sci4GA,-84.39106999999996,33.75585000000006
103,Cogent Data Center Atlanta 2,1190 Allene Ave SW,Atlanta,GA,30310.0,High,,Cogent Communications,,,,,,,,,,33.722496,-84.412796,1760572800000.0,1760572800000.0,,Unknown,,,,,,36172.0,,,,,Operating,,,Fulton,,,,Sci4GA,-84.41279599999996,33.72249600000003
104,Coloblox (HQ),1100 Circle 75 Pkwy,Atlanta,GA,30339.0,High,,Coloblox,,https://baxtel.com/data-center/coloblox,,,,,,,,33.88972,-84.465515,1760572800000.0,1760572800000.0,,Unknown,,,,,,,,,,,Operating,,,Cobb,,,,Sci4GA,-84.46551499999998,33.88972000000006
105,ColoCrossing GA1,34 Peachtree St,Atlanta,GA,30303.0,High,,ColoCrossing,,https://www.colocrossing.com/wp-content/uploads/2017/01/CC-one-pagers-11.pdf,,,,,,,,33.755016,-84.389626,1760572800000.0,1760572800000.0,1.600000024,Small (0-10 MW),,,,,,10000.0,,,,,Operating,,,Fulton,,,,Sci4GA,-84.38962599999996,33.75501600000006
106,DataBank ATL1 (Midtown),760 W Peachtree St NW,Atlanta,GA,30308.0,High,,DataBank,,https://baxtel.com/data-center/databank-atlanta-atl1,,,,,,,,33.775368,-84.387764,1760572800000.0,1760572800000.0,10,Small (0-10 MW),,,,,,38260.0,,,,,Operating,,,Fulton,,,,Sci4GA,-84.38776399999995,33.775368000000064
107,DataBank ATL2 (West End),1100 White St SW,Atlanta,GA,30310.0,High,,DataBank,,https://baxtel.com/data-center/zcolo-atlanta,,,,,,,,33.733864,-84.425735,1760572800000.0,1760572800000.0,4,Small (0-10 MW),,,,,,98300.0,,,,,Operating,,,Fulton,,,,Sci4GA,-84.42573499999997,33.73386400000003
108,DataBank ATL3 (West End),1150 White St SW,Atlanta,GA,30310.0,High,,DataBank,,https://www.datacenterdynamics.com/en/news/databank-to-expand-atlanta-data-center/,,,,,,,,33.73448,-84.4265,1760572800000.0,1760572800000.0,6,Small (0-10 MW),,,,,,,,,,,Operating,,,Fulton,,,,Sci4GA,-84.42649999999999,33.73448000000007
109,DataBank ATL4 (South Fulton),200 Selig Drive SW,Atlanta,GA,30336.0,High,,DataBank,,https://www.datacenterhawk.com/colo/databank/200-selig-drive-sw/atl4,,,,,,,,33.750492,-84.54815,1760572800000.0,1760572800000.0,40,Medium (11-50 MW),,,,,,212710.0,,,,,Proposed,,,Fulton,,,,Sci4GA,-84.54814999999995,33.75049200000006
110,EDC ATL01,1003 Donnelly Avenue SW,Atlanta,GA,30310.0,High,,EdgeConnex,,https://baxtel.com/data-center/edgeconnex-atl01,,,,,,,,33.72936,-84.42015,1760572800000.0,1760572800000.0,1.5,Small (0-10 MW),,,,,,29527.0,,,,Part of a campus: https://baxtel.com/data-center/edgeconnex-atlanta-campus,Operating,,,Fulton,,,,Sci4GA,-84.42014999999998,33.729360000000035
111,EDC ATL02,1101 Donnelly Avenue,Atlanta,GA,30310.0,High,,EdgeConnex,,https://baxtel.com/data-center/edgeconnex-atl02,,,,,,,,33.731815,-84.42362,1760572800000.0,1760572800000.0,14,Medium (11-50 MW),,,,,,91980.0,,,,,Operating,,,Fulton,,,,Sci4GA,-84.42361999999997,33.73181500000005
112,EdgeConneX,Stonewall Tell Rd,Atlanta,GA,30349.0,Medium,,,,https://www.datacenterdynamics.com/en/news/ta-realty-files-for-1-million-sq-ft-data-center-campus-outside-atlanta-georgia/,,,,,,,,33.635,-84.5819,1750723200000.0,1750723200000.0,324,Hyperscale (101-999 MW),,,,,,,,,,,Proposed,,,Fulton,,,,Media Monitoring,-84.58189999999998,33.63500000000005
113,Edged ATL01-1,1800 Thomas Street NW,Atlanta,GA,30318.0,High,,Edged Energy,,https://cdn.prod.website-files.com/62f4046c4606ae485a2c58ec/66c39e92b470df059c06bccf_ATL01-1_Spec%20Sheet_240814_Digital.pdf,https://www.edged.us/atlanta,,,,,,,33.8084,-84.45469,1760572800000.0,1760572800000.0,27,Medium (11-50 MW),,,,,,,,,,,Operating,,,Fulton,,,,Sci4GA,-84.45468999999996,33.80840000000006
114,Edged ATL01-2,1760 Thomas Street NW,Atlanta,GA,30318.0,High,,Edged Energy,,https://www.edged.us/atlanta,,,,,,,,33.8084,-84.45469,1760572800000.0,1760572800000.0,100,Large (51-100 MW),,,,,,,,,,,Operating,,,Fulton,,,,Sci4GA,-84.45468999999996,33.80840000000006
115,Edged ATL01-3,1740 Thomas Street NW,Atlanta,GA,30318.0,High,,Edged Energy,,https://www.edged.us/news/edged-atlanta-begins-construction-on-180-mw-ultra-efficient-mega-project,https://www.edged.us/atlanta,,,,,,,33.8084,-84.45469,1760572800000.0,1760572800000.0,42,Medium (11-50 MW),,,,,,,,,,,Operating,,,Fulton,,,,Sci4GA,-84.45468999999996,33.80840000000006
116,Equinix Atlanta AT1,180 Peachtree Street NW (2nd & 6th floors),Atlanta,GA,30303.0,High,,Equinix,,https://baxtel.com/data-center/equinix-atlanta-at1,,,,,,,,33.758602,-84.387856,1760572800000.0,1760572800000.0,4,Small (0-10 MW),,,,,,,,,,,Operating,,,Fulton,,,,Sci4GA,-84.38785599999994,33.75860200000005
117,Equinix Atlanta AT2 AT3,56 Marietta Street NW (5th and 6th Floors),Atlanta,GA,30303.0,High,,Equinix,,https://baxtel.com/data-center/equinix-atlanta-at2-at3,,,,,,,,33.75543,-84.39146,1760572800000.0,1760572800000.0,1,Small (0-10 MW),,,,,,,,,,,Operating,,,Fulton,,,,Sci4GA,-84.39145999999994,33.75543000000005
118,Equinix Atlanta AT4,450 Interstate Parkway North,Atlanta,GA,30339.0,High,,Equinix,,,,,,,,,,33.895363,-84.453636,1760572800000.0,1760572800000.0,12,Medium (11-50 MW),,,,,,,,,,,Operating,,,Cobb,,,,Sci4GA,-84.45363599999996,33.895363000000025
119,FOGO Atlanta,56 Marietta Street,Atlanta,GA,30303.0,High,,FOGO Solutions,,https://baxtel.com/data-center/fogo-atlanta,,,,,,,,33.75543,-84.39146,1760572800000.0,1760572800000.0,,Unknown,,,,,,,,,,,Operating,,,Fulton,,,,Sci4GA,-84.39145999999994,33.75543000000005
120,H5 Atlanta,345 Courtland Street NE,Atlanta,GA,30308.0,High,,H5 Data Centers,,https://baxtel.com/data-center/h5-atlanta,,,,,,,,33.76513,-84.38366,1760572800000.0,1760572800000.0,8,Small (0-10 MW),,,,,,110000.0,,,,leases to Lumen Atlanta 1,Operating,,,Fulton,,,,Sci4GA,-84.38365999999996,33.765130000000056
121,Intero Systems,1800 Phoenix Blvd (Suite 201),Atlanta,GA,30349.0,High,,Intero Systems,,,,,,,,,,33.61318,-84.44704,1760572800000.0,1760572800000.0,,Unknown,,,,,,,,,,,Operating,,,Clayton,,,,Sci4GA,-84.44703999999994,33.61318000000005
122,Lumen Atlanta 2,180 Peachtree Street NW (Third and Fourth Floors),Atlanta,GA,30303.0,High,,Lumen,,https://baxtel.com/data-center/level3-atlanta-180-peachtree,,,,,,,,33.758602,-84.387856,1760572800000.0,1760572800000.0,,Unknown,,,,,,,,,,,Operating,,,Fulton,,,,Sci4GA,-84.38785599999994,33.75860200000005
123,Lumen Atlanta 5,953 Donnelly Avenue SW,Atlanta,GA,30310.0,High,,Lumen,,https://baxtel.com/data-center/level3-atlanta-953-donnelly,,,,,,,,33.728493,-84.41872,1760572800000.0,1760572800000.0,0.4,Small (0-10 MW),,,,,,2400.0,,,,,Operating,,,Fulton,,,,Sci4GA,-84.41871999999996,33.728493000000064
124,Lumen Atlanta 6,874 Dekalb Avenue NE,Atlanta,GA,30307.0,High,,Lumen,,https://baxtel.com/data-center/level3-atlanta-874-dekalb,,,,,,,,33.75479,-84.358734,1760572800000.0,1760572800000.0,,Unknown,,,,,,,,,,,Operating,,,Fulton,,,,Sci4GA,-84.35873399999997,33.75479000000006
125,Lumen Doraville 1,6855 Crescent Dr,Atlanta,GA,30340.0,High,,Lumen,,https://baxtel.com/data-center/level3-atlanta-doraville,,,,,,,,33.90809,-84.236206,1760572800000.0,1760572800000.0,,Unknown,,,,,,,,,,,Operating,,,Gwinnett,,,,Sci4GA,-84.23620599999998,33.90809000000007
126,Marrietta Data Center,2812 Spring Road SE (Suite 210),Atlanta,GA,30339.0,High,,Coloblox,,,,,,,,,,33.884117,-84.47229,1760572800000.0,1760572800000.0,,Unknown,,,,,,,,,,,Operating,,,Cobb,,,,Sci4GA,-84.47228999999999,33.88411700000005
127,Microsoft: Project Fulton,Ben Hill Rd,Atlanta,GA,30349.0,Medium,,Microsoft,,https://www.datacenterdynamics.com/en/news/microsoft-buys-125-acre-site-in-fulton-county-georgia/,,,,,,,,33.64121,-84.5167,1750809600000.0,1750809600000.0,,Unknown,,,,,,250000.0,,125.0,$30 million,,Proposed,,,Fulton,,,,Media Monitoring,-84.51669999999996,33.64121000000005
128,Southern Telecom Atlanta,270 Peachtree Street NE,Atlanta,GA,30303.0,High,,Southern Telecom,,https://baxtel.com/data-center/southern-telecom-atlanta,,,,,,,,33.762527,-84.387886,1760572800000.0,1760572800000.0,0.5,Small (0-10 MW),,,,,,,,,,,Operating,,,Fulton,,,,Sci4GA,-84.38788599999998,33.762527000000034
129,Spring Street,1055 Spring Street NW,Atlanta,GA,30309.0,High,,Sunguard,,https://baxtel.com/data-center/sungard-atlanta-1055,,,,,,,,33.78344,-84.38862,1760572800000.0,1760572800000.0,,Unknown,,,,,,,,,,,Operating,,,Fulton,,,,Sci4GA,-84.38861999999996,33.783440000000034
130,Stonewall Tell Data Center,South of South Fulton Parkway and east of Stonewall Tell Road,Atlanta,GA,30349.0,High,,RSC Investment Management LLC,,DRI Application Summary,,,,,,,,33.615124,-84.55222,1760572800000.0,1760572800000.0,,Unknown,,,,,,1902000.0,,,,,Proposed,,,Fulton,,,,Sci4GA,-84.55221999999999,33.61512400000004
131,Vantage: Stacks Rd project,5531 Mallory Rd,Atlanta,GA,30349.0,High,,,,https://www.datacenterdynamics.com/en/news/vantage-files-for-two-data-center-campuses-outside-atlanta-georgia/,,,,,,,,33.60657,-84.5304,1750809600000.0,1750809600000.0,,Unknown,,,,,,696980.0,,,,,Proposed,,,Fulton,,,,Media Monitoring,-84.53039999999999,33.60657000000002
132,Vantage: Westlake Project,6605 Plummer Rd SW,Atlanta,GA,30331.0,High,,,,https://www.datacenterdynamics.com/en/news/vantage-files-for-two-data-center-campuses-outside-atlanta-georgia/,,,,,,,,33.70682,-84.5833,1750809600000.0,1750809600000.0,,Unknown,,,,,,750000.0,,,,,Proposed,,,Fulton,,,,Media Monitoring,-84.58329999999995,33.70682000000004
133,Windstream Atlanta,1593 NE Expressway,Atlanta,GA,30329.0,High,,Windstream,,,,,,,,,,33.835022,-84.32718,1760572800000.0,1760572800000.0,74.84400177,Large (51-100 MW),,,,,,1300.0,,,,,Operating,,,DeKalb,,,,Sci4GA,-84.32717999999994,33.83502200000004
134,T5: Project Eisenhower,2111 Powell Rd,Augusta,GA,30909.0,High,,,,https://www.datacenterdynamics.com/en/news/plans-filed-to-expand-former-t5-campus-site-in-augusta-georgia/,,,,,,,,33.43883,-82.1557,1750809600000.0,1750809600000.0,,Unknown,,,,,,2150000.0,,,,,Approved/Permitted/Under construction,,,Richmond,,,,Media Monitoring,-82.15569999999997,33.43883000000005
135,Amazon data center,unknown location,Barnesville,GA,30204.0,Low,,Amazon,,https://www.blackenterprise.com/amazon-land-development-georgia-da,https://www.wabe.org/amazon-purchases-270-million-land-development-for-data-center-use-outside-of-atlanta/,,,,,,,33.05563,-84.1222,1754697600000.0,1754697600000.0,,Unknown,,,,,,,,985.0,$270 million,,Proposed,,,Lamar,,,,Media Monitoring,-84.12219999999996,33.055630000000065
136,Trammell Crow Company data center,near 1530 US-41,Barnesville,GA,30204.0,Medium,,CBRE,,https://www.datacenterdynamics.com/en/news/cbres-trammell-crow-files-to-develop-12-million-sq-ft-data-center-campus-outside-atlanta-georgia/,,,,,,,,33.104168,-84.009544,1765152000000.0,,,Hyperscale (101-999 MW),,,,,,12000000.0,,1630.0,$8.4 billion,,Unknown,,,Monroe,,,,Media Monitoring,-84.00954399999995,33.10416800000007
137,"QTS ""Project Blue Hole""",,Blakely,GA,39823.0,Low,,,,https://www.developearly.com/post/top-10-most-faq-about-qts-blakely,https://qtsdatacenters.com/data-centers/blakely/,https://www.earlycountynews.com/articles/qts-data-centers-considers-a-location-in-blakely/,,,,,,31.382662,-84.91342,1766534400000.0,,,Unknown,,,0,,Water,,Closed loop,,,,Proposed,,,Early,,,,Crowdsourced,-84.91341999999997,31.382662000000035
138,FOGO Carrollton,340 Tom Reeve Drive,Carrollton,GA,30177.0,High,,FOGO Solutions,,,,,,,,,,33.558292,-85.09067,1760572800000.0,1760572800000.0,,Unknown,,,,,,,,,,,Operating,,,Carroll,,,,Sci4GA,-85.09066999999999,33.55829200000005
139,Project Bunkhouse,14 Taff Rd,Cartersville,GA,30120.0,High,,Gaines Family Land LLC,,https://www.datacenterdynamics.com/en/news/application-filed-for-86-million-sq-ft-data-center-project-outside-atlanta-georgia/,https://apps.dca.ga.gov/DRI/InitialForm.aspx?driid=4433,https://www.ajc.com/news/business/19b-data-center-campus-proposed-northwest-of-atlanta/FPMRPJCYERGXLLAND6IZACSVEM/,,,,,,34.0998,-84.9167,1748131200000.0,1763510400000.0,1830,"Mega campus (>1,000 MW)",,,,12.0,,8600000.0,,,$19 billion,complete by 2035?,Proposed,,,Bartow,,,,Media Monitoring and Sci4GA,-84.91669999999993,34.099800000000066
140,Switch,40 Bates Rd,Cartersville,GA,30120.0,High,,,,https://www.datacenterdynamics.com/en/news/switch-to-invest-772-million-in-second-georgia-campus-outside-atlanta/,,,,,,,,34.11429,-84.7938,1748131200000.0,1748131200000.0,,Unknown,,,,,,,,126.0,$772 million,"complete 2026, full build-out 2046",Unknown,,,Bartow,,,,Media Monitoring,-84.79379999999998,34.11429000000004
141,ATL Data Center,2380 Godby Park,College Park,GA,30349.0,High,,ATL Data Centers LLC,,,,,,,,,,33.614918,-84.467186,1760572800000.0,1760572800000.0,6,Small (0-10 MW),,,,,,40000.0,,,,,Operating,,,Fulton,,,,Sci4GA,-84.46718599999998,33.61491800000004
142,Lumen College Park,4311 Best Rd,College Park,GA,,High,,Lumen,,,,,,,,,,33.63764,-84.458496,1760572800000.0,1760572800000.0,,Unknown,,,,,,,,,,,Operating,,,Fulton,,,,Sci4GA,-84.45849599999997,33.637640000000026
143,Stacks/College Park,4380 Stacks Road,College Park,GA,30349.0,High,,Vantage Data Centers,,https://apps.dca.ga.gov/DRI/AppSummary.aspx?driid=4257,,,,,,,,33.708233,-84.52996,1760572800000.0,1760572800000.0,104.5,Hyperscale (101-999 MW),,,,,,696981.0,,,,,Operating,,,Fulton,,,,Sci4GA,-84.52995999999995,33.70823300000006
144,Union City (ATL11),4810 Stonewall Tell Rd,College Park,GA,30349.0,Medium,,Microsoft,,https://www.datacenterdynamics.com/en/news/21-million-sq-ft-data-center-campus-proposed-outside-atlanta-georgia/,https://apps.dca.ga.gov/DRI/AppSummary.aspx?driid=4235,https://www.datacenterfrontier.com/hyperscale/article/55126626/details-emerge-on-microsofts-18-billion-investment-in-atlanta-data-centers-amid-tax-development-wrangles,,,,,,33.62499,-84.56204,1751673600000.0,1751673600000.0,324,Hyperscale (101-999 MW),,,,,,2100000.0,,,,Developed by Burr Computer Environments,Approved/Permitted/Under construction,,,Fulton,,,,Media Monitoring and Sci4GA,-84.56203999999997,33.62499000000002
145,JMF IXP Farm Colombus,8 Corporate Ridge Pkwy,Columbus,GA,31907.0,High,,JMF Solutions,,,,,,,,,,32.498444,-84.883575,1760572800000.0,1760572800000.0,12.5,Medium (11-50 MW),,,,,,50000.0,,,,,Operating,,,Muscogee,,,,Sci4GA,-84.88357499999995,32.498444000000056
146,DC BLOX Atlanta East Campus,1726 Farmer Road,Conyers,GA,30012.0,High,,DC BLOX,,https://www.dcblox.com/data-centers/rockdale-county-ga-hyperscale-data-center-campus/,https://www.datacenterdynamics.com/en/news/dc-blox-secures-115bn-green-loan-for-atlanta-data-center-development/,,,,,,,33.68936,-84.04566,1760572800000.0,1760572800000.0,216,Hyperscale (101-999 MW),,,,,,1016828.0,,68.0,,,Approved/Permitted/Under construction,,,Rockdale,,,,Media Monitoring and Sci4GA,-84.04565999999994,33.689360000000065
147,Rockdale Technology Park,1975 Sigman Rd,Conyers,GA,30012.0,High,,SDP Aquisitions LLC,,https://www.11alive.com/article/tech/metro-atlanta-data-center-proposed-53-acre-site/85-ac4c267f-95ad-4670-85c6-bdae1b9a337a,,,,,,,,33.68682,-84.05222,1760572800000.0,1760572800000.0,126,Hyperscale (101-999 MW),,,,,,837500.0,,,,,Proposed,,,Rockdale,,,,Sci4GA,-84.05221999999998,33.68682000000006
148,Project Splice (Red Wolf DCD),Old Nesbitt Rd,Cordele,GA,,High,,,,https://www.datacenterdynamics.com/en/news/21-million-sq-ft-technology-campus-proposed-in-southern-georgia/,,,,,,,,31.97113,-83.7316,1756080000000.0,1756080000000.0,,Unknown,,,,7.0,,2100000.0,,,$6 billion,7 buildings plus substation,Proposed,,,Crisp,,,,Media Monitoring,-83.73159999999997,31.971130000000073
149,AWS,Alcovy Rd near Hwy 142,Covington,GA,30014.0,Medium,,Amazon,,https://www.datacenterdynamics.com/en/news/aws-plans-data-center-in-covington-georgia/,,,,,,,,33.63342,-83.833015,1766016000000.0,,,Unknown,,,,,,,,,,,Unknown,,,Newton,,,,Media Monitoring,-83.83301499999999,33.633420000000044
150,Gregory Road Data Center,"Off of Gregory Rd, near Flat Rock Rd",Covington,GA,30014.0,High,,"Universal Planning and Development LLC, JBW Investments, LLC data center",,https://www.ajc.com/news/business/sprawling-data-center-campuses-proposed-south-and-east-of-atlanta/5QKZEN5W45GU5NCHUHGVYX4UUM/,https://www.datacenterdynamics.com/en/news/plans-filed-for-14-million-sq-ft-data-center-campus-outside-atlanta-georgia/,https://www.datacenterdynamics.com/en/news/aws-plans-data-center-in-covington-georgia/,,,,,,33.653538,-83.81398,1760572800000.0,1766016000000.0,360,Hyperscale (101-999 MW),,,,,,1410000.0,,213.0,$5.7 billion,,Proposed,,2027.0,Newton,,,,Sci4GA,-83.81397999999996,33.65353800000001
151,Serverfarm ATL2,10835 Hazelbrand Rd NE,Covington,GA,30014.0,High,,Severfarm,,https://www.datacenterdynamics.com/en/news/serverfarm-plans-natural-gas-powered-data-center-in-georgia/,https://www.timesfreepress.com/news/2025/dec/22/a-new-georgia-data-center-could-be-powered-by/,,,,,,,33.61121,-83.83438,1760572800000.0,1735948800000.0,74.84400177,Large (51-100 MW),,,,,,498960.0,,,,"As of Dec 2025 VoltaGrid has applied to install 33 reciprocating internal combustion engines, or RICE generator units, meant to function 24/7 as the primary power source for this data center",Operating,,,Newton,,,,Sci4GA,-83.83437999999995,33.61121000000003
152,,11240 Brown Bridge Rd,Covington,GA,30014.0,High,,"Atlas Development, LLC",,Porterdale approves new zoning overlay that would allow data centers,,,,,,,,33.586044,-83.9081,1760572800000.0,1760572800000.0,,Unknown,,,,,,1200000.0,,,,,Proposed,,,Newton,,,,Sci4GA,-83.90809999999999,33.58604400000007
153,CORE DALTON 4,2768 Old Tilton Rd,Dalton,GA,,High,,Core Scientific,,https://newschannel9.com/news/local/ai-data-center-to-occupy-10-acres-in-dalton-residents-worry-about-noise-and-disruption?fbclid=IwZXh0bgNhZW0CMTEAAR0qBKoGaPqCaC-SeXxvrxOiIw21X6S2k_Xwys5N4RXZP9MubzNyzEE1q9A_aem_GychPh4WLqAOKhyPihISPQ#,,,,,,,,34.68098,-84.94408,1760572800000.0,1760572800000.0,,Unknown,,,,,,435600.0,,,,,Proposed,,,Whitfield,,,,Sci4GA,-84.94407999999999,34.68098000000003
154,Core Scientific,Old Tilton Rd,Dalton,GA,30721.0,High,,,,https://daltoncitizen.com/2025/03/11/whitfield-county-commissioners-approve-rezoning-for-data-center-despite-opposition/,,,,,,,,34.6883,-84.9408,1744934400000.0,1744934400000.0,,Unknown,,,,,,,,,,"Rumored to be crypto, but Core says just AI",Unknown,,,Whitfield,,,,Media Monitoring,-84.94079999999995,34.68830000000003
155,Dalton,2205 Industrial South Rd,Dalton,GA,30721.0,High,,Core Scientific,,https://www.gem.wiki/Core_Scientific_Whitfield_County_facility,,,,,,,,34.71316,-84.95143,1760572800000.0,1760572800000.0,195,Hyperscale (101-999 MW),,,,,,300000.0,,,,,Operating,,,Whitfield,,,,Sci4GA,-84.95142999999997,34.71316000000007
156,Dalton 3,206 Boring Dr,Dalton,GA,30721.0,High,,Core Scientific,,https://daltoncitizen.com/2025/09/27/dalton-whitfield-joint-development-authority-moves-forward-on-deal-for-data-center/,,,,,,,,34.701214,-84.95039,1760572800000.0,1760572800000.0,142,Hyperscale (101-999 MW),,,,,,87000.0,,,,,Proposed,,,Whitfield,,,,Sci4GA,-84.95038999999997,34.70121400000004
157,Data center,615 South Thornton Avenue,Dalton,GA,30720.0,High,,,,https://invest.jll.com/us/en/listings/special-purpose-facility/8-asset-switch-portfolio,,,,,,,,34.76418,-84.9711,1748304000000.0,1748304000000.0,,Unknown,,,,,,57320.0,,,,,Unknown,,,Whitfield,,,,Media Monitoring,-84.97109999999998,34.76418000000007
158,Atlanta-Douglasville 1,1700 North River Road,Douglasville,GA,30122.0,High,,Flexential,,,,,,,,,,33.73072,-84.61699,1760572800000.0,1760572800000.0,22.5,Medium (11-50 MW),,,,,,205000.0,,,,,Operating,,,Douglas,,,,Sci4GA,-84.61698999999999,33.730720000000076
159,Atlanta-Douglasville 2,1750 North River Road,Douglasville,GA,30122.0,High,,Flexential,,,,,,,,,,33.730686,-84.61119,1760572800000.0,1760572800000.0,36,Medium (11-50 MW),,,,,,358000.0,,,,,Operating,,,Douglas,,,,Sci4GA,-84.61118999999997,33.73068600000004
160,Douglasville Campus,1601 North River Road,Douglasville,GA,30122.0,High,,Microsoft,,https://baxtel.com/data-center/microsoft-douglasville,,,,,,,,33.73178,-84.61917,1760572800000.0,1760572800000.0,150,Hyperscale (101-999 MW),,,,,,1000000.0,,,,,Operating,,,Douglas,,,,Sci4GA,-84.61916999999994,33.731780000000064
161,Vantage data center,Roberts Rd,Douglasville,GA,30135.0,Medium,,,,https://www.datacenterdynamics.com/en/news/vantage-plots-data-center-campus-in-atlanta-georgia/,,,,,,,,33.71054,-84.6269,1750809600000.0,1750809600000.0,,Unknown,,,,,,1700000.0,,,,,Proposed,,,Douglas,,,,Media Monitoring,-84.62689999999998,33.71054000000004
162,Pine Ridge Technology Center,7015 Adams Park Rd,Dry Branch,GA,31020.0,High,AI,Eagle Rock Partners LLC and Thomas & Hutton Engineering,,https://www.13wmaz.com/article/news/local/twiggs/5-billion-data-center-proposed-for-rural-twiggs-county-mixed-reactions/93-8c88256d-72bf-47d8-83b7-992aa21475a1,https://www.13wmaz.com/article/news/local/twiggs-neighbors-fear-5b-proposed-data-center-will-drain-wells-endanger-wilderness/93-32db438f-a736-46b8-a899-d97f891206b4,https://wgxa.tv/news/local/local-farmer-has-growing-concern-over-rezoning-request-for-data-center-in-twiggs-county,https://www.datacenterdynamics.com/en/news/data-center-proposed-in-twiggs-county-georgia/,https://www.twiggscounty.us/wp-content/uploads/2025/08/Pine-Ridge-Data-Center-Facts-Sheet.pdf,https://wgxa.tv/news/local/environmental-advocate-urges-twiggs-county-to-reject-data-center-plans-near-ocmulgee-river,https://www.41nbc.com/twiggs-county-data-center-rezoning-approval/,https://www.41nbc.com/twiggs-county-data-center-rezoning-approval/,32.63236,-83.5072,1756684800000.0,1764115200000.0,900,Hyperscale (101-999 MW),,,,9.0,Water,,,300.0,$5 billion,"Forested land owned by Weyerhaeuser NR Company. Would use 11,250 gal water/day. Strong community opposition.Twiggs County commissioners approved plans to rezone property on Adams Park Road for the data center. Area historically inhabited by the Muscogee Creek Nation",Proposed,,,Twiggs,Yes,,,Media Monitoring and Sci4GA,-83.50719999999994,32.63236000000006
163,East Point Campus,4165 Ben Hill Road,East Point,GA,30349.0,High,,Microsoft,,https://local.microsoft.com/blog/east-point-datacenter-project-overview/,,,,,,,,33.642456,-84.514824,1760572800000.0,1760572800000.0,37.5,Medium (11-50 MW),,,,,,250000.0,,,,,Operating,,,Fulton,,,,Sci4GA,-84.51482399999996,33.64245600000004
164,Clayton Commerce III,4350 E Tanners Church Rd,Ellenwood,GA,30294.0,High,,TA Realty/ EdgeconneX,,https://www.datacenterdynamics.com/en/news/ta-realty-gets-green-light-for-data-center-outside-atlanta-georgia/,https://www.ajc.com/news/2025/06/clayton-county-agency-approves-tax-break-for-1b-data-center/,,,,,,,33.6353,-84.30396,1760572800000.0,1760572800000.0,180,Hyperscale (101-999 MW),,,,,,,,,,,Proposed,,,Clayton,,,,Sci4GA,-84.30395999999996,33.63530000000002
165,Conley Creek,4280 Loveless Pl,Ellenwood,GA,30294.0,High,,Telecad Wireless,,https://www.decaturish.com/business/1-million-square-foot-data-center-proposed-in-south-dekalb/article_360e16a7-a411-4af9-91ed-1d8661aa37a5.html,https://www.datacenterdynamics.com/en/news/rezoning-proposal-for-95-acre-data-center-in-dekalb-county-georgia-deferred/,https://www.decaturish.com/news/dekalb/tensions-flare-at-dekalb-zoning-meeting-about-data-centers/article_46a3dba1-11dd-4b2a-846f-543e3400b51d.html,,,,,,33.64961,-84.294815,1760572800000.0,1763942400000.0,,Unknown,,,,,,1000000.0,,,,,Suspended,,,DeKalb,Yes,,,Sci4GA,-84.29481499999997,33.649610000000045
166,Fairburn Technology Center,8125 Bohannon Drive,Fairburn,GA,30213.0,High,,"Bohannon Road Venture, LLC.",,https://www.datacenterdynamics.com/en/news/large-data-center-campus-planned-outside-atlanta-georgia/,,,,,,,,33.532734,-84.58926,1760572800000.0,1760572800000.0,,Unknown,,,,,,1190000.0,,,,,Proposed,,,Fulton,,,,Sci4GA,-84.58925999999997,33.532734000000055
167,T5 ATL IV,Gullatt Road,Fairburn,GA,30268.0,Medium,,,,https://www.datacenterdynamics.com/en/news/t5-files-to-develop-data-center-campus-outside-atlanta-georgia/,,,,,,,,33.52815,-84.6147,1750723200000.0,1750723200000.0,,Unknown,,,,,,1320000.0,,,,,Proposed,,,Fulton,,,,Media Monitoring,-84.61469999999997,33.52815000000003
168,Atlanta Fayetteville Campus,1435 Hwy 54 West,Fayetteville,GA,30214.0,High,,QTS Data Centers (and Microsoft),,https://apps.dca.ga.gov/DRI/AppSummary.aspx?driid=3813,,,,,,,,33.447083,-84.52227,1760572800000.0,1760572800000.0,500,Hyperscale (101-999 MW),,,,,,27225000.0,,,,,Approved/Permitted/Under construction,,,Fayette,,,,Sci4GA,-84.52226999999995,33.44708300000008
169,Fairwater 2,north of GA-54,Fayetteville,GA,30214.0,High,"AI ""superfactory""",QTS?,Microsoft,https://tech.yahoo.com/ai/copilot/articles/microsoft-reveals-datacenter-atlanta-help-182309564.html,https://www.datacenterdynamics.com/en/news/microsoft-launches-atlanta-fairwater-data-center-two-stories-no-ups-or-gen-sets/,https://roughdraftatlanta.com/2025/11/12/atlanta-fairwater-ai-data-center/,https://epoch.ai/data/data-centers/satellite-explorer/MicrosoftFairwaterFayettevilleGeorgia?ref=404media.co,https://cleanview.co/public/data-centers/georgia/1896/fairwater-2---atlanta,,,,33.46006,-84.523994,1764115200000.0,1767225600000.0,1100,"Mega campus (>1,000 MW)",,,,,,1200000.0,,315.0,,Directly connected to WI Fairwater data center. Uses nearly no water for cooling,Operating,,,Fayette,,,,Media Monitoring,-84.52399399999995,33.46006000000006
170,Project Excalibur (QTS)/ Southeast Data Center (same as Fairwater 2?),GA-54,Fayetteville,GA,30214.0,Medium,,QTS,,https://www.datacenterdynamics.com/en/news/project-excalibur-qts-planning-16-building-66-million-sq-ft-development-in-fayetteville-georgia/,https://www.ledger-enquirer.com/news/environment/article312215145.html,,,,,,,33.44572,-84.536,1748131200000.0,1764547200000.0,250,Hyperscale (101-999 MW),,,,,,6600000.0,,412.0,$1 billion,,Approved/Permitted/Under construction,,,Fayette,Yes,,,Media Monitoring,-84.53599999999994,33.445720000000044
171,ATL 15 and 16 (Ft Gillem),Fort Gillem,Forest Park,GA,30294.0,High,,"Digital Realty (Digital Fort Gillem, LLC)",,Large data center pitched for site of shuttered Forest Park Army depot,,,,,,,,33.61974,-84.329025,1760572800000.0,1760572800000.0,,Unknown,,,,,,1900000.0,,,,,Proposed,,,Clayton,,,,Sci4GA,-84.32902499999994,33.61974000000003
172,Rumble Technology Campus data center,Rumble Rd,Forsyth,GA,31029.0,High,,Google/Cloverleaf Infrastructure,,https://www.datacenterdynamics.com/en/news/12-building-42-million-sq-ft-data-center-campus-proposed-in-georgia/,https://www.datacenterdynamics.com/en/news/google-purchases-950-acres-for-potential-data-center-in-monroe-county-georgia/,https://apps.dca.ga.gov/DRI/AppSummary.aspx?driid=4308,,,,,,32.99113,-83.8368,1750723200000.0,1760486400000.0,,Unknown,,,,12.0,,4200000.0,,900.0,$1.2 billion,originally proposed in September 2024 by Data Core Innovations,Proposed,,,Monroe,,,,Media Monitoring and Sci4GA,-83.83679999999998,32.99113000000006
173,Project Turbo,24000 O’Kelly Rd,Gainesville,GA,30507.0,High,,"Project Turbo, Inc",,https://www.datacenterdynamics.com/en/news/company-files-for-project-turbo-data-center-campus-outside-atlanta-georgia/,https://www.fox5atlanta.com/news/hall-county-tables-vote-massive-data-center-project-after-residents-raise-concerns,https://www.datacenterdynamics.com/en/news/plans-filed-for-six-building-data-center-campus-outside-augusta-georgia/,,,,,,34.226425,-83.78167,1759708800000.0,1768262400000.0,,Hyperscale (101-999 MW),,,,,,900000.0,,145.0,,"Includes new substation. Near high voltage transmission lines. Environmental studies have not been conducted; zoned area does not have adequate water supply (aquaphor), electrical supply, is a partial wetland, and houses historical burial grounds.",Proposed,,,Hall,Yes,,,Media Monitoring and Sci4GA,-83.78166999999996,34.22642500000006
174,Eagle Rock Partners LLC and Thomas & Hutton Engineering data center,near 2349 GA-18,Gordon,GA,31031.0,High,,,,https://www.13wmaz.com/article/news/local/600-acre-data-center-proposed-for-jones-county-faces-early-opposition/93-25e72bf8-9eed-47ae-a351-8b7a05ee723f,,,,,,,,32.91623,-83.382996,1759708800000.0,1759708800000.0,,Hyperscale (101-999 MW),,,,,,1800000.0,,634.0,,,Proposed,,,Jones,,,,Media Monitoring,-83.38299599999993,32.916230000000034
176,Project Spalding,High Falls Rd,Griffin,GA,30224.0,High,,Montana Property Group LLC,,https://www.datacenterdynamics.com/en/news/plans-filed-for-255-million-sq-ft-data-center-campus-outside-atlanta/,https://www.griffindailynews.com/news/spalding-county-resident-raises-alarm-about-a-proposed-data-center-on-high-falls-road/article_ec6873d9-ad5a-5327-b940-fbec3e36b16c.html,https://www.ajc.com/news/business/sprawling-data-center-campuses-proposed-south-and-east-of-atlanta/5QKZEN5W45GU5NCHUHGVYX4UUM/,https://www.datacenterdynamics.com/en/news/application-filed-for-5-million-sq-ft-data-center-campus-outside-atlanta-georgia/,,,,,33.24653,-84.2326,1750723200000.0,1767916800000.0,,Hyperscale (101-999 MW),,,,,,2550000.0,,,,,Approved/Permitted/Under construction,,,Spalding,,,,Media Monitoring and Sci4GA,-84.23259999999993,33.24653000000006
177,Spalding Investments LLC data center,~2038 High Falls Rd,Griffin,GA,30223.0,High,,,,https://www.datacenterdynamics.com/en/news/land-rezoning-for-georgia-data-center-recommended-for-approval/,,,,,,,,33.24212,-84.19505,1767916800000.0,,,Hyperscale (101-999 MW),,,,8.0,,1420000.0,Closed loop,127.0,$1.5 billion,,Proposed,,,Spalding,,,,Media Monitoring,-84.19504999999998,33.24212000000005
178,Wallace Jackson Data Center Campus,5745 Jackson Rd,Griffin,GA,30223.0,High,,,,https://www.datacenterdynamics.com/en/news/application-filed-for-5-million-sq-ft-data-center-campus-outside-atlanta-georgia/,https://apps.dca.ga.gov/DRI/InitialForm.aspx?driid=4599,,,,,,,33.273514,-84.12198,1767916800000.0,,,"Mega campus (>1,000 MW)",,,,10.0,,4986000.0,,190.0,,,Proposed,,,Spalding,,,,Media Monitoring,-84.12197999999995,33.27351400000003
179,0 Rocky Creek (Red Wolf DCD),GA-20 & Rocky Creek Rd,Hampton,GA,30228.0,High,,,,https://www.datacenterdynamics.com/en/news/125-million-sq-ft-data-center-proposed-outside-atlanta-georgia,,,,,,,,33.40101,-84.2243,1748304000000.0,1748304000000.0,,Unknown,,,,,,1250000.0,,,,launch 2028,Proposed,,,Henry,,,,Media Monitoring,-84.22429999999997,33.401010000000035
180,Hampton Data Center,North of I-20 at McDonough St,Hampton,GA,30228.0,High,,Southeast Property Holdings LLC,,https://henryga.news/2025/03/28/data-center-approved-to-locate-off-georgia-20-in-hampton/,,,,,,,,33.384445,-84.26329,1760572800000.0,1760572800000.0,,Unknown,,,,,,585000.0,,,,,Proposed,,,Henry,,,,Sci4GA,-84.26328999999998,33.38444500000002
181,Rocky Creek,SE intersection of Rocky Creek Road and GA Highway 20 W,Hampton,GA,30228.0,High,,"Red Wolf DCD Properties, LLC",,DRI Application Summary,,,,,,,,33.40127,-84.22438,1760572800000.0,1760572800000.0,,Unknown,,,,,,1253752.0,,,,,Proposed,,,Henry,,,,Sci4GA,-84.22437999999994,33.40127000000005
182,Hogansville Data Center,Hightower Rd,Hogansville,GA,30230.0,Medium,,,,https://www.gpb.org/news/2025/11/26/why-are-troup-county-residents-saying-no-600-mw-data-center-in-hogansville,https://www.nytimes.com/2025/11/30/us/politics/data-centers-electric-bills-georgia.html,https://www.lagrangenews.com/news/hogansville-residents-protest-against-proposed-data-center-c8f47f93,,,,,,33.14624,-84.94037,1764547200000.0,1764460800000.0,600,Hyperscale (101-999 MW),,,,,,,,437.0,$300 million,Property sale is contingent upon the land being rezoned from residential to industrial property. Troup County Board of Commissioners enacted a 90-day moratorium to address new data center projects following public concerns,Proposed,,,Troup,Yes,https://www.facebook.com/groups/24200940622890970/,,Media Monitoring,-84.94036999999997,33.146240000000034
183,River Park,Logistics Pkwy,Jackson,GA,30233.0,High,,"Interstate Health Systems, LLC",,https://www.ajc.com/business/2025/10/10b-hospital-project-backed-by-burt-jones-includes-sea-of-data-centers/,,,,,,,,33.276512,-84.09031,1760572800000.0,1760572800000.0,,Unknown,,,,,,11000000.0,,,,,Proposed,,,Butts,,,,Sci4GA,-84.09030999999999,33.27651200000002
184,Project SpringBank,Horseshoe Loop and Barnsley Gardens Road,Kingston,GA,30145.0,High,,Atlas Development LLC,,https://www.ajc.com/news/business/45b-project-springbank-joins-metro-atlantas-data-center-pipeline/2ZNPEXHMIZBXNPKIPWHJZ4FLH4/,,,,,,,,34.301624,-84.96055,1760572800000.0,1760572800000.0,432,Hyperscale (101-999 MW),,,,,,379000.0,,,,,Proposed,,,Bartow,,,,Sci4GA,-84.96054999999996,34.30162400000006
185,LGA-1,411 Pegasus Parkway,LaGrange,GA,30240.0,High,,Form8tion (Thor Equities),,https://www.form8tion.net/wp-content/uploads/2024/12/Form8tion-LGA1.pdf,https://www.datacenterdynamics.com/en/news/thor-equities-buys-270-acres-in-georgia-for-data-center/,,,,,,,32.98697,-85.05588,1760572800000.0,1763251200000.0,,Hyperscale (101-999 MW),,,,,,,,271.0,,,Operating,,,Troup,,,,Sci4GA,-85.05587999999995,32.986970000000035
186,Project West,Interstate 85 and Hamilton Rd,LaGrange,GA,30240.0,High,,Economic Impact Group LLC,,https://www.fox5atlanta.com/news/data-center-campus-proposed-troup-county-jobs,,,,,,,,32.96313,-85.0219,1760572800000.0,1760572800000.0,600,Hyperscale (101-999 MW),,,,,,1500000.0,,,,,Proposed,,,Troup,,,,Sci4GA,-85.02189999999996,32.96313000000003
187,Amazon,near Van Mar Blvd and High Falls Road,Lamar County,GA,,Medium,,Amazon,,https://www.datacenterdynamics.com/en/news/amazon-acquires-1000-acres-of-land-outside-atlanta-georgia/,,,,,,,,33.1795,-84.0563,1754438400000.0,1754438400000.0,,Unknown,,,,,,19000000.0,,985.0,$270 million,"Industrial zoning, likely data center",Proposed,,,Lamar,,,,Media Monitoring and Sci4GA,-84.05629999999996,33.17950000000006
188,Data Bank ATL5 (Litha Springs),4764 Bakers Ferry Rd SW,Litha Springs,GA,30122.0,High,,DataBank,,https://www.databank.com/data-centers/atlanta/lithia-springs/atl5/,,,,,,,,33.7474,-84.5403,1760572800000.0,1760572800000.0,72,Large (51-100 MW),,,,,,240000.0,,,,,Proposed,,,Fulton,,,,Sci4GA,-84.54029999999993,33.74740000000003
189,Switch Atlanta,1 Switch Way,Lithia,GA,30122.0,High,,Switch,,,,,,,,,,33.770504,-84.590355,1760572800000.0,1760572800000.0,110,Hyperscale (101-999 MW),,,,,,1000000.0,,,,,Operating,,,Cobb,,,,Sci4GA,-84.59035499999999,33.770504000000074
190,Atlanta ATL11,101 Aquila Way,Lithia Springs,GA,30122.0,High,,Digital Realty,,https://www.datacenterdynamics.com/en/news/digital-realty-files-to-develop-two-building-campus-outside-atlanta-georgia/,https://go2.digitalrealty.com/rs/087-YZJ-646/images/DS_Digital_Realty_2401_ATL11_Property_Factsheet_EN.pdf?_ga=2.250737478.1597358513.1726764384-1666570387.1726591142,,,,,,,33.74681,-84.5797,1749081600000.0,1749081600000.0,,Unknown,,,,,,313000.0,,,,,Operating,,,Douglas,,,,Media Monitoring and Sci4GA,-84.57969999999995,33.746810000000046
191,Atlanta ATL1a,375 Riverside Parkway Suite 100,Lithia Springs,GA,30122.0,High,,Centersquare,,,,,,,,,,33.74414,-84.581215,1760572800000.0,1760572800000.0,6.800000191,Small (0-10 MW),,,,,,137203.0,,,,,Operating,,,Douglas,,,,Sci4GA,-84.58121499999997,33.744140000000066
192,Atlanta ATL1b,375 Riverside Parkway Suite 200,Lithia Springs,GA,30122.0,High,,Centersquare,,,,,,,,,,33.74414,-84.581215,1760572800000.0,1760572800000.0,18,Medium (11-50 MW),,,,,,137203.0,,,,,Operating,,,Douglas,,,,Sci4GA,-84.58121499999997,33.744140000000066
193,DC BLOX Atlanta West Campus,1701 North River Road,Lithia Springs,GA,30122.0,High,,DC BLOX,,,,,,,,,,33.733944,-84.615234,1760572800000.0,1760572800000.0,120,Hyperscale (101-999 MW),,,,,,1250000.0,,,,,Operating,,,Douglas,,,,Sci4GA,-84.61523399999999,33.73394400000006
194,Google,300 Riverside Parkway,Lithia Springs,GA,30122.0,High,,Google,,https://baxtel.com/data-center/google-douglas-county-georgia,,,,,,,,33.749466,-84.584785,1760572800000.0,1760572800000.0,78,Large (51-100 MW),,,,,,1300000.0,,,,,Operating,,,Douglas,,,,Sci4GA,-84.58478499999995,33.74946600000004
195,Microsoft: FTY101,1601 N River Rd,Lithia Springs,GA,30122.0,High,,Microsoft,,https://www.datacenterdynamics.com/en/news/microsoft-aiming-to-build-1-million-sq-ft-data-center-in-douglasville-ga-for-east-us-3/,,,,,,,,33.7318,-84.6192,1750809600000.0,1750809600000.0,,Unknown,,,,,,1000000.0,,160.0,,,Proposed,,,Douglas,,,,Media Monitoring,-84.61919999999998,33.73180000000007
196,PWC Lithia Springs,2480 Rock House Rd,Lithia Springs,GA,30122.0,High,,PricewaterhouseCoopers,,https://baxtel.com/data-center/pwc-lithia-springs,,,,,,,,33.74222,-84.59638,1760572800000.0,1760572800000.0,,Unknown,,,,,,,,,,,Operating,,,Douglas,,,,Sci4GA,-84.59637999999995,33.742220000000025
197,Rock House Road Data Center,1971 Rock House Rd,Lithia Springs,GA,30122.0,High,,Amazon (Taylor Mathis),,https://www.datacenterdynamics.com/en/news/t5-requests-permission-for-3-million-sq-ft-campus-outside-atlanta-georgia/,https://apps.dca.ga.gov/DRI/AppSummary.aspx?driid=4078,,,,,,,33.749,-84.6093,1750723200000.0,1750723200000.0,,Unknown,,,,,,1465000.0,,,,,Proposed,,,Douglas,,,,Media Monitoring and Sci4GA,-84.60929999999996,33.749000000000024
198,STACK Atlanta ATL02,808 Factory Shoals Rd,Lithia Springs,GA,30122.0,High,,STACK Infrastructure,,https://www.datacenterdynamics.com/en/news/stack-files-to-build-two-more-data-centers-outside-atlanta-georgia/,https://baxtel.com/data-center/stack-atlanta-atl02,https://www.stackinfra.com/locations/americas/atlanta/atl02/,,,,,,33.76018,-84.6017,1748131200000.0,1748131200000.0,160,Hyperscale (101-999 MW),,,,,,300000.0,,64.0,,,Approved/Permitted/Under construction,,,Douglas,,,,Media Monitoring and Sci4GA,-84.60169999999994,33.76018000000004
199,Switch Atlanta: The Keep Campus,580 Douglas Hills Rd,Lithia Springs,GA,30122.0,High,,Switch SUPERNAP,,https://www.switch.com/atlanta/?utm_source=google&utm_medium=Yext,,,,,,,,33.756165,-84.59596,1760572800000.0,1760572800000.0,150,Hyperscale (101-999 MW),,,,,,1000000.0,,,,,Operating,,,Douglas,,,,Sci4GA,-84.59595999999992,33.75616500000007
200,T5 @ Atlanta III,1456 Trae Lane,Lithia Springs,GA,30122.0,High,,T5,,https://apps.dca.ga.gov/DRI/AppSummary.aspx?driid=3747,https://www.datacenterdynamics.com/en/news/t5-requests-permission-for-3-million-sq-ft-campus-outside-atlanta-georgia/,,,,,,,33.763447,-84.604774,1760572800000.0,1760572800000.0,300,Hyperscale (101-999 MW),,,,,,1600000.0,,80.0,,,Operating,,,Douglas,,,,Media Monitoring and Sci4GA,-84.60477399999996,33.76344700000004
201,Bolingbroke Technology Campus,,Macon,GA,31220.0,High,,,,https://www.datacenterdynamics.com/en/news/900mw-data-center-campus-proposed-outside-macon-georgia/,https://www.datacenterdynamics.com/en/news/rezoning-proposal-for-12gw-data-center-campus-outside-macon-georgia-denied-recommendation-for-approval/,,,,,,,32.94087,-83.8188,1754092800000.0,1754092800000.0,900,Hyperscale (101-999 MW),,,,,,5400000.0,,,,,Suspended,,,Monroe,,,,Media Monitoring,-83.81879999999995,32.94087000000007
202,Stream Data Center,Access is proposed to be from Jason Industrial Pkwy and N Baggett Rd,Macon,GA,31217.0,High,,"SDC ATLA, LLC",,DRI Application Summary,,,,,,,,33.738323,-84.80737,1760572800000.0,1760572800000.0,,Unknown,,,,,,2687400.0,,,,,Proposed,,,Douglas,,,,Sci4GA,-84.80736999999995,33.73832300000003
203,Atlanta AT2,1130 Powers Ferry Place,Marietta,GA,30067.0,High,,CoreSite (American Tower),,https://baxtel.com/data-center/datasite-atlanta,,,,,,,,33.925495,-84.48163,1760572800000.0,1760572800000.0,2,Small (0-10 MW),,,,,,,,,,,Operating,,,Cobb,,,,Sci4GA,-84.48162999999994,33.925495000000076
204,Grindcap,Bells Ferry Rd,Marietta,GA,30066.0,High,,,,https://www.datacenterdynamics.com/en/news/108mw-data-center-campus-granted-zoning-approval-outside-atlanta-georgia/,,,,,,,,33.99401,-84.5527,1750291200000.0,1750291200000.0,108,Hyperscale (101-999 MW),,,,,,,,31.0,,,Proposed,,,Cobb,,,,Media Monitoring,-84.55269999999996,33.99401000000006
205,,1751 Bells Ferry Rd,Marietta,GA,30066.0,High,,MMM Acquisitions,,Marietta City Council approves plan for 31-acre data center,,,,,,,,33.994106,-84.552986,1760572800000.0,1760572800000.0,,Unknown,,,,,,347200.0,,,,,Proposed,,,Cobb,,,,Sci4GA,-84.55298599999999,33.99410600000004
206,Northern Data,,Maysville,GA,30558.0,Medium,,,,https://www.datacenterdynamics.com/en/news/northern-data-to-develop-120mw-hpc-data-center-in-georgia/,,,,,,,,34.2525,-83.5614,1749427200000.0,1749427200000.0,120-180,Unknown,,,,,,,,63.0,,,Proposed,,,Jackson,,,,Media Monitoring,-83.56139999999994,34.25250000000005
207,Central Coweta Industrial Phase II,between Amlajack Boulevard and Coweta Industrial Parkway,Newnan,GA,30265.0,High,,"Central Coweta Industrial LLC, Brent Holdings",,https://www.times-herald.com/news/new-proposed-4-billion-data-center-development-under-review-in-coweta/article_2fad1ded-9f1c-4b67-9be1-29a4f027a3d3.html,,,,,,,,33.42518,-84.72857,1760572800000.0,1760572800000.0,,Unknown,,,,,,24000000.0,,,,,Proposed,,,Coweta,,,,Sci4GA,-84.72856999999999,33.42518000000006
208,Project Sail,1534 Welcome Sargent Rd,Newnan,GA,30263.0,High,,Atlas Development LLC,,https://www.datacenterdynamics.com/en/news/project-sail-data-center-newnan-atlanta-georgia/,https://www.ajc.com/news/business/project-sail-a-17b-data-center-project-pitched-south-of-atlanta/D33GKROJBJEEPATVVCT3OVZR2Q/,,,,,,,33.43413,-84.8768,1763510400000.0,1748131200000.0,936,Hyperscale (101-999 MW),,,,13.0,,4900000.0,,832.0,$17 billion,Project on hold because of moratorium,Suspended,,,Coweta,Yes,https://stopsail.com/,,Media Monitoring and Sci4GA,-84.87679999999995,33.43413000000003
209,T5 @ Atlanta IV,299 Palmetto Tyrone Road,Newnan,GA,30265.0,High,,T5,,https://apps.dca.ga.gov/DRI/AppSummary.aspx?driid=4079,,,,,,,,33.49088,-84.66487,1760572800000.0,1760572800000.0,200,Hyperscale (101-999 MW),,,,,,2950000.0,,,,,Operating,,,Coweta,,,,Sci4GA,-84.66486999999994,33.490880000000054
210,Atlanta-Norcross,2775 Northwoods Parkway NW,Norcross,GA,30071.0,High,,Flexential,,https://baxtel.com/data-center/flexential-atlanta-norcross,,,,,,,,33.95475,-84.198616,1760572800000.0,1760572800000.0,1.799999952,Small (0-10 MW),,,,,,32740.0,,,,,Operating,,,Gwinnett,,,,Sci4GA,-84.19861599999996,33.95475000000003
211,Equinix Atlanta AT5,2836 Peterson Place NW,Norcross,GA,30071.0,High,,Equinix,,,,,,,,,,33.938904,-84.2272,1760572800000.0,1760572800000.0,,Unknown,,,,,,21334.0,,,,,Operating,,,Gwinnett,,,,Sci4GA,-84.22719999999998,33.93890400000003
212,Gregory Road Data Center,Gregory Rd and Flat Rock Rd,Oxford,GA,30054.0,Medium,,,,https://www.datacenterdynamics.com/en/news/plans-filed-for-14-million-sq-ft-data-center-campus-outside-atlanta-georgia/,,,,,,,,33.65342,-83.8231,1750723200000.0,1750723200000.0,,Unknown,,,,,,1400000.0,,213.0,,,Proposed,,,Newton,,,,Media Monitoring,-83.82309999999995,33.65342000000004
213,Palmetto Campus,8600 Tatum Rd,Palmetto,GA,30268.0,High,,Microsoft,,https://apps.dca.ga.gov/DRI/AppSummary.aspx?driid=3576,,,,,,,,33.52662,-84.636375,1760572800000.0,1760572800000.0,37.5,Medium (11-50 MW),,,,,,250000.0,,,,,Operating,,,Fulton,,,,Sci4GA,-84.63637499999999,33.52662000000003
214,Project Peach,300 Johnston Circle,Palmetto,GA,30263.0,High,,"North Coweta Investors, LLC",,https://www.datacenterdynamics.com/en/news/strategic-files-for-21m-sq-ft-data-center-campus-outside-atlanta-georgia/,https://apps.dca.ga.gov/DRI/AppSummary.aspx?driid=4301,,,,,,,33.50277,-84.6692,1750809600000.0,1750809600000.0,,Unknown,,,,,,2100000.0,,,,,Proposed,,,Coweta,,,,Media Monitoring and Sci4GA,-84.66919999999999,33.50277000000006
215,T5,Palmetto Tyrone Rd,Palmetto,GA,30122.0,High,,,,https://www.datacenterdynamics.com/en/news/t5-requests-permission-for-3-million-sq-ft-campus-outside-atlanta-georgia/,,,,,,,,33.49292,-84.6615,1750723200000.0,1750723200000.0,,Unknown,,,,,,3000000.0,,,,,Proposed,,,Coweta,,,,Media Monitoring,-84.66149999999999,33.49292000000002
216,Data center,Floyd County,Rome,GA,30161.0,Medium,,,,https://www.datacenterdynamics.com/en/news/data-center-planned-on-114-acre-plot-in-rome-georgia/,,,,,,,,34.2664,-85.3029,1748131200000.0,1748131200000.0,,Unknown,,,,,,,,114.0,,,Unknown,,,Floyd,,,,Media Monitoring,-85.30289999999997,34.266400000000026
217,Project Firecracker (Microsoft),Huffaker Rd,Rome,GA,30161.0,Medium,,Microsoft,,https://www.datacenterdynamics.com/en/news/microsoft-to-develop-350-acre-data-center-campus-in-rome-georgia/,,,,,,,,34.30175,-85.3087,1748131200000.0,1748131200000.0,,Unknown,,,,,,,,350.0,$1 billion,,Unknown,,,Floyd,,,,Media Monitoring,-85.30869999999999,34.301750000000034
218,Project Gracie (Atlas Development),Vann Rd NW,Rome,GA,30161.0,Medium,,,,https://www.datacenterdynamics.com/en/news/atlas-plans-24-million-sq-ft-data-center-campus-outside-rome-georgia/,,,,,,,,34.26722,-85.2995,1748217600000.0,1748217600000.0,,Unknown,,,,7.0,,2400000.0,,,,,Unknown,,,Floyd,,,,Media Monitoring,-85.29949999999997,34.26722000000006
219,Project Sassy,Plainville Rd NE & Hwy 53,Rome,GA,30161.0,High,,,,https://www.datacenterdynamics.com/en/news/atlas-named-as-developer-on-project-sassy-in-rome-georgia/,,,,,,,,34.36917,-85.0482,1748131200000.0,1748131200000.0,504,Hyperscale (101-999 MW),,,,,,2490000.0,,,,,Unknown,,,Floyd,,,,Media Monitoring,-85.04819999999995,34.369170000000054
220,Rome Campus,Huffaker Road NW,Rome,GA,30165.0,High,,Microsoft,,https://www.datacenterdynamics.com/en/news/microsoft-to-develop-350-acre-data-center-campus-in-rome-georgia/,,,,,,,,34.300987,-85.30927,1760572800000.0,1760572800000.0,,Unknown,,,,,,,,,,,Proposed,,,Floyd,,,,Sci4GA,-85.30926999999997,34.30098700000006
221,Athens Shoals Crossing Data Center,0 Voyles Rd / 105 Old Elberton Rd,Shoals Crossing,GA,30601.0,High,,Brasfield & Gorrie,,https://www.accgov.com/CivicSend/ViewMessage/message/206304,,,,,,,,33.988262,-83.30194,1760572800000.0,1760572800000.0,,Unknown,,,,,,75000.0,,,,,Proposed,,,Clarke,,,,Sci4GA,-83.30193999999995,33.98826200000006
222,Smyrna GA2,5600 United Drive,Smyrna,GA,30082.0,High,,365 Data Centers,,https://365datacenters.com/wp-content/uploads/2023/05/365_CUTSHEET_FINAL_SMYRNA_V3.pdf,,,,,,,,33.841206,-84.522415,1760572800000.0,1760572800000.0,4,Small (0-10 MW),,,,,,100000.0,,,,,Operating,,,Cobb,,,,Sci4GA,-84.52241499999997,33.84120600000005
223,Verizon Atlanta,4000 Highland Parkway SE,Smyrna,GA,30082.0,High,,Verizon Communications Inc.,,,,,,,,,,33.8291,-84.503174,1760572800000.0,1760572800000.0,1.330000043,Small (0-10 MW),,,,,,,,,,,Operating,,,Cobb,,,,Sci4GA,-84.50317399999996,33.82910000000004
224,Data Center - 0 Social Circle Parkway,0 Social Circle Pkwy,Social Circle,GA,30025.0,High,,"Sailfish Investors Acquisitions, LLC",,DRI Application Summary,,,,,,,,33.664944,-83.68987,1760572800000.0,1760572800000.0,,Unknown,,,,,,,,,,,Proposed,,,Walton,,,,Sci4GA,-83.68986999999998,33.66494400000005
225,Stanton Springs Data Center (Newton) Data Center,100 Move Fast Way,Social Circle,GA,30025.0,High,,Meta,,https://plateauexcavation.com/projects/newton-data-center/,https://www.bgr.com/1990532/meta-new-aid-data-center-size-70-football-fields-residents-scared-water/,,,,,,,33.60278,-83.698616,1760486400000.0,1760486400000.0,,Hyperscale (101-999 MW),,,,,Air,2500000.0,,285.0,$1 billion,"local water supply complaints, 2 campuses",Operating,Expansion,,Newton,Yes,,,Media Monitoring and Sci4GA,-83.69861599999997,33.602780000000045
226,Westlake,Plumber Road SW & Riverside Dr SW,South Fulton,GA,30331.0,High,,Vantage Data Centers,,https://apps.dca.ga.gov/DRI/AppSummary.aspx?driid=4256,,,,,,,,33.708332,-84.584564,1760572800000.0,1760572800000.0,113,Hyperscale (101-999 MW),,,,,,754221.0,,,,,Operating,,,Fulton,,,,Sci4GA,-84.58456399999994,33.70833200000003
227,Edge Presence,695 Brannen St,Statesboro,GA,30461.0,High,,Ubiquity,,,,,,,,,,32.43269,-81.76039,1760572800000.0,1760572800000.0,0.1,Small (0-10 MW),,,,,,360.0,,,,,Operating,,,Bulloch,,,,Sci4GA,-81.76038999999997,32.43269000000003
228,ATL1 - Atlanta Data Center,305 Satellite Blvd,Suwanee,GA,30024.0,High,,Server Farm Realty,,https://baxtel.com/data-center/server-farm-atlanta,,,,,,,,34.03615,-84.06378,1760572800000.0,1760572800000.0,12,Medium (11-50 MW),,,,,,153000.0,,,,,Operating,,,Gwinnett,,,,Sci4GA,-84.06377999999995,34.03615000000007
229,Atlanta Suwanee DC1,300 Satellite Boulevard NW,Suwanee,GA,30024.0,High,,QTS Data Centers,,https://baxtel.com/data-center/qts-atlanta-suwanee,https://qtsdatacenters.com/data-centers/suwanee-1/,,,,,,,34.035347,-84.06126,1760572800000.0,1760572800000.0,26,Medium (11-50 MW),,,,,,385000.0,,,,,Operating,,,Gwinnett,,,,Sci4GA,-84.06125999999995,34.03534700000006
230,Atlanta Suwanee DC2,120 Satellite Boulevard NW,Suwanee,GA,30024.0,High,,QTS Data Centers,,https://qtsdatacenters.com/data-centers/suwanee-1/,https://qtsdatacenters.com/data-centers/suwanee-1/,,,,,,,34.03704,-84.05765,1760572800000.0,1760572800000.0,30,Medium (11-50 MW),,,,,,376900.0,,,,,Operating,,,Gwinnett,,,,Sci4GA,-84.05764999999997,34.03704000000005
231,Upson County Megasite,795 Windsweep Farm Road,Thomaston,GA,30286.0,High,,Dominion Capital,,https://share.google/8BEoDdGqZgnG90m4o,,,,,,,,32.885147,-84.24026,1760572800000.0,1760572800000.0,,Unknown,,,,,,3250000.0,,,,,Proposed,,,Upson,,,,Sci4GA,-84.24025999999998,32.885147000000075
232,"""Project Azalea""",2660-2358 Randall Hunt Rd,Thomson,GA,30824.0,High,,,,https://www.datacenterdynamics.com/en/news/plans-filed-for-six-building-data-center-campus-outside-augusta-georgia/,,,,,,,,33.453014,-82.39851,1768262400000.0,,,Unknown,,,,6.0,,,,200.0,,,Proposed,,2029.0,McDuffie,,,,Media Monitoring,-82.39850999999999,33.45301400000005
233,Project Rita Campus,2008 Joel Cowan Parkway,Tyrone,GA,30290.0,High,,Fayette County Development Authority,,https://apps.dca.ga.gov/DRI/AppSummary.aspx?driid=4094,,,,,,,,33.517883,-84.57948,1760572800000.0,1760572800000.0,96,Large (51-100 MW),,,,,,1000000.0,,,,,Operating,,,Fayette,,,,Sci4GA,-84.57947999999999,33.51788300000004
234,ATL03/Red Oak,7170 Red Oak Rd,Union City,GA,30291.0,High,,"TA Realty LLC, Brightstar Commercial Properties LLC",,https://www.datacenterdynamics.com/en/news/ta-realty-files-for-1-million-sq-ft-data-center-campus-outside-atlanta-georgia/,https://apps.dca.ga.gov/DRI/AppSummary.aspx?driid=4315,,,,,,,33.56321,-84.5129,1750723200000.0,1750723200000.0,150,Hyperscale (101-999 MW),,,,,,1000000.0,,,,,Proposed,,,Fulton,,,,Media Monitoring and Sci4GA,-84.51289999999995,33.563210000000026
235,Union City Data Center,State Route 138 and Buffington Road,Union City,GA,30291.0,High,,,,https://share.newsbreak.com/f5k7f69n?s=i3,,,,,,,,33.562943,-84.5134,1760572800000.0,1760572800000.0,,Unknown,,,,,,,,,,,Proposed,,,Fulton,,,,Sci4GA,-84.5134,33.56294300000007
236,Valdosta Data Center,Near 4107 Quail Hollow cir,Valdosta,GA,31602.0,High,,Langdale Capital Assets,,,,,,,,,,30.885855,-83.32822,1760572800000.0,1760572800000.0,,Unknown,,,,,,,,,,,Proposed,,,Lowndes,,,,Sci4GA,-83.32821999999999,30.885855000000046
237,Atlas,S. Van Wert Rd and NE Hickory Level Rd,Villa Rica,GA,30180.0,Medium,,,,https://www.datacenterdynamics.com/en/news/atlas-files-for-428-acre-technology-and-data-park-outside-atlanta-georgia/,,,,,,,,33.70841,-84.9497,1748217600000.0,1748217600000.0,,Unknown,,,,,,,,,,,Unknown,,,Carroll,,,,Media Monitoring,-84.94969999999995,33.70841000000008
238,Avemore,55 & Goldworth Rd,Villa Rica,GA,30180.0,High,,Atlanta Development,,"Atlas files for 428-acre technology and data park outside Atlanta, Georgia - DCD",,,,,,,,33.704422,-84.940254,1760572800000.0,1760572800000.0,,Unknown,,,,,,350000.0,,,,,Proposed,,,Carroll,,,,Sci4GA,-84.940254,33.70442200000007
239,Avemore GA LLC data center,55 Goldworth Rd,Villa Rica,GA,30180.0,High,,,,https://cms2.revize.com/revize/villaricaga/Documents/Government/Boards%20and%20Committees/Planning%20and%20Zoning/2024/Agenda/PlanningandZoningCommissionPacket08-20-24031218092024PM1371.pdf,https://www.datacenterdynamics.com/en/news/atlas-files-for-428-acre-technology-and-data-park-outside-atlanta-georgia/,,,,,,,33.70459,-84.94,1748217600000.0,1748217600000.0,,Unknown,,,,,,350000.0,,428.0,$5-7 billion,,Unknown,,,Carroll,,,,Media Monitoring,-84.93999999999994,33.70459000000006
240,Hickman Property,I-20 and Clinton Rd,Villa Rica,GA,30180.0,High,,East Village Donthan LLC,,https://www.govtech.com/artificial-intelligence/atlanta-data-center-would-be-larger-than-mall-of-georgia,,,,,,,,33.707703,-84.86278,1760572800000.0,1760572800000.0,,Unknown,,,,,,6200000.0,,,,,Proposed,,,Douglas,,,,Sci4GA,-84.86277999999999,33.70770300000004
241,Data center: Robins Air Force Base (3 sites),,Warner Robins,GA,31098.0,Medium,,,,https://www.datacenterdynamics.com/en/news/us-department-of-the-air-force-accepting-proposals-for-ai-data-centers-in-military-bases/,,,,,,,,32.6389,-83.592094,1761004800000.0,1761004800000.0,,Unknown,,,,,,,,,,,Proposed,,,Houston,,,,Media Monitoring,-83.59209399999996,32.638900000000035
242,Atlanta West (Stream Data Center)/ DC Blox,Between N. Baggett Rd and Jason Industrial Pkwy,Winston,GA,30187.0,Medium,,,,https://www.datacenterdynamics.com/en/news/stream-files-for-13-million-sq-ft-data-center-campus-outside-atlanta-georgia/,https://www.datacenterdynamics.com/en/news/dc-blox-secures-115bn-green-loan-for-atlanta-data-center-development/,,,,,,,33.73446,-84.8097,1756080000000.0,1756080000000.0,240,Hyperscale (101-999 MW),,,,9.0,,1300000.0,,,,2 substations,Proposed,,,Douglas,,,,Media Monitoring,-84.80969999999996,33.73446000000006
243,"West Atlanta, GA (ATL) Campus",,Winston,GA,30187.0,High,,Stream Data Center,,https://apps.dca.ga.gov/DRI/AppSummary.aspx?driid=4334,,,,,,,,33.739944,-84.80678,1760572800000.0,1760572800000.0,240,Hyperscale (101-999 MW),,,,,,1343700.0,,,,,Operating,,,Douglas,,,,Sci4GA,-84.80677999999995,33.73994400000003
244,Eagle Rock Jones County,approximately 3 miles southwest of the intersection of Highway 49 and Highway 18,,GA,,High,,Eagle Rock Partners LLC and Thomas & Hutton Engineering,,https://www.13wmaz.com/article/news/local/600-acre-data-center-proposed-for-jones-county-faces-early-opposition/93-25e72bf8-9eed-47ae-a351-8b7a05ee723f#,,,,,,,,32.91274,-83.472046,1760572800000.0,1760572800000.0,900,Hyperscale (101-999 MW),,,,,,,,,,,Suspended,,,Jones,Yes,https://www.facebook.com/groups/1699215814102745/,,Sci4GA,-83.47204599999999,32.912740000000035
245,Applied Digital,~1260 Fallow Ave,Adair,IA,50002.0,High,,,,https://www.datacenterdynamics.com/en/news/applied-digital-faces-opposition-to-planned-data-center-in-adair-county-iowa/,,,,,,,,41.46419,-94.6051,1749427200000.0,1749427200000.0,200,Hyperscale (101-999 MW),,,,,,,,,,,Proposed,,,Adair,,,,Media Monitoring,-94.60509999999994,41.46419000000002
246,Edged DSM01-1 data center,9100 SE Four Mile Dr,Ankeny,IA,50021.0,High,,,,https://www.datacenterdynamics.com/en/news/edged-announces-13mw-data-center-outside-des-moines-iowa/,https://www.edged.us/des-moines,,,,,,,41.65646,-93.5616,1749859200000.0,1764460800000.0,13.2,Medium (11-50 MW),,,,,,100000.0,,17.0,$187 million,,Approved/Permitted/Under construction,,,Polk,,,,Media Monitoring,-93.56159999999994,41.65646000000003
247,Google,5420 Edgewood Rd SW,Cedar Rapids,IA,52404.0,High,AI,Google,,https://corridorbusiness.com/google-plans-special-investment-announcement-in-cedar-rapids-may-30/,https://www.datacenterdynamics.com/en/news/560-acre-data-center-campus-proposed-in-cedar-rapids-iowa/,,,,,,,41.90651,-91.7155,1748044800000.0,1748044800000.0,,Unknown,,,,,,,,,$576 million,,Proposed,,,Linn,,,,Media Monitoring,-91.71549999999996,41.90651000000003
248,Edged data center,2130 E Kanesville Blvd,Council Bluffs,IA,51503.0,High,,,,https://www.datacenterdynamics.com/en/news/edged-reduces-scope-of-planned-data-center-campus-in-council-bluffs-iowa/,,,,,,,,41.27521,-95.8246,1749427200000.0,1764460800000.0,200,Hyperscale (101-999 MW),,,,2.0,,570000.0,,,,,Proposed,,,Pottawattamie,,,,Media Monitoring,-95.82459999999998,41.27521000000008
249,Google,1430 Veterans Memorial Hwy,Council Bluffs,IA,51501.0,High,,Google,,https://datacenters.google/locations/iowa/,,,,,,,,41.22147,-95.864914,1764460800000.0,1764460800000.0,,Unknown,,,,,,2890000.0,,,,,Operating,,,Pottawattamie,,,,Media Monitoring,-95.86491399999994,41.221470000000075
250,Project Osmium (Microsoft),5855 SW Kerry St,Cumming,IA,50061.0,High,,Microsoft,,,,,,,,,,41.49686,-93.7887,1755043200000.0,1755043200000.0,,Unknown,,,,,,1700000.0,,,,,Operating,,,Warren,,,,Media Monitoring,-93.78869999999993,41.49686000000003
251,Project Ruthenium (Microsoft),near 3320 110th St,Cumming,IA,50062.0,Medium,,Microsoft,,https://www.datacenterdynamics.com/en/news/microsoft-files-for-new-data-center-campus-in-des-moines-iowa/,https://rbnenergy.com/i-know-places-tech-giants-may-be-the-surest-bets-for-data-center-power-demand,,,,,,,41.49467,-93.8046,1755043200000.0,1755043200000.0,100-200,Hyperscale (101-999 MW),,,,,,245000.0,,103.0,$210 million,,Proposed,,,Madison,,,,Media Monitoring,-93.80459999999994,41.494670000000035
252,Cielo Digital Infrastructure,,Des Moines,IA,,Low,,,,https://www.datacenterdynamics.com/en/news/cielo-digital-infrastructure-plans-300mw-data-center-campus-in-south-carolina/,,,,,,,,41.57011,-93.5839,1750723200000.0,1750723200000.0,150,Hyperscale (101-999 MW),,,,,,,,166.0,,,Proposed,,,Polk,,,,Media Monitoring,-93.58389999999999,41.57011000000006
253,Data center,"3501 Digital Dr, Dubuque",Dubuque,IA,52003.0,High,Telecommunication routing,Windstream,,https://www.datacenters.com/windstream-dubuque-ia,,,,,,,,42.44434,-90.679,1748304000000.0,1764460800000.0,,Unknown,,,,,,14612.0,,,,,Unknown,,,Dubuque,,,,Media Monitoring,-90.67899999999996,42.44434000000007
254,QTS data center,~3400 76th Ave SW,Fairfax,IA,52228.0,Medium,,,,https://www.datacenterdynamics.com/en/news/city-of-cedar-rapids-officially-confirms-qts-behind-iowa-data-center-campus/,https://www.thegazette.com/local-government/unnamed-company-looks-to-build-576-million-data-center-in-cedar-rapids/,https://www.kcrg.com/2025/07/29/officials-cancel-groundbreaking-ceremony-cedar-rapids-data-center/,,,,,,41.89881,-91.7211,1753833600000.0,1753833600000.0,,Unknown,,,,,,300000.0,,612.0,$750 million,,Approved/Permitted/Under construction,,,Linn,,,,Media Monitoring,-91.72109999999998,41.89881000000002
255,IA01 data center,390 N Alice's Road,Waukee,IA,50263.0,High,,US Signal,,https://www.datacenterdynamics.com/en/news/us-signal-to-expand-capacity-at-data-centers-in-michigan-detroit/,,,,,,,,41.6204,-93.854,1749427200000.0,1749427200000.0,2,Small (0-10 MW),,,,,,20000.0,,,,,Unknown,,,Dallas,,,,Media Monitoring,-93.85399999999998,41.620400000000075
256,DSM14 (Microsoft),3655 SE Soteria Ave,West Des Moines,IA,50265.0,High,,Microsoft,,https://www.datacenterdynamics.com/en/news/microsoft-files-for-new-data-center-campus-in-des-moines-iowa/,https://www.datacenterdynamics.com/en/news/microsoft-granted-permit-for-new-data-center-in-des-moines-iowa/,,,,,,,41.51406,-93.7142,1755043200000.0,1764460800000.0,,Unknown,,,,,,184600.0,,,,,Approved/Permitted/Under construction,,,Polk,,,,Media Monitoring,-93.71419999999995,41.51406000000003
257,Project Alluvion (Microsoft),550 White Crane Rd,West Des Moines,IA,50265.0,High,,Microsoft,,https://www.datacenterdynamics.com/en/news/microsoft-files-for-new-data-center-campus-in-des-moines-iowa/,,,,,,,,41.51533,-93.7107,1755043200000.0,1755043200000.0,,Unknown,,,,,,1000000.0,,,,,Operating,,,Polk,,,,Media Monitoring,-93.71069999999997,41.515330000000056
258,Project Ginger East (Microsoft),near 1475 Maffitt Lake Rd,West Des Moines,IA,50265.0,Medium,,Microsoft,,https://www.datacenterdynamics.com/en/news/microsoft-files-for-new-data-center-campus-in-des-moines-iowa/,https://rbnenergy.com/i-know-places-tech-giants-may-be-the-surest-bets-for-data-center-power-demand,,,,,,,41.51475,-93.7212,1755043200000.0,1755043200000.0,200,Hyperscale (101-999 MW),,,,,,1800000.0,,130.0,$1 billion,,Proposed,,,Polk,,,,Media Monitoring,-93.72119999999994,41.51475000000005
259,Project Ginger West (Microsoft) DSM 42 & 43,11100 Booneville Rd,West Des Moines,IA,50266.0,High,,Microsoft,,https://www.datacenterdynamics.com/en/news/microsoft-files-for-new-data-center-campus-in-des-moines-iowa/,https://rbnenergy.com/i-know-places-tech-giants-may-be-the-surest-bets-for-data-center-power-demand,,,,,,,41.5346,-93.8656,1755043200000.0,1755043200000.0,200,Hyperscale (101-999 MW),,,,2.0,,1800000.0,,180.0,$1 billion,,Approved/Permitted/Under construction,,,Dallas,,,,Media Monitoring,-93.86559999999997,41.53460000000006
260,Project Mountain (Microsoft),8855 Grand Ave,West Des Moines,IA,50266.0,High,,Microsoft,,https://www.datacenterdynamics.com/en/news/microsoft-files-for-new-data-center-campus-in-des-moines-iowa/,,,,,,,,41.53982,-93.8242,1755043200000.0,1755043200000.0,,Unknown,,,,,,,,,,,Operating,,,Dallas,,,,Media Monitoring,-93.82419999999996,41.53982000000007
261,Deep Atomic data center,Idaho National Laboratory,Idaho Fall,ID,83415.0,Medium,,,,https://www.datacenterdynamics.com/en/news/smr-developer-deep-atomic-proposes-nuclear-powered-ai-data-center-at-idaho-national-lab/,,,,,,,,43.51967,-112.04594,1765152000000.0,,60,Large (51-100 MW),Nuclear,,,,,,,,,,Proposed,,,Bonneville,,,,Media Monitoring,-112.04593999999997,43.519670000000076
262,Edged Data Center,2835 Bilter Road,Aurora,IL,60502.0,High,AI,Edged,,https://datacenter.news/story/edged-expands-aurora-campus-with-waterless-ai-data-centre,,,,,,,,41.80707,-88.24102,1764115200000.0,1764115200000.0,72,Large (51-100 MW),,,,,Air,,Closed loop,,,"Will employ ThermalWorks closed-loop, waterless cooling technologies and aims to deliver liquid-to-chip cooling",Approved/Permitted/Under construction,,2027.0,DuPage,,,,Media Monitoring,-88.24101999999993,41.80707000000007
263,Western Hospitality Partners data center,near Interstate 55 and Reed Rd,Braidwood/ Braceville,IL,60407.0,High,,,,https://www.datacenterdynamics.com/en/news/planned-data-center-project-outside-chicago-illinois-paused-due-to-energy-infrastructure/,,,,,,,,41.256397,-88.2417,1769385600000.0,,,Unknown,,,,8.0,,,,,,Includes on-site substation,Suspended,,,Will,,,,Media Monitoring,-88.24169999999998,41.25639700000005
264,HydraVault data center,2538 S Wabash Ave,Chicago,IL,60616.0,High,,,,https://www.datacenterdynamics.com/en/news/new-firm-announces-plans-for-20mw-liquid-cooled-data-center-in-chicago/,,,,,,,,41.84624,-87.6257,1758067200000.0,1758067200000.0,20,Medium (11-50 MW),,,,,Air,,Closed loop,,,liquid cooled chip technology,Approved/Permitted/Under construction,,,Cook,,,,Media Monitoring,-87.62569999999994,41.846240000000066
265,Karis Critical data center,E Gurler and S Peace Rds,Dekalb,IL,60115.0,Medium,,,,https://www.datacenterdynamics.com/en/news/seven-building-data-center-campus-gets-preliminary-ok-from-illinois-planning-commission/,,,,,,,,41.894,-88.7222,1756857600000.0,1756857600000.0,,Unknown,,,,7.0,,1750000.0,,132.0,,20-acre substation possibly being constructed on site,Proposed,,,DeKalb,,,,Media Monitoring,-88.72219999999999,41.894000000000055
266,Gail Technology data center,15244 E. 1700th Avenue,Effingham,IL,62401.0,High,,,Gail Technology,https://www.effinghamdailynews.com/news/environmentally-friendly-data-center-coming-to-effingham/article_7f38e269-f40d-49d8-b607-55f26c7d4bf3.html,https://www.idcnova.com/html/1/59/153/4755.html,https://www.yahoo.com/news/articles/environmentally-friendly-data-center-coming-045900554.html,,,,,,39.16273,-88.51865,1767225600000.0,,,Unknown,Solar,,,,,,,,,"""environmentally friendly"" solar powered",Proposed,,2027.0,Effingham,,,,Media Monitoring,-88.51864999999998,39.16273000000006
267,Aligned,101 Northwest Point Blvd,Elk Grove Village,IL,60007.0,High,,,,https://www.datacenterdynamics.com/en/news/aligned-stream-and-nexstar-planning-data-center-campuses-in-elk-grove-area-of-chicago/,https://therealdeal.com/chicago/2023/05/09/data-center-developer-aligned-assembles-26-acres-near-ohare/,,,,,,,42.03573,-87.9766,1750291200000.0,1750291200000.0,,Unknown,,,,,,50000.0,,,,,Proposed,,,Cook,,,,Media Monitoring,-87.97659999999998,42.03573000000006
268,Aligned,141 Northwest Point Blvd,Elk Grove Village,IL,60007.0,High,,,,https://www.datacenterdynamics.com/en/news/aligned-stream-and-nexstar-planning-data-center-campuses-in-elk-grove-area-of-chicago/,,,,,,,,42.03674,-87.9827,1750291200000.0,1750291200000.0,,Unknown,,,,,,115000.0,,,,,Proposed,,,Cook,,,,Media Monitoring,-87.98269999999997,42.03674000000005
269,Aligned,50 Northwest Point Blvd,Elk Grove Village,IL,60007.0,High,,,,https://www.datacenterdynamics.com/en/news/aligned-stream-and-nexstar-planning-data-center-campuses-in-elk-grove-area-of-chicago/,,,,,,,,42.03374,-87.9824,1750291200000.0,1750291200000.0,,Unknown,,,,,,177000.0,,,,,Proposed,,,Cook,,,,Media Monitoring,-87.98239999999998,42.03374000000007
270,Nexstar Media Group data center,720 Rohlwing Rd,Elk Grove Village,IL,60007.0,High,,,,https://www.datacenterdynamics.com/en/news/aligned-stream-and-nexstar-planning-data-center-campuses-in-elk-grove-area-of-chicago/,,,,,,,,42.01142,-88.0317,1750291200000.0,1750291200000.0,,Unknown,,,,,,700000.0,,,,,Proposed,,,Cook,,,,Media Monitoring,-88.03169999999994,42.01142000000003
271,Stream data center,700 Roppolo Dr,Elk Grove Village,IL,60007.0,High,,,,https://www.datacenterdynamics.com/en/news/aligned-stream-and-nexstar-planning-data-center-campuses-in-elk-grove-area-of-chicago/,,,,,,,,42.01401,-87.95375,1750291200000.0,1750291200000.0,,Unknown,,,,,,,,,,Demolition of 57 residential properties,Proposed,,,Cook,,,,Media Monitoring,-87.95374999999996,42.01401000000004
272,Stream data center: Chicago 1,2080 Lunt Ave,Elk Grove Village,IL,60007.0,High,,,,https://www.datacenterdynamics.com/en/news/aligned-stream-and-nexstar-planning-data-center-campuses-in-elk-grove-area-of-chicago/,,,,,,,,42.00269,-87.9518,1750291200000.0,1750291200000.0,15,Medium (11-50 MW),,,,,,126689.0,,,,,Unknown,,,Cook,,,,Media Monitoring,-87.95179999999993,42.00269000000002
273,Stream data center: Chicago 2,1925 Busse Road,Elk Grove Village,IL,60007.0,High,,,,https://www.datacenterdynamics.com/en/news/aligned-stream-and-nexstar-planning-data-center-campuses-in-elk-grove-area-of-chicago/,,,,,,,,41.99923,-87.9578,1750291200000.0,1750291200000.0,32,Medium (11-50 MW),,,,,,226000.0,,,,,Unknown,,,Cook,,,,Media Monitoring,-87.95779999999996,41.99923000000006
274,T5 data center,200 Innovation Dr,Elk Grove Village,IL,60007.0,High,,,,https://www.datacenterdynamics.com/en/news/t5-data-center-in-illinois-topped-out/,,,,,,,,42.02308,-87.9757,1748304000000.0,1748304000000.0,36,Medium (11-50 MW),,,,,,250000.0,,,,,Unknown,,,Cook,,,,Media Monitoring,-87.97569999999996,42.02308000000005
275,Western Hospitality Partners data center,"Lutticken Farm,  between IL Hwy 98 and Sheridan Rd",Groveland Twp,IL,61554.0,High,,,,https://www.datacenterdynamics.com/en/news/western-hospitality-partners-eyes-320-acre-data-center-campus-outside-peoria-illinois/,,,,,,,,40.59457,-89.590225,1769385600000.0,,,Unknown,,,,,,,,320.0,,,Proposed,,,Tazewell,,,,Media Monitoring,-89.59022499999998,40.59457000000003
276,Cloud Centers data center,711 Ogden Avenue,Lisle,IL,60532.0,,,Cloud Centers,,https://www.datacenterdynamics.com/en/news/public-meeting-over-planned-data-center-project-in-lisle-illinois-postponed-due-to-large-number-of-attendees/,https://villageoflisle.civicweb.net/document/220244/25-1801.pdf?handle=E0E9A4C503DD44D3B92E78DB4DBED085,,,,,,,41.801693,-88.06276,1769126400000.0,,50,Medium (11-50 MW),,,,,,256000.0,,,,,Proposed,,2027.0,DuPage,Yes,,,Media Monitoring,-88.06275999999997,41.80169300000006
277,CyrusOne data center,1850 Springer Dr,Lombard,IL,60148.0,High,,,,https://www.datacenterdynamics.com/en/news/t5-data-center-in-illinois-topped-out/,,,,,,,,41.84915,-88.0291,1748304000000.0,1748304000000.0,18,Medium (11-50 MW),,,,,,500000.0,,,,,Unknown,,,DuPage,,,,Media Monitoring,-88.02909999999997,41.84915000000007
278,Cielo Digital Infrastructure,,Minooka,IL,60447.0,Low,,,,https://www.datacenterdynamics.com/en/news/cielo-digital-infrastructure-plans-300mw-data-center-campus-in-south-carolina/,,,,,,,,41.45592,-88.2842,1750723200000.0,1750723200000.0,500,Hyperscale (101-999 MW),,,,,,,,159.0,,,Proposed,,,Grundy,,,,Media Monitoring,-88.28419999999994,41.45592000000005
279,Tract data center,"Morris Technology Park, 7659-7471 County Rd 2000 E",Morris,IL,60450.0,High,,Tract,,https://www.datacenterdynamics.com/en/news/tract-expands-into-illinois-with-plans-for-1gw-data-center-park-outside-chicago/,,,,,,,,41.39786,-88.37636,1768780800000.0,,"1,000","Mega campus (>1,000 MW)",,,,,,2900000.0,,343.0,,,Proposed,,2028.0,Grundy,,,,Media Monitoring,-88.37635999999998,41.39786000000004
280,Karis Critical data center,1960 Lucent Lane,Naperville,IL,60563.0,High,,,,https://www.dailyherald.com/20250901/news/backbone-of-the-digital-world-karis-details-plans-for-naperville-data-center-development/,https://abc7chicago.com/amp/post/naperville-illinois-city-council-denies-plan-karis-critical-data-center-vacant-lucent-campus-off-warrenville-road/18442413/,https://www.datacenterdynamics.com/en/news/karis-critical-plans-36mw-data-center-in-naperville-illinois/,,,,,,41.81113,-88.1191,1756857600000.0,1769040000000.0,36,Medium (11-50 MW),,,12-24,,,145000.0,,,,,Cancelled,,,DuPage,Yes,,,Media Monitoring,-88.11909999999995,41.811130000000034
281,Cielo Digital Infrastructure,,New Lenox,IL,60541.0,Low,,,,https://www.datacenterdynamics.com/en/news/cielo-digital-infrastructure-plans-300mw-data-center-campus-in-south-carolina/,,,,,,,,41.51055,-87.969,1750723200000.0,1750723200000.0,350,Hyperscale (101-999 MW),,,,,,,,141.0,,,Proposed,,,Will,,,,Media Monitoring,-87.96899999999994,41.510550000000066
282,Aligned: ORD-01,505 Northwest Ave,Northlake,IL,60164.0,High,,,,https://www.datacenterdynamics.com/en/news/aligned-completes-first-chicago-data-center-breaks-ground-on-second/,,,,,,,,41.91402,-87.9177,1750291200000.0,1750291200000.0,42,Medium (11-50 MW),,,,,,220000.0,,,,,Unknown,,,Cook,,,,Media Monitoring,-87.91769999999997,41.91402000000005
283,Aligned: ORD-02,501 Northwest Ave,Northlake,IL,60164.0,High,,,,https://www.datacenterdynamics.com/en/news/aligned-completes-first-chicago-data-center-breaks-ground-on-second/,,,,,,,,41.91273,-87.9172,1750291200000.0,1750291200000.0,,Unknown,,,,,,,,,,,Unknown,,,Cook,,,,Media Monitoring,-87.9172,41.91273000000005
284,CyrusOne data center,~11709 Faxon Rd,Yorkville,IL,60545.0,High,,,,https://www.wspynews.com/news/local/cyrusone-proposes-second-yorkville-data-center-campus/article_2bc2768f-42c9-469f-80cf-f057a490fa1b.html,,,,,,,,41.6759,-88.4834,1758585600000.0,1758585600000.0,,Unknown,,,,9.0,,,,,,,Approved/Permitted/Under construction,,,Kendall,,,,Media Monitoring,-88.48339999999997,41.67590000000007
285,CyrusOne data center,Off Faxon and Beecher Rds,Yorkville,IL,60560.0,High,,,,https://www.shawlocal.com/kendall-county-now/2025/09/19/new-data-center-proposal-in-yorkville-more-than-4-times-the-size-of-niu-football-complex/,,,,,,,,41.68361,-88.4681,1758585600000.0,1758585600000.0,,Unknown,,,,,,740000.0,,128.0,,,Proposed,,,Kendall,,,,Media Monitoring,-88.46809999999994,41.68361000000005
286,IND1,701 Congressional Blvd,Carmell,IN,46032.0,High,,,,https://www.expedient.com/data-centers/indianapolis/,,,,,,,,39.96264,-86.1456,1756771200000.0,1756771200000.0,4.4,Small (0-10 MW),,,,,,53000.0,,,,,Operating,,,Hamilton,,,,Media Monitoring,-86.14559999999994,39.96264000000007
287,Provident Realty Advisors,1110 Pearson Rd,Chesteron,IN,46304.0,High,,,,https://www.datacenterdynamics.com/en/news/application-for-13bn-data-center-in-chesterton-indiana-withdrawn/,https://www.datacenterwatch.org/report,,,,,,,41.59884,-87.094,1747958400000.0,1747958400000.0,,Unknown,,,,,,,,,,"Blocked after community opposition, withdrawn by developer",Cancelled,,,Porter,Yes,,,Media Monitoring,-87.09399999999995,41.598840000000045
288,DartPoints data center,2425 Technology Blvd,Columbus,IN,47201.0,High,,,,,,,,,,,,39.18256,-85.8968,1758153600000.0,1758153600000.0,,Unknown,,,,,,86400.0,,,,,Operating,,,Bartholomew,,,,Media Monitoring,-85.89679999999998,39.18256000000008
289,Karis Critical data center,E 101st Ave,Crown Point,IN,46307.0,Medium,,,,https://nwindianabusiness.com/community/business-news/merrillville-committee-endorses-data-center/67103/,https://www.govtech.com/artificial-intelligence/2b-in-data-center-projects-planned-for-merrillville-ind,,,,,,,41.43521,-87.3099,1756857600000.0,1756857600000.0,,Unknown,,,,,,,,181.0,$900 million,,Proposed,,,Lake,,,,Media Monitoring,-87.30989999999997,41.43521000000003
290,Wylie Capital data center,Broadway and E 93rd Ave,Crown Point,IN,46307.0,Medium,,,,https://www.govtech.com/artificial-intelligence/2b-in-data-center-projects-planned-for-merrillville-ind,,,,,,,,41.44693,-87.3319,1756857600000.0,1756857600000.0,,Unknown,,,,,,1200000.0,,,,,Proposed,,,Lake,,,,Media Monitoring,-87.33189999999996,41.44693000000006
291,Project Zodiac (Google),near E Paulding Rd & Adams Ctr Rd,Fort Waye,IN,46816.0,Medium,,Google,,https://www.datacenterdynamics.com/en/news/google-announces-2bn-campus-in-fort-wayne-indiana/,https://rbnenergy.com/i-know-places-tech-giants-may-be-the-surest-bets-for-data-center-power-demand,https://www.21alivenews.com/2025/09/19/googles-plan-build-protected-wetlands-fort-wayne-data-center-greenlit/,https://www.datacenterdynamics.com/en/news/indiana-approves-expanding-googles-fort-wayne-data-center-campus-onto-protected-wetlands-despite-local-opposition/,,,,,41.03761,-85.0481,1758585600000.0,1764460800000.0,200-400,Hyperscale (101-999 MW),,,,12.0,,,,700.0,$2 billion,,Approved/Permitted/Under construction,,,Allen,Yes,,,Media Monitoring,-85.04809999999998,41.03761000000003
292,Logistix data center,,Frankfort,IN,46041.0,Medium,,,,https://www.datacenterdynamics.com/en/news/land-rezoning-proposal-for-300mw-data-center-in-frankfort-indiana-rescinded-by-developer/,,,,,,,,40.3066,-86.5855,1758585600000.0,1758585600000.0,300,Hyperscale (101-999 MW),,,,,,,,833.0,,Much public dissent,Suspended,,,Clinton,,,,Media Monitoring,-86.58549999999997,40.30660000000006
293,Microsoft,,Granger,IN,46530.0,High,,Microsoft,,https://www.insideindianabusiness.com/articles/new-data-center-project-being-proposed-for-new-carlisle,,,,,,,,41.72418,-86.1341,1747180800000.0,1747180800000.0,,Unknown,,,,,,,,900.0,,Expansion of existing,Unknown,,,St. Joseph,,,,Media Monitoring,-86.13409999999999,41.72418000000004
294,"Jumping Bison, LLC (hyperscale data center)",near 2620 N County Rd 250 W,Greensburg,IN,47240.0,High,,,,https://wrbiradio.com/greensburg-council-approves-era-establishment-data-center-abatement/,https://www.yahoo.com/news/development-coming-greensburg-011600861.html,https://baxtel.com/data-center/jumping-bison-greensburg-in?lat=39.37234142555886&lng=-85.51474217656732&distance=4286.716935410502,,,,,,39.37664,-85.5201,1757376000000.0,1757376000000.0,,Hyperscale (101-999 MW),,,,,,,,550.0,$800 million,,Proposed,,,Decatur,Yes,https://www.facebook.com/p/Coalition-to-Protect-Decatur-County-Against-AI-Data-Center-61580212506454/,,Crowdsourced,-85.52009999999996,39.37664000000006
295,CoreWeave,301 Digital Crossroads Dr,Hammond,IN,46320.0,High,,,,https://www.datacenterdynamics.com/en/news/coreweave-to-develop-180mw-data-center-at-digital-crossroads-campus-in-hammond-indiana/,,,,,,,,41.70514,-87.5191,1749859200000.0,1749859200000.0,180,Hyperscale (101-999 MW),,,,,,450000.0,,,,,Proposed,,,Lake,,,,Media Monitoring,-87.5191,41.70514000000002
296,Digital Crossroad,"100 Digital Crossroad Drive,",Hammond,IN,46320.0,High,,,,https://www.datacenterdynamics.com/en/news/digital-crossroad-plans-expansion-of-hammond-data-center-campus-outside-chicago/,,,,,,,,41.70743,-87.5205,1748304000000.0,1748304000000.0,,Unknown,,,,,,,,,,Able to support large expansion up to 100 MW,Unknown,,,Lake,,,,Media Monitoring,-87.52049999999997,41.70743000000005
297,Project Redline,,Hancock County,IN,,Low,,,,https://dailyjournal.net/2025/06/26/iedc-board-approves-incentives-for-four-planned-data-center-projects/,,,,,,,,39.82814,-85.7803,1751068800000.0,1751068800000.0,,Unknown,,,,,,,,,$1 billion,,Proposed,,,Hancock,,,,Media Monitoring,-85.78029999999995,39.828140000000076
298,"Hobart Devco, LLC data center",E 61st Ave and Colorado St,Hobart,IN,46342.0,Medium,,Meta,AWS,https://www.datacenterdynamics.com/en/news/data-center-in-hobart-indiana-gets-green-light-for-rezoning/,https://www.datacenterdynamics.com/en/news/aws-data-center-coming-to-hobart-indiana/,https://www.inkfreenews.com/2025/11/28/amazon-plans-15b-data-center-investment-in-hobart-northern-indiana/,,,,,,41.50729,-87.3123,1748217600000.0,1764460800000.0,2400,"Mega campus (>1,000 MW)",,,,,,,,,$15 billion,"If not approved, would revert to residential zoning",Approved/Permitted/Under construction,,,Lake,Yes,https://www.facebook.com/groups/2637079693295650,,Media Monitoring,-87.31229999999994,41.50729000000007
299,Brightwood Data Center,2505 N Sherman Dr,Indianapolis,IN,46218.0,High,,Metrobloks,,https://www.wthr.com/article/news/local/data-center-could-move-into-site-of-former-indy-drive-in/531-46d3f8ac-1c6d-4f7c-a6e1-04a2c704c33a,https://cinematreasures.org/theaters/34206,https://mirrorindy.org/metrobloks-files-re-zoning-proposal-for-martindale-brightwood-data-center/,,,,,,39.80434,-86.1023,1758240000000.0,1764115200000.0,,Unknown,,,,,,,Closed loop,14.0,,Re-zoning petition filed by developer 10/19/25,Proposed,,,Marion,Yes,https://www.onevoicemb.org/,,Media Monitoring,-86.10229999999994,39.80434000000002
300,Lifeline Data Center,401 Shadeland Ave,Indianapolis,IN,46219.0,High,,,,https://www.datacenterdynamics.com/en/news/netrality-acquires-lifeline-facility-at-indy-telcom-center-campus-in-indianapolis/,,,,,,,,39.77702,-86.0434,1748304000000.0,1748304000000.0,,Unknown,,,,,,,,,,,Unknown,,,Marion,,,,Media Monitoring,-86.04339999999996,39.77702000000005
301,Netrality Data Center,733 W Henry St # 100,Indianapolis,IN,46225.0,High,,,,https://www.datacenterdynamics.com/en/news/netrality-acquires-lifeline-facility-at-indy-telcom-center-campus-in-indianapolis/,,,,,,,,39.75977,-86.1723,1748304000000.0,1748304000000.0,,Unknown,,,,,,,,,,,Unknown,,,Marion,,,,Media Monitoring,-86.17229999999994,39.759770000000046
302,US Signal data center,6325 Morenci Trail,Indianapolis,IN,46268.0,High,,,,https://www.datacenterdynamics.com/en/news/us-signal-acquires-data-center-in-indianapolis-indiana/,,,,,,,,39.87038,-86.2369,1748304000000.0,1748304000000.0,,Unknown,,,,,,9600.0,,,,,Unknown,,,Marion,,,,Media Monitoring,-86.23689999999992,39.87038000000007
303,Meta data center,behind 300 Corporate Dr Suite 300,Jeffersonville,IN,47130.0,Medium,,Meta,,https://www.datacenterdynamics.com/en/news/meta-to-develop-data-center-campus-in-jeffersonville-indiana/,,,,,,,,38.36471,-85.66,1748304000000.0,1748304000000.0,,Unknown,,,,,,700000.0,,,$800 million,,Unknown,,,Clark,,,,Media Monitoring,-85.65999999999995,38.36471000000006
304,Microsoft data center,"Radius Industrial Park, 300 Boyd Blvd",LaPorte,IN,46350.0,High,,Microsoft,,https://www.wndu.com/2024/06/04/1-billion-microsoft-data-center-coming-laporte/,,,,,,,,41.58093,-86.6924,1748217600000.0,1748217600000.0,,Unknown,,,,,,,,,$1 billion,,Proposed,,,LaPorte,,,,Media Monitoring,-86.69239999999996,41.58093000000008
305,Project Domino (Meta),,Lebanon,IN,46052.0,High,,Meta,,https://www.datacenterdynamics.com/en/news/meta-set-to-develop-1500-acre-data-center-campus-outside-indianapolis-indiana/,https://fox59.com/indiana-news/metas-1500-acre-data-center-marches-forward-in-lebanon/,,,,,,,40.05408,-86.538,1748304000000.0,1764460800000.0,,Unknown,,,,15.0,,,,1500.0,$4 billion,Project Domino,Approved/Permitted/Under construction,,,Boone,,,,Media Monitoring,-86.53799999999995,40.05408000000005
306,Prologis,3375-3001 W 700 N,Leesburg,IN,46538.0,High,,,,https://www.datacenterdynamics.com/en/news/prologis-data-center-proposal-in-kosciusko-county-indiana-denied/,https://wsbt.com/news/local/proposed-data-center-kosciusko-county-denied-planning-commission-rezone-550-acres-farmland-mystery-company-project-property-facility-people-crowd-signatures-petitioner-transmission-power-bolt-lines-indiana,,,,,,,41.334984,-85.90404,1763510400000.0,,,Hyperscale (101-999 MW),,,,,,,,550.0,$10 billion,Rejected by county’s planning commission,Cancelled,,,Kosciusko,Yes,,,Media Monitoring,-85.90403999999997,41.33498400000007
307,Surge Development LLC,N 400 W and W 500 N County Rds,McCordsville,IN,46055.0,High,,,,https://www.wthr.com/article/news/local/public-meeting-set-for-proposed-data-center-campus-in-rural-hancock-county-tuttle-orchards/531-83634bf4-6c95-4d7a-994c-ea114fa0de2c,https://www.wthr.com/article/money/business/application-withdrawn-surge-development-hancock-county-greenfield-data-center-tuttle-orchards/531-48204cbc-eba5-4666-bd66-6e88cb6d2412,,,,,,,39.8564,-85.8785,1747180800000.0,1747180800000.0,,Unknown,,,,,,,,,,,Cancelled,,,Hancock,,,,Media Monitoring,-85.87849999999997,39.856400000000065
308,Province Group data center,Merrillville Technology Park (Harms Rd and Colorado St),Merrillville,IN,46410.0,Medium,,,,https://www.govtech.com/artificial-intelligence/2b-in-data-center-projects-planned-for-merrillville-ind,https://www.datacenterdynamics.com/en/news/nine-building-data-center-campus-proposed-in-northwest-indiana/,,,,,,,41.45333,-87.3033,1756857600000.0,1756857600000.0,,Unknown,,,,,,1000000.0,,,$500 million,,Proposed,,,Lake,,,,Media Monitoring,-87.30329999999998,41.45333000000005
309,Project Maize,402 Royal Rd,Michigan City,IN,46360.0,High,,,,https://dailyjournal.net/2025/06/26/iedc-board-approves-incentives-for-four-planned-data-center-projects/,https://indianaeconomicdigest.net/Content/Default/Major-Indiana-News/Article/-832-million-data-center-proposed-for-LaPorte-County/-3/5308/119418,https://www.insideindianabusiness.com/articles/michigan-city-mayor-shuts-down-talk-of-data-center-project,https://www.datacenterdynamics.com/en/news/no-plans-to-pursue-832m-project-maize-data-center-says-michigan-city-mayor/,,,,,41.57408,-86.7276,1752537600000.0,1752537600000.0,,Unknown,,,,,,,,,$832 million,,Cancelled,,,LaPorte,,,,Media Monitoring,-86.72759999999994,41.57408000000004
310,Data center (Project Louie?),"between Keller Hill Road, North Antioch Road, Indiana 42, and West Union Church Rds",Monroe Township,IN,46158.0,High,,,,https://www.datacenterdynamics.com/en/news/391-acre-data-center-campus-proposed-in-morgan-county-indiana/,https://dailyjournal.net/2025/06/26/iedc-board-approves-incentives-for-four-planned-data-center-projects/,,,,,,,39.59592,-86.4602,1748304000000.0,1748304000000.0,,Unknown,,,,,,,,391.0,,,Unknown,,,Morgan,,,,Media Monitoring,-86.4602,39.59592000000004
311,"Google /Deep Meadow Ventures, LLC: Project Flo","South Post Road, East Troy Avenue, Davis Road and Vandergriff Rds",New Bethel/ Indianapolis,IN,46239.0,High,,Google,,https://www.wthr.com/article/news/local/franklin-township-data-center-plan-rezoning/531-790888f0-3aca-4dec-baa0-f47fc350f2c0,https://www.wthr.com/article/news/local/how-franklin-township-residents-can-learn-more-about-a-proposed-data-center-indianapolis/531-09357d99-247e-46e7-b9a4-b43d01cef1da,https://www.wthr.com/article/news/local/indiana-growing-data-center-industry-sparks-concerns-over-environmental-and-economic-impact/531-b8d36bba-91f7-446d-af05-ed79fee1dad8,https://www.datacenterdynamics.com/en/news/google-gets-approval-for-data-center-campus-in-franklin-township-indiana/,https://www.wishtv.com/news/i-team-8/google-data-center-franklin-township/,https://www.indystar.com/story/news/local/marion-county/2025/09/22/google-withdraws-controversial-data-center-in-franklin-township-indianapolis-city-county-council/86165695007/,,,39.72007,-85.9992,1756080000000.0,1756080000000.0,,Unknown,,,,,,,,467.0,$1 billion,"Large project also includes light manufacturing, research and development, utilities, agricultural uses and office space.",Suspended,,,Marion,,,,Media Monitoring,-85.99919999999997,39.72007000000007
312,Anthropic (speculative),Early and Walnut Rds,New Carlisle,IN,46552.0,High,AI,Amazon,Anthropic,https://baxtel.com/data-center/amazon-new-carlisle-in?lat=41.68406491925343&lng=-86.47056731272178&distance=1750.2145393378237,https://wsbt.com/news/local/st-joseph-county-council-members-discuss-rezoning-1000-acres-land-plot-north-new-carlisle-agricultural-industrial-change-pave-way-new-data-center-amazon-proposal-project-petitioners-public-request-rezoning-timothy-spruce-road-indiana#,https://www.insideindianabusiness.com/articles/new-data-center-project-being-proposed-for-new-carlisle,https://rbnenergy.com/i-know-places-tech-giants-may-be-the-surest-bets-for-data-center-power-demand,https://www.aboutamazon.com/news/aws/aws-project-rainier-ai-trainium-chips-compute-cluster,https://epoch.ai/data/data-centers/satellite-explorer/AnthropicAmazonProjectRainierNewCarlisleIndiana?ref=404media.co,,,41.68848,-86.4736,1747180800000.0,1767225600000.0,2200,"Mega campus (>1,000 MW)",,,,30.0,Air,,,1200.0,,,Operating,,,St. Joseph,,,,Media Monitoring,-86.47359999999998,41.68848000000002
313,Mall-O-Manor LLC data center,"South of Chicago Trail, east of Timothy rd, west of Spruce Rd",New Carlisle,IN,46553.0,High,,,,https://wsbt.com/news/local/new-data-center-receives-unfavorable-recommendation-st-joseph-county-area-plan-commission-farm-land-12-billion-dollar-project-indiana,https://www.wndu.com/2025/09/16/proposed-12-billion-data-center-st-joseph-county-gets-unfavorable-recommendation/,https://indianaeconomicdigest.net/Content/Default/Major-Indiana-News/Article/-12-billion-data-center-proposed-in-New-Carlisle-in-St-Joseph-County/-3/5308/119966,https://www.wndu.com/2025/10/29/proposed-12-billion-data-center-gets-unfavorable-recommendation-st-joe-county-committee/,https://www.wndu.com/2025/10/23/new-carlisle-town-council-opposes-proposed-12-billion-data-center/,https://wsbt.com/news/local/st-joseph-county-council-denies-rezoning-of-land-for-data-center-votes-7-2-marathon-meeting-hours-long-public-opinion-13-billion-dollar-project-amazon-new-carlisle-approval-process-plan-commission-st-joseph-county-indiana,,,41.72029,-86.4905,1758585600000.0,1765324800000.0,,Hyperscale (101-999 MW),,,,14.0,,,,999.0,$12 billion,Discussion may be brought back in May 2026,Suspended,,,St. Joseph,Yes,,,Media Monitoring,-86.49049999999994,41.72029000000003
315,Provident Realty Advisors data center,100 Worthington Dr,Porter,IN,46304.0,Medium,,,,https://www.datacenterdynamics.com/en/news/provident-realty-proposes-seven-building-campus-in-burns-harbor-indiana/,,,,,,,,41.61319,-87.1014,1756080000000.0,1756080000000.0,,Unknown,,,,,,,,102.0,,,Proposed,,,Porter,,,,Media Monitoring,-87.10139999999994,41.61319000000002
316,Prologis,South of 3878 IN-44,Shelbyville,IN,46176.0,High,,,,https://www.datacenterdynamics.com/en/news/industrial-real-estate-giant-prologis-is-planning-a-large-data-center-development-in-illinois-first-reported-by-local-news-including-shelbyville-news-and-fox-prologis-is-filing-to-develop-a-campus-in-the-city-of-shelbyville-in-central-illinois-lorm/,,,,,,,,39.529045,-85.71126,1767657600000.0,,"5,200-10,000","Mega campus (>1,000 MW)",,,,13.0,,,,576.0,,,Proposed,,,Shelby,Yes,https://www.change.org/p/halt-the-annexation-and-rezoning-of-429-acres-in-shelbyville-in,,Media Monitoring,-85.71125999999998,39.52904500000005
317,Jeremiah A QTS data center,Along W 450 N,Union Township,IN,43642.0,High,,,,https://www.portercountyin.gov/DocumentCenter/View/51340/Neighborhood-Meeting-County-Presentation-Post,https://www.datacenterdynamics.com/en/news/qts-cans-data-center-scheme-in-porter-county-indiana-after-protests/,,,,,,,41.50386,-87.2014,1757980800000.0,1757980800000.0,,Unknown,,,,,,,,400.0,$1 billion,Blackstone-owned firm has withdrawn its rezoning request for the land after local people voiced concerns about the scheme,Suspended,,,Porter,,,,Media Monitoring,-87.20139999999998,41.503860000000024
318,Jeremiah B QTS data center,Along W 450 N,Union Township,IN,43642.0,High,,,,https://www.portercountyin.gov/DocumentCenter/View/51340/Neighborhood-Meeting-County-Presentation-Post,https://www.datacenterdynamics.com/en/news/qts-cans-data-center-scheme-in-porter-county-indiana-after-protests/,,,,,,,41.49809,-87.1875,1757980800000.0,1757980800000.0,,Unknown,,,,,,,,400.0,$1 billion,Blackstone-owned firm has withdrawn its rezoning request for the land after local people voiced concerns about the scheme,Suspended,,,Porter,,,,Media Monitoring,-87.18749999999994,41.49809000000004
319,Agincourt,Between County Road 400 North and County Road 500 North,Valparaiso,IN,46383.0,Medium,,,,https://www.datacenterdynamics.com/en/news/indianas-city-of-valparaiso-pulls-the-plug-on-agincourt-data-center-project/,https://www.chicagotribune.com/2025/03/11/citizens-outcry-for-transparency-impact-of-potential-data-center-development-in-valparaiso/,,,,,,,41.50217,-87.01344,1763510400000.0,,,Hyperscale (101-999 MW),,,,4.0,,2400000.0,,248.0,,,Suspended,,,Porter,Yes,,,Media Monitoring,-87.01343999999996,41.50217000000003
320,"Beale Infrastructure ""Project Pilot""","Edgerton Rd, south of Hwy 10",DeSoto,KS,66018.0,High,,Beale Infrastructure,,https://www.datacenterdynamics.com/en/news/beale-infrastructure-buys-land-parcel-for-project-pilot-in-de-soto-kansas/,,,,,,,,38.94633,-95.02935,1768262400000.0,,,Unknown,,,,4.0,,,,290.0,,,Proposed,,2027.0,Johnson,,,,Media Monitoring,-95.02934999999997,38.946330000000046
321,"Mount Sunflower Properties, LLC data center",~38362 W 103rd St,DeSoto,KS,66018.0,High,,,,https://www2.ljworld.com/weblogs/town_talk/2025/aug/21/a-big-data-center-may-be-douglas-countys-newest-neighbor-plans-call-for-700m-center-along-k-10/,https://www.kctv5.com/2025/08/19/de-soto-city-council-consider-50-billion-incentives-data-center-project/,https://www.bizjournals.com/kansascity/news/2025/08/20/de-soto-data-center-bonds-flint-commerce-panasonic.html,https://www.datacenterdynamics.com/en/news/de-soto-kansas-approves-700m-data-center/,,,,,38.94522,-95.0297,1756512000000.0,1756512000000.0,,Unknown,,,,4.0,,1000000.0,,,$700 million,,Proposed,,,Johnson,,,,Media Monitoring,-95.02969999999999,38.945220000000056
322,Red Wolf Properties,13037 Parallel Pkwy,Kansas City,KS,66109.0,High,,,,https://www.kshb.com/news/local-news/multibillion-dollar-data-center-proposal-makes-its-way-to-kansas-city-kansas,https://www.datacenterdynamics.com/en/news/600mw-data-center-campus-proposed-outside-kansas-city-kansas/,https://www.kcur.org/environment-agriculture/2025-11-09/data-center-kansas-city-wyandotte-county,,,,,,39.12852,-94.8801,1756080000000.0,1763164800000.0,600,Hyperscale (101-999 MW),,,,6.0,,1980000.0,,540.0,$12 billion,,Proposed,,,Wyandotte,Yes,https://www.sierraclub.org/kansas,,Media Monitoring,-94.88009999999996,39.12852000000004
323,Data center,25025 Joe Prather Hwy,Ekron,KY,40117.0,High,,,,https://www.datacenterdynamics.com/en/news/officials-in-meade-county-kentucky-reject-data-center-rezoning-plan/,,,,,,,,37.90755,-86.10922,1763251200000.0,,,Unknown,,,,,,,,138.0,,2800 petition signatures,Cancelled,,,Meade,Yes,,,Media Monitoring,-86.10921999999994,37.907550000000064
324,Project Lincoln: OC Data Center (first version),3557 KY-53,La Grange,KY,40031.0,High,,,,https://www.datacenterdynamics.com/en/news/kentuckys-oldham-county-passes-150-day-data-center-moratorium/,,,,,,,,38.444557,-85.397995,1763251200000.0,,600,Hyperscale (101-999 MW),,,,,,,,267.0,$6 billion,"Reimagined as smaller site, slightly south",Cancelled,,,Oldham,Yes,https://www.weareoldhamcounty.com/,,Media Monitoring,-85.39799499999998,38.44455700000003
325,Project Lincoln: OC Data Center (second version),3210 D W. Griffith Ln,La Grange,KY,40031.0,High,,WHP,,https://www.wlky.com/article/zoning-dispute-erupts-over-proposed-data-center-oldham-county/64844247,https://www.whas11.com/article/news/local/oldham-county-data-center-proposal-opposition/417-793370d3-51be-451a-847c-efcc84c2b48c,https://www.whas11.com/article/money/business/sauerbeck-family-drive-in-relocate-oldham-county-data-center-kentucky/417-3b414238-07a3-4aa2-a181-b3d0a3fd003b,https://www.bizjournals.com/louisville/news/2025/07/03/whp-oldham-county-data-stalled.html,https://www.datacenterdynamics.com/en/news/kentuckys-oldham-county-passes-150-day-data-center-moratorium/,https://www.lpm.org/news/2025-06-03/oldham-county-data-center-switches-sites-reduces-size-amid-local-resistance,,,38.39444,-85.4094,1751760000000.0,1763510400000.0,,Hyperscale (101-999 MW),,,,,,2500000.0,,,$1.5 billion,"267 acres originally on Hwy 53, then at smaller site. Plans scrapped July 2025.",Proposed,,,Oldham,Yes,,,Media Monitoring,-85.40939999999995,38.394440000000024
326,Data center,151 Martin Luther King Blvd,Lexington,KY,40508.0,High,,,,https://invest.jll.com/us/en/listings/special-purpose-facility/8-asset-switch-portfolio,,,,,,,,38.04255,-84.4997,1748304000000.0,1748304000000.0,,Unknown,,,,,,108912.0,,,,,Unknown,,,Fayette,,,,Media Monitoring,-84.49969999999996,38.042550000000055
327,PowerHouse Data Centers,Camp Ground Rd,Louisville,KY,40216.0,High,,,,https://www.datacenterdynamics.com/en/news/powerhouse-plans-400mw-data-center-campus-in-louisville-kentucky/,https://www.wdrb.com/in-depth/louisville-data-center-plan-advances-after-unanimous-vote/article_23d6a67c-2e0c-4b28-88d5-75aec98cd1ff.html,,,,,,,38.19817,-85.8509,1750377600000.0,1750377600000.0,130-402,Hyperscale (101-999 MW),,,,,,1800000.0,,150.0,$6 billion,,Proposed,,,Jefferson,,,,Media Monitoring,-85.85089999999995,38.19817000000006
328,Project Sophie (Soluna),,Murray,KY,,Low,,,,https://baxtel.com/data-center/soluna-project-sophie?lat=36.54308464821985&lng=-88.36226063424738&distance=27294.14912016671,https://www.datacenterdynamics.com/en/news/soluna-to-develop-two-new-data-centers-in-texas-with-a-combined-capacity-of-350mw/,,,,,,,36.61113,-88.3167,1756512000000.0,1756512000000.0,25,Medium (11-50 MW),,,,,,,,,,,Operating,,,Calloway,,,,Media Monitoring,-88.31669999999997,36.61113000000006
329,Riot,5600 Commerce Dr,Paducah,KY,42001.0,High,,Riot,,https://www.datacenterdynamics.com/en/news/riot-to-convert-cryptomine-site-in-texas-to-hpc-signs-25mw-lease-with-amd/,https://www.wpsdlocal6.com/newsletter_stories/city-leaders-hope-to-fill-space-after-cryptocurrency-company-leaves-amerisourcebergen-building-in-paducah/article_6d9aefce-e236-11ec-b493-2ba86b7b6a5b.html,,,,,,,37.08831,-88.70305,1768780800000.0,,,Unknown,,,,,,,,,,Crypto pivoting to HPC,Expanding,,,McCracken,,,,Media Monitoring,-88.70304999999996,37.088310000000035
330,Riot ,Coleman Rd,Paducah,KY,42001.0,Medium,,Riot,,https://www.datacenterdynamics.com/en/news/riot-to-convert-cryptomine-site-in-texas-to-hpc-signs-25mw-lease-with-amd/,,,,,,,,37.088593,-88.676155,1768780800000.0,,60,Large (51-100 MW),Grid (unspecified mix),,,,,,,,,Crypto moving towards HPC,Expanding,,,McCracken,,,,Media Monitoring,-88.67615499999994,37.08859300000007
331,State Line Project data center campus,"North of Blanchard, near Hwy 1",Blanchard,LA,71107.0,Low,,TXLAAR LLC,,https://www.datacenterdynamics.com/en/news/data-center-planned-near-shreveport-louisiana-report/,,,,,,,,32.656498,-93.904144,1768780800000.0,,,Unknown,,,,,Water,,,810.0,,5 million gals/day water,Proposed,,,Caddo,,,,Media Monitoring,-93.90414399999997,32.65649800000005
332,TXLAAR LLC data center,Hwy 3,Bossier Parish,LA,,Low,,TXLAAR LLC,,https://www.datacenterdynamics.com/en/news/data-center-planned-near-shreveport-louisiana-report/,,,,,,,,32.725018,-93.72789,1768780800000.0,,,Unknown,,,,,,,,1080.0,,,Proposed,,,Bossier,,,,Media Monitoring,-93.72788999999996,32.72501800000002
333,"Meta RPL-10X ""Hyperion"" /""Project Sucre""",Burn Rd,Rayville,LA,71269.0,High,,Meta,,https://www.datacenterdynamics.com/en/news/meta-announces-4-million-sq-ft-louisiana-data-center-campus/,https://louisianasiteselection.com/api/Upload/FileDownload?guid=56ec41afe38d458282a61cebe1b47c3e,https://www.opportunitylouisiana.gov/news/meta-selects-northeast-louisiana-as-site-of-10-billion-artificial-intelligence-optimized-data-center-governor-jeff-landry-calls-investment-a-new-chapter-for-state,https://www.datacenterdynamics.com/en/news/entergy-to-build-12bn-500kv-transmission-line-to-serve-meta-mega-data-center-in-louisiana/,https://www.datacenterdynamics.com/en/news/entergy-obtains-approval-to-construct-three-gas-facilities-to-serve-metas-2gw-data-center-in-louisiana/,https://www.bgr.com/1990532/meta-new-aid-data-center-size-70-football-fields-residents-scared-water/,https://lailluminator.com/briefs/entergy-builds-power-plant-for-data-center/,,32.50788,-91.6349,1756252800000.0,1764633600000.0,"1,500-2,200","Mega campus (>1,000 MW)",Natural gas,2,,,,4000000.0,,2250.0,$10 billion,"Run on gas turbines from 3 dedicated power plants able to generate 2200 MW, also 1.5 GW solar approved. ""Size of 70 football fields."" Set to be the world’s largest data center",Approved/Permitted/Under construction,,2028.0,Richland,Yes,https://www.myarklamiss.com/news/louisiana-delta-chapter-of-the-sierra-club-hosts-town-hall-meeting-in-rayville-about-meta-project/,https://capitalbnews.org/meta-richland-parish-ai-data-center/,Crowdsourced,-91.63489999999996,32.50788000000005
334,DartPoints data center,601 Milam St,Shreveport,LA,71101.0,High,,,,https://dartpoints.com/locations/louisiana3/,,,,,,,,32.51101,-93.7498,1757980800000.0,1757980800000.0,,Unknown,,,,,,8700.0,,,,,Operating,,,Caddo,,,,Media Monitoring,-93.74979999999992,32.51101000000005
335,Data center,7340 Greenwood Rd,Shreveport,LA,71119.0,High,,,,https://web.archive.org/web/20250912021859/https://www.shreveportbossieradvocate.com/business/west-shreveport-tapped-for-one-million-square-foot-data-center/article_f58624b7-a568-433b-8943-9200c28cde51.html,,,,,,,,32.45425,-93.9052,1757894400000.0,1757894400000.0,,Unknown,,,,,,1000000.0,,,,,Proposed,,,Caddo,,,,Media Monitoring,-93.90519999999998,32.45425000000005
336,River Bend Campus,off Louisiana Highway 964,St. Francisville,LA,70748.0,Low,AI and Bitcoin,Hut 8,,https://www.datacenterdynamics.com/en/news/hut-8-secures-592-acres-for-300mw-bitcoin-and-ai-data-center/,https://www.govtech.com/products/data-center-deal-could-net-louisiana-parish-90m-a-year,,,,,,,30.751701,-91.27455,1764115200000.0,1763942400000.0,300,Hyperscale (101-999 MW),,,,2.0,,900000.0,Closed loop,592.0,$2.5 billion,"Unique revenue agreement will allows West Feliciana Parish to collect payments in lieu of traditional property taxes, a plan known as Payment in Lieu of Taxes or PILOT. Parish officials say it will generate more revenue than Louisiana’s standard tax incentive programs, up to $90 million a year for 30 years. Located near the River Bend Nuclear Power Plant, has easy access to both natural gas and transmission lines",Approved/Permitted/Under construction,,2026.0,East Feliciana,,,,Media Monitoring,-91.27454999999998,30.751701000000015
337,River Bend Data Center Campus,"near River Bend Rd, West Feliciana Parish",St. Francisville,LA,70775.0,Medium,,,"Fluidstack, Anthropic, Google",https://www.datacenterdynamics.com/en/news/hut-8-signs-245mw-capacity-deal-with-fluidstack-as-part-of-multi-gigawatt-partnership-with-anthropic/,,,,,,,,30.764305,-91.337296,1766016000000.0,,245,Hyperscale (101-999 MW),,,,,,,,627.0,$7-17.7 billion,,Proposed,,2027.0,West Feliciana,,,,Media Monitoring,-91.337296,30.764305000000032
338,Markely data center,1 Summer St,Boston,MA,2110.0,High,,,,https://www.markleygroup.com/data-center,https://www.datacenters.com/markley-group-boston,,,,,,,42.354603,-71.05991,1768867200000.0,,30,Medium (11-50 MW),,,,,,920000.0,,,,,Operating,,,Suffolk,,,,Media Monitoring,-71.05990999999995,42.35460300000005
339,Data center,Everett Docklands Innovation District,Everett,MA,2149.0,Medium,,,,https://advocatenews.net/everett/news/city-councillors-question-plan-for-data-center-in-docklands-innovation-district/,,,,,,,,42.39638,-71.05932,1769040000000.0,,,Unknown,,,,,,,,,,,Proposed,,,Middlesex,,,,Media Monitoring,-71.05931999999996,42.39638000000008
340,Markely data center,1 Markley Way,Lowell,MA,1852.0,High,,,,https://www.markleygroup.com/data-center,https://www.datacenters.com/markley-group-boston,https://www.govtech.com/analytics/massachusetts-residents-protest-data-farm-expansion,https://www.lowellsun.com/2025/06/25/lowell-city-council-approves-markley-groups-diesel-fueled-expansion/,https://www.yahoo.com/news/articles/25-investigates-raised-concerns-mass-230539627.html,,,,42.6302,-71.304825,1768867200000.0,,,Unknown,,,,11.0,,352000.0,,14.0,,,Expanding,,,Middlesex,Yes,Honest Future for Lowell,,Media Monitoring,-71.30482499999994,42.63020000000006
341,Medford,1 Cabot Rd,Medford,MA,2155.0,High,,,,https://www.expedient.com/data-centers/boston/,,,,,,,,42.40601,-71.0752,1756771200000.0,1756771200000.0,3.2,Small (0-10 MW),,,,,,40000.0,,,,,Operating,,,Middlesex,,,,Media Monitoring,-71.07519999999994,42.40601000000003
342,Servistar data center,199 Servistar Industrial Way,Westfield,MA,1085.0,High,,,,https://theshoestring.org/2025/12/30/ai-hallucination-proposed-westfield-data-center-appears-abandoned-by-developers/,https://www.nbcboston.com/news/local/massive-multi-billion-dollar-data-center-campus-planned-in-western-massachusetts/3795016/,,,,,,,42.15831,-72.74108,1768867200000.0,,300,Hyperscale (101-999 MW),Grid (unspecified mix),,,10.0,,2700000.0,,156.0,,,Proposed,,,Hampden,,,,Media Monitoring,-72.74107999999995,42.15831000000003
343,Tidepoint,"1050 Hull Street, Suite 150",Baltimore,MD,21230.0,High,,,,https://www.expedient.com/data-centers/baltimore/,,,,,,,,39.27421,-76.5911,1756771200000.0,1756771200000.0,1.5,Small (0-10 MW),,,,,,23000.0,,,,,Operating,,,Baltimore,,,,Media Monitoring,-76.59109999999998,39.274210000000046
344,Mag Partners data centers,,Baltimore Peninsula/ Port Covington,MD,21230.0,Medium,,,,https://www.datacenterdynamics.com/en/news/new-york-based-mag-partners-may-build-data-centers-on-235-acre-site-in-baltimore/,,,,,,,,39.26509,-76.6127,1754697600000.0,1754697600000.0,,Unknown,,,,,,,,235.0,,,Proposed,,,Baltimore,,,,Media Monitoring,-76.61269999999995,39.265090000000036
345,Aligned,5601 Manor Woods Road,Frederick,MD,21703.0,High,,,,https://www.datacenterdynamics.com/en/news/aligned-looks-to-develop-three-more-data-centers-at-quantum-frederick-park-in-maryland/,,,,,,,,39.3343,-77.4679,1748044800000.0,1748044800000.0,264,Hyperscale (101-999 MW),,,,,,1100000.0,,2100.0,,,Unknown,,,Frederick,,,,Media Monitoring,-77.46789999999999,39.33430000000004
346,Brightseat Tech Park data center,site of former Landover Mall,Hyattsville,MD,20785.0,High,,,,https://www.nbcwashington.com/news/local/prince-georges-county-to-pause-data-center-development/3988847/,https://www.washingtoninformer.com/landover-data-center-protest/,https://web.archive.org/web/20250401004408/https://www.pgcedc.com/latest-pgcedc-news/2024/10/29/5b-data-center-campus-on-former-landover-mall-footprint-could-break-ground-by-2026,https://www.washingtoninformer.com/landover-data-center-protest/,,,,,38.91977,-76.8565,1758067200000.0,1758067200000.0,820,Hyperscale (101-999 MW),,,,,,4100000.0,,,$5 billion,,Suspended,,,Prince George's,,,,Media Monitoring,-76.85649999999997,38.91977000000002
347,BWI1,11155 Red Run Blvd #200,Owings Mills,MD,21117.0,High,,,,https://www.expedient.com/data-centers/baltimore/,,,,,,,,39.42716,-76.8118,1756771200000.0,1756771200000.0,0.8,Small (0-10 MW),,,,,,22000.0,,,,,Operating,,,Baltimore,,,,Media Monitoring,-76.81179999999995,39.427160000000065
348,Prosperity Drive Data Center,12401 Prosperity Dr,Silver Spring,MD,20904.0,High,,,,https://www.datacenterdynamics.com/en/news/data-center-in-maryland-sold-to-local-real-estate-group/,,,,,,,,39.05859,-76.9644,1755561600000.0,1755561600000.0,5-100,Unknown,,,,,,214000.0,,,,,Operating,,,Montgomery,,,,Media Monitoring,-76.96439999999996,39.05859000000003
349,Security Land and Development LLC data center,,Woodlawn,MD,,Low,,,,https://www.datacenterdynamics.com/en/news/150mw-data-center-proposed-for-baltimore-county-maryland/,,,,,,,,39.319317,-76.74747,1765411200000.0,,150,Hyperscale (101-999 MW),,,,,,,,42.0,,,Proposed,,,Baltimore,,,,Media Monitoring,-76.74746999999996,39.31931700000006
350,Tier III AI Data Center,140 Mill Street,Lewiston,ME,4240.0,High,AI,MillCompute LLC,,https://www.datacenterdynamics.com/en/news/tier-iii-ai-data-center-proposed-for-lewiston-bates-mill-in-maine/,https://www.mainepublic.org/business-and-economy/2025-12-17/lewiston-city-council-shoots-down-data-center-proposal,https://www.newscentermaine.com/article/news/local/lewiston-auburn/lewiston-city-councilors-unanimously-vote-down-ai-data-center-proposal/97-392ae679-b55b-430c-b1b3-8dd641dd3489,,,,,,44.094273,-70.21859,1766016000000.0,1766102400000.0,,Unknown,,,,,,85000.0,,,$300 million,"The proposed data center would have taken up the first two floors of Bates Mill No.3. On 12/16/25, Lewiston city councilors unanimously rejected the proposal",Cancelled,,,Androscoggin,Yes,https://www.facebook.com/groups/881401921000636/,,Media Monitoring,-70.21858999999995,44.094273000000044
351,Data center at former Maine Yankee nuclear power plant,321 Old Ferry Rd,Wicasset,ME,4578.0,High,,,,https://www.datacenterdynamics.com/en/news/vampire-data-center-scheme-irks-residents-in-wiscasset-maine/,,,,,,,,43.95572,-69.69428,1760486400000.0,1760486400000.0,,Unknown,,,,,,,,,,,Proposed,,,Lincoln,,,,Media Monitoring,-69.69427999999994,43.955720000000035
352,Solstice Data Center,Enterprise Drive,Allen Park,MI,,High,,Solstice,,https://www.thenewsherald.com/2025/12/08/data-center-proposed-in-allen-park-to-be-considered-by-planners/,https://cityofallenpark.org/departments/building_and_engineering/faq.php#collapse23880b2,https://cms3.revize.com/revize/allenparkmi/Documents/Departments/Building%20and%20Engineering/Development%20Projects%20&%20Public%20Hearings/2026/2026.01.08%20Data%20Center/SD-SPBG01-ZZ-Z-BGT-RP-Z-80412%20Report%20for%20PC.pdf?t=202601051514460&t=202601051514460,https://planetdetroit.org/2026/01/allen-park-data-center-proposal/,https://planetdetroit.org/2026/01/allen-park-postpones-data-center-decision/,,,,42.268654,-83.208176,1767830400000.0,1767916800000.0,26,Medium (11-50 MW),,,12,,,45400.0,,,,,Suspended,,,Wayne,Yes,https://tockify.com/miresistevents/detail/1285/1767913200000,,Crowdsourced,-83.20817599999998,42.26865400000003
353,Thor Equities data center,Between Milan-Oakville Rd and Arkona Rds,Augusta Township,MI,48160.0,,,,,https://www.mlive.com/news/ann-arbor/2025/07/farmland-rezoned-for-proposed-1b-data-center-in-southeast-washtenaw-county.html,https://www.datacenterdynamics.com/en/news/local-officials-recommend-denial-of-thor-equities-data-center-in-michigan/,https://augustatownship.org/wp-content/uploads/2025/05/Data_Center_Review.pdf,https://bridgemi.com/michigan-environment-watch/tiny-michigan-town-hopes-to-stop-data-center-with-ballot-initiative/,,,,,42.091705,-83.63743,1763251200000.0,,,Hyperscale (101-999 MW),,,,,,,,822.0,$1 billion,,Proposed,,,Washtenaw,Yes,,,Media Monitoring,-83.63742999999994,42.09170500000004
354,US Signal data center,9275 Haggerty Road,Belleville,MI,48111.0,High,,,,https://www.datacenterdynamics.com/en/news/us-signal-to-expand-capacity-at-data-centers-in-michigan-detroit/,https://ussignal.com/data-centers/mi03-detroit/,https://www.datacenterdynamics.com/en/news/panattoni-looks-to-develop-1gw-data-center-campus-outside-detroit-michigan/,,,,,,42.23536,-83.4441,1749427200000.0,1767830400000.0,1.5,Small (0-10 MW),,,,,,87100.0,,,,Purported to add 3MW of commercial power,Expanding,,,Wayne,,,,Media Monitoring,-83.44409999999993,42.23536000000007
355,Switch Pyramid Data Center,6100 E Paris Ave SE,Caledonia,MI,49316.0,High,,Switch,,https://www.datacenterdynamics.com/en/news/switch-plans-second-expansion-of-pyramid-data-center-campus-in-grand-rapids-michigan/,,,,,,,,42.852547,-85.560104,1765324800000.0,,320,Hyperscale (101-999 MW),,,,3.0,,1800000.0,,,$5 billion,Expanding; adding third building,Approved/Permitted/Under construction,,,Kent,,,,Crowdsourced,-85.56010399999997,42.85254700000007
356,"Hyperscale Data, Inc.",415 East Prairie Ronde Street,Dowagiac,MI,49047.0,High,,,,https://www.dbusiness.com/daily-news/hyperscale-data-planning-major-expansion-of-michigan-ai-data-center-by-2029/,,,,,,,,41.992455,-86.098976,1766534400000.0,,30-340,Hyperscale (101-999 MW),,,,,,617000.0,,34.0,,,Operating,Expanding,2029.0,Cass,,,,Crowdsourced,-86.09897599999992,41.99245500000006
357,Cloverleaf Infrastructure data center,~15398 Day Rd,Dundee,MI,48131.0,High,,,,https://www.datacenterdynamics.com/en/news/cloverleaf-drops-initial-plans-for-michigan-data-center-council-votes-to-block-water-supply/,,,,,,,,41.997276,-83.66742,1762128000000.0,,,Unknown,,,,,,,,750.0,,,Suspended,,,Monroe,Yes,,,Media Monitoring,-83.66741999999994,41.99727600000004
358,Southfield Data Center,Inkster Road between 11 Mile and 696,Farmington Hills,MI,48334.0,Medium,,Metrobloks LLC,,https://www.fox2detroit.com/news/new-ai-data-center-proposed-southfield-amid-others-across-metro-detroit,https://www.cbsnews.com/detroit/news/southfield-data-center-proposal-city-council-vote/,https://planetdetroit.org/2025/12/southfield-data-center-approval/,https://www.wxyz.com/news/southfield-residents-voice-concerns-over-proposed-data-center-at-packed-council-meeting,,,,,42.488056,-83.31892,1767484800000.0,,100,Large (51-100 MW),Grid (unspecified mix),,,,,110000.0,,,,,Proposed,,,Oakland,Yes,,,Media Monitoring,-83.31891999999993,42.48805600000003
359,Howell Data Center,5781 Grand River Ave,Fowlerville,MI,48836.0,High,,Santec Consulting,Meta,https://www.datacenterdynamics.com/en/news/1000-acre-data-center-campus-planned-outside-detroit-michigan-set-to-be-blocked/,https://planetdetroit.org/2025/09/data-center-rezoning-howell/,https://www.cbsnews.com/detroit/news/howell-township-data-center-developer-withdraws-project-application/,https://michiganadvance.com/2025/11/21/local-michigan-township-trustee-says-meta-is-behind-data-center-project-planned-near-howell/,https://www.mlive.com/news/ann-arbor/2025/11/meta-behind-1b-data-center-project-near-howell-trustee-confirms.html,https://www.whmi.com/news/article/developers-withdraw-re-zoning-application-for-proposed-data-center-in-howell-twp?fbclid=IwY2xjawOjxD5leHRuA2FlbQIxMABicmlkETFGTWdNTnFwVzhHUFAxcXRrc3J0YwZhcHBfaWQQMjIyMDM5MTc4ODIwMDg5MgABHqbt42SjPESM_B2BmdYNZGnBkWqqW2rX4bXuiVk3lYnyLj84qbo_n3pDm2Yp_aem_SOH2yzjxxo5bOquwuYeBEw,https://www.whmi.com/news/article/vangilder-family-farm-data-center,https://planetdetroit.org/2025/12/billion-dollar-data-center-paused/,42.655422,-84.02875,1763251200000.0,1763942400000.0,,Hyperscale (101-999 MW),,,,,,,,1077.0,$1 billion,6 month Howell Township moratorium on data centers proposals does not apply to this facility,Cancelled,,,Livingston,Yes,https://www.facebook.com/groups/1890995838502334/,https://www.change.org/p/stop-the-construction-of-michigan-s-largest-data-center-in-howell,Media Monitoring,-84.02874999999995,42.655422000000044
360,Microsoft data center,7174 Patterson Ave SE,Grand Rapids,MI,49512.0,High,,Microsoft,,https://www.datacenterdynamics.com/en/news/microsoft-confirms-plans-for-data-center-in-grand-rapids-michigan/,,,,,,,,42.85125,-85.54604,1766016000000.0,,,Unknown,,,,,,,,316.0,,,Proposed,,,Kent,,,,Media Monitoring,-85.54603999999993,42.85125000000004
361,Franklin Partners LLC data center,S 26th Street and E N Avenue,Kalamazoo,MI,49048.0,High,,,,https://www.youtube.com/watch?v=7TLuvv42Hjo,https://wwmt.com/news/local/data-center-indistrial-hub-pavilion-township-community-concerns-halt-project-kalamazoo-county-franklin-partners-llc,,,,,,,42.243793,-85.51012,1762128000000.0,,,Unknown,,,,,,,,,,"Developer Don Shoemaker: ""Public displeasure is not our way of doing business. We want to be sure our interests are aligned with the community.""",Suspended,,,Kalamazoo,Yes,,,Media Monitoring,-85.51011999999999,42.243793000000046
362,Rocklocker LLC,Island Lake and South River Rds,Kalkaska Township,MI,49646.0,,,,,https://www.datacenterdynamics.com/en/news/opposition-leads-developer-to-withdraw-data-center-proposal-in-kalkaska-county-michigan/,https://www.interlochenpublicradio.org/2025-11-19/yall-should-stop-crowd-gives-cold-response-to-kalkaska-data-center-idea,https://www.9and10news.com/2025/11/17/residents-voice-concerns-over-proposed-data-center-in-kalkaska-county,,,,,,44.728703,-85.21632,1764201600000.0,,1000,"Mega campus (>1,000 MW)",,,,,,,,1440.0,,,Cancelled,,,Kalkaska,Yes,,,Media Monitoring,-85.21631999999994,44.72870300000005
363,Deep Green data center,229 S Cedar St,Lansing,MI,48912.0,High,,Deep Green,,https://www.lansingstatejournal.com/story/money/business/2025/11/05/lansing-data-center-deep-green-bwl/87051236007/,https://www.wilx.com/2025/11/19/citizens-call-data-center-contract-transparency-lansing/,https://www.datacenterdynamics.com/en/news/lansing-michigan-sends-mixed-messages-regarding-120m-data-center/,,,,,,42.731003,-84.545654,1764547200000.0,1768521600000.0,24,Medium (11-50 MW),,,,1.0,,25000.0,,3.0,$120 million,,Proposed,,,Ingham,,,,Media Monitoring,-84.54565399999996,42.73100300000004
364,Lowell Covenant Business Park Data Center,4687 Alden Nash Ave SE,Lowell,MI,49331.0,High,,Franklin Partners,Microsoft,https://www.mlive.com/news/grand-rapids/2025/12/why-a-top-10-company-is-eyeing-a-data-center-in-this-west-michigan-town.html,https://www.change.org/p/big-tech-wants-our-community-lowell-mi-and-great-lakes-allies-say-no,https://www.datacenterdynamics.com/en/news/developer-in-lowell-township-michigan-withdraws-data-center-application-following-opposition/,https://www.wzzm13.com/article/news/local/microsoft-proposed-lowell-data-center/69-7cdddbc3-6793-4fbc-bd27-1d99f2a76e8e,,,,,42.880783,-85.376175,1765152000000.0,1769212800000.0,,Unknown,,,,,,,,237.0,,,Suspended,,,Kent,Yes,https://www.facebook.com/residentsunitedlowell,https://linktr.ee/residentsunitedlowell,Media Monitoring,-85.37617499999999,42.88078300000005
365,Hyperscale data center,,Lower Peninsula,MI,,Low,,,,https://www.datacenterdynamics.com/en/news/michigan-utility-consumers-energy-to-provide-1gw-of-power-to-new-hyperscale-data-center/,,,,,,,,43.66056,-84.6665,1754524800000.0,1754524800000.0,1000,"Mega campus (>1,000 MW)",,,,,,,,,,Consumers Energy (CMS) is set to provide the energy for this data center,Unknown,,,Isabella,,,,Media Monitoring,-84.66649999999998,43.66056000000003
366,Alterra Development Corporation data center,Brooks Industrial Park,Marshall,MI,49068.0,Medium,,Alterra Development,,https://www.mlive.com/news/jackson/2025/12/marshall-approves-112m-land-sale-for-data-center-gas-plant-project.html,https://choose-marshall.s3.amazonaws.com/images/economic-development-images/BrooksIndParkINFASTRUCTURE.jpg?v=1757959619,,,,,,,42.239025,-84.955826,1766188800000.0,,,"Mega campus (>1,000 MW)",Grid (unspecified mix),,,,,,Closed loop,112.0,$1.12 million,Also includes gas plant,Proposed,,,Calhoun,,,,Crowdsourced,-84.95582599999994,42.23902500000002
367,"Project Flex, Lyon Township data center",29134-29282 Milford Rd,New Hudson,MI,48165.0,High,AI and Cloud Computing,Verrus,,https://www.wxyz.com/news/region/oakland-county/lyon-township-residents-blindsided-by-ai-data-center-approval-near-homes,https://www.hometownlife.com/story/news/2025/12/12/lyon-township-data-center-business-park/87734299007/,https://planetdetroit.org/2025/12/michigan-data-center-news-roundup/,https://planetdetroit.org/2026/01/lyon-township-data-center-plan/,https://www.datacenterdynamics.com/en/news/180-acre-data-center-set-to-be-built-in-lyon-township-michigan/,,,,42.50185,-83.61119,1765756800000.0,1769126400000.0,525,Hyperscale (101-999 MW),,,,6.0,,1800000.0,,172.0,,,Approved/Permitted/Under construction,,,Oakland,,,,Crowdsourced,-83.61118999999997,42.50185000000004
368,"Related Digital ""The Barn""","NW side of US-12, near Willow Rd",Saline,MI,48176.0,Medium,,Related Digital,Open AI and Oracle,https://www.datacenterdynamics.com/en/news/related-pitches-575-acre-data-center-campus-outside-detroit-michigan/,https://www.msn.com/en-us/money/realestate/proposal-to-build-computer-data-center-near-saline-sparks-debate/ar-AA1KqiDZ?apiversion=v2&noservercache=1&domshim=1&renderwebcomponents=1&wcseo=1&batchservertelemetry=1&noservertelemetry=1,https://thesuntimesnews.com/saline-township-board-delays-related-digital-data-center-rezoning-decision-to-september/,https://www.mlive.com/news/ann-arbor/2025/09/data-center-for-ai-computing-rejected-in-farming-community-near-ann-arbor.html,https://www.mlive.com/news/ann-arbor/2025/10/rural-residents-in-an-uproar-over-openais-massive-data-center-project-in-saline-township.html,https://www.mlive.com/news/2025/11/dte-asks-to-rush-approval-of-massive-data-center-deal-avoiding-hearings.html,https://thelivingstonpost.com/data-center-developer-takes-a-small-michigan-farming-community-to-court/,https://www.wfmj.com/story/53219407/michigan-secures-new-data-center-joining-lordstown-in-ai-race,42.112755,-83.88956,1757808000000.0,1736035200000.0,1400,"Mega campus (>1,000 MW)",,,,,,2200000.0,,575.0,$7-10 billion,DTE is set to provide the energy for this data center. Proposal to rezone from ag to industrial.,Suspended,"One year moratorium in Saline Township issued, 1/15/2026",,Washtenaw,Yes,https://thesalinepost.com/g/saline-mi/n/358617/city-saline-institutes-temporary-moratorium-data-centers,,Media Monitoring,-83.88955999999995,42.112755000000035
369,Panattoni Project Cannoli,along I-94 from Haggerty to Hannan Roads,Van Buren Township,MI,48111.0,High,,,,https://www.datacenterdynamics.com/en/news/panattoni-looks-to-develop-1gw-data-center-campus-outside-detroit-michigan/,https://www.wemu.org/wemu-news/2025-12-12/big-crowd-in-van-buren-township-looks-for-answers-on-proposed-data-center,https://planetdetroit.org/2025/12/van-buren-data-center-pitch/,https://planetdetroit.org/2026/01/van-buren-data-center-protest/,,,,,42.22704,-83.43421,1766016000000.0,1768521600000.0,1000,"Mega campus (>1,000 MW)",,,,3.0,Water,800000.0,,282.0,,"2-3.6 million gal/day for cooling, diesel backup generators",Proposed,,,Wayne,Yes,https://www.change.org/p/stop-the-massive-data-center-in-van-buren-township-michigan,,Media Monitoring,-83.43420999999995,42.22704000000003
370,Washington Township Data Center,"on the south side of 32 Mile Road, between M-53 and Powell Road",Washington Township,MI,48095.0,Medium,,Prologis,,https://planetdetroit.org/2025/12/washington-township-data-center-hearing/,,,,,,,,42.80183,-82.99235,1767484800000.0,,,Unknown,,,,,,,,,,Rezoning application pending,Proposed,,,Macomb,Yes,https://www.facebook.com/groups/1507890697089577/,,Media Monitoring,-82.99234999999999,42.80183000000005
371,University of Michigan data center,10221 Textile Road,Ypsilanti,MI,48197.0,High,,,,https://www.mlive.com/news/2025/05/protesters-disrupt-talk-on-university-of-michigans-proposed-12b-data-center.html,https://www.mlive.com/news/ann-arbor/2024/12/price-tag-is-12b-for-university-of-michigan-los-alamos-project-to-build-fastest-computer.html,https://www.datacenterdynamics.com/en/news/opposition-calls-to-relocate-12bn-university-of-michigan-data-centers/,https://planetdetroit.org/2025/12/university-of-michigan-data-center-funding/,,,,,42.20446,-83.5551,1755820800000.0,1755820800000.0,,Unknown,,,,,,,,,$1.2 billion,Being pressured to relocate,Proposed,,,Washtenaw,,,,Media Monitoring,-83.55509999999998,42.20446000000004
372,Amazon,,Becker,MN,55308.0,Medium,,Amazon,,https://www.msn.com/en-us/money/companies/amazon-suspends-minnesota-data-center-as-lawmakers-plan-to-reduce-big-tech-tax-breaks/ar-AA1Fj3re,https://www.fox9.com/news/amazon-becker-data-center,https://www.datacenterdynamics.com/en/news/amazon-web-services-suspends-plans-for-minnesota-data-center/,,,,,,45.38527,-93.8805,1747958400000.0,1747958400000.0,,Unknown,,,,,,,,,,,Suspended,,,Sherburne,,,,Media Monitoring,-93.88049999999997,45.385270000000055
373,TRACT data center,betw Rochester Blvd and Hwy 52,Cannon Falls,MN,55065.0,High,,,,https://www.kttc.com/2025/08/27/cannon-falls-explores-major-data-center-project-following-land-annexation/,https://finance-commerce.com/2025/07/cannon-falls-data-center-tract-auar-review/,,,,,,,44.53196,-92.9268,1756771200000.0,1756771200000.0,,Unknown,,,,,,1750000.0,,253.0,,,Proposed,,,Dakota,,,,Media Monitoring,-92.92679999999997,44.53196000000003
374,Cielo Digital Infrastructure,,Chisago,MN,55013.0,Low,,,,https://www.datacenterdynamics.com/en/news/cielo-digital-infrastructure-plans-300mw-data-center-campus-in-south-carolina/,,,,,,,,45.3618,-92.9186,1750723200000.0,1750723200000.0,300,Hyperscale (101-999 MW),,,,,,,,157.0,,,Proposed,,,Chisago,,,,Media Monitoring,-92.91859999999997,45.36180000000007
375,Centra: MSP1,610 Opperman Dr,Eagan,MN,55123.0,High,,,,https://www.datacenterdynamics.com/en/news/centra-breaks-ground-on-data-center-redevelopment-in-minneapolis-minnesota/,,,,,,,,44.82953,-93.1176,1754438400000.0,1754438400000.0,12,Medium (11-50 MW),,,,,,,,,,,Unknown,,,Dakota,,,,Media Monitoring,-93.11759999999998,44.82953000000002
376,TRACT data center,near 2800 220th St W,Farmington,MN,55024.0,High,,,,https://finance-commerce.com/2025/07/cannon-falls-data-center-tract-auar-review/,,,,,,,,44.62754,-93.1229,1756771200000.0,1756771200000.0,,Unknown,,,,12.0,,2600000.0,,342.0,,2 campuses,Proposed,,,Dakota,,,,Media Monitoring,-93.12289999999996,44.62754000000005
377,"""Project Loon"" data center",~3688 Co Hwy 13,Hermantown,MN,55810.0,High,,Harmony Group LLC,,https://web.archive.org/web/20250923222004/https://www.startribune.com/northern-minnesota-mystery-project-identified-as-data-center-in-communications-to-city/601477059,https://hermantownmn.com/project/#1760042903195-d604f6bd-60cc,https://www.fox9.com/news/hermantown-city-council-data-center,https://www.duluthnewstribune.com/news/local/charged-debate-over-hermantown-data-center-draws-crowd,https://www.mprnews.org/story/2025/10/21/hermantown-data-center-moves-forward-despite-opposition,https://www.mprnews.org/story/2025/10/22/hermantown-delays-permits-for-disputed-data-center,https://www.mprnews.org/story/2025/11/14/hermantown-data-center-developer-plans-public-meeting,,46.77741,-92.28186,1761004800000.0,1764115200000.0,,Hyperscale (101-999 MW),,,,,Water,1800000.0,Open loop,220.0,$650 million,"Developer has put project on hold in order to hold an open house to address community concerns, while city officials decide whether an additional environmental review is warranted. Minnesota Center for Environmental Advocacy filed a lawsuit with the citizen group ""Stop the Hermantown Data Center"" against the city of Hermantown, challenging their environmental review",Suspended,,,St. Louis,Yes,https://stopthehermantowndatacenter.org/,,Media Monitoring,-92.28185999999994,46.777410000000025
378,US Internet data center,3819 W Broadway,Minneapolis,MN,55422.0,High,,,,https://www.datacenterdynamics.com/en/news/minnesota-abortion-clinic-site-set-to-be-turned-into-data-center-pro-life-memorial-held/,,,,,,,,45.02485,-93.3328,1754006400000.0,1754006400000.0,,Unknown,,,,,,4000.0,,,,former abortion clinic,Proposed,,,Hennepin,,,,Media Monitoring,-93.33279999999996,45.024850000000065
379,Geronimo Power data center,"Summit Lake, Elk, Bloom, and Seward townships",Nobles County,MN,,Low,,,,https://www.datacenterdynamics.com/en/news/geronimo-power-proposes-data-center-in-nobles-county-minnesota/,,,,,,,,43.85769,-95.73042,1765152000000.0,,400-500,Hyperscale (101-999 MW),Hybrid (onsite and grid),,,,,,,,,,Proposed,,2030.0,Murray,,,,Media Monitoring,-95.73042,43.85769000000004
380,Ryan Cos. US Inc technology/ data center,49199-49821 195th Ave,Pine Island,MN,55963.0,High,,,,https://finance-commerce.com/2025/03/ryan-cos-tech-industrial-hub-pine-island/,https://pineislandmn.gov/vertical/sites/%7B52A5D060-3422-4069-8E86-A961C2752B7F%7D/uploads/Project_Skyway_Scoping_EAW-Appendices_2025.02.27.pdf,,,,,,,44.22483,-92.6442,1753660800000.0,1753660800000.0,,Unknown,,,,,,3000000.0,,482.0,,"Technology center to include data center. Facility size could be 600,000-3,000,000 sq feet",Proposed,,,Goodhue,,,,Media Monitoring,-92.64419999999996,44.22483000000006
381,Data center,3815 N Hinkson Creek Rd,Columbia,MO,65202.0,,,,,https://gocolumbiamo.legistar.com/View.ashx?M=F&ID=14838831&GUID=CD9D24B9-05B4-4203-B9BA-8DC02DA95B03,https://www.komu.com/news/midmissourinews/columbia-residents-speak-against-rezoning-farm-land-for-possible-data-center/article_c4429655-ed89-51d3-a5df-6e57681b2548.html,,,,,,,38.989983,-92.2809,1763251200000.0,,,Unknown,,,,,,,,63.0,,,Proposed,,,Boone,Yes,,,Media Monitoring,-92.28089999999997,38.98998300000004
382,Nebius data center,2501 E Necessary Rd,Independence,MO,64057.0,High,,,,https://www.datacenterdynamics.com/en/news/nebius-plans-800mw-data-center-campus-in-kansas-city-missouri/,,,,,,,,39.073467,-94.332855,1768262400000.0,,880,Hyperscale (101-999 MW),,,,10.0,,2500000.0,Closed loop,,,,Proposed,,,Jackson,,,,Media Monitoring,-94.33285499999994,39.07346700000005
383,Wildwood Ranch Data Center,W 20th St,Joplin,MO,64804.0,High,,,,https://www.datacenterdynamics.com/en/news/officials-in-joplin-missouri-greenlight-rezoning-request-for-potential-data-center/,,,,,,,,37.06882,-94.60008,1769126400000.0,,200,Hyperscale (101-999 MW),,,,,,,,600.0,,,Approved/Permitted/Under construction,,,Jasper,Yes,https://www.change.org/p/stop-the-wildwood-ranch-data-center-project-in-joplin-mo,,Media Monitoring,-94.60008,37.06882000000007
384,Cielo Digital Infrastructure,,Kansas City,MO,,Low,,,,https://www.datacenterdynamics.com/en/news/cielo-digital-infrastructure-plans-300mw-data-center-campus-in-south-carolina/,,,,,,,,39.01764,-94.5668,1750723200000.0,1750723200000.0,500,Hyperscale (101-999 MW),,,,,,,,146.0,,,Proposed,,,Jackson,,,,Media Monitoring,-94.56679999999994,39.01764000000002
385,Google data center (Project Mica),NE corner I-435 and Hwy 169/ Rocky Branch Creek Technology Park,Kansas City,MO,64165.0,Medium,,Google,,https://www.datacenterdynamics.com/en/news/google-files-final-plans-for-rocky-branch-creek-technology-park-in-kansas-city-missouri/,https://baxtel.com/data-center/google-project-mica,,,,,,,39.31801,-94.5773,1756252800000.0,1756252800000.0,,Unknown,,,,,,1800000.0,,500.0,,,Approved/Permitted/Under construction,,,Clay,,,,Media Monitoring,-94.57729999999998,39.318010000000065
386,Meta data center (KCM),1800 NW 128 St,Kansas City,MO,64165.0,High,,Meta,,https://about.fb.com/news/2025/08/metas-kansas-city-data-center/,https://baxtel.com/data-center/meta-kansas-city,https://www.datacenterdynamics.com/en/news/meta-acquires-500-more-acres-in-diodes-golden-plains-park-in-kansas-city-missouri/,,,,,,39.32488,-94.6011,1755734400000.0,1755734400000.0,,Unknown,,,,,,1000000.0,,500.0,$800 million,"LEED gold certified, 100% ""green"" energy",Operating,,,Platte,,,,Media Monitoring,-94.60109999999997,39.32488000000006
387,Project Kestrel (Port KC),State Rte 92 & N Winan Rd,Kansas City,MO,64079.0,High,,,,https://www.kshb.com/news/local-news/tech-firm-eyes-development-for-6-data-centers-north-of-kansas-city-international-airport,https://fox4kc.com/news/100-billion-data-center-coming-to-kansas-citys-northland/,https://fox4kc.com/news/100-billion-data-center-coming-to-kansas-citys-northland/,,,,,,39.35368,-94.6967,1756684800000.0,1756684800000.0,,Unknown,,,,6.0,,1800000.0,,380.0,$100 billion,,Proposed,,,Platte,,,,Media Monitoring,-94.69669999999996,39.353680000000054
388,Project Green: Amazon,Lands west of Fairview and Ellis Rds,New Florence,MO,63363.0,High,,NorthPoint Development,,https://krcgtv.com/news/local/residents-resist-proposed-amazon-development-data-center-projects-in-montgomery-county,https://www.datacenterdynamics.com/en/news/1000-acre-aws-data-center-campus-under-consideration-in-montgomery-county-missouri/,,,,,,,38.905663,-91.41777,1765584000000.0,1768780800000.0,,Hyperscale (101-999 MW),,,,,,3740000.0,Closed loop,1000.0,,"Facility size could be 880,000-3,740,000 sq feet",Proposed,,,Montgomery,Yes,,,Media Monitoring,-91.41776999999995,38.90566300000006
389,Project Spade,Old Hwy 19,New Florence,MO,63363.0,High,,,,https://krcgtv.com/news/local/residents-resist-proposed-amazon-development-data-center-projects-in-montgomery-county,,,,,,,,38.8889,-91.440025,1765584000000.0,,,Hyperscale (101-999 MW),,,,3.0,,3242760.0,,910.0,,,Proposed,,,Montgomery,Yes,,,Media Monitoring,-91.44002499999999,38.88890000000005
390,Diode Ventures Project Harper,"Harper Road Technology Park, 203rd St and Harper St",Peculiar,MO,64012.0,Medium,,Diode Ventures,,https://www.datacenterdynamics.com/en/news/peculiar-officials-in-missouri-remove-data-centers-from-ordinance-blocking-15bn-diode-project/,https://www.datacenterwatch.org/report,https://www.datacenterdynamics.com/en/news/peculiar-officials-in-missouri-remove-data-centers-from-ordinance-blocking-15bn-diode-project/,,,,,,38.74797,-94.4821,1747958400000.0,1764547200000.0,,Hyperscale (101-999 MW),,,,,,300000.0,,,$1.5 billion,,Cancelled,,,Cass,Yes,,,Media Monitoring,-94.48209999999996,38.74797000000006
391,Data center,Hwy 370,St Charles,MO,,Medium,,,,https://fox2now.com/news/missouri/st-charles-proposed-data-center-sparks-environmental-concerns/,,,,,,,,38.82242,-90.5378,1754697600000.0,1754697600000.0,,Unknown,,,,,,,,,,,Proposed,,,St. Charles,,,,Media Monitoring,-90.53779999999996,38.82242000000007
392,Project Cumulus,Elm Point Ave,St Charles,MO,63301.0,High,,,,https://www.ksdk.com/article/money/economy/energy/missouri-massive-data-center-st-charles-secretive-power-water-worries-polluted-groundwater-protected-wetland/63-cdae3e73-efab-4c0c-9215-938d064188e3,https://www.datacenterdynamics.com/en/news/data-center-in-st-charles-missouri-receives-partial-recommendation-for-approval/,https://www.ksdk.com/article/news/local/st-charles-ai-data-center-ban-first-in-nation/63-2c50fbcf-fcad-4b8d-bbcb-3711f6c2d29d,,,,,,38.81535,-90.5454,1756080000000.0,1756080000000.0,,Unknown,,,,,,1500000.0,,440.0,,Aug 2025: 1 year moratorium,Proposed,,,St. Charles,,,,Media Monitoring,-90.54539999999996,38.81535000000008
393,Netrality Data Centers St. Louis - 210 North Tucker,210 N Tucker Blvd Suite 1030,St. Louis,MO,63101.0,High,,,,https://www.firstalert4.com/2025/09/15/after-st-charles-pressed-pause-city-st-louis-considering-data-center-moratorium/,,,,,,,,38.62937,-90.1973,1758067200000.0,1758067200000.0,,Unknown,,,,,,,,,,,Operating,,,St. Louis,,,,Media Monitoring,-90.19729999999998,38.62937000000005
394,Netrality Data Centers St. Louis - 900 Walnut,900 Walnut St,St. Louis,MO,63102.0,High,,,,https://www.firstalert4.com/2025/09/15/after-st-charles-pressed-pause-city-st-louis-considering-data-center-moratorium/,,,,,,,,38.62554,-90.1953,1758067200000.0,1758067200000.0,,Unknown,,,,,,,,,,,Operating,,,St. Louis,,,,Media Monitoring,-90.19529999999997,38.62554000000005
395,Tierpoint data center,3660 Market St,St. Louis,MO,63110.0,High,,,,https://www.youtube.com/watch?v=wYBBZEKJWlk&ab_channel=FOX2St.Louis,,,,,,,,38.63161,-90.2377,1758585600000.0,1758585600000.0,,Unknown,,,,,,,,,$25 million,"Adjacent to substation, second data center to be built in Armory parking lot. County moratorium had been in place until recently.",Proposed,,,St. Louis,,,,Media Monitoring,-90.23769999999996,38.631610000000066
396,TierPoint St Louis data center,1111 Olive St,St. Louis,MO,63101.0,High,,,,https://www.firstalert4.com/2025/09/15/after-st-charles-pressed-pause-city-st-louis-considering-data-center-moratorium/,,,,,,,,38.62968,-90.1963,1758067200000.0,1758067200000.0,,Unknown,,,,,,,,,,,Operating,,,St. Louis,,,,Media Monitoring,-90.19629999999995,38.629680000000064
397,Open AI/ SoftBank data center,"NE Missouri, exact location not announced",,MO,,Low,,,,https://www.wfmj.com/story/53109325/lordstown-part-of-mammoth-dollar500-billion-artificial-intelligence-data-center-project,,,,,,,,40.44322,-92.606,1758844800000.0,1758844800000.0,,Unknown,,,,,,,,,,,Unknown,,,Schuyler,,,,Media Monitoring,-92.60599999999994,40.44322000000005
398,AVAIO Digital,East Metropolitan Center Business and Industrial Park,Brandon,MS,39042.0,Medium,,,,https://www.clarionledger.com/story/business/2025/08/19/6-billion-dollar-avaio-digital-data-center-coming-to-brandon-mississippi/85722542007/,https://buildingsandsites.com/rankinfirst/Property/Detail/13093/East-Metropolitan-Center,https://www.datacenterdynamics.com/en/news/avaio-digital-partners-breaks-ground-on-6bn-data-center-in-mississippi/,,,,,,32.26581,-90.015,1758153600000.0,1758153600000.0,116,Hyperscale (101-999 MW),,,,,,,,329.0,$6 billion,,Approved/Permitted/Under construction,,,Rankin,,,,Media Monitoring,-90.01499999999999,32.26581000000005
399,Amazon Madison Mega Site,1600 West Peace St,Canton,MS,39046.0,High,,Amazon,,https://epoch.ai/data/data-centers/satellite-explorer/AmazonCantonMississippi?ref=404media.co,,,,,,,,32.595337,-90.09618,1767225600000.0,,341-819,Hyperscale (101-999 MW),,,,,Air,,Fans,,,,Operating,,,Madison,,,,Media Monitoring,-90.09617999999995,32.595337000000015
400,"AWS ""Project Atlas""",,Madison,MS,39110.0,Low,,,,https://rbnenergy.com/i-know-places-tech-giants-may-be-the-surest-bets-for-data-center-power-demand,https://baxtel.com/data-center/aws-madison-county-mega-site-campus,https://www.clarionledger.com/story/business/2025/03/07/amazon-web-services-expanding-madison-county-ms-data-center-campus/81914950007/,https://www.datacenterdynamics.com/en/news/aws-confirmed-as-company-behind-10bn-mississippi-data-center-development/,,,,,32.49415,-90.1675,1758153600000.0,1758153600000.0,"1,000+","Mega campus (>1,000 MW)",,,,,,,,1700.0,$10-16 billion,,Proposed,,,Madison,,,,Media Monitoring,-90.16749999999996,32.49415000000005
401,Amazon Ridgeland,west of Highland Colony Pkwy,Ridgeland,MS,39157.0,High,,Amazon,,https://epoch.ai/data/data-centers/satellite-explorer/AmazonRidgelandMississippi?ref=404media.co,https://birdsongconst.com/portfolio/continental-tire/,,,,,,,32.41277,-90.190216,1767225600000.0,,1000,"Mega campus (>1,000 MW)",,,,,,,,,,,Approved/Permitted/Under construction,,2026.0,Madison,,,,Media Monitoring,-90.19021599999996,32.412770000000016
403,Butte Data Center,155 W Granite St,Butte,MT,59701.0,Medium,,Sabey Data Centers,,https://nbcmontana.com/news/local/proposed-butte-data-center-stirs-debate,https://www.change.org/p/stop-the-building-of-a-data-center-in-butte-montana,,,,,,,45.997078,-112.666306,1765238400000.0,1765152000000.0,50-250,Hyperscale (101-999 MW),Grid (unspecified mix),,,2.0,Water,1000000.0,,600.0,$1 billion,Plan to use 30 million gallons of water a year from Silver Lake,Proposed,,2026.0,Silver Bow,Yes,https://meic.org/,,Media Monitoring,-112.66630599999996,45.99707800000003
404,TAC Data Centers: Project Cardinal,North of Perimeter Rd,Great Falls,MT,59401.0,High,,,,https://www.datacenterdynamics.com/en/news/600mw-data-center-campus-proposed-in-montana/,,,,,,,,47.52962,-111.179,1750291200000.0,1750291200000.0,500-600,Hyperscale (101-999 MW),,,,20.0,,2000000.0,,569.0,$1-1.5 billion,,Proposed,,,Cascade,,,,Media Monitoring,-111.17899999999997,47.52962000000009
405,Quantica data center,,Yellowstone County,MT,,Low,,,,https://finance.yahoo.com/news/northwestern-energy-signs-letter-intent-230000474.html,https://montanafreepress.org/2025/07/31/northwestern-energy-inks-power-agreement-with-an-ai-data-center-planned-for-yellowstone-county/,https://www.datacenterdynamics.com/en/news/encap-backed-quantica-launches-to-offer-powered-land-to-data-centers-in-the-us/,,,,,,46.04485,-108.273,1754179200000.0,1754179200000.0,"500-1,000","Mega campus (>1,000 MW)",,,,,,,,,,,Proposed,,,Yellowstone,,,,Media Monitoring,-108.27299999999997,46.044850000000054
406,DartPoints data center,"100 Technology Dr, STE C",Asheville,NC,28803.0,High,,,,https://dartpoints.com/locations/north-carolina/,,,,,,,,35.48821,-82.5582,1758153600000.0,1758153600000.0,,Unknown,,,,,,23000.0,,,,,Operating,,,Buncombe,,,,Media Monitoring,-82.55819999999994,35.48821000000004
407,Digital Reality,12899 Moores Chapel Road,Charlotte,NC,28214.0,High,,,,https://www.datacenterdynamics.com/en/news/digital-realty-files-to-develop-400mw-data-center-campus-in-charlotte-north-carolina/,https://www.charlotteobserver.com/news/business/article304542696.html,,,,,,,35.255707,-80.99796,1750377600000.0,1764633600000.0,400,Hyperscale (101-999 MW),,,,,,3000000.0,,156.0,,Rezoning approved in May 2025,Proposed,,,Mecklenburg,Yes,,,Media Monitoring,-80.99795999999998,35.25570700000003
408,Digital Reality: CLT10,113 N Myers St,Charlotte,NC,28202.0,High,,,,https://www.datacenterdynamics.com/en/news/digital-realty-files-to-develop-400mw-data-center-campus-in-charlotte-north-carolina/,,,,,,,,35.2219,-80.8356,1750377600000.0,1750377600000.0,2,Small (0-10 MW),,,,,,29200.0,,,,,Unknown,,,Mecklenburg,,,,Media Monitoring,-80.83559999999993,35.221900000000055
409,Project Agate/ Lyle Creek data center (Microsoft),100 Northern Dr NW,Conover,NC,28613.0,Medium,,Microsoft,,https://www.datacenterdynamics.com/en/news/microsoft-breaks-ground-on-second-data-center-campus-in-north-carolina/,,,,,,,,35.73274,-81.2088,1748304000000.0,1748304000000.0,,Unknown,,,,5.0,,,,157.0,$7.5 million,,Proposed,,,Catawba,,,,Media Monitoring,-81.20879999999994,35.732740000000035
410,Facebook Forest City Data Center,480 Social Circle,Forest City,NC,28043.0,High,,,,,,,,,,,,35.31632,-81.8251,1754697600000.0,1754697600000.0,,Unknown,,,,,,,,,,,Operating,,,Rutherford,,,,Media Monitoring,-81.82509999999996,35.31632000000007
411,Fort Bragg data center,,Fort Bragg,NC,28310.0,Low,,,,https://www.datacenterdynamics.com/en/news/us-dod-details-military-bases-available-for-ai-data-center-build-out/,,,,,,,,35.155334,-79.022064,1768262400000.0,,,Unknown,,,,,,,,,,,Proposed,,,Cumberland,,,,Media Monitoring,-79.02206399999994,35.15533400000004
412,DC Blox: High Point,~4156 Sheraton Ct,Greensboro,NC,27409.0,High,,,,https://www.dcblox.com/data-centers/high-point/,,,,,,,,36.05276,-79.9516,1756080000000.0,1756080000000.0,10,Small (0-10 MW),,,,,,54000.0,,,,,Proposed,,,Guilford,,,,Media Monitoring,-79.95159999999998,36.05276000000003
413,T5 Data Center,335 Countryside Rd,Kings Mountain,NC,28086.0,High,,,,,,,,,,,,35.25142,-81.397,1754697600000.0,1754697600000.0,,Unknown,,,,,,,,,,,Operating,,,Cleveland,,,,Media Monitoring,-81.39699999999995,35.25142000000005
414,Google Data Center,708 Lynhaven Dr,Lenoir,NC,28645.0,High,,Google,,,,,,,,,,35.89313,-81.5461,1754697600000.0,1754697600000.0,,Unknown,,,,,,,,,,,Operating,,,Caldwell,,,,Media Monitoring,-81.54609999999998,35.89313000000004
415,WhiteFiber Inc (division of Bit Digital),805 Island Dr,Madison,NC,27025.0,High,,,,https://www.wfmynews2.com/article/news/local/whitefiber-ai-data-center-madison-north-carolina/83-42852391-6c1e-4f7e-bc4d-4cc2173b9edf,https://www.datacenterdynamics.com/en/news/bit-digital-acquires-manufacturing-site-in-north-carolina-plans-99mw-data-center/,,,,,,,36.40271,-79.9882,1749081600000.0,1749081600000.0,99-200,Hyperscale (101-999 MW),,,,,,,,96.0,$45 million,,Proposed,,,Rockingham,,,,Media Monitoring,-79.98819999999994,36.40271000000006
416,Apple Data Center,5977 Startown Rd,Maiden,NC,28650.0,High,,,,,,,,,,,,35.58726,-81.2595,1754697600000.0,1754697600000.0,,Unknown,,,,,,,,,,,Operating,,,Catawba,,,,Media Monitoring,-81.25949999999995,35.58726000000007
417,Project Yoga/ Boyd Farms data center (Microsoft),1400 Zeb Haynes Rd,Maiden,NC,28650.0,High,,Microsoft,,https://www.datacenterdynamics.com/en/news/microsoft-breaks-ground-on-second-data-center-campus-in-north-carolina/,https://www.datacenterdynamics.com/en/news/microsoft-begins-acquiring-land-in-north-carolina-for-data-centers/,,,,,,,35.58554,-81.2315,1748304000000.0,1748304000000.0,,Unknown,,,,,,,,113.0,$3.7 million,,Proposed,,,Catawba,,,,Media Monitoring,-81.23149999999998,35.58554000000001
418,Project Accelerate,East John St,Matthews,NC,28105.0,Medium,,,,https://www.datacenterdynamics.com/en/news/project-accelerate-data-center-proposal-withdrawn/,,,,,,,,35.10738,-80.71056,1760572800000.0,1760572800000.0,,Unknown,,,,,,,,123.0,,,Cancelled,,,Mecklenburg,,,,,-80.71055999999999,35.107380000000035
419,Tract data center,"Mooresville Technology Park, Patterson Farm Rd",Mooresville,NC,28115.0,High,,,,https://www.datacenterdynamics.com/en/news/tract-plans-400-acre-data-center-park-outside-charlotte-north-carolina/,https://www.charlotteobserver.com/sports/nascar-auto-racing/thatsracin/article311633422.html,https://www.datacenterdynamics.com/en/news/compass-datacenters-proposes-333-acre-campus-in-statesville-north-carolina/,https://www.charlotteobserver.com/sports/nascar-auto-racing/thatsracin/article311691503.html,,,,,35.51575,-80.7532,1754697600000.0,1764633600000.0,,Unknown,,,,,,1500000.0,,400.0,$30 billion,,Cancelled,,,Iredell,Yes,,,Media Monitoring,-80.75319999999994,35.515750000000025
420,Project Pine (Microsoft),Tate Blvd,near Pringle,NC,28602.0,Medium,,Microsoft,,https://www.datacenterdynamics.com/en/news/microsoft-breaks-ground-on-second-data-center-campus-in-north-carolina/,https://www.datacenterdynamics.com/en/news/microsoft-breaks-ground-on-another-north-carolina-data-center/,,,,,,,35.71945,-81.2758,1748304000000.0,1748304000000.0,,Unknown,,,,,,,,,,,Proposed,,,Catawba,,,,Media Monitoring,-81.27579999999995,35.719450000000045
421,New Hill Digital Campus,4308 Shearon Harris Rd,New Hill,NC,27562.0,High,,,,https://indyweek.com/news/wake/developer-files-plans-for-digital-campus-in-western-wake/,https://www.newsobserver.com/news/local/counties/wake-county/article311959511.html,https://www.newsobserver.com/news/local/counties/wake-county/article311972258.html,,,,,,35.66446,-78.9558,1757116800000.0,1757116800000.0,,Unknown,,,,,,,,190.0,,Opposed by Protect Wake County Coalition,Proposed,,,Wake,,,,Media Monitoring,-78.95579999999995,35.664460000000076
422,Project Rockforge? (Microsoft),Stover Court,Newton,NC,28658.0,Medium,,Microsoft,,https://www.datacenterdynamics.com/en/news/microsoft-breaks-ground-on-second-data-center-campus-in-north-carolina/,,,,,,,,35.62656,-81.3118,1748304000000.0,1748304000000.0,,Unknown,,,,,,,,,,,Proposed,,,Catawba,,,,Media Monitoring,-81.31179999999995,35.62656000000003
423,Project Star? (Microsoft),Hickory Lincolnton Hwy,Newton,NC,28658.0,Medium,,Microsoft,,https://www.datacenterdynamics.com/en/news/microsoft-begins-acquiring-land-in-north-carolina-for-data-centers/,,,,,,,,35.60278,-81.3073,1748304000000.0,1748304000000.0,,Unknown,,,,,,,,160.0,$6.5 million,,Unknown,,,Catawba,,,,Media Monitoring,-81.30729999999994,35.60278000000005
424,American Tower Edge data center,6011 Chapel Hill Rd,Raleigh,NC,27607.0,High,,,,https://www.americantower.com/us/raleigh-data-center-opening,https://www.newsobserver.com/news/business/article306929621.html,,,,,,,35.78814,-78.7265,1748217600000.0,1748217600000.0,4,Small (0-10 MW),,,,,,,,,,,Proposed,,,Wake,,,,Media Monitoring,-78.72649999999999,35.78814000000005
425,Apple Reserch Triangle Park data center,along Little Drive,Research Triangle Park,NC,27519.0,Medium,AI,Apple,,https://abc11.com/post/apple-research-triangle-park-north-carolina/10547896/?userab=abc_web_player-460*variant_a_abc_control-1900%2Cotv_web_player-461*variant_a_otv_control-1902&userab=abc_web_player-460*variant_a_abc_control-1900%2Cotv_web_player-461*variant_a_otv_control-1902,https://abc11.com/post/apple-given-4-more-years-hiring-investment-goals-east-coast-hub-nc-research-triangle-park/18208496/,https://www.iclarified.com/99151/north-carolina-grants-apple-4year-extension-for-delayed-rtp-campus-project,,,,,,35.850254,-78.87698,1764115200000.0,1764115200000.0,,Hyperscale (101-999 MW),,,,,,,,,$1 billion,"In June 2024, Apple confirmed it was pausing the project for four years while it negotiated with state officials. Apple granted a 4 year extension on its 2021 grant from the Economic Investment Committee to delay the hiring and investment targets required for its planned corporate campus in Nov 2025",Suspended,,,Wake,,,,Media Monitoring,-78.87697999999995,35.850254000000064
426,Deep River Data AI data center,"Near Lee/ Chatham County Line, south of Rt 421",Sanford,NC,27330.0,Medium,AI,Deep River Data,,https://insideclimatenews.org/news/01112025/north-carolina-natural-gas-well-data-center/,https://cwfnc.org/nofracklee/,,,,,,,35.53914,-79.25537,1769385600000.0,,,Unknown,,,,,,,,,,To be powered directly off gas well,Proposed,,,Lee,,,,Media Monitoring,-79.25536999999997,35.539140000000025
427,Compass Data Center,Stamey Farm Rd,Statesville,NC,28677.0,High,,,,https://www.datacenterdynamics.com/en/news/compass-datacenters-proposes-333-acre-campus-in-statesville-north-carolina/,https://www.iredellfreenews.com/news-features/2025/statesville-planning-department-recommends-approval-of-rezoning-request-for-compass-data-centers-project/,https://www.iredellfreenews.com/news-features/2025/breaking-news-statesville-council-unanimously-approves-rezoning-request-for-massive-data-center/,https://www.charlotteobserver.com/news/business/development/article311792813.html,,,,,35.77436,-80.9749,1757980800000.0,1764633600000.0,,Unknown,,,,5.0,,1340000.0,,333.0,,40 backup generators per building,Approved/Permitted/Under construction,,,Iredell,Yes,,,Media Monitoring,-80.97489999999993,35.77436000000006
428,Aurum Capital Ventures,E. Main Ave,Bismark,ND,58501.0,Medium,,,,https://www.datacenterdynamics.com/en/news/company-eyes-300-acre-data-center-development-in-bismarck-north-dakota/,,,,,,,,46.81102,-100.721,1750464000000.0,1750464000000.0,,Unknown,,,,,,,,,,,Proposed,,,Burleigh,,,,Media Monitoring,-100.72099999999995,46.81102000000004
429,Applied Digital: Polaris Forge 1,9685 87th Ave SE,Ellendale,ND,58436.0,High,,,,https://www.datacenterdynamics.com/en/news/applied-digital-signs-250mw-agreement-with-coreweave-for-capacity-at-ellendale-campus-north-dakota/,https://www.datacenterdynamics.com/en/news/applied-digital-plans-280mw-ai-data-center-campus-in-north-dakota/,https://fargoinc.com/applied-digitals-high-performance-compute-expansion-in-north-dakota/,https://www.datacenterdynamics.com/en/news/applied-digital-completes-first-data-center-building-at-north-dakota-campus/,,,,,46.01259,-98.5707,1755561600000.0,1768435200000.0,"400-1,000","Mega campus (>1,000 MW)",,,,,,,,,$7 billion,First of several buildings completed Nov 2025,Operating,,,Dickey,,,,Media Monitoring,-98.57069999999999,46.012590000000046
430,Applied Digital: Polaris Forge 2,"Cass County, outside Fargo",Harwood,ND,58102.0,High,,,,https://www.datacenterdynamics.com/en/news/applied-digital-plans-280mw-ai-data-center-campus-in-north-dakota/,https://www.inforum.com/news/fargo/despite-calls-to-postpone-decision-harwood-greenlights-3-billion-ai-center,https://www.inforum.com/news/fargo/construction-begins-on-3-billion-ai-data-center-near-fargo,https://www.inforum.com/news/fargo/fargo-withdraws-annexation-attempts-of-3-billion-ai-data-center-near-harwood,,,,,46.97181,-96.8542,1757980800000.0,1765238400000.0,280,Hyperscale (101-999 MW),,,,,,,,160.0,$3 billion,No public comment allowed at public meeting on this project. Fargo announced it planned to stop it's plan to annex the data center in Dec 2025,Approved/Permitted/Under construction,,,Cass,,,,Media Monitoring,-96.85419999999998,46.97181000000006
431,CoreWeave/ Applied Digital,2671 HWY 20 SE,Jamestown,ND,58401.0,High,,,,https://www.datacenterdynamics.com/en/news/applied-digital-signs-250mw-agreement-with-coreweave-for-capacity-at-ellendale-campus-north-dakota/,,,,,,,,47.02708,-98.6796,1749427200000.0,1768435200000.0,100,Large (51-100 MW),,,,,,,,,,,Operating,,,Stutsman,,,,Media Monitoring,-98.67959999999994,47.02708000000007
432,"""Project Fighting Pike"" Data Center",56th Street NW and US Highway 2,Williston,ND,58801.0,High,,Critical Data House,,https://www.datacenterdynamics.com/en/news/455mw-data-center-campus-proposed-in-north-dakota/,,,,,,,,48.221992,-103.62824,1768435200000.0,,455,Hyperscale (101-999 MW),,,,7.0,,,Closed loop,300.0,$5 billion,Full build-out by 2035,Operating,,,Williams,,,,Media Monitoring,-103.62823999999995,48.22199200000006
433,Atlas Power ,near 5000-5068 143rd Ave NW,Williston,ND,58801.0,High,Crypto,,,https://www.inforum.com/business/large-scale-crypto-mining-data-center-planned-for-western-north-dakota-oil-patch,https://cryptosaurus.tech/williams-co-residents-frustrated-by-no-crackdown-on-crypto-mine-state-says-its-a-local-issue/,https://baxtel.com/data-center/atlas-power-williston-north-dakota,,,,,,48.1455,-103.77432,1768435200000.0,,240,Hyperscale (101-999 MW),,,,,,,,,$1.9 billion,Cryptocurrency,Operating,,,Williams,,,,Media Monitoring,-103.77431999999999,48.14550000000003
434,"TierPoint Omaha, NE – Bellevue Data Center",1001 Fort Crook Rd N,Bellevue,NE,68005.0,High,,,,,,,,,,,,41.17724,-95.9248,1755129600000.0,1755129600000.0,,Unknown,,,,,,,,,,,Operating,,,Sarpy,,,,Media Monitoring,-95.92479999999996,41.17724000000003
435,H5 data center,10917 Harry Watanabe Parkway,La Vista,NE,68128.0,High,,,,https://www.datacenterdynamics.com/en/news/h5-acquires-new-york-data-centers-from-yahoo-in-sale-leaseback-deal/,,,,,,,,41.180862,-96.08503,1763078400000.0,,17,Medium (11-50 MW),,,,,,234500.0,,32.0,,,Operating,,,Sarpy,,,,Media Monitoring,-96.08502999999996,41.180862000000054
436,Google Data Center,Near intersection of I-80 and Hwy 77,Lincoln,NE,68528.0,Medium,,Google,,https://www.1011now.com/2025/05/05/lincoln-google-data-center-expected-be-service-by-fall/,https://rbnenergy.com/i-know-places-tech-giants-may-be-the-surest-bets-for-data-center-power-demand,,,,,,,40.82278,-96.7574,1755129600000.0,1755129600000.0,,Unknown,,,,,,2000000.0,,600.0,,,Approved/Permitted/Under construction,,,Lancaster,,,,Media Monitoring,-96.75739999999996,40.82278000000007
437,Lincoln Data Centers,206 S 13th St Ste 605,Lincoln,NE,68508.0,High,,,,,,,,,,,,40.81206,-96.7024,1755129600000.0,1755129600000.0,,Unknown,,,,,,,,,,,Operating,,,Lancaster,,,,Media Monitoring,-96.70239999999995,40.81206000000003
438,Google data center,West of Hwy 133,Omaha,NE,68142.0,High,,,,https://epoch.ai/data/data-centers/satellite-explorer/GoogleOmahaNebraska?ref=404media.co,,,,,,,,41.344105,-96.09118,1767225600000.0,,198-474,Hyperscale (101-999 MW),Grid (unspecified mix),,,,,,,,,,Unknown,,,Douglas,,,,Media Monitoring,-96.09117999999995,41.34410500000007
439,TierPoint Midlands Data Center,11425 S 84th St,Papillion,NE,68046.0,High,,,,,,,,,,,,41.13467,-96.0391,1755129600000.0,1755129600000.0,,Unknown,,,,,,,,,,,Operating,,,Sarpy,,,,Media Monitoring,-96.03909999999996,41.134670000000035
440,Meta Data Center,14734 Friend Plz,Springfield,NE,68059.0,High,,Meta,,,,,,,,,,41.11734,-96.1425,1755129600000.0,1755129600000.0,,Unknown,,,,,,,,,,,Operating,,,Sarpy,,,,Media Monitoring,-96.14249999999997,41.11734000000007
441,Comcast data center,92 W Main St,Clinton,NJ,8809.0,High,,,,https://www.datacenterdynamics.com/en/news/comcast-to-convert-former-bank-into-data-center-in-new-jersey/,,,,,,,,40.63284,-74.9191,1754956800000.0,1754956800000.0,,Unknown,,,,,,2170.0,,,,,Proposed,,,Hunterdon,,,,Media Monitoring,-74.91909999999996,40.63284000000004
442,Data center: Joint Base McGuire-Dix-Lakehurst (2 sites),3021 McGuire Blvd,Fort Dix,NJ,8641.0,Medium,,,,https://www.datacenterdynamics.com/en/news/us-department-of-the-air-force-accepting-proposals-for-ai-data-centers-in-military-bases/,,,,,,,,40.01661,-74.608765,1761004800000.0,1761004800000.0,,Unknown,,,,,,,,193.0,,,Proposed,,,Burlington,,,,Media Monitoring,-74.60876499999995,40.016610000000064
443,DataVerge,111 Town Square Place,Jersey City,NJ,7310.0,High,,DataVerge,,https://dataverge.com/interconnected-colocation-new-york/#,,,,,,,,40.726536,-74.03348,1763078400000.0,,,Unknown,,,,,,,,,,,Operating,,,Hudson,,,,Media Monitoring,-74.03347999999994,40.72653600000006
444,Comcast data center,650 Centerton Rd,Moorestown,NJ,8057.0,High,,,,https://www.datacenterdynamics.com/en/news/comcast-to-convert-former-bank-into-data-center-in-new-jersey/,,,,,,,,39.98939,-74.8896,1754956800000.0,1754956800000.0,,Unknown,,,,,,,,,,,Proposed,,,Burlington,,,,Media Monitoring,-74.88959999999997,39.98939000000008
445,GI Partners data center,492 River Rd,Nutley,NJ,7110.0,High,,,,https://www.datacenterdynamics.com/en/news/gi-partners-acquires-130000-sq-ft-data-center-in-nutley-new-jersey/,,,,,,,,40.82151,-74.1342,1753401600000.0,1753401600000.0,,Unknown,,,,,,130000.0,,,,,Operating,,,Essex,,,,Media Monitoring,-74.13419999999996,40.821510000000046
446,Prism Capital Partners data center,Cathedral Ave & Kingsland St,Nutley,NJ,7110.0,High,,,,https://www.datacenterdynamics.com/en/news/approval-for-major-data-center-development-granted-to-prism-capital-partners-in-nutley-new-jersey/,,,,,,,,40.8294,-74.1536,1753401600000.0,1753401600000.0,,Unknown,,,,,,,,11.0,,,Proposed,,,Essex,,,,Media Monitoring,-74.15359999999998,40.82940000000008
447,Nebius data center,Lincoln and Sheridan Aves,Vineland,NJ,8361.0,High,,,,https://www.msn.com/en-us/money/companies/massive-ai-data-center-with-major-energy-needs-under-construction-in-south-jersey/ar-AA1JwW6r,https://www.nj.com/news/2025/07/massive-ai-data-center-with-major-energy-needs-under-construction-in-south-jersey.html,https://www.silive.com/nation/2025/07/gigantic-artificial-intelligence-data-site-coming-to-northeast.html,,,,,,39.43012,-75.0131,1754006400000.0,1754006400000.0,"300-2,000","Mega campus (>1,000 MW)",,,,,,2600000.0,,,,,Proposed,,,Cumberland,,,,Media Monitoring,-75.01309999999995,39.43012000000004
448,NJFX,1410 Wall Church Rd,Wall,NJ,7719.0,High,,,,https://www.datacenterdynamics.com/en/news/njfx-plans-10mw-liquid-cooled-data-hall-in-new-jersey/,,,,,,,,40.161446,-74.05334,1765152000000.0,,10,Small (0-10 MW),,,,,,64800.0,,10.0,,,Operating,,,Monmouth,,,,Media Monitoring,-74.05333999999993,40.16144600000007
449,bigbyte.cc Corp. data center,123 Central Ave NW,Albuquerque,NM,87102.0,High,,,,,,,,,,,,35.08452,-106.649,1756598400000.0,1756598400000.0,,Unknown,,,,,,,,,,,Operating,,,Bernalillo,,,,Media Monitoring,-106.64899999999994,35.08452000000006
450,Centersquare Albuquerque Data Center,400 Tijeras Ave NW,Albuquerque,NM,87102.0,High,,,,,,,,,,,,35.0862,-106.652,1756598400000.0,1756598400000.0,,Unknown,,,,,,,,,,,Operating,,,Bernalillo,,,,Media Monitoring,-106.65199999999997,35.086200000000076
451,H5 data center,505 Marquette Ave NW,Albuquerque,NM,87102.0,High,,,,,,,,,,,,35.08857,-106.652,1756598400000.0,1756598400000.0,,Unknown,,,,,,,,,,,Operating,,,Bernalillo,,,,Media Monitoring,-106.65199999999997,35.088570000000054
452,Data center,320 N Shipp St,Hobbs,NM,88240.0,High,,,,https://invest.jll.com/us/en/listings/special-purpose-facility/8-asset-switch-portfolio,,,,,,,,32.70361,-103.137,1748304000000.0,1748304000000.0,,Unknown,,,,,,43000.0,,,,,Unknown,,,Lea,,,,Media Monitoring,-103.13699999999994,32.703610000000026
453,Aerospace Data Facility Southwest,12400 NASA Rd,Las Cruces,NM,88012.0,High,,,,,,,,,,,,32.49551,-106.614,1756598400000.0,1756598400000.0,,Unknown,,,,,,,,,,,Operating,,,Doña Ana,,,,Media Monitoring,-106.61399999999998,32.49551000000002
455,Zenith Volts data center,,Roswell,NM,,Medium,,,,https://www.datacenterdynamics.com/en/news/zenith-obtains-planning-approval-for-124gw-data-center-project-in-roswell-new-mexico/,,,,,,,,33.38971,-104.536,1756598400000.0,1756598400000.0,1240,Hyperscale (101-999 MW),,,,,,,,300.0,,,Proposed,,,Chaves,,,,Media Monitoring,-104.53599999999994,33.389710000000036
456,"Project Jupiter (Orion Digital, BorderPlex, Stack, Open AI/ SoftBank )",adj to Pete V Domenici Hwy,Santa Teresa,NM,88008.0,Medium,,,,https://elpasomatters.org/2025/08/27/dona-ana-billion-dollar-data-center-santa-teresa-el-paso-water-meta/,https://elpasomatters.org/2025/09/10/project-jupiter-data-center-santa-teresa-new-mexico-el-paso-texas-water-electricity/,https://kfoxtv.com/newsletter-daily/residents-demands-transparency-for-165-billion-santa-teresa-data-center-new-mexico-nm-dona-ana-county-project-jupiter-borderplex-digital,https://elpasomatters.org/2025/09/19/project-jupiter-data-center-santa-teresa-approved-dona-ana-commissioners/,https://www.bloomberg.com/news/articles/2025-09-19/ai-data-center-gets-approval-for-165-billion-phantom-debt-deal,https://elpasomatters.org/2025/09/25/stargate-open-ai-oracle-project-jupiter-data-center-dona-ana-new-mexico-el-paso-texas/,https://www.datacenterdynamics.com/en/news/groups-sue-to-stall-data-center-project-in-do%C3%B1a-ana-county-new-mexico/,,31.81646,-106.678,1758844800000.0,1758844800000.0,,Unknown,,,,4.0,,,,,$165 billion,"10 million gallons of water/ year to cool. Final vote in late September 2025. Residents demand transparency, project passes anyway.",Approved/Permitted/Under construction,,,Doña Ana,Yes,https://empowernm.org/,,Media Monitoring,-106.67799999999995,31.816460000000067
457,Novva Data Center,6115 Nicco Way,Las Vegas,NV,89115.0,High,,,,https://www.datacenterdynamics.com/en/news/novva-data-centers-buys-205-acres-of-land-in-las-vegas-nevada/,,,,,,,,36.2705,-115.048,1756512000000.0,1756512000000.0,100,Hyperscale (101-999 MW),,,,,,275000.0,,,,,Operating,,,Clark,,,,Media Monitoring,-115.04799999999994,36.27050000000003
458,Novva Data Center (site 2),"I-15 (Apex Industrial Park, North Los Vegas)",Las Vegas,NV,89115.0,Medium,,,,https://www.datacenterdynamics.com/en/news/novva-data-centers-buys-205-acres-of-land-in-las-vegas-nevada/,https://www.cityofnorthlasvegas.com/business/economic-development/apex-industrial-park,,,,,,,36.33975,-114.943,1756512000000.0,1756512000000.0,,Unknown,,,,,,,,205.0,$181 million,"Known as the premiere carrier hotel in the world, 60 Hudson Street provides an easy interconnection via undersea cable to the UK, and to the cables from Manasquan and Tuckerton, NY to the EU",Proposed,,,Clark,,,,Media Monitoring,-114.94299999999998,36.33975000000004
459,Switch data center,"Apex Industrial Park, 10020 W Cheyenne Ave",Las Vegas,NV,89129.0,High,AI,,,https://www.datacenterdynamics.com/en/news/switch-buys-176-acres-at-apex-industrial-park-las-vegas/,,,,,,,,36.219105,-115.3135,1769040000000.0,,,Unknown,,,,,,,,176.0,$85.5 million ,,Proposed,,,Clark,,,,Media Monitoring,-115.31349999999998,36.21910500000008
460,Switch Las Vegas CORE campus,7135 S Decatur Blvd,Las Vegas,NV,89118.0,High,,Switch,,https://www.datacenterdynamics.com/en/news/switch-buys-176-acres-at-apex-industrial-park-las-vegas/,,,,,,,,36.0603,-115.2119,1769040000000.0,,495,Hyperscale (101-999 MW),,,,,,3500000.0,,,,,Operating,,,Clark,,,,Media Monitoring,-115.21189999999996,36.06030000000004
461,Jet.AI,Curocee Rd,Moapa,NV,89025.0,High,,,,https://www.datacenterdynamics.com/en/news/jetai-cce-form-jv-to-develop-50mw-data-center-in-clark-county-nevada/,,,,,,,,36.688816,-114.62739,1767657600000.0,,50,Medium (11-50 MW),Grid (unspecified mix),,,,,,,20.0,,Nearby 200 MW battery storage,Proposed,,,Clark,,,,Media Monitoring,-114.62739,36.688816000000024
462,Centra,265 Keystone Ave,Reno,NV,89503.0,High,,,,https://www.datacenterdynamics.com/en/news/centra-breaks-ground-on-second-reno-data-center/,,,,,,,,39.525772,-119.82659,1764201600000.0,,12,Medium (11-50 MW),,,,,,,,,,,Approved/Permitted/Under construction,,,Washoe,,,,Media Monitoring,-119.82658999999995,39.52577200000006
463,Lumen Technologies mini data center,148 Gardner St,Reno,NV,89503.0,High,,,,https://www.rgj.com/story/news/government/2025/09/22/reno-planning-commission-approves-existing-minor-data-center/86250213007/,,,,,,,,39.52402,-119.827,1758585600000.0,1758585600000.0,2,Small (0-10 MW),,,,,,,,,,Very small data center capacity,Operating,,,Washoe,,,,Media Monitoring,-119.82699999999994,39.524020000000064
464,Oppidan Data Center,9745 N Virginia St,Reno,NV,89507.0,High,,,,https://www.rgj.com/story/news/government/2025/03/14/north-valleys-data-center-approved-reno-nevada/82372711007/,,,,,,,,39.61418,-119.877,1758585600000.0,1758585600000.0,8,Small (0-10 MW),,,,,,,,,,,Approved/Permitted/Under construction,,,Washoe,,,,Media Monitoring,-119.87699999999994,39.61418000000002
465,Webb Data Center,9805 N Virginia St,Reno,NV,89506.0,High,,,,https://www.rgj.com/story/news/2025/01/29/reno-council-allows-data-center-despite-environmental-groupblocks/77939893007/,https://www.rgj.com/story/news/government/2025/03/14/north-valleys-data-center-approved-reno-nevada/82372711007/,,,,,,,39.61473,-119.879,1758585600000.0,1758585600000.0,28,Medium (11-50 MW),,,,,,82000.0,,,,,Approved/Permitted/Under construction,,,Washoe,,,,Media Monitoring,-119.87899999999996,39.614730000000066
466,Tract data center,off Alt-95,Silver Springs,NV,89429.0,High,,,,https://www.datacenterdynamics.com/en/news/tract-acquires-1000-acres-in-nevada-for-16gw-data-center-park/,,,,,,,,39.42805,-119.232,1758326400000.0,1762646400000.0,1600,"Mega campus (>1,000 MW)",,,,,,,,1060.0,,,Proposed,,,Lyon,,,,Media Monitoring,-119.23199999999999,39.428050000000034
467,Tract data center,USA Parkway,Silver Springs,NV,89429.0,High,,,,https://www.datacenterdynamics.com/en/news/tract-acquires-8590-acres-in-reno-nevada-for-data-center-park/,https://www.tract.com/project/south-valley/,,,,,,,39.47083,-119.40618,1762646400000.0,1762646400000.0,1200,"Mega campus (>1,000 MW)",,,,,,,,1500.0,,,Proposed,,,Storey,,,,Media Monitoring,-119.40617999999996,39.470830000000035
468,Apple Data Center,21905 Reno Technology Pkwy E,Sparks,NV,89434.0,High,,,,,,,,,,,,39.56298,-119.551,1755129600000.0,1755129600000.0,,Unknown,,,,,,,,,,,Operating,,,Washoe,,,,Media Monitoring,-119.55099999999997,39.56298000000003
469,Tract data center,1995 Peru Dr,Sparks,NV,89434.0,Medium,,,,https://www.datacenterdynamics.com/en/news/tract-acquires-1000-acres-in-nevada-for-16gw-data-center-park/,https://www.datacenterdynamics.com/en/news/tract-acquires-8590-acres-in-reno-nevada-for-data-center-park/,https://www.datacenterdynamics.com/en/news/tract-acquires-8590-acres-in-reno-nevada-for-data-center-park/,,,,,,39.53511,-119.497,1758326400000.0,1762646400000.0,810,Hyperscale (101-999 MW),,,,,,,,2200.0,,,Proposed,,,Storey,,,,Media Monitoring,-119.49699999999996,39.535110000000024
470,"Vantage data centers (NV11, NV12, NV13, NV14",100 Electric Ave,Sparks,NV,89437.0,High,,,,https://www.datacenterdynamics.com/en/news/vantage-announces-224mw-data-center-campus-in-reno-nevada/,,,,,,,,39.55287,-119.474,1753142400000.0,1753142400000.0,224,Hyperscale (101-999 MW),,,,,,1000000.0,,137.0,$3 billion,,Unknown,,,Storey,,,,Media Monitoring,-119.47399999999999,39.55287000000005
471,"STAMP data center: Project Hydroscale, Project Double Reed",1249 Stamp Dr,Alabama,NY,14013.0,High,,,,https://www.wxxinews.org/local-news/2025-03-03/stamp-board-to-consider-proposal-for-regions-largest-data-center,https://www.datacenterdynamics.com/en/news/jll-to-develop-data-center-on-stamp-site-in-genesee-county-new-york/,https://docs.google.com/document/d/104MBX_EgUcef0XtSQUmBFZlPmPOk20lcYnqIiBomMjg/edit?tab=t.0,https://www.democratandchronicle.com/story/news/2025/09/20/proposed-data-center-in-genesee-county-could-grow-after-approvals-rescinded/86245696007/,https://www.thebatavian.com/howard-owens/dozens-of-speakers-tell-gcedc-proposed-data-centers-pose-big-environmental-threat-for,https://www.thedailynewsonline.com/news/stream-u-s-submits-seqr-application-for-2-2-million-square-foot-data-center-at/article_c1dc5183-19aa-42ba-ab8b-8808b354bcf7.html,,,43.08677,-78.3978,1758585600000.0,1767571200000.0,500,Hyperscale (101-999 MW),,,,,,2200000.0,,90.0,,"1,250 campus (90 acres dedicated to data center)",Proposed,,,Genesee,Yes,https://act.nyrenews.org/tell-nysdec-to-take-lead-agency-status-for-project-double-reed,,Media Monitoring,-78.39779999999998,43.086770000000044
472,Lake Mariner data center (includes bitcoin),7725 Lake Rd,Barker,NY,14012.0,High,,TeraWulf,,https://investors.terawulf.com/news-events/press-releases/detail/100/terawulf-announces-december-2024-production-and-operations,https://www.globenewswire.com/news-release/2025/08/14/3133308/0/en/TeraWulf-Signs-200-MW-10-Year-AI-Hosting-Agreements-with-Fluidstack.html,https://www.morningstar.com/news/dow-jones/202508182652/google-lifting-stake-in-terawulf-with-additional-14-billion-backstop,https://www.datacenterdynamics.com/en/news/fluidstack-to-lease-another-160mw-of-capacity-from-terawulf-at-new-york-campus-google-to-increase-stake-in-cryptominer/,,,,,43.35908,-78.6068,1755475200000.0,1764288000000.0,200-350,Hyperscale (101-999 MW),,,,,,,,,,,Operating,,,Niagara,,,,Media Monitoring,-78.60679999999996,43.359080000000056
473,DataVerge,882 3rd Avenue,Brooklyn,NY,11232.0,High,,DataVerge,,https://dataverge.com/interconnected-colocation-new-york/#,,,,,,,,40.65775,-74.004974,1763078400000.0,,10,Small (0-10 MW),,,,,,50000.0,,,,,Operating,,,Kings,,,,Media Monitoring,-74.00497399999995,40.65775000000007
474,Holtec Decommissioning International (HDI),450 Broadway,Buchanan,NY,10511.0,High,,,,https://www.nyiso.com/documents/20142/2226333/2025-Gold-Book-Public.pdf/088438e1-02f1-5316-211b-dbca17c01b4b,https://holtecinternational.com/2025/07/31/hh-40-16/,,,,,,,41.265106,-73.9493,1763078400000.0,,200,Hyperscale (101-999 MW),,,,,,,,,,42.86061168,Proposed,,,Westchester,,,,Media Monitoring,-73.94929999999994,41.265106000000046
475,Tesla Dojo Supercomputer,1339 South Park Ave,Buffalo,NY,14220.0,High,,,,https://www.wgrz.com/article/money/business/tesla-halts-dojo-project-buffalo-supercomputing-plans/71-76c01060-0511-4fbd-aac7-284d0d7795aa,https://techcrunch.com/2025/09/02/tesla-dojo-the-rise-and-fall-of-elon-musks-ai-supercomputer/,,,,,,,42.86061,-78.84132,1768435200000.0,,,Unknown,,,,,,,,,,Would have been for training self-driving cars.,Cancelled,,,Erie,,,,Media Monitoring,-78.84131999999994,42.860610000000065
476,Greenidge Generation Yates County facility,590 Plant Rd,Dresden,NY,14441.0,High,Bitcoin transitioning to AI,,,https://insideclimatenews.org/news/10052025/new-york-bitcoin-mines-buying-up-power-plants/,https://www.nytimes.com/2023/04/09/business/bitcoin-mining-electricity-pollution.html,https://www.mytwintiers.com/news-cat/local-news/locals-say-a-dresden-bitcoin-mining-operation-is-ruining-seneca-lake/,,,,,,42.67687,-76.94491,1763251200000.0,,55,Large (51-100 MW),Natural gas,,,,,,,150.0,,Bitcoin transitioning to AI,Operating,,,Yates,Yes,https://senecalakeguardian.org/,,Media Monitoring,-76.94490999999994,42.676870000000065
477,Cayuga Operating data center,Miliken Station Rd,Lansing,NY,14882.0,High,,TeraWulf,,https://www.globenewswire.com/news-release/2025/08/14/3133326/0/en/TeraWulf-Secures-Long-Term-Ground-Lease-at-Cayuga-Site-to-Expand-High-Performance-Computing-Infrastructure.html,https://www.lansingtownny.gov/sites/default/files/fileattachments/town_board/meeting/3576/m121824.pdf#page=25,https://waterfrontonline.blog/2019/05/17/cayuga-power-plant-wants-to-shut-down-convert-to-power-hungry-data-center/,https://ithacavoice.org/2025/09/environmentalists-sound-alarm-as-plan-to-convert-cayuga-power-plant-to-data-center-advances/,https://tompkinsweekly.com/articles/cayuga-data-campus-lansing/,,,,42.60211,-76.635,1755129600000.0,1755129600000.0,100-400,Hyperscale (101-999 MW),,,,,,,Closed loop,183.0,,"Data center and battery storage, former coal power plant",Proposed,,,Tompkins,,,,Crowdsourced,-76.63499999999992,42.60211000000003
478,H5 data center (2 data centers),5365 Crown Dr and 5319 Enterprise Dr,Lockport,NY,14094.0,High,,,,https://www.datacenterdynamics.com/en/news/h5-acquires-new-york-data-centers-from-yahoo-in-sale-leaseback-deal/,,,,,,,,43.169827,-78.74797,1763078400000.0,,44,Medium (11-50 MW),,,,8.0,,409200.0,,43.0,,,Operating,,,Niagara,,,,Media Monitoring,-78.74796999999995,43.16982700000005
479,"Ranalli Super DC, LLC data center",Hencle Blvd and Rt 48,Lysander,NY,13027.0,High,,,,https://www.syracuse.com/news/2025/11/prominent-syracuse-developer-plans-for-data-center-at-suburban-site-of-scuttled-warehouse.html,,,,,,,,43.18687,-76.35703,1764115200000.0,,300,Hyperscale (101-999 MW),,,,,,,,120.0,,"energy draw equivalent to 200,000 households",Proposed,,,Onondaga,,,,Media Monitoring,-76.35702999999995,43.186870000000056
480,Former Sears store potential data center conversion,6100 St Lawrence Centre SR 37,Massena,NY,13662.0,High,,,,https://www.datacenterdynamics.com/en/news/st-lawrence-county-planning-board-approves-conversion-sears-store-data-center/,https://www.govtech.com/policy/upstate-new-york-planning-board-converts-sears-to-data-center.html,https://finance.yahoo.com/news/former-massena-mall-now-industrial-035900751.html,,,,,,44.948536,-74.84243,1763078400000.0,,,Unknown,,,,,,,,,,Potential bitcoin or data center in 2020,Proposed,,,St. Lawrence,,,,Media Monitoring,-74.84242999999998,44.94853600000005
481,North Country Data Center,1814 State Hwy 131,Massena,NY,13662.0,High,,,,"https://northcountrynow.com/stories/north-country-data-centers-future-thwarted-by-proposed-regulations,236005",https://www.nyiso.com/documents/20142/2226333/2025-Gold-Book-Public.pdf/088438e1-02f1-5316-211b-dbca17c01b4b,,,,,,,44.961773,-74.8913,1763078400000.0,,176,Hyperscale (101-999 MW),,,,,,,,,,,Proposed,,,St. Lawrence,,,,Media Monitoring,-74.89129999999994,44.96177300000004
482,St Lawrence Data and Agricultural Center,417 County Route 42,Massena,NY,13662.0,High,,Petawatt Holdings,,https://www.yahoo.com/news/land-clearing-underway-massena-data-045900706.html,https://www.nyiso.com/documents/20142/2226333/2025-Gold-Book-Public.pdf/088438e1-02f1-5316-211b-dbca17c01b4b,,,,,,,44.954838,-74.84906,1763078400000.0,,200,Hyperscale (101-999 MW),,,,,,,,14.0,,,Proposed,,,St. Lawrence,,,,Media Monitoring,-74.84905999999995,44.95483800000006
483,LGA1,60 Hudson Street Suite #1903,New York,NY,10013.0,High,,DataBank,,https://www.databank.com/data-centers/new-york-city/,,,,,,,,40.717728,-74.00832,1763078400000.0,,0.74,Small (0-10 MW),,,,,,23940.0,,,,"Known as the premiere carrier hotel in the world, 60 Hudson Street provides an easy interconnection via undersea cable to the UK, and to the cables from Manasquan and Tuckerton, NY to the EU",Operating,,2024.0,New York,,,,Media Monitoring,-74.00831999999997,40.717728000000086
484,LGA2,111 8th Avenue,New York,NY,10011.0,High,,DataBank,,https://www.databank.com/data-centers/new-york-city/,,,,,,,,40.740993,-74.00215,1763078400000.0,,0.68,Small (0-10 MW),,,,,,,,,,,Operating,,,New York,,,,Media Monitoring,-74.00214999999997,40.74099300000006
485,Oxford Quantum Circuits (OQC),111 8th Avenue,New York,NY,10011.0,High,,,,https://www.datacenterdynamics.com/en/news/oxford-quantum-circuits-deploys-quantum-computer-at-quantum-ai-data-center-in-new-york-city/,,,,,,,,40.74102,-74.0021,1758240000000.0,1758240000000.0,,Unknown,,,,,,,,,,,Operating,,,New York,,,,Media Monitoring,-74.00209999999998,40.74102000000004
486,Telehouse: Chelsea,85 10th Ave,New York,NY,10011.0,High,,,,,,,,,,,,40.743084,-74.007866,1763078400000.0,,4,Small (0-10 MW),,,,,,63500.0,,,,,Operating,,,New York,,,,Media Monitoring,-74.00786599999998,40.74308400000007
488,BlockFusion,5380 Frontier Ave.,Niagara Falls,NY,14304.0,High,,,,https://finance.yahoo.com/news/blockfusion-wins-approval-reopen-bitcoin-035900770.html,,,,,,,,43.083187,-79.00317,1763337600000.0,,50+,Large (51-100 MW),,,,,,,,,,Bitcoin,Operating,,,Niagara,,,,Media Monitoring,-79.00316999999994,43.08318700000006
489,Niagara Digital Campus,Rainbow Blvd & John B Daly Blvds,Niagara Falls,NY,14303.0,High,,,,https://www.nyiso.com/documents/20142/2226333/2025-Gold-Book-Public.pdf/088438e1-02f1-5316-211b-dbca17c01b4b,https://cms3.revize.com/revize/niagarafallsny/Documents/Government/Department/Planning%20And%20Environmental/PUD%20PETITION_FULL_5.14.2025.pdf,https://finance.yahoo.com/news/nfr-submits-proposed-plans-data-035900195.html,https://www.datacentermap.com/usa/new-york/buffalo/niagara-digital-campus/,,,,,43.084515,-79.05135,1763078400000.0,1768348800000.0,140,Hyperscale (101-999 MW),,,,,,600000.0,,53.0,$1.5 billion,,Proposed,,,Niagara,,,,Media Monitoring,-79.05134999999996,43.08451500000007
490,Digihost/ Digipower X,1070 Erie Ave,North Tonawanda,NY,14120.0,High,,,,https://www.wgrz.com/article/news/local/digihost-crypto-mining-facility-fortistar-power-plant-money-business/71-9fbc4c21-8f47-4cf4-951e-32513d3090a9,,,,,,,,43.06086,-78.85376,1763337600000.0,,46,Medium (11-50 MW),,,,,,,,,,"Bitcoin, currently local moratorium against expansion",Operating,,,Niagara,Yes,,,Media Monitoring,-78.85375999999995,43.06086000000005
491,Eco-Yotta Inc. data center,357 County Highway 9,Oneonta,NY,13820.0,High,AI,,,https://www.allotsego.com/residents-oppose-data-center-proposal-in-heated-board-meeting/,,,,,,,,42.45303,-75.1168,1764115200000.0,,,Small (0-10 MW),,,,,,,,,,Excess heat to warm a greenhouse on-site,Suspended,,,Otsego,Yes,,,Media Monitoring,-75.11679999999996,42.45303000000006
492,Bloomberg-RDC 8/ Sentinel NY-1,155 Corporate Dr,Orangeburg,NY,10962.0,High,,,,https://russodevelopment.com/property/rdc-purpose-built-data-center/,https://baxtel.com/data-center/bloomberg-orangetown,,,,,,,41.03556,-73.9866,1763078400000.0,,7,Small (0-10 MW),,,,,,130000.0,,15.0,,,Operating,,,Rockland,,,,Media Monitoring,-73.98659999999995,41.03556000000003
493,DataBank LGA3 and LGA4,2000 Corporate Dr,Orangeburg,NY,10962.0,High,,,,https://www.databank.com/data-centers/new-york-city/orangeburg-campus/lga3/,https://www.datacenterdynamics.com/en/news/databank-launches-20mw-data-center-in-orangeburg-new-york/,https://www.databank.com/data-centers/new-york-city/,,,,,,41.03986,-73.9899,1748044800000.0,1763078400000.0,40,Medium (11-50 MW),,,,,,220000.0,,34.0,,,Operating,,2025.0,Rockland,,,,Media Monitoring,-73.98989999999998,41.03986000000003
494,Orangeburg/ Hivelocity Data Center,1 Ramland Rd,Orangeburg,NY,10962.0,High,,,,,,,,,,,,41.0345,-73.9758,1749427200000.0,1749427200000.0,24,Medium (11-50 MW),,,,,,232000.0,,,,,Unknown,,,Rockland,,,,Media Monitoring,-73.97579999999994,41.03450000000003
495,Telehouse: Teleport,7 Teleport Dr,Staten Island,NY,10311.0,High,,,,,,,,,,,,40.60713,-74.174934,1763078400000.0,,10,Small (0-10 MW),,,,,,162000.0,,,,,Operating,,,Richmond,,,,Media Monitoring,-74.17493399999995,40.60713000000004
496,Riverview Tech Campus,3800 River Rd,Tonawanda,NY,14150.0,High,,,,http://www.riverviewtechcampus.com/,https://www.datacenterdynamics.com/en/news/developer-buys-new-york-coal-plant-data-center-project/,,,,,,,42.978775,-78.93396,1763078400000.0,,600,Hyperscale (101-999 MW),,,,,,,,140.0,,"Site developer is a subsidiary of Ontario Speciality Consulting, a WNY-centric brownfield developer with a mixed portfolio of commercial and industrial projects. Owner, Jon Williams, has very close ties to cryptomining companies, including US Bitcon and Digihost Technologies",Proposed,,,Erie,,,,Media Monitoring,-78.93395999999996,42.978775000000034
497,Brookhaven Logistics Center,1001 Expressway Dr N,Yaphank,NY,11980.0,High,,,,https://www.newsday.com/long-island/computer-data-center-warehouse-yaphank-hfdnl8i8,,,,,,,,40.82991,-72.94618,1763078400000.0,,176?,Hyperscale (101-999 MW),,,,,,,,,,,Proposed,,,Suffolk,,,,Media Monitoring,-72.94617999999997,40.82991000000005
498,"Quantum HPC ""Project Triton""",3700 Limestone Dr,Barberton,OH,44203.0,High,,,,https://www.wkyc.com/article/news/local/summit-county/norton-residents-push-back-proposed-data-center-quantum-hpc/95-bded910f-b3ba-496f-8a62-f41b5a0506c0,https://www.qhpcnorton.com/,https://www.beaconjournal.com/story/news/2025/10/13/norton-to-host-meeting-to-discuss-proposed-data-center-at-mine-site/86585723007/,https://cityofnorton.org/DocumentCenter/View/4031/Data-Center-Background-Information23985548_1,https://www.cityofnorton.org/DocumentCenter/View/4025/Triton-400132701-Site-Plan-2025-10-0923967014_1,,,,41.014168,-81.6502,1760486400000.0,1760486400000.0,,Hyperscale (101-999 MW),Natural gas,,,,Water,485000.0,Closed loop,90.0,,6 on-site natural gas turbines proposed,Proposed,,,Summit,Yes,https://www.change.org/p/stop-construction-of-project-triton-in-norton-and-barberton-residential-areas,,Media Monitoring,-81.65019999999998,41.01416800000004
499,Meta: Bowling Green Data Center,20750 Midstar Dr,Bowling Green,OH,43402.0,High,,Meta,,https://datacenters.atmeta.com/2025/04/hello-bowling-green/,https://www.datacenterdynamics.com/en/news/meta-to-develop-data-center-campus-outside-toledo-ohio/,https://web.archive.org/web/20250910163909/https://www.toledoblade.com/local/suburbs/2025/09/09/rezoning-request-around-middleton-twp-data-center-withdrawn/stories/20250909109,,,,,,41.45447,-83.6489,1757462400000.0,1757462400000.0,,Unknown,,,,,,715000.0,,280.0,$800 million,Nearby land rezoning of 112 acres canceled (possible additional data center?) but rest of Meta project still on track.,Proposed,,,Wood,,,,Media Monitoring,-83.64889999999997,41.45447000000007
500,DartPoints data center,302 W. Third St.,Cincinnati,OH,45202.0,High,,,,https://local12.com/news/local/texas-company-expand-downtown-cincinnati-data-center-following-250-million-dollars-infusion-dartpoints-hpc-megawatts,,,,,,,,39.09831,-84.5179,1758153600000.0,1758153600000.0,,Unknown,,,,,,15000.0,,,,,Approved/Permitted/Under construction,,,Hamilton,,,,Media Monitoring,-84.51789999999994,39.098310000000026
501,H5 data center,925 Dalton Avenue,Cincinnati,OH,45203.0,High,,,,https://www.datacenterdynamics.com/en/news/h5-data-centers-acquires-data-center-in-cincinnati-ohio/,,,,,,,,39.10586,-84.5366,1749081600000.0,1749081600000.0,2-6,Small (0-10 MW),,,,,,107000.0,,,,,Unknown,,,Hamilton,,,,Media Monitoring,-84.53659999999996,39.10586000000006
502,CLE1,15166 Neo Pkwy,Cleveland,OH,44128.0,High,,,,https://www.expedient.com/data-centers/cleveland/,,,,,,,,41.42835,-81.574,1756684800000.0,1756684800000.0,4.7,Small (0-10 MW),,,,,,66800.0,,,,,Operating,,,Cuyahoga,,,,Media Monitoring,-81.57399999999996,41.42835000000008
503,CLE2,15248 NEO Parkway,Cleveland,OH,44128.0,High,,,,https://www.expedient.com/data-centers/cleveland/,,,,,,,,41.42939,-81.5739,1756684800000.0,1756684800000.0,2,Small (0-10 MW),,,,,,24850.0,,,,,Operating,,,Cuyahoga,,,,Media Monitoring,-81.57389999999998,41.429390000000076
504,Amazon,,Columbus,OH,,Low,,Amazon,,https://marcellusdrilling.com/2025/04/microsoft-hits-pause-button-on-1b-data-centers-near-columbus-oh/,https://www.dispatch.com/story/business/2025/04/07/microsoft-backs-out-of-plans-to-build-data-centers-in-licking-county/82973097007/,,,,,,,39.96418,-83.0171,,,,Unknown,,,,,,,,,,,Suspended,,,Franklin,,,,Media Monitoring,-83.01709999999997,39.96418000000006
505,COL 1 (Cologix),535 Scherers Ct,Columbus,OH,43085.0,High,,,,https://marcellusdrilling.com/2025/04/microsoft-hits-pause-button-on-1b-data-centers-near-columbus-oh/,https://www.dispatch.com/story/business/2025/04/07/microsoft-backs-out-of-plans-to-build-data-centers-in-licking-county/82973097007/,https://cologix.com/data-centers/columbus/,,,,,,40.11592,-83.0025,1756512000000.0,1756512000000.0,30,Medium (11-50 MW),,,,,,44000.0,,,,,Operating,,,Franklin,,,,Media Monitoring,-83.00249999999994,40.11592000000007
506,COL 2 (Cologix),555 Scherers Ct,Columbus,OH,43085.0,High,,,,https://cologix.com/data-centers/columbus/,,,,,,,,40.11582,-83.0025,1756512000000.0,1756512000000.0,30,Medium (11-50 MW),,,,,,44000.0,,,,,Operating,,,Franklin,,,,Media Monitoring,-83.00249999999994,40.115820000000035
507,COL 3 (Cologix),585 Scherers Ct,Columbus,OH,43085.0,High,,,,https://cologix.com/data-centers/columbus/,,,,,,,,40.11585,-83.0023,1756512000000.0,1756512000000.0,18+,Medium (11-50 MW),,,,,,160000.0,,,,,Operating,,,Franklin,,,,Media Monitoring,-83.00229999999993,40.11585000000008
508,COL 4 (Cologix),7500 Alta View Blvd,Columbus,OH,43085.0,High,,,,https://cologix.com/data-centers/columbus/,,,,,,,,40.11852,-82.9993,1756512000000.0,1756512000000.0,33,Medium (11-50 MW),,,,,,256000.0,,,,,Operating,,,Franklin,,,,Media Monitoring,-82.99929999999995,40.118520000000046
509,Google,5076 S High St,Columbus,OH,43207.0,High,,Google,,https://www.datacenterdynamics.com/en/news/aligned-acquires-third-site-in-ohio-for-data-center-development-report/,,,,,,,,39.85241,-82.9974,1748217600000.0,1748217600000.0,,Unknown,,,,,,,,,,,Unknown,,,Franklin,,,,Media Monitoring,-82.99739999999997,39.85241000000006
510,Microsoft,,Columbus,OH,,Low,,Microsoft,,https://marcellusdrilling.com/2025/04/microsoft-hits-pause-button-on-1b-data-centers-near-columbus-oh/,https://www.dispatch.com/story/business/2025/04/07/microsoft-backs-out-of-plans-to-build-data-centers-in-licking-county/82973097007/,,,,,,,39.96418,-83.0171,,,,Unknown,,,,,,,,,,,Suspended,,,Franklin,,,,Media Monitoring,-83.01709999999997,39.96418000000006
511,Aligned,"Conesville Industrial Park, 47201 Co Rd 273",Conesville,OH,43811.0,High,,,,https://www.datacenterdynamics.com/en/news/aligned-acquires-third-site-in-ohio-for-data-center-development-report/,https://www.datacenterdynamics.com/en/news/aligned-to-develop-200-acre-data-center-campus-in-coshocton-ohio/,,,,,,,40.18911,-81.8728,1754006400000.0,1754006400000.0,,Unknown,,,,,,,,197.0,,adjacent to the former AEP Conesville Power Plant,Proposed,,,Coshocton,,,,Media Monitoring,-81.87279999999997,40.18911000000002
512,CMH2,5700 Innovation Dr,Dublin,OH,43016.0,High,,,,https://www.expedient.com/data-centers/columbus/,,,,,,,,40.09205,-83.1436,1756684800000.0,1756684800000.0,4.8,Small (0-10 MW),,,,,,29208.0,,,,,Operating,,,Franklin,,,,Media Monitoring,-83.14359999999994,40.092050000000036
513,DartPoints data center,565 Metro Pl S #300,Dublin,OH,43017.0,High,,,,https://dartpoints.com/locations/ohio2/,,,,,,,,40.09327,-83.1337,1758153600000.0,1758153600000.0,,Unknown,,,,,,40000.0,,,,,Operating,,,Franklin,,,,Media Monitoring,-83.13369999999998,40.093270000000054
514,PRSM data center (hyperscale),Off Orphans Rd,Eaton,OH,45320.0,High,,,,https://www.datacenterdynamics.com/en/news/300-acres-of-land-in-preble-county-ohio-could-host-data-center-campus/,https://www.wdtn.com/news/300-acres-of-farmland-could-be-rezoned-for-new-data-center-near-i-70/,,,,,,,39.8307,-84.7197,1757289600000.0,1757289600000.0,,Unknown,,,,,,,,300.0,,Community pushback,Proposed,,,Preble,,,,Media Monitoring,-84.71969999999999,39.83070000000002
515,Google data center,,Franklin Furnace,OH,,Medium,,Google,,https://www.datacenterdynamics.com/en/news/google-confirmed-as-company-behind-500000-sq-ft-data-center-in-scioto-county-ohio/,,,,,,,,38.59737,-82.84261,1769126400000.0,,,Unknown,,,,,,500000.0,,,$1 billion,,Proposed,,,Scioto,,,,Media Monitoring,-82.84260999999998,38.59737000000006
516,AWS,11793 Vans Valley Rd,Galena,OH,43021.0,High,,,,https://www.datacenterdynamics.com/en/news/aws-plans-2bn-data-center-campus-in-sunbury-ohio/,,,,,,,,40.21813,-82.8478,1748217600000.0,1748217600000.0,,Unknown,,,,,,450000.0,,,,,Approved/Permitted/Under construction,,,Delaware,,,,Media Monitoring,-82.84779999999995,40.21813000000002
517,Logistix data center,1380 University Blvd,Hamilton,OH,45011.0,High,,,,https://www.bizjournals.com/cincinnati/news/2025/09/08/hyperscale-ai-data-center-hamilton-logistix.html,https://local12.com/news/local/plans-1-billion-cincinnati-hamilton-ohio-data-center-advance-despite-environmental-energy-concerns-bills-usage-cost-customers-residents-logistix-property-group-consumption-natural-gas-hydroelectric-solar-wind-generators-technology-hub-tech-computers,https://www.thebcfa.org/ignitebutler/featured-news-articles/p/item/64490/1b-hyperscale-data-center-could-break-ground-in-city-of-hamilton-in-2026,https://www.journal-news.com/news/residents-say-no-on-1b-data-center-project-wants-hamilton-to-do-the-same/L3YUSLLR2VHMDFXVBXKPBTOHCA/,https://www.thebcfa.org/ignitebutler/featured-news-articles/p/item/64490/1b-hyperscale-data-center-could-break-ground-in-city-of-hamilton-in-2026,https://www.bizjournals.com/cincinnati/news/2025/09/08/hyperscale-ai-data-center-hamilton-logistix.html,https://www.journal-news.com/news/residents-say-no-on-1b-data-center-project-wants-hamilton-to-do-the-same/L3YUSLLR2VHMDFXVBXKPBTOHCA/,https://www.wvxu.org/environment/2025-12-03/developers-data-center-butler-county,39.38385,-84.56061,1757376000000.0,1766966400000.0,200,Hyperscale (101-999 MW),,,,,,320.0,,29.0,$1 billion,Scheduled for 2026,Proposed,,,Butler,Yes,,,Media Monitoring,-84.56060999999994,39.38385000000005
518,Amazon,5109 Hayden Run Rd,Hilliard,OH,43026.0,High,,Amazon,,https://www.datacenterdynamics.com/en/news/amazon-plans-five-building-data-center-campus-in-new-albany-ohio/,,,,,,,,40.06241,-83.1344,1748217600000.0,1748217600000.0,,Unknown,,,,,,,,,,,Unknown,,,Franklin,,,,Media Monitoring,-83.13439999999997,40.062410000000064
519,Supermicro/ Ravel data center,1476 County Rd 1A,Ironton,OH,45638.0,High,AI,Strata,,https://www.datacenterdynamics.com/en/news/data-center-project-in-lawrence-county-ohio-sparks-calls-for-moratorium-in-neighboring-city/,,,,,,,,38.56767,-82.782684,1768262400000.0,1769040000000.0,,Unknown,,,,,,,,,,,Proposed,,,Lawrence,Yes,https://www.change.org/p/stop-the-ai-data-centers-in-lawrence-county-ohio,,Media Monitoring,-82.78268399999996,38.567670000000064
520,AWS,,Jeffersonville,OH,43128.0,Medium,,,,https://www.datacenterdynamics.com/en/news/aws-weighing-up-data-center-project-in-fayette-county-ohio/,,,,,,,,39.62332,-83.5897,1748217600000.0,1748217600000.0,,Unknown,,,,,,,,,,,Unknown,,,Fayette,,,,Media Monitoring,-83.58969999999994,39.623320000000035
521,Amazon,2186 Harrison Rd NW,Johnstown,OH,43031.0,High,,Amazon,,https://www.datacenterdynamics.com/en/news/amazon-plans-five-building-data-center-campus-in-new-albany-ohio/,,,,,,,,40.08953,-82.7346,1748217600000.0,1748217600000.0,,Unknown,,,,,,170000.0,,100.0,,,Unknown,,,Licking,,,,Media Monitoring,-82.73459999999994,40.08953000000001
522,Amazon,2570 Beech Rd NW,Johnstown,OH,43031.0,High,,Amazon,,https://www.datacenterdynamics.com/en/news/amazon-plans-five-building-data-center-campus-in-new-albany-ohio/,,,,,,,,40.09421,-82.7514,1748217600000.0,1748217600000.0,,Unknown,,,,,,459000.0,,68.0,,,Unknown,,,Licking,,,,Media Monitoring,-82.75139999999999,40.094210000000025
523,Amazon,2801 Beech Rd NW,Johnstown,OH,43031.0,High,,Amazon,,https://www.datacenterdynamics.com/en/news/amazon-buys-112-acre-plot-new-data-center-new-albany-ohio/,,,,,,,,40.09769,-82.7533,1748217600000.0,1748217600000.0,,Unknown,,,,,,,,112.0,,,Unknown,,,Licking,,,,Media Monitoring,-82.75329999999997,40.097690000000064
524,AWS,4200 Beech Rd NW,Johnstown,OH,43031.0,High,,,,https://www.datacenterdynamics.com/en/news/amazon-plans-five-building-data-center-campus-in-new-albany-ohio/,,,,,,,,40.11718,-82.7506,1748217600000.0,1748217600000.0,,Unknown,,,,,,,,439.0,,,Unknown,,,Licking,,,,Media Monitoring,-82.75059999999996,40.117180000000076
525,CyrusOne COL-1,12181 Jug St,Johnstown,OH,43031.0,High,,,,https://www.datacenterdynamics.com/en/news/cyrusone-breaks-ground-on-new-albany-ohio-data-center/,,,,,,,,40.09545,-82.7181,1758153600000.0,1758153600000.0,,Unknown,,,,,,,,,,,Approved/Permitted/Under construction,,,Licking,,,,Media Monitoring,-82.71809999999994,40.09545000000002
526,EdgeConneX,9850 Innovation Campus Way W,Johnstown,OH,43031.0,High,,,,https://www.datacenterdynamics.com/en/news/edgeconnex-files-to-convert-warehouse-and-build-new-700000-sq-ft-data-center-in-new-albany-ohio/,,,,,,,,40.08851,-82.7583,1752537600000.0,1752537600000.0,,Unknown,,,,,,1225000.0,,270.0,,,Unknown,,,Licking,,,,Media Monitoring,-82.75829999999996,40.088510000000035
527,Karis Critical data center,4500 Beech Rd NW,Johnstown,OH,43031.0,High,,,,https://www.datacenterdynamics.com/en/news/karis-critical-purchases-115-acres-for-data-center-in-new-albany-ohio/,,,,,,,,40.12115,-82.7517,1756857600000.0,1756857600000.0,36,Medium (11-50 MW),,,,,,211000.0,,115.0,,,Proposed,,,Licking,,,,Media Monitoring,-82.75169999999999,40.12115000000006
528,Google,104 Whiley Rd.,Lancaster,OH,43130.0,High,,Google,,https://www.datacenterdynamics.com/en/news/google-to-build-two-more-data-centers-in-columbus-ohio/,,,,,,,,39.72647,-82.6823,1748217600000.0,1748217600000.0,,Unknown,,,,,,,,,,,Unknown,,,Fairfield,,,,Media Monitoring,-82.68229999999994,39.72647000000006
529,CMH3,281 E. Powell Rd,Lewis Center,OH,43085.0,High,,,,https://www.expedient.com/data-centers/columbus/,,,,,,,,40.15455,-83.0143,1756684800000.0,1756684800000.0,7,Small (0-10 MW),,,,,,102000.0,,,,,Operating,,,Delaware,,,,Media Monitoring,-83.01429999999993,40.15455000000003
530,COL 5 (Cologix),6787 Green Meadows Drive,Lewis Center,OH,43085.0,High,,,,https://cologix.com/data-centers/columbus/,,,,,,,,40.19086,-83.0113,1756512000000.0,1756512000000.0,25,Medium (11-50 MW),,,,,,60000.0,,,,,Proposed,,,Delaware,,,,Media Monitoring,-83.01129999999995,40.190860000000036
531,Bistrozzi LLC data center,950 W Bluelick Rd,Lima,OH,45801.0,High,,,,https://www.limaohio.com/top-stories/2025/08/14/company-behind-data-center-completes-land-purchases/,,,,,,,,40.7965,-84.121,1755302400000.0,1755302400000.0,,Unknown,,,,,,,,200.0,$14.4 million,3 adjacent properties,Proposed,,,Allen,,,,Media Monitoring,-84.12099999999998,40.79650000000004
532,Project Cosmos (Amazon),14684 Industrial Pkwy,Marysville,OH,43040.0,High,,Amazon,,https://www.datacenterdynamics.com/en/news/amazon-eyes-another-data-center-campus-outside-columbus-ohio/,,,,,,,,40.2203,-83.3259,1748217600000.0,1748217600000.0,,Unknown,,,,,,,,55.0,$1 billion,,Unknown,,,Union,,,,Media Monitoring,-83.3259,40.22030000000005
533,Vantage data center,State Routes 204 and 37/ 11894-11998 Lancaster-Newark Rd NE,Millersport,OH,43046.0,High,,,,https://www.dispatch.com/story/news/2025/05/30/vantage-data-center-campus-millersport-ohio-tech/83921180007/,https://www.nbc4i.com/news/local-news/fairfield-county/some-residents-hesitant-about-new-1-billion-data-center-headed-for-central-ohio/,,,,,,,39.89945,-82.5619,1749081600000.0,1749081600000.0,,Unknown,,,,,,,,500.0,$1 billion,,Proposed,,,Fairfield,,,,Media Monitoring,-82.56189999999998,39.899450000000066
534,Google data center,~4632 Babbitt Rd,New Albany,OH,43054.0,High,,Google,Google,https://epoch.ai/data/data-centers/satellite-explorer/GoogleNewAlbanyOhio?ref=404media.co,,,,,,,,40.058273,-82.766945,1767225600000.0,,543-679,Hyperscale (101-999 MW),,,,,,,,,,,Approved/Permitted/Under construction,,,Franklin,,,,Media Monitoring,-82.76694499999996,40.058273000000035
535,Meta Prometheus,1 Community Cir,New Albany,OH,43054.0,High,,Meta,,https://www.datacenterdynamics.com/en/news/facebook-launches-ohio-data-center/,https://rbnenergy.com/i-know-places-tech-giants-may-be-the-surest-bets-for-data-center-power-demand,https://engineering.fb.com/2025/09/29/data-infrastructure/metas-infrastructure-evolution-and-the-advent-of-ai/,https://www.bbc.com/news/articles/c1e02vx55wpo,https://epoch.ai/data/data-centers/satellite-explorer/MetaPrometheusNewAlbanyOhio?ref=404media.co,,,,40.06841,-84.7197,1748217600000.0,1767225600000.0,691,"Mega campus (>1,000 MW)",,,,,,27878400.0,,345.0,,,Operating,,,Darke,,,,Media Monitoring,-84.71969999999999,40.06841000000002
536,Data center,Corduroy and N. Wynn Rds,Oregon,OH,43616.0,Medium,,,,https://www.datacenterdynamics.com/en/news/rezoning-requests-approved-for-data-center-outside-toledo-ohio/,,,,,,,,41.66384,-83.4237,1756857600000.0,1756857600000.0,,Unknown,,,,,,,,20.0,,,Proposed,,,Lucas,,,,Media Monitoring,-83.42369999999994,41.663840000000036
537,Aligned NEO-01,2509 Hayes Avenue,Sandusky,OH,44870.0,High,,,,https://www.datacenterdynamics.com/en/news/aligned-acquires-130-acres-in-ohio-for-data-center-campus/,,,,,,,,41.43093,-82.7172,1750291200000.0,1750291200000.0,,Unknown,,,,,,,,130.0,,,Proposed,,,Erie,,,,Media Monitoring,-82.71719999999993,41.43093000000004
538,Project Galaxy (Amazon),North side of West Millcreek Rd,Sidney,OH,45365.0,High,,Amazon,,https://www.whio.com/news/local/city-approves-30-year-tax-break-amazon-data-center/IXCXV6ZWABADDFZ3XYHMYB7YUQ/,https://www.datacenterdynamics.com/en/news/amazon-secures-tax-break-for-3bn-data-center-campus-in-sidney-ohio/,,,,,,,40.26942,-84.19626,1762128000000.0,,,Unknown,,,,,,,,,$3 billion,Payments in Lieu of Taxes (PILOT) totaling $50 million over 15 years,Proposed,,,Shelby,,,,Media Monitoring,-84.19625999999994,40.26942000000002
539,Prologis data center,Kennel Rd,Trenton,OH,45067.0,High,,Prologis,,https://www.datacenterdynamics.com/en/news/prologis-acquires-land-outside-cincinnati-ohio-for-potential-data-center/,https://www.wlwt.com/article/trenton-ohio-butler-county-data-center-reaction/69267723,https://www.journal-news.com/news/1-million-square-foot-data-center-proposed-for-141-acres-in-trenton/B5H4QD67PZGVRJY7HAVVSTJJBI/,,,,,,39.45638,-84.456276,1766966400000.0,,240,Hyperscale (101-999 MW),Grid (unspecified mix),,,4.0,,1000000.0,,142.0,,,Proposed,,,Butler,Yes,https://www.facebook.com/groups/816721210681323,,Crowdsourced,-84.45627599999995,39.45638000000003
540,CMH1,"5000 Arlington Centre Blvd Building One, Arlington Centre Blvd",Upper Arlington,OH,43220.0,High,,,,https://www.expedient.com/data-centers/columbus/,,,,,,,,40.05789,-83.0785,1756684800000.0,1756684800000.0,1.6,Small (0-10 MW),,,,,,21591.0,,,,,Operating,,,Franklin,,,,Media Monitoring,-83.07849999999998,40.05789000000003
541,Open AI/ SoftBank Stargate data center,2369 Ellsworth Bailey Rd,Warren,OH,44481.0,High,,Bristolville 25 Developer LLC,,https://www.chron.com/business/article/openai-texas-stargate-ai-hub-21065041.php,https://www.wfmj.com/story/53109325/lordstown-part-of-mammoth-dollar500-billion-artificial-intelligence-data-center-project,https://www.wfmj.com/story/53113377/data-center-to-occupy-small-part-of-lordstown-ai-hub-feature-advanced-design,https://www.wfmj.com/story/53208675/lordstown-leaders-consider-ban-tonight-on-planned-dollar36b-ai-data-center,,,,,41.15324,-80.8803,1758844800000.0,1762128000000.0,1500,"Mega campus (>1,000 MW)",,,,,,,,,$3.6 billion,Former General Motors plant outside Lordstown,Proposed,,,Trumbull,Yes,,,Media Monitoring,-80.88029999999998,41.15324000000004
542,AWS data center,1488 US-68,Wilmington,OH,45177.0,High,,Amazon,,https://www.datacenterdynamics.com/en/news/wilmington-city-council-postpones-vote-on-aws-data-center-in-southwest-ohio/,https://www.stayinspirednews.com/she-refuses-to-stay-quiet-about-a-4-billion-ai-data-center-coming-to-her-small-town-in-wilmington-ohio/,https://www.stayinspirednews.com/content/files/2025/12/Wilmington-Ohio-Open-Letter-Dec-15-2025-FINAL.pdf,,https://www.datacenterdynamics.com/en/news/aws-data-center-project-tabled-in-wilmington-ohio/,,,,39.42304,-83.845474,1765152000000.0,1767830400000.0,400-600,Hyperscale (101-999 MW),,,,,,,,471.0,$4 billion,,Suspended,,,Clinton,Yes,https://www.facebook.com/groups/wilmingtondatacenter,https://wilmingtondatacenter.org/,Media Monitoring,-83.84547399999997,39.42304000000008
543,Project Anthem,E 11th St,Cartoosa,OK,74015.0,High,,,,https://www.datacenterdynamics.com/en/news/340-acre-data-center-campus-planned-in-tulsa-oklahoma/,,,,,,,,36.14817,-95.7338,1748217600000.0,1767657600000.0,,Unknown,,,,,,,,340.0,,,Approved/Permitted/Under construction,,,Wagoner,,,,Media Monitoring,-95.73379999999997,36.14817000000004
544,"Beale Infrastructure data center ""Project Mustang""",Claremore Industrial Park,Claremore,OK,74017.0,High,,,,https://www.datacenterdynamics.com/en/news/beale-infrastructure-in-talks-to-build-data-center-campus-outside-tulsa-oklahoma/,https://morestartshere.com/site-selection/claremore-industrial-park/,https://constructionreviewonline.com/beale-infrastructure-in-talks-to-build-project-mustang-data-center-campus-outside-tulsa-oklahoma/,,,,,,36.343464,-95.60581,1767657600000.0,,,Unknown,,,,,,,,,,,Proposed,,2028.0,Rogers,Yes,https://ktul.com/news/local/claremore-residents-speak-out-against-project-mustang-data-center,,Media Monitoring,-95.60580999999995,36.34346400000004
545,Google Pryor data center,4581 Webb St,Lusta,OK,74361.0,High,,Google,Google,https://epoch.ai/data/data-centers/satellite-explorer/GooglePryorOklahoma?ref=404media.co,https://docs.google.com/spreadsheets/d/1t7cRs2OukCKSz88qEnyF7vlGWdgY5MpVOLcd79nFdnQ/edit?gid=2132985834#gid=2132985834,,,,,,,36.240967,-95.33059,1767225600000.0,,195-584,Hyperscale (101-999 MW),Grid (unspecified mix),,,,,,,,,,Operating,,,Mayes,,,,Media Monitoring,-95.33058999999997,36.24096700000006
546,Data center,"East of Redbud Power Plant, NE 206th St",Luther,OK,73054.0,Medium,,,,https://www.datacenterdynamics.com/en/news/data-center-proposal-in-luther-oklahoma-faces-opposition-prior-to-official-filing/,https://okcfox.com/news/local/an-enormous-concern-luther-residents-concerned-over-potential-data-center-in-their-town-ai,https://www.news9.com/oklahoma-city-news/luther-residents-oppose-data-center,,,,,,35.684746,-97.21583,1767657600000.0,,,Unknown,Grid (unspecified mix),,,,,,,,,,Proposed,,,Oklahoma,Yes,,,Media Monitoring,-97.21583,35.684746000000075
547,Cerebras Systems data center,600 NW 62nd St,Oklahoma City,OK,73118.0,High,,,,https://www.datacenterdynamics.com/en/news/cerebras-opens-10mw-data-center-in-oklahoma-city/,,,,,,,,35.53575,-97.5223,1758758400000.0,1758758400000.0,10,Small (0-10 MW),,,,,,82000.0,,,,,Operating,,,Oklahoma,,,,Media Monitoring,-97.52229999999997,35.535750000000064
548,Valor C3 Data Center,4442 Newcastle Rd,Oklahoma City,OK,73119.0,High,,,,https://kfor.com/news/local/new-tornado-proof-data-center-in-okc/,https://www.youtube.com/watch?v=0-sxYsKe6co&ab_channel=KOKH-FOX25,,,,,,,35.42508,-97.5998,1748217600000.0,1748217600000.0,,Unknown,,,,,,,,,,Tornado-proof,Unknown,,,Oklahoma,,,,Media Monitoring,-97.59979999999996,35.42508000000003
549,"Coweta data center ""Project Atlas""",6192 State Highway 51B,Porter,OK,74454.0,,,Beale Infrastructure,,https://www.datacenterdynamics.com/en/news/beale-infrastructure-in-talks-to-build-data-center-campus-outside-tulsa-oklahoma/,https://www.datacenterdynamics.com/en/news/beale-infrastructure-plans-second-data-center-campus-outside-tucson-arizona-and-two-outside-tulsa-oklahoma/,,,,,,,35.89665,-95.60666,1767657600000.0,,,Unknown,,,,,,,,,,,Proposed,,,Wagoner,,,,Media Monitoring,-95.60665999999998,35.89665000000008
550,"""Project Spring"" data center",OK-97,Sand Springs,OK,74063.0,High,,,,https://www.datacenterdynamics.com/en/news/sand-springs-oklahoma-to-consider-project-spring-data-center-proposal/,https://protectss.org/home,"https://www.fox23.com/news/sand-springs-city-leaders-postpone-action-on-proposed-data-center-project/article_73ae54df-1dc1-4440-8511-87e2064374a8.html#:~:text=SAND%20SPRINGS%2C%20Okla.,showing%20up%20made%20a%20difference.",https://www.fox23.com/news/special-meetings-set-for-proposed-data-center-in-sand-springs/article_e36b744c-371c-4d41-9476-dbdeb04b1a9c.html,,,,,36.24621,-96.10994,1764288000000.0,1767657600000.0,,Hyperscale (101-999 MW),,,,,,565000.0,,827.0,,,Suspended,,,Osage,Yes,https://www.gofundme.com/f/Protect-sand-springs-alliance,,Media Monitoring,-96.10993999999994,36.24621000000007
551,"Beale Infrastructure ""Project Clydesdale""",SW of E 86th St N and Sheridan Ave,Sperry,OK,74073.0,High,,,,https://www.datacenterdynamics.com/en/news/500-acre-data-center-campus-planned-in-tulsa-oklahoma/,https://www.kjrh.com/news/local-news/tulsa-county-residents-concerned-about-plans-for-data-center,https://www.datacenterdynamics.com/en/news/beale-infrastructure-plans-second-data-center-campus-outside-tucson-arizona-and-two-outside-tulsa-oklahoma/,https://tulsaplanning.org/tmapc/TAC/Project%20Clydesdale%20submittal.pdf,,,,,36.26513,-95.9034,1747785600000.0,1767657600000.0,,Unknown,,,,,,,,506.0,,,Approved/Permitted/Under construction,,,Tulsa,,,,Media Monitoring,-95.90339999999998,36.26513000000006
552,Cherokee Data Center,7400 N Lakewood Ave,Tulsa,OK,74117.0,High,,,,,,,,,,,,36.26277,-95.9097,1747785600000.0,1747785600000.0,,Unknown,,,,,,,,,,,Operating,,,Tulsa,,,,Media Monitoring,-95.90969999999999,36.26277000000004
553,Tierpoint,12151 E. State Farm Blvd,Tulsa,OK,74146.0,High,,,,https://www.datacenterdynamics.com/en/news/tierpoint-completes-fourth-data-center-in-oklahoma/,,,,,,,,36.09664,-95.8402,1748217600000.0,1748217600000.0,,Unknown,,,,,,16000.0,,,$20 million,,Unknown,,,Tulsa,,,,Media Monitoring,-95.84019999999998,36.096640000000036
554,Amazon,mesa above Arlington,Arlington,OR,,Low,,Amazon,,https://www.datacenterdynamics.com/en/news/amazon-expanding-data-center-presence-in-oregon-buys-400-acres/,,,,,,,,45.72153,-120.189,1755302400000.0,1755302400000.0,,Unknown,,,,,,,,400.0,$13 million,,Unknown,,,Gilliam,,,,Media Monitoring,-120.18899999999996,45.72153000000002
555,Roundhouse Digital Infrastructure,,Cascade Locks,OR,97014.0,Medium,,,,https://www.oregonlive.com/silicon-forest/2023/03/startup-pitches-100-million-data-center-in-cascade-locks.html,https://www.oregonlive.com/silicon-forest/2023/07/cascade-locks-rejects-plan-for-100-million-data-center-in-the-columbia-river-gorge.html,,,,,,,45.67192,-121.886,1747958400000.0,1747958400000.0,,Unknown,,,,,,,,,,,Suspended,,,Hood River,Yes,,,Media Monitoring,-121.88599999999995,45.67192000000005
556,Crane data centers,2975 Heather St,Forest Grove,OR,97113.0,High,,,,https://www.oregonlive.com/news/2025/07/it-blocks-out-the-sky-data-centers-big-plans-rile-neighbors-in-small-town-forest-grove.html,https://www.datacenterdynamics.com/en/news/planning-commission-greenlights-crane-dcs-forest-grove-data-center-in-northwest-oregon-again/,,,,,,,45.51303,-123.05,1752624000000.0,1752624000000.0,,Unknown,,,,2.0,,357500.0,,35.0,,,Approved/Permitted/Under construction,,,Washington,,,,Media Monitoring,-123.04999999999995,45.51303000000007
557,Amazon data center,OR-207,Heppner,OR,97836.0,High,,Amazon,,https://www.datacenterdynamics.com/en/news/amazon-acquires-shovel-ready-12gw-solar-and-storage-facility-in-oregon-report/,https://www.oregon.gov/energy/facilities-safety/facilities/Facilities%20library/2024-05-15-ESP-ASC-Location.pdf,,,,,,,45.604702,-119.573364,1768780800000.0,,"1,200","Mega campus (>1,000 MW)",Solar,Yes,,,,,,,,Solar farm and battery storage site,Proposed,,2027.0,Morrow,,,,Media Monitoring,-119.57336399999996,45.604702000000024
558,Flexential Hillsboro 1,"7273, 3935 NE NW Aloclek Pl",Hillsboro,OR,97124.0,High,,,,https://hillsboroherald.com/flexentials-new-hillsboro-6-data-center-marks-a-shift-from-jobs-to-joules/,,,,,,,,45.55948,-122.938,1757376000000.0,1757376000000.0,12,Medium (11-50 MW),,,,,,120000.0,,,,,Operating,,,Washington,,,,Media Monitoring,-122.93799999999999,45.559480000000065
559,Flexential Hillsboro 2,5737 NE Huffman St,Hillsboro,OR,97124.0,High,,,,https://hillsboroherald.com/flexentials-new-hillsboro-6-data-center-marks-a-shift-from-jobs-to-joules/,,,,,,,,45.54989,-122.891,1757376000000.0,1757376000000.0,12–20,Medium (11-50 MW),,,,,,,,,,,Operating,,,Washington,,,,Media Monitoring,-122.89099999999998,45.549890000000055
560,Flexential Hillsboro 3,5419 NE Starr Blvd,Hillsboro,OR,97124.0,High,,,,https://hillsboroherald.com/flexentials-new-hillsboro-6-data-center-marks-a-shift-from-jobs-to-joules/,,,,,,,,45.55947,-122.938,1757376000000.0,1757376000000.0,12–20,Medium (11-50 MW),,,,,,,,,,,Operating,,,Washington,,,,Media Monitoring,-122.93799999999999,45.559470000000026
561,Flexential Hillsboro 4,4915 NE Starr Blvd,Hillsboro,OR,97124.0,High,,,,https://hillsboroherald.com/flexentials-new-hillsboro-6-data-center-marks-a-shift-from-jobs-to-joules/,,,,,,,,45.55543,-122.939,1757376000000.0,1757376000000.0,12–20,Medium (11-50 MW),,,,,,,,,,,Operating,,,Washington,,,,Media Monitoring,-122.93899999999998,45.555430000000065
562,Flexential Hillsboro 5,4975 NE Starr Blvd,Hillsboro,OR,97124.0,High,,,,https://hillsboroherald.com/flexentials-new-hillsboro-6-data-center-marks-a-shift-from-jobs-to-joules/,,,,,,,,45.55651,-122.939,1757376000000.0,1757376000000.0,36,Medium (11-50 MW),,,,,,358000.0,,,,,Operating,,,Washington,,,,Media Monitoring,-122.93899999999998,45.55651000000006
563,Flexential Hillsboro 6,,Hillsboro,OR,97124.0,Medium,,,,https://hillsboroherald.com/flexentials-new-hillsboro-6-data-center-marks-a-shift-from-jobs-to-joules/,,,,,,,,45.54841,-122.89,1757376000000.0,1757376000000.0,27,Medium (11-50 MW),,,,,,350000.0,,,,,Proposed,,,Washington,,,,Media Monitoring,-122.88999999999999,45.54841000000004
564,"Portland Edge Data Center (EDC) campus (POR01, POR02, & POR03)","6327 NE Evergreen Pkwy, Bldg C, Suite C-300",Hillsboro,OR,97124.0,High,,,,https://www.edgeconnex.com/locations/americas/portland-or/,,,,,,,,45.55167,-122.915,1754265600000.0,1754265600000.0,9+,Small (0-10 MW),,,,,,35550.0,,,,,Operating,,,Washington,,,,Media Monitoring,-122.91499999999996,45.55167000000006
565,Apple Data Center,,Prineville,OR,,Low,,,,,,,,,,,,44.28842,-120.876,1755129600000.0,1755129600000.0,,Unknown,,,,,,,,,,,Operating,,,Crook,,,,Media Monitoring,-120.87599999999998,44.28842000000002
566,Meta Data Center,735 SW Connect Way,Prineville,OR,97754.0,High,,Meta,,https://www.datacenters.com/facebook-prineville,,,,,,,,44.295624,-120.88721,1766534400000.0,,,Hyperscale (101-999 MW),,,,,,3200000.0,,,,,Operating,,,Crook,,,,Crowdsourced,-120.88720999999997,44.29562400000003
567,Google,4200 Columbia Road,The Dalles,OR,97058.0,High,,Google,,https://www.datacenterdynamics.com/en/news/google-to-upgrade-its-original-data-center-in-oregon/,,,,,,,,45.63318,-121.2,1751328000000.0,1751328000000.0,,Unknown,,,,,,,,,,,Proposed,,,Wasco,,,,Media Monitoring,-121.19999999999999,45.63318000000004
568,AWS data center,Lofty Rd, McAdoo/ Kline Twp,PA,18237.0,Medium,,Amazon,,https://www.datacenterdynamics.com/en/news/aws-plans-25-million-sq-ft-data-center-campus-in-kline-township-pennsylvania/,,,,,,,,40.86813,-76.024254,1769385600000.0,,,Hyperscale (101-999 MW),,,,10.0,,2500000.0,,346.0,,,Proposed,,,Schuylkill,,,,Media Monitoring,-76.02425399999998,40.868130000000065
569,Shippingport Industrial Park,1312 Church St,Aliquippa,PA,15001.0,High,AI,Frontier Group of Companies,,https://www.post-gazette.com/business/powersource/2025/08/03/shippingport-mansfield-data-center/stories/202508030081,https://frontier-companies.com/shippingport-industrial-park/,https://www.businesswire.com/news/home/20250715103342/en/The-Frontier-Group-of-Companies-to-Transform-Bruce-Mansfield-Power-Plant-into-State-of-the-Art-Natural-Gas-Power-Plant-Supporting-Americas-Energy-Goals-and-Pennsylvanias-Economic-Growth,https://pioga.org/bruce-mansfield-plant-in-beaver-county-to-undergo-3-2-billion-transformation-into-natural-gas-power-plant/,,,,,40.63213,-80.4145,1754870400000.0,1764806400000.0,3600,"Mega campus (>1,000 MW)",Natural gas,,,,,,,650.0,$3.2 billion,"Former Bruce Mansfield Coal Plant. Will use a new natural gas power plant that will employ more than 300 people, funded by a $3.2 billion investment announced at the Inaugural Pennsylvania Energy and Innovation Summit at Carnegie Mellon University",Proposed,,,Beaver,Yes,https://www.marcellusawareness.org/,,Media Monitoring,-80.41449999999998,40.63213000000008
570,Atlas Industrial,2493 N Cedar Crest Blvd,Allentown,PA,18104.0,High,,,,https://www.wfmz.com/news/area/lehighvalley/lehigh-county/western-lehigh-county/plans-for-massive-new-data-center-campus-near-parkland-high-school-emerge/article_813c3592-8181-423a-a089-699018952712.html?utm_source=SND&utm_medium=social&utm_campaign=WFMZ-Facebook,https://www.msn.com/en-us/money/news/lehigh-valley-planners-get-a-look-at-another-massive-data-center-project/ar-AA1UvwCJ,https://www.mcall.com/2026/01/20/i-do-not-want-this-in-my-backyard-south-whitehall-residents-push-back-against-proposed-data-center-at-lehigh-valley-planners-meeting/,,,,,,40.643616,-75.53651,1767484800000.0,1769040000000.0,,Unknown,,,,6.0,,1500000.0,,410.0,,,Proposed,,,Lehigh,Yes,,,Media Monitoring,-75.53650999999996,40.643616000000065
571,Data Centric LLC data center,18000 Russell Rd,Allenwood,PA,17810.0,Medium,,,,https://www.datacenterdynamics.com/en/news/plans-for-pennsylvania-data-center-scrapped/,,,,,,,,41.13256,-76.9053,1755388800000.0,1755388800000.0,,Unknown,,,,,,,,37.0,$2.7 million,"Project scrapped 8/2025, uncertain whether or not the property will be developed as a data center by another company",Suspended,,,Union,,,,Media Monitoring,-76.90529999999995,41.13256000000007
572,Project Gravity,near Scranton-Carbondale Hwy,Archbald,PA,18403.0,Medium,,Archbald 25 Developer LLC,,https://www.datacenterdynamics.com/en/news/plans-filed-for-16-million-sq-ft-data-center-campus-in-northeast-pennsylvania/,https://www.thetimes-tribune.com/2025/05/18/data-centers-could-reshape-landscape-in-nepa/,https://www.msn.com/en-us/news/us/archbald-votes-no-to-new-data-center-ordinance/ar-AA1NQbGM,https://www.thetimes-tribune.com/2025/10/31/developer-applies-for-22-more-data-center-buildings-in-archbald/,https://fox56.com/news/local/archbald-residents-unite-against-unanswered-questions-on-data-centers,https://www.thetimes-tribune.com/2025/08/19/data-center-developer-to-buy-mobile-home-park-in-archbald/,https://www.pa.gov/agencies/dep/newsroom/2025-12-22-dep-to-host-informational-public-meeting-for-project-gravity-data-center-in-lackawanna-county,https://paenvironmentdaily.blogspot.com/2025/12/dep-to-host-jan-6-public-information.html,41.51475,-75.5659,1759708800000.0,1767571200000.0,,Unknown,,,,,,1600000.0,,186.0,,"Archbold data center overlay district proposal failed. This facility has been controversial due to the potential displacement of residents at the adjacent Valley View Estates (Jermyn Mobile Home Village). PA DEP currently reviewing a Water Obstruction and Encroachment Joint Permit Application No. E3502225-006, public hearing to be held 1/6/26",Proposed,,,Lackawanna,Yes,,,Media Monitoring,-75.56589999999994,41.51475000000005
573,Wildcat Ridge AI Data Center Campus,near Scranton-Carbondale Hwy,Archbald,PA,18403.0,Medium,AI,,,https://www.datacenterdynamics.com/en/news/plans-filed-for-16-million-sq-ft-data-center-campus-in-northeast-pennsylvania/,https://www.datacenterdynamics.com/en/news/21bn-data-center-campus-proposed-in-archbald-pennsylvania/,https://www.thetimes-tribune.com/2025/05/18/data-centers-could-reshape-landscape-in-nepa/,https://www.msn.com/en-us/news/us/archbald-votes-no-to-new-data-center-ordinance/ar-AA1NQbGM,https://www.thetimes-tribune.com/2025/10/31/developer-applies-for-22-more-data-center-buildings-in-archbald/,https://fox56.com/news/local/archbald-residents-unite-against-unanswered-questions-on-data-centers,,,41.49817,-75.5834,1759708800000.0,1762128000000.0,,Unknown,,,,14.0,,17200000.0,,400.0,$2.1 billion,14 data centers on site. Archbold data center overlay district proposal failed.,Proposed,,,Lackawanna,Yes,,,Media Monitoring,-75.58339999999998,41.49817000000007
574,Nautilus crypto mine,1375 Electron Ave,Berwick,PA,18603.0,High,,,,https://investors.terawulf.com/news-events/press-releases/detail/85/terawulf-announces-august-2024-production-and-operations,,,,,,,,41.08303,-76.1527,1747612800000.0,1747612800000.0,50,Medium (11-50 MW),,,,,,,,,,,Operating,,,Luzerne,,,,Media Monitoring,-76.15269999999997,41.08303000000006
575,Amazon Web Services Salem Township Data Center,alongside Susquehanna Steam Electric Station,Berwick (Salem Township),PA,18603.0,Medium,,Amazon,,https://technical.ly/civics/amazon-20b-pennsylvania-cloud-ai/,https://spectrum.ieee.org/amazon-data-center-nuclear-power,https://www.facebook.com/TheDailyItem/posts/danville-a-group-calling-itself-the-concerned-citizens-of-montour-county-has-for/1369932341805122/,https://www.thewellnews.com/energy/amazon-to-spend-20b-on-data-centers-including-one-next-to-a-nuclear-power-plant/,https://www.citizensvoice.com/2024/05/29/salem-twp-rezones-1582-acres-for-multibillion-dollar-amazon-data-center-campus-near-power-plants/,https://www.datacenterdynamics.com/en/news/amazon-to-invest-20bn-in-data-centers-in-pennsylvania/,,,41.08747,-76.1542,1753315200000.0,1763942400000.0,960,Hyperscale (101-999 MW),Nuclear,,,,,,,1582.0,$650 million,"Next to Susquehanna Nuclear Plant, which it will draw power from. AWS successfully rezoned 1,600 acres in the area to “Special Data Center Overlay District"" in May 2024. It represents one of the largest private investments in Pennsylvania",Proposed,,,Luzerne,Yes,https://www.facebook.com/p/Concerned-Citizens-of-Montour-County-100064748140999/,,Media Monitoring,-76.15419999999996,41.08747000000006
576,Tierpoint Bethlehem Data Center,"3864 Courtney Street, Ste 130",Bethlehem,PA,18017.0,High,,Tierpoint,,https://www.tierpoint.com/data-centers/pennsylvania/bethlehem/#BET,,,,,,,,40.67062,-75.37491,1763942400000.0,1763942400000.0,,Unknown,,,,,,25000.0,,,,,Operating,,,Northampton,,,,Other,-75.37490999999993,40.670620000000035
577,Tierpoint Lehigh Valley (LVQ) Data Center,3949 Schelden Circle,Bethlehem,PA,18107.0,High,,Tierpoint,,https://www.tierpoint.com/data-centers/pennsylvania/lehigh-valley/,,,,,,,,40.675163,-75.37803,1763942400000.0,1763942400000.0,,Unknown,,,,,,27000.0,,,,,Operating,,,Northampton,,,,Other,-75.37802999999997,40.67516300000005
578,Blakely Data Center,near Terrace Dr,Blakely,PA,18447.0,Medium,AI,,,https://www.yahoo.com/news/articles/convenience-store-developer-proposes-ai-000500338.html,https://www.thetimes-tribune.com/2025/08/13/blakely-data-center-meeting-draws-large-crowd-opposition/,https://www.wnep.com/article/news/local/lackawanna-county/data-center-developer-withdraws-proposal-for-blakely-construction/523-976b3357-7ae2-4da0-b0f5-55eb44fb7afa,https://blakelydata.com/,https://www.wnep.com/article/news/local/lackawanna-county/data-center-lackawanna-county-archbald-blakely-jessup-council-votes/523-627d1d15-f8e2-436e-be39-732ec3ee3b26,,,,41.49221,-75.5925,1754870400000.0,1763164800000.0,1500,"Mega campus (>1,000 MW)",,,,,,1200000.0,,,,Blakely passed a zoning amendment that confines data centers to a specific overlay district,Cancelled,,,Lackawanna,Yes,,,Media Monitoring,-75.59249999999997,41.49221000000005
579,Iron Mountain (WPA-1),1137 Branchton Rd,Boyers,PA,16020.0,High,,,,https://www.ironmountain.com/data-centers/locations/pennsylvania-data-center,https://www.ironmountain.com/data-centers/about/news-and-events/news/2024/december/data-centers-inside-the-underground-iron-mountain-in-butler-county,,,,,,,41.09156,-79.913376,1763683200000.0,1763683200000.0,15.5,Medium (11-50 MW),,,,,,330000.0,,315.0,,"Iron Mountain’s WPA-1 data center is located 220 feet underground, using a natural cooling lake to optimize energy efficiency and offer security and protection",Operating,,,Butler,,,,Other,-79.91337599999997,41.091560000000065
580,Tierpoint Allentown TekPark Data Center,9999 Hamilton Blvd,Breinigsville,PA,18031.0,High,,Tierpoint,,https://www.tierpoint.com/data-centers/pennsylvania/allentown-tekpark/,,,,,,,,40.543934,-75.64966,1763942400000.0,1763942400000.0,,Unknown,,,,,,122000.0,,,,,Operating,,,Lehigh,,,,Other,-75.64965999999997,40.54393400000003
581,Pennsylvania Digital 1/ PowerHouse Data Centers (PAX-1),~320 Country Club Rd,Carlisle,PA,17015.0,Medium,,PowerHouse Data Center and Pennsylvania Data Center Partners,,https://www.pennlive.com/news/2025/06/another-central-pa-community-creates-space-for-a-data-center.html,https://www.pennlive.com/business/2025/07/26-billion-in-data-center-projects-coming-to-central-pa.html,https://www.datacenterdynamics.com/en/news/powerhouse-eyes-700-acre-data-center-campus-in-south-central-pennsylvania-report/,https://www.wgal.com/article/pennsylvania-digital-1-project-details/65629251,https://local21news.com/news/local/a-new-data-center-might-be-build-in-cumberland-county-and-its-700-acres-ai-carlisle-artificial-intelligence-pennsylvania-data-center-partners-powerhouse-pa,https://www.datacenterdynamics.com/en/news/data-center-and-energy-firms-plan-90bn-investment-in-pennsylvania/,,,40.2481,-77.1092,1754697600000.0,1754697600000.0,"1,350-1,800","Mega campus (>1,000 MW)",,,,,,5000000.0,,700.0,$26-$44 billion,"Plans for 3 hyperscale data centers. includes construction of 450 MW substation,",Proposed,,,Cumberland,Yes,,,Media Monitoring,-77.10919999999999,40.24810000000007
582,NRG: Chambersburg,243-175 Alleman Rd,Chambersburg,PA,17235.0,High,,,,https://www.post-gazette.com/business/powersource/2025/05/13/nrg-data-center-gas-energy/stories/202505130089,,,,,,,,39.86694,-77.6858,1747180800000.0,1747180800000.0,87.6,Unknown,,,,,,,,,,,Unknown,,,Franklin,,,,Media Monitoring,-77.68579999999997,39.86694000000005
583,1778 Rich Pike LLC Gouldsboro Data Center,along Rt 380 between Covington and Clifton,Clifton Twship,PA,18424.0,Medium,,,,https://www.datacenterdynamics.com/en/news/15gw-data-center-campus-proposed-in-pennsylvania/,https://www.citizensvoice.com/2025/08/11/senate-data-center-hearing-at-valley-view-largely-touts-benefits/,,,,,,,41.24829,-75.5166,1752796800000.0,1752796800000.0,1500,"Mega campus (>1,000 MW)",,,,35.0,,9400000.0,,1000.0,$10 billion,"Facility size could be 4,400,000-9,400,000 sq feet",Proposed,,,Lackawanna,Yes,https://nodatacenter.net/,,Media Monitoring,-75.5166,41.248290000000054
584,Flexential Collegeville Data Center,101 Troutman Rd,Collegeville,PA,19426.0,High,,Flexential,,https://www.flexential.com/data-centers/pa/philadelphia/collegeville-data-center,,,,,,,,40.152084,-75.476875,1763942400000.0,1763683200000.0,7.2,Small (0-10 MW),,,,,Water,203703.0,,,,,Operating,,,Montgomery,,,,Other,-75.47687499999995,40.15208400000005
585,Data center,900 Conshohocken Rd,Conshohocken (Plymouth Township),PA,19428.0,High,,,,https://www.datacenterdynamics.com/en/news/planning-agency-of-plymouth-township-pennsylvania-votes-not-to-recommend-data-center-proposal/,https://whyy.org/articles/conshohocken-pennsylvania-residents-pushback-data-center-proposal/,https://vista.today/2025/11/fight-against-conshohocken-data-center/,https://www.inquirer.com/news/pennsylvania/ai-data-center-construction-conshohocken-proposal-withdrawn-20251118.html,https://datacenterwatch.substack.com/p/briefing-11212025,,,,40.087204,-75.31887,1761004800000.0,1763942400000.0,,Hyperscale (101-999 MW),,,,10.0,,2000000.0,,66.0,,Rezoning proposal rejected. Proposed at the site of the recently closed Cleveland-Cliffs steel mill,Suspended,,,Montgomery,Yes,,,Media Monitoring,-75.31886999999995,40.08720400000004
586,Energy Capital Partners,near 1055 Pikes Peak Rd,Delta,PA,17314.0,Medium,,,,https://www.datacenterdynamics.com/en/news/energy-capital-partners-announces-plans-for-5bn-pennsylvania-data-center/,https://www.yorkdispatch.com/story/news/local/2025/07/18/york-county-to-host-5-billion-data-center-in-peach-bottom/85270282007/,,,,,,,39.75768,-76.2754,1755561600000.0,1755561600000.0,828,Hyperscale (101-999 MW),,,,,,,,,$5 billion,,Proposed,,,York,,,,Media Monitoring,-76.27539999999993,39.75768000000005
587,viLogics Ebensburg,378 Industrial Park Rd,Ebensburg,PA,15931.0,High,,viLogics,,https://vilogics.com/,,,,,,,,40.45876,-78.758766,1763683200000.0,1763683200000.0,3,Small (0-10 MW),,,,,,15000.0,,,,"Fully Built-Out Whitespace: 2,500 sq.f.",Operating,,,Cambria,,,,Other,-78.75876599999997,40.458760000000055
588,Project Boson (formerly Archbald Data & Energy Center),1000 Main St,Eynon,PA,18403.0,High,,PDC Realty LLC,,https://www.thetimes-tribune.com/2025/05/14/developer-seeks-to-convert-archbald-junkyard-to-data-centers/,https://www.wnep.com/article/news/local/lackawanna-county/data-center-lackawanna-county-archbald-blakely-jessup-council-votes/523-627d1d15-f8e2-436e-be39-732ec3ee3b26,https://www.datacenterdynamics.com/en/news/junkyard-in-pennsylvania-acquired-developer-files-to-develop-data-center-campus/,,,,,,41.51232,-75.5583,1747612800000.0,1763942400000.0,,Unknown,,,,3.0,,620000.0,,84.0,$1.6 million,Amazon? 3 data centers total. Proposed at the site of former Highway Auto Parts junkyard,Proposed,,,Lackawanna,Yes,,,Media Monitoring,-75.55829999999997,41.512320000000045
589,Fairview Crossroads Data Center,I-83 & Lewisberry Rd,Fairview Township,PA,17070.0,Medium,,Fairview Crossroads LLC,,https://www.pennlive.com/business/2025/07/750000-square-foot-data-center-planned-along-interstate-83.html,https://www.datacenterdynamics.com/en/news/750000-sq-ft-data-center-could-be-built-in-fairview-township-pennsylvania/,https://www.fox43.com/article/news/local/york-county/500-million-data-center-fairview-township-york-county/521-81526e0c-e19d-4211-adaf-d2cee8ecda8f,https://twp.fairview.pa.us/Portals/0/Documents/Ordinances/Ord_%202025-03%20Zoning%20Text%20Amendment-Data%20Centers.pdf?ver=lnIE88kB2GVscYisHhcOOA%3d%3d,,,,,40.206436,-76.871,1763683200000.0,1763683200000.0,,Unknown,,,,,,750000.0,,82.0,~$500 million,"On June 28 2025, the Board of Supervisors approved a zoning ordinance change to allow data centers as a conditional use.",Proposed,,,York,,,,Other,-76.871,40.20643600000005
590,Ark Pittsburgh Data Center,161 Armstrong Drive,Freeport,PA,16229.0,High,,Ark,,https://www.arkdna.com/data-centers/pennsylvania/,,,,,,,,40.752384,-79.63733,1763683200000.0,1763683200000.0,1.5,Small (0-10 MW),Grid (unspecified mix),,,,Air,11200.0,,,,,Operating,,,Armstrong,,,,Other,-79.63732999999996,40.752384000000056
591,NRG: Gans,558 Gans Road,Gans,PA,15439.0,High,,,,https://www.post-gazette.com/business/powersource/2025/05/13/nrg-data-center-gas-energy/stories/202505130088,,,,,,,,39.7475,-79.8389,1747180800000.0,1747180800000.0,87.6,Unknown,,,,,,,,,,,Unknown,,,Fayette,,,,Media Monitoring,-79.83889999999997,39.74750000000005
592,Robena Data Center Project,,Greensboro,PA,15338.0,High,AI,Essential Utilities/ International Electric Power of Pittsburgh,,https://www.heraldstandard.com/gcm/2025/oct/16/data-center-project-announced-for-greene-county/,https://www.observer-reporter.com/uncategorized/2025/oct/16/data-center-project-announced-for-greene-county/,,,,,,,39.83526,-79.942505,1762732800000.0,1762732800000.0,910,Hyperscale (101-999 MW),Natural gas,,,,Water,,,1400.0,,,Proposed,,2029.0,Greene,Yes,https://centerforcoalfieldjustice.org/,,Crowdsourced,-79.94250499999998,39.835260000000055
593,CloudHQ Berks 61 Hyperscale Campus,Berks 61 Industrial Park (near PA-61/I-78),Hamburg,PA,19526.0,Medium,,CloudHQ,,https://www.datacenterfrontier.com/site-selection/article/55281341/pennsylvanias-homer-city-energy-campus-a-brownfield-transformed-for-data-center-innovation,,,,,,,,40.57368,-76.01037,1763942400000.0,1763942400000.0,,Hyperscale (101-999 MW),,,,4.0,,,,,$2 billion,,Proposed,,,Berks,,,,Other,-76.01036999999997,40.57368000000002
594,"Harrisburg I, LLC/ Provident data center",650 S Harrisburg St,Harrisburg,PA,17113.0,High,,"Harrisburg I, LLC( Provident Realty)",,https://www.datacenterdynamics.com/en/news/golf-course-set-to-become-data-center-in-dauphin-county-pennsylvania/,https://www.fox43.com/article/news/local/dauphin-county/dauphin-highlands-golf-course-to-be-sold-456-million-to-build-new-data-center/521-0b9bf4e4-3d23-438f-a74f-4d373640f428,https://www.fox43.com/article/news/local/dauphin-county/dauphin-highlands-golf-course-to-be-sold-456-million-to-build-new-data-center/521-0b9bf4e4-3d23-438f-a74f-4d373640f428,,,,,,40.22755,-76.8093,1756080000000.0,1756080000000.0,,Unknown,,,,,,,,250.0,$45.6 million,"Dauphin Highlands Golf Course will remain open until the tentative sale closing date of December 31, 2027",Proposed,,,Dauphin,Yes,,,Media Monitoring,-76.80929999999995,40.227550000000065
595,NorthPoint Development - Project Hazelnut,"Humboldt North Industrial Park, N Park Dr",Hazelton,PA,18202.0,High,,NorthPoint,,https://www.timesleader.com/news/1685632/luzerne-county-real-estate-tax-break-requested-for-15-building-data-center-in-hazle-township,https://www.foodandwaterwatch.org/2025/11/18/hazle-township-pa-unanimously-rejects-data-center-campus/,https://www.2822news.com/news/local-news/outcry-grows-over-proposed-data-center-campus/,https://www.foodandwaterwatch.org/2025/11/18/hazle-township-pa-unanimously-rejects-data-center-campus/,,,,,40.9272,-76.0426,1754265600000.0,1766361600000.0,,Unknown,,,,15.0,,,,1280.0,,"NorthPoint Development is seeking a Luzerne County real estate tax break, after public outcry from a packed room of more than 200 residents on 11/14/25, the Hazle Township Board of Supervisors unanimously rejected a land application that would have enabled construction of the Project Hazelnut data center",Suspended,,2027.0,Luzerne,Yes,https://www.foodandwaterwatch.org/,,Media Monitoring,-76.04259999999995,40.92720000000003
596,Homer City Energy Campus Data Center,1750 Power Plant Rd,Homer City,PA,15748.0,High,AI,Homer City Redevelopment and Kiewit,,https://triblive.com/local/regional/developers-offer-details-on-planned-natural-gas-fueled-power-generating-plant-in-homer-city/,https://www.datacenterdynamics.com/en/news/homer-city-and-kiewit-unveil-plans-for-45gw-natural-gas-powered-ai-data-center-in-pennsylvania/,https://triblive.com/local/regional/dep-gives-preliminary-nod-to-homer-city-plant-but-enviromental-group-sounds-alarm-regarding-pollution/,https://www.homercityredevelopment.com/project-overview,https://www.datacenterfrontier.com/site-selection/article/55281341/pennsylvanias-homer-city-energy-campus-a-brownfield-transformed-for-data-center-innovation,,,,40.51395,-79.1967,1758067200000.0,1769212800000.0,4500,"Mega campus (>1,000 MW)",Natural gas,,,,,,,3200.0,$10 billion,Built on the site of Homer City Generating Station (former coal plant),Proposed,,,Indiana,Yes,https://www.protectpt.org/data-center,https://www.facebook.com/groups/146450794193475/,Media Monitoring,-79.19669999999996,40.51395000000008
597,Breaker Street Associates LLC (aka Catalyst Commercial Dev?) data center,off Breaker St,Jessup,PA,18434.0,Medium,,Breaker Street Associates LLC,,https://www.yahoo.com/news/articles/convenience-store-developer-proposes-ai-000500338.html,https://www.citizensvoice.com/2025/08/11/senate-data-center-hearing-at-valley-view-largely-touts-benefits/,https://www.thetimes-tribune.com/2025/05/18/data-centers-could-reshape-landscape-in-nepa/,,,,,,41.47588,-75.5564,1754870400000.0,1754870400000.0,600,Hyperscale (101-999 MW),,,,6.0,,1100000.0,,131.0,,The application was filed before Jessup adopted its new data center zoning so the project is grandfathered under the older rules. A zoning appeal is underway concerning infrastructure planned in a residential zone.,Proposed,,,Lackawanna,,,,Media Monitoring,-75.55639999999994,41.475880000000075
598,Catalyst Commercial Development LLC,Sunnyside Rd and Alberigi Dr,Jessup,PA,18435.0,High,,,,https://web.archive.org/web/20250917231914/https://www.thetimes-tribune.com/2025/09/16/developer-shifts-from-warehouse-to-data-center-by-power-plant-in-jessup/,,,,,,,,41.46812,-75.5516,1758067200000.0,1758067200000.0,,Unknown,,,,,,487000.0,,48.0,,,Proposed,,,Lackawanna,,,,Media Monitoring,-75.55159999999995,41.468120000000056
599,Bitfarm Scrubgrass,2151 Lisbon Road,Kennerdell,PA,16374.0,High,,,,https://www.tomshardware.com/tech-industry/cryptomining/major-bitcoin-mining-firm-pivoting-to-ai-plans-to-fully-abandon-crypto-mining-by-2027-bitfarm-to-leverage-341-megawatt-capacity-for-ai-following-usd46-million-q3-loss,https://bitfarms.com/our-portfolio/data-centers/north-america/,,,,,,,41.26942,-79.81057,1763337600000.0,,63,Large (51-100 MW),,,,,,,,,,Bitcoin transitioning to AI,Operating,,,Venango,,,,Media Monitoring,-79.81056999999997,41.26942000000001
600,DaSTOR (King of Prussia) Data Center,3400 Horizon Drive,King of Prussia,PA,19406.0,High,,DaSTOR,,https://dastorllc.com/locations/#horizon,,,,,,,,40.08822,-75.339264,1763942400000.0,1763942400000.0,4,Small (0-10 MW),,,,,,22000.0,,,,,Operating,,,Montgomery,,,,Other,-75.33926399999996,40.08822000000004
601,CoreWeave Lancaster 1,216 Greenfield Rd,Lancaster,PA,17601.0,High,AI,Chirisa Technology Parks and Machine Investment Group,CoreWeave,https://www.datacenterdynamics.com/en/news/coreweave-plans-6bn-data-center-in-lancaster-pennsylvania/,https://web.archive.org/web/20250727192710/https://lancasteronline.com/opinion/editorials/we-have-numerous-questions-about-the-new-data-center-planned-for-lancaster-city-editorial/article_c2cf2479-33f1-4425-921f-1fac8b46f7df.html,,,,,,,40.0485,-76.2598,1752624000000.0,1752624000000.0,100-300,Hyperscale (101-999 MW),,,,,,450000.0,,78.0,$6 billion,"Cost and MW for both sites, 72 backup diesel generators, former printing press building",Proposed,,,Lancaster,,,,Media Monitoring,-76.25979999999998,40.04850000000004
602,CoreWeave Lancaster 2,1375 Harrisburg Pike,Lancaster,PA,17601.0,High,AI,Chirisa Technology Parks and Machine Investment Group,CoreWeave,https://www.datacenterdynamics.com/en/news/coreweave-plans-6bn-data-center-in-lancaster-pennsylvania/,,,,,,,,40.05947,-76.33,1752624000000.0,1752624000000.0,100-300,Hyperscale (101-999 MW),,,,,,825000.0,,66.0,$6 billion,"Cost and MW for both sites, 72 backup diesel generators, former printing press building",Proposed,,,Lancaster,,,,Media Monitoring,-76.32999999999998,40.05947000000002
603,Lumen: Lancaster 1 Data Center,1720 Hempstead Rd,Lancaster,PA,17601.0,High,,Lumen,,,,,,,,,,40.049385,-76.25195,1763683200000.0,1763683200000.0,,Unknown,,,,,,5000.0,,,,,Operating,,,Lancaster,,,,Other,-76.25194999999997,40.04938500000002
604,NRG: Ironwood LLC,305 Prescott Road,Lebanon,PA,17042.0,High,,,,https://www.post-gazette.com/business/powersource/2025/05/13/nrg-data-center-gas-energy/stories/202505130086,,,,,,,,40.3509,-76.3658,1747180800000.0,1747180800000.0,777.6,Hyperscale (101-999 MW),,,,,,,,,,,Unknown,,,Lebanon,,,,Media Monitoring,-76.36579999999998,40.35090000000002
605,Northern Data/ Ardent Data Center,615 McMichael Rd,McKees Rock,PA,15136.0,High,,Northern Data,,https://www.datacenterdynamics.com/en/news/northern-data-launches-data-center-in-pittsburgh-pennsylvania/,,,,,,,,40.43956,-80.1421,1754870400000.0,1754870400000.0,20,Medium (11-50 MW),,,,,,41000.0,,,$7.12 million,,Operating,,,Allegheny,,,,Media Monitoring,-80.14209999999997,40.43956000000003
606,Amazon Web Services Keystone Trade Center,1000 S Pennsylvania Ave,Morrisville,PA,19067.0,High,AI,Amazon,,https://www.datacenterdynamics.com/en/news/falls-township-approves-nda-for-data-center-project-outside-philadelphia-in-pennsylvania/,https://technical.ly/civics/amazon-20b-pennsylvania-cloud-ai/,https://www.fallstwp.com/resources/news/article/?id=10070,,,,,,40.1741,-74.7579,1753315200000.0,1753315200000.0,,Unknown,,,,,,,,,,"""digital infrastructure campus"" planned at the Keystone Trade Center in Fairless Hills (formerly owned by US Steel) as part of a statewide investment",Proposed,,,Bucks,,,,Media Monitoring,-74.75789999999995,40.17410000000006
607,Data center,~1349 S Main Rd,Mountain Top,PA,18707.0,Medium,,"Brewster Land Company, LLC",,https://www.datacenterdynamics.com/en/news/municipal-leaders-debate-data-center-zoning-ordinance-in-dorrance-township-pennsylvania/,https://web.archive.org/web/20251010033215/https://www.citizensvoice.com/2025/10/08/developer-challenges-dorrance-twp-zoning-ordinance-arguing-it-unlawfully-excluded-data-centers/,https://www.gofundme.com/f/support-our-fight-against-data-center-development,,,,,,41.080692,-75.95785,1763251200000.0,,,Hyperscale (101-999 MW),,,,6.0,,918000.0,,155.0,,,Proposed,,,Luzerne,Yes,https://www.gofundme.com/f/support-our-fight-against-data-center-development,,Media Monitoring,-75.95784999999995,41.080692000000056
608,Bitfarm Bitcoin Panther Creek,4 Dennison Rd,Nesquehoning,PA,18240.0,High,AI,BitFarms/ T5,,https://www.tomshardware.com/tech-industry/cryptomining/major-bitcoin-mining-firm-pivoting-to-ai-plans-to-fully-abandon-crypto-mining-by-2027-bitfarm-to-leverage-341-megawatt-capacity-for-ai-following-usd46-million-q3-loss,https://bitfarms.com/our-portfolio/data-centers/north-america/,https://paenvironmentdaily.blogspot.com/2025/08/bitfarms-announces-partnership-to.html,https://investor.bitfarms.com/news-releases/news-release-details/bitfarms-announces-partnership-t5-data-centers-advance-hpcai,,,,,40.8556,-75.8781,1754438400000.0,1763337600000.0,60-80,Large (51-100 MW),,,,,,,,,,Bitcoin facility that is transitioning to AI. Located on site of closed Panther Creek Waste Coal-fired Power Plant in Carbon County,Operating,,,Carbon,,,,Crowdsourced,-75.87809999999996,40.85560000000003
609,Bitfarms AI,Industrial Rd,Nesquehoning,PA,18240.0,Medium,,Bitfarms,,https://www.tnonline.com/20251120/bitfarms-details-data-center-plan-job-potential/,,,,,,,,40.85592,-75.87033,1763942400000.0,,,Hyperscale (101-999 MW),,,,4.0,,1260000.0,,,$315 million,Claim to use 3000 gal/ day of water,Proposed,,2028.0,Carbon,,,,Media Monitoring,-75.87032999999998,40.855920000000026
610,KRNL data center,Constellation Energy,New Castle Twp,PA,17931.0,Medium,,,,https://www.facebook.com/photo?fbid=10237319121305210&set=gm.1273615847314795&idorvanity=400148284661560,,,,,,,,40.7742,-76.235,1757289600000.0,1757289600000.0,,Unknown,,,,4.0,,850000.0,,,,"8 stories high, land negotiations currently",Proposed,,,Schuylkill,,,,Media Monitoring,-76.23499999999996,40.774200000000064
611,TECfusions Upper Burrell Data Center,100 Technical Ln,New Kensington (Upper Burrell),PA,15068.0,High,,TECfusions,TensorWave,https://www.prnewswire.com/news-releases/tecfusions-unveils-massive-1400-acre-data-center-project-in-pennsylvania-revitalizing-former-industrial-plant-302350041.html,https://triblive.com/local/valley-news-dispatch/upper-burrell-data-center-to-use-natural-gas-for-more-than-2-gigawatts-of-power-generation/,https://www.spotlightpa.org/news/2025/10/pennsylvania-data-centers-community-opposition-ai-development-environment/,https://www.datacenterdynamics.com/en/news/tecfusions-acquires-former-manufacturing-site-outside-pittsburgh-pennsylvania-for-3gw-data-center-site/,https://tecfusions.com/?clarksville#solutions-newkensington,https://triblive.com/local/valley-news-dispatch/upper-burrell-data-center-nets-first-tenant-at-former-alcoa-research-site/,,,40.5489,-79.6466,1753315200000.0,1768435200000.0,"12-3,000","Mega campus (>1,000 MW)",Natural gas,,,,,,,1395.0,,"In former Alcoa plant site, onsite gas generation and microgrid",Proposed,Expanding,,Westmoreland,Yes,https://www.protectpt.org/data-center,,Media Monitoring,-79.64659999999998,40.54890000000006
612,Tierpoint Valley Forge Data Center,1000 Adams Ave,Norristown,PA,19403.0,High,,Tierpoint,,https://www.tierpoint.com/data-centers/pennsylvania/valley-forge/,,,,,,,,40.1223,-75.42087,1763942400000.0,1763942400000.0,,Unknown,,,,,,137000.0,,,,,Operating,,,Montgomery,,,,Other,-75.42086999999998,40.122300000000045
613,365 Data Centers Philadelphia (Downtown) Data Center,1500 Spring Garden Street,Philadelphia,PA,19103.0,High,,365 Data Centers,,https://365datacenters.com/philadelphia-data-center-2/,,,,,,,,39.962574,-75.16374,1763942400000.0,1763942400000.0,10,Small (0-10 MW),,,,,,135100.0,,,,,Operating,,,Philadelphia,,,,Other,-75.16373999999996,39.96257400000007
614,H5 Philadelphia Data Center,"1500 Spring Garden St., Suite 520",Philadelphia,PA,19103.0,High,,H5,,https://h5datacenters.com/philadelphia-data-center.html,https://h5datacenters.com/slick_philadelphia.pdf,,,,,,,39.96254,-75.16369,1763942400000.0,1763942400000.0,,Unknown,,,,,,72000.0,,,,,Operating,,,Philadelphia,,,,Other,-75.16368999999997,39.96254000000004
615,Lumen Philadelphia 1,401 N Broad Street,Philadelphia,PA,19108.0,High,,Lumen,,https://www.lumen.com/en-us/resources/network-maps.html,,,,,,,,39.959843,-75.160965,1763942400000.0,1763942400000.0,,Unknown,,,,,,,,,,,Operating,,,Philadelphia,,,,Other,-75.16096499999998,39.959843000000035
616,Lumen Philadelphia 2,701 Market Street,Philadelphia,PA,19106.0,High,,Lumen,,https://www.lumen.com/en-us/resources/network-maps.html,,,,,,,,39.951508,-75.15258,1763942400000.0,1763942400000.0,,Unknown,,,,,,,,,,,Operating,,,Philadelphia,,,,Other,-75.15257999999994,39.95150800000004
617,Lumen Philadelphia 3,3020 Market Street,Philadelphia,PA,19104.0,High,,Lumen,,https://www.lumen.com/en-us/resources/network-maps.html,,,,,,,,39.95495,-75.1846,1763942400000.0,1763942400000.0,,Unknown,,,,,,,,,,,Operating,,,Philadelphia,,,,Other,-75.18459999999999,39.95495000000005
618,Lumen Philadelphia 4,2401 Locust St,Philadelphia,PA,19103.0,High,,Lumen,,https://www.lumen.com/en-us/resources/network-maps.html,,,,,,,,39.95055,-75.18009,1763942400000.0,1763942400000.0,,Unknown,,,,,,,,,,,Operating,,,Philadelphia,,,,Other,-75.18008999999995,39.95055000000007
619,Netrality Philadelphia (Downtown) Data Center,401 N Broad Street Suite 990,Philadelphia,PA,19108.0,High,,Netrality,,https://netrality.com/data-center/401-north-broad-philadelphia/,,,,,,,,39.960106,-75.161545,1763942400000.0,1763942400000.0,,Unknown,,,,,Water,,Open loop,,,,Operating,,,Philadelphia,,,,Other,-75.16154499999999,39.96010600000004
620,Philadelphia IBX Data Center (PH1),"401 N Broad Street, Suite 990",Philadelphia,PA,19108.0,High,,Equinix,,https://www.equinix.com/data-centers/americas-colocation/united-states-colocation/philadelphia-data-centers/ph1,,,,,,,,39.959885,-75.16155,1763942400000.0,1763942400000.0,,Unknown,,,,,,,,,,,Operating,,,Philadelphia,,,,Other,-75.16154999999998,39.959885000000035
621,Philadelphia Vanguard Data Center,2000 Kubach Rd,Philadelphia,PA,19116.0,High,,The Vanguard Group,,http://property.compstak.com/2000-Kubach-Road-Philadelphia/p/72300,,,,,,,,40.116432,-75.00086,1763942400000.0,1763942400000.0,,Unknown,,,,,,121000.0,,,,,Operating,,,Philadelphia,,,,Other,-75.00085999999999,40.11643200000003
622,Tierpoint Philadelphia Navy Yard Data Center,4775 League Island Blvd,Philadelphia,PA,19112.0,High,,Tierpoint,,http://tierpoint.com/data-centers/pennsylvania/philadelphia/#PHI,,,,,,,,39.892517,-75.166374,1763942400000.0,1763942400000.0,,Unknown,,,,,,25000.0,,,,,Operating,,,Philadelphia,,,,Other,-75.16637399999996,39.89251700000004
623,365 Data Centers Philadelphia (University City) Data Center,3701 Market Street,Philadephia,PA,19104.0,High,,365 Data Centers,,https://365datacenters.com/philadelphia-data-center/,,,,,,,,39.956966,-75.19623,1763942400000.0,1763942400000.0,,Unknown,,,,,,20500.0,,,,,Operating,,,Philadelphia,,,,Other,-75.19622999999996,39.95696600000007
624,Ascent Data,90 Beta Dr,Pittsburgh,PA,15238.0,High,,,,,,,,,,,,40.49623,-79.866455,1764633600000.0,1764633600000.0,,Unknown,,,,,,,,,,,Operating,,,Allegheny,,,,Other,-79.86645499999997,40.496230000000025
625,Consolidated Communications Pittsburgh (Evergreen) Data Center,115 Evergreen Heights Dr,Pittsburgh,PA,15229.0,High,,,,https://www.consolidated.com/business/medium-enterprise/data-center-services/locations/pennsylvania,,,,,,,,40.5186,-80.0152,1754265600000.0,1764633600000.0,4,Small (0-10 MW),,,,,,65000.0,,,,,Operating,,,Allegheny,,,,Media Monitoring,-80.01519999999992,40.51860000000004
626,DataBank Downtown Pittsburgh Campus (PIT1),100 S Commons #126,Pittsburgh,PA,15212.0,High,,DataBank,,https://www.databank.com/data-centers/pittsburgh/100-south-commons/,,,,,,,,40.451286,-80.00508,1763683200000.0,1763683200000.0,1.9,Small (0-10 MW),,,,,,30760.0,,,,"Located inside NOVA Place, the renovated Allegheny Technology Center Mall",Operating,,,Allegheny,,,,Other,-80.00507999999995,40.451286000000046
627,DataBank Summit Park Campus (PIT2),35 Summit Park Dr,Pittsburgh,PA,15275.0,High,,DataBank,,https://www.databank.com/data-centers/pittsburgh/summit-park-campus/,,,,,,,,40.45133,-80.1902,1754265600000.0,1754265600000.0,5,Small (0-10 MW),,,,,,47100.0,,17.0,,,Operating,,,Allegheny,,,,Media Monitoring,-80.19019999999995,40.451330000000034
628,Expedient PIT1,810 Parish St,Pittsburgh,PA,15220.0,High,,Expedient,,https://www.expedient.com/data-centers/pittsburgh/,,,,,,,,40.42745,-80.0425,1754265600000.0,1754265600000.0,1.8,Small (0-10 MW),,,,,,26000.0,,,,,Operating,,,Allegheny,,,,Media Monitoring,-80.04249999999998,40.427450000000064
629,Expedient PIT2,100 S Commons Suite 001,Pittsburgh,PA,15212.0,High,,Expedient,,https://www.expedient.com/data-centers/pittsburgh/,,,,,,,,40.45128,-80.0056,1754265600000.0,1754265600000.0,4.2,Small (0-10 MW),,,,,,50700.0,,,,,Operating,,,Allegheny,,,,Media Monitoring,-80.00559999999996,40.451280000000054
630,H5 Pittsburgh,2202 Liberty Ave,Pittsburgh,PA,15222.0,High,,H5,,https://h5datacenters.com/pittsburgh-data-center.html,,,,,,,,40.451946,-79.980896,1763683200000.0,1763683200000.0,,Unknown,,,,,,30000.0,,,,,Operating,,,Allegheny,,,,Other,-79.98089599999997,40.45194600000006
631,Lumen: Pittsburgh Data Center 1,143 25th Street,Pittsburgh,PA,15023.0,High,,Lumen,,,,,,,,,,40.45482,-79.98007,1763683200000.0,1763683200000.0,,Unknown,,,,,,3661.0,,,,,Operating,,,Allegheny,,,,Other,-79.98006999999996,40.45482000000004
632,Lumen: Pittsurgh Data Center 2,200 Technology Drive,Pittsburgh,PA,15219.0,High,,Lumen,,,,,,,,,,40.430367,-79.95969,1763683200000.0,1763683200000.0,,Unknown,,,,,,30966.0,,,,,Operating,,,Allegheny,,,,Other,-79.95968999999995,40.43036700000004
633,Constellation Energy data center,2345 New Schuylkill Rd and Sanatoga Rds,Pottstown,PA,19465.0,High,,,,https://www.datacenterdynamics.com/en/news/14-million-sq-ft-data-center-campus-planned-outside-philadelphia-pennsylvania/,https://eastcoventry-pa.gov/vertical/sites/%7BA2FA46C5-686F-4B16-8376-0BDF39FCC483%7D/uploads/Constellation_Application_BOS-25-002.pdf,,,,,,,40.21353,-75.596565,1768780800000.0,,,Hyperscale (101-999 MW),,,,,,,,,,,Suspended,,,Chester,Yes,,,Media Monitoring,-75.59656499999994,40.21353000000004
634,Project Laurel,"Sanatoga Rd, Possum Hollow Rd, Evergreen Rd",Pottstown,PA,19464.0,High,,MCD 7 LLC,,https://www.datacenterdynamics.com/en/news/14-million-sq-ft-data-center-campus-planned-outside-philadelphia-pennsylvania/,https://www.limerickpa.org/AgendaCenter/ViewFile/Agenda/_01082026-612?fbclid=IwZXh0bgNhZW0CMTAAYnJpZBExb3RUV2s2NlBnWW1GUU0xZXNydGMGYXBwX2lkEDIyMjAzOTE3ODgyMDA4OTIAAR4x3Vge5famrtF2lACHuKQJONinPG2f-bbYqqqmsfBMaiRHM4_ImgqrazahkQ_aem_wmrdy1BZYJs01DybQZ5gYA,,,,,,,40.234047,-75.5769,1768780800000.0,,750,Hyperscale (101-999 MW),,,,8.0,,1400000.0,,,,,Proposed,,,Montgomery,Yes,https://www.change.org/p/oppose-data-centers-in-linfield-and-limerick,,Media Monitoring,-75.57689999999997,40.23404700000003
635,Scranton Materials data center,819 Newton Rd,Ransom Twp,PA,18504.0,High,,,,https://www.datacenterdynamics.com/en/news/zoning-amendment-rejected-for-data-center-in-ransom-township-pennsylvania/,,,,,,,,41.44154,-75.704315,1769040000000.0,,,Unknown,,,,,,,,251.0,,,Suspended,,,Lackawanna,Yes,https://www.facebook.com/groups/2297149624011296,,Media Monitoring,-75.70431499999995,41.441540000000025
636,DaSTOR (Reading) Data Center,2561 Bernville Road,Reading,PA,19605.0,High,,DaSTOR,,https://dastorllc.com/locations/,,,,,,,,40.380787,-75.98114,1763942400000.0,1763942400000.0,6,Small (0-10 MW),,,,,,110000.0,,,,,Operating,,,Berks,,,,Other,-75.98113999999998,40.38078700000005
637,Direct LTx Cloud Data Center,2561 Bernville Rd,Reading,PA,19605.0,High,,Directlink Technologies,,https://www.directltx.com/facility-information,,,,,,,,40.381546,-75.98202,1763942400000.0,1763942400000.0,6,Small (0-10 MW),,,,,Hybrid air/water,110000.0,,,,,Operating,,,Berks,,,,Other,-75.98201999999998,40.38154600000007
638,Omega Systems Reading Data Center,1121 Snyder Road,Reading,PA,19609.0,High,,Omega,,https://omegasystemscorp.com/company/locations/,,,,,,,,40.34144,-76.00547,1763942400000.0,1763942400000.0,,Unknown,,,,,,,,,,,Operating,,,Berks,,,,Other,-76.00546999999995,40.34144000000003
639,Bitfarm Bitcoin mine,,Sharon,PA,16146.0,Low,Bitcoin transitioning to AI,,,https://www.tomshardware.com/tech-industry/cryptomining/major-bitcoin-mining-firm-pivoting-to-ai-plans-to-fully-abandon-crypto-mining-by-2027-bitfarm-to-leverage-341-megawatt-capacity-for-ai-following-usd46-million-q3-loss,https://bitfarms.com/our-portfolio/data-centers/north-america/,,,,,,,41.234673,-80.493576,1763337600000.0,,30-110,Medium (11-50 MW),,,,,,,,,,Bitcoin transitioning to AI,Operating,,,Mercer,,,,Media Monitoring,-80.49357599999996,41.23467300000004
640,NRG: Armstrong,2313 State Route 156,Shelocta,PA,15774.0,High,,,,https://www.post-gazette.com/business/powersource/2025/05/13/nrg-data-center-gas-energy/stories/202505130087,,,,,,,,40.63802,-79.3517,1747180800000.0,1747180800000.0,688,Hyperscale (101-999 MW),,,,,,,,,,,Unknown,,,Armstrong,,,,Media Monitoring,-79.35169999999992,40.63802000000004
641,Meta Data Center adjacent to Beaver Valley Nuclear,near 200 Shippingport Rd,Shippingport,PA,15001.0,Medium,AI,,Meta,https://www.wpxi.com/news/business/data-center-planned-near-beaver-valley-nuclear-station/ORR5SGV6V5GFZO4QGXAKH66RSA/,https://www.alleghenyfront.org/meta-beaver-valley-nuclear-power-plant-ai-data-centers/,,,,,,,40.62187,-80.4254,1754870400000.0,1769126400000.0,"300-2,600","Mega campus (>1,000 MW)",,,,,,,,,,,Proposed,,,Beaver,,,,Media Monitoring,-80.42539999999997,40.621870000000044
642,Zediker Station Data Center,,South Strabane Township,PA,15330.0,Medium,,CNX Resources/Jones Lang LaSalle (JLL),,https://www.wesa.fm/environment-energy/2025-10-21/washington-county-carbon-neutral-data-center-development,https://www.cbsnews.com/pittsburgh/news/south-strabane-township-zediker-station-data-center/,,,,,,,40.17106,-80.16807,1762732800000.0,,500-700,Hyperscale (101-999 MW),Natural gas,,,,,,,400.0,,,Proposed,,,Washington,Yes,https://centerforcoalfieldjustice.org/,,Media Monitoring,-80.16806999999993,40.171060000000075
643,Pennhurst Center,1205 Commonwealth Dr,Spring City (East Vincent Township),PA,19475.0,High,,Pennhurst Holdings LLC,,https://www.datacenterdynamics.com/en/news/new-regulations-could-stall-plan-to-convert-former-psychiatric-hospital-near-philadelphia-into-data-center/,https://www.eastvincent.org/vertical/sites/%7B5B8F1E55-6CA8-450E-BB40-12A8385B1313%7D/uploads/Latest_Revised_Version_of_Data_Center_Ordinance_-10.5.25.pdf,https://www.eastvincent.org/index.asp?SEC=015E8651-3650-4039-87BA-9B4C74591337&DE=66A36F14-8175-4B3D-8A4D-23727AFD8324,https://6abc.com/post/east-vincent-township-pa-debates-data-center-ordinance-amid-community-concerns/18149953/,,,,,40.194553,-75.56007,1761004800000.0,1761004800000.0,,Hyperscale (101-999 MW),,,,,,1300000.0,,,,Site of former psychiatric hospital near Philadelphia,Proposed,,,Chester,Yes,,,Media Monitoring,-75.56006999999994,40.194553000000035
644,NRG: Springdale 1 & 2,Butler Street Ext,Springdale,PA,15144.0,High,,,,https://www.post-gazette.com/business/powersource/2025/05/13/nrg-data-center-gas-energy/stories/202505130085,,,,,,,,40.54667,-79.7683,1747180800000.0,1747180800000.0,87.6,Large (51-100 MW),,,,,,,,,,,Unknown,,,Allegheny,,,,Media Monitoring,-79.76829999999995,40.54667000000005
645,Springdale Data Center,151 Porter St,Springdale,PA,15144.0,High,,Allegheny DC Property Co,,https://triblive.com/local/valley-news-dispatch/site-of-former-springdale-power-plant-to-be-sold-to-data-center-developer/,https://www.post-gazette.com/business/powersource/2025/05/13/nrg-data-center-gas-energy/stories/202505130085,https://triblive.com/local/valley-news-dispatch/springdale-planning-commission-to-review-plans-for-proposed-massive-data-center/,https://www.cbsnews.com/pittsburgh/news/proposed-ai-data-center-springdale/,https://triblive.com/local/valley-news-dispatch/springdale-planning-commission-oks-data-center-project-proposal-moves-to-council/,https://www.wesa.fm/environment-energy/2025-12-16/pittsburgh-area-hyperscale-data-center-gets-green-light,,,40.53866,-79.7906,1754265600000.0,1765929600000.0,180,Hyperscale (101-999 MW),,,,,,,,,,"Proposed on the site of the former Cheswick Generating Station, a 565 MW coal-fired power plant. On 11/17/25 Springdale Planning Commission OKs data center project. On 12/16/25 Springdale borough council voted 5-2 to grant a conditional use permit to Allegheny DC Property Company",Proposed,,,Allegheny,Yes,https://www.protectpt.org/data-center,,Media Monitoring,-79.79059999999998,40.53866000000004
646,Centre WISP SCDC1,2038 Sandy Dr,State College,PA,16803.0,High,,"Centre WISP Venture Company, LLC",,,,,,,,,,40.785908,-77.90064,1763683200000.0,1763683200000.0,,Unknown,,,,,,,,,,,Operating,,,Centre,,,,Other,-77.90063999999995,40.785908000000056
647,McKees Rocks Rock Point Industrial Site Data Center,Nichol Avenue,Stowe Township,PA,15136.0,Medium,,SunCap Property Group,,https://www.cbsnews.com/pittsburgh/news/proposed-data-center-stowe-township/,,,,,,,,40.480453,-80.06048,1763683200000.0,1763683200000.0,,Unknown,,,,,,,,,,Proposed at the retired Rock Point Industrial site,Proposed,,,Allegheny,,,,Other,-80.06047999999998,40.48045300000006
648,LBT Investment Group LLC data center,near 42 Tomhicken Rd,Sugarloaf,PA,18249.0,Medium,,,,https://www.standardspeaker.com/2025/07/16/this-is-a-real-onslaught/,,,,,,,,40.97039,-76.0435,1754870400000.0,1754870400000.0,,Unknown,,,,,,1200000.0,,185.0,$4.8 billion,Possibly for Amazon? Plan includes 10 acres for substations,Proposed,,,Luzerne,,,,Media Monitoring,-76.04349999999994,40.97039000000006
649,Tarentum (Rockpointe) Data Center,400 MSA Dr,Tarentum,PA,15084.0,High,,,,https://www.consolidated.com/business/medium-enterprise/data-center-services/locations/pennsylvania,,,,,,,,40.60163,-79.8196,1754265600000.0,1754265600000.0,,Unknown,,,,,,,,,,,Operating,,,Allegheny,,,,Media Monitoring,-79.81959999999997,40.601630000000064
650,Air Products Headquarters Data Center,7300 Cetronia Road,Upper Macungie,PA,18106.0,High,,,,https://www.mcall.com/2025/11/12/large-data-center-in-the-works-for-former-air-products-site-in-upper-macungie/,https://www.mcall.com/2025/11/09/talking-business-with-becky-bradley-the-rise-of-data-centers-crypto-mines-and-smart-manufacturing-and-how-the-lehigh-valley-is-planning-for-it/,https://www.wfmz.com/news/area/lehighvalley/lehigh-county/western-lehigh-county/like-spaghetti-on-the-wall-lvpc-finds-air-products-data-center-plans-lacking/article_6ef5e836-0002-445b-9e52-67f272b8c393.html,https://www.msn.com/en-us/money/news/lehigh-valley-planners-get-a-look-at-another-massive-data-center-project/ar-AA1UvwCJ,,,,,40.55624,-75.59831,1763942400000.0,1769040000000.0,,Hyperscale (101-999 MW),,,,3.0,,2600000.0,,194.0,,"Deal not finished yet, Air Products still owns land",Proposed,,,Lehigh,Yes,,,Other,-75.59830999999997,40.55624000000006
651,Data Center,201 Penndale Road,Wampum,PA,16157.0,High,,,,https://www.theautopian.com/one-of-the-east-coasts-best-race-tracks-is-reportedly-closing-for-good/,,,,,,,,40.851284,-80.34748,1765152000000.0,1765152000000.0,,Unknown,,,,,,,,,$80-200 million,"Former site of Pitt Race, previous owners confirmed that they sold to a developer and the developer plans to build a gas-fired power plant + data center",Proposed,,,Beaver,,,,Crowdsourced,-80.34747999999996,40.851284000000064
652,Comcast West Chester Data Center,1354 Boot Rd,West Chester,PA,19380.0,High,,Comcast,,https://www.datacenterdynamics.com/en/news/comcast-to-convert-former-bank-into-data-center-in-new-jersey/,,,,,,,,39.9987,-75.5737,1754956800000.0,1764806400000.0,,Unknown,,,,,,,,,,,Operating,,,Chester,,,,Media Monitoring,-75.57369999999997,39.99870000000004
653,Klondike Digital Infrastructure,~44170 US-6,Wyalusing,PA,18853.0,High,AI,New Fortress Energy,,https://www.newfortressenergy.com/klondike,https://paenvironmentdaily.blogspot.com/2025/10/dep-issues-air-quality-permit-for-248.html,,,,,,,41.653572,-76.23531,1762905600000.0,,248,Hyperscale (101-999 MW),Natural gas,,,,,,,,,"Previous New Fortress Energy plan for LNG plant, failed.",Proposed,,,Bradford,Yes,,,Media Monitoring,-76.23530999999997,41.653572000000054
654,Contegix Wyomissing Data Center,One Meridian Blvd,Wyomissing,PA,19610.0,High,,Contegix,,,,,,,,,,40.354046,-75.98731,1763942400000.0,1763942400000.0,2,Small (0-10 MW),,,,,,14780.0,,,,,Operating,,,Berks,,,,Other,-75.98730999999998,40.35404600000003
655,Fairview Crossroads LLC data center,Intersection I-83 and Lewisberry Rd,York,PA,17404.0,Medium,,,,https://www.datacenterdynamics.com/en/news/750000-sq-ft-data-center-could-be-built-in-fairview-township-pennsylvania/,https://www.pennlive.com/business/2025/07/750000-square-foot-data-center-planned-along-interstate-83.html,https://www.fox43.com/article/news/local/york-county/500-million-data-center-fairview-township-york-county/521-81526e0c-e19d-4211-adaf-d2cee8ecda8f,,,,,,40.00698,-76.7439,1755129600000.0,1755129600000.0,,Unknown,,,,,,750000.0,,,$500 million,,Proposed,,,York,,,,Media Monitoring,-76.74389999999994,40.006980000000055
656,Terra Nexus Ventures data center,771 State Rd S-28-331,Camden,SC,29020.0,High,,,,https://www.datacenterdynamics.com/en/news/plans-filed-for-data-center-site-outside-columbia-south-carolina/,,,,,,,,34.29839,-80.534,1758153600000.0,1758153600000.0,,Unknown,,,,,,,,162.0,,,Proposed,,,Kershaw,,,,Media Monitoring,-80.53399999999995,34.29839000000004
657,Cielo Digital Infrastructure,000 Ford Rd,Gaffney,SC,29340.0,Medium,,,,https://www.datacenterdynamics.com/en/news/cielo-digital-infrastructure-plans-300mw-data-center-campus-in-south-carolina/,,,,,,,,35.07913,-81.5961,1750723200000.0,1750723200000.0,300,Hyperscale (101-999 MW),,,,,,1600000.0,,,$2.1 billion,,Proposed,,,Cherokee,,,,Media Monitoring,-81.59609999999998,35.07913000000007
658,Meta Data Center,Sage Mill Industrial Park,Graniteville,SC,29829.0,Medium,,Meta,,https://www.datacenterdynamics.com/en/news/meta-plans-800m-data-center-campus-in-aiken-county-south-carolina/,https://rbnenergy.com/i-know-places-tech-giants-may-be-the-surest-bets-for-data-center-power-demand,https://www.datacenterdynamics.com/en/news/meta-signs-100mw-solar-supply-deal-with-silicon-ranch-to-power-first-data-center-in-south-carolina/,,,,,,33.62525,-81.83863,1753142400000.0,1753142400000.0,100,Hyperscale (101-999 MW),,,,,,715000.0,,2400.0,$800 million,Industrial park,Approved/Permitted/Under construction,,,Aiken,,,,Media Monitoring,-81.83862999999997,33.62525000000005
659,DC Blox,33 Global Dr,Greenville,SC,29607.0,High,,,,,,,,,,,,34.8071,-82.3455,1756080000000.0,1756080000000.0,,Unknown,,,,,,,,,,,Operating,,,Greenville,,,,Media Monitoring,-82.34549999999996,34.80710000000004
660,DC Blox: Camp Hall,114 Three Point Dr,Ridgeville,SC,29472.0,Medium,,,,https://www.datacenterdynamics.com/en/news/dc-blox-acquires-27-acres-in-south-carolina-for-45mw-data-center-campus/,,,,,,,,33.13228,-80.2672,1756080000000.0,1756080000000.0,45,Medium (11-50 MW),,,,,,200000.0,,28.0,,Industrial park,Proposed,,,Berkeley,,,,Media Monitoring,-80.26719999999995,33.13228000000003
661,QTS York 1,2107 Hands Mill Hwy,Rock Hill,SC,29732.0,High,,,,,,,,,,,,35.03438,-81.1071,1748044800000.0,1748044800000.0,,Unknown,,,,,,,,,$1 billion,,Unknown,,,York,,,,Media Monitoring,-81.10709999999995,35.034380000000056
663,Eagle Rock Partners data center,Near Cooks Hill Rd,Walterboro,SC,29488.0,High,AI,Eagle Rock Partners,,https://www.live5news.com/2025/12/15/9-new-data-centers-proposed-colleton-county/,https://scdailygazette.com/2025/12/19/gigawatt-data-center-proposal-draws-opposition-from-sc-lowcountry-residents-politicians/,https://colletoncounty.maps.arcgis.com/apps/webappviewer/index.html?id=dcd2d7443dc9448ea910b9788a2c6b05,https://abcnews4.com/news/local/proposed-data-center-in-colleton-county-faces-environmental-pushback,,,,,32.84068,-80.60291,1767484800000.0,1767830400000.0,"1,000","Mega campus (>1,000 MW)",Grid (unspecified mix),,,9.0,,,,859.0,$6 billion,Location is within the ecologically important ACE Basin watershed. Application for rezoning pending. Part of parcel 209-00-00-001,Proposed,,,Colleton,Yes,,,Media Monitoring,-80.60290999999995,32.84068000000008
664,Gemini Data Center SD LLC,4500 Veterans Pkwy,Sioux Falls,SD,57110.0,Medium,,,,https://siouxfalls.business/hyperscale-data-center-seeking-city-approvals-to-build-northeast-of-sioux-falls/,https://www.siouxfallslive.com/news/sioux-falls/planned-hyperscale-data-center-moving-into-sioux-falls,,,,,,,43.59611,-96.6499,1754697600000.0,1763942400000.0,500,Hyperscale (101-999 MW),,,,,,,,160.0,,,Proposed,,,Minnehaha,,,,Media Monitoring,-96.64989999999995,43.596110000000074
665,Applied Digital,East of Toronto (Scandanavia Twp) near gas turbine tower,Toronto,SD,57268.0,Medium,,Applied Digital,,https://www.datacenterdynamics.com/en/news/applied-digital-proposes-multi-billion-dollar-data-center-in-south-dakota/,https://www.mykxlg.com/news/local/potential-14-billion-data-center-could-transform-deuel-countys-economy/article_2a031739-b2ae-4932-95f5-57e4f280b7c7.html,,,,,,,44.583656,-96.56283,1763510400000.0,,430,Hyperscale (101-999 MW),,,,2.0,,1800000.0,,150.0,$16 billion,,Suspended,,,Deuel,Yes,,,Media Monitoring,-96.56282999999996,44.583656000000076
666,DC Blox,807 E 16th St,Chattanooga,TN,37408.0,High,,,,,,,,,,,,35.03158,-85.2973,1756080000000.0,1756080000000.0,,Unknown,,,,,,,,,,,Operating,,,Hamilton,,,,Media Monitoring,-85.29729999999996,35.031580000000076
667,Urban Story Ventures data center,601 Walnut St,Chattanooga,TN,37402.0,High,,,,https://www.datacenterdynamics.com/en/news/former-jail-in-chattanooga-tennessee-targeted-for-production-space-and-data-center/,,,,,,,,35.049557,-85.30803,1768780800000.0,,,Small (0-10 MW),,,,,,,,,,"Tiny data center, only 10 racks of servers",Proposed,,,Hamilton,Yes,https://www.change.org/p/demand-public-input-opportunity-for-new-data-center-venture-in-downtown-chattanooga?recruiter=986853875,,Media Monitoring,-85.30802999999997,35.04955700000005
668,Cielo Digital Infrastructure,,Clarksville,TN,37040.0,Low,,,,https://www.datacenterdynamics.com/en/news/cielo-digital-infrastructure-plans-300mw-data-center-campus-in-south-carolina/,,,,,,,,36.57269,-87.3423,1750723200000.0,1750723200000.0,350,Hyperscale (101-999 MW),,,,,,,,107.0,,,Proposed,,,Montgomery,,,,Media Monitoring,-87.34229999999997,36.57269000000008
669,Google,1000 Boolean Dr,Clarksville,TN,37040.0,High,,Google,,,,,,,,,,36.62078,-87.2622,1748304000000.0,1748304000000.0,,Unknown,,,,,,,,,$600 million,,Operating,,,Montgomery,,,,Media Monitoring,-87.26219999999994,36.62078000000002
670,Meta Data Center,One Meta Lp,Gallatin,TN,37066.0,High,,Meta,,https://www.datacenterdynamics.com/en/news/meta-to-expand-tennessee-data-center-campus/,,,,,,,,36.41011,-86.3724,1754870400000.0,1754870400000.0,,Unknown,,,,,,1900000.0,,,,,Unknown,,,Sumner,,,,Media Monitoring,-86.37239999999997,36.41011000000003
671,Data center: Arnold Air Force Base (2 sites),,Manchester,TN,37355.0,Medium,,,,https://www.datacenterdynamics.com/en/news/us-department-of-the-air-force-accepting-proposals-for-ai-data-centers-in-military-bases/,,,,,,,,35.37539,-86.07293,1761004800000.0,1761004800000.0,,Unknown,,,,,,,,274.0,,,Proposed,,,Coffee,,,,Media Monitoring,-86.07292999999999,35.37539000000003
672,MEM1,3180 Players Lane,Memphis,TN,38125.0,High,,,,https://www.expedient.com/data-centers/memphis/,,,,,,,,35.0631,-89.7861,1756771200000.0,1756771200000.0,1.5,Small (0-10 MW),,,,,,35000.0,,,,,Operating,,,Shelby,,,,Media Monitoring,-89.78609999999998,35.06310000000008
673,xAI Colossus 2,5420 Tulane Rd,Memphis,TN,38109.0,High,,,,https://www.datacenterdynamics.com/en/news/elon-musks-xai-buys-one-million-sq-ft-site-for-second-memphis-data-center/,https://www.tomshardware.com/tech-industry/artificial-intelligence/elon-musk-xai-power-plant-overseas-to-power-1-million-gpus,https://epoch.ai/data/data-centers/satellite-explorer/xAIColossus2MemphisTennessee?ref=404media.co,,,,,,34.998074,-90.03507,1751673600000.0,1767571200000.0,1400,Hyperscale (101-999 MW),,,,,,1000000.0,,,,Importing its own power plant from overseas,Operating,,,Shelby,,,,Media Monitoring,-90.03506999999998,34.99807400000003
674,xAI Supercluster/ Colossus 1,3231 Riverport Rd/ Paul Lowry Rd,Memphis,TN,38109.0,High,,,,https://www.datacenterdynamics.com/en/news/xai-removes-some-of-controversial-gas-turbines-from-memphis-data-center/,https://epoch.ai/data/data-centers/satellite-explorer/xAIColossus1MemphisTennessee?ref=404media.co,,,,,,,35.05983,-90.1562,1751673600000.0,1767571200000.0,498,Hyperscale (101-999 MW),,,,,,,,,,gas turbines,Operating,,,Shelby,,,,Media Monitoring,-90.15619999999996,35.059830000000034
675,39.7402309,,Abernathy,TX,79311.0,Low,,Google,Fluidstack/ TeraWulf,https://www.datacenterdynamics.com/en/news/terawulf-and-fluidstack-to-develop-texas-data-center-in-google-backed-deal/,https://marketchameleon.com/articles/b/2025/12/19/terawulf-fluidstack-secure-168mw-hpc-project-financing-ai-data-center-growth,,,,,,,33.8333,-101.85482,1767571200000.0,,168-240+,Hyperscale (101-999 MW),,,,,,,,120.0,$9.5 billion,,Proposed,,2026.0,Hale,,,,Media Monitoring,-101.85481999999998,33.83330000000007
676,Frontier: Vantage data center,Intersection Hwy 351 and Hwy 604,Abilene,TX,79601.0,High,,,,https://www.thealbanynews.net/news/data-center-plans-move-forward-shackelford-county,https://www.datacenterdynamics.com/en/news/vantage-plots-14gw-data-center-campus-in-texas/,https://vantage-dc.com/news/vantage-data-centers-unveils-plans-for-frontier-a-25b-mega-campus-in-texas-to-meet-unprecedented-ai-demand/,https://datacentremagazine.com/news/inside-vantages-us-25bn-ai-data-centre-mega-campus-in-texas,https://www.datacenterdynamics.com/en/news/vantage-breaks-ground-on-texas-gigawatt-data-center-campus-for-openai/,,,,32.55212,-99.5651,1757980800000.0,1765756800000.0,1400,"Mega campus (>1,000 MW)",,,,,,3700000.0,,1200.0,$25 billion,"To employ 6500 workers for construction, 10 data center on site",Approved/Permitted/Under construction,,,Shackelford,,,,Media Monitoring,-99.56509999999997,32.55212000000006
677,Open AI/ SoftBank Stargate data center (Lancium Clean Campus),5502 Spinks Rd,Abilene,TX,79601.0,High,,Open AI,,https://techcratic.com/index.php/2025/05/23/oracle-reported-to-buy-400000-nvidia-chips-for-first-stargate-data-center/siliconangle/siliconangle/,https://www.bigcountryhomepage.com/news/stargate-abilene/abilenes-data-center-advances-swiftly-with-5000-workers/,https://www.chron.com/business/article/openai-texas-stargate-ai-hub-21065041.php,https://www.crusoe.ai/resources/newsroom/crusoe-expands-ai-data-center-campus-in-abilene-to-1-2-gigawatts,https://epoch.ai/data/data-centers/satellite-explorer/OpenAIOracleStargateAbileneTexas?ref=404media.co,,,,32.50204,-99.7907,1758844800000.0,1767225600000.0,1200,"Mega campus (>1,000 MW)",,,,,,4000000.0,,,,,Approved/Permitted/Under construction,Expanding,2025.0,Taylor,,,,Media Monitoring,-99.79069999999996,32.502040000000065
678,Helios (Galaxy Digital),984 Co Rd 112,Afton,TX,79220.0,High,,,,https://news.bitcoin.com/solunas-project-kati-1-to-reach-83-mw-with-galaxy-bitcoin-miner-deployment/,https://www.everythinglubbock.com/news/local-news/galaxy-acquires-bitcoin-mining-facility-in-dickens-from-argo/,https://www.fox34.com/2022/05/06/new-bitcoin-mining-facility-boosting-economy-dickens-county/,https://www.everythinglubbock.com/news/local-news/crypto-cowboys-inside-the-new-300m-bitcoin-mining-facility-in-dickens-county/,https://epoch.ai/data/data-centers/satellite-explorer/CoreweaveHeliosAftonTexas?ref=404media.co,,,,33.77858,-100.86909,1755302400000.0,1767225600000.0,800,Hyperscale (101-999 MW),,,,,,,,,,Transitioning from crypto to AI 2025,Approved/Permitted/Under construction,Expanding,,Dickens,,,,Media Monitoring,-100.86908999999997,33.77858000000003
679,ALLEN DATA CENTER ZX026E,800 GUARDIANS WAY,ALLEN,TX,75013.0,High,,,,https://gis-tceq.opendata.arcgis.com/datasets/daece6e3181140f69093ab69cf9ae0ba/explore?layer=0&showTable=true,,,,,,,,33.09598,-96.6816,1754352000000.0,1754352000000.0,,Unknown,,,,,,,,,,FULLY REGULATED,Operating,,,Collin,,,,Media Monitoring,-96.68159999999993,33.095980000000054
680,EXPERIAN DATA CENTER ALLEN,601 EXPERIAN PKWY,ALLEN,TX,75013.0,High,,,,https://gis-tceq.opendata.arcgis.com/datasets/daece6e3181140f69093ab69cf9ae0ba/explore?layer=0&showTable=true,,,,,,,,33.08641,-96.6802,1754352000000.0,1754352000000.0,,Unknown,,,,,,,,,,FULLY REGULATED,Operating,,,Collin,,,,Media Monitoring,-96.68019999999994,33.08641000000006
681,AIG DATA CENTER,2401 S OSAGE ST,AMARILLO,TX,79103.0,High,,,,https://gis-tceq.opendata.arcgis.com/datasets/daece6e3181140f69093ab69cf9ae0ba/explore?layer=0&showTable=true,,,,,,,,35.18739,-101.812,1754352000000.0,1754352000000.0,,Unknown,,,,,,,,,,EMERG POWER GENERATOR,Operating,,,Potter,,,,Media Monitoring,-101.81199999999994,35.18739000000004
682,Hypergrid: Fermi America,"near Pantex Plant, and Hwy 60",Amarillo,TX,79068.0,Medium,AI,Fermi America and Texas Tech,,https://www.datacenterdynamics.com/en/news/fermi-america-acquires-600mw-of-gas-turbines-for-11gw-ai-mega-campus-in-amarillo-texas/,https://www.datacenterdynamics.com/en/news/former-texas-governor-and-us-energy-sec-plans-11gw-data-center-campus-outside-amarillo-texas/,https://www.datacenterdynamics.com/en/news/fermi-westinghouse-to-finalize-licensing-application-for-nuclear-reactors-at-11gw-ai-campus-in-amarillo-texas/,https://mynews13.com/fl/orlando/news/2025/11/21/fermi-data-center,https://finance.yahoo.com/news/ai-power-darling-fermi-implodes-185100893.html,,,,35.28762,-101.554,1751760000000.0,1765584000000.0,"11,000","Mega campus (>1,000 MW)",,,,,Water,18000000.0,Closed loop,5769.0,,Plans to be nuclear powered. Major tenant funding source collapsed 12/12/2025,Approved/Permitted/Under construction,,,Carson,Yes,,,Media Monitoring,-101.55399999999999,35.287620000000054
683,AUSTIN DATA CENTER AUS-02,4100 SMITH SCHOOL RD,AUSTIN,TX,78744.0,High,,,,https://gis-tceq.opendata.arcgis.com/datasets/daece6e3181140f69093ab69cf9ae0ba/explore?layer=0&showTable=true,,,,,,,,30.1991,-97.7134,1754352000000.0,1754352000000.0,,Unknown,,,,,,,,,,FULLY REGULATED,Operating,,,Travis,,,,Media Monitoring,-97.71339999999998,30.199100000000044
684,Giga Texas Datacenter,1 Tesla Rd,Austin,TX,78725.0,High,,,,,,,,,,,,30.22492,-97.6196,1754352000000.0,1754352000000.0,,Unknown,,,,,,,,,,,Operating,,,Travis,,,,Media Monitoring,-97.61959999999999,30.224920000000054
685,ORACLE-AUSTIN DATA CENTER,11400 N LAMAR BLVD,AUSTIN,TX,78753.0,High,,,,https://gis-tceq.opendata.arcgis.com/datasets/daece6e3181140f69093ab69cf9ae0ba/explore?layer=0&showTable=true,,,,,,,,30.38364,-97.6863,1754352000000.0,1754352000000.0,,Unknown,,,,,,,,,,FULLY REGULATED,Operating,,,Travis,,,,Media Monitoring,-97.68629999999995,30.38364000000006
686,CleanSpark data center,Unknown,Austin County,TX,,Low,,CleanSpark,,https://www.datacenterdynamics.com/en/news/cleanspark-expands-into-ai-data-center-development-with-270-acre-acquisition-outside-houston-texas/,https://www.linkedin.com/posts/garyveselka_ai-datacenters-gpu-activity-7389360383670587392-KElb/,,,,,,,29.884085,-96.219376,1768435200000.0,,285,Hyperscale (101-999 MW),,,,,,,,271.0,,,Proposed,,2027.0,Austin,,,,Media Monitoring,-96.21937599999995,29.88408500000002
687,EdgeConneX  AUS02,8001 Wolf Ln,Bastrop,TX,78612.0,High,,,,https://www.datacenterdynamics.com/en/news/edgeconnex-acquires-180-acre-parcel-near-its-own-data-center-project-in-bastrop-texas/,,,,,,,,30.141737,-97.56553,1768780800000.0,,,Unknown,,,,,,578000.0,,,,,Proposed,,2026.0,Bastrop,,,,Media Monitoring,-97.56552999999997,30.14173700000003
688,EdgeConneX potential data center, 6682 FM 535 Cedar Creek,Bastrop,TX,78602.0,High,,EdgeConneX,,https://www.datacenterdynamics.com/en/news/edgeconnex-acquires-180-acre-parcel-near-its-own-data-center-project-in-bastrop-texas/,,,,,,,,30.003628,-97.432915,1768780800000.0,,,Unknown,,,,,,,,180.0,,,Proposed,"""commercial development"" unclear detail",,Bastrop,,,,Media Monitoring,-97.43291499999997,30.00362800000005
689,CleanSpark data center,Unknown,Brazoria County,TX,,Low,,CleanSpark,,https://www.datacenterdynamics.com/en/news/cleanspark-acquires-447-acres-for-second-texas-ai-data-center-site/,,,,,,,,29.182318,-95.47511,1768435200000.0,,300,Hyperscale (101-999 MW),,,,,,,,44.0,,,Proposed,,,Brazoria,,,,Media Monitoring,-95.47510999999996,29.18231800000006
690,Open AI/ SoftBank,1899 County Rd 133,Burlington,TX,76519.0,High,,,,https://www.bizjournals.com/austin/news/2025/09/25/open-ai-milam-county-data-center-sb-energy-softban.html,https://www.wfmj.com/story/53109325/lordstown-part-of-mammoth-dollar500-billion-artificial-intelligence-data-center-project,,,,,,,31.00507,-97.0179,1758844800000.0,1758844800000.0,1500,"Mega campus (>1,000 MW)",,,,,,,,595.0,$3 billion,,Proposed,,,Milam,,,,Media Monitoring,-97.01789999999994,31.00507000000004
691,Microsoft Corporation data center (SAT 89-90),2995 US-90,Castroville,TX,78009.0,High,,Microsoft,,https://www.datacenterdynamics.com/en/news/microsoft-files-for-data-center-campus-outside-san-antonio/,,,,,,,,29.35138,-98.9406,1754352000000.0,1754352000000.0,,Unknown,,,,,,489400.0,,,,,Proposed,,,Medina,,,,Media Monitoring,-98.94059999999996,29.351380000000056
692,EdgeConnex,Wolf Ln and FM 535,Cedar Creek,TX,78612.0,High,,,,https://www.mysanantonio.com/business/article/bastrop-county-edgeconnex-data-center-20770421.php,,,,,,,,30.14096,-97.5668,1752710400000.0,1752710400000.0,,Unknown,,,,,,578000.0,,,$440 million,,Proposed,,,Bastrop,,,,Media Monitoring,-97.56679999999993,30.140960000000064
693,Childress Data Center (Horizon 1),620 FM1033,Childress,TX,79201.0,High,,IREN,,https://comptroller.texas.gov/taxes/data-centers/data-center-lists.php,https://www.datacenterdynamics.com/en/news/iren-plans-75mw-liquid-cooled-ai-data-center-in-texas/,https://iren.com/data-centers/childress,,,,,,34.383278,-100.056885,1754352000000.0,1763942400000.0,750,Hyperscale (101-999 MW),,,,,Water,,,576.0,,"""Renewable"" energy. Bitcoin and AI",Operating,,,Childress,,,,Media Monitoring,-100.05688499999997,34.383278000000075
694,Lancium Childress,Co Rd AA,Childress,TX,79201.0,High,,,,https://x.com/FransBakker9812/status/1897519569646051482,https://comptroller.texas.gov/taxes/data-centers/data-center-lists.php,https://baxtel.com/data-center/lancium-childress-campus,,,,,,34.37564,-100.053,1754352000000.0,1754352000000.0,,Unknown,,,,,,,,3720.0,,,Proposed,,,Childress,,,,Media Monitoring,-100.05299999999993,34.375640000000026
695,Goodnight Campus,10001 Lima Rd,Claude,TX,79019.0,High,AI,Crusoe Energy,,https://www.aterio.io/blog/crusoe-launches-usd29b-goodnight-campus-in-claude-mirroring-openai-s-stargate,,,,,,,,35.018444,-101.311516,1764547200000.0,1764547200000.0,1030,"Mega campus (>1,000 MW)",,,,7.0,,3400000.0,,,$29.2 billion,,Approved/Permitted/Under construction,,2027.0,Armstrong,,,,Media Monitoring,-101.31151599999998,35.018444000000045
696,Project Aggie (PPM Data LLC),,College Station City,TX,,Medium,,,,https://www.datacenterdynamics.com/en/news/600mw-data-center-campus-proposed-in-texas/,https://www.kbtx.com/video/2025/09/12/college-station-city-council-unanimously-rejects-land-sale-ai-data-center/,,,,,,,30.56981,-96.2592,1757894400000.0,1757894400000.0,600,Hyperscale (101-999 MW),,,,,,,,200.0,$300 million,City council unanimous rejection,Suspended,,,Brazos,,,,Media Monitoring,-96.25919999999995,30.569810000000068
697,Fluidstack,951 Co Rd 204,Colorado City,TX,79512.0,High,,,,https://www.datacenterdynamics.com/en/news/fluidstack-signs-additional-39mw-lease-with-cipher-mining-in-texas-backed-by-google/,,,,,,,,32.396473,-100.91535,1764288000000.0,,300,Hyperscale (101-999 MW),,,,,,,,,,,Operating,,,Mitchell,,,,Media Monitoring,-100.91534999999999,32.39647300000007
698,Riot Platforms,6980 Farm to Market Rd 709,Corsicana,TX,75110.0,High,,,,https://www.wired.com/story/bitcoin-miners-pivot-ai-data-centers/,https://www.nbcdfw.com/news/business/corsicana-bitcoin-mining-operation-could-consume-enough-power-to-light-200000-homes/2953134/,https://www.riotplatforms.com/riot-energizes-new-corsicana-facility-in-navarro-county-texas/,https://whatsnew2day.com/small-texas-town-seeks-billion-dollar-bitcoin-miner-to-pave-potholes-and-chase-away-dogs/,https://www.greensourcedfw.org/articles/coalition-warns-against-massive-bitcoin-facility-underway-navarro-county,https://www.thecoinrepublic.com/2022/05/15/colorado-based-bitcoin-miner-to-expand-operation-to-texas-might-consume-power-to-light-200000-homes/,https://www.riotblockchain.com/news-media/press-releases/detail/127/riot-blockchain-announces-1-gw-development-in-navarro,https://www.datacenterdynamics.com/en/news/riot-to-convert-cryptomine-site-in-texas-to-hpc-signs-25mw-lease-with-amd/,31.963621,-96.521034,1765324800000.0,1768780800000.0,400-1000,"Mega campus (>1,000 MW)",Grid (unspecified mix),,,,,,,265.0,,Converting from Bitcoin to AI,Operating,,,Navarro,,,,Media Monitoring,-96.52103399999999,31.96362100000004
699,Fort Hood data base,Fort Hood,Coryell,TX,76544.0,Medium,AI,,,https://www.datacenterdynamics.com/en/news/us-dod-details-military-bases-available-for-ai-data-center-build-out/,,,,,,,,31.155802,-97.80226,1768262400000.0,,,Unknown,,,,,,,,207.0,,,Proposed,,,Coryell,,,,Media Monitoring,-97.80225999999999,31.15580200000005
700,Centersquare Dallas/Fort Worth Data Center,11830 Webb Chapel Rd #200,Dallas,TX,75234.0,High,,,,,,,,,,,,32.91178,-96.8711,1754352000000.0,1754352000000.0,,Unknown,,,,,,,,,,,Operating,,,Dallas,,,,Media Monitoring,-96.87109999999996,32.91178000000007
701,Cologix Dallas Data Centers,1950 N Stemmons Fwy #1032,Dallas,TX,75207.0,High,,,,,,,,,,,,32.80122,-96.81958,1754352000000.0,1754352000000.0,,Unknown,,,,,,,,,,,Operating,,,Dallas,,,,Media Monitoring,-96.81957999999997,32.80122000000005
702,Equinix Data Center,2323 Bryan St Suite 1400,Dallas,TX,75201.0,High,,,,,,,,,,,,32.78737,-96.7944,1754352000000.0,1754352000000.0,,Unknown,,,,,,,,,,,Operating,,,Dallas,,,,Media Monitoring,-96.79439999999992,32.78737000000007
703,Equinix: DA12-1 and DA12-2,1550 West Mockingbird Ln,Dallas,TX,75235.0,High,,Equinix,,https://www.datacenterdynamics.com/en/news/equinix-files-to-develop-another-data-center-campus-in-dallas-texas/,,,,,,,,32.821037,-96.85867,1764201600000.0,,,Hyperscale (101-999 MW),,,,,,600000.0,,,$837 million,,Proposed,,,Dallas,,,,Media Monitoring,-96.85866999999996,32.82103700000004
704,Flexential Dallas - Richardson Data Center,3010 Waterview Pkwy,Dallas,TX,75252.0,High,,,,,,,,,,,,32.99478,-96.7526,1754352000000.0,1754352000000.0,3.75,Small (0-10 MW),,,,,,100807.0,,,,,Operating,,,Collin,,,,Media Monitoring,-96.75259999999997,32.99478000000005
705,KYNDRYL DALLAS DATA CENTER,1000 BELLEVIEW ST,DALLAS,TX,75215.0,High,,,,https://gis-tceq.opendata.arcgis.com/datasets/daece6e3181140f69093ab69cf9ae0ba/explore?layer=0&showTable=true,,,,,,,,32.76849,-96.7941,1754352000000.0,1754352000000.0,,Unknown,,,,,,,,,,FULLY REGULATED,Operating,,,Dallas,,,,Media Monitoring,-96.79409999999996,32.768490000000035
706,Prime data center,1515 Round Table Dr,Dallas,TX,75247.0,High,,,,https://www.datacenterdynamics.com/en/news/prime-and-vantage-buy-land-phoenix-arizona/,,,,,,,,32.83822,-96.8789,1748390400000.0,1748390400000.0,12,Medium (11-50 MW),,,,,,96475.0,,,,,Unknown,,,Dallas,,,,Media Monitoring,-96.8789,32.838220000000035
707,Stemmons Corridor data campus,Stemmons Corridor district,Dallas,TX,75207.0,Medium,,CleanArc,,https://www.datacenterdynamics.com/en/news/cleanarc-partners-with-crow-holdings-for-245mw-campus-in-dallas-texas/,,,,,,,,32.805115,-96.83142,1769040000000.0,,245,Hyperscale (101-999 MW),,,,,,,,40.0,,,Proposed,,2027.0,Dallas,,,,Media Monitoring,-96.83141999999998,32.80511500000006
708,TierPoint - Dallas Data Center,3004 Irving Blvd,Dallas,TX,75247.0,High,,,,,,,,,,,,32.80838,-96.8576,1754352000000.0,1754352000000.0,,Unknown,,,,,,,,,,,Operating,,,Dallas,,,,Media Monitoring,-96.85759999999999,32.80838000000005
709,Denton Data Center (Core Scientific),8171 Jim Christal Rd,Denton,TX,76207.0,High,,,,https://comptroller.texas.gov/taxes/data-centers/data-center-lists.php,https://corescientific.com/high-density-data-centers/denton-texas/,https://www.datacenterdynamics.com/en/news/core-scientific-plans-to-upgrade-denton-texas-data-center-for-up-to-61bn/,,,,,,33.21948,-97.2129,1754352000000.0,1754352000000.0,391,Hyperscale (101-999 MW),,,,,,423831.0,,79.0,,,Operating,,,Denton,,,,Media Monitoring,-97.21289999999999,33.21948000000003
710,Texas Critical Data Centers,,Ector County,TX,,Low,,,,https://www.datacenterdynamics.com/en/news/tcdc-closes-235-acre-land-acquisition-for-ai-data-center-in-ector-county-texas/,,,,,,,,31.89517,-102.556,1754092800000.0,1754092800000.0,"250-1,000","Mega campus (>1,000 MW)",,,,,,,,235.0,,,Proposed,,,Ector,,,,Media Monitoring,-102.556,31.89517000000006
711,Cawley Partners,"near Hwy 45, between Ellis and Dallas Cos.",Ferris,TX,,Medium,,,,https://www.datacenterdynamics.com/en/news/cawley-partners-acquires-5200-acres-outside-dallas-plans-data-center-park/,,,,,,,,32.53902,-96.6347,1750464000000.0,1750464000000.0,,Unknown,,,,,,,,5200.0,,,Proposed,,,Ellis,,,,Media Monitoring,-96.63469999999995,32.53902000000004
712,Fort Bliss data center,Fort Bliss army base,Fort Bliss,TX,79906.0,Medium,AI,,,https://www.datacenterdynamics.com/en/news/us-dod-details-military-bases-available-for-ai-data-center-build-out/,,,,,,,,31.82617,-106.4042,1768262400000.0,,,Unknown,,,,,,,,1384.0,,,Proposed,,,El Paso,,,,Media Monitoring,-106.40419999999995,31.826170000000037
713,Project Horizon,King Rd,Fort Stockton,TX,79735.0,Medium,AI,Poolside,CoreWeave,https://www.wsj.com/tech/ai/west-texas-data-center-nvidia-e38a4678,https://www.datacenterdynamics.com/en/news/ai-startup-poolside-teams-up-with-coreweave-on-2gw-data-center-in-texas/,https://www.longfellowranch.com/about,,,,,,30.421732,-102.509315,1761004800000.0,1761004800000.0,2000,"Mega campus (>1,000 MW)",,,,,,,,568.0,,Natural gas,Proposed,,,Pecos,,,,Media Monitoring,-102.50931499999996,30.42173200000007
714,4,Asphalt Dr,Fort Worth,TX,76179.0,High,,CyrusOne,,https://www.datacenterdynamics.com/en/news/cyrusone-partners-with-energy-firm-eolian-for-dallas-data-center/,,,,,,,,32.90195,-97.39384,1768348800000.0,,70?,Large (51-100 MW),,,,,,1900000.0,,,,BESS battery storage co-location,Approved/Permitted/Under construction,,2026.0,Tarrant,,,,Media Monitoring,-97.39383999999995,32.90195000000005
715,Black Mountain LLC data center,~7600 Anglin Dr,Fort Worth,TX,76140.0,Medium,,,,https://www.star-telegram.com/news/local/fort-worth/article312325777.html,https://www.yahoo.com/news/articles/10-billion-data-center-planned-234819302.html,,,,,,,32.64334,-97.25621,1765584000000.0,,,Unknown,,,,,,,,419.0,$10 billion,Adjacent to Weston Gardens nursery,Proposed,,,Tarrant,Yes,,,Media Monitoring,-97.25620999999995,32.64334000000003
716,Centersquare Dallas/Fort Worth Data Center,14901 FAA Blvd,Fort Worth,TX,76155.0,High,,,,,,,,,,,,32.83233,-97.0405,1754352000000.0,1754352000000.0,,Unknown,,,,,,,,,,,Operating,,,Tarrant,,,,Media Monitoring,-97.04049999999994,32.83233000000006
717,Meta Data Center,4500 Like Wy,Fort Worth,TX,76177.0,High,,Meta,,https://venturebeat.com/social/facebook-wants-to-build-a-1b-data-center-facility-in-fort-worth-texas/,,,,,,,,32.98489,-97.262,1754352000000.0,1754352000000.0,,Unknown,,,,,,2500000.0,,170.0,,,Operating,,,Tarrant,,,,Media Monitoring,-97.26199999999994,32.98489000000006
718,QTS- Fort Worth-Dallas,14100 Park Vista Blvd,Fort Worth,TX,76177.0,High,,,,,,,,,,,,32.98912,-97.2622,1754352000000.0,1754352000000.0,,Unknown,,,,,,,,,,,Operating,,,Tarrant,,,,Media Monitoring,-97.26219999999995,32.989120000000064
719,NTT Global Data Centers Americas - Dallas TX1,2008 Lookout Dr,Garland,TX,75044.0,High,,,,,,,,,,,,32.98221,-96.6574,1754352000000.0,1754352000000.0,,Unknown,,,,,,,,,,,Operating,,,Dallas,,,,Media Monitoring,-96.65739999999994,32.98221000000006
720,GEORGETOWN DATA CENTER,201 BLUE RIDGE DR,GEORGETOWN,TX,78626.0,High,,,,https://gis-tceq.opendata.arcgis.com/datasets/daece6e3181140f69093ab69cf9ae0ba/explore?layer=0&showTable=true,,,,,,,,30.60149,-97.6773,1754352000000.0,1754352000000.0,,Unknown,,,,,,,,,,FULLY REGULATED,Operating,,,Williamson,,,,Media Monitoring,-97.67729999999993,30.60149000000007
721,"Cutten Data Center (CTX 1, CTX 2)",15555 Cutten Rd,Houston,TX,77070.0,High,,,,https://comptroller.texas.gov/taxes/data-centers/data-center-lists.php,,,,,,,,29.996,-95.5633,1754352000000.0,1754352000000.0,,Unknown,,,,,,,,,,,Operating,,,Harris,,,,Media Monitoring,-95.56329999999997,29.996000000000027
722,CyrusOne LLC - Houston West III Data Center,1003 Corporate Centre Dr,Houston,TX,77041.0,High,,,,https://comptroller.texas.gov/taxes/data-centers/data-center-lists.php,,,,,,,,29.84402,-95.5609,1754352000000.0,1754352000000.0,,Unknown,,,,,,,,,,,Operating,,,Harris,,,,Media Monitoring,-95.56089999999995,29.844020000000057
723,ENERGY CONTROL & DATA CENTER,16303 TOMBALL PKWY,HOUSTON,TX,77064.0,High,,,,https://gis-tceq.opendata.arcgis.com/datasets/daece6e3181140f69093ab69cf9ae0ba/explore?layer=0&showTable=true,,,,,,,,29.94515,-95.5388,1754352000000.0,1754352000000.0,,Unknown,,,,,,,,,,FULLY REGULATED,Operating,,,Harris,,,,Media Monitoring,-95.53879999999998,29.945150000000066
724,Nexus Data Center,Btwn Hwy 171 and County 3369,Hubbard,TX,76648.0,Medium,,,,https://www.datacenterdynamics.com/en/news/600mw-natural-gas-powered-data-center-campus-proposed-in-hubbard-texas/,,,,,,,,31.825197,-96.75136,1765152000000.0,,600,Hyperscale (101-999 MW),Natural gas,,,,,,,2000.0,,,Proposed,,,Hill,,,,Media Monitoring,-96.75135999999998,31.82519700000006
725,Colovore: Project Raptor,2351 Innovation Blvd,Hutto,TX,78634.0,High,,,,https://www.datacenterdynamics.com/en/news/colovore-plans-data-center-in-austin-texas/,,,,,,,,30.54322,-97.57,1754179200000.0,1754179200000.0,,Unknown,,,,,,180000.0,,,,,Proposed,,,Williamson,,,,Media Monitoring,-97.56999999999994,30.54322000000007
726,"Skybox 1-7 data centers (""Power Campus Austin"")",4200 County Rd 132,Hutto,TX,78634.0,High,,,,https://baxtel.com/data-center/skybox-hutto-3,https://www.tdlr.texas.gov/TABS/Search/Project/TABS2025026905,https://skyboxdatacenters.com/locations/powercampus-austin,https://www.mysanantonio.com/business/article/austin-skybox-hutto-data-center-21029501.php,,,,,30.53681,-97.5178,1757030400000.0,1757030400000.0,600,Hyperscale (101-999 MW),,,,6.0,,4000000.0,,160.0,$125 million,"Facility size could be 234,820-4,000,000 sq feet",Approved/Permitted/Under construction,,,Williamson,,,,Media Monitoring,-97.51779999999998,30.536810000000052
727,QTS-Irving,6431 Longhorn Dr,Irving,TX,75063.0,High,,,,,,,,,,,,32.89704,-96.9832,1754352000000.0,1754352000000.0,,Unknown,,,,,,,,,,,Operating,,,Dallas,,,,Media Monitoring,-96.98319999999995,32.897040000000054
728,Mesones Data Center,FM 487,Jarrell,TX,76737.0,High,,,,https://www.linkedin.com/posts/power-infrastructure-partners_power-infrastructure-partners-and-savannah-activity-7361053754638422018-6BBW/,https://www.connectcre.com/stories/austin-area-town-to-decide-fate-of-proposed-850m-data-center/,https://www.bizjournals.com/austin/news/2025/08/27/data-center-jarrell-austin-development-power-water.html,,,,,,30.81534,-97.6328,1756771200000.0,1756771200000.0,200,Hyperscale (101-999 MW),,,,,,,,151.0,$850 million,,Proposed,,,Williamson,,,,Media Monitoring,-97.63279999999997,30.815340000000063
729,Houston One data center,22000 Franz Rd,Katy,TX,77449.0,High,AI,Element Critical,,https://elementcritical.com/data-centers/houston-data-center/,https://www.prnewswire.com/news-releases/element-critical-adds-10mw-of-ai-ready-capacity-at-houston-one-campus-302619374.html,,,,,,,29.803122,-95.75579,1764115200000.0,1764115200000.0,26,Medium (11-50 MW),,,,,Air,118248.0,Closed loop,,,,Operating,"Expanding with construction started on a 20,000 sq ft data hall on the campus that will deliver an additional 4.5 MW",,Harris,,,,Media Monitoring,-95.75578999999999,29.803122000000034
730,InfraKey Capital data centers,just west of Elm Mott,Lacy Lakeview,TX,76705.0,Low,,,,https://www.datacenterdynamics.com/en/news/10bn-data-center-project-recieves-approval-in-lacy-lakeview-texas/,https://www.datacenterdynamics.com/en/news/infrakey-city-of-lacy-lakeview-unveil-925mw-data-center-district-in-mclennan-county-texas/,,,,,,,31.66293,-97.110344,1765411200000.0,1769040000000.0,1000,"Mega campus (>1,000 MW)",,,,6.0,,,,520.0,$10 billion,,Approved/Permitted/Under construction,,2030.0,McLennan,Yes,,,Media Monitoring,-97.11034399999994,31.662930000000074
731,Digital Bridge data center,unknown location,Lancaster,TX,75146.0,Low,,,,https://www.datacenterdynamics.com/en/news/yondr-expands-into-texas-plans-550mw-data-center-in-dallas/,,,,,,,,32.57545,-96.6995,1755561600000.0,1755561600000.0,550,Hyperscale (101-999 MW),,,,,,,,163.0,,,Proposed,,,Dallas,,,,Media Monitoring,-96.69949999999994,32.575450000000046
732,PowerCampus Dallas by Lancaster Data Center Campus LP,~1000 Bear Creek Rd,Lancaster,TX,75146.0,Medium,,,,https://comptroller.texas.gov/taxes/data-centers/data-center-lists.php,https://baxtel.com/data-center/skybox-powercampus-dallas,,,,,,,32.56777,-96.7739,1754352000000.0,1754352000000.0,300,Hyperscale (101-999 MW),,,,,,,,,,,Operating,,,Dallas,,,,Media Monitoring,-96.77389999999998,32.567770000000046
733,Project Labrador (WHL Dallas 45 LLC),1401 Greene Rd,Lancaster,TX,75146.0,High,,,,https://www.datacenterdynamics.com/en/news/large-data-center-campus-proposed-in-lancaster-area-of-dallas-texas/,,,,,,,,32.59966,-96.7302,1755561600000.0,1755561600000.0,,Unknown,,,,,,1040000.0,,419.0,,,Proposed,,,Dallas,,,,Media Monitoring,-96.73019999999997,32.59966000000002
734,Project Oranger (WHL Dallas 45 LLC),201 Sunrise Rd,Lancaster,TX,75146.0,High,,,,https://www.datacenterdynamics.com/en/news/large-data-center-campus-proposed-in-lancaster-area-of-dallas-texas/,,,,,,,,32.57294,-96.6993,1755561600000.0,1755561600000.0,252,Hyperscale (101-999 MW),,,,,,1500000.0,,116.0,,,Proposed,,,Dallas,,,,Media Monitoring,-96.69929999999994,32.57294000000007
735,Digital Realty Data Center,2501 State Hwy 121 #400D,Lewisville,TX,75067.0,High,,,,,,,,,,,,32.9994,-96.9996,1754352000000.0,1754352000000.0,,Unknown,,,,,,,,,,,Operating,,,Denton,,,,Media Monitoring,-96.99959999999999,32.99940000000004
736,Tract data centers,Caldwell Technology Park. near 2859 FM2720,Lockhart,TX,78644.0,High,,,,Caldwell Valley Technology Park. near 2859 FM2720,https://www.tract.com/project/caldwellvalley/,https://www.datacenterdynamics.com/en/news/tract-expands-austin-data-center-park-to-3000-acres/,,,,,,29.91816,-97.7668,1747094400000.0,1768348800000.0,360,Hyperscale (101-999 MW),,,,,,,,3000.0,,,Proposed,,2028.0,Caldwell,,,,Media Monitoring,-97.7668,29.91816000000006
737,Texas Solarworks LLC,E Municipal Dr,Lubbock,TX,79403.0,Medium,,,,,,,,,,,,33.62028,-101.7919,1768780800000.0,,,Unknown,Solar,,,,,,,936.0,,Potential solar with plan for data center,Proposed,,,Lubbock,,,,Media Monitoring,-101.79189999999994,33.62028000000004
738,Data Center THM1A,Bean Rd,Lueders,TX,79533.0,Medium,,,,https://www.datacenterdynamics.com/en/news/data-center-to-be-built-in-lueders-texas/,,,,,,,,32.98045,-99.5673,1750464000000.0,1750464000000.0,,Unknown,,,,,,280000.0,,,,,Proposed,,,Haskell,,,,Media Monitoring,-99.56729999999999,32.98045000000007
739,"Barrio data centers (2, each 10 MW)",,Matagora County,TX,,Low,,,,https://www.datacenterdynamics.com/en/news/barrio-energy-plans-sites-for-two-10mw-data-centers-in-matagorda-county-texas/,https://www.wjbf.com/business/press-releases/cision/20250813DA50630/barrio-energy-announces-two-new-10mw-data-center-developments-in-matagorda-county-tx/,,,,,,,28.74159,-95.9322,1755302400000.0,1755302400000.0,20,Medium (11-50 MW),,,,,,,,,,,Unknown,,,Matagorda,,,,Media Monitoring,-95.93219999999997,28.74159000000002
740,1547 Data Center: MCTX1,200 S 10th St,McAllen,TX,78501.0,High,,,,https://www.mysanantonio.com/business/article/1547-mctx1-data-center-mcallen-20802823.php,,,,,,,,26.20193,-98.2316,1754697600000.0,1754697600000.0,1.5-5,Small (0-10 MW),,,,,,24000.0,,,,17-story office building,Operating,,,Hidalgo,,,,Media Monitoring,-98.23159999999996,26.20193000000006
741,EXPERIAN DATA CENTER MCKINNEY,3400 S STONEBRIDGE DR,MCKINNEY,TX,75070.0,High,,,,https://gis-tceq.opendata.arcgis.com/datasets/daece6e3181140f69093ab69cf9ae0ba/explore?layer=0&showTable=true,,,,,,,,33.17172,-96.7252,1754352000000.0,1754352000000.0,,Unknown,,,,,,,,,,FULLY REGULATED,Operating,,,Collin,,,,Media Monitoring,-96.72519999999997,33.17172000000005
742,FO Permian Partners and HiVolt Energy data center,30 minutes SE of Midland,Midland County,TX,,Low,,,,https://www.mrt.com/business/article/midland-data-centers-320-acres-21049718.php,,,,,,,,31.76912,-101.898,1757980800000.0,1757980800000.0,,Unknown,,,,,,,,320.0,,"150 MW ""behind the meter"", 3200 acres on-site Permian gas supply, up to 5 GW",Proposed,,,Midland,,,,Media Monitoring,-101.89799999999997,31.76912000000004
743,Sharka Data Center (Google),Railport Parkway,Midlothian,TX,76065.0,High,,Google,,https://www.datacenterdynamics.com/en/news/google-is-behind-500m-sharka-data-center-in-midlothian-texas/,,,,,,,,32.44324,-97.0605,1748131200000.0,1748131200000.0,,Unknown,,,,,,,,,,,Unknown,,,Ellis,,,,Media Monitoring,-97.0605,32.44324000000005
744,Google data center: SB Energy Global LLC,,Milam County,TX,,Medium,,Google,,https://www.energy.gov/policy/articles/first-made-usa-solar-plant-set-power-google-data-centers-boosting-local-economy-and,https://www.bizjournals.com/austin/news/2025/05/12/sb-energy-milam-county-data-center-orion-solar.html,,,,,,,30.99355,-97.0035,,,,Unknown,,,,,,,,,$3 billion,"875 MW solar, Between Orion I, II, and III solar fields",Unknown,,,Milam,,,,Media Monitoring,-97.00349999999997,30.993550000000024
745,Cielo Digital Infrastructure,,Mustang Ridge,TX,78616.0,Low,,,,https://www.datacenterdynamics.com/en/news/cielo-digital-infrastructure-plans-300mw-data-center-campus-in-south-carolina/,,,,,,,,30.05179,-97.6772,1750723200000.0,1750723200000.0,500,Hyperscale (101-999 MW),,,,,,,,472.0,,,Proposed,,,Travis,,,,Media Monitoring,-97.67719999999996,30.05179000000003
746,Project Gladys (Soluna),,near Bishop?,TX,,Low,,,,https://www.datacenterdynamics.com/en/news/soluna-to-develop-two-new-data-centers-in-texas-with-a-combined-capacity-of-350mw/,,,,,,,,27.58049,-97.6401,1756512000000.0,1756512000000.0,150,Hyperscale (101-999 MW),,,,,,,,,,,Approved/Permitted/Under construction,,,Nueces,,,,Media Monitoring,-97.64009999999996,27.580490000000054
747,Project Fei (Soluna),,near Childress,TX,79201.0,Medium,,,,https://www.datacenterdynamics.com/en/news/soluna-to-develop-two-new-data-centers-in-texas-with-a-combined-capacity-of-350mw/,,,,,,,,34.37431,-100.094,1756512000000.0,1756512000000.0,100,Hyperscale (101-999 MW),,,,,,,,,,,Approved/Permitted/Under construction,,,Childress,,,,Media Monitoring,-100.09399999999994,34.37431000000004
748,Project Hedy (Soluna),,near Lyford,TX,,Low,,,,https://www.solunacomputing.com/news/project-hedy-term-sheet/,,,,,,,,26.32319,-97.585,1756512000000.0,1756512000000.0,120,Hyperscale (101-999 MW),,,,,,,,,,,Approved/Permitted/Under construction,,,Willacy,,,,Media Monitoring,-97.58499999999998,26.32319000000006
749,Project Ellen (Soluna),,near Rio Hondo,TX,78583.0,Low,,,,https://www.datacenterdynamics.com/en/news/soluna-to-develop-two-new-data-centers-in-texas-with-a-combined-capacity-of-350mw/,,,,,,,,26.2517,-97.4894,1756512000000.0,1756512000000.0,100,Hyperscale (101-999 MW),,,,,,,,,,,Approved/Permitted/Under construction,,,Cameron,,,,Media Monitoring,-97.48939999999999,26.251700000000024
750,Project Rosa (Soluna),,near Santa Rosa,TX,78593.0,Low,,,,https://www.datacenterdynamics.com/en/news/soluna-to-develop-two-new-data-centers-in-texas-with-a-combined-capacity-of-350mw/,,,,,,,,26.2419,-97.8223,1756512000000.0,1756512000000.0,187,Hyperscale (101-999 MW),,,,,,,,,,,Approved/Permitted/Under construction,,,Cameron,,,,Media Monitoring,-97.82229999999997,26.24190000000004
751,Project Dorothy 1A and 1B (Soluna),near Hwy 207?,near Silverton,TX,79257.0,Low,,,,https://www.datacenterdynamics.com/en/news/soluna-to-develop-two-new-data-centers-in-texas-with-a-combined-capacity-of-350mw/,,,,,,,,34.41811,-101.315,1756512000000.0,1756512000000.0,50,Medium (11-50 MW),,,,,,,,,,,Operating,,,Briscoe,,,,Media Monitoring,-101.31499999999994,34.41811000000006
752,Project Dorothy 2 (Soluna),near Hwy 207?,near Silverton,TX,79257.0,Low,,,,https://www.datacenterdynamics.com/en/news/soluna-to-develop-two-new-data-centers-in-texas-with-a-combined-capacity-of-350mw/,,,,,,,,34.41811,-101.315,1756512000000.0,1756512000000.0,48,Medium (11-50 MW),,,,,,,,,,,Approved/Permitted/Under construction,,,Briscoe,,,,Media Monitoring,-101.31499999999994,34.41811000000006
753,CloudBurst Data Center,2955 Francis Harris Ln,New Braunfels,TX,78130.0,High,,,,https://www.yahoo.com/news/hays-county-says-ai-data-231555198.html,https://www.facebook.com/statesman/posts/hays-county-residents-packed-a-courtroom-tuesday-to-hear-some-of-the-first-infor/1112782817556071/,https://www.kut.org/energy-environment/2025-06-04/hays-county-texas-data-center-ai,,,,,,29.76201,-97.9909,1748044800000.0,1748044800000.0,1200,"Mega campus (>1,000 MW)",,,,,,,,96.0,,,Unknown,,,Hays,,,,Media Monitoring,-97.99089999999994,29.76201000000003
754,APR Energy data center,Unknown location,Pampa,TX,79065.0,Medium,,,,https://www.datacenterdynamics.com/en/news/apr-energy-obtains-approval-for-800-acre-natural-gas-powered-data-center-in-pampa-texas/,,,,,,,,35.54431,-101.004,1750377600000.0,1750377600000.0,,Unknown,,,,,,,,800.0,,Expected to consume up to 1.5 million gallons of water per day. 400 MW of on-site gas turbine power,Proposed,,,Gray,,,,Media Monitoring,-101.00399999999996,35.544310000000046
755,Project Annie (Soluna),near 4210 Old Bonham Rd,Paris,TX,75460.0,Medium,,,,https://www.monarchprivate.com/impact-investing-projects/view/tyson-nick-solar/,https://www.datacenterdynamics.com/en/news/soluna-to-develop-two-new-data-centers-in-texas-with-a-combined-capacity-of-350mw/,,,,,,,33.65263,-95.6048,1756512000000.0,1756512000000.0,75,Large (51-100 MW),,,,,,,,,,,Approved/Permitted/Under construction,,,Lamar,,,,Media Monitoring,-95.60479999999995,33.652630000000045
756,GW Ranch (Pacifico Energy),,Pecos County,TX,,Low,,,,https://www.datacenterdynamics.com/en/news/pacifico-energy-unveils-5gw-offgrid-natural-gas-project-in-texas-slated-to-serve-a-hyperscale-data-center/,https://www.pacificoenergy.com/gw-ranch,,,,,,,30.77973,-102.698,1756080000000.0,1756080000000.0,"5,000","Mega campus (>1,000 MW)",,,,,,,,8000.0,,"Off-grid, also include 1.8GW of energy storage",Proposed,,,Pecos,,,,Media Monitoring,-102.69799999999998,30.77973000000002
757,Skybox - Austin 2,2515 S Kenney Fort Blvd,Pflugerville,TX,78660.0,High,,,,https://www.tdlr.texas.gov/TABS/Search/Project/TABS2024016342,https://www.mysanantonio.com/business/article/skybox-datacenter-hutto-pflugerville-19411678.php,,,,,,,30.48241,-97.6246,1757030400000.0,1757030400000.0,,Unknown,,,,,,,,,$86.4 million,,Approved/Permitted/Under construction,,,Travis,,,,Media Monitoring,-97.62459999999999,30.482410000000062
758,Aligned DFW1 and DFW2,2800 Summit Ave,Plano,TX,75074.0,High,,,,https://www.datacenterdynamics.com/en/news/aligned-announces-second-data-center-at-plano-campus-in-texas/,,,,,,,,33.00918,-96.6745,1750291200000.0,1750291200000.0,36+,Medium (11-50 MW),,,,,,285000.0,,19.0,,,Proposed,,,Collin,,,,Media Monitoring,-96.67449999999997,33.009180000000065
759,CoreWeave Plano,1000 Coit Rd,Plano,TX,75075.0,High,,,,https://comptroller.texas.gov/taxes/data-centers/data-center-lists.php,,,,,,,,33.01469,-96.7651,1754352000000.0,1754352000000.0,30,Medium (11-50 MW),,,,,,454421.0,,24.0,,,Operating,,,Collin,,,,Media Monitoring,-96.76509999999996,33.01469000000004
760,DataBank Data Centers - Legacy Park Plano,8375 Dominion Pkwy,Plano,TX,75024.0,High,,,,,,,,,,,,33.08736,-96.8139,1754352000000.0,1754352000000.0,,Unknown,,,,,,,,,,,Operating,,,Collin,,,,Media Monitoring,-96.81389999999999,33.08736000000004
761,DFW-04 data center,401 North Star Rd,Plano,TX,75074.0,High,,,,https://itbrief.news/story/aligned-lambda-join-forces-on-ai-ready-data-centre-in-texas,https://www.datacenterdynamics.com/en/news/lambda-cloud-to-take-capacity-at-aligneds-dfw-04-dallas-fort-worth-data-center/,https://aligneddc.com/dallas/,,,,,,33.00439,-96.6502,1748044800000.0,1748044800000.0,,Unknown,,,,,,425500.0,,,$161 million,,Unknown,,,Collin,,,,Media Monitoring,-96.65019999999998,33.00439000000005
762,Equinix DA7,6653 Pinecrest Dr,Plano,TX,75024.0,High,,,,,,,,,,,,33.06499,-96.8109,1754352000000.0,1754352000000.0,,Unknown,,,,,,37910.0,,,,,Unknown,,,Collin,,,,Media Monitoring,-96.81089999999995,33.06499000000007
763,Evocative DAL6,1221 Coit Rd,Plano,TX,75076.0,High,,,,,,,,,,,,33.01578,-96.7688,1754352000000.0,1754352000000.0,12,Medium (11-50 MW),,,,,,111000.0,,,,,Operating,,,Collin,,,,Media Monitoring,-96.76879999999996,33.01578000000005
764,Skybox Atlantic Station,2300 W Plano Pkwy,Plano,TX,75075.0,High,,,,,,,,,,,,33.00508,-96.7421,1754352000000.0,1754352000000.0,100,Hyperscale (101-999 MW),,,,,,,,,,,Operating,,,Collin,,,,Media Monitoring,-96.74209999999994,33.00508000000007
765,Pyote Data Center,Near intersection of I-20 and FM 1927,Pyote,TX,79777.0,Medium,,,,https://genesisdigitalassets.com/our-work-and-impact/,,,,,,,,31.52544,-103.117,1754352000000.0,1754352000000.0,300,Hyperscale (101-999 MW),,,,,,,,,,Mines bitcoin in addition,Operating,,,Ward,,,,Media Monitoring,-103.11699999999996,31.525440000000057
766,Compass Data Center,481 Austin Blvd,Red Oak,TX,75154.0,High,,,,https://www.datacenterdynamics.com/en/news/compass-buys-land-second-dallas-campus/,https://www.tdlr.texas.gov/TABS/Search/Project/TABS2020019741,,,,,,,32.54188,-96.7998,1748131200000.0,1748131200000.0,350,Hyperscale (101-999 MW),,,,,,981000.0,,225.0,,,Unknown,,,Ellis,,,,Media Monitoring,-96.79979999999995,32.54188000000004
767,Databank: DFW11 and DFW12,Stainback Rd,Red Oak,TX,75154.0,Medium,,,,https://www.datacenterdynamics.com/en/news/databank-files-to-develop-two-more-data-centers-at-upcoming-red-oak-texas-campus/,,,,,,,,32.53531,-96.7339,1750464000000.0,1750464000000.0,480,Hyperscale (101-999 MW),,,,,,950000.0,,,$325 million,,Proposed,,,Ellis,,,,Media Monitoring,-96.73389999999995,32.53531000000003
768,Google Data Center,330 Austin Blvd,Red Oak,TX,75154.0,High,,Google,,https://www.datacenterdynamics.com/en/news/google-announces-plans-for-red-oak-data-center-campus-in-texas/,,,,,,,,32.53763,-96.7968,1748131200000.0,1748131200000.0,,Unknown,,,,,,,,,$600 million,,Proposed,,,Ellis,,,,Media Monitoring,-96.79679999999996,32.53763000000003
769,1210 Integrity Drive (DFW18),1210 Integrity Dr,Richardson,TX,75081.0,High,,,,,,,,,,,,32.96639,-96.7138,1754352000000.0,1754352000000.0,100,Hyperscale (101-999 MW),,,,,,,,8.0,,,Proposed,,,Dallas,,,,Media Monitoring,-96.71379999999999,32.96639000000003
770,1232 Alma Road data center,1232 Alma Road,Richardson,TX,75081.0,High,,,,,,,,,,,,32.96619,-96.7159,1754352000000.0,1754352000000.0,6.7,Small (0-10 MW),,,,,,105726.0,,,,,Operating,,,Dallas,,,,Media Monitoring,-96.71589999999998,32.96619000000003
771,365 Data Centers - Richardson,1001 East Campbell Rd,Richardson,TX,75081.0,High,,,,,,,,,,,,32.97615,-96.7073,1754352000000.0,1754352000000.0,6.2,Small (0-10 MW),,,,,,75100.0,,,,,Operating,,,Dallas,,,,Media Monitoring,-96.70729999999998,32.976150000000075
772,850 E. Collins Boulevard (DFW28),850 E. Collins Boulevard,Richardson,TX,75081.0,High,,,,,,,,,,,,32.96746,-96.7132,1754352000000.0,1754352000000.0,6.8,Small (0-10 MW),,,,,,121000.0,,,,,Operating,,,Dallas,,,,Media Monitoring,-96.71319999999997,32.96746000000007
773,Prime data center,1501 E Lookout Dr,Richardson,TX,75082.0,High,,,,https://www.datacenterdynamics.com/en/news/prime-and-vantage-buy-land-phoenix-arizona/,,,,,,,,32.98529,-96.6969,1748390400000.0,1748390400000.0,24,Medium (11-50 MW),,,,,,130000.0,,,,,Unknown,,,Dallas,,,,Media Monitoring,-96.69689999999997,32.98529000000008
774,CORNERSTONE SOUTHWEST DATA CENTER,931 LITSEY RD,ROANOKE,TX,76262.0,High,,,,https://gis-tceq.opendata.arcgis.com/datasets/daece6e3181140f69093ab69cf9ae0ba/explore?layer=0&showTable=true,,,,,,,,33.00576,-97.2459,1754352000000.0,1754352000000.0,,Unknown,,,,,,,,,,FULLY REGULATED,Operating,,,Denton,,,,Media Monitoring,-97.24589999999995,33.005760000000066
775,Advanced Micro Devices data center,2721 Charles Martin Hall Rd,Rockdale,TX,76567.0,High,,Riot,,,,,,,,,,30.56359,-97.08498,1768780800000.0,,25,Hyperscale (101-999 MW),,,,,,,,,$89.8 million,Bitcoin operator expanding to HPC,Expanding,,2026.0,Milam,,,,Media Monitoring,-97.08497999999999,30.56359000000003
776,Sabey data center,1300 Louis Henna Blvd,Round Rock,TX,78664.0,High,,,,,,,,,,,,30.48796,-97.6468,1754352000000.0,1754352000000.0,,Unknown,,,,,,,,,,,Operating,,,Williamson,,,,Media Monitoring,-97.64679999999998,30.48796000000005
777,Skybox Data Center,"South of US-67, west of City Farm Rd",San Angelo,TX,76905.0,High,,,,https://www.datacenterdynamics.com/en/news/skybox-eyes-six-building-data-center-campus-in-san-angelo-texas/,,,,,,,,31.52764,-100.33235,1767657600000.0,,,Hyperscale (101-999 MW),Grid (unspecified mix),,,6.0,,1488000.0,,350.0,,,Proposed,,,Tom Green,,,,Media Monitoring,-100.33234999999996,31.52764000000007
778,AWS Rockfish,11625 Old Corpus Christi Hwy,San Antonio,TX,78223.0,High,,,,https://www.datacenterdynamics.com/en/news/aws-rockfish-planning-documents-reveal-three-amazon-data-centers-in-texas/,,,,,,,,29.3019,-98.3888,1753660800000.0,1753660800000.0,,Unknown,,,,,,109600.0,,,$56 million,,Approved/Permitted/Under construction,,,Bexar,,,,Media Monitoring,-98.38879999999993,29.301900000000042
779,AWS Rockfish,7400 Potranco Road,San Antonio,TX,78251.0,High,,,,https://www.tdlr.texas.gov/TABS/Search/Project/TABS2021003294,https://www.datacenterdynamics.com/en/news/aws-rockfish-planning-documents-reveal-three-amazon-data-centers-in-texas/,,,,,,,29.45094,-98.6388,1753660800000.0,1753660800000.0,,Unknown,,,,,,109600.0,,,$31 million,,Approved/Permitted/Under construction,,,Bexar,,,,Media Monitoring,-98.63879999999993,29.450940000000053
780,AWS Rockfish,TX-211 & Potranco Road,San Antonio,TX,78245.0,Medium,,,,https://www.datacenterdynamics.com/en/news/aws-rockfish-planning-documents-reveal-three-amazon-data-centers-in-texas/,,,,,,,,29.42085,-98.7818,1753660800000.0,1753660800000.0,,Unknown,,,,,,109600.0,,,$55.9 million,,Approved/Permitted/Under construction,,,Bexar,,,,Media Monitoring,-98.78179999999999,29.42085000000003
781,Chevron data center (closed),5200 Rogers Rd,San Antonio,TX,78251.0,High,,,,,,,,,,,,29.48045,-98.6963,1750723200000.0,1750723200000.0,,Unknown,,,,,,,,,,FULLY REGULATED,Operating,,,Bexar,,,,Media Monitoring,-98.69629999999995,29.480450000000072
782,CITICORP DATA SYSTEMS,100 CITIBANK DR,SAN ANTONIO,TX,78245.0,High,,,,https://gis-tceq.opendata.arcgis.com/datasets/daece6e3181140f69093ab69cf9ae0ba/explore?layer=0&showTable=true,,,,,,,,29.41341,-98.7773,1754352000000.0,1754352000000.0,,Unknown,,,,,,,,,,EMERG POWER GENERATOR,Operating,,,Bexar,,,,Media Monitoring,-98.77729999999997,29.413410000000052
783,CyrusOne data center,9999 Westover Hills Blvd,San Antonio,TX,78251.0,High,,,,,,,,,,,,29.46616,-98.6885,1754352000000.0,1754352000000.0,,Unknown,,,,,,,,,,,Operating,,,Bexar,,,,Media Monitoring,-98.68849999999998,29.466160000000055
784,H5 data center,100 Taylor St,San Antonio,TX,78205.0,High,,,,,,,,,,,,29.42938,-98.4868,1754352000000.0,1754352000000.0,,Unknown,,,,,,,,,,,Operating,,,Bexar,,,,Media Monitoring,-98.48679999999996,29.429380000000045
785,LOWES DATA CENTER,10045 ROGERS RUN,SAN ANTONIO,TX,78251.0,High,,,,https://gis-tceq.opendata.arcgis.com/datasets/daece6e3181140f69093ab69cf9ae0ba/explore?layer=0&showTable=true,,,,,,,,29.47334,-98.69,1754352000000.0,1754352000000.0,,Unknown,,,,,,,,,,FULLY REGULATED,Operating,,,Bexar,,,,Media Monitoring,-98.68999999999994,29.473340000000064
786,Microsoft Corporation data center (SAT 80-82),8844 FM1957 (Potranco Rd),San Antonio,TX,78253.0,High,,Microsoft,,https://www.datacenterdynamics.com/en/news/microsoft-files-for-data-center-campus-outside-san-antonio/,,,,,,,,29.43363,-98.8263,1754352000000.0,1754352000000.0,,Unknown,,,,,,,,206.0,,,Unknown,,,Medina,,,,Media Monitoring,-98.82629999999995,29.433630000000054
787,Microsoft data center,~3543 W Loop 1604 N Acc Rd,San Antonio,TX,78253.0,Medium,,Microsoft,,https://www.expressnews.com/business/article/san-antonio-microsoft-west-side-data-centers-21061920.php,,,,,,,,29.46696,-98.7134,1758585600000.0,1758585600000.0,,Unknown,,,,2.0,,390000.0,,90.0,,,Proposed,,,Bexar,,,,Media Monitoring,-98.71339999999998,29.466960000000014
788,Microsoft data center: SAT14,3545 Wiseman Blvd,San Antonio,TX,78251.0,High,,Microsoft,,https://www.datacenterdynamics.com/en/news/vantage-buys-two-land-plots-in-san-antonio-texas/,,,,,,,,29.47118,-98.6785,1753660800000.0,1753660800000.0,,Unknown,,,,,,350000.0,,,$200 million,,Proposed,,,Bexar,,,,Media Monitoring,-98.67849999999999,29.471180000000047
789,Microsoft data center: SAT15,3555 Westover Link,San Antonio,TX,78251.0,High,,Microsoft,,https://www.datacenterdynamics.com/en/news/microsoft-planning-another-data-center-in-san-antonio-texas/,,,,,,,,29.46977,-98.7015,1753660800000.0,1753660800000.0,,Unknown,,,,,,245000.0,,,$215.9 million,,Proposed,,,Bexar,,,,Media Monitoring,-98.70149999999995,29.46977000000003
790,Microsoft data center: SAT46,15000 Lambda Drive,San Antonio,TX,78245.0,High,,Microsoft,,https://www.datacenterdynamics.com/en/news/vantage-buys-two-land-plots-in-san-antonio-texas/,https://www.datacenterdynamics.com/en/news/vantage-buys-two-land-plots-in-san-antonio-texas/,https://www.datacenterdynamics.com/en/news/vantage-files-to-build-another-data-center-in-san-antonio-texas/,,,,,,29.41427,-98.8029,1753660800000.0,1760572800000.0,,Unknown,,,,,,1000000.0,,,$215.9 million,,Operating,,,Bexar,,,,Media Monitoring,-98.80289999999997,29.41427000000004
791,MICROSOFT SAN ANTONIO DATA CENTER,5150 ROGERS RD,SAN ANTONIO,TX,78251.0,High,,Microsoft,,https://gis-tceq.opendata.arcgis.com/datasets/daece6e3181140f69093ab69cf9ae0ba/explore?layer=0&showTable=true,,,,,,,,29.47843,-98.693,1754352000000.0,1754352000000.0,,Unknown,,,,,,,,,,EMERG POWER GENERATOR,Operating,,,Bexar,,,,Media Monitoring,-98.69299999999998,29.47843000000005
792,MICROSOFT SAN ANTONIO DATA CENTER,5150 ROGERS RD,SAN ANTONIO,TX,78251.0,High,,Microsoft,,https://gis-tceq.opendata.arcgis.com/datasets/daece6e3181140f69093ab69cf9ae0ba/explore?layer=0&showTable=true,,,,,,,,29.47843,-98.693,1754352000000.0,1754352000000.0,,Unknown,,,,,,,,,,FULLY REGULATED,Operating,,,Bexar,,,,Media Monitoring,-98.69299999999998,29.47843000000005
793,NSA Texas Cryptology Center,Sony Pl,San Antonio,TX,78251.0,High,,,,,,,,,,,,29.44724,-98.6421,1754352000000.0,1754352000000.0,,Unknown,,,,,,,,,,,Approved/Permitted/Under construction,,,Bexar,,,,Media Monitoring,-98.64209999999997,29.44724000000008
794,QTS San Antonio,8535 Potranco Rd,San Antonio,TX,78251.0,High,,,,,,,,,,,,29.44862,-98.6509,1754352000000.0,1754352000000.0,,Unknown,,,,,,,,,,,Operating,,,Bexar,,,,Media Monitoring,-98.65089999999998,29.448620000000076
795,Stream data center,"9550 Westover Hills Blvd, San Antonio, TX",San Antonio,TX,78251.0,High,,,,,,,,,,,,29.47177,-98.6716,1754352000000.0,1754352000000.0,,Unknown,,,,,,,,,,,Operating,,,Bexar,,,,Media Monitoring,-98.67159999999996,29.47177000000004
796,TX11: Vantage data center,14720 Omicron Drive,San Antonio,TX,78245.0,High,,,,https://www.datacenterdynamics.com/en/news/vantage-files-plans-for-san-antonio-data-center/,https://www.datacenterdynamics.com/en/news/vantage-buys-two-land-plots-in-san-antonio-texas/,,,,,,,29.4181,-98.7897,1753660800000.0,1753660800000.0,32,Medium (11-50 MW),,,,,,242667.0,,58.0,$96 million,,Proposed,,2026.0,Bexar,,,,Media Monitoring,-98.78969999999998,29.418100000000035
797,TX12: Vantage data center,17420 Omicron Drive,San Antonio,TX,78245.0,High,,,,https://www.datacenterdynamics.com/en/news/vantage-files-to-build-second-san-antonio-data-center-in-texas/,,,,,,,,29.42026,-98.8087,1758585600000.0,1758585600000.0,96,Large (51-100 MW),,,,,,432800.0,,,,,Proposed,,2027.0,Medina,,,,Media Monitoring,-98.80869999999997,29.420260000000038
798,TX21: Vantage data center,Intersection Hwy 151 and Wiseman Blvd,San Antonio,TX,78251.0,High,,,,https://www.datacenterdynamics.com/en/news/vantage-buys-two-land-plots-in-san-antonio-texas/,,,,,,,,29.47603,-98.6976,1753660800000.0,1760572800000.0,,Unknown,,,,,,360000.0,,31.0,$157 miillion,,Proposed,,2025.0,Bexar,,,,Media Monitoring,-98.69759999999997,29.476030000000037
799,TX22: Vantage data center,5207 Rogers Rd,San Antonio,TX,78251.0,High,,,,https://www.datacenterdynamics.com/en/news/vantage-files-to-build-another-data-center-in-san-antonio-texas/,https://www.datacenterdynamics.com/en/news/vantage-files-to-build-another-data-center-in-san-antonio-texas/,,,,,,,29.479109,-98.697105,1760572800000.0,1760572800000.0,,Unknown,,,,,,214525.0,,,$272 million,,Proposed,,2027.0,Bexar,,,,Media Monitoring,-98.69710499999997,29.47910900000005
800,Highlander SM One LLC,904 Francis Harris Ln,San Marcos,TX,78666.0,High,,,,https://www.datacenterdynamics.com/en/news/data-center-proposed-for-200-acre-site-in-san-marcos-texas/,https://www.datacenterdynamics.com/en/news/data-center-proposal-rejected-in-san-marcos-texas/,,,,,,,29.79031,-97.9952,1755734400000.0,1755734400000.0,,Unknown,,,,,,,,180.0,,,Suspended,,,Hays,,,,Media Monitoring,-97.99519999999995,29.79031000000002
801,Project Kati 1 and 2(Soluna),near 5785 FM 1420,Santa Monica,TX,78965.0,Medium,,,,https://www.datacenterdynamics.com/en/news/soluna-to-develop-two-new-data-centers-in-texas-with-a-combined-capacity-of-350mw/,https://www.datacenterdynamics.com/en/news/soluna-partners-with-metrobloks-for-texas-campus/,,,,,,,26.37778,-97.5874,1756512000000.0,1768780800000.0,166,Hyperscale (101-999 MW),,,,,,,,50.0,,,Approved/Permitted/Under construction,,,Willacy,,,,Media Monitoring,-97.58739999999995,26.377780000000026
802,Oppidan data center,9879 N Loop Dr,Socorro,TX,79927.0,High,,,,https://www.datacenterdynamics.com/en/news/oppidan-files-for-5mw-data-center-in-el-paso-texas/,,,,,,,,31.67769,-106.289,1754956800000.0,1754956800000.0,5,Small (0-10 MW),,,,,,61555.0,,,$27.1 million,,Proposed,,,El Paso,,,,Media Monitoring,-106.28899999999999,31.677690000000027
803,Data center,8306 Hwy 90 Alt,Sugar Land,TX,77478.0,High,,,,https://invest.jll.com/us/en/listings/special-purpose-facility/8-asset-switch-portfolio,,,,,,,,29.62003,-95.6306,1748304000000.0,1748304000000.0,,Unknown,,,,,,38370.0,,,,,Unknown,,,Fort Bend,,,,Media Monitoring,-95.63059999999997,29.620030000000042
804,MSB Global Services Matrix Data Center,,Sulphur Springs,TX,75482.0,High,,,,https://msbglobalservices.com/matrix-data-center-campus-breaks-ground-in-sulphur-springs-tx-a-new-era-for-net-zero-ai-infrastructure/,https://www.ketk.com/news/local-news/30-ai-data-centers-to-be-built-at-sulphur-springs-campus/,,,,,,,33.08515,-95.546,1758585600000.0,1758585600000.0,3000,"Mega campus (>1,000 MW)",,,,30.0,,,,1677.0,,Hyperscale facility,Proposed,,,Hopkins,,,,Media Monitoring,-95.54599999999992,33.085150000000056
805,Sweetwater 1 and 2,Fisher County,Sweetwater,TX,,Medium,,IREN,,https://www.datacenterdynamics.com/en/news/iren-plans-75mw-liquid-cooled-ai-data-center-in-texas/,,,,,,,,32.533386,-100.409615,1763942400000.0,,2000,"Mega campus (>1,000 MW)",,,,,,,,500.0,,Bitcoin and AI,Proposed,,2028.0,Fisher,,,,Media Monitoring,-100.40961499999997,32.533386000000064
806,Meta Data Center,3103 Industrial Blvd,Temple,TX,76504.0,High,,Meta,,https://rbnenergy.com/i-know-places-tech-giants-may-be-the-surest-bets-for-data-center-power-demand,https://trerc.tamu.edu/news-talk/development-underway-on-metas-temple-data-center/,https://jedunn.com/projects/meta-temple-data-center/,,,,,,31.13252,-97.3644,1755129600000.0,1755129600000.0,152,Hyperscale (101-999 MW),,,,,,900000.0,,384.0,$800 million,,Approved/Permitted/Under construction,,,Bell,,,,Media Monitoring,-97.36439999999999,31.13252000000005
807,Polmer Data Center,~3800 Industrial Blvd,Temple,TX,76502.0,High,,,,https://dgtlinfra.com/polmer-800m-temple-texas-data-center/,https://www.tdlr.texas.gov/TABS/Search/Project/TABS2025007641,,,,,,,31.13391,-97.3723,1754352000000.0,1754352000000.0,,Unknown,,,,,,,,,,,Approved/Permitted/Under construction,,,Bell,,,,Media Monitoring,-97.37229999999994,31.133910000000064
808,Rowan Digital Infrastructure data center,~1601 Bob White Rd,Temple,TX,76501.0,High,,,,https://www.bizjournals.com/austin/news/2025/09/15/rowan-temple-data-center-campus-austin-market-meta.html,https://www.rowantemple.com/faqs,https://www.datacenterdynamics.com/en/news/rowan-starts-work-on-300mw-data-center-in-temple-texas/,,,,,,31.06445,-97.2875,1758067200000.0,1767657600000.0,300,Hyperscale (101-999 MW),,,,,,,,700.0,$1.2 billion,,Approved/Permitted/Under construction,,,Bell,,,,Media Monitoring,-97.28749999999997,31.064450000000065
809,Rowan Digital Infrastructure data center,2810 Bob White Rd,Temple,TX,76501.0,High,,,,https://www.rowantemple.com/faqs,https://www.kcentv.com/video/news/local/700-million-data-center-coming-to-temple/500-f7b6d768-127b-4b2d-aacb-b83bf46572cb,,,,,,,31.05745,-97.2979,1758585600000.0,1758585600000.0,300,Hyperscale (101-999 MW),,,,,,,,,$700 million,,Approved/Permitted/Under construction,,,Bell,,,,Media Monitoring,-97.29789999999997,31.05745000000006
810,Data center,507 Olive St,Texarkana,TX,75501.0,High,,,,https://invest.jll.com/us/en/listings/special-purpose-facility/8-asset-switch-portfolio,,,,,,,,33.4248,-94.044,1748304000000.0,1748304000000.0,,Unknown,,,,,,67500.0,,,,,Unknown,,,Bowie,,,,Media Monitoring,-94.044,33.424800000000054
811,Huge data center development,,"Texas panhandle, location unknown",TX,,Low,,,,https://www.datacenterdynamics.com/en/news/5000-acre-plot-listed-for-sale-for-data-center-development-in-the-texas-panhandle/,,,,,,,,35.48043,-101.622,1750377600000.0,1750377600000.0,,Unknown,,,,,,,,5000.0,,,Proposed,,,Carson,,,,Media Monitoring,-101.62199999999996,35.48043000000006
812,Data center,900 E County Rd 109,Venus,TX,76084.0,High,,,,https://cityofvenus.diligent.community/document/feb4f78c-9858-42f6-b202-88862555f9a3/,,,,,,,,32.43176,-97.0869,1748131200000.0,1748131200000.0,,Unknown,,,,,,,,217.0,,,Unknown,,,Ellis,,,,Media Monitoring,-97.08689999999996,32.43176000000004
813,Midlothian 1,Farm-to-Market 157,Venus,TX,76084.0,High,,,,https://8888cre.com/Data-center-land-for-sale-in-tax-incentive-zone-data-center-land-for-sale-with-power-substation-access-megawatt-powerline-near-Dallas-Texas-Fort-Worth-TX.pdf,,,,,,,,32.4049,-97.0522,1748131200000.0,1748131200000.0,,Unknown,,,,,,,,,,,Unknown,,,Ellis,,,,Media Monitoring,-97.05219999999997,32.404900000000055
814,Midlothian 2,Farm-to-Market 157,Venus,TX,76084.0,High,,,,https://8888cre.com/Data-center-land-for-sale-in-tax-incentive-zone-data-center-land-for-sale-with-power-substation-access-megawatt-powerline-near-Dallas-Texas-Fort-Worth-TX.pdf,,,,,,,,32.3897,-97.05,1748131200000.0,1748131200000.0,,Unknown,,,,,,,,,,,Unknown,,,Ellis,,,,Media Monitoring,-97.04999999999995,32.389700000000055
815,Midlothian 3,Farm-to-Market 157,Venus,TX,76084.0,High,,,,https://8888cre.com/Data-center-land-for-sale-in-tax-incentive-zone-data-center-land-for-sale-with-power-substation-access-megawatt-powerline-near-Dallas-Texas-Fort-Worth-TX.pdf,,,,,,,,32.3862,-97.064,1748131200000.0,1748131200000.0,,Unknown,,,,,,,,,,,Unknown,,,Ellis,,,,Media Monitoring,-97.06399999999996,32.38620000000003
816,Midlothian 4,Farm-to-Market 157,Venus,TX,76084.0,High,,,,https://8888cre.com/Data-center-land-for-sale-in-tax-incentive-zone-data-center-land-for-sale-with-power-substation-access-megawatt-powerline-near-Dallas-Texas-Fort-Worth-TX.pdf,,,,,,,,32.3862,-97.064,1748131200000.0,1748131200000.0,,Unknown,,,,,,,,,,,Unknown,,,Ellis,,,,Media Monitoring,-97.06399999999996,32.38620000000003
817,Midlothian 5,Farm-to-Market 157,Venus,TX,76084.0,High,,,,https://8888cre.com/Data-center-land-for-sale-in-tax-incentive-zone-data-center-land-for-sale-with-power-substation-access-megawatt-powerline-near-Dallas-Texas-Fort-Worth-TX.pdf,,,,,,,,32.3757,-97.0817,1748131200000.0,1748131200000.0,,Unknown,,,,,,,,,,,Unknown,,,Ellis,,,,Media Monitoring,-97.08169999999996,32.37570000000004
818,Midlothian 6,Farm-to-Market 157,Venus,TX,76084.0,High,,,,https://8888cre.com/Data-center-land-for-sale-in-tax-incentive-zone-data-center-land-for-sale-with-power-substation-access-megawatt-powerline-near-Dallas-Texas-Fort-Worth-TX.pdf,,,,,,,,32.3797,-97.0997,1748131200000.0,1748131200000.0,,Unknown,,,,,,,,,,,Unknown,,,Johnson,,,,Media Monitoring,-97.09969999999998,32.37970000000006
819,Rowdy Data Center,,Vernon,TX,76384.0,High,,,,https://www.datacenterdynamics.com/en/news/soluna-breaks-ground-on-50mw-cryptomine-data-center-expansion-in-texas/,,,,,,,,34.08236,-99.1772,1753315200000.0,1753315200000.0,60-400,Hyperscale (101-999 MW),,,,,,,,,,,Operating,,,Wilbarger,,,,Media Monitoring,-99.17719999999997,34.082360000000044
820,Crusoe/ Blue Energy data center,Port of Victoria,Victoria,TX,77905.0,Medium,,Crusoe,,https://www.crusoe.ai/resources/newsroom/blue-energy-and-crusoe-partner-to-develop-nuclear-powered-ai-data-center,https://www.datacenterdynamics.com/en/news/crusoe-taps-blue-energy-to-supply-nuclear-power-for-up-to-15gw-data-center-in-port-of-victoria-texas/,,,,,,,28.689142,-96.96172,1765152000000.0,1765152000000.0,1500,"Mega campus (>1,000 MW)",Nuclear,,,,,,,1600.0,,,Proposed,,2028.0,Victoria,,,,Crowdsourced,-96.96171999999997,28.68914200000005
821,DFW-10 data center,adjacent to Thad Hill Energy Center,Whitney,TX,76692.0,Medium,,,,https://www.dallasnews.com/business/energy/2025/07/30/cyrusone-calpine-to-develop-a-12b-hyperscale-data-center-campus-in-central-texas/,https://www.power-eng.com/gas/calpine-lands-190-mw-agreement-for-new-hyperscale-data-center-in-texas/,,,,,,,31.85679,-97.3625,1754006400000.0,1754006400000.0,190,Hyperscale (101-999 MW),,,,,,,,,$1.2 billion,,Proposed,,,Bosque,,,,Media Monitoring,-97.36249999999997,31.856790000000046
822,Willis Data Center (Comcast),606 TX-75,Willis,TX,77378.0,High,,,,https://www.datacenterdynamics.com/en/news/comcast-to-convert-former-bank-into-data-center-in-new-jersey/,https://www.tdlr.texas.gov/TABS/Search/Project/TABS2024025831,,,,,,,30.43083,-95.4817,1754956800000.0,1754956800000.0,,Unknown,,,,,,5200.0,,,$7.5 million,,Proposed,,,Montgomery,,,,Media Monitoring,-95.4817,30.430830000000064
823,BluSky AI,near Intermountain Power Plant,Delta,UT,84624.0,Medium,,,,https://www.datacenterdynamics.com/en/news/blusky-ai-signs-letter-of-intent-for-25-acre-data-center/,,,,,,,,39.50757,-112.601,1754092800000.0,1754092800000.0,50,Medium (11-50 MW),,,,,,,,25.0,,Late 2026,Proposed,,,Millard,,,,Media Monitoring,-112.60099999999994,39.50757000000004
824,"Fibernet MercuryDelta, LLC",Hwy 50,Delta,UT,84624.0,High,,,,https://www.sltrib.com/news/2025/06/22/largest-data-center-campus-world/,https://www.datacenterdynamics.com/en/news/fibernet-ceo-eyes-multi-gigawatt-data-center-campus-in-utah/,https://www.abc4.com/news/central-utah/worlds-largest-data-center-is-coming-to-this-rural-utah-county/,,,,,,39.28873,-112.465,1750550400000.0,1750550400000.0,4000,"Mega campus (>1,000 MW)",,,,,,20000000.0,,1200.0,,,Proposed,,,Millard,,,,Media Monitoring,-112.46499999999997,39.28873000000004
825,"Joule Capital Partners, LLC data center",11000 McCornick Rd,Delta,UT,84624.0,High,,,,https://www.datacenterdynamics.com/en/news/millard-county-commission-in-utah-approves-data-center-land-rezoning-request/,,,,,,,,39.19891,-112.36232,1754438400000.0,1754438400000.0,,Unknown,,,,,,,,4000.0,,2026,Proposed,,,Millard,,,,Media Monitoring,-112.36231999999995,39.19891000000006
826,Dugway Proving Ground data center,near Starks Rd,Dugway,UT,84022.0,Medium,AI,,,,,,,,,,,40.218567,-112.74486,1768262400000.0,,,Unknown,,,,,,,,3466.0,,3 separate parcels available,Proposed,,,Tooele,,,,Media Monitoring,-112.74485999999996,40.21856700000006
827,"Aligned: SLC-01, -02, and -03",3333 9000 S,West Jordan,UT,84088.0,High,,,,https://www.datacenterdynamics.com/en/news/aligned-announces-plans-for-100mw-data-center-in-salt-lake-city-utah/,https://www.datacenterdynamics.com/en/news/aligned-opens-second-salt-lake-city-data-center/,,,,,,,40.58617,-111.97,1750291200000.0,1750291200000.0,200,Hyperscale (101-999 MW),,,,3.0,,,,,,,Unknown,,,Salt Lake,,,,Media Monitoring,-111.96999999999997,40.58617000000003
828,24244 QUAIL RIDGE LN,24244 QUAIL RIDGE LN,Aldie,VA,20105.0,High,,Amazon Data Services Inc,,,https://reparcelasmt.loudoun.gov/pt/datalets/datalet.aspx?mode=profileall&UseSearch=no&pin=246200886000&jur=107&taxyr=2024&LMparent=20,,,,,,,38.94905,-77.56043,1712707200000.0,1760659200000.0,,Unknown,,,,,,412400.0,,23.0,,Computer Center,Operating,,,Loudoun,,,,PEC,-77.56042999999995,38.949050000000064
829,Allegro North Campus,41567 BRIARFIELD LN,ALDIE,VA,20105.0,High,,,,https://loudouncountyvaeg.tylerhost.net/prod/selfservice#/plan/c8b47962-6627-4998-a318-03e49ce25ef7?tab=locations,https://reparcelasmt.loudoun.gov/pt/Datalets/Datalet.aspx?UseSearch=no&mode=profileall&pin=202285740000&jur=107&taxyr=2025,,,,,,,38.95632,-77.54516,1754438400000.0,1760659200000.0,,Unknown,,,,,,1260000.0,,49.0,,,Proposed,,,Loudoun,,,,PEC,-77.54515999999995,38.956320000000055
830,ALLEGRO SOUTH CAMPUS,24171 YOUNGWOOD LN,ALDIE,VA,20105.0,High,,YONDR JK 2 LLC,,,https://reparcelasmt.loudoun.gov/pt/datalets/datalet.aspx?mode=profileall&UseSearch=no&pin=203371445000&jur=107&taxyr=2024&LMparent=20,,,,,,,38.949844,-77.54914,1712707200000.0,1760659200000.0,,Unknown,,,,,,335638.0,,34.0,,Computer Center,Operating,,,Loudoun,,,,PEC,-77.54913999999997,38.94984400000002
831,Plaza 500,6295 Edsall Rd,Alexandria,VA,22312.0,High,,,,https://www.datacenterdynamics.com/en/news/starwood-re-proposes-data-center-in-alexandria-virginia/,https://www.fairfaxcounty.gov/gisapps/ParcelInfoReportJade/ParcelInfoReport.aspx?ParcelID=0812010007,,,,,,,38.802273,-77.142525,1757635200000.0,1760659200000.0,,Unknown,,,,,,461444.0,,,,,Proposed,,,Fairfax,,,,PEC,-77.14252499999999,38.80227300000006
832,Avaio Digital Partners,1296 CONFEDERATE BLVD,Appomattox,VA,24522.0,High,,Avaio Digital Partners,,https://cardinalnews.org/2024/12/11/appomatox-county-strikes-deal-for-data-center/?utm_source=ActiveCampaign&utm_medium=email&utm_content=Caesars%20Virginia%20has%20made%20a%20big%20impact%20on%20Danville%2C%20even%20before%20opening%20its%20doors&utm_campaign=Wednesday%2C%20Dec%20%2011%2C%202024,https://appomattoxgis.timmons.com/#/mwl?location=-78.823814_37.355265&zoom=18,,,,,,,37.355537,-78.82243,1736899200000.0,1760659200000.0,300,Hyperscale (101-999 MW),,,,,,250000.0,,450.0,,https://avaiodigital.com/#projects,Proposed,,,Appomattox,,,,PEC,-78.82242999999994,37.35553700000002
833,19508 Freedom Trail Road,19508 Freedom Trail Road,Ashburn,VA,20147.0,High,,JK Land Holdings,,https://www.datacenterdynamics.com/en/news/jk-land-holdings-buys-108-acres-for-data-center-development-in-ashburn-virginia/,https://reparcelasmt.loudoun.gov/pt/Datalets/Datalet.aspx?UseSearch=no&mode=profileall&pin=083359224000&jur=107&taxyr=2024,,,,,,,39.076466,-77.49912,1712707200000.0,1760659200000.0,,Unknown,,,,,,1100000.0,,108.0,,,Proposed,,,Loudoun,,,,PEC,-77.49911999999995,39.07646600000003
834,21310 BEAUMEADE CIR,21310 BEAUMEADE CIR,Ashburn,VA,20147.0,High,,BEAUMEADE DC BUILDING LLC,,,https://reparcelasmt.loudoun.gov/pt/Datalets/Datalet.aspx?UseSearch=no&mode=profileall&pin=061303369000&jur=107&taxyr=2024,https://reparcelasmt.loudoun.gov/pt/Datalets/Datalet.aspx?UseSearch=no&mode=profileall&pin=061407107000&jur=107&taxyr=2024,,,,,,39.01585,-77.45341,1712707200000.0,1760659200000.0,,Unknown,,,,,,190250.0,,9.0,,"Shown as ""Storage Warehouse"", two parcels",Operating,,,Loudoun,,,,PEC,-77.45340999999996,39.01585000000005
835,21455 Beaumeade Circle,Corner of Beaumeade Circle and Waxpool Rd,Ashburn,VA,20147.0,Medium,,EQUINIX,,https://www.datacenterdynamics.com/en/news/american-real-estate-partners-buys-land-plans-data-center-northern-virginia/,https://reparcelasmt.loudoun.gov/pt/Datalets/Datalet.aspx?UseSearch=no&mode=profileall&pin=061204719000&jur=107&taxyr=2024,,,,,,,39.011536,-77.452644,1712707200000.0,1760659200000.0,,Unknown,,,,,,265000.0,,16.0,,"Project covers more than one parcel, the acreage represents the combined acreage",Proposed,,,Loudoun,,,,PEC,-77.45264399999996,39.011536000000035
836,21673 BEAUMEADE CIRCLE LLC,21673 BEAUMEADE CIRCLE,Ashburn,VA,20147.0,High,,Cologix,,https://baxtel.com/data-center/cologix-ashburn-ash1,https://reparcelasmt.loudoun.gov/pt/Datalets/Datalet.aspx?UseSearch=no&mode=profileall&pin=060189720000&jur=107&taxyr=2024,,,,,,,39.019413,-77.45795,1712707200000.0,1760659200000.0,,Unknown,,,,,,544207.0,,,,Expansion of 21673 BEAUMEADE CIRCLE LLC,Proposed,Expansion,,Loudoun,,,,PEC,-77.45794999999998,39.01941300000004
837,21745 BEAUMEADE CIR,21745 BEAUMEADE CIR,Ashburn,VA,20147.0,High,,21673 BEAUMEADE CIRCLE LLC,,,https://reparcelasmt.loudoun.gov/pt/Datalets/Datalet.aspx?UseSearch=no&mode=profileall&pin=060189720000&jur=107&taxyr=2024,,,,,,,39.018513,-77.4589,1712707200000.0,1760659200000.0,,Unknown,,,,,,455793.0,,23.0,,Computer Center,Operating,,,Loudoun,,,,PEC,-77.45889999999997,39.018513000000034
838,21821 UUNET DR,21821 UUNET DR,Ashburn,VA,20147.0,High,,ALIGNED ENERGY DATA CENTERS,,,https://reparcelasmt.loudoun.gov/pt/datalets/datalet.aspx?mode=profileall&UseSearch=no&pin=088101859000&jur=107&taxyr=2024&LMparent=20,,,,,,,39.010254,-77.474976,1712707200000.0,1760659200000.0,,Unknown,,,,,,438460.0,,11.0,,Computer Center,Operating,,,Loudoun,,,,PEC,-77.47497599999997,39.01025400000003
839,21955 LOUDOUN COUNTY PKWY,21955 LOUDOUN COUNTY PKWY,Ashburn,VA,20147.0,High,,CloudHQ,,,https://reparcelasmt.loudoun.gov/pt/Datalets/Datalet.aspx?UseSearch=no&mode=profileall&pin=061177666002&jur=107&taxyr=2024,,,,,,,39.01003,-77.46274,1712707200000.0,1760659200000.0,,Unknown,,,,,,983994.0,,30.0,,Computer Center,Operating,,,Loudoun,,,,PEC,-77.46273999999994,39.01003000000003
840,43831 DEVIN SHAFRON DR,43831 DEVIN SHAFRON DR,Ashburn,VA,20147.0,High,,Digital Realty,,,https://reparcelasmt.loudoun.gov/pt/datalets/datalet.aspx?mode=profileall&UseSearch=no&pin=089372808000&jur=107&taxyr=2024&LMparent=20,,,,,,,39.002693,-77.485344,1712707200000.0,1760659200000.0,,Unknown,,,,,,117000.0,,7.0,,"Shown as ""Storage Warehouse""",Operating,,,Loudoun,,,,PEC,-77.48534399999994,39.00269300000008
841,44470 Chilum Place,44470 CHILUM PL,Ashburn,VA,20147.0,High,,EQUINIX,,,https://reparcelasmt.loudoun.gov/pt/datalets/datalet.aspx?mode=profileall&UseSearch=no&pin=060182916001&jur=107&taxyr=2024&LMparent=20,,,,,,,39.02221,-77.46144,1712707200000.0,1760659200000.0,,Unknown,,,,,,100121.0,,22.0,,"Shown as ""Storage Warehouse""",Operating,,,Loudoun,,,,PEC,-77.46143999999998,39.02221000000002
842,44490 CHILUM PL,44490 CHILUM PL,Ashburn,VA,20147.0,High,,BLUE SLING ACC 2 LLC,,,https://reparcelasmt.loudoun.gov/pt/datalets/datalet.aspx?mode=commercial&UseSearch=no&pin=060182916002&jur=107&taxyr=2024&LMparent=20,,,,,,,39.02134,-77.4583,1712707200000.0,1760659200000.0,,Unknown,,,,,,87560.0,,,,Computer Center,Operating,,,Loudoun,,,,PEC,-77.45829999999995,39.02134000000006
843,44520 HASTINGS DR,44520 HASTINGS DR,Ashburn,VA,20147.0,High,,QUILL EQUITY LLC,,,https://reparcelasmt.loudoun.gov/pt/Datalets/Datalet.aspx?UseSearch=no&mode=profileall&pin=060182916003&jur=107&taxyr=2024,,,,,,,39.019936,-77.45989,1712707200000.0,1760659200000.0,,Unknown,,,,,,148717.0,,,,Computer Center,Operating,,,Loudoun,,,,PEC,-77.45988999999997,39.01993600000002
844,44621 WAXPOOL RD,44621 WAXPOOL RD,Ashburn,VA,20147.0,High,,KAVEH VENTURES LLC,,,https://reparcelasmt.loudoun.gov/pt/datalets/datalet.aspx?mode=profileall&UseSearch=no&pin=061275931000&jur=107&taxyr=2024&LMparent=20,,,,,,,39.01214,-77.46291,1712707200000.0,1760659200000.0,,Unknown,,,,,,493504.0,,16.0,,Computer Center,Operating,,,Loudoun,,,,PEC,-77.46290999999997,39.012140000000045
845,44790 PERFORMANCE CIR,44790 PERFORMANCE CIR,Ashburn,VA,20147.0,High,,EQUINIX,,,https://reparcelasmt.loudoun.gov/pt/Datalets/Datalet.aspx?UseSearch=no&mode=profileall&pin=060209652000&jur=107&taxyr=2024,,,,,,,39.02357,-77.450905,1712707200000.0,1760659200000.0,,Unknown,,,,,,672244.0,,45.0,,Computer Center,Operating,,,Loudoun,,,,PEC,-77.45090499999996,39.02357000000006
846,ACC11 Digital Realty,Corner of Gresham and Waxpool,Ashburn,VA,20147.0,Medium,,Digital Realty,,https://loudouncountyvaeg.tylerhost.net/prod/selfservice#/plan/72E98EAA-F26D-4639-B064-77C8BF2DFEA6?tab=attachments,https://reparcelasmt.loudoun.gov/pt/Datalets/Datalet.aspx?UseSearch=no&mode=profileall&pin=061373570000&jur=107&taxyr=2025,,,,,,,39.014893,-77.46363,1754870400000.0,1760659200000.0,,Unknown,,,,,,395829.0,,9.0,,,Proposed,Expansion,,Loudoun,,,,PEC,-77.46362999999997,39.01489300000002
847,ACC4 Digital Realty,44480 HASTINGS DR,Ashburn,VA,20147.0,High,,Digital Realty,,,https://reparcelasmt.loudoun.gov/pt/Datalets/Datalet.aspx?UseSearch=no&mode=profileall&pin=060178810000&jur=107&taxyr=2024,,,,,,,39.017944,-77.46266,1754870400000.0,1760659200000.0,,Unknown,,,,,,286865.0,,17.0,,Computer Center,Operating,Expansion,,Loudoun,,,,PEC,-77.46265999999997,39.01794400000005
848,ACC5 ACC6 Digital Realty,44521 HASTINGS DR,Ashburn,VA,20147.0,High,,FOX PROPERTIES LLC,,,https://reparcelasmt.loudoun.gov/pt/datalets/datalet.aspx?mode=profileall&UseSearch=no&pin=060170268000&jur=107&taxyr=2024&LMparent=20,,,,,,,39.020702,-77.46347,1712707200000.0,1760659200000.0,,Unknown,,,,,,518449.0,,30.0,,Computer Center,Operating,,,Loudoun,,,,PEC,-77.46346999999997,39.02070200000003
849,ACC7 Digital Realty,21625 GRESHAM DR,Ashburn,VA,20147.0,High,,ALSHAIN VENTURES LLC,,,https://reparcelasmt.loudoun.gov/pt/datalets/datalet.aspx?mode=profileall&UseSearch=no&pin=061467942000&jur=107&taxyr=2024&LMparent=20,,,,,,,39.01753,-77.465675,1712707200000.0,1760659200000.0,,Unknown,,,,,,446500.0,,23.0,,Computer Center,Operating,,,Loudoun,,,,PEC,-77.46567499999998,39.01753000000008
850,AID1 DataBank,21625 RED RUM DR,Ashburn,VA,20147.0,High,,GI TC ASHBURN LLC,,https://loudouncountyvaeg.tylerhost.net/prod/selfservice#/plan/bb5f1aed-1eda-4c62-8c86-d8e940d94a8c?tab=locations,https://reparcelasmt.loudoun.gov/pt/Datalets/Datalet.aspx?UseSearch=no&mode=profileall&pin=088381788000&jur=107&taxyr=2024,https://www.databank.com/data-centers/northern-virginia/ashburn-campus/,,,,,,39.015617,-77.48247,1754870400000.0,1760659200000.0,70,Large (51-100 MW),,,,,,355330.0,,18.0,,"Shown as ""Storage Warehouse""",Proposed,Redevelopment,,Loudoun,,,,PEC,-77.48246999999998,39.01561700000007
851,ALIGNED DATA CENTER IAD01,21890 UUNET DR,Ashburn,VA,20147.0,High,,ALIGNED ENERGY DATA CENTERS,,,https://reparcelasmt.loudoun.gov/pt/datalets/datalet.aspx?mode=profileall&UseSearch=no&pin=061355894000&jur=107&taxyr=2024&LMparent=20,,,,,,,39.013935,-77.46997,1712707200000.0,1760659200000.0,,Unknown,,,,,,368600.0,,9.0,,Computer Center,Operating,,,Loudoun,,,,PEC,-77.46996999999999,39.01393500000005
852,ALIGNED ENERGY DATA CENTERS ASHBURN,21838 UUNET DR,Ashburn,VA,20147.0,High,,ALIGNED ENERGY DATA CENTERS,,,https://reparcelasmt.loudoun.gov/pt/datalets/datalet.aspx?mode=profileall&UseSearch=no&pin=088205761000&jur=107&taxyr=2024&LMparent=20,,,,,,,39.01321,-77.47297,1712707200000.0,1760659200000.0,,Unknown,,,,,,107253.0,,6.0,,"Project covers more than one parcel, the acreage represents the combined acreage",Operating,,,Loudoun,,,,PEC,-77.47296999999998,39.01321000000007
853,ASH1-BRODERICK DC2,22280 RANDOLPH DR,Ashburn,VA,20166.0,High,,,,https://loudouncountyvaeg.tylerhost.net/prod/selfservice#/plan/4501aa59-679f-4081-89ab-1b1324e19725?tab=attachments,https://reparcelasmt.loudoun.gov/pt/datalets/datalet.aspx?mode=profileall&UseSearch=no&pin=044155625000&jur=107&taxyr=2025&LMparent=20,,,,,,,38.99814,-77.44936,1754611200000.0,1760659200000.0,,Unknown,,,,,,189890.0,,7.0,,,Proposed,,,Loudoun,,,,PEC,-77.44935999999996,38.998140000000035
854,ASH3 DC2,22271 SHELLHORN RD,Ashburn,VA,20147.0,High,,QTS,,,https://reparcelasmt.loudoun.gov/pt/datalets/datalet.aspx?mode=profileall&UseSearch=no&pin=089104437000&jur=107&taxyr=2024&LMparent=20,,,,,,,38.998657,-77.47419,1712707200000.0,1760659200000.0,,Unknown,,,,,,302180.0,,11.0,,Computer Center,Operating,,,Loudoun,,,,PEC,-77.47418999999996,38.99865700000003
855,Ashburn Data Center,21300 COACH GIBBS DR,Ashburn,VA,20147.0,High,,,,https://loudouncountyvaeg.tylerhost.net/prod/selfservice#/plan/f2ea6049-532c-4cf9-b48c-f45534a9f87d?tab=attachments,https://reparcelasmt.loudoun.gov/pt/Datalets/Datalet.aspx?UseSearch=no&mode=profileall&pin=042363888000&jur=107&taxyr=2025,,,,,,,39.02697,-77.44413,1754784000000.0,1760659200000.0,,Unknown,,,,,,1176000.0,,44.0,,Former site of the Washington Commanders training facility,Proposed,Redevelopment,,Loudoun,,,,PEC,-77.44412999999997,39.026970000000055
856,BCORE COPT DC-15,44862 INTERCONNECTION PL,Ashburn,VA,20147.0,High,,BCORE COPT DC-15 LLC,,,https://reparcelasmt.loudoun.gov/pt/Datalets/Datalet.aspx?UseSearch=no&mode=profileall&pin=060307119000&jur=107&taxyr=2024,,,,,,,39.026398,-77.45115,1712707200000.0,1760659200000.0,,Unknown,,,,,,446732.0,,38.0,,"Shown as ""Storage Warehouse""",Operating,,,Loudoun,,,,PEC,-77.45114999999998,39.02639800000002
857,BEAUMEADE LC PHASE III LLC,20935 LOUDOUN COUNTY PKWY,Ashburn,VA,20147.0,High,,BEAUMEADE LC PHASE III LLC,,,https://reparcelasmt.loudoun.gov/pt/datalets/datalet.aspx?mode=profileall&UseSearch=no&pin=041352218000&jur=107&taxyr=2024&LMparent=20,,,,,,,39.03638,-77.44979,1712707200000.0,1760659200000.0,,Unknown,,,,,,147600.0,,10.0,,"Shown as ""Storage Warehouse""",Operating,,,Loudoun,,,,PEC,-77.44978999999995,39.03638000000005
858,Belmont Innovation Campus,43121 GOOSE GLEN LN,Ashburn,VA,20147.0,High,,LOUDOUN GC LLC,,https://www.loudountimes.com/0local-or-not/1local/in-landmark-vote-board-of-supervisors-rejects-belmont-innovation-data-center-proposal/article_c7754884-e1ab-11ee-a0a9-0b7c20e6af27.html,https://reparcelasmt.loudoun.gov/pt/Datalets/Datalet.aspx?UseSearch=no&mode=profileall&pin=113372932000&jur=107&taxyr=2024,,,,,,,39.072826,-77.50972,1712707200000.0,1760659200000.0,,Unknown,,,,,,1300000.0,,112.0,,"Project covers more than one parcel, the acreage represents the combined acreage",Proposed,,,Loudoun,,,,PEC,-77.50971999999996,39.07282600000006
859,BLUE SLING ACC 9,21745 SIR TIMOTHY DR,Ashburn,VA,20147.0,High,,BLUE SLING ACC 9 LLC,,,https://reparcelasmt.loudoun.gov/pt/Datalets/Datalet.aspx?UseSearch=no&mode=profileall&pin=061361948000&jur=107&taxyr=2024,,,,,,,39.01549,-77.46758,1712707200000.0,1760659200000.0,,Unknown,,,,,,362100.0,,19.0,,Computer Center,Operating,,,Loudoun,,,,PEC,-77.46757999999994,39.01549000000004
860,Brambleton Business Campus Data Center,42842 ARCOLA BLVD,ASHBURN,VA,20166.0,High,,,,https://loudouncountyvaeg.tylerhost.net/prod/selfservice#/plan/c34be238-7d4b-4f9b-9b80-152afd7a05d4?tab=locations,https://reparcelasmt.loudoun.gov/pt/Datalets/Datalet.aspx?UseSearch=no&mode=profileall&pin=161397058000&jur=107&taxyr=2025,,,,,,,38.95391,-77.51837,1754438400000.0,1760659200000.0,,Unknown,,,,,,936191.0,,48.0,,Site includes a substation which may reduce the built square footage which comes from the 2015 proffers,Proposed,,,Loudoun,,,,PEC,-77.51836999999995,38.95391000000005
861,BRAMBLETON SHREVEPORT SOUTH DATA CENTER,Evergreen Mills and Belmont Ridge Rd,Ashburn,VA,20148.0,Medium,,,,https://loudouncountyvaeg.tylerhost.net/prod/selfservice#/plan/3ABB5C2A-93A6-4300-92BE-548EFC9CF34C?tab=attachments,https://reparcelasmt.loudoun.gov/pt/Datalets/Datalet.aspx?UseSearch=no&mode=profileall&pin=161269137000&jur=107&taxyr=2025,,,,,,,38.95967,-77.52909,1754438400000.0,1760659200000.0,,Unknown,,,,,,1317531.0,,114.0,,"Project covers more than one parcel, the acreage represents the combined acreage",Proposed,,,Loudoun,,,,PEC,-77.52908999999993,38.95967000000006
862,CLOUD HQ LC3,44631 WAXPOOL RD,Ashburn,VA,20147.0,High,,LOHRASP VENTURES LLC,,https://reparcelasmt.loudoun.gov/pt/Datalets/Datalet.aspx?UseSearch=no&mode=profileall&pin=061285496000&jur=107&taxyr=2024,,,,,,,,39.011154,-77.45961,1712707200000.0,1760659200000.0,,Unknown,,,,,,585593.0,,15.0,,Computer Center,Operating,,,Loudoun,,,,PEC,-77.45960999999994,39.01115400000002
863,CYRUSONE BROADLANDS DATA CENTER,Belmont Road and Dulles Greenway,Ashburn,VA,20148.0,Medium,,,,https://loudouncountyvaeg.tylerhost.net/prod/selfservice#/plan/A3CFB06B-5F39-4218-A8C5-D494E4ABAB9B?tab=locations,https://reparcelasmt.loudoun.gov/pt/Datalets/Datalet.aspx?UseSearch=no&mode=profileall&pin=154199491000&jur=107&taxyr=2025,,,,,,,39.033375,-77.521706,1754870400000.0,1760659200000.0,,Unknown,,,,,,784600.0,,58.0,,,Proposed,,,Loudoun,,,,PEC,-77.52170599999994,39.03337500000004
864,DARAB VENTURES SIX,22235 LOUDOUN COUNTY PKWY,Ashburn,VA,20147.0,High,,,,https://loudouncountyvaeg.tylerhost.net/prod/selfservice#/plan/CE0FA648-33FE-41A8-AFF4-5DD4C9FAB100,https://reparcelasmt.loudoun.gov/pt/datalets/datalet.aspx?mode=land_summary&UseSearch=no&pin=089496314001&jur=107&taxyr=2025&LMparent=20,,,,,,,39.005962,-77.47724,1754784000000.0,1760659200000.0,,Unknown,,,,,,1538288.0,,63.0,,"LC11 & LC12. Project covers more than one parcel, the acreage represents the combined acreage. Square footage may not represent all new buildings",Proposed,,,Loudoun,,,,PEC,-77.47723999999994,39.00596200000006
865,DBT-DATA ASHBURN HOLDING I,44610 GUILFORD DR,Ashburn,VA,20147.0,High,,NTT GLOBAL DATA CENTERS AMERICAS INC,,https://reparcelasmt.loudoun.gov/pt/Datalets/Datalet.aspx?UseSearch=no&mode=profileall&pin=060386530000&jur=107&taxyr=2024,,,,,,,,39.0249,-77.45765,1712707200000.0,1760659200000.0,,Unknown,,,,,,123200.0,,5.0,,"Shown as ""Storage Warehouse""",Operating,,,Loudoun,,,,PEC,-77.45764999999994,39.02490000000006
866,DC 8 9 10 DE,21271 SMITH SWITCH RD,Ashburn,VA,20147.0,High,,DC 8 9 10 DE LLC,,https://reparcelasmt.loudoun.gov/pt/Datalets/Datalet.aspx?UseSearch=no&mode=profileall&pin=060485060000&jur=107&taxyr=2024,,,,,,,,39.02908,-77.45896,1712707200000.0,1760659200000.0,,Unknown,,,,,,429711.0,,35.0,,"Shown as ""Storage Warehouse""",Operating,,,Loudoun,,,,PEC,-77.45895999999993,39.02908000000008
867,Digital Filigree,21780 FILIGREE CT,Ashburn,VA,20147.0,High,,Digital Realty,,https://loudouncountyvaeg.tylerhost.net/prod/selfservice#/plan/f74213d7-0302-43fe-be04-0b7241e37af4?tab=attachments,https://reparcelasmt.loudoun.gov/pt/Datalets/Datalet.aspx?UseSearch=no&mode=profileall&pin=061394321000&jur=107&taxyr=2024,,,,,,,39.013676,-77.45641,1712707200000.0,1760659200000.0,,Unknown,,,,,,342003.0,,13.0,,,Proposed,Redevelopment,,Loudoun,,,,PEC,-77.45640999999995,39.01367600000003
868,DIGITAL REALTY ACC10,21744 SIR TIMOTHY DR,Ashburn,VA,20147.0,High,,BLUE SLING ACC 10 LLC,,https://reparcelasmt.loudoun.gov/pt/datalets/datalet.aspx?mode=profileall&UseSearch=no&pin=061268762000&jur=107&taxyr=2024&LMparent=20,,,,,,,,39.013275,-77.46602,1712707200000.0,1760659200000.0,,Unknown,,,,,,288400.0,,17.0,,Computer Center,Operating,,,Loudoun,,,,PEC,-77.46601999999997,39.01327500000007
869,DIGITAL-GCEAR1 ASHBURN,43915 DEVIN SHAFRON DR,Ashburn,VA,20147.0,High,,GI TC DEVIN SHAFRON LLC,,https://reparcelasmt.loudoun.gov/pt/Datalets/Datalet.aspx?UseSearch=no&mode=profileall&pin=089382215000&jur=107&taxyr=2024,,,,,,,,39.00286,-77.48192,1712707200000.0,1760659200000.0,,Unknown,,,,,,138600.0,,8.0,,Computer Center,Operating,,,Loudoun,,,,PEC,-77.48191999999995,39.00286000000005
870,DULLES BERRY LC4,22200 LOUDOUN COUNTY PKWY,Ashburn,VA,20147.0,High,,,,https://reparcelasmt.loudoun.gov/pt/datalets/datalet.aspx?mode=profileall&UseSearch=no&pin=062256361000&jur=107&taxyr=2024&LMparent=20,,,,,,,,39.00252,-77.47228,1712707200000.0,1760659200000.0,,Unknown,,,,,,1434706.0,,94.0,,Computer Center,Operating,,,Loudoun,,,,PEC,-77.47227999999994,39.002520000000054
871,EQUINEX DC13,21830 UUNET DR,Ashburn,VA,20147.0,High,,EQUINIX,,https://reparcelasmt.loudoun.gov/pt/datalets/datalet.aspx?mode=profileall&UseSearch=no&pin=088200644000&jur=107&taxyr=2024&LMparent=20,,,,,,,,39.012604,-77.475334,1712707200000.0,1760659200000.0,,Unknown,,,,,,108300.0,,6.0,,Computer Center,Operating,,,Loudoun,,,,PEC,-77.47533399999996,39.01260400000007
872,EQUINIX ASHBURN EAST,22165 BEAUMEADE CIR,Ashburn,VA,20147.0,High,,EQUINIX,,https://loudouncountyvaeg.tylerhost.net/prod/selfservice#/plan/bd36a7c3-e836-4275-a899-347180318c33?tab=attachments,https://reparcelasmt.loudoun.gov/pt/Datalets/Datalet.aspx?UseSearch=no&mode=profileall&pin=061301740000&jur=107&taxyr=2024,,,,,,,39.01383,-77.45399,1754438400000.0,1760659200000.0,,Unknown,,,,,,361600.0,,10.0,,,Proposed,,,Loudoun,,,,PEC,-77.45398999999998,39.013830000000034
873,Equinix data center,21551 Beaumeade Cir,Ashburn,VA,20147.0,High,,,,,https://reparcelasmt.loudoun.gov/pt/datalets/datalet.aspx?mode=profileall&UseSearch=no&pin=060108050000&jur=107&taxyr=2024&LMparent=20,,,,,,,39.02129,-77.4518,1748390400000.0,1748390400000.0,,Unknown,,,,,,152400.0,,11.0,,"Shown as ""Storage Warehouse""",Operating,,,Loudoun,,,,Media Monitoring and PEC,-77.45179999999993,39.02129000000007
874,EQUINIX DC21,22175 BEAUMEADE CIR,Ashburn,VA,20147.0,High,,EQUINIX,,https://reparcelasmt.loudoun.gov/pt/Datalets/Datalet.aspx?UseSearch=no&mode=profileall&pin=061298643000&jur=107&taxyr=2024,,,,,,,,39.011864,-77.45481,1712707200000.0,1760659200000.0,,Unknown,,,,,,156458.0,,10.0,,Computer Center,Operating,,,Loudoun,,,,PEC,-77.45480999999995,39.011864000000045
875,Filigree Ct Campus,21701 FILIGREE CT,Ashburn,VA,20147.0,High,,EQUINIX,,https://reparcelasmt.loudoun.gov/pt/datalets/datalet.aspx?mode=profileall&UseSearch=no&pin=061483407000&jur=107&taxyr=2024&LMparent=20,,,,,,,,39.015854,-77.459885,1712707200000.0,1760659200000.0,,Unknown,,,,,,679455.0,,32.0,,Computer Center,Operating,,,Loudoun,,,,PEC,-77.45988499999999,39.01585400000003
876,H5 data center,21800 Beaumeade Cir,Ashburn,VA,20147.0,High,,,,https://www.datacenterdynamics.com/en/news/h5-breaks-ground-on-data-center-in-ashburn-virginia/,https://reparcelasmt.loudoun.gov/pt/datalets/datalet.aspx?mode=profileall&UseSearch=no&pin=061307791000&jur=107&taxyr=2024&LMparent=20,,,,,,,39.01393,-77.4516,1748390400000.0,1748390400000.0,42,Medium (11-50 MW),,,,,,228816.0,,5.0,,Computer Center,Operating,,,Loudoun,,,,Media Monitoring and PEC,-77.4516,39.01393000000006
877,"IAD 41, IAD 42, BLDG P",44757 ROUND TABLE PLZ,Ashburn,VA,20147.0,High,,DIGITAL LOUDOUN 3 LLC,,https://reparcelasmt.loudoun.gov/pt/datalets/datalet.aspx?mode=profileall&UseSearch=no&pin=062493798000&jur=107&taxyr=2024&LMparent=20,,,,,,,,39.008408,-77.45795,1712707200000.0,1760659200000.0,,Unknown,,,,,,789300.0,,32.0,,Computer Center,Operating,,,Loudoun,,,,PEC,-77.45794999999998,39.00840800000002
878,IAD Digital Loudoun Plaza,43940 DIGITAL LOUDOUN PLZ,Ashburn,VA,20147.0,High,,Digital Realty,,https://reparcelasmt.loudoun.gov/pt/datalets/datalet.aspx?mode=profileall&UseSearch=no&pin=089291706000&jur=107&taxyr=2024&LMparent=20,,,,,,,,39.000828,-77.4792,1712707200000.0,1760659200000.0,,Unknown,,,,,,1137740.0,,38.0,,Computer Center,Operating,,,Loudoun,,,,PEC,-77.47919999999993,39.00082800000007
879,IAD Round Table Campus Digital Realty,44274 ROUND TABLE PLZ,Ashburn,VA,20147.0,High,,DIGITAL LOUDOUN 3 LLC,,https://reparcelasmt.loudoun.gov/pt/datalets/datalet.aspx?mode=profileall&UseSearch=no&pin=062462761000&jur=107&taxyr=2024&LMparent=20,,,,,,,,39.00663,-77.466194,1712707200000.0,1760659200000.0,,Unknown,,,,,,1564173.0,,94.0,,Computer Center,Operating,,,Loudoun,,,,PEC,-77.46619399999997,39.00663000000002
880,IAD114,20945 LOUDOUN COUNTY PKWY,Ashburn,VA,20147.0,High,,BEAUMEADE LC PHASE III LLC,,https://reparcelasmt.loudoun.gov/pt/datalets/datalet.aspx?mode=commercial&UseSearch=no&pin=059309091000&jur=107&taxyr=2024&LMparent=20,,,,,,,,39.03563,-77.450935,1712707200000.0,1760659200000.0,,Unknown,,,,,,147600.0,,11.0,,"Shown as ""Storage Warehouse""",Operating,,,Loudoun,,,,PEC,-77.45093499999997,39.03563000000003
881,IAD12,43881 DEVIN SHAFRON DR,Ashburn,VA,20147.0,High,,Digital Realty,,https://reparcelasmt.loudoun.gov/pt/datalets/datalet.aspx?mode=profileall&UseSearch=no&pin=089278681000&jur=107&taxyr=2024&LMparent=20,,,,,,,,39.001984,-77.48332,1712707200000.0,1760659200000.0,,Unknown,,,,,,180000.0,,10.0,,Computer Center,Operating,,,Loudoun,,,,PEC,-77.48331999999994,39.00198400000004
882,IAD14,43791 DEVIN SHAFRON DR,Ashburn,VA,20147.0,High,,Digital Realty,,https://reparcelasmt.loudoun.gov/pt/datalets/datalet.aspx?mode=profileall&UseSearch=no&pin=089367531000&jur=107&taxyr=2024&LMparent=20,,,,,,,,39.003296,-77.48721,1712707200000.0,1760659200000.0,,Unknown,,,,,,135000.0,,8.0,,Computer Center,Operating,,,Loudoun,,,,PEC,-77.48720999999995,39.003296000000034
883,IAD24,43830 DEVIN SHAFRON DR,Ashburn,VA,20147.0,High,,DIGITAL LOUDOUN II LLC,,https://reparcelasmt.loudoun.gov/pt/datalets/datalet.aspx?mode=commercial&UseSearch=no&pin=089374763002&jur=107&taxyr=2024&LMparent=20,,,,,,,,39.00466,-77.48497,1712707200000.0,1760659200000.0,,Unknown,,,,,,266742.0,,16.0,,Computer Center. Project covers more than one parcel. The combined acreage is represented.,Operating,,,Loudoun,,,,PEC,-77.48496999999998,39.004660000000065
884,IAD3 DataBank,21630 RED RUM DR,Ashburn,VA,20147.0,High,,ZCOLO LLC,,https://reparcelasmt.loudoun.gov/pt/datalets/datalet.aspx?mode=profileall&UseSearch=no&pin=088481748000&jur=107&taxyr=2024&LMparent=20,,,,,,,,39.01779,-77.48172,1712707200000.0,1760659200000.0,,Unknown,,,,,,286800.0,,11.0,,Computer Center,Operating,,,Loudoun,,,,PEC,-77.48171999999994,39.01779000000003
885,MONTEREY DC ASSETS,21571 BEAUMEADE CIR,Ashburn,VA,20147.0,High,,MONTEREY DC ASSETS LLC,,https://reparcelasmt.loudoun.gov/pt/datalets/datalet.aspx?mode=profileall&UseSearch=no&pin=060202337000&jur=107&taxyr=2024&LMparent=20,,,,,,,,39.021942,-77.45329,1712707200000.0,1760659200000.0,,Unknown,,,,,,164455.0,,14.0,,"Shown as ""Storage Warehouse""",Operating,,,Loudoun,,,,PEC,-77.45328999999998,39.02194200000002
886,NTT Global Data Centers,44245 GIGABIT PLZ,Ashburn,VA,20147.0,High,,NTT GLOBAL DATA CENTERS VA LLC,,https://loudouncountyvaeg.tylerhost.net/prod/selfservice#/plan/D44DB647-CD20-4FAD-8BEF-A0CDEBD6372B?tab=attachments,https://reparcelasmt.loudoun.gov/pt/datalets/datalet.aspx?mode=profileall&UseSearch=no&pin=088407447000&jur=107&taxyr=2024&LMparent=20,,,,,,,39.018154,-77.47289,1754870400000.0,1760659200000.0,32,Medium (11-50 MW),,,,,,1376853.0,,78.0,,"Computer Center. Building 7 expansion 270,856 sq ft, Building 9 expansion 220,132 sq feet",Operating,Expansion,,Loudoun,,,,PEC,-77.47288999999995,39.01815400000004
887,PowerHouse/AREP ABX-1,21529 BEAUMEADE CIR,Ashburn,VA,20147.0,High,,AREP BEAUMEADE LLC,,https://reparcelasmt.loudoun.gov/pt/datalets/datalet.aspx?mode=profileall&UseSearch=no&pin=042152579000&jur=107&taxyr=2024&LMparent=20,,,,,,,,39.01958,-77.45049,1712707200000.0,1760659200000.0,,Unknown,,,,,,259194.0,,10.0,,Computer Center,Operating,,,Loudoun,,,,PEC,-77.45048999999995,39.01958000000007
888,QTS DATA CENTER ASH3-DC1,22291 SHELLHORN RD,Ashburn,VA,20147.0,High,,QTS,,,https://reparcelasmt.loudoun.gov/pt/datalets/datalet.aspx?mode=profileall&UseSearch=no&pin=089100937000&jur=107&taxyr=2024&LMparent=20,,,,,,,38.998035,-77.47548,1712707200000.0,1760659200000.0,,Unknown,,,,,,310717.0,,14.0,,Computer Center,Operating,,,Loudoun,,,,PEC,-77.47547999999995,38.99803500000007
889,RAGING WIRE VA1,44664 GUILFORD DR,Ashburn,VA,20147.0,High,,RAGINGWIRE DATA CENTERS INC,,,https://reparcelasmt.loudoun.gov/pt/datalets/datalet.aspx?mode=profileall&UseSearch=no&pin=060298548000&jur=107&taxyr=2024&LMparent=20,,,,,,,39.02266,-77.45487,1712707200000.0,1760659200000.0,,Unknown,,,,,,109300.0,,7.0,,Computer Center,Operating,,,Loudoun,,,,PEC,-77.45486999999997,39.02266000000001
890,Red Rum Dr Campus Sabey Data Centers,21735 RED RUM DR,Ashburn,VA,20147.0,High,,INTERGATE ASHBURN I LLC,,,https://reparcelasmt.loudoun.gov/pt/datalets/datalet.aspx?mode=profileall&UseSearch=no&pin=088392214000&jur=107&taxyr=2024&LMparent=20,,,,,,,39.0147,-77.478455,1712707200000.0,1760659200000.0,,Unknown,,,,,,400232.0,,34.0,,Computer Center,Operating,,,Loudoun,,,,PEC,-77.47845499999994,39.01470000000005
891,Sabey data center,21741 Red Rum Drive,Ashburn,VA,20147.0,High,,,,https://www.datacenterdynamics.com/en/news/sabey-breaks-ground-on-third-building-at-ashburn-virginia-campus/,https://www.businesswire.com/news/home/20250624907578/en/Sabey-Data-Centers-Breaks-Ground-on-Final-Phase-of-Ashburn-Campus-Expansion,https://sabeydatacenters.com/locations/ashburn-data-center,,,,,,39.0155,-77.4783,1752537600000.0,1752537600000.0,85,Large (51-100 MW),,,,,,645000.0,,,,,Approved/Permitted/Under construction,,,Loudoun,,,,Media Monitoring,-77.47829999999993,39.015500000000024
892,SDC ASHBURN I,44351 IMPORT PLZ,Ashburn,VA,20147.0,High,,SDC ASHBURN ALPHA I LLC,,https://loudouncountyvaeg.tylerhost.net/prod/selfservice#/plan/0cdca2e2-c29e-4a7a-ab35-862bad8566e3?tab=attachments,https://reparcelasmt.loudoun.gov/pt/datalets/datalet.aspx?mode=profileall&UseSearch=no&pin=062159785000&jur=107&taxyr=2024&LMparent=20,,,,,,,38.99621,-77.47164,1754784000000.0,1760659200000.0,,Unknown,,,,,,531592.0,,50.0,,"Shown as ""Storage Warehouse"". 20,000 sq ft expansion proposed",Operating,Expansion,,Loudoun,,,,PEC,-77.47163999999998,38.99621000000008
893,STACK NVA04,22271 LOCKRIDGE RD,Ashburn,VA,20166.0,High,,STACK INFRASTRUCTURE,,https://loudouncountyvaeg.tylerhost.net/prod/selfservice#/plan/3e234d9f-412a-41f5-94e3-475b94214980?tab=attachments,https://reparcelasmt.loudoun.gov/pt/datalets/datalet.aspx?mode=commercial&UseSearch=no&pin=062275493003&jur=107&taxyr=2025&LMparent=20,,,,,,,38.999165,-77.460785,1754438400000.0,1760659200000.0,,Unknown,,,,,,371211.0,,9.0,,"SI NVA04A LLC, BUILDING 1",Operating,,,Loudoun,,,,PEC,-77.46078499999999,38.99916500000006
894,STACK NVA04,22285 LOCKRIDGE RD,Ashburn,VA,20166.0,High,,STACK INFRASTRUCTURE,,https://loudouncountyvaeg.tylerhost.net/prod/selfservice#/plan/3e234d9f-412a-41f5-94e3-475b94214980?tab=attachments,https://reparcelasmt.loudoun.gov/pt/datalets/datalet.aspx?mode=commercial&UseSearch=no&pin=062275493002&jur=107&taxyr=2025&LMparent=20,,,,,,,39.000748,-77.460304,1754438400000.0,1760659200000.0,,Unknown,,,,,,371941.0,,9.0,,"SI NVA04B LLC, BUILDING 2",Operating,,,Loudoun,,,,PEC,-77.46030399999995,39.000748000000044
895,STACK NVA04,22295 LOCKRIDGE RD,Ashburn,VA,20166.0,High,,STACK INFRASTRUCTURE,,https://loudouncountyvaeg.tylerhost.net/prod/selfservice#/plan/3e234d9f-412a-41f5-94e3-475b94214980?tab=attachments,https://reparcelasmt.loudoun.gov/pt/datalets/datalet.aspx?mode=land_summary&UseSearch=no&pin=062275493001&jur=107&taxyr=2025&LMparent=20,,,,,,,39.002777,-77.46116,1754438400000.0,1760659200000.0,,Unknown,,,,,,371941.0,,,,"STACK BROAD RUN HOLDINGS LLC, BUILDING 3",Proposed,Expansion,,Loudoun,,,,PEC,-77.46115999999995,39.00277700000003
896,Tech Park at Brambleton,23896 BELMONT RIDGE RD,Ashburn,VA,20148.0,High,,BlackChamber Group,,https://www.datacenterdynamics.com/en/news/blackchamber-files-to-build-data-center-campus-in-northern-virginias-arcola/,https://reparcelasmt.loudoun.gov/pt/Datalets/Datalet.aspx?UseSearch=no&mode=profileall&pin=202104192000&jur=107&taxyr=2024,,,,,,,38.956566,-77.53436,1712707200000.0,1760659200000.0,,Unknown,,,,,,1700000.0,,89.0,,,Proposed,,,Loudoun,,,,PEC,-77.53435999999992,38.95656600000007
897,TELOS DATA CENTER,19886 ASHBURN RD,Ashburn,VA,20147.0,High,,,,https://loudouncountyvaeg.tylerhost.net/prod/selfservice#/plan/D476DA12-5225-4CDE-B20E-0115B3DEC520?tab=locations,,,,,,,,39.067024,-77.47857,1754870400000.0,1760659200000.0,,Unknown,,,,,,180000.0,,25.0,,Project adjacent to a church,Proposed,Redevelopment,,Loudoun,,,,PEC,-77.47856999999992,39.06702400000005
898,Vantage VA 3,19509 BELMONT RIDGE RD,Ashburn,VA,20147.0,High,,VANTAGE DATA CENTERS VA3 LLC/Jeff Tench,,https://loudouncountyvaeg.tylerhost.net/prod/selfservice#/plan/950F3AEF-A90A-44A7-9963-3B20A7A8A394?tab=attachments,https://reparcelasmt.loudoun.gov/pt/Datalets/Datalet.aspx?UseSearch=no&mode=profileall&pin=113372932000&jur=107&taxyr=2024,,,,,,,39.079758,-77.506546,1754438400000.0,1760659200000.0,,Unknown,,,,,,2329165.0,,105.0,,First building complete. This parcel is in the process of being divided,Proposed,,,Loudoun,,,,PEC,-77.50654599999994,39.07975800000002
899,Vantage VA 3,43321 DATA DR,Ashburn,VA,20147.0,High,,VANTAGE DATA CENTERS VA3 LLC/Jeff Tench,,https://reparcelasmt.loudoun.gov/pt/datalets/datalet.aspx?mode=commercial&UseSearch=no&pin=113272390000&jur=107&taxyr=2025&LMparent=20,,,,,,,,39.077393,-77.506165,1754438400000.0,1760659200000.0,,Unknown,,,,,,385398.0,,30.0,,First building of VA3 Campus. Square footage has been subtracted from the parent entry,Operating,Expansion,,Loudoun,,,,PEC,-77.50616499999995,39.07739300000002
900,VISA USA INC,44901 RUSSELL BRANCH PKWY,Ashburn,VA,20147.0,High,,VISA USA INC,,https://reparcelasmt.loudoun.gov/pt/datalets/datalet.aspx?mode=profileall&UseSearch=no&pin=040464286000&jur=107&taxyr=2024&LMparent=20,,,,,,,,39.049206,-77.445564,1712707200000.0,1760659200000.0,,Unknown,,,,,,365855.0,,41.0,,Computer Center,Operating,,,Loudoun,,,,PEC,-77.44556399999995,39.04920600000002
901,Zebra East,22130 LOUDOUN COUNTY PKWY,Ashburn,VA,20147.0,High,,CloudHQ,,https://loudouncountyvaeg.tylerhost.net/prod/selfservice#/plan/BD994C24-2C84-49FF-8D7B-B619C548E517?tab=attachments,https://reparcelasmt.loudoun.gov/pt/Datalets/Datalet.aspx?UseSearch=no&mode=profileall&pin=089309997000&jur=107&taxyr=2024,,,,,,,39.00505,-77.471504,1754438400000.0,1760659200000.0,,Unknown,,,,,,723779.0,,106.0,,"Project covers more than one parcel, the acreage represents the combined acreage",Proposed,,,Loudoun,,,,PEC,-77.47150399999997,39.00505000000005
902,Ironhorse East Ashland,10171 East Patrick Henry Road,Ashland,VA,23005.0,High,,"Harris and Douglass Properties, LLC",,https://www.hanovercounty.gov/1270/Ironhorse-East-Ashland,https://www.hanovercounty.gov/DocumentCenter/View/10884/REZ2022-00008-v,,,,,,,37.759018,-77.4508,1723075200000.0,1760659200000.0,,Unknown,,,,,,3300000.0,,234.0,,several parcels on one business park; combined acreage,Proposed,,,Hanover,,,,PEC,-77.45079999999996,37.759018000000026
903,Pixel Factory,9680 ATLEE COMMONS DRIVE,Ashland,VA,23005.0,High,,PIXEL FACTORY DEVELOPMENT LLC,,https://parcelmap.hanovercounty.gov/,,,,,,,,37.69901,-77.43627,1712707200000.0,1760659200000.0,,Unknown,,,,,,6000.0,,1.0,,,Operating,,,Hanover,,,,PEC,-77.43626999999998,37.69901000000004
904,Tract Technology Campus,Hickory Hill Rd,Ashland,VA,,Medium,,VALCO HANOVER COUNTY,,https://www.hanovercounty.gov/1314/Data-Center-Project-I-95Hickory-Hill-Roa,,,,,,,,37.786198,-77.4404,1712707200000.0,1760659200000.0,2400,"Mega campus (>1,000 MW)",,,,,,11000000.0,,1212.0,,"Project covers more than one parcel, the acreage represents the combined acreage",Proposed,,,Hanover,,,,PEC,-77.44039999999995,37.78619800000007
905,,13058 Mount Hermon Road,Ashland,VA,23005.0,High,,Tradeport Ashland Land LLC,,https://richmondbizsense.com/2024/10/22/data-center-project-on-hanover-ashland-line-gets-town-approval-awaits-county-consideration/,https://parcelmap.hanovercounty.gov/#,,,,,,,37.75563,-77.449936,1729641600000.0,1760659200000.0,,Unknown,,,,,,,,78.0,,Pending county approval,Proposed,,,Hanover,,,,PEC,-77.44993599999998,37.755630000000046
906,Brush Mountain Blacksburg,2200 KRAFT DR STE 2025,Blacksburg,VA,24060.0,High,,BRUSH MOUNTAIN DATA CENTER LLC,,https://realestate.montva.com/datalets/datalet.aspx?mode=profileall&sIndex=2&idx=2&LMparent=20,,,,,,,,37.203728,-80.4118,1712707200000.0,1760659200000.0,,Unknown,,,,,,1886.0,,,,,Operating,,,Montgomery,,,,PEC,-80.41179999999997,37.20372800000006
907,Microsoft Azure,101 Herbert Drive,Boydton,VA,23917.0,High,,Microsoft Corporation,,https://mecklenburg.cama.concisesystems.com/PropertyPage.aspx?id=3675&direct=1,,,,,,,,36.69652,-78.36116,1712707200000.0,1760659200000.0,,Unknown,,,,,,1625704.0,,855.0,,This project covers multiple parcels. The total acreage has been represented here.,Operating,Expansion,,Mecklenburg,,,,PEC,-78.36115999999998,36.696520000000085
908,Microsoft data center,101 Herbert Dr,Boydton,VA,23917.0,High,,Microsoft,,,,,,,,,,36.67847,-78.3752,1757980800000.0,1757980800000.0,,Unknown,,,,,,,,,,,Operating,,,Mecklenburg,,,,Media Monitoring,-78.37519999999995,36.67847000000006
909,Microsoft Ridge Road Campus,925 Ridge Rd,Boydton,VA,23917.0,High,,Microsoft,,,,,,,,,,36.69182,-78.3648,1757980800000.0,1757980800000.0,,Unknown,,,,,,,,,,,Proposed,,,Mecklenburg,,,,Media Monitoring,-78.36479999999995,36.69182000000006
910,Bristow Campus,11480 NOKESVILLE RD,Bristow,VA,20137.0,High,,,,https://egcss.pwcgov.org/SelfService#/plan/1f301435-5cb5-4515-95c7-0dc1844362ea?tab=moreinfo,https://pwc.publicaccessnow.com/PropertyDetail.aspx?mpropertynumber=001441&mtab=property&p=001441,,,,,,,38.73797,-77.54125,1752451200000.0,1760659200000.0,,Unknown,,,,,,540000.0,,40.0,,This project covers multiple parcels. The total acreage has been represented here. Existing data centers have been removed from the proposed square footage,Proposed,,,Prince William,,,,PEC,-77.54124999999993,38.73797000000007
911,Delvin Technology Park,8900 DEVLIN RD,Bristow,VA,20136.0,High,,"STANLEY MARTIN HOMES, LLC",,https://egcss.pwcgov.org/SelfService#/plan/323d298e-a0ad-4dc7-accd-f6b27b404c50,https://pwc.publicaccessnow.com/PropertyDetail.aspx?mtab=property&mpropertynumber=264052,,,,,,,38.767223,-77.57575,1712707200000.0,1760659200000.0,,Unknown,,,,,,3530000.0,,270.0,,This project covers multiple parcels. The total acreage has been represented here.,Proposed,,,Prince William,,,,PEC,-77.57574999999997,38.76722300000006
912,Gainsville Tech Park,13050 HANSEN FARM RD,Bristow,VA,20136.0,High,,Microsoft Corporation,,https://egcss.pwcgov.org/SelfService#/plan/01fffe17-1fdc-46e3-bd5c-f5795320e7e6?tab=attachments,https://pwc.publicaccessnow.com/PropertyDetail.aspx?mtab=property&mpropertynumber=264270,,,,,,,38.780186,-77.568985,1712707200000.0,1760659200000.0,,Unknown,,,,,,2982000.0,,83.0,,This project covers multiple parcels. The total acreage has been represented here.,Proposed,,,Prince William,,,,PEC,-77.56898499999994,38.780186000000064
913,Hunter Property,8613 LINTON HALL RD,Bristow,VA,20136.0,High,,LHR GAINESVILLE LLC,,https://www.pwcva.gov/assets/2022-01/Frequently%20Asked%20Questions.1.20.22.pdf,https://pwc.publicaccessnow.com/PropertyDetail.aspx?mtab=property&mpropertynumber=001468,,,,,,,38.773407,-77.59043,1712707200000.0,1760659200000.0,,Unknown,,,,,,3650157.0,,196.0,,This project covers multiple parcels. The total acreage has been represented here.,Proposed,,,Prince William,,,,PEC,-77.59042999999997,38.77340700000007
914,MICROSOFT CORPORATION,7745 Piney Branch Ln,Bristow,VA,20136.0,High,,MICROSOFT CORPORATION,,https://egcss.pwcgov.org/SelfService#/plan/99b2ba0d-f246-4c99-b44a-b4b2ccda56bf,https://pwc.publicaccessnow.com/PropertyDetail.aspx?mpropertynumber=067772&mtab=property&p=067772,,,,,,,38.784103,-77.567726,1712707200000.0,1760659200000.0,,Unknown,,,,,,200000.0,,2.0,,,Proposed,,,Prince William,,,,PEC,-77.56772599999995,38.784103000000066
915,"NOVA MANGO FARMS LLC
 C/O CORPORATION SERVICE COMPANY",13001 ROLLINS FORD RD,Bristow,VA,20136.0,High,,"NOVA MANGO FARMS LLC
 C/O CORPORATION SERVICE COMPANY",,https://pwc.publicaccessnow.com/PropertyDetail.aspx?mpropertynumber=001687&mtab=property&p=001687,,,,,,,,38.77619,-77.583405,1712707200000.0,1760659200000.0,,Unknown,,,,,,578290.0,,254.0,,,Operating,,,Prince William,,,,PEC,-77.58340499999997,38.77619000000005
916,PROJECT INDUSTRY,8001 INDUSTRIAL PARK CT,Bristow,VA,20136.0,High,,,,https://egcss.pwcgov.org/SelfService#/plan/71a5c10e-0a22-4286-a5c9-b05bff0d3e5f?tab=attachments,https://pwc.publicaccessnow.com/PropertyDetail.aspx?mtab=property&mpropertynumber=255992,,,,,,,38.781742,-77.579185,1752278400000.0,1760659200000.0,,Unknown,,,,,,1838000.0,,42.0,,This project covers multiple parcels. The total acreage has been represented here.,Proposed,,,Prince William,,,,PEC,-77.57918499999992,38.781742000000065
917,SES AMERICOM INC,8000 GAINSFORD CT,Bristow,VA,20136.0,High,,SES AMERICOM INC,,https://pwc.publicaccessnow.com/PropertyDetail.aspx?mpropertynumber=096967&mtab=property&p=096967,,,,,,,,38.78381,-77.57232,1712707200000.0,1760659200000.0,,Unknown,,,,,,20534.0,,8.0,,,Operating,,,Prince William,,,,PEC,-77.57231999999993,38.78381000000007
918,Sharpless Enterprises LLC,6201 WELLINGTON RD,Bristow,VA,20136.0,High,,Sharpless Enterprises LLC,,https://www.datacenterdynamics.com/en/news/company-plans-four-data-centers-on-a-campus-in-virginias-prince-william-county/,https://pwc.publicaccessnow.com/PropertyDetail.aspx?mtab=property&mpropertynumber=229877,,,,,,,38.786884,-77.57505,1712707200000.0,1760659200000.0,,Unknown,,,,,,2400000.0,,181.0,,square footage is an estimate,Proposed,,,Prince William,,,,PEC,-77.57504999999998,38.78688400000003
919,SI NVA17 LLC,11859 HAZEL CIRCLE DR,Bristow,VA,20136.0,High,,STACK INFRASTRUCTURE,,https://www.pwcva.gov/assets/2022-01/Frequently%20Asked%20Questions.1.20.22.pdf,,,,,,,,38.734524,-77.54742,1712707200000.0,1760659200000.0,,Unknown,,,,,,637282.0,,,,"formerly ""Youth of Tomorrow""",Proposed,,,Prince William,,,,PEC,-77.54741999999997,38.73452400000007
920,MANUCHEHR VENTURES LLC,10900 AIRMAN AVE,Buckhall,VA,20112.0,High,,MANUCHEHR VENTURES LLC,,https://pwc.publicaccessnow.com/PropertyDetail.aspx?mpropertynumber=264071&mtab=property&p=264071,,,,,,,,38.715088,-77.49477,1712707200000.0,1760659200000.0,,Unknown,,,,,,139000.0,,10.0,,,Operating,,,Prince William,,,,PEC,-77.49476999999996,38.71508800000002
921,Bull Church Data Center,"Bull Church Road, east of I-95 near the Ladysmith interchange",,VA,22546.0,Medium,,,,https://co.caroline.va.us/DocumentCenter/View/9793/RZ-04-2024--Bull-Church-Data-Center,,,,,,,,38.009125,-77.49331,1752624000000.0,1760659200000.0,,Unknown,,,,,,792000.0,,88.0,,,Proposed,,,Caroline,,,,PEC,-77.49330999999995,38.009125000000026
922,Compton Property SUP,8750 RIXLEW LN,Bull run,VA,20107.0,High,,Amazon Data Services Inc,,https://egcss.pwcgov.org/SelfService#/plan/30cd92af-9b69-425c-924d-b7653f1e009e?tab=attachments,https://pwc.publicaccessnow.com/PropertyDetail.aspx?mpropertynumber=021785&mtab=property&p=021785,,,,,,,38.775803,-77.51027,1712707200000.0,1760659200000.0,,Unknown,,,,,,1062000.0,,,,,Proposed,,,Prince William,,,,PEC,-77.51026999999993,38.77580300000004
923,Catlett Data Center Park,3154 GASKINS LN,Catlett,VA,20119.0,High,,Catlett Station II LLC,,https://commdevpay.fauquiercounty.gov/Energov_Prod/SelfService#/plan/8f168f14-7317-41b8-9a51-0fb7fc218ac1?tab=attachments,https://gis.vgsi.com/fauquierva/Parcel.aspx?pid=48900,,,,,,,38.661777,-77.63222,1712707200000.0,1760659200000.0,,Unknown,,,,,,1400000.0,,69.0,,"Project covers more than one parcel, the acreage represents the combined acreage",Proposed,,,Fauquier,,,,PEC,-77.63221999999996,38.66177700000002
924,Headwaters Site Development LLC,Catlett Rd & Gaskins Ln,Catlett,VA,20119.0,High,,,,https://www.fauquiernow.com/news/developer-withdraws-plans-for-catlett-station-data-center-project/article_29d5165e-4385-11ef-ad9e-db32dab80435.html,,,,,,,,38.66282,-77.6317,1747958400000.0,1747958400000.0,,Unknown,,,,,,,,,,,Suspended,,,Fauquier,,,,Media Monitoring,-77.63169999999995,38.66282000000007
925,Warrenton Amazon Data Center,719 BLACKWELL RD,Catlett,VA,20186.0,High,,Amazon Data Services Inc,,https://www.fauquiernow.com/news/business/warrenton-town-council-approves-amazon-data-center-proposal/article_3913e82e-ad0a-11ed-83f3-538a8a5bb411.html,https://gis.vgsi.com/fauquierva/Parcel.aspx?pid=27419,,,,,,,38.729473,-77.78753,1712707200000.0,1760659200000.0,,Unknown,,,,,,220000.0,,42.0,,,Proposed,,,Fauquier,,,,PEC,-77.78752999999995,38.72947300000004
926,Amazon Web Services Mallory,14501 AVION PKWY,Chantilly,VA,20151.0,High,,Amazon Data Services Inc,,https://www.fairfaxcounty.gov/planning-development/sites/planning-development/files/Assets/Documents/PDF/data-centers-report.pdf#page=1,https://icare.fairfaxcounty.gov/ffxcare/Datalets/Datalet.aspx?mode=&UseSearch=no&pin=0341%2003%20%200013&jur=129&taxyr=2025,https://plus.fairfaxcounty.gov/CitizenAccess/Cap/CapDetail.aspx?Module=Site&TabName=Site&capID1=21WW1&capID2=00000&capID3=00IHZ&agencyCode=FFX,,,,,,38.904926,-77.45381,1712707200000.0,1760659200000.0,,Unknown,,,,,,440870.0,,48.0,,"Two facilities built, third (Avion, 768,392 sq ft) planned",Operating,Expansion,,Fairfax,,,,PEC,-77.45380999999998,38.904926000000046
927,LEE ROAD PROPERTY,14558 LEE RD,Chantilly,VA,20151.0,High,,LEE ROAD PROPERTY LLC,,https://icare.fairfaxcounty.gov/ffxcare/datalets/datalet.aspx?mode=com_combined&UseSearch=no&pin=0343%2001%20%200023E1&jur=129&taxyr=2025&LMparent=138,,,,,,,,38.890537,-77.453674,1712707200000.0,1760659200000.0,,Unknown,,,,,,20118.0,,1.0,,,Operating,,,Fairfax,,,,PEC,-77.45367399999998,38.890537000000045
928,"PARKSTONE TECH PARK, LLC",Conference Center Dr,Chantilly,VA,20151.0,Medium,,"PARKSTONE TECH PARK, LLC",,https://plus.fairfaxcounty.gov/CitizenAccess/Cap/CapDetail.aspx?Module=Zoning&TabName=Zoning&capID1=20HS5&capID2=00000&capID3=003UO&agencyCode=FFX,https://icare.fairfaxcounty.gov/ffxcare/Datalets/Datalet.aspx?mode=&UseSearch=no&pin=0434%2006%20%200037B&jur=129&taxyr=2025,,,,,,,38.87255,-77.46563,1712707200000.0,1760659200000.0,,Unknown,,,,,,500000.0,,19.0,,,Proposed,,,Fairfax,,,,PEC,-77.46562999999996,38.87255000000004
929,PDCREF 2 Chantilly,Lee Jackson Memorial HWY,Chantilly,VA,20151.0,Medium,,PDCREF 2 CHANTILLY LLC,,https://plus.fairfaxcounty.gov/CitizenAccess/Cap/CapDetail.aspx?Module=Zoning&TabName=Zoning&capID1=REC22&capID2=00000&capID3=00GHV&agencyCode=FFX,https://icare.fairfaxcounty.gov/ffxcare/Datalets/Datalet.aspx?mode=&UseSearch=no&pin=0332%2001%20%200006&jur=129&taxyr=2025,,,,,,,38.903057,-77.46525,1712707200000.0,1760659200000.0,,Unknown,,,,,,402000.0,,79.0,,,Proposed,,,Fairfax,,,,PEC,-77.46524999999997,38.90305700000005
930,Penzance Development data center,Stonecroft Rd and,Chantilly,VA,20151.0,Medium,,,,https://www.datacenterdynamics.com/en/news/fairfax-county-approves-data-center-in-chantilly-virginia/,https://www.datacenterdynamics.com/en/news/penzance-breaks-ground-on-data-center-in-chantilly-virginia/,,,,,,,38.90522,-77.4554,1753747200000.0,1760486400000.0,,Unknown,,,,,,402000.0,,,,,Approved/Permitted/Under construction,,2027.0,Fairfax,,,,Media Monitoring,-77.45539999999993,38.90522000000003
931,TFG INDEPENDENCE CENTER I PROPERTY,15036 CONFERENCE CENTER DR,Chantilly,VA,20151.0,High,,TFG INDEPENDENCE CENTER I PROPERTY LLC,,https://icare.fairfaxcounty.gov/ffxcare/Datalets/Datalet.aspx?mode=&UseSearch=no&pin=0432%2002%20%200029B2&jur=129&taxyr=2025,,,,,,,,38.880272,-77.462234,1712707200000.0,1760659200000.0,,Unknown,,,,,,293514.0,,11.0,,,Operating,,,Fairfax,,,,PEC,-77.46223399999997,38.88027200000003
932,AWS IAD61-IAD63 South Riding,25316 PREDICTION LN,Chantily,VA,20152.0,High,,Amazon Data Services Inc,,https://reparcelasmt.loudoun.gov/pt/Datalets/Datalet.aspx?mode=commercial&UseSearch=no&pin=097354183000&jur=107&taxyr=2024&card=6&item=0&State=5|1|1|1|1|&items=4,,,,,,,,38.916767,-77.4938,1712707200000.0,1760659200000.0,,Unknown,,,,,,778426.0,,48.0,,Computer Center,Operating,,,Loudoun,,,,PEC,-77.49379999999996,38.91676700000004
933,AWS Westfax A,4101 WESTFAX DR,Chantily,VA,20151.0,High,,Amazon Data Services Inc,,https://www.fairfaxcounty.gov/planning-development/sites/planning-development/files/Assets/Documents/PDF/data-centers-report.pdf#page=1,https://icare.fairfaxcounty.gov/ffxcare/Datalets/Datalet.aspx?mode=&UseSearch=no&pin=0343%2009%20%200004&jur=129&taxyr=2025,,,,,,,38.897987,-77.454025,1712707200000.0,1760659200000.0,,Unknown,,,,,,95000.0,,6.0,,,Operating,,,Fairfax,,,,PEC,-77.45402499999994,38.89798700000005
934,AWS Westfax B,4100 WESTFAX DR,Chantily,VA,20151.0,High,,Amazon Data Services Inc,,https://www.fairfaxcounty.gov/planning-development/sites/planning-development/files/Assets/Documents/PDF/data-centers-report.pdf#page=1,https://icare.fairfaxcounty.gov/ffxcare/Datalets/Datalet.aspx?mode=&UseSearch=no&pin=0343%2009%20%200003A&jur=129&taxyr=2025,,,,,,,38.899593,-77.45344,1712707200000.0,1760659200000.0,,Unknown,,,,,,95000.0,,7.0,,,Operating,,,Fairfax,,,,PEC,-77.45343999999994,38.89959300000004
935,CHANTILLY TECHNOLOGY PARTNERS,4030 LAFAYETTE CENTER DR,Chantily,VA,20151.0,High,,CHANTILLY TECHNOLOGY PARTNERS LLC,,https://icare.fairfaxcounty.gov/ffxcare/Datalets/Datalet.aspx?mode=&UseSearch=no&pin=0332%2001%20%200010D&jur=129&taxyr=2025,,,,,,,,38.91007,-77.472694,1712707200000.0,1760659200000.0,,Unknown,,,,,,145409.0,,12.0,,,Operating,,,Fairfax,,,,PEC,-77.47269399999999,38.910070000000076
936,Diode Ventures data center,~2043 State Rte 622,Charles City,VA,23030.0,Medium,,,,https://www.datacenterdynamics.com/en/news/diode-drops-plans-for-500-acre-data-center-campus-outside-richmond-virginia/,,,,,,,,37.46036,-77.1559,1756080000000.0,1756080000000.0,,Unknown,,,,,,,,515.0,,Local opposition,Cancelled,,,Charles City,,,,Media Monitoring,-77.15589999999997,37.46036000000004
937,LYH03 Bailey – Microsoft,313-A HIGH STREET,Chase City,VA,23924.0,High,,Microsoft Corporation,,https://www.nao.usace.army.mil/Media/Public-Notices/Article/3357496/nao-2022-02394-vmrc-22-v2715-microsoft-data-center-mecklenburg-county-virginia/,https://mecklenburg.cama.concisesystems.com/PropertyPage.aspx?id=39284&direct=1,,,,,,,36.780624,-78.467834,1712707200000.0,1760659200000.0,,Unknown,,,,,,,,369.0,,This project covers multiple parcels. The total acreage has been represented here.,Proposed,,,Mecklenburg,,,,PEC,-78.46783399999998,36.78062400000003
938,Balico,"State Road 685/Chalk Level Road, State Road 691/Mill Creek Road, State Road 692/Transco Road, State Road 1447/Robin Court, and State Road 1439/Jackson Lane",Chatham,VA,24531.0,Medium,,Balico LLC,,https://www.pittsylvaniacountyva.gov/home/showpublisheddocument/6067/638714338508430000,https://cardinalnews.org/2025/04/14/a-grassroots-fight-against-data-centers-builds-in-rural-pittsylvania-county/,,,,,,,36.84796,-79.370255,1736899200000.0,1763510400000.0,3500,"Mega campus (>1,000 MW)",,,,12.0,,4752000.0,,763.0,$3.7 billion,"This project covers multiple parcels. The total acreage has been represented here. Also includes a 3500 MW gas plant. Blocked, then withdrawn by developer",Suspended,,,Pittsylvania,Yes,,,PEC,-79.37025499999999,36.84796000000006
939,CoreWeave,1401 Meadowville Technology Pkwy,Chester,VA,23836.0,Medium,,,,https://www.datacenterdynamics.com/en/news/blue-owl-led-jv-secures-750m-to-build-out-data-centers-for-coreweave/,,,,,,,,37.36344,-77.3273,1749081600000.0,1749081600000.0,,Unknown,,,,,,,,,,Build-out of existing Chirisa technology park,Proposed,,,Chesterfield,,,,Media Monitoring,-77.3273,37.36344000000001
940,Digital Fortress: Richmond,1401 MEADOWVILLE TECH PARKWAY,Chester,VA,23836.0,High,,CHIRISA RICHMOND LLC,,https://www.chesterfield.gov/828/Real-Estate-Assessment-Data#/Details/823657720300000,,,,,,,,37.36048,-77.32741,1712707200000.0,1760659200000.0,25,Medium (11-50 MW),,,,,,242042.0,,75.0,,Formerly a Capital One data center - vacated and for sale,Operating,,,Chesterfield,,,,PEC,-77.32740999999999,37.36048000000005
941,Project Peanut,2700 Bermuda Hundred Road,Chester,VA,23836.0,High,,,,https://www.datacenterdynamics.com/en/news/google-to-invest-9bn-in-virginia-data-centers-plans-new-campus-in-chesterfield-county/,https://www.chesterfield.gov/828/Real-Estate-Assessment-Data#/Details/830651308400000,,,,,,,37.34457,-77.30399,1757635200000.0,1760659200000.0,,Unknown,,,,,,,,300.0,,,Proposed,,,Chesterfield,,,,PEC,-77.30398999999994,37.34457000000003
942,Project Peanut (Google),2700 Bermuda Hundred Rd,Chester,VA,23836.0,High,,Google,,https://www.wtvr.com/news/local-news/google-chesterfield-data-center-aug-27-2025#google_vignette,https://richmondbizsense.com/2025/08/27/breaking-news-google-planning-chesterfield-data-center-as-part-of-9b-expansion-in-virginia/,https://richmondbizsense.com/2025/08/28/chesterfield-scores-a-google-trifecta-tech-giant-reveals-ties-to-3-massive-sites-across-the-county/,https://www.wtvr.com/news/local-news/google-chesterfield-data-center-update-nov-11-2025,https://www.reddit.com/r/Virginia/comments/1n34t0p/peanut_llc_in_chesterfield_data_center_will_be/,https://www.wric.com/news/local-news/chesterfield-county/google-site-plan-project-peanut-data-center-chesterfield,,,37.34593,-77.3102,1756252800000.0,1763942400000.0,200,Hyperscale (101-999 MW),,,,,,856000.0,,300.0,,,Proposed,,,Chesterfield,Yes,,,Media Monitoring,-77.31019999999997,37.34593000000006
943,Tract data center,16100 Branders Bridge Rd,Chester,VA,23831.0,High,,,,https://www.wric.com/news/local-news/chesterfield-county/tract-withdraws-data-center-application-after-chesterfield-recommends-against-it/,,,,,,,,37.29442,-77.453,1751760000000.0,1751760000000.0,,Unknown,,,,,,,,744.0,,,Suspended,,,Chesterfield,,,,Media Monitoring,-77.45299999999997,37.29442000000005
944,Virginia Information Technologies Agency,11751 MEADOWVILLE LANE,Chester,VA,23836.0,High,,SLK GLOBAL SOLUTIONS AMERICA,,https://www.chesterfield.gov/828/Real-Estate-Assessment-Data#/Details/822656429800000,,,,,,,,37.360416,-77.33178,1712707200000.0,1760659200000.0,,Unknown,,,,,,192195.0,,28.0,,,Operating,,,Chesterfield,,,,PEC,-77.33177999999998,37.360416000000036
945,Microsoft,Commerce Dr,Clarksville,VA,23927.0,High,,Microsoft,,https://www.datacenterdynamics.com/en/news/microsoft-files-for-another-virginia-campus-in-mecklenburg-county/,,,,,,,,36.63564,-78.5181,1748304000000.0,1748304000000.0,,Unknown,,,,,,,,259.0,,,Unknown,,,Mecklenburg,,,,Media Monitoring,-78.51809999999993,36.63564000000007
946,Cielo Digital Infrastructure,,Culpepper,VA,22701.0,Medium,,Cielo Digital Infrastructure,,http://go.boarddocs.com/va/ccva/Board.nsf/goto?open&id=CWBKLL525B17,https://gis.vgsi.com/culpeperva/Parcel.aspx?pid=3148,,,,,,,38.466785,-77.96353,1712707200000.0,1760659200000.0,,Unknown,,,,,,1400000.0,,121.0,,"Project covers more than one parcel, the acreage represents the combined acreage",Proposed,,,Culpeper,,,,PEC,-77.96352999999995,38.46678500000008
947,CloudHQ,14521 MCDEVITT DR,Culpepper,VA,22701.0,High,,CloudHQ,,"https://www.culpeperva.org/properties/cloudhq-culpeper/#:~:text=CloudHQ%2C%20a%20global%20data%20center,of%20critical%20IT%20load%20power.",https://gis.vgsi.com/culpeperva/Parcel.aspx?pid=21853,,,,,,,38.46164,-77.977615,1712707200000.0,1760659200000.0,,Unknown,,,,,,2100000.0,,99.0,,"Project covers more than one parcel, the acreage represents the combined acreage",Proposed,,,Culpeper,,,,PEC,-77.97761499999996,38.46164000000004
948,Copper Ridge,Corner of E. Chandler and McDevitt Drive,Culpepper,VA,22701.0,Medium,,,,https://datacenterdynamics.com/en/news/amazon-granted-rezoning-approval-for-data-centers-in-culpeper-county-virginia/,https://gis.vgsi.com/culpeperva/Parcel.aspx?pid=10698,,,,,,,38.465294,-77.98739,1752796800000.0,1760659200000.0,,Unknown,,,,,,2200000.0,,117.0,,"Project covers more than one parcel, the acreage represents the combined acreage",Proposed,,,Culpeper,,,,PEC,-77.98738999999995,38.465294000000036
949,Culpeper Technology Campus,Corner of Germanna HWY and McDevitt Drive,Culpepper,VA,22701.0,Medium,,,,https://www.bisnow.com/national/news/data-center/peterson-companies-developing-2m-sf-data-center-campus-in-northern-virginia-119735,https://gis.vgsi.com/culpeperva/Parcel.aspx?pid=19739,,,,,,,38.46024,-77.98773,1752796800000.0,1760659200000.0,,Unknown,,,,,,2100000.0,,155.0,,"Project covers more than one parcel, the acreage represents the combined acreage",Proposed,,,Culpeper,,,,PEC,-77.98772999999994,38.46024000000005
950,DataBank,14601 GERMANNA HWY,Culpepper,VA,22701.0,High,,,,http://go.boarddocs.com/va/ccva/Board.nsf/goto?open&id=BD5H3G466E8A,https://gis.vgsi.com/culpeperva/Parcel.aspx?pid=11743,,,,,,,38.44996,-77.97819,1752796800000.0,1760659200000.0,,Unknown,,,,,,1299804.0,,85.0,,,Proposed,,,Culpeper,,,,PEC,-77.97818999999998,38.44996000000003
951,EdgeCore,Nalles Mill Rd,Culpepper,VA,22701.0,Medium,,,,https://cieloinfra.com/insight/edgecore-acquires-cielo-data-center-project-in-culpeper-for-undisclosed-amount/,,,,,,,,38.47151,-77.9693,1750723200000.0,1750723200000.0,215-432,Hyperscale (101-999 MW),,,,,,1400000.0,,,$18.75 million,,Unknown,,,Culpeper,,,,Media Monitoring,-77.96929999999998,38.47151000000007
952,Equinix data center,18155 Technology Dr,Culpepper,VA,22701.0,High,,EQUINIX LLC,,https://gis.vgsi.com/culpeperva/Parcel.aspx?pid=10680,,,,,,,,38.45487,-77.9783,1750723200000.0,1750723200000.0,,Unknown,,,,,,370000.0,,30.0,,,Operating,,,Culpeper,,,,Media Monitoring,-77.97829999999993,38.45487000000002
953,Keyser Farm,15140 KEYSER RD,Culpepper,VA,22701.0,High,,,,https://gis.vgsi.com/culpeperva/Parcel.aspx?pid=6279,,,,,,,,38.46971,-77.973755,1752796800000.0,1760659200000.0,,Unknown,,,,,,1506582.0,,62.0,,application has been filed with the county,Proposed,,,Culpeper,,,,PEC,-77.97375499999998,38.46971000000008
954,SWIFT,Corner of McDevitt Dr and Technology Drive,Culpepper,VA,22701.0,Medium,,,,https://gis.vgsi.com/culpeperva/Parcel.aspx?pid=9903,,,,,,,,38.45554,-77.98348,1752796800000.0,1760659200000.0,,Unknown,,,,,,90000.0,,30.0,,,Operating,,,Culpeper,,,,PEC,-77.98347999999999,38.45554000000004
955,XX Tech Park,15170 HOFFMAN LN,Culpepper,VA,22701.0,High,,,,https://gis.vgsi.com/culpeperva/Parcel.aspx?pid=7077,,,,,,,,38.49927,-77.8971,1752796800000.0,1760659200000.0,,Unknown,,,,,,4638704.0,,352.0,,application has been filed with the county,Proposed,,,Culpeper,,,,PEC,-77.89709999999997,38.499270000000024
956,Greenfield,INTERNATIONAL PKWY,DALEVILLE,VA,24083.0,High,,,,https://www.datacenterdynamics.com/en/news/google-buys-land-for-data-center-in-botetourt-county-west-virginia/,https://www.webgis.net/va/botetourtco/?id=Parcels|LINK|88(26)3,,,,,,,37.441696,-79.9127,1752019200000.0,1760659200000.0,,Unknown,,,,,,,,312.0,,Land purchased from Botetourt Economic Development Authority,Proposed,,,Botetourt,,,,PEC,-79.91269999999997,37.441696000000036
957,Duffield Premier Data Center Site,158 Advanced Technology Dr,Duffield,VA,24244.0,High,,ONEPARTNER LLC,,https://cloudandcolocation.com/datacenters/onepartner-duffield-data-center-atac/,https://scottcova.interactivegis.com/jtf/10308,,,,,,,36.712566,-82.802505,1712707200000.0,1760659200000.0,,Unknown,,,,,,9200.0,,2.0,,,Operating,,,Scott,,,,PEC,-82.80250499999994,36.712566000000024
958,Scott County Regional Business & Technology Park,372 Technology Trail Ln,Duffield,VA,24244.0,High,,SCOTT COUNTY INDUSTRIAL DEV.,,https://www.scottcountyva.com/188/Sites-Buildings,https://scottcova.interactivegis.com/jtf/1112,,,,,,,36.715855,-82.80459,1712707200000.0,1760659200000.0,,Unknown,,,,,,,,55.0,,,Proposed,,,Scott,,,,PEC,-82.80458999999995,36.71585500000003
959,DIGITAL LOUDOUN IV,22125 BRODERICK DR,Dulles,VA,20166.0,High,,DIGITAL LOUDOUN IV LLC,,https://reparcelasmt.loudoun.gov/pt/datalets/datalet.aspx?mode=profileall&UseSearch=no&pin=044370416000&jur=107&taxyr=2024&LMparent=20,,,,,,,,39.005142,-77.451195,1712707200000.0,1760659200000.0,,Unknown,,,,,,800702.0,,112.0,,Computer Center,Operating,,,Loudoun,,,,PEC,-77.45119499999998,39.005142000000035
960,Fadeley Campus,42949 FADELEY LN,Dulles,VA,20166.0,High,,Amazon Data Services Inc,,https://reparcelasmt.loudoun.gov/pt/datalets/datalet.aspx?mode=profileall&UseSearch=no&pin=162392026000&jur=107&taxyr=2024&LMparent=20,,,,,,,,38.948956,-77.52148,1712707200000.0,1760659200000.0,,Unknown,,,,,,695321.0,,64.0,,Computer Center,Operating,,,Loudoun,,,,PEC,-77.52147999999995,38.94895600000005
961,Farah-Naples Data Center,Loudoun County Parkway and Old Ox Road,Dulles,VA,20166.0,Medium,,,,https://loudouncountyvaeg.tylerhost.net/prod/selfservice#/plan/67e8f7f1-74de-4d91-8514-f6be79d00e61?tab=locations,https://reparcelasmt.loudoun.gov/pt/Datalets/Datalet.aspx?UseSearch=no&mode=profileall&pin=124256520000&jur=107&taxyr=2025,,,,,,,38.95731,-77.51306,1754438400000.0,1760659200000.0,,Unknown,,,,,,100000.0,,11.0,,,Proposed,,,Loudoun,,,,PEC,-77.51305999999994,38.95731000000007
962,IAD44,43704 EFFICIENCY DR,Dulles,VA,20166.0,High,,Digital Realty,,https://reparcelasmt.loudoun.gov/pt/Datalets/Datalet.aspx?mode=commercial&UseSearch=no&pin=093365404003&jur=107&taxyr=2025&card=1&item=0&State=2|1|1|1|1|&items=4,,,,,,,,38.96118,-77.490524,1754438400000.0,1760659200000.0,,Unknown,,,,,,784204.0,,18.0,,"DIGITAL WL 2834 LLC & DIGITAL WL 5459 LLC, Phase 1 and 2",Operating,,,Loudoun,,,,PEC,-77.49052399999994,38.96118000000007
963,Northwoods Property,43649 LIGHT SPEED PLZ,Dulles,VA,20166.0,High,,Amazon Data Services Inc,,https://loudouncountyvaeg.tylerhost.net/prod/selfservice#/plan/3399a93f-9e75-48d2-a377-ecd0d9be35c1?tab=attachments,https://reparcelasmt.loudoun.gov/pt/datalets/datalet.aspx?mode=commercial&UseSearch=no&pin=122207249000&jur=107&taxyr=2025&LMparent=20,,,,,,,38.980717,-77.49382,1754438400000.0,1760659200000.0,,Unknown,,,,,,263340.0,,80.0,,"Four buildings, building A is complete and has been removed from the square footage. This parcel may be divided in the future. Expansions total 755,090 sq ft",Operating,Expansion,,Loudoun,,,,PEC,-77.49381999999997,38.98071700000002
964,SENTINEL ASHBURN II,22262 CLOUD PLZ,Dulles,VA,20166.0,High,,GI TC LOUDOUN LLC,,https://reparcelasmt.loudoun.gov/pt/datalets/datalet.aspx?mode=profileall&UseSearch=no&pin=044282013000&jur=107&taxyr=2024&LMparent=20,,,,,,,,39.000603,-77.43986,1712707200000.0,1760659200000.0,,Unknown,,,,,,234100.0,,24.0,,Computer Center,Operating,,,Loudoun,,,,PEC,-77.43985999999994,39.00060300000007
965,WATERSIDE AWS,22900 PLATFORM PLZ,Dulles,VA,20166.0,High,,WATERSIDE I LLC,,https://reparcelasmt.loudoun.gov/pt/datalets/datalet.aspx?mode=profileall&UseSearch=no&pin=034385918000&jur=107&taxyr=2024&LMparent=20,,,,,,,,38.98125,-77.41793,1712707200000.0,1760659200000.0,,Unknown,,,,,,976046.0,,74.0,,"Shown as ""Storage Warehouse""",Operating,,,Loudoun,,,,PEC,-77.41792999999996,38.981250000000045
966,WHEELER SURVEY COMPANY,24400 HOWLING ROOSTER LN,Dulles,VA,20166.0,High,,WHEELER SURVEY COMPANY LLC,,https://loudouncountyvaeg.tylerhost.net/prod/selfservice#/plan/ceb6d3e2-f4d6-4a2f-a791-50cd5a6d03f3?tab=attachments,https://reparcelasmt.loudoun.gov/pt/datalets/datalet.aspx?mode=profileall&UseSearch=no&pin=162176713000&jur=107&taxyr=2024&LMparent=20,,,,,,,38.942364,-77.52864,1754438400000.0,1760659200000.0,,Unknown,,,,,,538565.0,,135.0,,"Phase 1 and 2, Phase 3 353,385 sq ft expansion proposed",Operating,Expansion,,Loudoun,,,,PEC,-77.52863999999994,38.94236400000005
967,Mid-Atlantic Advanced Manufacturing Center,1781 Greensville County Cir,Emporia,VA,23847.0,High,,Arup Americas Inc,,https://www.emporiaindependentmessenger.com/news/article_abbc9ab2-bd41-11ef-8e28-537ccf81ce7b.html,https://www.webgis.net/va/greensville/?op=id&id=1|parcels|MAP_PIN|21-97E,,,,,,,36.736736,-77.514694,1734566400000.0,1760659200000.0,,Unknown,,,,,,,,930.0,,,Proposed,,,Greensville,,,,PEC,-77.51469399999996,36.73673600000006
968,BIT HOLDINGS FIFTY-FOUR,12902 FEDERAL SYSTEMS PARK DR,Fairfax,VA,22033.0,High,,BIT HOLDINGS FIFTY-FOUR INC,,https://icare.fairfaxcounty.gov/ffxcare/Datalets/Datalet.aspx?mode=&UseSearch=no&pin=0552%2001%20%200019&jur=129&taxyr=2025,,,,,,,,38.860844,-77.39341,1712707200000.0,1760659200000.0,,Unknown,,,,,,338364.0,,14.0,,,Operating,,,Fairfax,,,,PEC,-77.39340999999997,38.86084400000004
969,COPT STONECROFT,4850 STONECROFT BLVD,Fairfax,VA,22033.0,High,,COPT STONECROFT LLC,,https://icare.fairfaxcounty.gov/ffxcare/datalets/datalet.aspx?mode=profileall&UseSearch=no&pin=0432%2002%20%200039C&jur=129&taxyr=2025&LMparent=138,,,,,,,,38.876263,-77.46178,1712707200000.0,1760659200000.0,,Unknown,,,,,,320330.0,,64.0,,square footage may be underrepresented,Operating,,,Fairfax,,,,PEC,-77.46177999999998,38.876263000000044
970,Data center,8132 US-29,Falls Church,VA,22042.0,High,,"Black Chamber Partners, LLC",,https://www.princewilliamtimes.com/news/breaking-popular-merrifield-garden-center-to-close-after-selling-for-data-centers/article_38bbb8b7-f9d4-47d6-90b2-1cb26e9a81b8.html,,,,,,,,38.846428,-77.36562,1761004800000.0,1761004800000.0,,Unknown,,,,,,,,38.0,$160 million,,Proposed,,,Fairfax,,,,Media Monitoring,-77.36561999999998,38.84642800000007
971,Northrop Grumman Systems Corporation,7555 COLSHIRE DR,Falls Church,VA,22042.0,High,,NORTHROP GRUMMAN SYSTEMS CORP,,https://icare.fairfaxcounty.gov/ffxcare/Datalets/Datalet.aspx?mode=&UseSearch=no&pin=0303%2028%20%20%20%20%20%20C2&jur=129&taxyr=2025,,,,,,,,38.92188,-77.20684,1712707200000.0,1760659200000.0,,Unknown,,,,,,602257.0,,12.0,,,Operating,,,Fairfax,,,,PEC,-77.20683999999994,38.92188000000004
972,Northrop Grummon Systems Corporation,2980 FAIRVIEW PARK DR,Falls Church,VA,22042.0,High,,NORTHROP GRUMMAN SYSTEMS CORP,,https://icare.fairfaxcounty.gov/ffxcare/Datalets/Datalet.aspx?mode=&UseSearch=no&pin=0494%2013%20%200013&jur=129&taxyr=2025,,,,,,,,38.867813,-77.21562,1712707200000.0,1760659200000.0,,Unknown,,,,,,358898.0,,6.0,,,Operating,,,Fairfax,,,,PEC,-77.21561999999993,38.86781300000006
973,Heartland Innovative Technology (HIT) Park,230 KELLY LANE,Farmville,VA,23901.0,High,,Prince Edward County Industrial Development Authority,,https://www.co.prince-edward.va.us/economic-development/heartland-innovative-technology-park-210,https://epayments.co.prince-edward.va.us/applications/txapps/VPCindex.htm,,,,,,,37.288517,-78.35012,1712707200000.0,1760659200000.0,,Unknown,,,,,,1300000.0,,280.0,,This project covers multiple parcels. The total acreage has been represented here.,Proposed,,,Prince Edward,,,,PEC,-78.35011999999995,37.28851700000007
974,Amazon Data Services,"4049 Massaponax Church Rd,",Fredericksburg,VA,22408.0,High,,Amazon,,https://www.datacenterdynamics.com/en/news/10m-sq-ft-amazon-files-for-four-data-center-campuses-in-virginias-spotsylvania-and-caroline-counties/,,,,,,,,38.19853,-77.475,1758240000000.0,1758240000000.0,,Unknown,,,,,,,,,,,Proposed,,,Spotsylvania,,,,Media Monitoring,-77.47499999999997,38.19853000000005
975,Amazon Data Services: Carter's Store Tech Campus,8432 Flippo Dr,Fredericksburg,VA,22408.0,High,,Amazon,,https://www.datacenterdynamics.com/en/news/10m-sq-ft-amazon-files-for-four-data-center-campuses-in-virginias-spotsylvania-and-caroline-counties/,,,,,,,,38.191605,-77.47005,1769126400000.0,,,Hyperscale (101-999 MW),,,,,,2600000.0,,315.0,,,Proposed,,2035.0,Spotsylvania,,,,Media Monitoring,-77.47004999999996,38.19160500000003
976,Amazon Data Services: Cosner Tech Campus,4049 Massaponax Church Rd,Fredericksburg,VA,22408.0,High,,Amazon,,https://www.datacenterdynamics.com/en/news/10m-sq-ft-amazon-files-for-four-data-center-campuses-in-virginias-spotsylvania-and-caroline-counties/,,,,,,,,38.198624,-77.47505,1769126400000.0,,,Hyperscale (101-999 MW),,,,,,1900000.0,,329.0,,,Proposed,,,Spotsylvania,,,,Media Monitoring,-77.47504999999997,38.19862400000006
977,Blaisdell Property Data Center,Old Forge Drive,Fredericksburg,VA,22405.0,Medium,,,,https://www.fxbgadvance.com/p/data-center-proposed-in-historic,https://va-stafford-assessor.publicaccessnow.com/PropertySearch/PropertyDetails.aspx?p=53%20%20%20%20%20%20%20%20%201M&a=31432,,,,,,,38.33172,-77.48733,1745798400000.0,1760659200000.0,,Unknown,,,,,,1480000.0,,181.0,,This project covers multiple parcels. The total acreage has been represented here.,Proposed,,,Stafford,,,,PEC,-77.48732999999999,38.33172000000007
978,Carter's Store Tech Campus,,Fredericksburg,VA,22408.0,Medium,,Amazon Data Services Inc,,https://www.datacenterfrontier.com/cloud/article/33006046/amazon-plans-major-data-center-expansion-in-virginias-spotsylvania-county,,,,,,,,38.18951,-77.45481,1712707200000.0,1760659200000.0,,Unknown,,,,,,2600000.0,,313.0,,This project covers multiple parcels. The total acreage has been represented here.,Proposed,,,Spotsylvania,,,,PEC,-77.45480999999995,38.189510000000034
979,Cosner Tech Campus,4049 Massaponax Church Road,Fredericksburg,VA,22408.0,High,,Amazon Data Services Inc,,https://www.datacenterdynamics.com/en/news/10m-sq-ft-amazon-files-for-four-data-center-campuses-in-virginias-spotsylvania-and-caroline-counties/,,,,,,,,38.209717,-77.48423,1712707200000.0,1760659200000.0,,Unknown,,,,,,1900000.0,,329.0,,This project covers multiple parcels. The total acreage has been represented here.,Proposed,,,Spotsylvania,,,,PEC,-77.48422999999997,38.20971700000007
980,Cranes Corner Data Center,"east of U.S. 1 and about 1,400 feet north of the Centreport Parkway intersection",Fredericksburg,VA,22405.0,Medium,,,,https://www.fredericksburgfreepress.com/2025/01/22/biz-beat-roundup-more-data-centers-proposed-in-stafford/,https://va-stafford-assessor.publicaccessnow.com/PropertySearch/PropertyDetails.aspx?p=46%20%20%20%20%20%20%20%2010&a=29012,,,,,,,38.371296,-77.45144,1745798400000.0,1760659200000.0,,Unknown,,,,,,900000.0,,46.0,,This project covers multiple parcels. The total acreage has been represented here. May have a connection to Enron Road,Proposed,,,Stafford,,,,PEC,-77.45143999999992,38.37129600000003
981,Enon Road Technologies,south of Enon Road near the intersection with Wyatt Lane,Fredericksburg,VA,22406.0,Medium,,,,https://www.fredericksburgfreepress.com/2025/01/22/biz-beat-roundup-more-data-centers-proposed-in-stafford/,https://va-stafford-assessor.publicaccessnow.com/PropertySearch/PropertyDetails.aspx?p=45%20%20%20%20%20%20%20227&a=27932,,,,,,,38.36789,-77.47358,1745798400000.0,1760659200000.0,,Unknown,,,,,,2000000.0,,162.0,,This project covers multiple parcels. The total acreage has been represented here.,Proposed,,,Stafford,,,,PEC,-77.47357999999996,38.36789000000004
982,Forest Lane Data Center,Between Caisson Rd and Kings Hwy,Fredericksburg,VA,22405.0,Medium,,,,https://www.datacenterdynamics.com/en/news/data-center-proposed-for-850-acres-of-land-in-stafford-county-virginia/,https://app.sharebase.com/#/folder/45768/share/528-njPyo32MePFy87Z5AbBoo0pC540,https://va-stafford-assessor.publicaccessnow.com/PropertySearch/PropertyDetails.aspx?p=59%20%20%20%20%20%20%20%2070&a=39515,,,,,,38.26742,-77.3867,1754092800000.0,1754092800000.0,,Unknown,,,,,,7068000.0,,850.0,,This project covers multiple parcels. The total acreage has been represented here. Previously zoned for residential development,Proposed,,,Stafford,,,,Media Monitoring and PEC,-77.38669999999998,38.26742000000007
983,George Washington Village Data Center,"Courthouse Rd/Interstate 95, Hartwood District",Fredericksburg,VA,22406.0,Medium,,,,https://cdn.staffordcountyva.gov/Planning%20and%20Zoning/Development%20Review%20Meetings-Applications/December%202024/GWV%20Data%20Center%20CUP/3-%20Impact%20Statement%20(10-15-24)%20-%20GWV%20Data%20Center.pdf,https://va-stafford-assessor.publicaccessnow.com/PropertySearch/PropertyDetails.aspx?p=38%20%20%20%20%20%20%20%2070&a=23902,,,,,,,38.40892,-77.44693,1745798400000.0,1760659200000.0,,Unknown,,,,,,7900000.0,,1042.0,,This project covers multiple parcels. The total acreage has been represented here.,Proposed,,,Stafford,,,,PEC,-77.44692999999995,38.40892000000009
984,Hunter's Ridge South,Industrial and Fleet Dr,Fredericksburg,VA,22580.0,High,,"AREP SOF III HRS LLC C/O AMERICAN REAL ESTATE PARTNERS, LLC",,https://www.spotsylvania.va.us/DocumentCenter/View/29414/Proffer-Statement-,https://gis.spotsylvania.va.us/spotsylvania/#/mwl?zoom=16&location=-77.475132_38.214893,,,,,,,38.12168,-77.504196,1752796800000.0,1760659200000.0,,Unknown,,,,,,2549131.0,,73.0,,This project covers multiple parcels. The total acreage has been represented here.,Proposed,,,Spotsylvania,,,,PEC,-77.504196,38.12168000000003
985,Hunters Ridge LLC data center,4110 Overview Dr,Fredericksburg,VA,22408.0,High,,,,https://www.datacenterdynamics.com/en/news/10m-sq-ft-amazon-files-for-four-data-center-campuses-in-virginias-spotsylvania-and-caroline-counties/,,,,,,,,38.22135,-77.47741,1769126400000.0,,,Hyperscale (101-999 MW),,,,,,300000.0,,127.0,,,Proposed,,,Spotsylvania,,,,Media Monitoring,-77.47740999999995,38.22135000000003
986,Hunters Ridge South data center (Amazon Data Services),9300 Cosner Dr,Fredericksburg,VA,22401.0,High,,Amazon,,https://www.fredericksburgfreepress.com/2025/08/27/spotsylvania-board-of-supervisors-approve-potential-2-2-million-square-foot-data-center-campus/,https://www.datacenterdynamics.com/en/news/10m-sq-ft-amazon-files-for-four-data-center-campuses-in-virginias-spotsylvania-and-caroline-counties/,,,,,,,38.21137,-77.4848,1758240000000.0,1758240000000.0,,Unknown,,,,,,2200000.0,,,,,Approved/Permitted/Under construction,,,Spotsylvania,,,,Media Monitoring,-77.48479999999995,38.211370000000045
987,NEON AT CELEBRATE VIRGINIA SOUTH,3050 GORDON W SHELTON,Fredericksburg,VA,22401.0,High,,STACK INFRASTRUCTURE,,https://www.datacenterdynamics.com/en/news/stack-infrastructure-files-for-10bn-data-center-in-fredericksburg-virginia/,https://maps.fredericksburgva.gov/ParcelViewer/#/mwl?zoom=16&location=-77.515419_38.317444,,,,,,,38.318707,-77.51735,1754870400000.0,1760659200000.0,,Unknown,,,,,,,,250.0,,"No square footage, but 8-12 building anticipated. This project covers multiple parcels. The total acreage has been represented here.",Proposed,,,Fredericksburg,,,,PEC,-77.51734999999996,38.31870700000006
988,Oasis data center,"Dahlgren West, north side of James Madison Parkway",Fredericksburg,VA,22485.0,Medium,,,,https://dahlgrenwest.com/,https://www.datacenterdynamics.com/en/news/oasis-digital-properties-gets-greenlight-for-12gw-data-center-in-king-george-county-virginia/,,,,,,,38.30967,-77.1084,1756252800000.0,1756252800000.0,1200,"Mega campus (>1,000 MW)",,,,10.0,,6800000.0,,485.0,,,Approved/Permitted/Under construction,,,King George,,,,Media Monitoring,-77.10839999999996,38.30967000000003
989,Penzance Development data center,1500 Gateway Boulevard,Fredericksburg,VA,22401.0,High,,,,https://www.datacenterdynamics.com/en/news/data-center-campus-recommended-for-disapproval-by-fredericksburg-planning-commission/,,,,,,,,38.29463,-77.5023,1753747200000.0,1753747200000.0,,Unknown,,,,,,2100000.0,,,,,Suspended,,,Fredericksburg,,,,Media Monitoring,-77.50229999999993,38.29463000000003
990,PowerHouse95,0 Overview DR,Fredericksburg,VA,22408.0,High,,,,https://www.datacenterdynamics.com/en/news/powerhouse-plans-800mw-campus-in-virginias-spotsylvania-county/,https://gis.spotsylvania.va.us/spotsylvania/#/mwl?zoom=15&location=-77.473518_38.223581,,,,,,,38.222046,-77.4771,1712707200000.0,1760659200000.0,,Unknown,,,,,,3500000.0,,145.0,,This project covers multiple parcels. The total acreage has been represented here.,Proposed,,,Spotsylvania,,,,PEC,-77.47709999999995,38.22204600000003
991,Sisson North,1301 KINGS HWY,Fredericksburg,VA,22405.0,High,,,,https://app.sharebase.com/#/folder/25961/share/528-yQozqmn5XpbUDzV-NPVaxs9--JIo,https://va-stafford-assessor.publicaccessnow.com/PropertySearch/PropertyDetails.aspx?p=59%20%20%20%20%20%20%20%2075D&a=58576,,,,,,,38.25873,-77.38705,1754870400000.0,1760659200000.0,,Unknown,,,,,,1140000.0,,106.0,,This project covers multiple parcels. The total acreage has been represented here. Potentially tied to the Forest Lane Data Center,Proposed,,,Stafford,,,,PEC,-77.38704999999999,38.25873000000007
992,Stack Infrastructure data center,Hilton Dr,Fredericksburg,VA,22401.0,Medium,,,,https://www.datacenterdynamics.com/en/news/data-center-campus-recommended-for-disapproval-by-fredericksburg-planning-commission/,,,,,,,,38.31828,-77.5166,1753747200000.0,1753747200000.0,,Unknown,,,,,,,,250.0,$10 billion,,Proposed,,,Fredericksburg,,,,Media Monitoring,-77.51659999999998,38.318280000000065
993,Summit Crossing (Amazon),~3001 Summit Crossing Rd,Fredericksburg,VA,22408.0,High,,Amazon,,https://baxtel.com/data-center/amazon-summit-crossing-tech-campus,https://www.datacenterdynamics.com/en/news/10m-sq-ft-amazon-files-for-four-data-center-campuses-in-virginias-spotsylvania-and-caroline-counties/,,,,,,,38.19338,-77.43845,1758326400000.0,1769126400000.0,,Unknown,,,,,,2100000.0,,231.0,,,Approved/Permitted/Under construction,,2026.0,Spotsylvania,,,,Media Monitoring,-77.43844999999999,38.193380000000055
994,Summit Crossing Tech Campus,Summit Crossing Road,Fredericksburg,VA,22408.0,Medium,,,,https://www.datacenterdynamics.com/en/news/10m-sq-ft-amazon-files-for-four-data-center-campuses-in-virginias-spotsylvania-and-caroline-counties/,https://gis.spotsylvania.va.us/spotsylvania/#/mwl?zoom=15&location=-77.432007_38.188576,,,,,,,38.188473,-77.44053,1752796800000.0,1760659200000.0,,Unknown,,,,,,2100000.0,,231.0,,,Proposed,,,Spotsylvania,,,,PEC,-77.44052999999997,38.18847300000005
995,Summit Technology Park,2901 Summit Crossing RD,Fredericksburg,VA,22408.0,High,,,,https://www.spotsylvania.va.us/DocumentCenter/View/33280/1st-Submission-Narrative-22125,https://gis.spotsylvania.va.us/spotsylvania/#/mwl?zoom=16&location=-77.428204_38.194825,,,,,,,38.19514,-77.43207,1752796800000.0,1760659200000.0,,Unknown,,,,,,2200000.0,,125.0,,,Proposed,,,Spotsylvania,,,,PEC,-77.43206999999994,38.19514000000004
996,Vantage Data Center,225 Centreport Parkway,Fredericksburg,VA,22406.0,High,,,,https://vantage-dc.com/company/contact-us/,,,,,,,,38.39153,-77.46516,1762646400000.0,1762646400000.0,,Unknown,,,,,,,,,,,Operating,,,Stafford,,,,Media Monitoring,-77.46515999999997,38.391530000000046
997,COPT DC 19 LLC,8170 BETHLEHEM RD,Gainesville,VA,20155.0,High,,COPT DC 19 LLC,,https://pwc.publicaccessnow.com/PropertyDetail.aspx?mpropertynumber=091439&mtab=property&p=091439,,,,,,,,38.779423,-77.54248,1712707200000.0,1760659200000.0,,Unknown,,,,,,719742.0,,62.0,,,Operating,,,Prince William,,,,PEC,-77.54247999999995,38.779423000000065
998,Digital Gateway QTS/ Compass data center,between Sudley Rd and Hwy 29,Gainesville,VA,20155.0,Medium,,,,https://www.datacenterdynamics.com/en/news/judge-rules-zoning-for-pw-digital-gateway-data-center-campus-in-virginia-voided/,,,,,,,,38.83534,-77.5653,1754697600000.0,1754697600000.0,,Unknown,,,,,,,,2100.0,,,Suspended,,,Prince William,,,,Media Monitoring,-77.56529999999998,38.83534000000003
999,Gainesville Crossing Data Campus,13700 UNIVERSITY BLVD,Gainesville,VA,20155.0,High,,CORSCALE,,https://corscale.com/gainesville-crossing-data-center/,https://pwc.publicaccessnow.com/PropertyDetail.aspx?mtab=property&mpropertynumber=265831,,,,,,,38.801327,-77.5803,1712707200000.0,1760659200000.0,306,Hyperscale (101-999 MW),,,,,,1817777.0,,130.0,,This project covers multiple parcels. Proposed 482223 sq ft expansion,Operating,Expansion,,Prince William,,,,PEC,-77.58029999999997,38.80132700000007
1000,Gainsville East,5945 WELLINGTON RD,Gainesville,VA,20155.0,High,,Amazon Data Services Inc,,https://www.datacenterdynamics.com/en/news/aws-qts-and-jk-land-holdings-planning-data-center-developments-in-virginias-prince-william-county/,https://pwc.publicaccessnow.com/PropertyDetail.aspx?mtab=property&mpropertynumber=264261,,,,,,,38.790676,-77.587975,1712707200000.0,1760659200000.0,,Unknown,,,,,,2200000.0,,117.0,,This project covers multiple parcels. The total acreage has been represented here.,Proposed,,,Prince William,,,,PEC,-77.58797499999997,38.79067600000007
1001,Gardner Property,14414 MCGRAWS CORNER,Gainesville,VA,20155.0,High,,,,://egcss.pwcgov.org/SelfSerhttpsvice#/plan/54197449-7161-4168-861a-d85676a180a3,https://pwc.publicaccessnow.com/PropertyDetail.aspx?mpropertynumber=252670&mtab=property&p=252670,,,,,,,38.7958,-77.62219,1752537600000.0,1760659200000.0,,Unknown,,,,,,1787266.0,,82.0,,This project covers multiple parcels. The total acreage has been represented here.,Proposed,,,Prince William,,,,PEC,-77.62218999999999,38.79580000000004
1002,GCDC PURCHASER PHASE 1 LLC,13760 UNIVERSITY BLVD,Gainesville,VA,20109.0,High,,GCDC PURCHASER PHASE 1 LLC,,https://pwc.publicaccessnow.com/PropertyDetail.aspx?mpropertynumber=026368&mtab=property&p=026368,,,,,,,,38.802406,-77.58256,1712707200000.0,1760659200000.0,,Unknown,,,,,,482223.0,,28.0,,,Operating,Expansion,,Prince William,,,,PEC,-77.58255999999994,38.80240600000007
1003,I-66 and Route 29 Technology Park,14300 JOHN MARSHALL HWY,Gainesville,VA,20155.0,High,,NTT Global Data Centers,,https://www.datacenterdynamics.com/en/news/data-center-granted-rezoning-and-special-use-permission-in-prince-william-county-virginia/,https://pwc.publicaccessnow.com/PropertyDetail.aspx?mtab=property&mpropertynumber=013273,,,,,,,38.8008,-77.61256,1712707200000.0,1760659200000.0,,Unknown,,,,,,2957680.0,,102.0,,This project covers multiple parcels. The total acreage has been represented here.,Proposed,,,Prince William,,,,PEC,-77.61255999999997,38.800800000000045
1004,John Marshall CommonsTech Park,14392 JOHN MARSHALL HWY,Gainesville,VA,20155.0,High,,CTP-1 LLC,,https://egcss.pwcgov.org/SelfService#/plan/823a2554-aa0a-47c1-8c5f-010ff3d947ce,https://pwc.publicaccessnow.com/PropertyDetail.aspx?mpropertynumber=114169&mtab=property&p=114169,,,,,,,38.803947,-77.61687,1712707200000.0,1760659200000.0,,Unknown,,,,,,530000.0,,23.0,,This project covers multiple parcels. The total acreage has been represented here.,Proposed,,,Prince William,,,,PEC,-77.61686999999995,38.80394700000005
1005,PORPOISE VENTURES LLC (Digital Realty Trust),8217 LINTON HALL RD,Gainesville,VA,20155.0,High,,PORPOISE VENTURES LLC (Digital Realty Trust),,https://pwc.publicaccessnow.com/PropertyDetail.aspx?mpropertynumber=204354&mtab=property&p=204354,,,,,,,,38.778057,-77.59468,1712707200000.0,1760659200000.0,,Unknown,,,,,,227465.0,,32.0,,,Operating,,,Prince William,,,,PEC,-77.59467999999998,38.77805700000004
1006,Prince William Digital Gateway,Pageland Ln,Gainesville,VA,20155.0,Medium,,"Compass, QTS Data Centers",,https://egcss.pwcgov.org/SelfService#/plan/b0fcafed-a7f4-4ea1-8f83-e71a94ebf4f9?tab=attachments,,,,,,,,38.82437,-77.56874,1712707200000.0,1760659200000.0,,Unknown,,,,,,10700000.0,,1760.0,,,Proposed,,,Prince William,,,,PEC,-77.56873999999993,38.82437000000004
1007,University Business Park,13490 UNIVERSITY BLVD,Gainesville,VA,20155.0,High,,Microsoft Corporation,,https://egcss.pwcgov.org/SelfService#/plan/dba835c0-d92e-4f81-aca7-df3546eddf60,https://pwc.publicaccessnow.com/PropertyDetail.aspx?mtab=property&mpropertynumber=263077,,,,,,,38.79446,-77.58242,1712707200000.0,1760659200000.0,,Unknown,,,,,,3800000.0,,131.0,,This project covers multiple parcels. The total acreage has been represented here.,Proposed,,,Prince William,,,,PEC,-77.58241999999994,38.794460000000065
1008,Village Place at Gainesville Technology Park,14403 JOHN MARSHALL HWY,Gainesville,VA,20155.0,High,,CTP-I LLC,,https://www.datacenterdynamics.com/en/news/data-center-campus-gets-rezoning-approval-in-prince-william-county-virginia/,https://pwc.publicaccessnow.com/PropertyDetail.aspx?mtab=property&mpropertynumber=229695,,,,,,,38.801834,-77.6206,1712707200000.0,1760659200000.0,,Unknown,,,,,,1188143.0,,45.0,,,Proposed,,,Prince William,,,,PEC,-77.62059999999997,38.80183400000003
1009,Cavalier Innsbrook Data Center,4551 COX RD,Glen Allen,VA,23060.0,High,,HIGHWOODS PROP,,"https://realestate.henrico.us/ords/cam/f?p=510101:5:::NO::P5_PARCEL_ID,P5_SEARCH_TYPE:750-765-9452,0",,,,,,,,37.660877,-77.57392,1712707200000.0,1760659200000.0,,Unknown,,,,,,,,,,,Operating,,,Henrico,,,,PEC,-77.57391999999999,37.66087700000002
1010,HHHunt data center,15201 Ashland Rd,Glen Allen,VA,23059.0,High,,,,https://www.wtvr.com/news/local-news/hanover-data-center-proposal-sept-8-2025,https://shows.acast.com/the-richmond-daily-news-now/episodes/hunting-hawk-golf-course-to-become-data-center,,,,,,,37.71385,-77.6231,1757462400000.0,1757462400000.0,,Unknown,,,,10.0,,4000000.0,,400.0,,,Proposed,,,Hanover,,,,Media Monitoring,-77.62309999999997,37.71385000000004
1011,Green Energy Ventures Data Center,Graves Corner Northwest of the intersection of Bloomsbury Road and Kings HWY,,VA,22485.0,Medium,,,,https://kinggeorgetechnologycenter.com/submissions/,,,,,,,,38.256557,-77.29122,1752710400000.0,1760659200000.0,,Unknown,,,,,,6500000.0,,352.0,,"Project covers more than one parcel, the acreage represents the combined acreage",Proposed,,,King George,,,,PEC,-77.29121999999995,38.25655700000004
1012,Unnamed Data Center,6321 ROCKFORD SCH RD,Gretna,VA,24557.0,High,,"BOLES, BRENDA ET ALS EAST, SHARON ET ALS BOLES, DOUGLAS ET ALS KELLEY, OTEY HARRIS III ET ALS KELLEY, CHARLES ET ALS",,"https://experience.arcgis.com/experience/72964533b5b14058835193306c7a33bc#data_s=id%3AdataSource_4-18e66caa3c0-layer-48%3A1299%2Cid%3Awidget_251_output_config_9%3A0&widget_101=active_datasource_id:dataSource_4,center:-8833175.170597687%2C4436226.724131098%2C102100,scale:3328.2265114471415,rotation:0,viewpoint:%7B%22rotation%22%3A0%2C%22scale%22%3A3328.2265114471415%2C%22targetGeometry%22%3A%7B%22spatialReference%22%3A%7B%22latestWkid%22%3A3857%2C%22wkid%22%3A102100%7D%2C%22x%22%3A-8833175.170597687%2C%22y%22%3A4436226.724131098%7D%7D","https://experience.arcgis.com/experience/72964533b5b14058835193306c7a33bc#data_s=id%3AdataSource_4-18e66caa3c0-layer-48%3A1299%2Cid%3Awidget_251_output_config_9%3A0&widget_101=active_datasource_id:dataSource_4,center:-8833175.170597687%2C4436226.724131098%2C102100,scale:3328.2265114471415,rotation:0,viewpoint:%7B%22rotation%22%3A0%2C%22scale%22%3A3328.2265114471415%2C%22targetGeometry%22%3A%7B%22spatialReference%22%3A%7B%22latestWkid%22%3A3857%2C%22wkid%22%3A102100%7D%2C%22x%22%3A-8833175.170597687%2C%22y%22%3A4436226.724131098%7D%7D",,,,,,,36.98035,-79.35187,1736899200000.0,1760659200000.0,,Unknown,,,,,,2280801.0,,52.0,,,Proposed,,,Pittsylvania,,,,PEC,-79.35186999999998,36.98035000000005
1013,DBT Data Cyber Integration Center,139 TYCO ST,Harrisonburg,VA,22802.0,High,,AC 139 TYCO STREET LLC,,https://gis.vgsi.com/HarrisonburgVAMap/,,,,,,,,38.462486,-78.8568,1712707200000.0,1760659200000.0,,Unknown,,,,,,95500.0,,12.0,,"30,000 sq ft expansion",Operating,Expansion,,Harrisonburg,,,,PEC,-78.85679999999996,38.46248600000006
1014,AMAZON DATA SERVICES INC,15435 JOHN MARSHALL HWY,Haymarket,VA,20169.0,High,,Amazon,,https://pwc.publicaccessnow.com/PropertyDetail.aspx?mpropertynumber=014988&mtab=property&p=014988,https://pwc.publicaccessnow.com/PropertyDetail.aspx?mtab=property&mpropertynumber=014988,,,,,,,38.815937,-77.652245,1752537600000.0,1760659200000.0,,Unknown,,,,,,453174.0,,39.0,,,Operating,,,Prince William,,,,PEC,-77.65224499999994,38.81593700000007
1015,DC 11 DE LLC (Amazon),15395 JOHN MARSHALL HWY,Haymarket,VA,20169.0,High,,Amzon,,https://pwc.publicaccessnow.com/PropertyDetail.aspx?mpropertynumber=211089&mtab=property&p=211089,,,,,,,,38.815174,-77.64868,1752537600000.0,1760659200000.0,,Unknown,,,,,,236082.0,,28.0,,,Operating,,,Prince William,,,,PEC,-77.64867999999997,38.81517400000007
1016,EdgeConneX Richmond - EDCRIC01,1450 E PARHAM RD,Henrico,VA,23228.0,High,,NORTH RUN LH LLC,,"https://realestate.henrico.us/ords/cam/f?p=510101:5:::NO::P5_PARCEL_ID,P5_SEARCH_TYPE:781-757-7788,0",,,,,,,,37.63892,-77.46779,1712707200000.0,1760659200000.0,,Unknown,,,,,,17888.0,,10.0,,,Operating,,,Henrico,,,,PEC,-77.46778999999998,37.638920000000034
1017,Lumen Richmond 2,8145 Staples Mill Road,Henrico,VA,23228.0,High,,LEVEL 3 COMMUNICATIONS LLC,,"https://realestate.henrico.us/ords/cam/f?p=510101:5:::NO::P5_PARCEL_ID,P5_SEARCH_TYPE:771-752-8623,0",,,,,,,,37.623894,-77.50267,1712707200000.0,1760659200000.0,,Unknown,,,,,,5522.0,,,,,Operating,,,Henrico,,,,PEC,-77.50266999999997,37.62389400000006
1018,Equinix DC 97,460 SPRINGPARK PL,Herndon,VA,20170.0,High,,LDI PROPCO 2 LLC,,https://icare.fairfaxcounty.gov/ffxcare/Datalets/Datalet.aspx?mode=&UseSearch=no&pin=0162%2054%20%200002&jur=129&taxyr=2025,,,,,,,,38.96167,-77.37743,1712707200000.0,1760659200000.0,,Unknown,,,,,,63912.0,,3.0,,,Operating,,,Fairfax,,,,PEC,-77.37742999999995,38.96167000000002
1019,Renaissance Technology Park,13850 PARK CENTER RD,Herndon,VA,20171.0,High,,RP INDUSTRIAL OWNER II LLC,,https://www.fairfaxcounty.gov/planning-development/sites/planning-development/files/Assets/Documents/PDF/data-centers-report.pdf#page=1,https://icare.fairfaxcounty.gov/ffxcare/Datalets/Datalet.aspx?mode=&UseSearch=no&pin=0242%2014%20%200004&jur=129&taxyr=2025,,,,,,,38.932446,-77.42387,1712707200000.0,1760659200000.0,,Unknown,,,,,,2136040.0,,13.0,,,Proposed,,,Fairfax,,,,PEC,-77.42386999999997,38.93244600000003
1020,Renaissance Technology Park,13860 Redskin Dr,Herndon,VA,20171.0,High,,Amazon Data Services Inc,,https://www.ffxnow.com/2024/09/27/report-amazon-to-run-planned-data-centers-in-herndon-area/,https://icare.fairfaxcounty.gov/ffxcare/maps/map.aspx?sIndex=1&idx=1&LMparent=138,,,,,,,38.935287,-77.42535,1727827200000.0,1760659200000.0,,Unknown,,,,,,617500.0,,,,,Proposed,,,Fairfax,,,,PEC,-77.42534999999998,38.935287000000066
1021,DC-4,10680 UNIVERSITY BLVD,Innovation,VA,20109.0,High,,QTS MANASSAS I DC4 LLC,,https://egcss.pwcgov.org/SelfService#/project/323efe8c-4e6b-4a44-87b8-c7cd7e5487ba,https://pwc.publicaccessnow.com/PropertyDetail.aspx?mtab=property&mpropertynumber=248431,,,,,,,38.75263,-77.5165,1712707200000.0,1760659200000.0,,Unknown,,,,,,323526.0,,19.0,,,Proposed,,,Prince William,,,,PEC,-77.51649999999995,38.75263000000006
1022,EdgeCore,5735 State Rte 653,Kents Store,VA,23084.0,Medium,,,,https://www.datacenterdynamics.com/en/news/edgecore-to-develop-11gw-data-center-in-louisa-county-virginia/,,,,,,,,37.88311,-78.0388,1750896000000.0,1750896000000.0,1100,"Mega campus (>1,000 MW)",,,,,,3900000.0,,,$17 billion,"Closed-loop, air-cooled",Suspended,,,Goochland,,,,Media Monitoring,-78.0388,37.88311000000004
1023,Birchwood AWS,10900 BIRCHWOOD DR,King George,VA,22485.0,High,,Amazon Data Services Inc,,https://www.datacenterdynamics.com/en/news/virginias-king-george-county-looks-to-approve-75m-sq-ft-data-center-park-for-amazon/,,,,,,,,38.266403,-77.317726,1712707200000.0,1760659200000.0,,Unknown,,,,,,7250000.0,,869.0,,"Under litigation. Project covers more than one parcel, the acreage represents the combined acreage",Proposed,,,King George,,,,PEC,-77.31772599999994,38.266403000000025
1024,Dahlgren West,"west of the intersection of Route 301 and Route 616, just up the road from the Chestnut Hill Loop",King George,VA,22485.0,Medium,,,,https://www.datacenterdynamics.com/en/news/9-million-sq-ft-data-center-campus-proposed-in-virginias-king-george-county/,,,,,,,,38.30985,-77.11264,1752710400000.0,1760659200000.0,,Unknown,,,,,,9000000.0,,497.0,,"Project covers more than one parcel, the acreage represents the combined acreage",Proposed,,,King George,,,,PEC,-77.11263999999994,38.30985000000003
1025,Ladysmith Technology Park,"Ladysmith Road, northwest of I-95 & Ladysmith Road Intersection",,VA,22546.0,Medium,,,,https://co.caroline.va.us/DocumentCenter/View/10114/SP-26-2024--Ladysmith-Tech-Park--Port-Royal,,,,,,,,38.0269,-77.50431,1752710400000.0,1760659200000.0,,Unknown,,,,,,1684480.0,,165.0,,,Proposed,,,Caroline,,,,PEC,-77.50430999999998,38.02690000000006
1026,Amazon Data Center,"41789 Cochran Mill Rd, Leesburg, VA 20175",Leesburg,VA,20175.0,High,,Amzon,,https://www.datacenterdynamics.com/en/news/amazon-acquires-100-acres-in-leesburg-virginia-for-potential-data-center-development/,,,,,,,,39.06878,-77.5313,1747094400000.0,1747094400000.0,,Unknown,,,,,,,,100.0,,,Unknown,,,Loudoun,,,,Media Monitoring,-77.53129999999999,39.06878000000006
1027,Cochran Mill Road,42277 COCHRAN MILL RD,Leesburg,VA,20175.0,High,,,,https://loudouncountyvaeg.tylerhost.net/prod/selfservice#/plan/308CC962-0022-4914-AE51-DC263552E62C?tab=attachments,,,,,,,,39.074635,-77.51654,1754870400000.0,1760659200000.0,,Unknown,,,,,,811129.0,,53.0,,"Project covers more than one parcel, the acreage represents the combined acreage",Proposed,,,Loudoun,,,,PEC,-77.51653999999998,39.07463500000004
1028,COMPASS DATACENTERS IAD I,42247 THUNDERBALL DR,Leesburg,VA,20175.0,High,,COMPASS DATACENTERS IAD I LLC,,https://reparcelasmt.loudoun.gov/pt/datalets/datalet.aspx?mode=profileall&UseSearch=no&pin=194103673001&jur=107&taxyr=2024&LMparent=20,,,,,,,,39.04382,-77.5376,1754870400000.0,1760659200000.0,,Unknown,,,,,,551029.0,,97.0,,Computer Center,Operating,,,Loudoun,,,,PEC,-77.53759999999994,39.04382000000003
1029,Cross Mill Center,20040 SYCOLIN RD,Leesburg,VA,20175.0,High,,"Kuhn, Charles C/JK Holdings II LLC",,https://loudouncountyvaeg.tylerhost.net/prod/selfservice#/plan/CD62CC69-C15B-4904-B924-014D7E4659E6,https://reparcelasmt.loudoun.gov/pt/Datalets/Datalet.aspx?UseSearch=no&mode=profileall&pin=192163918000&jur=107&taxyr=2024,,,,,,,39.06295,-77.550476,1712707200000.0,1760659200000.0,,Unknown,,,,,,546500.0,,21.0,,"Project covers more than one parcel, the acreage represents the combined acreage",Proposed,,,Loudoun,,,,PEC,-77.55047599999995,39.06295000000005
1030,Cross Mill Center data center,Skycolin Rd,Leesburg,VA,20175.0,High,,,,https://www.loudounnow.com/news/supervisors-narrowly-approve-data-center-near-leesburg/article_3e355c29-4dbc-42df-bdb9-37d86f3013ad.html,https://www.datacenterdynamics.com/en/news/proposal-for-data-center-in-leesburg-virginia-approved/,,,,,,,39.06358,-77.5522,1754092800000.0,1754092800000.0,,Unknown,,,,,,556746.0,,22.0,,,Proposed,,,Loudoun,,,,Media Monitoring,-77.55219999999997,39.063580000000044
1031,Greenlin Park,41453 HOGELAND MILL RD,Leesburg,VA,20175.0,High,,Charles S Kuhn/JK Landholdings II LLC,,https://loudouncountyvaeg.tylerhost.net/prod/selfservice#/plan/F4C18E37-B411-4D35-8027-7822DF69FCE9?tab=attachments,https://reparcelasmt.loudoun.gov/pt/Datalets/Datalet.aspx?UseSearch=no&mode=profileall&pin=237395293000&jur=107&taxyr=2024,,,,,,,39.056362,-77.55221,1754870400000.0,1760659200000.0,,Unknown,,,,,,3702600.0,,85.0,,Rezoning does not cover the entire parcel,Proposed,,,Loudoun,,,,PEC,-77.55220999999995,39.05636200000003
1032,HAYDEN TECHNOLOGIES,20491 GOOSE LANDING LN,Leesburg,VA,20175.0,High,,HAYDEN TECHNOLOGIES LLC,,https://loudouncountyvaeg.tylerhost.net/prod/selfservice#/plan/e48043e8-fdbb-4e91-aa87-60d35cb71173?tab=attachments,https://reparcelasmt.loudoun.gov/pt/Datalets/Datalet.aspx?UseSearch=no&mode=profileall&pin=194498227000&jur=107&taxyr=2024,,,,,,,39.051716,-77.53956,1754870400000.0,1760659200000.0,,Unknown,,,,,,563584.0,,119.0,,"Computer Center, 324,890 sq foot expansion called Project Aspen",Operating,Expansion,,Loudoun,,,,PEC,-77.53955999999992,39.05171600000004
1033,IAD 01-04,19540 COMPASS CREEK PKWY,Leesburg,VA,20175.0,High,,MICROSOFT CORP,,https://reparcelasmt.loudoun.gov/pt/Datalets/Datalet.aspx?UseSearch=no&mode=profileall&pin=235297431000&jur=107&taxyr=2024,,,,,,,,39.067856,-77.56021,1712707200000.0,1760659200000.0,,Unknown,,,,,,809314.0,,323.0,,Computer Center,Operating,,,Loudoun,,,,PEC,-77.56020999999998,39.06785600000006
1034,Leesburg Gateway,481 POTOMAC STATION DR,Leesburg,VA,20176.0,High,,Google,,https://www.loudountimes.com/news/google-purchases-148-acres-in-loudoun-county-for-two-new-data-centers/article_9ea96f08-75b1-5779-9fcf-e2b1dec8429e.html,https://reparcelasmt.loudoun.gov/pt/Datalets/Datalet.aspx?UseSearch=no&mode=profileall&pin=148350679000&jur=107&taxyr=2024,,,,,,,39.103153,-77.536385,1712707200000.0,1760659200000.0,,Unknown,,,,,,281800.0,,99.0,,"Project covers more than one parcel, the acreage represents the combined acreage",Proposed,,,Loudoun,,,,PEC,-77.53638499999992,39.10315300000006
1035,NVA06 Campus,19265 COMPASS CREEK PKWY,Leesburg,VA,20175.0,High,,STACK INFRASTRUCTURE,,https://loudouncountyvaeg.tylerhost.net/prod/selfservice#/permit/c5987365-88d6-4775-92c7-1ee4c5fdc8d3?tab=attachments,https://reparcelasmt.loudoun.gov/pt/datalets/datalet.aspx?mode=land_summary&UseSearch=no&pin=234371847001&jur=107&taxyr=2025&LMparent=20,,,,,,,39.080227,-77.56473,1754438400000.0,1760659200000.0,24,Medium (11-50 MW),,,,,,388150.0,,9.0,,SI NVA06A,Operating,,,Loudoun,,,,PEC,-77.56472999999994,39.08022700000003
1036,NVA06 Campus,19275 COMPASS CREEK PKWY SE,Leesburg,VA,20175.0,High,,STACK INFRASTRUCTURE,,https://loudouncountyvaeg.tylerhost.net/prod/selfservice#/permit/c5987365-88d6-4775-92c7-1ee4c5fdc8d3?tab=attachments,https://reparcelasmt.loudoun.gov/pt/datalets/datalet.aspx?mode=commercial&UseSearch=no&pin=234371847002&jur=107&taxyr=2025&LMparent=20,,,,,,,39.082626,-77.56523,1754438400000.0,1760659200000.0,48,Medium (11-50 MW),,,,,,232886.0,,5.0,,SI NVA06B,Operating,,,Loudoun,,,,PEC,-77.56522999999999,39.08262600000006
1037,Oaklawn,101 OAKLAWN DR,Leesburg,VA,20175.0,High,,,,https://www.loudountimes.com/0local-or-not/1local/oaklawn-data-center-affordable-housing-proposal-faces-public-pushback/article_d731930a-5a9a-11ef-bb44-0f2c1a71197b.html,https://reparcelasmt.loudoun.gov/pt/Datalets/Datalet.aspx?sIndex=3&idx=1,,,,,,,39.091972,-77.56057,1724803200000.0,1760659200000.0,,Unknown,,,,,,700000.0,,26.0,,"Denied, but under litigation",Proposed,Redevelopment,,Loudoun,,,,PEC,-77.56057,39.091972000000055
1038,Orme Farm Rezoning,41451 SHREVE MILL RD,Leesburg,VA,20175.0,High,,Van Metre Communities LLC/Roy Barnett,,https://loudouncountyvaeg.tylerhost.net/prod/selfservice#/plan/1E44BC95-A7BA-4323-86B8-C41ADFE4A88E?tab=attachments,https://reparcelasmt.loudoun.gov/pt/Datalets/Datalet.aspx?UseSearch=no&mode=profileall&pin=236387331000&jur=107&taxyr=2024,,,,,,,39.059395,-77.55797,1754870400000.0,1760659200000.0,,Unknown,,,,,,508000.0,,11.0,,,Proposed,,,Loudoun,,,,PEC,-77.55796999999997,39.05939500000004
1039,Project Celtic Phase 1,20680 CELTIC PARK DR,Leesburg,VA,20175.0,High,,Google,,https://loudouncountyvaeg.tylerhost.net/prod/selfservice#/plan/4b096fd7-53cd-49a4-a1c0-32e42413c3c9?tab=attachments,https://reparcelasmt.loudoun.gov/pt/Datalets/Datalet.aspx?UseSearch=no&mode=profileall&pin=193186982000&jur=107&taxyr=2024,,,,,,,39.056915,-77.54663,1754870400000.0,1760659200000.0,,Unknown,,,,,,743608.0,,145.0,,Building 1 & 2,Operating,Expansion,,Loudoun,,,,PEC,-77.54662999999994,39.05691500000007
1040,Project Celtic Phase 2,20649 ENERGY PARK DR,Leesburg,VA,20175.0,High,,Google,,https://loudouncountyvaeg.tylerhost.net/prod/selfservice#/plan/4b096fd7-53cd-49a4-a1c0-32e42413c3c9?tab=attachments,https://reparcelasmt.loudoun.gov/pt/Datalets/Datalet.aspx?UseSearch=no&mode=profileall&pin=193186982000&jur=107&taxyr=2024,,,,,,,39.0539,-77.54465,1754870400000.0,1760659200000.0,,Unknown,,,,,,1190996.0,,,,"Building 3, 4, & 5",Proposed,Expansion,,Loudoun,,,,PEC,-77.54464999999993,39.053900000000056
1041,Spring Valley Technology Park,22532 EVERGREEN MILLS RD,LEESBURG,VA,20175.0,High,,,,https://loudouncountyvaeg.tylerhost.net/prod/selfservice#/plan/0167b7d9-e074-4e2e-bf05-e0599cdea1f5?tab=attachments,https://reparcelasmt.loudoun.gov/pt/Datalets/Datalet.aspx?UseSearch=no&mode=profileall&pin=241270467000&jur=107&taxyr=2025,,,,,,,39.001057,-77.57126,1754438400000.0,1760659200000.0,,Unknown,,,,,,3483902.0,,362.0,,"Rezoning covers multiple parcels, total acreage represented here.",Proposed,,,Loudoun,,,,PEC,-77.57125999999994,39.00105700000006
1042,Tuscarora Crossing Landbay 3,19560 CROSSTRAIL BLVD,Leesburg,VA,20175.0,High,,BlackChamber Group,,https://dgtlinfra.com/blackchamber-group-data-centers-northern-virginia/,https://reparcelasmt.loudoun.gov/pt/Datalets/Datalet.aspx?UseSearch=no&mode=profileall&pin=150151774000&jur=107&taxyr=2024,https://baxtel.com/data-center/tuscarora-crossing-campus,,,,,,39.077232,-77.533745,1712707200000.0,1760659200000.0,,Unknown,,,,,,701400.0,,38.0,,"Substation denied by the Planning Commission in June, 2025",Proposed,,,Loudoun,,,,PEC,-77.53374499999995,39.07723200000004
1043,Villages at Leesburg,42830 GOLF CLUB RD,Leesburg,VA,20176.0,High,,STACK INFRASTRUCTURE,,"https://www.loudountimes.com/0local-or-not/1local/leesburg-town-council-approves-first-data-center/article_568da46e-d674-11ee-90ca-17b0a49acf18.html#:~:text=0-,A%20map%20shows%20the%2034%2Dacre%20property%20in%20the%20Village,by%20the%20Leesburg%20Town%20Council.&text=The%20Leesburg%20Town%20Council%20voted%206%2D1%20Feb.",https://reparcelasmt.loudoun.gov/pt/Datalets/Datalet.aspx?UseSearch=no&mode=profileall&pin=149192542000&jur=107&taxyr=2024,,,,,,,39.087734,-77.5195,1754438400000.0,1760659200000.0,,Unknown,,,,,,250000.0,,34.0,,"Project covers more than one parcel, the acreage represents the combined acreage",Proposed,,,Loudoun,,,,PEC,-77.51949999999994,39.08773400000006
1044,Wilderness Crossing,4447 GERMANNA HWY,Locust Grove,VA,22508.0,High,,Amazon Data Services Inc,,https://www.battlefields.org/preserve/speak-out/fight-continues-wilderness-battlefield,https://orange.cama.concisesystems.com/PropertyPage.aspx?id=5295&direct=1,,,,,,,38.33316,-77.73109,1712707200000.0,1760659200000.0,,Unknown,,,,,,5000000.0,,2600.0,,This project covers multiple parcels. The total acreage has been represented here.,Proposed,,,Orange,,,,PEC,-77.73108999999994,38.33316000000007
1045,Amazon Data Center,Hwy 33,Louisa,VA,23093.0,Medium,,Amazon,,https://www.datacenterdynamics.com/en/news/amazon-files-for-38-million-sq-ft-data-center-campus-in-louisa-county-virginia/,,,,,,,,37.98242,-77.9511,1749513600000.0,1749513600000.0,,Unknown,,,,,,3800000.0,,374.0,,,Proposed,,,Louisa,,,,Media Monitoring,-77.95109999999994,37.98242000000003
1046,North Creek Tech Campus,Mount Airy Rd,Louisa,VA,23093.0,Medium,,Amazon Data Services Inc,,https://www.louisacounty.gov/faq.aspx?qid=275,,,,,,,,37.968376,-77.95334,1712707200000.0,1760659200000.0,,Unknown,,,,,,8700000.0,,1400.0,,This project covers multiple parcels. The total acreage has been represented here.,Proposed,,,Louisa,,,,PEC,-77.95333999999998,37.96837600000003
1047,Amazon Data Center,between Kennon and School Bus Rds,Louisa County,VA,23117.0,High,,Amazon,,https://www.bisnow.com/national/news/data-center/amazon-planning-1370-acre-virginia-data-center-campus-129714,https://tammypurcell.substack.com/p/breaking-amazon-proposes-third-data,https://virginiamercury.com/2025/07/28/amazon-pulls-louisa-county-data-center-proposal-after-strong-resistance/,,,,,,38.00263,-77.94,1753660800000.0,1753660800000.0,,Unknown,,,,,,7200000.0,,1374.0,,,Cancelled,,,Louisa,,,,Media Monitoring,-77.93999999999994,38.00263000000007
1048,Desper Creek Technology Campus (AWS data center),Betw Mt Airy Rd and US-33,Louisa County,VA,23093.0,High,,,,https://www.datacenterdynamics.com/en/news/aws-seeks-permit-for-another-data-center-campus-in-louisa-county-virginia/,,,,,,,,37.97047,-77.9546,1758240000000.0,1758240000000.0,,Unknown,,,,,,,,140.0,,,Proposed,,,Louisa,,,,Media Monitoring,-77.95459999999997,37.970470000000034
1049,Data center,Cabin Field Rd and Richmond Hwy,Lynchburg,VA,24504.0,High,,,,https://wset.com/news/local/campbell-county-supervisors-urged-to-reject-data-center-proposal-amid-concerns-september-2025-cabin-field-road-concord-route-460,https://www.datacenterdynamics.com/en/news/data-center-plan-for-campbell-county-virginia-rejected/,https://wset.com/news/local/campbell-county-faces-data-center-proposals-as-residents-call-for-stricter-regulations-route-460-concord-cabin-field-road-mesh-capital-llc-supervisor-matthew-kline-november-2025,,,,,,37.3761,-79.0327,1758240000000.0,1763251200000.0,,Unknown,,,,3.0,,450000.0,,57.0,,Supervisors urged to reject,Cancelled,,,Campbell,,,,Media Monitoring,-79.03269999999998,37.37610000000007
1050,9001 Hornbaker Rd,9001 HORNBAKER RD,Manassas,VA,20109.0,High,,,,https://egcss.pwcgov.org/SelfService#/plan/a0b0e2d0-2ccb-47b1-ab3f-3275db071d01?tab=attachments,https://pwc.publicaccessnow.com/PropertyDetail.aspx?mtab=property&mpropertynumber=114479,,,,,,,38.762554,-77.53385,1752278400000.0,1760659200000.0,,Unknown,,,,,,871518.0,,40.0,,,Proposed,,,Prince William,,,,PEC,-77.53384999999997,38.76255400000007
1051,ABTEEN VENTURES LLC (CloudHQ),10880 AIRMAN AVE,Manassas,VA,20110.0,High,,ABTEEN VENTURES LLC (CloudHQ),,https://pwc.publicaccessnow.com/PropertyDetail.aspx?mpropertynumber=257650&mtab=property&p=257650,,,,,,,,38.716854,-77.49974,1712707200000.0,1760659200000.0,,Unknown,,,,,,394593.0,,28.0,,,Operating,,,Prince William,,,,PEC,-77.49973999999997,38.71685400000007
1052,AIRPORT GATEWAY COMMERCE CENTER,10850 Airman Ave,Manassas,VA,20110.0,High,,"UNICORN HOTEL LLC, C/O DUPONT FABROS DEVELOPMENT, PCL D",,https://egcss.pwcgov.org/SelfService#/project/a44840d1-befb-4b5c-93ee-0485a9dc4f84,,,,,,,,38.72144,-77.49643,1712707200000.0,1760659200000.0,,Unknown,,,,,,,,7.0,,,Proposed,,,Prince William,,,,PEC,-77.49642999999998,38.72144000000003
1053,Airport Gateway Commerce Center,10940 AIRMAN AVE,Manassas,VA,20110.0,High,,"UNICORN INTERESTS LLC, PCL F1",,https://pwc.publicaccessnow.com/PropertyDetail.aspx?mtab=property&mpropertynumber=026258,https://pwc.publicaccessnow.com/PropertyDetail.aspx?mtab=property&mpropertynumber=026258,,,,,,,38.715843,-77.49836,1712707200000.0,1760659200000.0,,Unknown,,,,,,369600.0,,36.0,,,Proposed,,,Prince William,,,,PEC,-77.49835999999995,38.715843000000056
1054,ALEXANDRIA TECHNOLOGY CENTER,10600 PYRAMID PL,Manassas,VA,20110.0,High,,QTS MANASSAS I LAND LLC C/O BLACKSTONE PROPERTY ADVISORS,,https://pwc.publicaccessnow.com/PropertyDetail.aspx?mtab=property&mpropertynumber=248324,https://pwc.publicaccessnow.com/PropertyDetail.aspx?mtab=property&mpropertynumber=248324,,,,,,,38.756546,-77.51377,1712707200000.0,1760659200000.0,,Unknown,,,,,,,,12.0,,,Proposed,,,Prince William,,,,PEC,-77.51376999999995,38.75654600000006
1055,Alligned Data Centers (Balls Ford),10920 BALLS FORD RD,Manassas,VA,20109.0,High,,PROPCO LLC,,https://egcss.pwcgov.org/SelfService#/plan/5c7da087-98bf-4549-8e76-1e6eb1934083?tab=attachments,https://pwc.publicaccessnow.com/PropertyDetail.aspx?mtab=property&mpropertynumber=227933,,,,,,,38.799274,-77.52802,1712707200000.0,1760659200000.0,,Unknown,,,,,,1275141.0,,28.0,,,Proposed,,,Prince William,,,,PEC,-77.52801999999998,38.79927400000003
1056,Amazon Data Center,7101 CENTURY PARK DR,Manassas,VA,20109.0,High,,AMAZON DATA SERVICES INC,,https://www.datacenterdynamics.com/en/news/amazon-acquires-140-acres-of-land-in-manassas-virginia/,https://pwc.publicaccessnow.com/PropertyDetail.aspx?mtab=property&mpropertynumber=265828,,,,,,,38.7977,-77.54477,1712707200000.0,1760659200000.0,,Unknown,,,,,,,,17.0,,,Proposed,,,Prince William,,,,PEC,-77.54476999999997,38.79770000000007
1057,Amazon Data Center,7300 CENTURY PARK DR,Manassas,VA,20109.0,High,,AMAZON DATA SERVICES INC,,https://www.datacenterdynamics.com/en/news/amazon-acquires-140-acres-of-land-in-manassas-virginia/,https://pwc.publicaccessnow.com/PropertyDetail.aspx?mtab=property&mpropertynumber=265829,,,,,,,38.7956,-77.54214,1712707200000.0,1760659200000.0,,Unknown,,,,,,,,11.0,,,Proposed,,,Prince William,,,,PEC,-77.54213999999995,38.79560000000003
1058,Amazon Data Center,7500 BETHLEHEM RD,Manassas,VA,20109.0,High,,AMAZON DATA SERVICES INC,,https://pwc.publicaccessnow.com/PropertyDetail.aspx?mtab=property&mpropertynumber=022195,,,,,,,,38.792118,-77.53619,1712707200000.0,1760659200000.0,,Unknown,,,,,,,,10.0,,,Proposed,,,Prince William,,,,PEC,-77.53618999999998,38.792118000000066
1059,Amazon Data Center,,Manassas,VA,20110.0,Medium,,Amazon Data Services Inc,,https://www.princewilliamtimes.com/news/manassas-to-net-28-million-in-land-sale-for-amazon-data-center-but-the-money/article_9be9a116-a505-11ee-a48c-e7a38d4609f7.html,,,,,,,,38.733845,-77.51592,1712707200000.0,1760659200000.0,,Unknown,,,,,,,,,,,Proposed,,,Manassas,,,,PEC,-77.51591999999994,38.733845000000024
1060,AMAZON DATA SERVICES INC,10201 TANNER WAY,Manassas,VA,20110.0,High,,AMAZON DATA SERVICES INC,,https://pwc.publicaccessnow.com/PropertyDetail.aspx?mpropertynumber=078744&mtab=property&p=078744,,,,,,,,38.734943,-77.504524,1712707200000.0,1760659200000.0,,Unknown,,,,,,,,83.0,,,Operating,,,Prince William,,,,PEC,-77.50452399999995,38.734943000000044
1061,AMAZON DATA SERVICES INC,11800 BREWERS SPRING RD,Manassas,VA,20109.0,High,,AMAZON DATA SERVICES INC,,https://pwc.publicaccessnow.com/PropertyDetail.aspx?mpropertynumber=257270&mtab=property&p=257270,,,,,,,,38.79109,-77.54837,1712707200000.0,1760659200000.0,,Unknown,,,,,,123534.0,,8.0,,,Operating,,,Prince William,,,,PEC,-77.54836999999998,38.79109000000005
1062,AMAZON DATA SERVICES INC,11801 BREWERS SPRING RD,Manassas,VA,20109.0,High,,AMAZON DATA SERVICES INC,,https://pwc.publicaccessnow.com/PropertyDetail.aspx?mpropertynumber=255831&mtab=property&p=255831,,,,,,,,38.789906,-77.54799,1712707200000.0,1760659200000.0,,Unknown,,,,,,115600.0,,10.0,,,Operating,,,Prince William,,,,PEC,-77.54798999999997,38.78990600000002
1063,AMAZON DATA SERVICES INC,7600 DOANE DR,Manassas,VA,20109.0,High,,AMAZON DATA SERVICES INC,,https://pwc.publicaccessnow.com/PropertyDetail.aspx?mpropertynumber=257269&mtab=property&p=257269,,,,,,,,38.792156,-77.54833,1712707200000.0,1760659200000.0,,Unknown,,,,,,127700.0,,8.0,,,Operating,,,Prince William,,,,PEC,-77.54832999999996,38.79215600000003
1064,Ashwood Addition,10400 HARRY J PARRISH BLVD,Manassas,VA,20110.0,High,,,,https://datacenterhawk.com/marketplace/providers/cloudhq/10400-harry-j-parrish-blvd/mdc,https://pwc.publicaccessnow.com/PropertyDetail.aspx?mtab=property&mpropertynumber=251263,,,,,,,38.731693,-77.51026,1752278400000.0,1760659200000.0,,Unknown,,,,,,800000.0,,85.0,,,Proposed,,,Prince William,,,,PEC,-77.51025999999996,38.73169300000007
1065,BOURZOU VENTURES LLC (CloudHQ),10100 HARRY J PARRISH BLVD,Manassas,VA,20110.0,High,,BOURZOU VENTURES LLC (CloudHQ),,https://pwc.publicaccessnow.com/PropertyDetail.aspx?mpropertynumber=254673&mtab=property&p=254673,,,,,,,,38.72298,-77.49923,1712707200000.0,1760659200000.0,,Unknown,,,,,,347876.0,,23.0,,,Operating,,,Prince William,,,,PEC,-77.49922999999995,38.72298000000006
1066,COPT DC INNOVATION LLC,11120 THOMASSON BARN RD,Manassas,VA,20109.0,High,,COPT DC INNOVATION LLC,,https://pwc.publicaccessnow.com/PropertyDetail.aspx?mpropertynumber=228234&mtab=property&p=228234,,,,,,,,38.74406,-77.529854,1712707200000.0,1760659200000.0,,Unknown,,,,,,352030.0,,21.0,,,Operating,,,Prince William,,,,PEC,-77.52985399999996,38.744060000000054
1067,DC 12 14 DE LLC (Amazon),7056 WELLINGTON RD,Manassas,VA,20109.0,High,,DC 12 14 DE LLC (Amazon),,https://pwc.publicaccessnow.com/PropertyDetail.aspx?mpropertynumber=225337&mtab=property&p=225337,,,,,,,,38.778107,-77.558235,1712707200000.0,1760659200000.0,,Unknown,,,,,,311198.0,,24.0,,,Operating,,,Prince William,,,,PEC,-77.55823499999995,38.77810700000004
1068,Digital Second Manassas,10000 BRICKYARD WAY,Manassas,VA,20110.0,High,,DIGITAL CARVER BRICKYARD LLC,,https://gisweb.pwcgov.org/webapps/countymapper/index.html?Layer=Parcel&GPIN=7695-53-7717,https://pwc.publicaccessnow.com/PropertyDetail.aspx?mtab=property&mpropertynumber=081573,,,,,,,38.737873,-77.508286,1712707200000.0,1760659200000.0,,Unknown,,,,,,1759136.0,,61.0,,Need better source for square footage,Proposed,,,Prince William,,,,PEC,-77.50828599999994,38.737873000000036
1069,EQUINIX LLC,7400 INFANTRY RIDGE RD,Manassas,VA,20109.0,High,,EQUINIX LLC,,https://pwc.publicaccessnow.com/PropertyDetail.aspx?mpropertynumber=094465&mtab=property&p=094465,,,,,,,,38.80344,-77.510796,1712707200000.0,1760659200000.0,,Unknown,,,,,,109800.0,,7.0,,,Operating,,,Prince William,,,,PEC,-77.51079599999997,38.80344000000008
1070,GI TC 7510 MASON KING CT LLC (Amazon),7510 MASON KING CT,Manassas,VA,20109.0,High,,GI TC 7510 MASON KING CT LLC (Amazon),,https://pwc.publicaccessnow.com/PropertyDetail.aspx?mpropertynumber=083773&mtab=property&p=083773,,,,,,,,38.790344,-77.54118,1712707200000.0,1760659200000.0,,Unknown,,,,,,150000.0,,10.0,,,Operating,,,Prince William,,,,PEC,-77.54117999999994,38.790344000000054
1071,INNOVATION EXECUTIVE CENTER DC-3,9420 GODWIN DR,Manassas,VA,20109.0,High,,QTS MANASSAS I DC2 LLC,,https://egcss.pwcgov.org/SelfService#/project/aa699c84-7dd0-4bb1-aaec-7712d020a74b,,,,,,,,38.75278,-77.51228,1712707200000.0,1760659200000.0,,Unknown,,,,,,174719.0,,,,,Proposed,,,Prince William,,,,PEC,-77.51227999999998,38.75278000000002
1072,Innovation On The Parkway PRA,11101 University Blvd,Manassas,VA,20110.0,High,,,,https://wtop.com/prince-william-county/2025/07/prince-william-county-residents-push-back-against-recommendation-of-another-data-center/,https://eservice.pwcgov.org/planning/documents/REZ2023-00001.pdf,https://egcss.pwcgov.org/SelfService#/plan/005eaa9c-a822-4dad-b14e-35d804a4f532,https://pwc.publicaccessnow.com/PropertyDetail.aspx?mtab=property&mpropertynumber=202724,,,,,38.75382,-77.5245,1753747200000.0,1753747200000.0,,Unknown,,,,,,577000.0,,18.0,,Increasing size of current data center on same site,Proposed,Redevelopment,,Prince William,Yes,,,Media Monitoring and PEC,-77.52449999999999,38.753820000000076
1073,Iron Mountain Building 7,8328 BETHLEHEM RD,Manassas,VA,20109.0,High,,IRON MOUNTAIN DATA CENTERS VA 7 LLC,,https://datacenterhawk.com/marketplace/providers/iron-mountain-data-centers/11500-prince-william-parkway/va-7,https://pwc.publicaccessnow.com/PropertyDetail.aspx?mtab=property&mpropertynumber=090673,,,,,,,38.775063,-77.539795,1712707200000.0,1760659200000.0,,Unknown,,,,,,304000.0,,24.0,,,Proposed,,,Prince William,,,,PEC,-77.53979499999997,38.77506300000004
1074,Iron Mountain data center VA-1,11680 Hayden Rd,Manassas,VA,20109.0,High,,,,https://www.datacenterdynamics.com/en/news/iron-mountain-starts-work-on-data-center-campus-near-richmond-virginia/,https://pwc.publicaccessnow.com/PropertyDetail.aspx?mpropertynumber=228118&mtab=property&p=228118,,,,,,,38.77727,-77.5477,1748217600000.0,1748217600000.0,280,Hyperscale (101-999 MW),,,,,,165230.0,,12.0,,,Operating,,,Prince William,,,,Media Monitoring and PEC,-77.54769999999996,38.777270000000044
1075,Iron Mountain data center VA-5,7729 Wellington Glen Dr,Manassas,VA,20109.0,High,,,,https://www.insidenova.com/headlines/prince-william-supervisors-approve-va-8-9-data-center-rezoning-to-extend-iron-mountain-campus/article_96d99fd1-7c5f-40df-aa5f-23b7357c819c.html,https://www.datacenterdynamics.com/en/news/iron-mountain-files-to-expand-manassas-data-center-campus/,https://pwc.publicaccessnow.com/PropertyDetail.aspx?mtab=property&mpropertynumber=246599,,,,,,38.77139,-77.5423,1754179200000.0,1754179200000.0,,Unknown,,,,,,165428.0,,15.0,,,Approved/Permitted/Under construction,,,Prince William,,,,Media Monitoring and PEC,-77.54229999999994,38.771390000000046
1076,KH Data Capital Development,11560 HAYDEN RD,Manassas,VA,20109.0,High,,IRON MOUNTAIN DATA CENTERS VA 4/5 SUBSIDIARY LLC,,https://eservice.pwcgov.org/planning/documents/REZ2021-00022.pdf,https://pwc.publicaccessnow.com/PropertyDetail.aspx?mtab=property&mpropertynumber=264279,,,,,,,38.77393,-77.54234,1712707200000.0,1760659200000.0,,Unknown,,,,,,201083.0,,17.0,,,Operating,,,Prince William,,,,PEC,-77.54233999999997,38.77393000000006
1077,"KH DATA CAPITAL DEVELOPMENT LAND LLC
 C/O IRON MOUNTAIN GLOBAL REAL ESTATE",11650 HAYDEN RD,Manassas,VA,20109.0,High,,"KH DATA CAPITAL DEVELOPMENT LAND LLC
 C/O IRON MOUNTAIN GLOBAL REAL ESTATE",,https://pwc.publicaccessnow.com/PropertyDetail.aspx?mpropertynumber=228119&mtab=property&p=228119,,,,,,,,38.7768,-77.54394,1712707200000.0,1760659200000.0,,Unknown,,,,,,597590.0,,41.0,,,Operating,,,Prince William,,,,PEC,-77.54393999999996,38.77680000000003
1078,Manassas Corporate Center MCC-7 PRA,10101 HARRY J PARRISH BLVD,Manassas,VA,20110.0,High,,UNICORN INTERESTS LLC,,https://egcss.pwcgov.org/SelfService#/plan/96c7aacf-964e-419b-ae82-f9f97a86808d?tab=attachments,,,,,,,,38.722412,-77.50135,1712707200000.0,1760659200000.0,,Unknown,,,,,,1082231.0,,,,,Proposed,,,Prince William,,,,PEC,-77.50134999999995,38.72241200000008
1079,MANASSAS NCP LLC,9000 FREEDOM CENTER BLVD,Manassas,VA,20110.0,High,,MANASSAS NCP LLC,,https://pwc.publicaccessnow.com/PropertyDetail.aspx?mpropertynumber=025267&mtab=property&p=025267,,,,,,,,38.760582,-77.51869,1712707200000.0,1760659200000.0,,Unknown,,,,,,409252.0,,19.0,,,Operating,,,Prince William,,,,PEC,-77.51868999999992,38.760582000000056
1080,Manassas Point,7816 BETHLEHEM RD,Manassas,VA,20109.0,High,,,,https://egcss.pwcgov.org/SelfService#/plan/112446d3-3458-4c10-9081-42d87805d421?tab=attachments,https://pwc.publicaccessnow.com/PropertyDetail.aspx?mtab=property&mpropertynumber=022171,,,,,,,38.783833,-77.53779,1752451200000.0,1760659200000.0,,Unknown,,,,,,1739350.0,,40.0,,This project covers multiple parcels. The total acreage has been represented here. Square footage increased in an amendment in 2024,Proposed,,,Prince William,,,,PEC,-77.53778999999997,38.783833000000065
1081,MANASSAS TECHNOLOGY PARTNERS LLC (Amazon),7505 MASON KING CT,Manassas,VA,20109.0,High,,MANASSAS TECHNOLOGY PARTNERS LLC (Amazon),,https://pwc.publicaccessnow.com/PropertyDetail.aspx?mpropertynumber=214426&mtab=property&p=214426,,,,,,,,38.791252,-77.53829,1712707200000.0,1760659200000.0,,Unknown,,,,,,109543.0,,8.0,,,Operating,,,Prince William,,,,PEC,-77.53828999999996,38.79125200000003
1082,MCC5,10740 AIRMAN AVE,Manassas,VA,20112.0,High,,"UNICORN INTERESTS LLC, CLOUD HQ",,https://datacenterhawk.com/marketplace/providers/cloudhq/10740-airman-avenue/mcc5,https://pwc.publicaccessnow.com/PropertyDetail.aspx?mpropertynumber=094463,,,,,,,38.719757,-77.49309,1712707200000.0,1760659200000.0,,Unknown,,,,,,400000.0,,24.0,,,Proposed,,,Prince William,,,,PEC,-77.49308999999995,38.719757000000065
1083,MCI COMMUNICATION SERVICES LLC VERIZON GLOBAL REAL ESTATE,7777 INFANTRY RIDGE RD,Manassas,VA,20109.0,High,,MCI COMMUNICATION SERVICES LLC VERIZON GLOBAL REAL ESTATE,,https://pwc.publicaccessnow.com/PropertyDetail.aspx?mpropertynumber=201953&mtab=property&p=201953,,,,,,,,38.80486,-77.51249,1712707200000.0,1760659200000.0,,Unknown,,,,,,227465.0,,20.0,,,Operating,,,Prince William,,,,PEC,-77.51248999999994,38.804860000000076
1084,Mid-County Industrial Park,14901 DUMFRIES RD,Manassas,VA,20112.0,High,,,,https://egcss.pwcgov.org/SelfService#/plan/3dd0c08d-d7fa-483c-8e0f-1913eb303cd0,https://pwc.publicaccessnow.com/PropertyDetail.aspx?mpropertynumber=155883&mtab=property&p=155883,,,,,,,38.63156,-77.41153,1752192000000.0,1760659200000.0,,Unknown,,,,,,664715.0,,64.0,,This project covers multiple parcels. The total acreage has been represented here. Proffers amended in 2024 to increase the square footage. New footage represented here.,Proposed,,,Prince William,,,,PEC,-77.41152999999998,38.63156000000003
1085,NVA05A & NVA05B Proffer Amendment and Rezoning,9101 FREEDOM CENTER BLVD,Manassas,VA,20109.0,High,,,,https://egcss.pwcgov.org/SelfService#/plan/19004ff1-7e88-4661-9d3f-ad33ecaa1da2,https://pwc.publicaccessnow.com/PropertyDetail.aspx?mtab=property&mpropertynumber=023467,,,,,,,38.760544,-77.51536,1752451200000.0,1760659200000.0,,Unknown,,,,,,814777.0,,37.0,,This project covers multiple parcels. The total acreage has been represented here. Proffers amended to increase square footage in 2024,Proposed,,,Prince William,,,,PEC,-77.51535999999999,38.76054400000003
1086,NVA05C,8860 WELLINGTON RD,MANASSAS,VA,20109.0,High,,,,https://egcss.pwcgov.org/SelfService#/plan/ec71ba9b-8783-4bd2-ab90-57a68d5f7d0c?tab=locations,,,,,,,,38.761223,-77.511635,1752278400000.0,1760659200000.0,,Unknown,,,,,,261312.0,,24.0,,This project covers multiple parcels. The total acreage has been represented here. Tax parcel information unavailable at time of addition.,Proposed,,,Prince William,,,,PEC,-77.51163499999994,38.76122300000004
1087,NVA15 LLC,9650 HORNBAKER RD,Manassas,VA,20109.0,High,,STACK INFRASTRUCTURE,,https://www.insidenova.com/headlines/stack-infrastructure-finalizes-1-8m-square-feet-in-bristow/article_557b56ba-8289-11ed-8ad6-ebd8be2d9699.html,https://pwc.publicaccessnow.com/PropertyDetail.aspx?mtab=property&mpropertynumber=264056,,,,,,,38.74385,-77.53758,1712707200000.0,1760659200000.0,48,Medium (11-50 MW),,,,,,24000.0,,32.0,,,Proposed,,,Prince William,,,,PEC,-77.53757999999993,38.74385000000007
1088,NVA16 LLC,9530 HORNBAKER RD,Manassas,VA,20109.0,High,,Amazon Data Services Inc,,https://www.insidenova.com/headlines/stack-infrastructure-finalizes-1-8m-square-feet-in-bristow/article_557b56ba-8289-11ed-8ad6-ebd8be2d9699.html,https://pwc.publicaccessnow.com/PropertyDetail.aspx?mtab=property&mpropertynumber=001510,,,,,,,38.748554,-77.53744,1712707200000.0,1760659200000.0,48,Medium (11-50 MW),,,,,,24000.0,,31.0,,,Proposed,,,Prince William,,,,PEC,-77.53743999999995,38.748554000000055
1089,PARSONS BUSINESS PARK LLC,14237 DUMFRIES RD,Manassas,VA,20112.0,High,,,,https://egcss.pwcgov.org/SelfService#/plan/f202a52f-d21d-48eb-ab3e-8577eaaaff93?tab=attachments,https://pwc.publicaccessnow.com/PropertyDetail.aspx?mtab=property&mpropertynumber=099464,,,,,,,38.645596,-77.4416,1752192000000.0,1760659200000.0,,Unknown,,,,,,2628411.0,,91.0,,"This project covers multiple parcels. The total acreage has been represented here. Project was expanded in 2024, the new footage is represented here.",Proposed,,,Prince William,,,,PEC,-77.44159999999994,38.645596000000076
1090,Potomac Technology Park,14854 DUMFRIES RD,Manassas,VA,20112.0,High,,Plaza Realty Management Inc,,https://egcss.pwcgov.org/SelfService/PWCePortal#/plan/a6ee77bc-ded4-40cd-ab62-1a962feb18a1?tab=attachments,https://pwc.publicaccessnow.com/PropertyDetail.aspx?mpropertynumber=264531&mtab=property&p=264531,,,,,,,38.630245,-77.42247,1712707200000.0,1760659200000.0,,Unknown,,,,,,1160000.0,,52.0,,square footage includes all impervious surface,Proposed,,,Prince William,,,,PEC,-77.42246999999998,38.630245000000066
1091,POWERLOFT @ INNOVATION I,9651 HORNBAKER RD,Manassas,VA,20109.0,High,,POWERLOFT @ INNOVATION I,,https://pwc.publicaccessnow.com/PropertyDetail.aspx?mpropertynumber=248042&mtab=property&p=248042,,,,,,,,38.74736,-77.53177,1712707200000.0,1760659200000.0,,Unknown,,,,,,247608.0,,20.0,,,Operating,,,Prince William,,,,PEC,-77.53176999999992,38.74736000000006
1092,Project Well,6894 WELLINGTON RD,Manassas,VA,20109.0,High,,,,https://egcss.pwcgov.org/SelfService#/plan/f91d05d2-9f16-4321-8d9d-8c28831b0c2d?tab=attachments,https://pwc.publicaccessnow.com/PropertyDetail.aspx?mtab=property&mpropertynumber=094151,,,,,,,38.780552,-77.56264,1752278400000.0,1760659200000.0,,Unknown,,,,,,1341019.0,,44.0,,This project covers multiple parcels. The total acreage has been represented here.,Proposed,,,Prince William,,,,PEC,-77.56263999999999,38.780552000000064
1093,QTS Manassas DC 2,9400 GODWIN DR,Manassas,VA,20110.0,High,,QTS Manassas DC 2,,https://pwc.publicaccessnow.com/PropertyDetail.aspx?mpropertynumber=261328&mtab=property&p=261328,,,,,,,,38.752438,-77.513145,1712707200000.0,1760659200000.0,,Unknown,,,,,,127000.0,,12.0,,,Operating,,,Prince William,,,,PEC,-77.51314499999997,38.75243800000004
1094,QTS Manassas DC 5,9301 FREEDOM CENTER BLVD,Manassas,VA,20109.0,High,,QTS Manassas DC 5,,https://pwc.publicaccessnow.com/PropertyDetail.aspx?mpropertynumber=248323&mtab=property&p=248323,,,,,,,,38.75485,-77.51758,1712707200000.0,1760659200000.0,,Unknown,,,,,,305510.0,,23.0,,,Operating,,,Prince William,,,,PEC,-77.51757999999995,38.75485000000003
1095,QTS MANASSAS I DC3 LLC,9480 GODWIN DR,Manassas,VA,20110.0,High,,QTS MANASSAS I DC3 LLC,,https://pwc.publicaccessnow.com/PropertyDetail.aspx?mpropertynumber=246763&mtab=property,https://pwc.publicaccessnow.com/PropertyDetail.aspx?mtab=property&mpropertynumber=246763,https://egcss.pwcgov.org/SelfService#/project/bf056fe5-a489-4e3f-ac62-1a4449179c33?tab=locations,,,,,,38.753265,-77.510345,1712707200000.0,1760659200000.0,,Unknown,,,,,,269091.0,,32.0,,Expansion named QTS MANASSAS I DC6 LLC proposed,Operating,Expansion,,Prince William,,,,PEC,-77.51034499999997,38.753265000000056
1096,QTS MANASSAS I DC6 LLC,9540 GODWIN DR,Manassas,VA,20110.0,High,,QTS MANASSAS I DC6 LLC C/O BLACKSTONE PROPERTY ADVISORS,,https://egcss.pwcgov.org/SelfService#/project/0c44cca2-aaaa-4c97-8b2b-e2bb17ee1980?tab=moreinfo,https://pwc.publicaccessnow.com/PropertyDetail.aspx?mtab=property&mpropertynumber=081575,,,,,,,38.75438,-77.509895,1712707200000.0,1760659200000.0,,Unknown,,,,,,269091.0,,,,,Proposed,Expansion,,Prince William,,,,PEC,-77.50989499999997,38.754380000000026
1097,SI NVA 04 LLC (Avanti at Innovation),9590 HORNBAKER RD,Manassas,VA,20109.0,High,,STACK INFRASTRUCTURE,,https://pwc.publicaccessnow.com/PropertyDetail.aspx?mtab=property&mpropertynumber=264057,,,,,,,,38.74576,-77.53817,1712707200000.0,1760659200000.0,,Unknown,,,,,,281000.0,,11.0,,,Operating,,,Prince William,,,,PEC,-77.53816999999997,38.74576000000006
1098,SI NVA02 LLC A1A,9720 HORNBAKER RD,Manassas,VA,20109.0,High,,STACK INFRASTRUCTURE,,https://pwc.publicaccessnow.com/PropertyDetail.aspx?mpropertynumber=263058&mtab=property&p=263058,,,,,,,,38.74435,-77.53293,1712707200000.0,1760659200000.0,,Unknown,,,,,,224652.0,,12.0,,,Operating,,,Prince William,,,,PEC,-77.53292999999996,38.74435000000005
1099,SI NVA02 LLC A2A,9750 HORNBAKER RD,Manassas,VA,20109.0,High,,STACK INFRASTRUCTURE,,https://pwc.publicaccessnow.com/PropertyDetail.aspx?mpropertynumber=263807&mtab=property&p=263807,,,,,,,,38.743156,-77.53342,1712707200000.0,1760659200000.0,,Unknown,,,,,,241249.0,,13.0,,,Operating,,,Prince William,,,,PEC,-77.53341999999999,38.74315600000005
1100,SI NVA05 LLC,9680 INNOVATION DR,Manassas,VA,20110.0,High,,STACK INFRASTRUCTURE,,https://pwc.publicaccessnow.com/PropertyDetail.aspx?mpropertynumber=265449&mtab=property&p=265449,,,,,,,,38.748386,-77.521545,1712707200000.0,1760659200000.0,,Unknown,,,,,,213320.0,,31.0,,,Operating,,,Prince William,,,,PEC,-77.52154499999995,38.74838600000004
1101,SI NVA06 LLC,9700 INNOVATION DR,Manassas,VA,20110.0,High,,STACK INFRASTRUCTURE,,https://pwc.publicaccessnow.com/PropertyDetail.aspx?mtab=property&mpropertynumber=265450,,,,,,,,38.747314,-77.51989,1712707200000.0,1760659200000.0,,Unknown,,,,,,223757.0,,16.0,,,Operating,,,Prince William,,,,PEC,-77.51988999999998,38.74731400000007
1102,SI NVA07 LLC,9720 INNOVATION DR,Manassas,VA,20110.0,High,,STACK INFRASTRUCTURE,,https://pwc.publicaccessnow.com/PropertyDetail.aspx?mtab=property&mpropertynumber=265451,,,,,,,,38.746647,-77.51876,1712707200000.0,1760659200000.0,,Unknown,,,,,,233757.0,,16.0,,,Operating,,,Prince William,,,,PEC,-77.51875999999997,38.74664700000005
1103,SI NVA08 LLC,9740 INNOVATION DR,Manassas,VA,20110.0,High,,STACK INFRASTRUCTURE,,https://pwc.publicaccessnow.com/PropertyDetail.aspx?mpropertynumber=265452&mtab=property&p=265452,,,,,,,,38.746067,-77.51748,1712707200000.0,1760659200000.0,,Unknown,,,,,,216067.0,,16.0,,,Operating,,,Prince William,,,,PEC,-77.51747999999998,38.74606700000003
1104,South Point Phase II LLC,8300 BUCKEYE TIMBER DR,Manassas,VA,20109.0,High,,South Point Phase II LLC,,https://www.insidenova.com/headlines/planners-support-linton-hall-data-center-proposal/article_a70fa594-176e-11ec-995a-7f53ce2a867d.html,https://pwc.publicaccessnow.com/PropertyDetail.aspx?mtab=property&mpropertynumber=225070,,,,,,,38.77665,-77.5567,1712707200000.0,1760659200000.0,,Unknown,,,,,,530000.0,,22.0,,This project covers multiple parcels. The total acreage has been represented here.,Proposed,,,Prince William,,,,PEC,-77.55669999999998,38.776650000000075
1105,Stoneview,8625 Wellington Rd,Manassas,VA,20109.0,High,,,,https://egcss.pwcgov.org/SelfService#/plan/3f012be5-4a81-4341-8710-e239efdb3b1e,https://pwc.publicaccessnow.com/PropertyDetail.aspx?mtab=property&mpropertynumber=023779,,,,,,,38.76551,-77.51943,1752192000000.0,1760659200000.0,,Unknown,,,,,,149558.0,,12.0,,,Proposed,,,Prince William,,,,PEC,-77.51942999999994,38.765510000000056
1106,"UNICORN INTERESTS LLC, PCL C1",10849 AIRMAN AVE,Manassas,VA,20110.0,High,,UNICORN INTERESTS LLC,,https://egcss.pwcgov.org/SelfService#/project/d91b5451-7721-4963-b450-05f269c503e5,https://pwc.publicaccessnow.com/PropertyDetail.aspx?mtab=property&mpropertynumber=254675,,,,,,,38.719288,-77.496185,1712707200000.0,1760659200000.0,,Unknown,,,,,,250144.0,,17.0,,,Proposed,,,Prince William,,,,PEC,-77.49618499999995,38.719288000000056
1107,VA6B1 and VA6B2,7749 WELLINGTON RD,Manassas,VA,20109.0,High,,IRON MOUNTAIN DATA CENTERS LLC,,https://egcss.pwcgov.org/SelfService#/project/e9a346de-2f59-4bf0-97e6-98b81a0869e6,https://pwc.publicaccessnow.com/PropertyDetail.aspx?mtab=property&mpropertynumber=270074,,,,,,,38.76804,-77.53841,1712707200000.0,1760659200000.0,,Unknown,,,,,,230706.0,,14.0,,,Operating,,,Prince William,,,,PEC,-77.53840999999996,38.76804000000005
1108,Vulcan Data Center,8501 VULCAN LN,Manassas,VA,20109.0,High,,Amazon Data Services Inc,,https://egcss.pwcgov.org/SelfService#/plan/f322379d-0301-4028-9ba5-e23724a6cb51,https://pwc.publicaccessnow.com/PropertyDetail.aspx?mtab=property&mpropertynumber=019605,,,,,,,38.77115,-77.51435,1712707200000.0,1760659200000.0,,Unknown,,,,,,1071000.0,,165.0,,square footage is an estimate,Proposed,,,Prince William,,,,PEC,-77.51434999999998,38.77115000000003
1109,WELLINGTON GLEN TECHNOLOGY PARK,11901 SUDLEY MANOR DR,Manassas,VA,20109.0,High,,,,https://egcss.pwcgov.org/SelfService#/plan/c31952ca-2934-4acc-ab29-9db4ec01e339?tab=attachments,,,,,,,,38.764816,-77.54452,1752451200000.0,1760659200000.0,,Unknown,,,,,,645000.0,,51.0,,This project covers multiple parcels. The total acreage has been represented here. Square footage increased in an amendment in 2025,Proposed,,,Prince William,,,,PEC,-77.54451999999998,38.76481600000004
1110,Wellington Road PRA,8819 Wellington Rd,Manassas,VA,20109.0,High,,,,https://egcss.pwcgov.org/SelfService#/plan/55087cda-4790-4f98-be5d-2a054fe2c464?tab=attachments,,,,,,,,38.763477,-77.513535,1752192000000.0,1760659200000.0,,Unknown,,,,,,370175.0,,9.0,,This project covers multiple parcels. The total acreage has been represented here.,Proposed,,,Prince William,,,,PEC,-77.51353499999993,38.76347700000008
1111,Westview 66,11314 BALLS FORD RD,Manassas,VA,20109.0,High,,Microsoft Corporation,,https://www.datacenterdynamics.com/en/news/microsoft-to-build-new-data-center-in-manassas-virginia/,https://pwc.publicaccessnow.com/PropertyDetail.aspx?mtab=property&mpropertynumber=246592,,,,,,,38.79625,-77.53552,1712707200000.0,1760659200000.0,,Unknown,,,,,,623360.0,,40.0,,,Proposed,,,Prince William,,,,PEC,-77.53551999999996,38.796250000000036
1112,Roosevelt Building,1755 OLD MEADOW RD,McLean,VA,22102.0,High,,YOSEMITE DC ASSETS LLC,,https://www.fairfaxcounty.gov/planning-development/sites/planning-development/files/Assets/Documents/PDF/data-centers-report.pdf#page=1,https://icare.fairfaxcounty.gov/ffxcare/Datalets/Datalet.aspx?mode=&UseSearch=no&pin=0294%2006%20%200105&jur=129&taxyr=2025,,,,,,,38.919983,-77.211754,1712707200000.0,1760659200000.0,,Unknown,,,,,,72546.0,,4.0,,,Operating,,,Fairfax,,,,PEC,-77.21175399999998,38.91998300000006
1113,Middletown Data Center,8209 Valley Pike,MIddletown,VA,22645.0,High,,MIDDLETOWN DATA CENTER LLC,,https://frdnet.fcva.us/applications/COR_ViewPropertyCards/View_Detail.aspx?mrecno=28249,,,,,,,,39.01765,-78.29093,1712707200000.0,1760659200000.0,6.7,Small (0-10 MW),,,,,,33483.0,,6.0,,,Operating,,,Frederick,,,,PEC,-78.29092999999995,39.017650000000046
1114,Project Loch,751 WATKINS CENTRE PKWY,Midlothian,VA,23114.0,High,,,,https://chesterfieldfits.com/site/wp-content/uploads/2025/05/25SN1040-Watkins.-Proffers.-Executed.-5.9.25-01718951xBE3E4.pdf,https://www.chesterfield.gov/828/Real-Estate-Assessment-Data#/Details/716706972000002,,,,,,,37.499065,-77.69161,1757635200000.0,1760659200000.0,,Unknown,,,,,,,,350.0,,"Square footage not reported. Project covers more than one parcel, the acreage represents the combined acreage",Proposed,,,Chesterfield,,,,PEC,-77.69160999999997,37.49906500000004
1115,Province Group @Powhatan Technology Park,1318 PAGE RD,MIDLOTHIAN,VA,23113.0,High,,Province Group,,https://www.datacenterdynamics.com/en/news/3bn-data-center-proposed-outside-richmond-in-powhatan-county-virginia/,https://powhatanvarealestate.org/ParcelViewer/,https://www.datacenterdynamics.com/en/news/province-group-data-center-campus-gets-green-light-in-powhatan-county-virginia/,https://www.jll.com/en-us/newsroom/powhatan-county-approves-180-acre-data-center-development,https://www.wric.com/news/local-news/powhatan-county/data-center-campus-eastern-powhatan/,,,,37.50839,-77.73239,1724284800000.0,1768435200000.0,365,"Mega campus (>1,000 MW)",,,,,,2000000.0,,180.0,,sqft covers three buildings,Approved/Permitted/Under construction,,,Powhatan,,,,PEC,-77.73238999999995,37.50839000000007
1116,Project Loch (Google),750 Watkins Centre Pkwy,Midloththian,VA,23114.0,High,,Google,,https://richmondbizsense.com/2025/07/14/sites-slated-for-mystery-data-center-projects-in-chesterfield-sell-for-nearly-60m/,https://richmondbizsense.com/2025/08/28/chesterfield-scores-a-google-trifecta-tech-giant-reveals-ties-to-3-massive-sites-across-the-county/,,,,,,,37.49932,-77.6884,1752537600000.0,1752537600000.0,,Unknown,,,,,,,,340.0,,,Proposed,,,Chesterfield,,,,Media Monitoring,-77.68839999999994,37.49932000000006
1117,Lake Anna Tech Campus,Intersection of Haley Dr and Kentucky Springs Rd,Mineral,VA,23117.0,Medium,,Amazon Data Services Inc,,https://tammypurcell.substack.com/p/more-details-emerge-about-plans-for?utm_source=substack&utm_medium=email,,,,,,,,38.04825,-77.80991,1712707200000.0,1760659200000.0,,Unknown,,,,,,1700000.0,,150.0,,This project covers multiple parcels. The total acreage has been represented here.,Proposed,,,Louisa,,,,PEC,-77.80990999999995,38.04825000000005
1118,Project Skye (Google),4200 Moseley R,Moseley,VA,23120.0,High,,Google,,https://richmondbizsense.com/2025/07/14/sites-slated-for-mystery-data-center-projects-in-chesterfield-sell-for-nearly-60m/,https://richmondbizsense.com/2025/08/28/chesterfield-scores-a-google-trifecta-tech-giant-reveals-ties-to-3-massive-sites-across-the-county/,,,,,,,37.44824,-77.781,1752537600000.0,1752537600000.0,,Unknown,,,,,,,,890.0,,,Proposed,,,Chesterfield,,,,Media Monitoring,-77.78099999999996,37.44824000000006
1119,Upper Magnolia Green East,18100 DUVAL RD,Moseley,VA,23120.0,High,,,,https://chesterfieldfits.com/site/wp-content/uploads/2025/05/East.Proffers.Executed.04-09-25-01709493xBE3E4.pdf,https://www.chesterfield.gov/828/Real-Estate-Assessment-Data#/Details/698680060200000,,,,,,,37.42037,-77.75997,1750982400000.0,1760659200000.0,,Unknown,,,,,,,,744.0,,This project covers multiple parcels. The total acreage has been represented here.,Proposed,,,Chesterfield,,,,PEC,-77.75996999999994,37.42037000000004
1120,Upper Magnolia Green West Tract A and Tract B,4401 MOSELEY RD,Moseley,VA,23120.0,High,,,,https://chesterfieldfits.com/site/wp-content/uploads/2025/05/25SN1038.West-Tract-A.-Proffers.-Executed.-5.9.25-01718952xBE3E4.pdf,https://www.chesterfield.gov/828/Real-Estate-Assessment-Data#/Details/693685201900000,,,,,,,37.444225,-77.77384,1750982400000.0,1760659200000.0,,Unknown,,,,,,,,979.0,,This project covers multiple parcels. The total acreage has been represented here.,Proposed,,,Chesterfield,,,,PEC,-77.77383999999995,37.44422500000007
1121,EdgeConneX Norfolk,3800 VILLAGE AVENUE,Norfolk,VA,23502.0,High,,"Warehouse 888, Llc",,https://air.norfolk.gov/#/property/46178100,,,,,,,,36.86186,-76.235344,1712707200000.0,1760659200000.0,,Unknown,,,,,,4610.0,,5.0,,Partial use of an existing building,Operating,,,Norfolk,,,,PEC,-76.23534399999994,36.86186000000003
1122,Zone5,2415 ALMEDA AVENUE,Norfolk,VA,23513.0,High,,Fair Holdings Llc,,https://air.norfolk.gov/#/property/19029100,,,,,,,,36.87813,-76.21608,1712707200000.0,1760659200000.0,,Unknown,,,,,,,,1.0,,,Operating,,,Norfolk,,,,PEC,-76.21607999999996,36.878130000000056
1123,Perspecta Datacenter Campus,13600 EDS DR,Oak Hill,VA,20171.0,High,,Amazon Data Services Inc,,https://www.fairfaxcounty.gov/planning-development/sites/planning-development/files/Assets/Documents/PDF/data-centers-report.pdf#page=1,https://icare.fairfaxcounty.gov/ffxcare/Datalets/Datalet.aspx?mode=&UseSearch=no&pin=0244%2001%20%200006B8&jur=129&taxyr=2025,,,,,,,38.923347,-77.426834,1712707200000.0,1760659200000.0,,Unknown,,,,,,1046632.0,,48.0,,"271,471 sq foot expansion of an existing facility",Operating,Expansion,,Fairfax,,,,PEC,-77.42683399999999,38.923347000000035
1124,Convergent Technology Park,James Madison St,Remington,VA,22734.0,High,,Convergent VA LLC,,https://commdevpay.fauquiercounty.gov/Energov_Prod/SelfService#/plan/4370817a-ce39-47d9-994b-1a0548fa9fa2?tab=attachments,https://commdevpay.fauquiercounty.gov/Energov_Prod/SelfService#/plan/4370817a-ce39-47d9-994b-1a0548fa9fa2?tab=attachments,,,,,,,38.546986,-77.80626,1724284800000.0,1760659200000.0,,Unknown,,,,,,1056000.0,,139.0,,listed sqft in northern 104 acres,Proposed,,,Fauquier,,,,PEC,-77.80625999999995,38.54698600000005
1125,Gigaland LLC data center,~12283 Lucky Hill Rd,Remington,VA,22734.0,High,,,,https://www.fauquiernow.com/news/gigaland-developers-weigh-smaller-footprint-for-remington-data-center/article_1b71d125-88f6-4ca9-9992-3cc5b3f789cc.html,https://www.datacenterdynamics.com/en/news/plans-for-800mw-gigaland-data-center-campus-withdrawn-in-fauquier-county-virginia/,,,,,,,38.5367,-77.7811,1756771200000.0,1756771200000.0,,Unknown,,,,,,2200000.0,,,,May now be reduced in half to 1 million sq ft,Suspended,,,Fauquier,,,,Media Monitoring,-77.78109999999998,38.53670000000006
1126,Gigaland Remington,12270 Lucky Hill Road,Remington,VA,22734.0,High,,Gigaland Data Centers,,https://www.fauquier.com/news/gigaland-pitches-new-data-center-complex-near-remington/article_54a84456-c63e-11ee-9791-af00814cfeff.html?emci=b70cb8e1-97c6-ee11-85f9-002248223794&emdi=9a5bec2c-b0c6-ee11-85f9-002248223794&ceid=11786847#tncms-source=Front%20Page%20Top%20Headlines%201-4,https://gis.vgsi.com/fauquierva/Parcel.aspx?pid=7982,,,,,,,38.534485,-77.78287,1712707200000.0,1760659200000.0,,Unknown,,,,,,1600000.0,,202.0,,"Project covers more than one parcel, the acreage represents the combined acreage",Proposed,,,Fauquier,,,,PEC,-77.78286999999995,38.534485000000075
1127,Remington Innovation Campus,11462 REMINGTON RD,REMINGTON,VA,22734.0,High,,,,https://commdevpay.fauquiercounty.gov/Energov_Prod/SelfService#/plan/e900e88c-2070-4bb5-81ff-23e7be27ca04?tab=locations,https://www.actdatascout.com/RealProperty/ParcelView,,,,,,,38.56304,-77.77671,1752710400000.0,1760659200000.0,,Unknown,,,,,,2221560.0,,204.0,,"Project covers more than one parcel, the acreage represents the combined acreage. Square footage based on 0.25 FAR",Proposed,,,Fauquier,,,,PEC,-77.77670999999997,38.56304000000005
1128,Remington Technology Park,6980 HELM DR,Remington,VA,22734.0,High,,REMINGTON TECHNOLOGY PARK LTD PTNRSHP,,https://commdevpay.fauquiercounty.gov/Energov_Prod/SelfService#/plan/418c4f35-ec88-4631-97e8-6b53bf810a32,https://gis.vgsi.com/fauquierva/Parcel.aspx?pid=8404,,,,,,,38.54051,-77.78908,1712707200000.0,1760659200000.0,300,Hyperscale (101-999 MW),,,,,,1700000.0,,234.0,,,Proposed,,,Fauquier,,,,PEC,-77.78907999999996,38.54051000000005
1129,SAMX Data Center,11825 REMINGTON RD,Remington,VA,22734.0,High,,SAMX Data,,https://commdevpay.fauquiercounty.gov/Energov_Prod/SelfService#/plan/e3d99e5d-0689-4369-9a48-015f450b6517,https://gis.vgsi.com/fauquierva/Parcel.aspx?pid=8405,,,,,,,38.543182,-77.7834,1712707200000.0,1760659200000.0,,Unknown,,,,,,1140000.0,,55.0,,"Project covers more than one parcel, the acreage represents the combined acreage",Proposed,,,Fauquier,,,,PEC,-77.78339999999997,38.54318200000005
1130,Coresite 12100 SV & 12098 SV,12379 A SUNRISE VALLEY DR,Reston,VA,20191.0,High,,Coresite,,https://www.fairfaxcounty.gov/planning-development/sites/planning-development/files/Assets/Documents/PDF/data-centers-report.pdf#page=1,https://icare.fairfaxcounty.gov/ffxcare/Datalets/Datalet.aspx?mode=&UseSearch=no&pin=0173%2001%20%200032A&jur=129&taxyr=2025,,,,,,,38.948456,-77.371704,1712707200000.0,1760659200000.0,,Unknown,,,,,,610643.0,,13.0,,"332,957 sq foot expansion",Operating,Expansion,,Fairfax,,,,PEC,-77.37170399999998,38.94845600000008
1131,LEMUR PROPERTIES LLC,1780 BUSINESS CENTER DR,Reston,VA,20190.0,High,,Digital Realty,,https://www.fairfaxcounty.gov/planning-development/sites/planning-development/files/Assets/Documents/PDF/data-centers-report.pdf#page=1,https://icare.fairfaxcounty.gov/ffxcare/Datalets/Datalet.aspx?mode=&UseSearch=no&pin=0183%2008%20%200009A&jur=129&taxyr=2025,,,,,,,38.948555,-77.32714,1712707200000.0,1760659200000.0,,Unknown,,,,,,264888.0,,9.0,,,Operating,,,Fairfax,,,,PEC,-77.32713999999997,38.94855500000005
1132,RDC-1807 MICHAEL FARADAY COURT,1807 MICHAEL FARADAY CT,Reston,VA,20190.0,High,,RDC-1807 MICHAEL FARADAY COURT LLC,,https://icare.fairfaxcounty.gov/ffxcare/Datalets/Datalet.aspx?mode=&UseSearch=no&pin=0183%2005%20%200010&jur=129&taxyr=2025,,,,,,,,38.948864,-77.32922,1712707200000.0,1760659200000.0,,Unknown,,,,,,30609.0,,2.0,,,Operating,,,Fairfax,,,,PEC,-77.32921999999996,38.948864000000064
1133,Science Applications International Corp (SAIC),12010 SUNSET HILLS RD,Reston,VA,20190.0,High,,DISCOVERY SQUARE LLC,,https://icare.fairfaxcounty.gov/ffxcare/datalets/datalet.aspx?mode=com_combined&UseSearch=no&pin=0173%2001%20%200005&jur=129&taxyr=2025&LMparent=138,,,,,,,,38.952652,-77.34998,1712707200000.0,1760659200000.0,,Unknown,,,,,,,,6.0,,,Operating,,,Fairfax,,,,PEC,-77.34997999999996,38.95265200000006
1134,SUNRISE TECHNOLOGY PARK,12098 SUNRISE VALLEY DR,Reston,VA,20191.0,High,,Coresite,,https://www.fairfaxcounty.gov/planning-development/sites/planning-development/files/Assets/Documents/PDF/data-centers-report.pdf#page=1,https://icare.fairfaxcounty.gov/ffxcare/datalets/datalet.aspx?mode=profileall&sIndex=0&idx=1&LMparent=138,,,,,,,38.950703,-77.36489,1712707200000.0,1760659200000.0,,Unknown,,,,,,423341.0,,14.0,,square footage may be underrepresented,Operating,,,Fairfax,,,,PEC,-77.36488999999995,38.95070300000003
1135,Azalea,5209 WILKINSON RD,Richmond,VA,23227.0,High,,BWS Enterprises,,https://www.datacenterdynamics.com/en/news/proposals-for-two-data-center-projects-in-richmond-virginia-deferred-by-local-officials/,"https://realestate.henrico.us/ords/cam/f?p=510101:5:::NO::P5_PARCEL_ID,P5_SEARCH_TYPE:795-746-5940,0",,,,,,,37.604717,-77.423416,1724803200000.0,1760659200000.0,10,Small (0-10 MW),,,,,,456108.0,,31.0,,Azalea flea market location,Proposed,,,Henrico,,,,PEC,-77.42341599999997,37.604717000000036
1136,DC Blox,5209 Wilkinson Rd,Richmond,VA,23227.0,High,,,,https://www.vpm.org/listen/2025-02-21/bizsense-beat-magnolia-green-azalea-flea-market,,,,,,,,37.60576,-77.4211,1747958400000.0,1747958400000.0,,Unknown,,,,,,65000.0,,,,,Unknown,,,Henrico,,,,Media Monitoring,-77.42109999999997,37.60576000000003
1137,Infotel Systems Data Center,6008 HERMITAGE RD,Richmond,VA,23228.0,High,,Infotel,,"https://realestate.henrico.us/ords/cam/f?p=510101:5:::NO::P5_PARCEL_ID,P5_SEARCH_TYPE:780-748-2431,0",,,,,,,,37.61285,-77.47348,1712707200000.0,1760659200000.0,,Unknown,,,,,,572.0,,1.0,,,Operating,,,Henrico,,,,PEC,-77.47347999999994,37.61285000000004
1138,Lumen Richmond 1,8851 PARK CENTRAL DR,Richmond,VA,23227.0,High,,LEVEL 3 COMMUNICATIONS LLC,,"https://realestate.henrico.us/ords/cam/f?p=510101:5:::NO::P5_PARCEL_ID,P5_SEARCH_TYPE:790-760-2582,0",,,,,,,,37.646786,-77.438446,1712707200000.0,1760659200000.0,,Unknown,,,,,,36508.0,,6.0,,,Operating,,,Henrico,,,,PEC,-77.43844599999994,37.64678600000008
1139,Wagner Urban Logistics LLC data center,near 2248 Darbytown Rd,Richmond,VA,23231.0,Medium,,,,https://www.datacenterdynamics.com/en/news/planners-oppose-data-center-campus-in-varina-virginia/,,,,,,,,37.48448,-77.3579,1757980800000.0,1757980800000.0,,Unknown,,,,8.0,,,,195.0,,"Across from housing development, 1/2 mile to elementary school",Suspended,,,Henrico,,,,Media Monitoring,-77.35789999999997,37.484480000000076
1140,Google data center: Center for Research and Technology,near Thirlane Rd,Roanoke,VA,24019.0,High,,Google,,https://www.roanokerambler.com/with-1-billion-google-data-center-deal-inked-the-roanoke-valley-enters-the-game/,https://roanoke.org/real-estate/roanoke-county-center-for-research-technology/,,,,,,,37.33734,-79.9992,1752796800000.0,1752796800000.0,,Unknown,,,,,,,,,,,Proposed,,,Roanoke,,,,Media Monitoring,-79.99919999999997,37.33734000000003
1141,Google data center: Summit View Business Park,east and west of Brick Church Rd,Rocky Mount,VA,24151.0,Medium,,Google,,https://www.roanokerambler.com/with-1-billion-google-data-center-deal-inked-the-roanoke-valley-enters-the-game/,https://www.yesfranklincountyva.org/228/Summit-View-Business-Park,,,,,,,37.07742,-79.9252,1752796800000.0,1752796800000.0,,Unknown,,,,,,,,,,,Proposed,,,Franklin,,,,Media Monitoring,-79.92519999999996,37.077420000000075
1142,Green Energy Center,HOG ISLAND ROAD,Rushmere,VA,23883.0,Medium,,Green Energy Partners,,https://www.datacenterfrontier.com/energy/article/33010239/onsite-energy-plans-for-new-data-center-projects-reflect-industrys-decarbonization-investment,,,,,,,,37.152023,-76.685074,1712707200000.0,1760659200000.0,,Unknown,,,,,,,,641.0,,This project covers multiple parcels. The total acreage has been represented here.,Proposed,,,Surry,,,,PEC,-76.68507399999999,37.15202300000004
1143,ADP Ladysmith Data Hub,18577 GREEN RD,Ruther Glen,VA,22546.0,High,,,,https://co.caroline.va.us/DocumentCenter/View/10347/RZ-02-2025-SPEX-06-2025-Ladysmith-Data-Hub?bidId=,,,,,,,,38.00433,-77.50445,1752624000000.0,1760659200000.0,,Unknown,,,,,,1600000.0,,140.0,,,Proposed,,,Caroline,,,,PEC,-77.50444999999996,38.004330000000024
1144,Airlee Industrial and Data Center Site,Intersection of Rt. 1 and CCC Road,Ruther Glen,VA,22546.0,High,,,,https://sites.vedp.org/virginia/propertyid/286091,,,,,,,,37.997375,-77.50243,1752624000000.0,1760659200000.0,,Unknown,,,,,,1500000.0,,184.0,,"Project covers more than one parcel, the acreage represents the combined acreage",Proposed,,,Caroline,,,,PEC,-77.50242999999995,37.99737500000003
1145,Carmel Church Data Hub,Welcom Way Dr,Ruther Glen,VA,22546.0,Medium,,W & F PARTNERS,,https://co.caroline.va.us/DocumentCenter/View/9366/RZ-03-2023--Carmel-Church-Data-Hub,,,,,,,,37.939327,-77.477974,1712707200000.0,1760659200000.0,,Unknown,,,,,,1600000.0,,97.0,,"Project covers more than one parcel, the acreage represents the combined acreage",Proposed,,,Caroline,,,,PEC,-77.47797399999996,37.93932700000004
1146,Carmel Technology & Enterprise Center,"Jericho Road, west of the intersection
 of Jericho Road, Rogers Clark Blvd. & U.S. Route 1",Ruther Glen,VA,22546.0,Medium,,,,https://co.caroline.va.us/DocumentCenter/View/9994/RZ-06-2024-Luck-Stone-CTEC,,,,,,,,37.924026,-77.50552,1752624000000.0,1760659200000.0,,Unknown,,,,,,5600000.0,,1196.0,,"Project covers more than one parcel, the acreage represents the combined acreage",Proposed,,,Caroline,,,,PEC,-77.50551999999999,37.924026000000026
1147,Caroline Center for Innovation,23286 CARNEAL LN,Ruther Glen,VA,22546.0,High,,,,https://co.caroline.va.us/DocumentCenter/View/10157/RZ-01-2025-Caroline-Ctr-for-Innovation,,,,,,,,37.942783,-77.41627,1752624000000.0,1760659200000.0,,Unknown,,,,,,3000000.0,,278.0,,"Project covers more than one parcel, the acreage represents the combined acreage",Proposed,,,Caroline,,,,PEC,-77.41626999999994,37.94278300000006
1148,Caroline Center for Innovation - North,13039 Mickey's Wy,Ruther Glen,VA,22546.0,High,,,,https://co.caroline.va.us/DocumentCenter/View/10428/SPEX-08-2025-Caroline-Ctr-for-Innov-North---Reedy-Church,,,,,,,,37.95119,-77.42421,1752624000000.0,1760659200000.0,,Unknown,,,,,,1500000.0,,95.0,,,Proposed,,,Caroline,,,,PEC,-77.42420999999995,37.95119000000005
1149,CleanArc Data Center (VA1),8436 Ladysmith Rd,Ruther Glen,VA,22546.0,High,,CleanArc Data Centers,,https://www.datacenterdynamics.com/en/news/cleanarc-gets-green-light-for-600mw-data-center-campus-in-caroline-county-virginia/,https://www.datacenterdynamics.com/en/news/cleanarc-breaks-ground-on-900mw-data-center-campus-in-virginia/,https://www.governor.virginia.gov/newsroom/news-releases/2025/november/name-1071533-en.html,,,,,,38.01594,-77.4973,1758240000000.0,1764115200000.0,300-600,Hyperscale (101-999 MW),,,,3.0,,,Closed loop,650.0,$3 billion,,Approved/Permitted/Under construction,,2027.0,Caroline,,,,Media Monitoring,-77.49729999999994,38.01594000000006
1150,Thornberry Data Center Campus,23202 Carneal Lane,Ruther Glen,VA,22546.0,High,,,,https://co.caroline.va.us/DocumentCenter/View/10426/RZ-03-2025-Thornberry-LLC-Reedy-Church,,,,,,,,37.95416,-77.40686,1752624000000.0,1760659200000.0,,Unknown,,,,,,3300000.0,,1002.0,,Property straddles CSX railroad line,Proposed,,,Caroline,,,,PEC,-77.40685999999994,37.95416000000006
1151,VALCO Data Center Park,Mt Airy Road,Ruther Glen,VA,22546.0,Medium,,VALCO CAROLINE COUNTY,,https://co.caroline.va.us/AgendaCenter/ViewFile/Item/5593?fileID=9447,,,,,,,,37.924103,-77.54387,1712707200000.0,1760659200000.0,,Unknown,,,,,,1216000.0,,855.0,,"Project covers more than one parcel, the acreage represents the combined acreage",Proposed,,,Caroline,,,,PEC,-77.54386999999997,37.924103000000066
1152,VALCO Data Center Park,5499 Mt Airy Dr,Ruther Glen,VA,22546.0,High,,,,https://www.datacenterdynamics.com/en/news/10m-sq-ft-amazon-files-for-four-data-center-campuses-in-virginias-spotsylvania-and-caroline-counties/,,,,,,,,37.93823,-77.54898,1769212800000.0,,,Hyperscale (101-999 MW),,,,10.0,,,,855.0,,,Proposed,,,Caroline,,,,Media Monitoring,-77.54897999999997,37.93823000000003
1153,Valo Park,7950 JONES BRANCH DR,Ruther Glen,VA,22546.0,High,,TAMARES 7950 OWNER LLC,,https://icare.fairfaxcounty.gov/ffxcare/Datalets/Datalet.aspx?mode=&UseSearch=no&pin=0292%2015%20%20%20%20%20%20C1&jur=129&taxyr=2025,,,,,,,,38.932384,-77.21859,1712707200000.0,1760659200000.0,,Unknown,,,,,,842366.0,,17.0,,,Operating,,,Fairfax,,,,PEC,-77.21858999999995,38.93238400000006
1154,Google data center,Glenmary Dr,Salem,VA,24153.0,Medium,,Google,,https://www.roanokerambler.com/with-1-billion-google-data-center-deal-inked-the-roanoke-valley-enters-the-game/,,,,,,,,37.2685,-80.1678,1752796800000.0,1752796800000.0,,Unknown,,,,,,,,,,,Proposed,,,Roanoke,,,,Media Monitoring,-80.16779999999994,37.268500000000074
1155,6200 TECHNOLOGY BLVD,6200 TECHNOLOGY BLVD,Sandston,VA,23150.0,High,,FACEBOOK INC,,https://realestate.henrico.us/ords/cam/f?p=510101:5:::NO:::,,,,,,,,37.48185,-77.236465,1712707200000.0,1760659200000.0,,Unknown,,,,,,320459.0,,172.0,,square footage may be underreported,Operating,,,Henrico,,,,PEC,-77.23646499999995,37.48185000000006
1156,7301 TECHNOLOGY BLVD,7301 TECHNOLOGY BLVD,Sandston,VA,23150.0,High,,FACEBOOK INC,,"https://realestate.henrico.us/ords/cam/f?p=510101:5:::NO::P5_PARCEL_ID,P5_SEARCH_TYPE:852-700-2714,0",,,,,,,,37.47831,-77.22688,1712707200000.0,1760659200000.0,,Unknown,,,,,,338899.0,,129.0,,,Operating,,,Henrico,,,,PEC,-77.22687999999994,37.478310000000064
1157,Atlantic Crossing,2801 OLD WILLIAMSBURG RD,Sandston,VA,23150.0,High,,ATLANTIC CROSSING LLC,,https://www.datacenterdynamics.com/en/news/hourigan-files-for-320-acre-data-center-campus-outside-richmond-virginia/?emci=44212ab4-0fa0-ee11-bea1-002248223f36&emdi=712e0f52-37a0-ee11-bea1-002248223f36&ceid=11786847,"https://realestate.henrico.us/ords/cam/f?p=510101:5:::NO::P5_PARCEL_ID,P5_SEARCH_TYPE:840-713-3163,0",,,,,,,37.504288,-77.26043,1715817600000.0,1760659200000.0,,Unknown,,,,,,,,662.0,,,Proposed,,,Henrico,,,,PEC,-77.26042999999999,37.50428800000002
1158,Bank of America,6050 TECHNOLOGY CREEK DR,Sandston,VA,23150.0,High,,Bank of America,,"https://realestate.henrico.us/ords/cam/f?p=510101:5:::NO::P5_PARCEL_ID,P5_SEARCH_TYPE:849-706-0950,0",,,,,,,,37.495663,-77.23808,1712707200000.0,1760659200000.0,,Unknown,,,,,,382408.0,,65.0,,,Operating,,,Henrico,,,,PEC,-77.23807999999997,37.49566300000003
1159,Iron Mountain,5900 Technology Blvd,Sandston,VA,23150.0,Medium,,,,https://www.datacenterdynamics.com/en/news/iron-mountain-starts-work-on-data-center-campus-near-richmond-virginia/,,,,,,,,37.47669,-77.2329,1748217600000.0,1748217600000.0,200,Hyperscale (101-999 MW),,,,,,1000000.0,,66.0,,,Unknown,,,Henrico,,,,Media Monitoring,-77.23289999999997,37.47669000000007
1160,Project Tropical,3951 PORTUGEE RD,Sandston,VA,23150.0,High,,FACEBOOK INC,,https://www3.co.henrico.va.us/comments/main.php?Permit=POD2022-00605&Action=related&Submit=Submit,"https://realestate.henrico.us/ords/cam/f?p=510101:5:::NO::P5_PARCEL_ID,P5_SEARCH_TYPE:850-698-1623,0",,,,,,,37.4738,-77.23478,1712707200000.0,1760659200000.0,,Unknown,,,,,,675000.0,,475.0,,White Oak Tech Park Expansion,Proposed,Expansion,,Henrico,,,,PEC,-77.23477999999994,37.47380000000003
1161,White Oak Tech Park (QTS),6000 TECHNOLOGY BLVD,Sandston,VA,23150.0,High,,QTS,,"https://realestate.henrico.us/ords/cam/f?p=510101:5:::NO::P5_PARCEL_ID,P5_SEARCH_TYPE:846-703-0495,0",,,,,,,,37.489464,-77.24603,1712707200000.0,1760659200000.0,,Unknown,,,,,,769186.0,,210.0,,,Operating,,,Henrico,,,,PEC,-77.24602999999996,37.489464000000055
1162,Hillcrest Data Center,49 COUNTRY LANE,South Hill,VA,23970.0,High,,Microsoft Corporation,,https://www.datacenterdynamics.com/en/news/microsoft-files-for-permit-to-build-data-center-campus-in-mecklenburg-county-virginia/,https://mecklenburg.cama.concisesystems.com/PropertyPage.aspx?id=39166&direct=1,,,,,,,36.70315,-78.12708,1712707200000.0,1760659200000.0,,Unknown,,,,,,,,153.0,,This project covers multiple parcels. The total acreage has been represented here.,Proposed,,,Mecklenburg,,,,PEC,-78.12707999999998,36.70315000000003
1163,Microsoft,260 Butts St,South Hill,VA,23970.0,High,,Microsoft,,https://www.levelset.com/property-owners/microsoft-corporation/project-history/,,,,,,,,36.70687,-78.1278,1757980800000.0,1757980800000.0,,Unknown,,,,,,,,,,,Approved/Permitted/Under construction,,,Mecklenburg,,,,Crowdsourced,-78.12779999999998,36.706870000000045
1164,Microsoft,Tunstall Rd,South Hill,VA,23970.0,Medium,,Microsoft,,https://www.datacenterdynamics.com/en/news/microsoft-files-for-another-virginia-campus-in-mecklenburg-county/,,,,,,,,36.74631,-78.1018,1748304000000.0,1748304000000.0,,Unknown,,,,,,,,132.0,,,Unknown,,,Mecklenburg,,,,Media Monitoring,-78.10179999999997,36.74631000000004
1165,AWS H&M Property,25500 MEADOWDALE DR,South Riding,VA,20152.0,High,,Amazon Data Services Inc,,https://www.loudountimes.com/news/loudoun-planning-commission-signs-off-on-amazon-data-center-project/article_0e17ff90-d1be-11ea-9103-bb61a9f22c3a.html,https://reparcelasmt.loudoun.gov/pt/Datalets/Datalet.aspx?UseSearch=no&mode=profileall&pin=096183926000&jur=107&taxyr=2024,https://loudouncountyvaeg.tylerhost.net/prod/selfservice#/plan/4922d1ce-97e0-4321-ade6-f449aace6208?tab=moreinfo,,,,,,38.92111,-77.4863,1754438400000.0,1760659200000.0,,Unknown,,,,,,274000.0,,82.0,,"Computer Center. 274,000 sq ft, Building A, complete as of 2023. This parcel is likely to be subdivided after construction is complete. Building C expansion 259,000 sq ft and Building H expansion 259,000 sq ft proposed within original parcel. Additional expansion outside of original parcel 958,000 sq ft",Operating,Expansion,,Loudoun,,,,PEC,-77.48629999999997,38.92111000000005
1166,Firefox Dulles,44150 WADE DR,South Riding,VA,20152.0,High,,Brian Clifford/DLA PIPER LLP (US),,https://loudouncountyvaeg.tylerhost.net/prod/selfservice#/plan/78E3A554-EEDF-454D-B64F-9980B4A2E471?tab=attachments,https://reparcelasmt.loudoun.gov/pt/Datalets/Datalet.aspx?UseSearch=no&mode=profileall&pin=097409598000&jur=107&taxyr=2024,,,,,,,38.920612,-77.472885,1712707200000.0,1760659200000.0,,Unknown,,,,,,641451.0,,18.0,,,Proposed,,,Loudoun,,,,PEC,-77.47288499999998,38.92061200000006
1167,Sutton Bay,25800 SUTTON BAY PLZ,South Riding,VA,20152.0,High,,Amazon Data Services Inc,,https://reparcelasmt.loudoun.gov/pt/datalets/datalet.aspx?mode=profileall&UseSearch=no&pin=097398776000&jur=107&taxyr=2024&LMparent=20,,,,,,,,38.91631,-77.47834,1712707200000.0,1760659200000.0,,Unknown,,,,,,508000.0,,43.0,,"Shown as ""Storage Warehouse""",Operating,,,Loudoun,,,,PEC,-77.47833999999995,38.91631000000006
1168,Gateway Commerce Center,5654 Hickory Ridge RD,Spotsylvania,VA,22551.0,High,,,,https://www.spotsylvania.va.us/DocumentCenter/View/24117/Executed-Proffer-Statement-,https://gis.spotsylvania.va.us/spotsylvania/#/mwl?zoom=16&location=-77.529108_38.165611,,,,,,,38.165024,-77.529495,1752796800000.0,1760659200000.0,,Unknown,,,,,,2200000.0,,203.0,,This project covers multiple parcels. The total acreage has been represented here.,Proposed,,,Spotsylvania,,,,PEC,-77.52949499999994,38.165024000000074
1169,SpotsyTech Campus,"West of I-95, east of N Roxbury Mill Rd",Spotsylvania Courthouse,VA,22551.0,High,,,,https://www.datacenterdynamics.com/en/news/new-29-million-sq-ft-technology-park-proposed-in-spotsylvania-county-virginia/,https://www.datacenterdynamics.com/en/news/powerhouse-plans-800mw-campus-in-virginias-spotsylvania-county/,,,,,,,38.159935,-77.51494,1769212800000.0,,800,Hyperscale (101-999 MW),,,,9.0,,2900000.0,,315.0,,,Proposed,,2030.0,Spotsylvania,,,,Media Monitoring,-77.51493999999995,38.15993500000008
1170,AWS Loisdale Station,7961 Loisdale Rd,Springfield,VA,22150.0,High,,Amazon Data Services Inc,,https://www.fairfaxcounty.gov/planning-development/sites/planning-development/files/Assets/Documents/PDF/data-centers-report.pdf#page=1,https://icare.fairfaxcounty.gov/ffxcare/Datalets/Datalet.aspx?mode=&UseSearch=no&pin=0992%2001%20%200008A&jur=129&taxyr=2025,,,,,,,38.742268,-77.186424,1712707200000.0,1760659200000.0,,Unknown,,,,,,240000.0,,23.0,,,Proposed,,,Fairfax,,,,PEC,-77.186424,38.74226800000002
1171,VA 95 BUILDING NINE LP,7600 BOSTON BLVD,Springfield,VA,22153.0,High,,VA 95 BUILDING NINE LP,,https://icare.fairfaxcounty.gov/ffxcare/Datalets/Datalet.aspx?mode=&UseSearch=no&pin=0991%2012%20%200010&jur=129&taxyr=2025,,,,,,,,38.739193,-77.20798,1712707200000.0,1760659200000.0,,Unknown,,,,,,69832.0,,4.0,,,Operating,,,Fairfax,,,,PEC,-77.20797999999996,38.73919300000005
1172,Accokeek Center,RT 1/Interstate 95 South of Rappahannock Regional Jail,Stafford,VA,22554.0,Medium,,,,https://cdn.staffordcountyva.gov/Planning%20and%20Zoning/Development%20Review%20Meetings-Applications/December%202024/Accokeek%20Reclass/4-%20%20Generalized%20Development%20Plan%20(GDP)%20-%20Accokeek%20Center.pdf,https://va-stafford-assessor.publicaccessnow.com/PropertySearch/PropertyDetails.aspx?p=38%20%20%20%20%20%20%20%2096&a=23952,,,,,,,38.403713,-77.427,1745798400000.0,1760659200000.0,,Unknown,,,,,,520000.0,,80.0,,This project covers multiple parcels. The total acreage has been represented here.,Proposed,,,Stafford,,,,PEC,-77.42699999999996,38.40371300000003
1173,Austin Ridge Logisitics Center,"End of Cedar Lane, Hartwood",Stafford,VA,22554.0,Medium,,,,https://www.fredericksburgfreepress.com/2025/01/22/biz-beat-roundup-more-data-centers-proposed-in-stafford/,https://va-stafford-assessor.publicaccessnow.com/PropertySearch/PropertyDetails.aspx?p=38%20%20%20%20%20%20%20%2068&a=23899,,,,,,,38.4145,-77.43574,1745798400000.0,1760659200000.0,,Unknown,,,,,,1600000.0,,183.0,,This project covers multiple parcels. The total acreage has been represented here.,Proposed,,,Stafford,,,,PEC,-77.43573999999995,38.41450000000003
1174,GWV,"Ramoth Church Rd, Courthouse Road, and 95",Stafford,VA,22554.0,Medium,,,,https://www.fxbgadvance.com/p/developer-seeks-rezoning-for-79-million,https://va-stafford-assessor.publicaccessnow.com/PropertySearch/PropertyDetails.aspx?p=29%20%20%20%20%20%20%20%2082&a=18107,,,,,,,38.419758,-77.44698,1760486400000.0,1760659200000.0,,Unknown,,,,,,7900000.0,,1042.0,,This project covers multiple parcels. The total acreage has been represented here. May be associated with Woodcutter and Surveyor substations,Proposed,,,Stafford,,,,PEC,-77.44697999999994,38.41975800000005
1175,Old Potomac Church Data Center,Old Potomac Church Road,Stafford,VA,22554.0,Medium,,,,"https://staffordcountyva.gov/government/departments_p-z/planning_and_zoning/long_range/rezonings,_cups,_comp_plan_amendments/development_review_meetings_new_applications.php",,,,,,,,38.411324,-77.40424,1712707200000.0,1760659200000.0,,Unknown,,,,,,510000.0,,50.0,,,Proposed,,,Stafford,,,,PEC,-77.40423999999996,38.41132400000003
1176,Stack data center,~350 Eskimo Hill Rd,Stafford,VA,22554.0,High,,,,https://www.datacenterdynamics.com/en/news/stack-plans-1gw-campus-in-stafford-county-virginia/,,,,,,,,38.38504,-77.4276,1753747200000.0,1753747200000.0,1100,"Mega campus (>1,000 MW)",,,,19.0,,,,500.0,,Up to 19 data centers in complex,Proposed,,,Stafford,,,,Media Monitoring,-77.42759999999998,38.38504000000005
1177,Stafford Technology Campus,"east side of Richmond Highway, across from Sage Lane",Stafford,VA,22554.0,Medium,,,,"https://staffordcountyva.gov/government/departments_p-z/planning_and_zoning/long_range/rezonings,_cups,_comp_plan_amendments/development_review_meetings_new_applications.php",,,,,,,,38.38512,-77.43162,1712707200000.0,1760659200000.0,"1,000","Mega campus (>1,000 MW)",,,,,,5500000.0,,524.0,,This project covers multiple parcels. The total acreage has been represented here.,Proposed,,,Stafford,,,,PEC,-77.43161999999995,38.38512000000002
1178,108 CARPENTER DRIVE,108 CARPENTER DR,STERLING,VA,20164.0,High,,,,https://loudouncountyvaeg.tylerhost.net/prod/selfservice#/plan/c649938c-a42c-43c1-af23-ac3e7ece8a37?tab=locations,https://reparcelasmt.loudoun.gov/pt/Datalets/Datalet.aspx?UseSearch=no&mode=profileall&pin=033385671000&jur=107&taxyr=2025,,,,,,,38.99123,-77.42243,1754524800000.0,1760659200000.0,,Unknown,,,,,,52744.0,,3.0,,,Proposed,Redevelopment,,Loudoun,,,,PEC,-77.42242999999996,38.99123000000003
1179,113 EXECUTIVE DR Prologis,113 EXECUTIVE DR,Sterling,VA,20166.0,High,,Prologis,,https://www.datacenterdynamics.com/en/news/prologis-seeks-rezoning-of-land-sterling-virginia-possibly-for-data-centers/,https://reparcelasmt.loudoun.gov/pt/Datalets/Datalet.aspx?mode=commercial&UseSearch=no&pin=045269479000&jur=107&taxyr=2024&card=2&item=0&State=1|1|1|1|1&items=4,,,,,,,38.99067,-77.44434,1712707200000.0,1760659200000.0,,Unknown,,,,,,750000.0,,9.0,,"Flex, Industrial",Proposed,Redevelopment,,Loudoun,,,,PEC,-77.44433999999995,38.99067000000008
1180,1304 SQUIRE CT,1304 SQUIRE CT,Sterling,VA,20166.0,High,,ELECTRIC BUILDING LLC,,https://reparcelasmt.loudoun.gov/pt/datalets/datalet.aspx?mode=profileall&UseSearch=no&pin=042295813000&jur=107&taxyr=2024&LMparent=20,https://reparcelasmt.loudoun.gov/pt/datalets/datalet.aspx?mode=profileall&UseSearch=no&pin=042295813000&jur=107&taxyr=2024&LMparent=20,,,,,,,39.02153,-77.43476,1712707200000.0,1760659200000.0,,Unknown,,,,,,36000.0,,3.0,,"Shown as ""Storage Warehouse""",Operating,,,Loudoun,,,,PEC,-77.43476,39.02153000000005
1181,1501 Moran Road,1501 Moran Road,Sterling,VA,20166.0,High,,EdgeCore Digital/Partners Group,,https://loudouncountyvaeg.tylerhost.net/prod/selfservice#/plan/49535f6c-c976-4052-b47c-bc3f6488a7aa?tab=attachments,https://reparcelasmt.loudoun.gov/pt/Datalets/Datalet.aspx?UseSearch=no&mode=profileall&pin=045465016000&jur=107&taxyr=2024,,,,,,,38.995197,-77.44623,1712707200000.0,1760659200000.0,,Unknown,,,,,,285000.0,,8.0,,,Proposed,,,Loudoun,,,,PEC,-77.44622999999994,38.99519700000007
1182,21641 CHARLES VIEW DR,21641 CHARLES VIEW DR,Sterling,VA,20166.0,High,,Amazon Data Services Inc,,https://reparcelasmt.loudoun.gov/pt/datalets/datalet.aspx?mode=profileall&UseSearch=no&pin=043482656000&jur=107&taxyr=2024&LMparent=20,,,,,,,,39.017963,-77.43968,1712707200000.0,1760659200000.0,,Unknown,,,,,,685682.0,,54.0,,"Shown as ""Storage Warehouse""",Operating,,,Loudoun,,,,PEC,-77.43967999999994,39.01796300000006
1183,22350 KIPPER DR AWS,22350 KIPPER DR,Sterling,VA,20166.0,High,,Amazon Data Services Inc,,https://reparcelasmt.loudoun.gov/pt/datalets/datalet.aspx?mode=commercial&UseSearch=no&pin=045494813000&jur=107&taxyr=2024&LMparent=20,,,,,,,,38.99509,-77.43511,1712707200000.0,1760659200000.0,,Unknown,,,,,,203460.0,,11.0,,"Shown as ""Storage Warehouse""",Operating,,,Loudoun,,,,PEC,-77.43510999999995,38.99509000000006
1184,22370 KIPPER DR AWS,22370 KIPPER DR,Sterling,VA,20166.0,High,,Amazon Data Services Inc,,https://reparcelasmt.loudoun.gov/pt/datalets/datalet.aspx?mode=commercial&UseSearch=no&pin=044193385000&jur=107&taxyr=2024&LMparent=20,,,,,,,,38.996964,-77.43581,1712707200000.0,1760659200000.0,,Unknown,,,,,,203460.0,,14.0,,"Shown as ""Storage Warehouse""",Operating,,,Loudoun,,,,PEC,-77.43580999999995,38.99696400000005
1185,22660 Executive Dr Prologis,22660 Executive Dr,Sterling,VA,20166.0,High,,Prologis,,https://www.datacenterdynamics.com/en/news/prologis-seeks-rezoning-of-land-sterling-virginia-possibly-for-data-centers/,https://reparcelasmt.loudoun.gov/pt/Datalets/Datalet.aspx?UseSearch=no&mode=profileall&pin=045274849000&jur=107&taxyr=2024,,,,,,,38.989754,-77.44206,1712707200000.0,1760659200000.0,,Unknown,,,,,,,,8.0,,"Flex, Industrial (Formerly PEC-LDN-0045)",Proposed,Redevelopment,,Loudoun,,,,PEC,-77.44205999999997,38.989754000000055
1186,22945 INTERNATIONAL DR AWS,22945 INTERNATIONAL DR,Sterling,VA,20166.0,High,,Amazon Data Services Inc,,https://reparcelasmt.loudoun.gov/pt/Datalets/Datalet.aspx?UseSearch=no&mode=profileall&pin=034357851000&jur=107&taxyr=2024,,,,,,,,38.98216,-77.42751,1712707200000.0,1760659200000.0,,Unknown,,,,,,147900.0,,17.0,,"Shown as ""Storage Warehouse""",Operating,,,Loudoun,,,,PEC,-77.42750999999998,38.98216000000007
1187,23005 INTERNATIONAL DR,23005 INTERNATIONAL DR,Sterling,VA,20166.0,High,,DULLES NCP II LLC,,https://reparcelasmt.loudoun.gov/pt/datalets/datalet.aspx?mode=profileall&UseSearch=no&pin=034263373000&jur=107&taxyr=2024&LMparent=20,,,,,,,,38.98,-77.42562,1712707200000.0,1760659200000.0,,Unknown,,,,,,169960.0,,8.0,,"Shown as ""Storage Warehouse""",Operating,,,Loudoun,,,,PEC,-77.42561999999998,38.98000000000008
1188,45845 NOKES BLVD,45845 NOKES BLVD,Sterling,VA,20166.0,High,,MEDINA DC 2 ASSETS LLC,,https://cloudandcolocation.com/datacenters/cyxtera-sterling-data-center-iad1-b/,https://reparcelasmt.loudoun.gov/pt/Datalets/Datalet.aspx?UseSearch=no&mode=profileall&pin=030391106000&jur=107&taxyr=2024,,,,,,,39.02387,-77.41527,1712707200000.0,1760659200000.0,,Unknown,,,,,,79300.0,,6.0,,"Shown as ""Storage Warehouse""",Operating,,,Loudoun,,,,PEC,-77.41526999999995,39.023870000000045
1189,Aligned: IAD03,22715 Relocation Dr,Sterling,VA,20166.0,High,,Vantage Data Centers VA2 LLC; Ryan Dorsett,,https://www.datacenterdynamics.com/en/news/aligned-files-to-extend-second-sterling-campus-in-virginia/,https://loudouncountyvaeg.tylerhost.net/prod/selfservice#/plan/1EA54DC9-FFF0-40F8-AF9A-F9F78538C9FA?tab=locations,https://reparcelasmt.loudoun.gov/pt/Datalets/Datalet.aspx?UseSearch=no&mode=profileall&pin=045279612000&jur=107&taxyr=2024,,,,,,38.98857,-77.4409,1750291200000.0,1750291200000.0,72,Large (51-100 MW),,,,,,430000.0,,10.0,,"Computer Center. Traffic study references ""453,377 sq ft of data center"", but building appears complete",Operating,,,Loudoun,,,,Media Monitoring and PEC,-77.44089999999993,38.988570000000045
1190,ARCOLA,,STERLING,VA,20166.0,Medium,,PowerHouse Data Centers,,https://loudouncountyvaeg.tylerhost.net/prod/selfservice#/plan/5A916D29-F069-42AE-A0B4-5181165CB8A7,https://reparcelasmt.loudoun.gov/pt/Datalets/Datalet.aspx?UseSearch=no&mode=profileall&pin=162151929000&jur=107&taxyr=2024,,,,,,,38.94413,-77.5357,1712707200000.0,1760659200000.0,,Unknown,,,,,,614300.0,,30.0,,"Project covers more than one parcel, the acreage represents the combined acreage",Proposed,,,Loudoun,,,,PEC,-77.53569999999996,38.94413000000003
1191,Arcola Pacific Campus,22020 BRODERICK DR,STERLING,VA,20166.0,High,,PowerHouse Data Centers,,https://www.datacenterdynamics.com/en/news/arep-launches-powerhouse-data-centers-plans-21-million-sq-ft-338mw-across-virginias-loudoun-county/,https://reparcelasmt.loudoun.gov/pt/Datalets/Datalet.aspx?UseSearch=no&mode=profileall&pin=044461959000&jur=107&taxyr=2024,,,,,,,39.004864,-77.44699,1712707200000.0,1760659200000.0,,Unknown,,,,,,1100000.0,,43.0,,,Proposed,Redevelopment,,Loudoun,,,,PEC,-77.44698999999997,39.00486400000005
1192,AWS,45110 Loudoun Downs Lane,Sterling,VA,20166.0,High,,,,https://www.datacenterdynamics.com/en/news/aligned-files-to-extend-second-sterling-campus-in-virginia/,,,,,,,,38.99129,-77.4414,1750291200000.0,1750291200000.0,,Unknown,,,,,,,,,,,Unknown,,,Loudoun,,,,Media Monitoring,-77.4414,38.991290000000056
1193,AWS: IAD57,22755 Relocation Dr,Sterling,VA,20166.0,High,,,,https://www.datacenterdynamics.com/en/news/aligned-files-to-extend-second-sterling-campus-in-virginia/,,,,,,,,38.98704,-77.4426,1750291200000.0,1750291200000.0,,Unknown,,,,,,,,,,,Unknown,,,Loudoun,,,,Media Monitoring,-77.44259999999997,38.987040000000036
1194,AWS: IAD58,22745 Relocation Dr,Sterling,VA,20166.0,High,,,,https://www.datacenterdynamics.com/en/news/aligned-files-to-extend-second-sterling-campus-in-virginia/,https://reparcelasmt.loudoun.gov/pt/datalets/datalet.aspx?mode=profileall&UseSearch=no&pin=045175529000&jur=107&taxyr=2024&LMparent=20,,,,,,,38.98633,-77.4419,1750291200000.0,1750291200000.0,,Unknown,,,,,,251091.0,,17.0,,"Shown as ""Storage Warehouse""",Operating,,,Loudoun,,,,Media Monitoring and PEC,-77.44189999999998,38.986330000000066
1195,C1 NORTHERN VA - STERLING I-III,21111 Ridgetop,Sterling,VA,20166.0,High,,CyrusOne,,https://reparcelasmt.loudoun.gov/pt/datalets/datalet.aspx?mode=profileall&UseSearch=no&pin=030393965001&jur=107&taxyr=2024&LMparent=20,,,,,,,,39.026066,-77.414536,1712707200000.0,1760659200000.0,48,Medium (11-50 MW),,,,,,420000.0,,14.0,,Tax maps do not display square footage,Operating,,,Loudoun,,,,PEC,-77.41453599999993,39.02606600000007
1196,CORSCALE VA2 BLDG 1,45695 RUSSELL BRANCH PKWY,Sterling,VA,20166.0,High,,,,https://loudouncountyvaeg.tylerhost.net/prod/selfservice#/plan/F79A57A3-38E2-4887-BD02-B5B691CD8ABF?tab=attachments,https://reparcelasmt.loudoun.gov/pt/datalets/datalet.aspx?mode=land_summary&UseSearch=no&pin=041398662000&jur=107&taxyr=2025&LMparent=20,,,,,,,39.03804,-77.433716,1754784000000.0,1760659200000.0,,Unknown,,,,,,460000.0,,24.0,,"Acreage for Building 1, unclear if there will be additional buildings on this site",Proposed,,,Loudoun,,,,PEC,-77.43371599999995,39.03804000000007
1197,CPUS STERLING LP,45900 PATHFINDER PLZ,Sterling,VA,20164.0,High,,CPUS STERLING LP,,https://reparcelasmt.loudoun.gov/pt/datalets/datalet.aspx?mode=profileall&UseSearch=no&pin=033201325000&jur=107&taxyr=2024&LMparent=20,,,,,,,,38.987747,-77.410866,1712707200000.0,1760659200000.0,,Unknown,,,,,,441780.0,,33.0,,"Shown as ""Storage Warehouse""",Operating,,,Loudoun,,,,PEC,-77.41086599999996,38.987747000000056
1198,CYXTERA COLOCATION,21110 RIDGETOP CIR,Sterling,VA,20166.0,High,,MEDINA DC 2 ASSETS LLC,,https://cloudandcolocation.com/datacenters/cyxtera-sterling-data-center-iad1-c/,https://reparcelasmt.loudoun.gov/pt/datalets/datalet.aspx?mode=profileall&UseSearch=no&pin=030399036000&jur=107&taxyr=2024&LMparent=20,,,,,,,39.0248,-77.41234,1712707200000.0,1760659200000.0,,Unknown,,,,,,135500.0,,8.0,,"Shown as ""Storage Warehouse""",Operating,,,Loudoun,,,,PEC,-77.41233999999997,39.024800000000035
1199,CYXTERA DC2 COLOCATION,45901 NOKES BLVD,Sterling,VA,20166.0,High,,MEDINA DC 2 ASSETS LLC,,https://cloudandcolocation.com/datacenters/cyxtera-sterling-data-center-iad1-a/,https://reparcelasmt.loudoun.gov/pt/datalets/datalet.aspx?mode=profileall&UseSearch=no&pin=030297084000&jur=107&taxyr=2024&LMparent=20,,,,,,,39.023247,-77.413185,1712707200000.0,1760659200000.0,,Unknown,,,,,,89072.0,,6.0,,"Shown as ""Storage Warehouse""",Operating,,,Loudoun,,,,PEC,-77.41318499999993,39.02324700000001
1200,DATA CENTER BUILDING C,22631 DULLES SUMMIT CT,Sterling,VA,20166.0,High,,DCT DULLES PHASE II LLC,,https://reparcelasmt.loudoun.gov/pt/datalets/datalet.aspx?mode=commercial&UseSearch=no&pin=045358110000&jur=107&taxyr=2024&LMparent=20,,,,,,,,38.99172,-77.448555,1712707200000.0,1760659200000.0,,Unknown,,,,,,103000.0,,7.0,,"Shown as ""Storage Warehouse""",Operating,,,Loudoun,,,,PEC,-77.44855499999994,38.991720000000036
1201,DC 21/IAD 98,45305 W SEVERN WAY,Sterling,VA,20166.0,High,,BCORE COPT DC-21 LLC,,https://reparcelasmt.loudoun.gov/pt/datalets/datalet.aspx?mode=profileall&UseSearch=no&pin=042197707000&jur=107&taxyr=2024&LMparent=20,,,,,,,,39.01946,-77.434006,1712707200000.0,1760659200000.0,,Unknown,,,,,,296380.0,,24.0,,"Shown as ""Storage Warehouse""",Operating,,,Loudoun,,,,PEC,-77.43400599999994,39.01946000000004
1202,DCT DULLES DOWNS Land Bay A,45111 LOUDOUN DOWNS LN,Sterling,VA,20166.0,High,,DCT DULLES DOWNS LLC,,https://loudouncountyvaeg.tylerhost.net/prod/selfservice#/plan/dd507a64-937f-48d0-9d28-0357c26a6a7e?tab=attachments,https://reparcelasmt.loudoun.gov/pt/Datalets/Datalet.aspx?UseSearch=no&mode=profileall&pin=045282657000&jur=107&taxyr=2025,,,,,,,38.991177,-77.44137,1754611200000.0,1760659200000.0,,Unknown,,,,,,287460.0,,23.0,,"Data center built in 2016. Proposed redevelopment of an existing data center that would add 896,837 sq feet (total of 1,184,297 sq feet) to the site",Operating,,,Loudoun,,,,PEC,-77.44136999999995,38.99117700000004
1203,DCT DULLES DOWNS Land Bay B,22685 RELOCATION DR,Sterling,VA,20166.0,High,,DCT DULLES DOWNS LLC,,https://loudouncountyvaeg.tylerhost.net/prod/selfservice#/plan/dd507a64-937f-48d0-9d28-0357c26a6a7e?tab=attachments,https://reparcelasmt.loudoun.gov/pt/Datalets/Datalet.aspx?UseSearch=no&mode=profileall&pin=045391908000&jur=107&taxyr=2025,,,,,,,38.98938,-77.43785,1754611200000.0,1760659200000.0,,Unknown,,,,,,670953.0,,,,"Proposed redevelopment of an existing data center that would add 670,953 sq feet (total of 814,516 sq feet) to the site",Proposed,Redevelopment,,Loudoun,,,,PEC,-77.43784999999997,38.98938000000003
1204,DCT DULLES DOWNS Land Bay B,45220 PROLOGIS PLZ,Sterling,VA,20166.0,High,,DCT DULLES DOWNS LLC,,https://reparcelasmt.loudoun.gov/pt/Datalets/Datalet.aspx?UseSearch=no&mode=profileall&pin=045391908000&jur=107&taxyr=2025,,,,,,,,38.990135,-77.437294,1754611200000.0,1760659200000.0,,Unknown,,,,,,143563.0,,19.0,,Data centers built between 2012 and 2014,Operating,,,Loudoun,,,,PEC,-77.43729399999995,38.99013500000006
1205,DCT DULLES PHASE II,22651 DULLES SUMMIT CT,Sterling,VA,20166.0,High,,DCT DULLES PHASE II LLC,,https://reparcelasmt.loudoun.gov/pt/datalets/datalet.aspx?mode=profileall&UseSearch=no&pin=045254455000&jur=107&taxyr=2024&LMparent=20,,,,,,,,38.988132,-77.450516,1754611200000.0,1760659200000.0,,Unknown,,,,,,75800.0,,6.0,,"Shown as ""Storage Warehouse""",Operating,,,Loudoun,,,,PEC,-77.45051599999994,38.988132000000064
1206,DIGITAL STERLING PREMIER,22574 PACIFIC BLVD,Sterling,VA,20166.0,High,,DIGITAL STERLING PREMIER LLC,,https://reparcelasmt.loudoun.gov/pt/Datalets/Datalet.aspx?sIndex=0&idx=1,,,,,,,,38.99004,-77.43468,1712707200000.0,1760659200000.0,,Unknown,,,,,,258252.0,,14.0,,"Shown as ""Storage Warehouse""",Operating,,,Loudoun,,,,PEC,-77.43467999999994,38.99004000000007
1207,Dulles 2000 Redevelopment,,Sterling,VA,20166.0,Medium,,BCG JV Sterling LLC; Phil Tager,,https://loudouncountyvaeg.tylerhost.net/prod/selfservice#/plan/06089816-10BD-4D2E-8A91-826D008AA2C4?tab=attachments,https://reparcelasmt.loudoun.gov/pt/datalets/datalet.aspx?mode=profileall&UseSearch=no&pin=035457494000&jur=107&taxyr=2024&LMparent=20,,,,,,,38.975124,-77.42687,1712707200000.0,1760659200000.0,,Unknown,,,,,,530550.0,,15.0,,Rezoning does not cover the entire area included in the two parcels,Proposed,,,Loudoun,,,,PEC,-77.42686999999994,38.975124000000044
1208,Dulles 28 Technology Park,45870 MEMPHIS PLZ,Sterling,VA,20166.0,High,,BlackChamber Group,,https://www.datacenterdynamics.com/en/news/zoning-change-approved-in-sterling-virginia-paving-way-for-685000-sq-ft-data-center-development/,https://reparcelasmt.loudoun.gov/pt/datalets/datalet.aspx?mode=profileall&UseSearch=no&pin=043171795000&jur=107&taxyr=2025&LMparent=20,,,,,,,39.0084,-77.44291,1754438400000.0,1760659200000.0,,Unknown,,,,,,685000.0,,26.0,,"Project covers more than one parcel, the acreage represents the combined acreage",Proposed,,,Loudoun,,,,PEC,-77.44290999999998,39.00840000000004
1209,Dulles Commerce,23700 PEBBLE RUN PL,Sterling,VA,20166.0,High,,PROLOGIS-EXCHANGE 43461 OLD OX ROAD LLC,,https://loudouncountyvaeg.tylerhost.net/prod/selfservice#/plan/f6c352b4-2c45-42eb-8aa1-1f4aa98da3b9?tab=attachments,https://reparcelasmt.loudoun.gov/pt/Datalets/Datalet.aspx?UseSearch=no&mode=profileall&pin=124398485000&jur=107&taxyr=2025,,,,,,,38.961967,-77.49829,1754438400000.0,1760659200000.0,,Unknown,,,,,,441175.0,,17.0,,,Proposed,Expansion,,Loudoun,,,,PEC,-77.49828999999995,38.961967000000065
1210,DULLES DISTRIBUTION Landbay A,45055 UNDERWOOD LN,STERLING,VA,20166.0,High,,,,https://loudouncountyvaeg.tylerhost.net/prod/selfservice#/plan/5a05cbbe-77b4-40ec-a02a-df67cd82d9dc?tab=locations,https://reparcelasmt.loudoun.gov/pt/Datalets/Datalet.aspx?UseSearch=no&mode=profileall&pin=046278993000&jur=107&taxyr=2025,,,,,,,38.980274,-77.441475,1754611200000.0,1760659200000.0,,Unknown,,,,,,305000.0,,16.0,,"Includes Landbay C, 4 acre substation site",Proposed,Redevelopment,,Loudoun,,,,PEC,-77.44147499999997,38.98027400000005
1211,DULLES DISTRIBUTION Landbay B,45085 OLD OX RD,STERLING,VA,20166.0,High,,,,https://loudouncountyvaeg.tylerhost.net/prod/selfservice#/plan/5a05cbbe-77b4-40ec-a02a-df67cd82d9dc?tab=locations,https://reparcelasmt.loudoun.gov/pt/datalets/datalet.aspx?mode=commercial&UseSearch=no&pin=046275921000&jur=107&taxyr=2025&LMparent=20,,,,,,,38.978138,-77.4419,1754611200000.0,1760659200000.0,,Unknown,,,,,,660000.0,,16.0,,,Proposed,Redevelopment,,Loudoun,,,,PEC,-77.44189999999998,38.978138000000065
1212,Dulles Electric Data Centers,22570 SHAW RD 100,STERLING,VA,20166.0,High,,,,https://loudouncountyvaeg.tylerhost.net/prod/selfservice#/plan/4cd42209-0022-4472-aa5c-9cc46413da23?tab=locations,https://reparcelasmt.loudoun.gov/pt/Datalets/Datalet.aspx?UseSearch=no&mode=profileall&pin=033258399000&jur=107&taxyr=2025,,,,,,,38.99133,-77.42659,1754524800000.0,1760659200000.0,,Unknown,,,,,,371732.0,,17.0,,"Project covers more than one parcel, the acreage represents the combined acreage",Proposed,Redevelopment,,Loudoun,,,,PEC,-77.42658999999998,38.991330000000055
1213,DULLES NCP LLC,22916 INTERNATIONAL DR,Sterling,VA,20166.0,High,,DULLES NCP LLC,,https://reparcelasmt.loudoun.gov/pt/Datalets/Datalet.aspx?UseSearch=no&mode=profileall&pin=034365461000&jur=107&taxyr=2024,,,,,,,,38.9824,-77.42485,1712707200000.0,1760659200000.0,,Unknown,,,,,,203200.0,,13.0,,"Shown as ""Storage Warehouse""",Operating,,,Loudoun,,,,PEC,-77.42484999999994,38.98240000000004
1214,DULLES NORTH CORPORATE PARK 8,,Sterling,VA,20166.0,Medium,,John Collich/BF SAUL REAL ESTATE INVESTMENT,,https://www.bizjournals.com/washington/news/2023/01/30/saul-centers-dulles-north-corporate-park.html,https://reparcelasmt.loudoun.gov/pt/Datalets/Datalet.aspx?UseSearch=no&mode=profileall&pin=045402669000&jur=107&taxyr=2024,,,,,,,38.995342,-77.432556,1712707200000.0,1760659200000.0,,Unknown,,,,,,262000.0,,10.0,,,Proposed,,,Loudoun,,,,PEC,-77.43255599999998,38.99534200000005
1215,Dulles Trade Center West,42670 TRADE WEST DR,Sterling,VA,20166.0,High,,10 Trade West Drive LLC/Charles S Kuhn Manager,,https://loudouncountyvaeg.tylerhost.net/prod/selfservice#/plan/1623A063-96C6-448D-91CC-B7B3E9DA7B8B?tab=attachments,https://reparcelasmt.loudoun.gov/pt/Datalets/Datalet.aspx?UseSearch=no&mode=profileall&pin=161170879000&jur=107&taxyr=2024,,,,,,,38.95402,-77.52864,1712707200000.0,1760659200000.0,,Unknown,,,,,,386800.0,,15.0,,,Proposed,,,Loudoun,,,,PEC,-77.52863999999994,38.954020000000064
1216,FR SUMMIT AWS,22630 DULLES SUMMIT CT,Sterling,VA,20166.0,High,,FR SUMMIT LLC,,https://reparcelasmt.loudoun.gov/pt/datalets/datalet.aspx?mode=profileall&UseSearch=no&pin=045159083000&jur=107&taxyr=2024&LMparent=20,,,,,,,,38.98871,-77.44765,1712707200000.0,1760659200000.0,,Unknown,,,,,,149200.0,,10.0,,"Shown as ""Storage Warehouse""",Operating,,,Loudoun,,,,PEC,-77.44764999999995,38.98871000000003
1217,GI TC 45360 SEVERN WAY LLC,45360 W SEVERN WAY,Sterling,VA,20166.0,High,,GI TC 45360 SEVERN WAY LLC,,https://reparcelasmt.loudoun.gov/pt/datalets/datalet.aspx?mode=profileall&UseSearch=no&pin=042200988000&jur=107&taxyr=2024&LMparent=20,,,,,,,,39.021675,-77.432915,1712707200000.0,1760659200000.0,,Unknown,,,,,,126900.0,,8.0,,"Shown as ""Storage Warehouse""",Operating,,,Loudoun,,,,PEC,-77.43291499999998,39.02167500000007
1218,GLENN DRIVE NORTH & SOUTH,22815 GLENN DR 101,STERLING,VA,20164.0,High,,,,https://loudouncountyvaeg.tylerhost.net/prod/selfservice#/plan/0c62c1ce-2e62-4e22-9dd0-a540956ff321?tab=locations,https://reparcelasmt.loudoun.gov/pt/Datalets/Datalet.aspx?UseSearch=no&mode=profileall&pin=033292608000&jur=107&taxyr=2025,,,,,,,38.988274,-77.416306,1754524800000.0,1760659200000.0,,Unknown,,,,,,1668261.0,,42.0,,"Project covers more than one parcel, the acreage represents the combined acreage",Proposed,Redevelopment,,Loudoun,,,,PEC,-77.41630599999996,38.988274000000054
1219,HORSESHOE DRIVE,45925 HORSESHOE DR,Sterling,VA,20166.0,High,,,,https://loudouncountyvaeg.tylerhost.net/prod/selfservice#/plan/8628ddc2-6e18-48aa-af54-fec33b62c2c2?tab=attachments,https://reparcelasmt.loudoun.gov/pt/Datalets/Datalet.aspx?UseSearch=no&mode=profileall&pin=030300991000&jur=107&taxyr=2025,,,,,,,39.026024,-77.411606,1754784000000.0,1760659200000.0,,Unknown,,,,,,481220.0,,11.0,,,Proposed,Redevelopment,,Loudoun,,,,PEC,-77.41160599999995,39.026024000000056
1220,IAD03,22580 RELOCATION DR,Sterling,VA,20166.0,High,,ALIGNED ENERGY DATA CENTERS ASHBURN LLC,,https://datacenterhawk.com/marketplace/providers/aligned-data-centers/22715-relocation-drive/iad03,https://reparcelasmt.loudoun.gov/pt/datalets/datalet.aspx?mode=land_summary&UseSearch=no&pin=045399350000&jur=107&taxyr=2025&LMparent=20,,,,,,,38.993076,-77.43411,1754438400000.0,1760659200000.0,,Unknown,,,,,,180355.0,,13.0,,Square footage less than anticipated,Operating,,,Loudoun,,,,PEC,-77.43410999999998,38.99307600000003
1221,IAD2 Evoque Cyxtera,22810 INTERNATIONAL DR,Sterling,VA,20166.0,High,,22810-22860 INTERNATIONAL DRIVE LLC,,https://cloudandcolocation.com/datacenters/cyxtera-sterling-data-center-iad2-a/,https://reparcelasmt.loudoun.gov/pt/datalets/datalet.aspx?mode=profileall&UseSearch=no&pin=034468458000&jur=107&taxyr=2024&LMparent=20,,,,,,,38.984196,-77.42402,1712707200000.0,1760659200000.0,,Unknown,,,,,,118541.0,,12.0,,"Shown as ""Storage Warehouse""",Operating,,,Loudoun,,,,PEC,-77.42401999999998,38.98419600000005
1222,IAD214,22760 PACIFIC BLV,Sterling,VA,20166.0,High,,,,https://reparcelasmt.loudoun.gov/pt/datalets/datalet.aspx?mode=commercial&UseSearch=no&pin=045195615000&jur=107&taxyr=2025&LMparent=20,,,,,,,,38.986732,-77.43558,1754524800000.0,1760659200000.0,,Unknown,,,,,,226456.0,,17.0,,,Operating,,,Loudoun,,,,PEC,-77.43557999999996,38.98673200000007
1223,IAD3 Evoque Cyxtera,22995 WILDER CT,Sterling,VA,20166.0,High,,22995 WILDER COURT LLC,,https://reparcelasmt.loudoun.gov/pt/datalets/datalet.aspx?mode=profileall&UseSearch=no&pin=046368231000&jur=107&taxyr=2024&LMparent=20,,,,,,,,38.98106,-77.444336,1712707200000.0,1760659200000.0,,Unknown,,,,,,130400.0,,12.0,,"Shown as ""Storage Warehouse""",Operating,,,Loudoun,,,,PEC,-77.44433599999995,38.98106000000007
1224,IAD76,22520 RANDOLPH DR,Sterling,VA,20166.0,High,,FR RANDOLPH DRIVE LLC,,https://reparcelasmt.loudoun.gov/pt/datalets/datalet.aspx?mode=profileall&UseSearch=no&pin=045352692000&jur=107&taxyr=2024&LMparent=20,,,,,,,,38.994057,-77.45023,1712707200000.0,1760659200000.0,,Unknown,,,,,,138900.0,,14.0,,"Shown as ""Storage Warehouse""",Operating,,,Loudoun,,,,PEC,-77.45022999999999,38.994057000000055
1225,JK TECHNOLOGY PARK #3,24393 STONE SPRINGS BLVD,Sterling,VA,20166.0,High,,,,https://loudouncountyvaeg.tylerhost.net/prod/selfservice#/plan/c87c4b0c-a3aa-4261-9954-8cc95f06f912?tab=locations,https://reparcelasmt.loudoun.gov/pt/datalets/datalet.aspx?mode=profileall&UseSearch=no&pin=203295737000&jur=107&taxyr=2025&LMparent=20,,,,,,,38.945557,-77.54126,1754438400000.0,1760659200000.0,,Unknown,,,,,,184080.0,,21.0,,,Proposed,,,Loudoun,,,,PEC,-77.54125999999997,38.945557000000065
1226,Loudoun Commerce Center,45975 Nokes Blvd,Sterling,VA,20166.0,High,,Amazon Data Services Inc,,https://www.datacenterdynamics.com/en/news/amazon-to-demolish-nine-office-buildings-in-sterling-virginia-and-build-four-data-centers/,https://reparcelasmt.loudoun.gov/pt/Datalets/Datalet.aspx?UseSearch=no&mode=profileall&pin=030208833000&jur=107&taxyr=2024,,,,,,,39.0224,-77.41007,1712707200000.0,1760659200000.0,,Unknown,,,,,,311670.0,,14.0,,"Project covers more than one parcel, the acreage represents the combined acreage",Proposed,Redevelopment,,Loudoun,,,,PEC,-77.41006999999995,39.02240000000006
1227,Manekin Plaza,46000 MANEKIN PLZ,Sterling,VA,20166.0,High,,Amazon Data Services Inc,,https://www.datacenterdynamics.com/en/news/amazon-to-demolish-nine-office-buildings-in-sterling-virginia-and-build-four-data-centers/,https://reparcelasmt.loudoun.gov/pt/Datalets/Datalet.aspx?UseSearch=no&mode=profileall&pin=030309421000&jur=107&taxyr=2024,,,,,,,39.023773,-77.40789,1712707200000.0,1760659200000.0,,Unknown,,,,,,313000.0,,7.0,,"Project covers more than one parcel, the acreage represents the combined acreage",Proposed,Redevelopment,,Loudoun,,,,PEC,-77.40788999999995,39.023773000000055
1228,MARIES TECH PARK LLC,45761 MARIES RD,Sterling,VA,20166.0,High,,Amazon Data Services Inc,,https://reparcelasmt.loudoun.gov/pt/Datalets/Datalet.aspx?UseSearch=no&mode=profileall&pin=030382006000&jur=107&taxyr=2024,,,,,,,,39.024,-77.4195,1712707200000.0,1760659200000.0,,Unknown,,,,,,426710.0,,20.0,,"Shown as ""Storage Warehouse""",Operating,,,Loudoun,,,,PEC,-77.41949999999997,39.02400000000005
1229,ME-DC Pacific,22255 PACIFIC BLVD,Sterling,VA,20166.0,High,,,,https://loudouncountyvaeg.tylerhost.net/prod/selfservice#/plan/ec1e84d1-de53-45a8-917e-34be6c131039?tab=attachments,https://reparcelasmt.loudoun.gov/pt/Datalets/Datalet.aspx?UseSearch=no&mode=profileall&pin=044267923000&jur=107&taxyr=2025,,,,,,,38.999855,-77.445175,1754611200000.0,1760659200000.0,,Unknown,,,,,,589400.0,,33.0,,"Project covers more than one parcel, the acreage represents the combined acreage",Proposed,Redevelopment,,Loudoun,,,,PEC,-77.44517499999995,38.999855000000025
1230,MECP 1 ASHBURN 2 LLC,45831 MARIES RD,Sterling,VA,20166.0,High,,EdgeCore Digital/Partners Group,,https://www.datacenterdynamics.com/en/news/edgecore-buys-land-in-virginia-plans-36mw-data-center/,https://reparcelasmt.loudoun.gov/pt/datalets/datalet.aspx?mode=profileall&UseSearch=no&pin=030292034000&jur=107&taxyr=2024&LMparent=20,,,,,,,39.02199,-77.415115,1754006400000.0,1760659200000.0,,Unknown,,,,,,348000.0,,10.0,,,Proposed,,,Loudoun,,,,PEC,-77.41511499999996,39.02199000000007
1231,MECP1 ASHBURN 1 LLC,21215 ATLANTIC BLVD,Sterling,VA,20166.0,High,,,,https://reparcelasmt.loudoun.gov/pt/datalets/datalet.aspx?mode=commercial&UseSearch=no&pin=030455548000&jur=107&taxyr=2024&LMparent=20,https://reparcelasmt.loudoun.gov/pt/datalets/datalet.aspx?mode=commercial&UseSearch=no&pin=030455548000&jur=107&taxyr=2024&LMparent=20,,,,,,,39.028484,-77.42769,1722988800000.0,1760659200000.0,,Unknown,,,,,,258716.0,,6.0,,"Shown as ""Storage Warehouse""",Operating,,,Loudoun,,,,PEC,-77.42768999999998,39.02848400000005
1232,MECP2 ASHBURN 2 LLC,21205 ATLANTIC BLVD,Sterling,VA,20166.0,High,,,,https://reparcelasmt.loudoun.gov/pt/datalets/datalet.aspx?mode=land_summary&UseSearch=no&pin=029151508000&jur=107&taxyr=2024&LMparent=20,https://reparcelasmt.loudoun.gov/pt/datalets/datalet.aspx?mode=land_summary&UseSearch=no&pin=029151508000&jur=107&taxyr=2024&LMparent=20,,,,,,,39.03041,-77.429016,1722988800000.0,1760659200000.0,,Unknown,,,,,,258716.0,,6.0,,"Shown as ""Storage Warehouse""",Operating,,,Loudoun,,,,PEC,-77.42901599999993,39.03041000000007
1233,MECP3 ASHBURN 3 LLC,21195 ATLANTIC BLVD,Sterling,VA,20166.0,High,,,,https://reparcelasmt.loudoun.gov/pt/datalets/datalet.aspx?mode=commercial&UseSearch=no&pin=041108666000&jur=107&taxyr=2024&LMparent=20,https://reparcelasmt.loudoun.gov/pt/datalets/datalet.aspx?mode=commercial&UseSearch=no&pin=041108666000&jur=107&taxyr=2024&LMparent=20,,,,,,,39.03235,-77.42991,1754438400000.0,1760659200000.0,,Unknown,,,,,,258716.0,,6.0,,"Shown as ""Storage Warehouse""",Operating,,,Loudoun,,,,PEC,-77.42990999999995,39.032350000000065
1234,MERCURE BUSINESS PARK LOT 22,44211 MERCURE CIR,STERLING,VA,20166.0,High,,,,https://loudouncountyvaeg.tylerhost.net/prod/selfservice#/plan/a037a799-691c-42c4-a3fa-dd41c9dfa911?tab=attachments,https://reparcelasmt.loudoun.gov/pt/Datalets/Datalet.aspx?UseSearch=no&mode=profileall&pin=091493983000&jur=107&taxyr=2025,,,,,,,38.98593,-77.478325,1754438400000.0,1760659200000.0,,Unknown,,,,,,95658.0,,5.0,,Currently flex warehouse. Current building completed in 2022,Proposed,Redevelopment,,Loudoun,,,,PEC,-77.47832499999998,38.98593000000005
1235,MERCURE BUSINESS PARK LOT 4A1B,44122 MERCURE CIR,STERLING,VA,20166.0,High,,,,https://loudouncountyvaeg.tylerhost.net/prod/selfservice#/plan/78825fb5-186a-4f08-ad04-930ece5b609e?tab=attachments,https://reparcelasmt.loudoun.gov/pt/Datalets/Datalet.aspx?UseSearch=no&mode=profileall&pin=091482155000&jur=107&taxyr=2025,,,,,,,38.98479,-77.48216,1754438400000.0,1760659200000.0,,Unknown,,,,,,101579.0,,6.0,,Currently flex warehouse,Proposed,Redevelopment,,Loudoun,,,,PEC,-77.48215999999996,38.98479000000002
1236,MERCURE BUSINESS PARK LOTS 19 AND 20,44083 MERCURE CIR,STERLING,VA,20166.0,High,,,,https://loudouncountyvaeg.tylerhost.net/prod/selfservice#/plan/306dbd90-969b-4e70-ac97-be032ae24344?tab=attachments,https://reparcelasmt.loudoun.gov/pt/Datalets/Datalet.aspx?UseSearch=no&mode=profileall&pin=091490220000&jur=107&taxyr=2025,,,,,,,38.985,-77.47932,1754438400000.0,1760659200000.0,,Unknown,,,,,,178648.0,,11.0,,"Currently warehouses. Project covers more than one parcel, the acreage represents the combined acreage",Proposed,Redevelopment,,Loudoun,,,,PEC,-77.47931999999997,38.98500000000006
1237,NV-4 CYRUSONE LLC,22811 INTERNATIONAL DR,Sterling,VA,20166.0,High,,C1 NORTHERN VIRGINIA - STERLING IV LLC,,https://reparcelasmt.loudoun.gov/pt/datalets/datalet.aspx?mode=profileall&UseSearch=no&pin=034462865000&jur=107&taxyr=2024&LMparent=20,,,,,,,,38.984684,-77.42581,1712707200000.0,1760659200000.0,13,Medium (11-50 MW),,,,,,128500.0,,10.0,,Computer Center,Operating,,,Loudoun,,,,PEC,-77.42580999999996,38.984684000000065
1238,NV-8 CYRUSONE,45905 MARIES RD,Sterling,VA,20166.0,High,,C1 NORTHERN VIRGINIA - STERLING VIII LLC,,https://reparcelasmt.loudoun.gov/pt/Datalets/Datalet.aspx?UseSearch=no&mode=profileall&pin=030296913000&jur=107&taxyr=2024,,,,,,,,39.021248,-77.41337,1712707200000.0,1760659200000.0,,Unknown,,,,,,154100.0,,10.0,,Computer Center,Operating,,,Loudoun,,,,PEC,-77.41336999999999,39.021248000000064
1239,NV-9 CYRUSONE,43290 OLD OX RD,Sterling,VA,20166.0,High,,C1 NORTHERN VIRGINIA - STERLING IX LLC,,https://loudouncountyvaeg.tylerhost.net/prod/selfservice#/plan/E6B940CA-E483-458E-A83C-1C54477A8FA5?tab=attachments,https://reparcelasmt.loudoun.gov/pt/datalets/datalet.aspx?mode=profileall&UseSearch=no&pin=124369522000&jur=107&taxyr=2024&LMparent=20,,,,,,,38.958664,-77.50507,1754438400000.0,1760659200000.0,135,Hyperscale (101-999 MW),,,,,,525482.0,,40.0,,"Building 1, Building 2 158,696 sq ft expansion proposed",Operating,Expansion,,Loudoun,,,,PEC,-77.50506999999999,38.95866400000006
1240,NVA01 STACK INFRASTRUCTURE,22080 PACIFIC BLVD,Sterling,VA,20166.0,High,,"SI NVA01, LLC",,https://reparcelasmt.loudoun.gov/pt/datalets/datalet.aspx?mode=profileall&UseSearch=no&pin=044261032000&jur=107&taxyr=2024&LMparent=20,,,,,,,,39.004543,-77.44198,1712707200000.0,1760659200000.0,,Unknown,,,,,,180000.0,,16.0,,Computer Center,Operating,,,Loudoun,,,,PEC,-77.44197999999994,39.00454300000006
1241,Paragon Park Lot 3B,Intersection of Pacific Blvd and Charles View Dr,Sterling,VA,20166.0,Medium,,BlackChamber Group,,https://loudouncountyvaeg.tylerhost.net/prod/selfservice#/plan/D175A1D3-E983-41D9-B593-3D5C69B1B3E4?tab=attachments,https://reparcelasmt.loudoun.gov/pt/Datalets/Datalet.aspx?UseSearch=no&mode=profileall&pin=043395471000&jur=107&taxyr=2024,,,,,,,39.01517,-77.43475,1754438400000.0,1760659200000.0,,Unknown,,,,,,405611.0,,50.0,,,Proposed,,,Loudoun,,,,PEC,-77.43474999999994,39.01517000000007
1242,Prologis NOVA 1,22675 DULLES SUMMIT CT,Sterling,VA,20166.0,High,,Prologis,,https://dgtlinfra.com/prologis-skybox-data-center-northern-virginia/,https://reparcelasmt.loudoun.gov/pt/datalets/datalet.aspx?mode=profileall&UseSearch=no&pin=045252512000&jur=107&taxyr=2024&LMparent=20,,,,,,,38.98944,-77.44955,1712707200000.0,1760659200000.0,,Unknown,,,,,,500000.0,,20.0,,Building A and redevelopment,Operating,Expansion,,Loudoun,,,,PEC,-77.44954999999999,38.98944000000005
1243,PROLOGIS PARK GATEWAY II,45180 GLOBAL PLZ,Sterling,VA,20166.0,High,,Prologis,,https://www.datacenterdynamics.com/en/news/prologis-seeks-rezoning-of-land-sterling-virginia-possibly-for-data-centers/,https://reparcelasmt.loudoun.gov/pt/datalets/datalet.aspx?mode=profileall&UseSearch=no&pin=045185843002&jur=107&taxyr=2024&LMparent=20,,,,,,,38.98795,-77.43817,1712707200000.0,1760659200000.0,,Unknown,,,,,,294000.0,,11.0,,"Flex, Industrial",Proposed,Redevelopment,,Loudoun,,,,PEC,-77.43816999999996,38.98795000000006
1244,PROLOGIS-EXCHANGE 43461 OLD OX ROAD,23845 ERINS RUN DR,Sterling,VA,20166.0,High,,PROLOGIS-EXCHANGE 43461 OLD OX ROAD LLC,,https://reparcelasmt.loudoun.gov/pt/Datalets/Datalet.aspx?UseSearch=no&mode=profileall&pin=124299328000&jur=107&taxyr=2024,,,,,,,,38.95745,-77.49768,1754438400000.0,1760659200000.0,,Unknown,,,,,,474570.0,,38.0,,"Shown as ""Storage Warehouse""",Operating,Expansion,,Loudoun,,,,PEC,-77.49767999999995,38.95745000000005
1245,PROLOGIS-EXCHANGE 43461 OLD OX ROAD,23965 CARTERS SCHOOL RD,Sterling,VA,20166.0,High,,"2,680",,https://loudouncountyvaeg.tylerhost.net/prod/selfservice#/plan/f6c352b4-2c45-42eb-8aa1-1f4aa98da3b9?tab=attachments,https://reparcelasmt.loudoun.gov/pt/Datalets/Datalet.aspx?UseSearch=no&mode=profileall&pin=124105978000&jur=107&taxyr=2025,,,,,,,38.95321,-77.49552,1754438400000.0,1760659200000.0,,Unknown,,,,,,2023449.0,,40.0,,,Proposed,Expansion,,Loudoun,,,,PEC,-77.49551999999993,38.95321000000007
1246,QTS Ashburn-Moran,1506 MORAN RD,Sterling,VA,20166.0,High,,QTS DULLES LLC,,https://reparcelasmt.loudoun.gov/pt/datalets/datalet.aspx?mode=profileall&UseSearch=no&pin=045458114000&jur=107&taxyr=2024&LMparent=20,,,,,,,,38.99446,-77.44814,1712707200000.0,1760659200000.0,,Unknown,,,,,,65058.0,,3.0,,Computer Center,Operating,,,Loudoun,,,,PEC,-77.44813999999997,38.99446000000007
1247,QTS BRODERICK ACQUISITION CO LLC,22271 BRODERICK DR,Sterling,VA,20166.0,High,,QTS INVESTMENT PROPERTIES ASHBURN LLC,,https://reparcelasmt.loudoun.gov/pt/datalets/datalet.aspx?mode=profileall&UseSearch=no&pin=044152877000&jur=107&taxyr=2024&LMparent=20,,,,,,,,38.999104,-77.44982,1712707200000.0,1760659200000.0,,Unknown,,,,,,427300.0,,16.0,,Computer Center,Operating,,,Loudoun,,,,PEC,-77.44981999999999,38.999104000000045
1248,QTS Lockridge ASH2 Quality Tech Lane DC1,44675 QUALITY TECH LN,Sterling,VA,20166.0,High,,ASHBURN ACQUISITION CO II LLC,,https://reparcelasmt.loudoun.gov/pt/datalets/datalet.aspx?mode=profileall&UseSearch=no&pin=063498140000&jur=107&taxyr=2024&LMparent=20,,,,,,,,38.995537,-77.455315,1712707200000.0,1760659200000.0,,Unknown,,,,,,308630.0,,14.0,,Computer Center,Operating,,,Loudoun,,,,PEC,-77.45531499999998,38.99553700000007
1249,QTS Lockridge ASH2 Quality Tech Lane DC2,44655 QUALITY TECH LN,Sterling,VA,20166.0,High,,QTS Data Centers,,https://reparcelasmt.loudoun.gov/pt/datalets/datalet.aspx?mode=profileall&UseSearch=no&pin=063494014000&jur=107&taxyr=2024&LMparent=20,,,,,,,,38.995434,-77.456924,1712707200000.0,1760659200000.0,,Unknown,,,,,,252473.0,,9.0,,Computer Center,Operating,,,Loudoun,,,,PEC,-77.45692399999996,38.99543400000004
1250,RIDGETOP CENTER,21670 RIDGETOP CIR,Sterling,VA,20166.0,High,,,,https://loudouncountyvaeg.tylerhost.net/prod/selfservice#/plan/4A8DECD0-B1EF-4677-B44F-A8C04C863B62?tab=locations,https://reparcelasmt.loudoun.gov/pt/datalets/datalet.aspx?mode=land_summary&UseSearch=no&pin=030306633000&jur=107&taxyr=2025&LMparent=20,,,,,,,39.024727,-77.409904,1754784000000.0,1760659200000.0,,Unknown,,,,,,268339.0,,12.0,,,Proposed,Redevelopment,,Loudoun,,,,PEC,-77.40990399999998,39.02472700000005
1251,SHAW ROAD BUSINESS PARK,22930 SHAW RD,Sterling,VA,20166.0,High,,,,https://loudouncountyvaeg.tylerhost.net/prod/selfservice#/plan/61643009-52F9-4C98-9F52-3FB4D2263170?tab=attachments,https://reparcelasmt.loudoun.gov/pt/Datalets/Datalet.aspx?UseSearch=no&mode=profileall&pin=034372453000&jur=107&taxyr=2025,,,,,,,38.98132,-77.42225,1754438400000.0,1760659200000.0,,Unknown,,,,,,,,10.0,,Currently flex warehouse,Proposed,Redevelopment,,Loudoun,,,,PEC,-77.42224999999996,38.98132000000004
1252,"STERLING VI, V",21340 PACIFIC BLVD,Sterling,VA,20166.0,High,,,,https://reparcelasmt.loudoun.gov/pt/datalets/datalet.aspx?mode=commercial&UseSearch=no&pin=042394385003&jur=107&taxyr=2025&LMparent=20,,,,,,,,39.02435,-77.434105,1754784000000.0,1760659200000.0,,Unknown,,,,,,1178308.0,,27.0,,"Project covers more than one parcel, the acreage represents the combined acreage",Operating,,,Loudoun,,,,PEC,-77.434105,39.02435000000003
1253,Thayer Road,45564 THAYER RD,Sterling,VA,20166.0,High,,,,https://loudouncountyvaeg.tylerhost.net/prod/selfservice#/plan/93bd1580-f8d3-4bb1-845e-4b6d0c970645?tab=locations,https://reparcelasmt.loudoun.gov/pt/datalets/datalet.aspx?mode=land_summary&UseSearch=no&pin=030465708000&jur=107&taxyr=2025&LMparent=20,,,,,,,39.026966,-77.42448,1754784000000.0,1760659200000.0,,Unknown,,,,,,305593.0,,10.0,,,Proposed,,,Loudoun,,,,PEC,-77.42447999999996,39.026966000000066
1254,VA 16,22321 PACIFIC BLVD,STERLING,VA,20166.0,High,,,,https://loudouncountyvaeg.tylerhost.net/prod/selfservice#/plan/16f9b8bf-7683-4adb-8ad2-f46dda6fda9f?tab=locations,https://reparcelasmt.loudoun.gov/pt/datalets/datalet.aspx?mode=profileall&UseSearch=no&pin=044175589000&jur=107&taxyr=2025&LMparent=20,,,,,,,38.99909,-77.44114,1754611200000.0,1760659200000.0,,Unknown,,,,,,255935.0,,10.0,,,Operating,,,Loudoun,,,,PEC,-77.44113999999998,38.99909000000007
1255,VANTAGE DATA CENTERS VA11,45200 VANTAGE DATA PLZ,Sterling,VA,20166.0,High,,VANTAGE DATA CENTERS VA11 LLC,,https://datacenterhawk.com/marketplace/providers/vantage-data-centers/45200-vantage-data-plaza/va11,https://reparcelasmt.loudoun.gov/pt/datalets/datalet.aspx?mode=profileall&UseSearch=no&pin=044288975001&jur=107&taxyr=2024&LMparent=20,,,,,,,39.002132,-77.43738,1712707200000.0,1760659200000.0,,Unknown,,,,,,253352.0,,18.0,,Computer Center,Operating,,,Loudoun,,,,PEC,-77.43737999999998,39.00213200000008
1256,VANTAGE DATA CENTERS VA12,45194 VANTAGE DATA PLZ,Sterling,VA,20166.0,High,,VANTAGE DATA CENTERS VA12 LLC,,https://reparcelasmt.loudoun.gov/pt/datalets/datalet.aspx?mode=profileall&UseSearch=no&pin=044288975002&jur=107&taxyr=2024&LMparent=20,,,,,,,,39.003056,-77.4401,1712707200000.0,1760659200000.0,,Unknown,,,,,,228606.0,,19.0,,Computer Center,Operating,,,Loudoun,,,,PEC,-77.44009999999997,39.00305600000007
1257,Vantage V2 Campus 22318 Glenn Drive,22435 GLENN DR,Sterling,VA,20164.0,High,,VANTAGE DATA CENTERS VA2 LLC,,https://www.datacenterdynamics.com/en/news/vantage-files-to-develop-second-virginia-campus-in-sterling/,https://reparcelasmt.loudoun.gov/pt/Datalets/Datalet.aspx?UseSearch=no&mode=profileall&pin=032155119000&jur=107&taxyr=2024,,,,,,,38.997974,-77.43019,1754006400000.0,1760659200000.0,,Unknown,,,,,,565680.0,,18.0,,Has natural gas turbines and may produce onsite power,Operating,,,Loudoun,,,,PEC,-77.43018999999998,38.99797400000005
1258,VERISIGN INC,22340 DRESDEN ST,Sterling,VA,20166.0,High,,VERISIGN INC,,https://reparcelasmt.loudoun.gov/pt/datalets/datalet.aspx?mode=profileall&UseSearch=no&pin=044174648000&jur=107&taxyr=2024&LMparent=20,,,,,,,,38.997738,-77.44368,1712707200000.0,1760659200000.0,,Unknown,,,,,,64300.0,,14.0,,Computer Center,Operating,,,Loudoun,,,,PEC,-77.44367999999996,38.99773800000003
1259,Western Lands,43616 CAPACITY DR,Sterling,VA,20166.0,High,,Digital Realty,,https://www.bizjournals.com/washington/news/2024/02/27/sterling-digital-realty-trust-western-lands-dulles.html,https://reparcelasmt.loudoun.gov/pt/datalets/datalet.aspx?mode=profileall&UseSearch=no&pin=093185459000&jur=107&taxyr=2024&LMparent=20,,,,,,,38.954502,-77.48892,1754438400000.0,1760659200000.0,,Unknown,,,,,,10916000.0,,221.0,,"Project covers more than one parcel, the acreage represents the combined acreage. PEC-LDN-0109 completed footage (phase 1 and 2) has been subtracted from 11.7 million square feet",Proposed,,,Loudoun,,,,PEC,-77.48891999999995,38.95450200000005
1260,Marvell Developments,20420 GERMANNA HWY,Stevensburg,VA,22741.0,High,,Amazon Data Services Inc,,https://go.boarddocs.com/va/tocva/Board.nsf/files/CTNP796180C4/$file/Copper%20Ridge%20Data%20Center_RZStaffReport.pdf,https://gis.vgsi.com/culpeperva/Parcel.aspx?pid=10215,,,,,,,38.435802,-77.87576,1712707200000.0,1760659200000.0,,Unknown,,,,,,445000.0,,223.0,,,Proposed,,,Culpeper,,,,PEC,-77.87575999999996,38.43580200000008
1261,42139 REEDS FARM LN,42090 REEDS FARM LN,Stone Ridge,VA,20105.0,High,,Amazon Data Services Inc,,https://loudouncountyvaeg.tylerhost.net/prod/selfservice#/plan/d3a1ae33-a03c-43b5-9b3f-6918ec841049?tab=attachments,https://reparcelasmt.loudoun.gov/pt/Datalets/Datalet.aspx?UseSearch=no&mode=profileall&pin=203172023000&jur=107&taxyr=2024,,,,,,,38.944927,-77.549866,1712707200000.0,1760659200000.0,,Unknown,,,,,,429213.0,,90.0,,This project covers multiple parcels. The total acreage is represented here.,Proposed,,,Loudoun,,,,PEC,-77.54986599999995,38.94492700000006
1262,IAD11,41840 GROWTH MINDSET LN,Stone Ridge,VA,20105.0,High,,MICROSOFT CORP,,https://reparcelasmt.loudoun.gov/pt/datalets/datalet.aspx?mode=profileall&UseSearch=no&pin=203354208000&jur=107&taxyr=2024&LMparent=20,,,,,,,,38.948166,-77.55538,1712707200000.0,1760659200000.0,,Unknown,,,,,,759405.0,,65.0,,Computer Center,Operating,,,Loudoun,,,,PEC,-77.55537999999997,38.948166000000064
1263,Quail Ridge C - D,24214 QUAIL RIDGE LN,Stone Ridge,VA,20105.0,High,,,,https://www.datacenterdynamics.com/en/news/aws-sells-land-in-manassas-to-stack-buys-land-data-centers-in-loudoun-county-from-stack-owner-ipi/,https://reparcelasmt.loudoun.gov/pt/Datalets/Datalet.aspx?mode=commercial&UseSearch=no&pin=246203645000&jur=107&taxyr=2024&card=1&item=0&State=2|1|1|1|1|&items=4,,,,,,,38.94839,-77.55884,1712707200000.0,1760659200000.0,,Unknown,,,,,,505200.0,,33.0,,Computer Center,Operating,,,Loudoun,,,,PEC,-77.55883999999998,38.948390000000074
1264,Google data center,south of Storelea Dr,Troutville (Botetourt County),VA,24175.0,High,,Google,,https://cardinalnews.org/2025/06/24/google-buys-botetourt-county-land-for-data-center-plans/,https://www.wsls.com/news/local/2025/09/12/western-virginia-water-authority-planning-ahead-as-google-builds-new-data-center-in-botetourt-county/,,,,,,,37.44555,-79.9223,1757808000000.0,1757808000000.0,,Unknown,,,,,,,,300.0,$14 million,,Proposed,,,Botetourt,,,,Media Monitoring,-79.92229999999995,37.44555000000003
1265,ELIAS DC ASSETS,1764 A OLD MEADOW LN,Tysons,VA,22102.0,High,,ELIAS DC ASSETS LLC,,https://www.fairfaxcounty.gov/planning-development/sites/planning-development/files/Assets/Documents/PDF/data-centers-report.pdf#page=1,https://icare.fairfaxcounty.gov/ffxcare/Datalets/Datalet.aspx?mode=&UseSearch=no&pin=0294%2006%20%200097F&jur=129&taxyr=2025,,,,,,,38.91998,-77.21348,1712707200000.0,1760659200000.0,,Unknown,,,,,,69089.0,,2.0,,,Operating,,,Fairfax,,,,PEC,-77.21347999999995,38.919980000000066
1266,Tysons Enterprise West,7990 Quantum Dr,Vienna,VA,22182.0,High,,Equinix,,https://www.fairfaxcounty.gov/planning-development/sites/planning-development/files/Assets/Documents/PDF/data-centers-report.pdf#page=1,,,,,,,,38.909004,-77.2205,1712707200000.0,1760659200000.0,,Unknown,,,,,,202500.0,,,,,Operating,,,Fairfax,,,,PEC,-77.22049999999996,38.90900400000004
1267,Globalinx Virginia Beach,1632 Corporate Landing Pkwy,Virginia Beach,VA,23454.0,High,,LANDING 888 LLC,,https://propertysearch.virginiabeach.gov/#/property/24152434460000,,,,,,,,36.783707,-76.00894,1712707200000.0,1760659200000.0,,Unknown,,,,,,9712.0,,7.0,,,Operating,,,Virginia Beach,,,,PEC,-76.00893999999994,36.78370700000004
1268,Telxius Cable Landing Station Virginia Beach,1900 Corporate Landing Pkwy Cm,Virginia Beach,VA,23454.0,High,,Telxius,,https://baxtel.com/data-center/telxius-cable-landing-station-virginia-beach,https://propertysearch.virginiabeach.gov/#/property/24152291580000,,,,,,,36.777546,-76.00713,1712707200000.0,1760659200000.0,,Unknown,,,,,,10750.0,,12.0,,"140,000 sq foot expansion",Operating,Expansion,,Virginia Beach,,,,PEC,-76.00712999999996,36.77754600000003
1269,DATA CENTER VINT HILL,6872 WATSON CT,Warrenton,VA,20187.0,High,,DATA CENTER VINT HILL LLC,,https://www.fauquiernow.com/news/data-center-database-where-projects-stand-across-fauquier-county/article_18be50e8-49f6-11ef-95cf-3b45407fea55.html,https://gis.vgsi.com/fauquierva/Parcel.aspx?pid=46425,https://commdevpay.fauquiercounty.gov/Energov_Prod/SelfService#/map?search=7915-88-3261-000,,,,,,38.747417,-77.674255,1712707200000.0,1760659200000.0,,Unknown,,,,,,84199.0,,9.0,,,Operating,Expansion,,Fauquier,,,,PEC,-77.67425499999996,38.74741700000004
1270,Maple Tree Farm,8275 MAPLE TREE LN,Warrenton,VA,20187.0,High,,,,https://www.fauquier.com/news/article_55011450-b2d5-11ed-bd87-df7e49eb5e4a.html,,,,,,,,38.691586,-77.77973,1712707200000.0,1760659200000.0,,Unknown,,,,,,,,43.0,,No application yet,Proposed,,,Fauquier,,,,PEC,-77.77972999999997,38.69158600000002
1271,Vint Hill Corners,4295 AIKEN DR,WARRENTON,VA,20187.0,High,,Vint Hill Corners LLC,,https://commdevpay.fauquiercounty.gov/Energov_Prod/SelfService#/plan/ff86bd94-573b-462d-bf75-777ee3093d58?tab=attachments,https://commdevpay.fauquiercounty.gov/Energov_Prod/SelfService#/map?search=7915-53-3758-000,,,,,,,38.744583,-77.68534,1724284800000.0,1760659200000.0,,Unknown,,,,,,360000.0,,46.0,,"two buildings, split sqft (165k, 195k)",Proposed,,,Fauquier,,,,PEC,-77.68533999999994,38.74458300000003
1272,Vint Hill Technology Campus (CyrusOne),Vint Hill Pkwy,Warrenton,VA,20117.0,Medium,,C1 Vint Hill LLC,,https://www.datacenterdynamics.com/en/news/two-sites-in-virginias-fauquier-county-bought-by-data-center-developer/,https://gis.vgsi.com/fauquierva/Parcel.aspx?pid=46540,,,,,,,38.75228,-77.67349,1760054400000.0,1760659200000.0,,Unknown,,,,,,981000.0,,48.0,,"Project covers more than one parcel, the acreage represents the combined acreage",Proposed,,,Fauquier,,,,PEC,-77.67348999999996,38.752280000000034
1273,DP Facilities: Mineral Gap,5978 WINDSWEPT BLVD,Wise,VA,24293.0,High,,DP FACILITIES INC SOUTH LLC,,https://www.dpfacilities.com/markets/wise-va/,https://wisecova.interactivegis.com/jtf/35364,,,,,,,36.978065,-82.52703,1712707200000.0,1760659200000.0,,Unknown,,,,,,65000.0,,22.0,,"200,000 sq ft/ 50 acre/ 45 MW expansion proposed",Operating,Expansion,,Wise,,,,PEC,-82.52702999999997,36.97806500000007
1274,Amazon Data Service: Orrock Rd,Orrock Ln,Woodford,VA,22580.0,Medium,,Amazon,,https://www.datacenterdynamics.com/en/news/10m-sq-ft-amazon-files-for-four-data-center-campuses-in-virginias-spotsylvania-and-caroline-counties/,,,,,,,,38.121346,-77.50528,1769126400000.0,,,Hyperscale (101-999 MW),,,,,,4500000.0,,920.0,,,Proposed,,,Spotsylvania,,,,Media Monitoring,-77.50527999999997,38.12134600000006
1275,Mattameade Tech Campus,Stonewall Jackson Road just east of the Mudd Tavern,Woodford,VA,22580.0,Medium,,Amazon Data Services Inc,,https://co.caroline.va.us/DocumentCenter/View/7255/RZ-02-2023-Orrock-Tech-Camus?bidId=,,,,,,,,38.114647,-77.49115,1712707200000.0,1760659200000.0,,Unknown,,,,,,4500000.0,,916.0,,Sister property to Spotsylvania campus- represents total square footage,Proposed,,,Caroline,,,,PEC,-77.49114999999995,38.11464700000004
1276,Mattameade Tech Campus,,Woodford,VA,22580.0,Medium,,Amazon Data Services Inc,,https://fredericksburg.com/news/local/data-center-proposals-pile-up-in-spotsylvania/article_0b3a873c-ff26-11ed-97a1-df0bb17d1b49.html,,,,,,,,38.12168,-77.504196,1752796800000.0,1760659200000.0,,Unknown,,,,,,,,162.0,,Sister property to Caroline campus - expected to provide utilities,Proposed,,,Spotsylvania,,,,PEC,-77.504196,38.12168000000003
1277,Sabey Data Centers - Columbia,4405 Grant Rd,East Wenatchee,WA,98802.0,High,,,,,,,,,,,,47.4067,-120.187,1755129600000.0,1755129600000.0,,Unknown,,,,,,,,,,,Operating,,,Douglas,,,,Media Monitoring,-120.18699999999994,47.40670000000005
1278,Equinix Data Center,6906 S 204th St,Kent,WA,98032.0,High,,,,,,,,,,,,47.42195,-122.247,1755129600000.0,1755129600000.0,,Unknown,,,,,,,,,,,Operating,,,King,,,,Media Monitoring,-122.24699999999994,47.42195000000004
1279,TierPoint - Spokane Data Center (SPO03),23017 E Mission Ave,Liberty Lake,WA,99019.0,High,,,,,,,,,,,,47.67205,-117.096,1755129600000.0,1755129600000.0,,Unknown,,,,,,,,,,,Operating,,,Spokane,,,,Media Monitoring,-117.09599999999995,47.67205000000006
1280,Centersquare Seattle Data Center (Lynnwood),17300 Hwy 99,Lynnwood,WA,98037.0,High,,,,,,,,,,,,47.84165,-122.302,1755129600000.0,1755129600000.0,,Unknown,,,,,,,,,,,Operating,,,Snohomish,,,,Media Monitoring,-122.30199999999996,47.84165000000007
1281,Digital Fortress Data Center,4200 194th St SW,Lynnwood,WA,98036.0,High,,,,,,,,,,,,47.82266,-122.289,1755129600000.0,1755129600000.0,,Unknown,,,,,,,,,,,Operating,,,Snohomish,,,,Media Monitoring,-122.28899999999999,47.822660000000035
1282,Microsoft,5375 Malaga Alcoa Hwy,Malaga,WA,98828.0,High,,Microsoft,,https://www.datacenterdynamics.com/en/news/microsoft-to-buy-more-than-100-acres-in-chelan-county-washington/,https://www.datacenterdynamics.com/en/news/microsoft-secures-power-supply-for-data-center-project-in-malaga-washington/,,,,,,,47.3591,-120.159,1750291200000.0,1750291200000.0,,Unknown,,,,,,,,103.0,,,Operating,,,Chelan,,,,Media Monitoring,-120.15899999999999,47.359100000000076
1283,Bitfarm Bitcoin Washington,,Moses Lake,WA,98837.0,Low,,,,https://www.tomshardware.com/tech-industry/cryptomining/major-bitcoin-mining-firm-pivoting-to-ai-plans-to-fully-abandon-crypto-mining-by-2027-bitfarm-to-leverage-341-megawatt-capacity-for-ai-following-usd46-million-q3-loss,https://bitfarms.com/our-portfolio/data-centers/north-america/,,,,,,,47.141315,-119.2884,1763337600000.0,,18,Medium (11-50 MW),,,,,,,,,,"Former site of Pitt Race, previous owners confirmed that they sold to a developer and the developer plans to built a gas-fired power plant + data center",Operating,,,Grant,,,,Media Monitoring,-119.28839999999997,47.14131500000007
1284,State Data Center,1500 Jefferson St SE,Olympia,WA,98504.0,High,,,,,,,,,,,,47.03483,-122.895,1755129600000.0,1755129600000.0,,Unknown,,,,,,,,,,,Operating,,,Thurston,,,,Media Monitoring,-122.89499999999998,47.03483000000006
1285,North Olympic Peninsula Data Centers,213 W Patison St B,Port Hadlock-Irondale,WA,98339.0,High,,,,,,,,,,,,48.04007,-122.785,1755129600000.0,1755129600000.0,,Unknown,,,,,,,,,,,Operating,,,Jefferson,,,,Media Monitoring,-122.78499999999997,48.04007000000007
1286,CyrusOne Quincy,1025 D St NW,Quincy,WA,98848.0,High,,,,,,,,,,,,47.24391,-119.87,1755129600000.0,1755129600000.0,,Unknown,,,,,,,,,,,Operating,,,Grant,,,,Media Monitoring,-119.86999999999995,47.243910000000014
1287,H5 data center,1500 M Street NE,Quincy,WA,98848.0,High,,H5,,https://www.datacenterdynamics.com/en/news/h5-acquires-new-york-data-centers-from-yahoo-in-sale-leaseback-deal/,,,,,,,,47.247917,-119.82491,1755129600000.0,1763078400000.0,82,Large (51-100 MW),,,,,,452300.0,,63.0,,,Operating,,,Grant,,,,Media Monitoring,-119.82491,47.24791700000003
1288,Vantage Data Center,2101 M St NE,Quincy,WA,98848.0,High,,,,,,,,,,,,47.24988,-119.814,1755129600000.0,1755129600000.0,,Unknown,,,,,,,,,,,Operating,,,Grant,,,,Media Monitoring,-119.81399999999996,47.249880000000076
1289,Atlas Agro,2100 Horn Rapids Rd,Richland,WA,99354.0,,,,,https://www.datacenterdynamics.com/en/news/six-building-data-center-campus-proposed-in-washington-by-fertilizer-company/,,,,,,,,46.355118,-119.3108,1765152000000.0,,,Hyperscale (101-999 MW),,,,5.0,,2500000.0,,275.0,$24 million,,Proposed,,,Benton,,,,Media Monitoring,-119.31079999999996,46.35511800000006
1290,Digital Fortress Seattle Data Center,12101 Tukwila International Blvd,Seattle,WA,98168.0,High,,,,,,,,,,,,47.49397,-122.294,1755129600000.0,1755129600000.0,,Unknown,,,,,,,,,,,Operating,,,King,,,,Media Monitoring,-122.29399999999998,47.49397000000003
1291,H5 Data Centers,1000 Denny Wy,Seattle,WA,98109.0,High,,,,,,,,,,,,47.61901,-122.337,1755129600000.0,1755129600000.0,,Unknown,,,,,,,,,,,Operating,,,King,,,,Media Monitoring,-122.33699999999999,47.61901000000006
1292,Seattle EdgeConneX Edge Data Center® (EDC),"3425 S 116th Street, Building 6, Suite 133",Seattle,WA,98168.0,High,,,,https://www.edgeconnex.com/locations/americas/seattle-wa/,,,,,,,,47.49822,-122.29,1754265600000.0,1754265600000.0,4.5,Small (0-10 MW),,,,,,47000.0,,,,,Operating,,,King,,,,Media Monitoring,-122.28999999999998,47.49822000000006
1293,TierPoint - Seattle Data Center,100 4th Ave N #400,Seattle,WA,98109.0,High,,,,,,,,,,,,47.61893,-122.349,1755129600000.0,1755129600000.0,,Unknown,,,,,,,,,,,Operating,,,King,,,,Media Monitoring,-122.34899999999999,47.618930000000034
1294,Centersquare Seattle Data Center (Tukwila 2),6101 S 180th St,Tukwila,WA,98188.0,High,,,,,,,,,,,,47.44046,-122.256,1755129600000.0,1755129600000.0,,Unknown,,,,,,,,,,,Operating,,,King,,,,Media Monitoring,-122.25599999999996,47.44046000000004
1295,Meta Data Center,,Approved in late 2024/early 2025. Ground has been broken for months and building are under construction,WI,53916.0,Medium,AI,Meta,,https://www.datacenterdynamics.com/en/news/520-acre-data-center-campus-planned-in-beaver-dam-wisconsin/,https://www.tmj4.com/news/dodge-county/its-really-scary-beaver-dam-residents-raise-water-concerns-about-metas-ai-data-center,https://about.fb.com/news/2025/11/metas-30th-data-center-delivering-ai-supporting-wetlands-restoration/,https://www.newsbreak.com/jim-delillo-1721389/4350500248657-a-1-billion-warning-meta-s-new-wisconsin-ai-data-center-could-change-beaver-dam-forever,https://www.widatacenterfacts.org/communities/beaver-dam,https://www.jsonline.com/story/news/environment/2025/12/10/suit-demands-energy-use-projections-at-metas-beaver-dam-data-center/87703071007/,,,43.51469,-88.8214,1748390400000.0,1769212800000.0,,Hyperscale (101-999 MW),,,,,Air,700000.0,,520.0,$1 billion +,,Approved/Permitted/Under construction,,2027.0,Dodge,Yes,https://www.facebook.com/groups/24901633966193019,,Media Monitoring,-88.82139999999998,43.51469000000004
1296,QTS,,DeForest,WI,53532.0,Medium,,,,https://www.datacenterdynamics.com/en/news/qts-data-centers-looks-to-build-another-facility-near-madison-wisconsin/,,,,,,,,43.23184,-89.33042,1762128000000.0,,,Large (51-100 MW),,,,,,,,1400.0,,Petition for annexation of lands in DeForest not yet filed,Proposed,,,Dane,Yes,https://www.facebook.com/groups/1140996281561878/?ref=share&mibextid=NSMWBT,,Media Monitoring,-89.33041999999995,43.23184000000003
1297,MKE1,4777 W Ironwood,Franklin,WI,53132.0,High,,,,https://www.expedient.com/data-centers/milwaukee/,,,,,,,,42.86316,-87.9779,1756771200000.0,1756771200000.0,1.6,Small (0-10 MW),,,,,,27000.0,,,,,Operating,,,Milwaukee,,,,Media Monitoring,-87.97789999999999,42.863160000000036
1298,No name data center,"near 117 Meadowlark Rd, Fredonia, WI 53021",Fredonia,WI,53074.0,High,,,,https://www.jsonline.com/story/communities/north/2025/04/08/port-washington-takes-up-zoning-standards-for-proposed-data-center/82774695007/,https://www.gannett-cdn.com/authoring/authoring-images/2025/04/29/PMJS/83351569007-mjs-250422-data-center-p-15.jpg,,,,,,,43.45566,-87.9353,1747180800000.0,1747180800000.0,,Unknown,,,,,,,,,,,Unknown,,,Ozaukee,,,,Media Monitoring,-87.9353,43.45566000000008
1299,Data center,"West of Hwy 57, south of Mallard Rd",Greenleaf,WI,54126.0,Medium,,,,https://www.datacenterdynamics.com/en/news/residents-of-greenleaf-wisconsin-offered-up-to-120000-per-acre-to-sell-land-for-data-center-report/,https://www.datacenterdynamics.com/en/news/cloverleaf-backs-out-of-data-center-project-in-greenleaf-wisconsin/,,,,,,,44.32815,-88.110405,1767657600000.0,1768348800000.0,,Unknown,,,,,,,,500.0,,"Residents being offered up to $120,000 per acre",Suspended,,,Brown,,,,Media Monitoring,-88.11040499999996,44.32815000000005
1300,Data center,1000 General Motors Dr,Janesville,WI,53546.0,High,,,,https://www.datacenterdynamics.com/en/news/officials-in-janesville-wisconsin-seek-data-center-partner-for-former-gm-auto-assembly-plant/,https://www.widatacenterfacts.org/communities/janesville-fact-checking-the-citys-fact-checking,,,,,,,42.65851,-89.0211,1753142400000.0,1765324800000.0,25-200,Hyperscale (101-999 MW),,,,,,4800000.0,,240.0,,,Proposed,,,Rock,Yes,nojanesvilledatacenter@gmail.com,,Media Monitoring,-89.02109999999999,42.65851000000003
1301,Microsoft data center,12990 Burlington Rd,Kenosha,WI,53144.0,High,,Microsoft,,https://biztimes.com/microsoft-buys-240-acres-of-land-in-kenosha-for-data-center-development/,https://www.kaba.org/news-item/psc-approves-natural-gas-power-plants-planned-in-oak-creek-and-kenosha-county/,,,,,,,42.62348,-87.9679,1748044800000.0,1765324800000.0,,Hyperscale (101-999 MW),,,,,,1000000.0,,,$3.3 billion,,Proposed,,,Kenosha,Yes,kuamdc@gmail.com,,Media Monitoring,-87.96789999999999,42.62348000000003
1302,"Microsoft data center ""Fairwater""",,Mount Pleasant,WI,53177.0,High,,Microsoft,,https://www.datacenterdynamics.com/en/news/microsoft-pauses-construction-on-part-of-data-center-site-in-mount-pleasant-wisconsin/,https://www.datacenterdynamics.com/en/news/racine-county-wisconsin-approves-microsofts-1000-acre-expansion-of-mount-pleasant-campus/,https://www.datacenterdynamics.com/en/news/microsoft-breaks-ground-on-1bn-data-center-in-wisconsin/,https://rbnenergy.com/i-know-places-tech-giants-may-be-the-surest-bets-for-data-center-power-demand,https://www.jsonline.com/story/news/local/2025/09/15/suit-filed-to-learn-lake-michigan-water-use-at-microsoft-data-center/86161113007/,https://www.tomshardware.com/tech-industry/artificial-intelligence/microsoft-announces-worlds-most-powerful-ai-data-center-315-acre-site-to-house-hundreds-of-thousands-of-nvidia-gpus-and-enough-fiber-to-circle-the-earth-4-5-times,https://epoch.ai/data/data-centers/satellite-explorer/MicrosoftFairwaterMountPleasantWisconsin?ref=404media.co,,42.68015,-87.90021,1757980800000.0,1767225600000.0,450+,"Mega campus (>1,000 MW)",,,,,,1200000.0,Closed loop,315.0,,"3 sites within area--2 on 90th St, 1 on Durand Ave. Work temporarily paused on 2. Will use closed-loop water cooling.",Approved/Permitted/Under construction,,2026.0,Racine,,,,Media Monitoring,-87.90020999999996,42.680150000000026
1303,Lighthouse Data Center Campus,Between Lake and Dixie Rds,Port Washington,WI,53074.0,Medium,AI,Vantage,Open AI and Oracle,https://www.datacenterdynamics.com/en/news/cloverleaf-reveals-plans-for-1000-acre-data-center-campus-in-port-washington-wisconsin/,https://www.datacenterdynamics.com/en/news/vantage-seeking-13gw-grid-connection-for-data-center-in-port-washington-wisconsin/,https://www.fox6now.com/news/port-washington-data-center-residents-unite-against-proposed-powerline-routes,https://www.jsonline.com/story/communities/north/2025/11/18/port-washington-approves-data-center-tif-as-residents-continue-to-raise-red-flags/87092084007/,https://www.widatacenterfacts.org/communities/video-lighthouse-campus-part-1,https://www.widatacenterfacts.org/communities/port-washington,https://www.widatacenterfacts.org/communities/port-washington-fact-checking-the-mayors-fact-checking,,43.44933,-87.8525,1754438400000.0,1765324800000.0,"1,300-3,599","Mega campus (>1,000 MW)",,,,4.0,,,,2000.0,,"Part of the Stargate program. On Nov. 18 2025, Port Washington's Joint Review Board unanimously approved the data center and passed TIF district (No. 5), which will reimburse Denver-based data center operations company Vantage for fronting infrastructure improvements, along with interest, consulting fees and other costs associated with the project that total $458 million.",Approved/Permitted/Under construction,,,Ozaukee,Yes,https://www.facebook.com/GreatLakesNeighborsUnited,,Media Monitoring,-87.85249999999996,43.44933000000002
1304,Project Nova data center,8676-8642 WI-32,Racine/ Caledonia,WI,53402.0,Medium,,Microsoft,,https://www.datacenterdynamics.com/en/news/244-acre-data-center-campus-proposed-outside-milwaukee-wisconsin/,https://www.jsonline.com/story/money/business/2025/10/09/microsoft-changed-its-data-center-plans-because-of-these-issues/86603358007,https://www.wpr.org/news/microsoft-caledonia-data-center-site-ozaukee-county,,,,,,42.83487,-87.8458,1754006400000.0,1760486400000.0,,Unknown,,,,3.0,,,,244.0,,,Suspended,,,Racine,Yes,https://www.cleanwisconsin.org/,,Media Monitoring,-87.84579999999994,42.834870000000066
1305,Balloonist LLC data center,Between 650th and 690th Ave,Red Cedar/ Elk Mound,WI,54751.0,Medium,,,,https://www.wqow.com/news/menomonie-city-council-votes-to-adopt-proposed-land-annexation-and-rezoning/article_6f2fb583-9a77-463a-863d-01cbaddc8833.html,https://www.wqow.com/news/what-are-the-next-steps-for-menomonies-proposed-data-center-after-council-vote/article_41821a71-23cb-4ef8-b8e4-58d72b234a37.html,https://www.menomonieminute.com/post/menomonie-receives-petition-to-annex-324-acres-for-proposed-data-center,https://www.datacenterdynamics.com/en/news/menomonie-city-council-approves-land-rezone-for-data-center-in-red-cedar-wisconsin/,https://www.datacenterdynamics.com/en/news/data-center-in-red-cedar-wisconsin-could-be-16bn-investment/,https://www.weau.com/2025/09/23/proposed-menomonie-data-center-put-hold/,,,44.92341,-91.8447,1758585600000.0,1765324800000.0,,Unknown,,,,,,,,324.0,$1.6 billion,"75,000 gallons of water per day, opposed by Stop the Menomonie Data Center group",Suspended,,,Dunn,Yes,https://www.facebook.com/groups/4247210148843416/?rdid=OLjFLf1thwgvxa3c&share_url=https%3A%2F%2Fwww.facebook.com%2Fshare%2Fg%2F19qZqaSKJZ%2F#,,Crowdsourced,-91.8447,44.92341000000004
1306,Microsoft data center,11508 Braun Rd,Sturtevant,WI,53178.0,High,,Microsoft,,https://biztimes.com/microsoft-gets-approval-for-third-portion-of-mount-pleasant-data-center-campus/,,,,,,,,42.68763,-87.9269,1758240000000.0,1758240000000.0,,Unknown,,,,,,4400000.0,,791.0,,,Proposed,,,Racine,,,,Media Monitoring,-87.92689999999999,42.68763000000007
1307,Microsoft data center,12721 Louis Sorenson Rd,Sturtevant,WI,53177.0,High,,Microsoft,,https://www.datacenterdynamics.com/en/news/microsoft-buys-another-160-acres-in-racine-county-wisconsin-for-mount-pleasant-data-center-campus/,https://www.datacenterdynamics.com/en/news/microsoft-buys-another-70-acres-in-mount-pleasant-wisconsin/,https://www.jsonline.com/story/money/real-estate/commercial/2024/07/29/microsoft-buys-more-land-near-milwaukee-area-data-center-development/74557810007/,,,,,,42.70384,-87.9382,1758326400000.0,1758326400000.0,,Unknown,,,,,,,,230.0,,,Proposed,,,Racine,,,,Media Monitoring,-87.93819999999994,42.70384000000006
1308,QTS data center,,Vienna,WI,53532.0,Low,,,,https://www.datacenterdynamics.com/en/news/qts-plans-15-building-data-center-campus-in-madison-wisconsin/,https://madison.com/news/local/business/development/article_b0bd4ca1-cc51-442b-a4e5-6cb60e4969c6.htm,https://www.wpr.org/news/developer-qts-data-centers-looks-build-data-campus-dane-county-vienna,https://www.wmtv15news.com/2025/07/31/large-data-center-proposal-raises-questions-rural-dane-county/,https://www.datacenterdynamics.com/en/news/qts-data-centers-looks-to-build-another-facility-near-madison-wisconsin/,,,,43.25594,-89.43,1754006400000.0,1762128000000.0,,Unknown,,,,15.0,,,,615.0,$500 million-$3 billion,QTS efforts to annex 1400 acres in Vienna met with fierce community opposition.,Proposed,,,Dane,Yes,,,Media Monitoring,-89.42999999999995,43.25594000000006
1309,Digital Power Optimization,west of Hwy 34 near water quality plant,Wisconsin Rapids,WI,94495.0,Medium,,,,https://www.datacenterdynamics.com/en/news/dpo-secures-land-and-power-supply-for-20mw-hpc-data-center-in-wisconsin/,https://www.wisconsinrapidstribune.com/story/money/2025/01/27/ai-computing-facility-wisconsin-rapids-digital-power-optimization/77969465007/,https://www.wisconsinrapidstribune.com/story/money/2025/07/23/digital-power-optimization-no-longer-plans-to-open-200-million-ai-data-center-in-wisconsin-rapids/85340839007/,,,,,,44.41945,-89.8253,1753315200000.0,1753315200000.0,20,Medium (11-50 MW),,,,,,,,15.0,$200 million,,Cancelled,,,Wood,,,,Media Monitoring,-89.82529999999997,44.41945000000004
1310,Fundamental Data Center/ Ridgeline Power Station,"Off of US-48, near the City of Thomas",Davis,WV,26260.0,Medium,,,,https://wvmetronews.com/2025/07/01/tucker-county-residents-rise-up-to-oppose-data-center/,https://westvirginiawatch.com/2025/05/28/it-will-destroy-this-place-tucker-county-residents-fight-for-future-against-proposed-data-center/,https://steadystate.org/tucker-county-yellowstone-of-the-east-or-appalachias-cancer-valley/,https://wvmetronews.com/2025/09/17/environmental-groups-mount-a-challenge-to-data-center-power-permit/,https://www.yahoo.com/news/articles/hope-rest-wv-watching-tucker-110032778.html,https://dep.wv.gov/daq/permitting/Documents/Fundamental%20Data%20LLC;%20Ridgeline%20Facility/093-00034_APPL_13-3713.pdf,,,39.13851,-79.4867,1755993600000.0,1765152000000.0,"1,656","Mega campus (>1,000 MW)",,,,,,,,10000.0,,Dedicated power plant fueling data center,Proposed,,,Tucker,Yes,https://www.tuckerunited.com/,,Crowdsourced,-79.48669999999998,39.138510000000046
1311,Adams Fork Harless Data Center Energy Campus,Off Twentytwo Mine Rd,Holden,WV,25625.0,High,,"TransGas Development, LLC",,https://dep.wv.gov/daq/permitting/Documents/Transgas-Adams-Fork-Harless/059-00133_APPL_13-3714%20rev.pdf,,,,,,,,37.75417,-82.1179,1754352000000.0,1765152000000.0,,Unknown,,,,,,,,,,"Dedicated power plant fueling data center. Total of 7 pods attached to the 117 power plant engines. Each pod holds two large buildings on the outer side, housing the data centers.",Proposed,,,Mingo,Yes,https://wvcag.org/,https://wvrivers.org/,Crowdsourced,-82.11789999999996,37.754170000000045
1312,Alpha Technologies Data Center,1125 6th Ave,Huntington,WV,25701.0,High,,,,https://www.datacenterdynamics.com/en/news/alpha-technologies-to-convert-office-to-data-center-in-west-virginia/,,,,,,,,38.41845,-82.4386,1754352000000.0,1754352000000.0,,Unknown,,,,,,60000.0,,,,,Approved/Permitted/Under construction,,,Cabell,,,,Media Monitoring,-82.43859999999995,38.418450000000064
1313,QTS Kearneysville Data Center,between Route 115 and CSX railroad,Kearneysville,WV,25438.0,Medium,,QTS,,https://observerwv.com/plan-for-data-center-complex-near-kearneysville-approved/,,,,,,,,39.33659,-77.85235,1763942400000.0,1763942400000.0,,Unknown,,,,2.0,,,,90.0,,,Proposed,,,Jefferson,,,,Other,-77.85234999999994,39.33659000000006
1314,NETL’s Computational Science & Engineering Center,3610 Collins Ferry Rd,Morgantown,WV,26505.0,High,AI,National Energy Technology Laboratory,,https://wvpublic.org/story/energy-environment/morgantown-federal-energy-lab-could-host-data-center-for-ai/,https://netl.doe.gov/node/14819,,,,,,,39.67102,-79.975006,1763942400000.0,1763942400000.0,,Unknown,,,,,,,,50.0,,"Laboratory already conducting research on AI and advanced computing, this project will consolidate data centers at the Morgantown Campus into a single facility and allow decommissioning of less-efficient data center space",Approved/Permitted/Under construction,,,Monongalia,,,,Other,-79.97500599999995,39.67102000000005
1315,Mountaineer Gigasystem/ Monarch Cloud Campus,Airport Rd and Hwy 62,Point Pleasant,WV,25550.0,High,,Fidelis,,https://www.wsaz.com/2025/03/04/new-facility-set-bring-thousands-jobs-mason-county/,https://fidelisinfra.com/project/monarch-compute-campus/#,https://eda.wv.gov/wp-content/uploads/2024/01/Mountaineer-GigaSystem-LLC-Final-Approval-8-16-2023-High-Impact.pdf,https://www.prnewswire.com/news-releases/fidelis-and-bw-join-forces-at-mountaineer-gigasystem-site-for-brightloop-facility-to-process-coal-into-low-carbon-energy-302382849.html,,,,,38.9132,-82.1103,1754352000000.0,1754352000000.0,1000,"Mega campus (>1,000 MW)","Coal, Natural gas, Biomass",,,,,,,2250.0,$5 billion,"Brightloop onsite power generation will includes carbon capture and storage plans, hydrogen fuel production.",Proposed,,,Mason,,,,Crowdsourced,-82.11029999999994,38.91320000000006
1316,Adams Fork Data Center Energy Campus,2002 Twisted Gun Rd,Wharncliffe,WV,25651.0,High,,"TransGas Development, LLC",,https://dep-auth.wv.gov/daq/permitting/Documents/Transgas-Adams-Fork/059-00134_EVAL_13-3715%20draft.pdf,https://ohiorivervalleyinstitute.org/adams-fork-energy-whats-happening-with-the-worlds-largest-proposed-ammonia-plant/,,,,,,,37.59904,-81.9545,1754265600000.0,1754265600000.0,1796,"Mega campus (>1,000 MW)",,,,,,,,,,Supply to adjacent data centers not yet built,Proposed,,,Mingo,,,,Crowdsourced,-81.95449999999994,37.599040000000066
1317,"Crusoe data center ""Project Jade"" (same as Tallgrass?)","West of I-85, 1 mile south of Terry Ranch Rd",Cheyenne,WY,82007.0,High,,Crusoe,,https://www.wyomingnews.com/news/local_news/county-commissioners-approve-data-center-power-plant-facilities-south-of-cheyenne/article_8dd9c94a-32c0-4ab5-9ea4-066936c81562.html,https://www.datacenterdynamics.com/en/news/crusoe-gets-go-ahead-for-18gw-data-center-campus-and-power-plant-in-cheyenne-wyoming/,,,,,,,41.041576,-104.79804,1767916800000.0,,"2,700","Mega campus (>1,000 MW)",Natural gas,,,5.0,,,,600.0,,,Approved/Permitted/Under construction,,2027.0,Laramie,Yes,,,Media Monitoring,-104.79803999999996,41.04157600000007
1318,Meta Data Center,High Plains Business Park,Cheyenne,WY,82007.0,Medium,,Meta,,https://www.datacenterdynamics.com/en/news/meta-named-as-company-behind-945-acre-data-center-development-in-cheyenne-wyoming/,,,,,,,,41.08515,-104.833,1754870400000.0,1754870400000.0,,Unknown,,,,,,800000.0,,945.0,,,Proposed,,,Laramie,,,,Media Monitoring,-104.83299999999997,41.08515000000005
1319,Microsoft Azure data center,644 Logistics Dr,Cheyenne,WY,82009.0,High,,Microsoft,,,,,,,,,,41.12372,-104.901,1754870400000.0,1754870400000.0,,Unknown,,,,,,,,,,,Approved/Permitted/Under construction,,,Laramie,,,,Media Monitoring,-104.90099999999997,41.12372000000005
1320,Related Digital,"Cheyenne Business Parkway, Campstool Rd, north side of I-80",Cheyenne,WY,82007.0,Medium,,Related Digital,CoreWeave,https://oilcity.news/statewide/2025/10/07/1-2-billion-data-center-breaks-ground-in-cheyenne-promises-water-free-operations/,https://www.datacenterdynamics.com/en/news/related-digital-breaks-ground-on-12bn-data-center-in-cheyenne-wyoming-will-host-coreweave-servers/,https://cheyenneleads.org/wp-content/uploads/2025/03/11x17-Business-Parks-Map-2024.jpg,,,,,,41.137573,-104.71874,1765152000000.0,1765152000000.0,250,Hyperscale (101-999 MW),,,,,,,,113.0,$1.2 billion,"Starting with 88 MW/ 184,00 sq ft building, and building out from there",Proposed,,,Laramie,,,,Crowdsourced,-104.71873999999997,41.13757300000003
1321,Tallgrass Integrated Logistics Solutions LLC (same as Crusoe?),"Switchgrass Industrial Park, west of I-85. 2 miles south of Terry Ranch Rd",Cheyenne,WY,82007.0,High,,,,https://capcity.news/community/county-community/county-government/2025/10/09/laramie-county-oks-zoning-to-allow-massive-switchgrass-industrial-park-for-data-center-power-plant/,https://www.washingtonpost.com/climate-environment/interactive/2025/giant-data-centers-energy-pollution,https://www.crusoe.ai/resources/newsroom/crusoe-and-tallgrass-announce-ai-data-center-in-wyoming,https://www.wyomingnews.com/news/local_news/county-commissioners-approve-data-center-power-plant-facilities-south-of-cheyenne/article_8dd9c94a-32c0-4ab5-9ea4-066936c81562.html,,,,,41.031693,-104.7964,1765152000000.0,1767830400000.0,"10,000","Mega campus (>1,000 MW)",Natural gas,,,5.0,,,Closed loop,1375.0,,,Approved/Permitted/Under construction,,2027.0,Laramie,Yes,,,Crowdsourced,-104.79639999999995,41.03169300000007
1322,Digital Realty SJC37 data center,South of ~3878 IN-44,near Cheyenne,WY,14150.0,Low,,IREN (Iris Energy),,https://www.datacenterdynamics.com/en/news/crusoe-plans-18gw-data-center-campus-in-wyoming/,https://apnews.com/article/ai-artificial-intelligence-data-center-electricity-wyoming-cheyenne-44da7974e2d942acd8bf003ebe2e855a,https://www.techradar.com/pro/a-massive-wyoming-data-center-will-soon-use-5x-more-power-than-the-states-human-occupants-and-no-one-knows-who-is-using-it,,,,,,41.02857,-83.821175,1753747200000.0,1753747200000.0,"1,800-10,000","Mega campus (>1,000 MW)",,,,4.0,,90.0,,,$500 million,Natural gas,Proposed,,2026.0,Hancock,Yes,,,Media Monitoring,-83.82117499999998,41.02857000000006
