{"type":"FeatureCollection","features":[{"type":"Feature","id":"AK","properties":{"STUSPS":"AK","STATE_FIPS":"02"},"geometry":{"type":"MultiPolygon","coordinates":[[[[-174.08910300616122,52.10725896901058],[-174.73659467187517,52.007316022189144],[-175.34162636621582,52.021595999424314],[-174.41529284476377,52.16938391816113],[-174.4629648233204,52.21303888696225],[-174.25583493261428,52.274159849928],[-174.45366283482232,52.31937481396111],[-174.1853499781125,52.41779575276833],[-173.9894180716771,52.32528282149755],[-174.06045402868523,52.225333888476165],[-174.20039195668082,52.2118688941973],[-174.08910300616122,52.10725896901058]]],[[[-168.23832099999998,53.521902],[-167.786387,53.513895999999995],[-167.852217,53.378294],[-168.27074399999998,53.242810999999996],[-168.45710300000002,53.055839],[-169.102465,52.824349],[-168.86340189511301,52.966098839492496],[-168.759691,53.081461],[-168.789988631095,53.15901309919501],[-168.59643221728302,53.2729832973045],[-168.343994,53.26215],[-168.432733701142,53.3336595529532],[-168.404180169072,53.4169406881572],[-168.23832099999998,53.521902]]],[[[-166.208767,53.929109999999994],[-166.540531,53.715925999999996],[-166.119922,53.855048],[-166.11131699999999,53.776855999999995],[-166.53263900000002,53.630533],[-166.65623399999998,53.487119],[-166.761174503473,53.5142974432766],[-166.75164450052299,53.443114759221395],[-167.04820999999998,53.448844],[-167.622173,53.250361999999996],[-167.85151100000002,53.308668],[-167.19996600000002,53.463038999999995],[-167.102305,53.515077],[-167.163196,53.613813],[-167.009635,53.635343999999996],[-167.071823,53.66556],[-167.02238499999999,53.715467],[-166.80587400000002,53.665732999999996],[-166.787318,53.734576999999994],[-167.141966,53.826932],[-167.031252,53.945204],[-166.644627,54.014495],[-166.597182,53.88399],[-166.44369899999998,53.909727],[-166.373689,54.01003],[-166.208767,53.929109999999994]]],[[[-165.71451,60.310496],[-165.684585,60.055237],[-165.543456,59.930375999999995],[-166.01612780807199,59.8645320303097],[-166.179760665008,59.7497749767335],[-167.133258,59.994695],[-167.342702,60.072395],[-167.42305299999998,60.195071999999996],[-166.847438,60.213592],[-166.73832299999998,60.314301],[-166.163203,60.432641],[-166.084791,60.325288],[-165.71451,60.310496]]],[[[-170.047114,63.490134999999995],[-168.68514499999998,63.296426999999994],[-168.85875,63.146958],[-169.375667,63.151269],[-169.638309,62.937526999999996],[-169.88123000000002,63.105847999999995],[-170.263032,63.179147],[-170.55894999999998,63.354988999999996],[-171.100855,63.42342],[-171.464455,63.306915],[-171.739321,63.366113999999996],[-171.849984,63.485039],[-171.738177570287,63.784711411559],[-171.673296473794,63.7880673384826],[-171.609439,63.679832],[-170.950817,63.570127],[-170.281988,63.685019999999994],[-170.095833,63.612700999999994],[-170.047114,63.490134999999995]]],[[[-161.231535,55.357451999999995],[-161.514211,55.385253999999996],[-161.355686,55.606378],[-161.58704699999998,55.620059999999995],[-161.878076,55.223599],[-162.045694,55.232775],[-161.949882,55.126686],[-162.053281,55.074211999999996],[-162.141084,55.157339],[-162.219326,55.028974999999996],[-162.471364,55.051932],[-162.520986,55.115417],[-162.406191,55.120498],[-162.626101,55.304085],[-162.718077,55.219910999999996],[-162.579765,55.136939],[-162.559391127401,54.9546673631751],[-162.881639,54.934785],[-163.00155,55.080042999999996],[-163.188428,55.090903],[-163.219018,55.030280999999995],[-163.036062,54.942544],[-163.372806,54.790935999999995],[-163.144089,54.761499],[-163.05908499999998,54.661072],[-163.364626,54.749463999999996],[-163.58596699999998,54.611644],[-164.23246999999998,54.585494],[-164.41682,54.431712999999995],[-164.640457,54.391166],[-164.844931,54.417583],[-164.944636,54.532903],[-164.932187,54.598745],[-164.709465,54.661518],[-164.48678,54.922441],[-163.53296248482502,55.0488805706013],[-163.414691,54.856089999999995],[-163.33423399999998,54.872948],[-163.338395,54.956191],[-163.25698217825,54.9504122808258],[-163.30205430085203,55.1178586672664],[-162.882292,55.183251],[-162.881779,55.273776],[-162.54256802913702,55.3573932942076],[-162.56541085479302,55.4668485004757],[-162.257032708438,55.693373188230694],[-161.807833,55.891954],[-160.87322899999998,56.001447999999996],[-160.860764990216,55.9322710732161],[-161.018761201004,55.905621109950694],[-160.806014,55.738240999999995],[-160.65555999999998,55.730041],[-160.788429375639,55.8856336375019],[-160.277382,55.765861],[-160.317826,55.818982999999996],[-160.25447832593102,55.8504176146155],[-160.58349099999998,55.986467999999995],[-160.357156,56.279582],[-158.893397002407,56.8804838887584],[-158.953543,56.843418],[-158.660298,56.789015],[-158.659945,57.034585],[-158.376249,57.265541999999996],[-157.772496,57.547055],[-157.58691,57.487156],[-157.599644,57.607949999999995],[-157.710645,57.639945999999995],[-157.583636,58.124306999999995],[-157.352316,58.219097],[-157.541564,58.271882999999995],[-157.524477,58.414505999999996],[-157.077914,58.708102999999994],[-156.962256078264,58.9741740230696],[-157.116866,58.867532999999995],[-158.190283,58.61371],[-158.566397,58.807137],[-158.478448631179,59.0074864771512],[-158.17007048482301,59.0208114587838],[-158.41753442943002,59.0617381880841],[-158.76774799999998,58.864264],[-158.784886,58.747738999999996],[-158.87819808015902,58.710529743623496],[-158.704052,58.482758999999994],[-158.896067,58.390065],[-159.063346,58.423139],[-159.390664,58.762361999999996],[-159.64354857073403,58.84506310338939],[-159.61612004713902,58.9316012326043],[-159.89500860637702,58.772339561736594],[-159.9853515625,58.8704643249512],[-160.243770751405,58.8887513729603],[-160.36018376107,59.061471382688495],[-160.82348895991802,58.8291357307171],[-161.03450913081102,58.83861963963509],[-161.75199890136702,58.551841735839794],[-162.171722412109,58.6484413146973],[-161.877212524414,58.6661376953125],[-161.769500732422,58.7749366760254],[-161.839229763954,59.04992825594479],[-162.04858398437503,59.2541770935059],[-161.70252990722702,59.4909057617188],[-162.46269422003002,60.2937689962175],[-162.32944440370403,60.3737188860134],[-162.178110683733,60.6345078122523],[-162.571197641896,60.251890482514796],[-162.44651388519102,60.1871691431562],[-162.503647,59.99923],[-163.66260699999998,59.79571],[-164.133393,59.845611999999996],[-164.20984299999998,59.942873999999996],[-164.13181,59.991177],[-165.132893,60.438866999999995],[-164.965488,60.536701],[-165.362975,60.506865999999995],[-165.420349,60.550692],[-164.97125,60.711434],[-165.04258399999998,60.78443],[-164.922179016577,60.81987308380229],[-165.030183,60.838049999999996],[-164.903903,60.942212999999995],[-165.03204,60.903985999999996],[-165.194964,60.979915],[-164.868009,61.096394],[-165.029551,61.05401],[-165.307976,61.181822999999994],[-165.34344199999998,61.070564],[-165.59068200000002,61.111169],[-165.623317,61.278431],[-165.91544499999998,61.387685999999995],[-165.75431700000001,61.498704],[-165.964035,61.555918999999996],[-166.108269,61.492475],[-166.18185,61.581342],[-166.143756947149,61.7243524054327],[-166.139408714978,61.632315152156096],[-165.809971264246,61.682355767259004],[-166.094312,61.813858999999994],[-165.600043,61.859663],[-165.741481,61.971391999999994],[-165.734117,62.076873],[-165.199804,62.469637],[-164.770232,62.592082],[-164.87563999999998,62.806253999999996],[-164.583735,63.058457],[-164.633943,63.09782],[-164.423449,63.211977],[-164.066991,63.262276],[-163.316203,63.037763],[-163.0405,63.062151],[-162.587753812495,63.2757266693285],[-162.271089,63.487711],[-162.296731,63.540108],[-162.025552,63.447539],[-161.136758,63.504524999999994],[-160.766291,63.835189],[-160.976038,64.235761],[-161.313668,64.400874],[-161.529053207868,64.4129134299355],[-161.388621,64.532783],[-161.015095,64.502124],[-161.085759622481,64.5373592405404],[-160.802048,64.61035199999999],[-160.783398,64.71715999999999],[-161.176009,64.927161],[-161.413493,64.762723],[-161.667261,64.78898099999999],[-162.168516,64.68029],[-162.539996,64.530931],[-162.632242,64.385734],[-162.790167,64.325182],[-162.857562,64.49978],[-163.173974601198,64.6396760637911],[-163.316742261548,64.5806654308465],[-163.033230935725,64.5193140936935],[-163.150789,64.397249],[-163.651943,64.56729899999999],[-164.307273,64.561488],[-165.001961,64.433917],[-166.189546,64.57579799999999],[-166.474714,64.719267],[-166.41562399999998,64.871928],[-166.911921640495,65.1259645892355],[-166.638411,65.113586],[-166.360618,65.288631],[-167.474024,65.412744],[-168.0752,65.57635499999999],[-168.128930301204,65.65574422369009],[-165.80503041549602,66.3333095254777],[-164.400726887059,66.5811096411309],[-163.875047401562,66.59225616856759],[-163.60664420010403,66.5579919300836],[-163.93881695651802,66.5770276181302],[-163.730247,66.491372],[-163.873106,66.389015],[-163.843108,66.259869],[-164.092715,66.18453699999999],[-163.916551,66.190494],[-163.76751049854002,66.06080342624259],[-162.13951600000001,66.078819],[-161.838018,66.022582],[-161.48453899999998,66.26242599999999],[-160.993964685756,66.2344441387453],[-161.129512,66.336248],[-161.525554,66.397046],[-161.91294581372,66.34443599096939],[-161.83531394083903,66.26954176965181],[-161.90015425324802,66.26418798238869],[-161.935846168335,66.3320026210549],[-161.87488,66.51144599999999],[-162.228635,66.70976999999999],[-162.501415,66.742503],[-162.62669599999998,66.859572],[-162.31039223380301,66.937047095227],[-162.013623,66.779406],[-162.07362,66.651217],[-161.915856,66.551339],[-161.574129,66.438566],[-161.326349,66.478371],[-161.279803,66.505179],[-161.88167099999998,66.716796],[-161.68628,66.961367],[-161.489169,66.93695],[-161.5522654158,66.9904542699241],[-161.81025599999998,67.050281],[-162.415866,66.98470999999999],[-162.699069,67.055476],[-162.831058885254,66.9937307267764],[-163.69887,67.114443],[-163.853584,67.38810099999999],[-164.10871600000002,67.601993],[-165.31358113680815,68.02785462882579],[-165.88848781817,68.1133266165446],[-166.353077579558,68.2995194402508],[-166.85064,68.333089],[-166.305962,68.46154],[-166.199826,68.678556],[-166.21443299999999,68.879524],[-164.253157,68.930938],[-163.655864,69.090567],[-163.110318,69.375343],[-163.016456,69.538142],[-163.116622,69.59341599999999],[-162.922009,69.700372],[-163.012595,69.757462],[-161.922949,70.29159899999999],[-161.39675699999998,70.240606],[-160.839536,70.344534],[-159.648383,70.79436799999999],[-159.209082,70.87006699999999],[-159.132483,70.82835899999999],[-159.343075,70.783115],[-157.840997,70.861025],[-156.568649649121,71.3525606439998],[-156.018574,71.172041],[-155.587702,71.17255999999999],[-155.513987,71.096794],[-155.978405,70.962197],[-155.971935,70.806828],[-155.504202,70.860303],[-155.343871,71.004449],[-155.18277899999998,70.978218],[-155.27598899999998,71.070464],[-155.07536199999998,71.072042],[-155.03174,71.146473],[-154.581129,71.00732099999999],[-154.654375,70.903318],[-154.577386,70.835335],[-154.181863,70.76832499999999],[-153.89048,70.885719],[-153.23847999999998,70.922467],[-152.259966,70.84282],[-152.188649,70.79814],[-152.471531,70.68884],[-152.433781,70.61692599999999],[-151.69516199999998,70.549675],[-151.946384,70.452523],[-151.876122,70.43076099999999],[-151.229919,70.37984],[-150.762035247861,70.49721886454181],[-150.112899,70.431372],[-149.46175499999998,70.518271],[-148.610566,70.42258799999999],[-148.411253,70.302627],[-148.107231,70.342801],[-147.681722,70.19995399999999],[-145.858296954091,70.16599608295829],[-144.95363700000001,69.959262],[-143.574986,70.154598],[-143.503487,70.093458],[-142.746807,70.042531],[-141.60622899999998,69.761695],[-141.37771800000002,69.634631],[-141.002672,69.645609],[-141.00184000000002,60.306104999999995],[-140.53509,60.224224],[-140.47229199999998,60.31059],[-139.98914200000002,60.18524],[-139.698361,60.340421],[-139.086669,60.357654],[-139.200346,60.090700999999996],[-138.702053,59.910244999999996],[-138.62093099999998,59.770559],[-137.604277,59.243057],[-137.525294957666,58.9068722675373],[-136.82663300000002,59.158389],[-136.581521,59.164908999999994],[-136.466815,59.284251999999995],[-136.474326,59.464194],[-136.301846,59.464127999999995],[-136.256889,59.623646],[-135.477436,59.799625999999996],[-135.027456,59.563691999999996],[-135.06735568651303,59.42185495711401],[-134.961972,59.280376],[-134.702383,59.247836],[-134.327982,58.963431],[-135.17575603621302,58.97386696313569],[-135.37314784500398,59.2682424313207],[-135.350227552128,59.4611263017661],[-135.396611351569,59.2924344419202],[-135.541179297846,59.3135997194046],[-135.29508354331801,59.087610410375795],[-135.54254748792403,59.235136992737296],[-135.377826,59.099261999999996],[-135.393117336758,58.9714927132914],[-135.142322,58.616369999999996],[-135.189368,58.576243999999996],[-135.05807099999998,58.349447],[-135.1077,58.265034],[-135.056227,58.189884],[-135.2877,58.234933],[-135.47170964485417,58.44787299642974],[-135.47568463366002,58.373058270325004],[-135.630425,58.42858],[-135.917917,58.381237],[-135.897169,58.450001],[-135.99953,58.480281],[-135.87281667553302,58.596013766571296],[-136.089603,58.815729],[-136.050351,58.913433],[-136.120307,58.968418],[-136.150772,58.757265999999994],[-136.247343,58.752935],[-136.493716,58.838963],[-136.544899,58.967313999999995],[-136.591831637446,58.906967876576],[-136.698430158031,58.993562214120495],[-136.619907944839,58.8995735043902],[-136.670412,58.893224],[-137.045296086156,59.0494200612323],[-136.915995,58.938384],[-137.037503351362,58.915634866179495],[-137.08985149349,58.85198428427359],[-137.01311387605202,58.9049272916533],[-136.58343,58.838826],[-136.356786,58.692581],[-136.48944512113601,58.598353341378],[-136.317193,58.671231],[-136.05302799999998,58.417375],[-136.11193,58.34253],[-136.276769,58.313894],[-136.336728,58.37757],[-136.376464,58.298624999999994],[-136.570474642443,58.3109543380729],[-136.658638,58.207322999999995],[-136.946663,58.393184999999995],[-137.084438219702,58.379482815040795],[-137.67169,58.615522999999996],[-138.192032968308,59.019876548899894],[-139.855565,59.53666],[-139.48598386327902,59.6984988277628],[-139.634462230043,59.8745789421942],[-139.505389,60.039427999999994],[-139.801197,59.832586],[-140.3144,59.698302],[-140.883583,59.737612999999996],[-141.468074881136,59.8983735522525],[-141.299609041923,59.937396712748196],[-141.291994766704,60.0925375703284],[-141.59537604494702,59.96190516110819],[-142.809852,60.095217],[-143.885430805966,59.9871458287171],[-144.234912138715,60.023057308958094],[-144.048731748942,60.05927144667479],[-144.285356712039,60.140126790445],[-144.253978,60.182933999999996],[-144.59625599999998,60.181666],[-144.75345,60.283514999999994],[-144.942134,60.289728],[-144.848662,60.455192],[-145.335650800012,60.3380979461299],[-145.594158,60.451829999999994],[-145.96106,60.465016999999996],[-145.647598137877,60.6609908046211],[-145.896266,60.611788999999995],[-145.851783,60.689857999999994],[-146.005755,60.616854],[-145.901279,60.715373],[-146.253074,60.622315],[-146.050622421985,60.7700919277525],[-146.49984899999998,60.680133999999995],[-146.703597,60.741903],[-146.304445,60.798038],[-146.173131,60.866071],[-146.819018,60.816345999999996],[-146.69769,60.872533999999995],[-146.745543,60.957581999999995],[-146.642212838314,61.075017019635595],[-146.288149040646,61.122606239752194],[-146.61365930624402,61.118799102142894],[-146.973072,60.934835],[-147.09486332932102,61.010189014300494],[-147.171624,60.932877],[-147.252984,60.979620999999995],[-147.378086,60.877845],[-147.47309,60.957552],[-147.549756,60.908009],[-147.55021515813803,61.1416419277988],[-147.602405,60.849978],[-147.7386684698,60.935104712492794],[-147.787115,60.873511],[-147.729421,60.818251999999994],[-147.92521821265703,60.8641967745191],[-147.920445,60.812442],[-148.144355,60.797089],[-147.72629527257,61.266801576705596],[-148.065505,61.003978999999994],[-148.16126074443602,61.1069017971138],[-148.373508666156,61.0536018705831],[-148.43632643671,60.97460376518949],[-148.16445199999998,61.042665],[-148.31622002877802,60.8317165929184],[-148.39325819250402,60.8503959006853],[-148.33868645306802,60.807480693574895],[-148.54839905008402,60.818035231005894],[-148.45089039813502,60.789486625912495],[-148.633107861892,60.739988910014695],[-148.395962,60.779700999999996],[-148.37401774095,60.67264016881689],[-148.229756,60.76414],[-148.190343244474,60.6075639624548],[-148.328167,60.531912999999996],[-148.48272592632298,60.57057128639959],[-148.700684554457,60.454453589315094],[-148.449413472242,60.546776676341295],[-148.293534,60.483000999999994],[-148.102747,60.598026],[-147.963617,60.50275],[-147.95370889037198,60.422610350587696],[-148.358249569146,60.2215857418931],[-148.208328,60.259342],[-148.090238,60.215863],[-148.12629099999998,60.167063],[-148.006656,60.168461],[-148.14281992163998,60.0398325090492],[-148.317941,60.028731],[-148.292816,60.151289],[-148.346535,60.162107999999996],[-148.423477347278,59.954052939789],[-148.52627006273002,60.015918925940596],[-148.552920025995,59.954052939789],[-148.6366770534,59.9150297792933],[-148.687728197155,59.942505994608005],[-148.58360199999998,59.961420999999994],[-149.117328176578,59.9626189994099],[-149.05869984486202,60.0614186225978],[-149.204853,60.009212],[-149.286745800193,59.8693441279813],[-149.420709454822,60.1210911023983],[-149.38834878514203,59.983082364060195],[-149.61963239490902,59.822230800065896],[-149.526357523481,59.7032577497744],[-149.638668082956,59.7422809102701],[-149.727184032373,59.948818125576196],[-149.74112887671302,59.8256651205407],[-149.80808570657103,59.8431700569172],[-149.737653660798,59.64329533242739],[-150.028295728384,59.7886522811419],[-149.93372124767902,59.6689935112906],[-150.073633554822,59.661379236071895],[-150.086958536454,59.583332915080696],[-150.31157965540498,59.475781277617095],[-150.29730288937,59.4167706446726],[-150.431504490098,59.3967831722235],[-150.288852254386,59.647206503018495],[-150.478742,59.458498],[-150.56475430642502,59.5243222821359],[-150.516213301906,59.5918989747016],[-150.639542815403,59.547149089810496],[-150.581182,59.445232999999995],[-150.739958485943,59.4252114327454],[-150.971166246221,59.1988120165384],[-151.05775647426202,59.3017214435894],[-151.16175466685,59.281510030997495],[-151.126247,59.209922999999996],[-151.40720299999998,59.279348999999996],[-151.590729,59.161725],[-151.978748,59.253778999999994],[-151.886513,59.421032999999994],[-151.470991608922,59.4722495550282],[-151.27479499999998,59.596985999999994],[-151.192803,59.562431999999994],[-151.203186,59.645989],[-150.927312,59.793431],[-151.503821832075,59.633661753062],[-151.86946799999998,59.769158999999995],[-151.702898,60.032253],[-151.299782275783,60.385480763384194],[-151.264461112979,60.5432631531817],[-151.40927,60.720558],[-150.377171,61.039144],[-150.217179,60.930001],[-149.770264,60.967606999999994],[-149.018342598736,60.8484923318805],[-150.075451,61.156268999999995],[-149.70172379961002,61.385298734795896],[-149.359442,61.483937999999995],[-149.628436400631,61.4852360970408],[-149.876852129639,61.3843469503935],[-149.985874,61.237514999999995],[-150.655803633512,61.2981731225917],[-151.024905,61.178391],[-151.166606,61.046403999999995],[-151.713912500455,60.916546074390496],[-151.800264,60.853671999999996],[-151.710444,60.712657],[-151.860179,60.753282],[-152.315149,60.499824],[-152.234199,60.393888],[-152.556752,60.224216999999996],[-152.743387897233,60.2243227367282],[-152.569121,60.071748],[-152.706431,59.915284],[-153.285802,59.820535],[-153.009084,59.830642999999995],[-153.051559,59.691562],[-153.409422,59.636328],[-153.374778,59.731587],[-153.454972,59.792099],[-153.464556,59.651711999999996],[-153.619030453509,59.654954691356096],[-153.577828,59.555991],[-153.76148012668,59.543410778096096],[-153.727546,59.435345999999996],[-154.11767151287202,59.36550790658659],[-153.94644428791102,59.361805095437795],[-154.26329099999998,59.138462],[-154.173669,59.120200000000004],[-154.15983489496801,59.010595427442],[-153.704162,59.075779999999995],[-153.25225263784102,58.855845897558005],[-153.601257,58.634633],[-153.897155,58.606237],[-153.930473,58.497482],[-154.065121,58.48643],[-153.985416,58.390876999999996],[-154.167997,58.358377999999995],[-154.103412,58.280161],[-154.26338849388702,58.1758817301321],[-154.210078,58.136061999999995],[-154.330013402051,58.1359067852339],[-154.31764020482,58.081655074301096],[-154.46012100000002,58.146066999999995],[-154.581547,58.019284999999996],[-154.990431,58.013424],[-155.10926389431603,57.9442744433027],[-155.08213899999998,57.872248],[-155.338153,57.825384],[-155.305814,57.72405],[-155.585411,57.786981],[-155.635323,57.715441],[-155.580658106715,57.6723877812983],[-155.724167,57.633444999999995],[-155.732779,57.549732],[-156.044031,57.564454999999995],[-156.021875,57.439659999999996],[-156.19574,57.480059],[-156.533544,57.328526999999994],[-156.32191,57.293369],[-156.401488,57.233169],[-156.355400719262,57.1596787197289],[-156.55052,56.984609999999996],[-156.749449352779,57.0327886629311],[-156.804432,56.905881],[-156.918796,56.963583],[-157.183636,56.769079],[-157.436932,56.858522],[-157.41343999999998,56.769185],[-157.563802,56.703426],[-157.466497,56.623266],[-157.674587,56.609507],[-157.763698,56.679247],[-158.12979285007202,56.537643089068496],[-157.83841999999999,56.560759999999995],[-157.86091375641303,56.4757771029169],[-158.11078905804902,56.5170074162591],[-158.12744,56.460805],[-158.402954,56.455192999999994],[-158.489546,56.341865],[-158.203083,56.283832999999994],[-158.339765,56.217807],[-158.112718,56.240286],[-158.40093243168602,56.1556206245824],[-158.394922,56.064721],[-158.475258,56.093405],[-158.431471,55.994451999999995],[-158.59562,56.045252],[-158.560832211278,56.1537170557777],[-158.659738,56.098552999999995],[-158.673246,55.951485],[-158.838785152783,56.0082786532126],[-159.00817088037402,55.8900727763317],[-159.374842,55.871522],[-159.411505,55.788911],[-159.453945,55.89682],[-159.534415,55.881299],[-159.494404,55.765798],[-159.61777,55.595797999999995],[-159.733899,55.569984999999996],[-159.626772,55.629411999999995],[-159.695272141831,55.6659931875239],[-159.602148,55.805004],[-159.81107,55.85657],[-159.862484,55.787628999999995],[-160.02628199999998,55.792294999999996],[-160.017126253693,55.7213148985088],[-160.128485028766,55.6623042655643],[-160.421853,55.662701],[-160.356913285326,55.6061489858266],[-160.501346,55.478517999999994],[-160.615305,55.575516],[-160.766237,55.547559],[-160.666917,55.459776],[-160.909625,55.524139999999996],[-161.231535,55.357451999999995]]],[[[-153.773191,57.372442],[-153.874177,57.447817],[-153.813136,57.588581],[-153.87428599999998,57.64611],[-153.64869299999998,57.654125],[-153.93027899999998,57.696791],[-153.93522000000002,57.813047],[-153.648798,57.880103],[-153.51520499999998,57.716505],[-153.479457,57.84202],[-153.322687,57.836189999999995],[-153.528697,57.921716999999994],[-153.484603,57.9765],[-153.127278,57.856747999999996],[-153.302198,57.991706],[-152.80542057682501,57.9140198856351],[-152.90263299999998,57.830146],[-152.874498,57.737961],[-152.822543,57.843202999999995],[-152.42140799999999,57.975683],[-152.324103,57.916604],[-152.468511,57.888621],[-152.433653,57.824313999999994],[-152.310927,57.783452],[-152.497314,57.738595999999994],[-152.394474,57.684664999999995],[-152.467756,57.598220999999995],[-152.152393,57.619485],[-152.346660494901,57.4231370801323],[-152.954939,57.520449],[-152.60652199999998,57.363659999999996],[-152.707768,57.276046],[-153.114269677245,57.3077302304689],[-152.943463,57.256955999999995],[-153.213802,57.205059],[-152.869797,57.150849],[-153.18000999999998,57.094522999999995],[-153.23528199999998,57.007397999999995],[-153.402608,57.070091999999995],[-153.31014299999998,57.194426],[-153.50117497493,57.140457112639695],[-153.49885,57.065363],[-153.675981,57.069829999999996],[-153.556762,56.968861999999994],[-153.97178,56.744861],[-154.148745,56.745677],[-153.850464,56.957277999999995],[-153.97974299999998,56.962188999999995],[-153.779087,57.158820999999996],[-154.305713,56.846871],[-154.312888,56.918673],[-154.524695,56.991623],[-154.574343,57.239919],[-154.79384,57.288861999999995],[-154.629678,57.510197],[-154.196959,57.664638999999994],[-153.994572,57.656904999999995],[-153.909415,57.442412999999995],[-153.773191,57.372442]]],[[[-153.14874,58.106120999999995],[-153.202801,58.208079999999995],[-153.000579,58.211768],[-153.101841,58.257937999999996],[-153.04431599999998,58.306335999999995],[-152.878858,58.288532999999994],[-152.93644,58.334922999999996],[-152.774048,58.366825999999996],[-152.88886,58.409383999999996],[-152.610955,58.475775],[-152.665999,58.564493],[-152.56771,58.621303999999995],[-152.329835,58.632101999999996],[-152.505516,58.441876],[-152.493991,58.354684],[-152.328063,58.434371999999996],[-152.224965,58.357372],[-152.125339,58.396395999999996],[-152.146519,58.24912],[-151.963817,58.328998999999996],[-152.081083,58.154275],[-152.280629,58.242343999999996],[-152.273605,58.125629999999994],[-152.54153300000002,58.083666],[-152.584222,58.187476999999994],[-152.796259651953,57.9921851796765],[-153.419783,58.059638],[-153.281874,58.147555],[-153.14874,58.106120999999995]]],[[[-135.29156,57.737468],[-134.929726,57.759203],[-134.824891,57.500066999999994],[-135.091216,57.466352],[-135.638023360783,57.700920022703095],[-135.596977658432,57.6509513415807],[-135.707560722396,57.664016863440295],[-135.511012,57.595906],[-135.58747499999998,57.568829],[-135.553903,57.45487],[-135.71140063655,57.3677595893898],[-135.84381,57.390896],[-136.37070493227,57.831667990487],[-136.026713,57.835868999999995],[-136.458829,57.853901],[-136.572045,57.918468999999995],[-136.559999,58.063358],[-136.30605703817002,58.1274384079982],[-136.355430854041,58.2226168482314],[-136.199875379989,58.1541326474731],[-136.162108,58.218723999999995],[-135.78338,58.286708999999995],[-135.497911,58.168881999999996],[-135.621582,57.984623],[-135.397518,58.144155],[-134.950844,58.036992999999995],[-134.926395,57.921918999999995],[-135.173712,57.919399],[-134.949436,57.805026999999995],[-135.02337,57.780536999999995],[-135.225158,57.777783],[-135.89408600000002,58.000878],[-135.29156,57.737468]]],[[[-147.927474975586,59.78403854370119],[-147.21305847168,60.248779296875],[-147.182708740234,60.3610610961914],[-146.999496459961,60.3408355712891],[-147.105377197266,60.2623138427734],[-146.918594360352,60.3063316345215],[-147.357604980469,60.041023254394496],[-147.352844238281,59.961311340332],[-147.490844726563,59.941085815429695],[-147.453964233398,59.8673210144043],[-147.927474975586,59.78403854370119]]],[[[-135.058238,56.529453],[-134.979386,56.627675999999994],[-135.118709,56.597728],[-135.280875,56.768356999999995],[-135.398678,56.779201],[-135.31278,57.044984],[-135.422746,57.167724],[-135.358715072241,57.2437757017407],[-135.552574,57.233194],[-135.69556316901,57.3574597843387],[-135.554548,57.426635999999995],[-135.548794,57.508976999999994],[-135.419205,57.564159],[-134.806352,57.341888],[-134.955014,57.309433],[-134.841774,57.248588],[-134.619799,56.665887999999995],[-134.668151,56.167026],[-135.058238,56.529453]]],[[[-133.83467100000001,56.322382],[-133.87206400620502,56.27690456380879],[-133.972953152852,56.344481256374294],[-133.880927498451,56.222712339401006],[-133.957471,56.202583999999995],[-133.971228,56.083293],[-134.05849899999998,56.227214],[-134.190371,56.152570999999995],[-134.106454122584,56.1342091437332],[-134.134181,56.000971],[-134.230449,56.068341],[-134.232195429437,56.2870172730836],[-134.298292,56.291993],[-134.193921962891,56.4099064459961],[-134.246627,56.457135],[-134.04093799999998,56.42153],[-134.31975959445202,56.5582758277483],[-134.276735,56.62029],[-134.41894,56.846523999999995],[-134.316868,56.909091],[-134.14715999999999,56.859356999999996],[-134.273113,56.933823],[-134.141385,56.950886999999994],[-133.941801,56.733492999999996],[-133.86933399999998,56.734080999999996],[-133.890805,56.80798],[-133.748129457919,56.7739191016662],[-133.759649974648,56.67591288726209],[-133.69497262084602,56.5956928520649],[-133.87224246578,56.6034261003338],[-133.92859130057101,56.497265743857696],[-133.839117,56.434884999999994],[-133.933512,56.375428],[-133.83467100000001,56.322382]]],[[[-132.546462789593,56.60656325848289],[-132.796627,56.496471],[-133.04172599999998,56.518356],[-133.025091,56.605048],[-133.277352,56.816432],[-133.31986,56.737693],[-133.106316,56.618393],[-133.089215,56.523916],[-133.203584,56.447657],[-133.401797,56.496354999999994],[-133.638349,56.438880999999995],[-133.72412101816698,56.6795688525204],[-133.68999632102899,56.839421241371596],[-133.86903999999998,56.845938],[-134.049218,57.029202999999995],[-133.887957,57.097744],[-133.104611,57.005700999999995],[-132.546462789593,56.60656325848289]]],[[[-133.563776469124,57.1827565625645],[-133.489738,57.305192],[-133.23957490708,57.315411513639496],[-133.468267,57.364217],[-133.481221,57.57147],[-133.62076,57.578919],[-133.65453,57.713688999999995],[-133.162464,57.599796],[-133.58697621393102,57.7692937005016],[-133.59292486644603,57.90849216934269],[-133.639675,57.790361],[-133.715481537523,57.7992187194441],[-133.85639068631602,57.9497163312687],[-133.702201613139,57.9573306064873],[-133.765971168095,58.0477501247088],[-133.887799571593,57.973510941327],[-134.04960291999,58.062026890743795],[-134.082915374071,58.2809373032802],[-133.994399424655,58.32947830779919],[-134.13145637859,58.29711763812],[-134.146684929028,58.1990838446798],[-134.63120267634,58.2474463896233],[-134.683550818468,58.2944407444884],[-134.609787527287,58.3348915815876],[-134.77753952819901,58.3931883762304],[-134.99050128822,58.6763442359242],[-134.93874801134402,58.77687646342049],[-135.068428636161,58.7661688888943],[-135.17575603621302,58.97386696313569],[-134.30639,58.959238],[-134.250526,58.858045999999995],[-133.840392,58.727990999999996],[-133.379908,58.427909],[-133.461475,58.385526],[-132.367984,57.348684999999996],[-132.252187,57.215655],[-132.371312,57.095228999999996],[-132.051044,57.051154999999994],[-132.125934,56.874697999999995],[-131.871725,56.804964999999996],[-131.83513299999998,56.601848999999994],[-131.581221,56.613274999999994],[-131.080545,56.391966],[-130.466874,56.239788999999995],[-130.425575,56.140676],[-130.102761,56.116696],[-130.00426,55.993379],[-130.14804,55.715041],[-129.985379,55.27776],[-130.62807,54.739340999999996],[-130.773606,54.820845],[-130.915936,54.789617],[-130.98373,55.068946],[-130.767237179797,55.0796173407876],[-130.71013011565702,55.1289911566586],[-130.984157,55.08441],[-131.093806,55.191334999999995],[-130.951572,55.291647999999995],[-130.72321715118903,55.298527753324],[-130.680981718335,55.312804519359005],[-130.84635425824,55.299717483827],[-130.92298499999998,55.435112999999994],[-130.87205632848801,55.5443014124592],[-130.786272867843,55.52993033614101],[-130.72321715118903,55.5959603790528],[-130.87400755544098,55.557705636315006],[-130.932482442008,55.815344697897196],[-131.21647533770098,55.9843415946462],[-131.105588230182,56.056859989988894],[-131.340560004507,55.96703533701879],[-131.070138,55.828551],[-130.927651,55.576584999999994],[-130.971743548604,55.3852571210933],[-131.029045,55.408395],[-131.160492,55.197480999999996],[-131.32687810372403,55.244868921749294],[-131.230432,55.297802],[-131.197489,55.391051],[-131.411943834682,55.2615251487902],[-131.83548789372,55.44950256825079],[-131.660597509792,55.558362909267494],[-131.719308,55.749098999999994],[-131.50474281391,55.7873860310787],[-131.705259,55.789939],[-131.51723498419,55.8433033647157],[-131.613008289675,55.937292074446006],[-131.90806145439802,55.8665031095225],[-131.771248,55.810027999999996],[-131.828887,55.667148],[-131.963121,55.615263],[-131.971792,55.498279],[-132.148383,55.562481],[-132.283594,55.761773999999996],[-132.072746716346,55.816053647340695],[-132.066798063831,55.942165080649694],[-131.961506914323,55.99986701004109],[-131.972809354101,56.1670241457007],[-131.868113069845,56.2217517488348],[-132.01812999999999,56.183155],[-132.069772390089,56.1158657340753],[-132.139371624509,56.15631657117439],[-132.10402,56.108109],[-132.206591397924,56.070061109713095],[-132.135474,55.941626],[-132.372298,55.850359],[-132.46952183906802,56.062922726695604],[-132.64007900000001,56.033193999999995],[-132.723396,56.145813999999994],[-132.689888,56.238744],[-132.44183900000002,56.353983],[-132.39873287414503,56.225320940343494],[-132.302364703409,56.1985520040279],[-132.394268,56.485578999999994],[-132.17935,56.390823],[-132.361293,56.534231999999996],[-132.28146446607002,56.665593322369794],[-132.554290137401,56.7145976096674],[-132.371032,56.816413],[-132.556758,56.757242],[-132.943926877106,56.98526129908049],[-132.79402083373802,56.97574345505719],[-132.823764096311,57.091147313840004],[-132.999249345491,57.0120302353961],[-133.22465599999998,57.136522],[-133.563776469124,57.1827565625645]]],[[[-134.18937,58.083444],[-133.807133,57.57877],[-134.229237099847,58.0167116513635],[-134.334424402388,57.992784575474204],[-134.089875297514,57.6603143864347],[-133.93597599999998,57.614414],[-133.857368,57.463964],[-134.057115333445,57.4746150129732],[-133.906656800065,57.444973165407006],[-133.867279,57.36206],[-133.968495,57.303937],[-134.079762588239,57.3456306684136],[-134.15539,57.208003],[-134.613951584048,57.0136958581003],[-134.646773,57.226327],[-134.517279,57.314567],[-134.578511,57.400290999999996],[-134.464032,57.392184],[-134.731798,57.721920999999995],[-134.78492699999998,58.096793],[-134.91485699999998,58.214932],[-134.960502,58.403757999999996],[-134.72446300000001,58.268277],[-134.689515,58.158825],[-134.180730983599,58.1598508529676],[-134.466819,58.094184999999996],[-134.177467,58.159639999999996],[-134.18937,58.083444]]],[[[-133.438933,55.645167],[-133.167559232725,55.8598661730265],[-133.282366841341,55.949938046780694],[-133.25738250078,56.017752685446894],[-133.300212798885,56.0903262461247],[-133.383493934089,55.895805308898],[-133.50306184963202,55.9523175077865],[-133.39360664336402,56.0171578201954],[-133.71880484328702,55.893235618255694],[-133.812118661921,55.936192067006296],[-133.69376499999998,56.070561999999995],[-133.561742197043,56.088234455987],[-133.643256956351,56.128207392581295],[-133.54282999999998,56.160793999999996],[-133.67954373669002,56.2114885277854],[-133.626005864059,56.3584202448956],[-133.163212,56.317445],[-133.05552,56.125257999999995],[-132.50480000000002,55.815166],[-132.462531,55.673854],[-132.142945,55.457941],[-132.514797574336,55.5767673044803],[-132.608786284067,55.481588864247094],[-132.416644807846,55.51668591408289],[-132.288585,55.451364999999996],[-132.479688,55.420918],[-132.166857,55.363039],[-132.098531,55.280559999999994],[-132.20743099999999,55.218272999999996],[-131.995908,55.259054],[-132.000833997077,55.104444294823004],[-132.197614,55.005157999999994],[-131.984591666667,55.027978333333294],[-131.957914,54.791239],[-132.029747,54.701189],[-132.307943,54.718714],[-132.370179342075,54.899961160096005],[-132.60978599999999,54.965728],[-132.541802,55.097764],[-132.633305,55.054953999999995],[-132.581133,55.166076],[-132.65630952802601,55.236654892421],[-132.685457925347,55.1438559131936],[-132.845476677989,55.2687776159997],[-133.037023288959,55.2063167645967],[-133.24434300000001,55.291864999999994],[-133.208794,55.384237],[-133.023341388175,55.3746636307592],[-133.183360140817,55.484713702278796],[-133.17676,55.586721999999995],[-133.438933,55.645167]]]]}},{"type":"Feature","id":"AL","properties":{"STUSPS":"AL","STATE_FIPS":"01"},"geometry":{"type":"Polygon","coordinates":[[[-87.63493799999999,30.865886],[-87.406958,30.675165],[-87.44770199999999,30.510458],[-87.366591,30.436647999999998],[-87.504701,30.324039],[-87.452378,30.300200999999998],[-87.80055999999999,30.229364999999998],[-88.028401,30.221131999999997],[-87.755263,30.277292],[-87.90634299999999,30.40938],[-87.91934599999999,30.636059999999997],[-88.00618838732302,30.691400223287882],[-88.136173,30.320729],[-88.395023,30.369425],[-88.4688742551621,31.930325069512598],[-88.0979164633575,34.892213858768386],[-88.20295899999999,35.008027999999996],[-85.605165,34.984677999999995],[-85.346705,33.501148],[-85.1321858378671,32.778897124877005],[-85.284843,32.745131],[-85.1202000414207,32.7376472994741],[-84.96302999999999,32.424244],[-85.007103,32.328362],[-84.891131085457,32.259609612584],[-85.061144,32.134065],[-85.134131,31.892159999999997],[-85.0479257132954,31.5142636818047],[-85.10751599999999,31.186450999999998],[-85.00236799999999,31.000681999999998],[-87.59888618996295,30.997311659704334],[-87.63493799999999,30.865886]]]}},{"type":"Feature","id":"AR","properties":{"STUSPS":"AR","STATE_FIPS":"05"},"geometry":{"type":"Polygon","coordinates":[[[-93.99864199999999,33.564382],[-94.38608599999999,33.544923],[-94.485875,33.637867],[-94.41962440014782,35.42016864569269],[-94.617919,36.499414],[-90.152481,36.497952],[-90.06398,36.303038],[-90.31916799999999,36.089976],[-90.38602999999999,35.988457],[-90.387378,35.964708],[-89.73309499999999,36.000608],[-89.644838,35.904351],[-89.956254,35.733385999999996],[-89.85182499999999,35.644262],[-89.956749,35.590511],[-89.9154,35.515119],[-90.039744,35.548041],[-90.0545853937618,35.389603879895304],[-90.085009,35.478835],[-90.17834099999999,35.382092],[-90.074992,35.384152],[-90.16879399999999,35.279088],[-90.065392,35.137691],[-90.29559599999999,35.040093],[-90.248308,34.909739],[-90.311312,34.844223],[-90.483969,34.877176],[-90.451257,34.744485],[-90.5147352879471,34.729656040117796],[-90.51470599999999,34.801767999999996],[-90.567482,34.723292],[-90.462552,34.687576],[-90.524481,34.628504],[-90.588419,34.670963],[-90.56839699999999,34.424805],[-90.661395,34.315398],[-90.76576399999999,34.362109],[-90.847808,34.20653],[-90.936404,34.236698],[-90.807813,34.161474],[-90.9543,34.138498],[-90.876606,34.092911],[-90.967632,33.963324],[-91.089119,33.972653],[-90.988466,33.78453],[-91.13218499999999,33.78342],[-91.034565,33.673018],[-91.22485081812859,33.6882194635809],[-91.130445,33.606034],[-91.244582,33.561425],[-91.18290081205738,33.5023785277742],[-91.235181,33.438972],[-91.11966699999999,33.460229999999996],[-91.208113,33.402007],[-91.059828,33.450257],[-91.142219,33.348988999999996],[-91.099093,33.238172999999996],[-91.043624,33.274636],[-91.089862,33.139655],[-91.20178,33.125121],[-91.121195,33.059166],[-91.166073,33.004106],[-94.042964,33.019219],[-93.99864199999999,33.564382]]]}},{"type":"Feature","id":"AZ","properties":{"STUSPS":"AZ","STATE_FIPS":"04"},"geometry":{"type":"Polygon","coordinates":[[[-114.813613,32.494277],[-114.701918,32.745548],[-114.539224,32.749812],[-114.468971,32.845155],[-114.51648387559901,33.0275718412186],[-114.268748,33.029815],[-114.66506,33.033908],[-114.72528199999999,33.405048],[-114.524599,33.552231],[-114.52868,33.947817],[-114.420499,34.103466],[-114.136185278387,34.261296262255],[-114.378852,34.450376],[-114.470477,34.711368],[-114.635176,34.875003],[-114.646759,35.101872],[-114.569238,35.183479999999996],[-114.755618,36.087165999999996],[-114.405475,36.147371],[-114.252651,36.020193],[-114.148191,36.028013],[-114.046838,36.194069],[-114.0506,37.000395999999995],[-109.045223,36.999083999999996],[-109.050044,31.332501999999998],[-111.074825,31.332238999999998],[-114.813613,32.494277]]]}},{"type":"Feature","id":"CA","properties":{"STUSPS":"CA","STATE_FIPS":"06"},"geometry":{"type":"Polygon","coordinates":[[[-122.11611233867501,37.5053859052523],[-122.335674957591,37.7996520885494],[-122.27889246426676,37.903958537129576],[-122.42975993025901,37.965405313335296],[-122.24034124948521,38.058139285303106],[-122.31456719096201,38.115286815473596],[-122.490727335775,38.1097552336693],[-122.503064400144,37.928753121992],[-122.43826847953301,37.8809743062716],[-122.52945167667,37.814889863617104],[-122.856573,38.016717],[-123.024066,37.994878],[-122.967203,38.250690999999996],[-123.725367,38.917438],[-123.693969,39.057362999999995],[-123.825331,39.360814],[-123.766475,39.552803],[-123.851714,39.832041],[-124.363414,40.260974],[-124.408601,40.443200999999995],[-124.137066,40.925731999999996],[-124.163988,41.138675],[-124.065520778075,41.4647394651375],[-124.147412,41.717954999999996],[-124.255994,41.783014],[-124.21160499999999,41.99846],[-119.999168,41.99454],[-120.001014,38.999573999999996],[-117.83272600000001,37.464929],[-114.633013,35.002085],[-114.634382,34.87289],[-114.470477,34.711368],[-114.386699,34.457910999999996],[-114.136185278387,34.261296262255],[-114.411681,34.110031],[-114.535478,33.934650999999995],[-114.524599,33.552231],[-114.725535,33.404056],[-114.707819,33.091102],[-114.52013,33.029984],[-114.468971,32.845155],[-114.618373,32.728245],[-117.12486200000001,32.534155999999996],[-117.168866,32.671952],[-117.243738111484,32.662677488478494],[-117.328359,33.121842],[-117.50565,33.334063],[-118.11670301069701,33.7435494484768],[-118.411211,33.741985],[-118.392107,33.840914999999995],[-118.543115,34.038508],[-118.805114,34.001239],[-119.130169,34.100102],[-119.559459,34.413395],[-120.47137599999999,34.447846],[-120.64573899999999,34.581035],[-120.644311,35.139616],[-120.856047,35.206486999999996],[-120.88475700000001,35.430195999999995],[-121.284730500498,35.6625078024948],[-121.503112,36.000299],[-121.90272869854002,36.306378847724694],[-121.97859199999999,36.580487999999995],[-121.831995,36.644856],[-121.78827799999999,36.803993999999996],[-121.862266,36.931551999999996],[-122.105976,36.955951],[-122.405073,37.195791],[-122.502426880783,37.7081329863313],[-122.391373803144,37.708331],[-122.37784294530601,37.606688470275],[-122.11611233867501,37.5053859052523]]]}},{"type":"Feature","id":"CO","properties":{"STUSPS":"CO","STATE_FIPS":"08"},"geometry":{"type":"Polygon","coordinates":[[[-109.045223,36.999083999999996],[-109.050076,41.000659],[-102.051614,41.002376999999996],[-102.04224,36.993083],[-109.045223,36.999083999999996]]]}},{"type":"Feature","id":"CT","properties":{"STUSPS":"CT","STATE_FIPS":"09"},"geometry":{"type":"Polygon","coordinates":[[[-71.8295953412471,41.3445440841142],[-72.9168267141436,41.2820333171858],[-73.657336,40.985171],[-73.727775,41.100696],[-73.482709,41.212759999999996],[-73.550961,41.295421999999995],[-73.487314,42.049638],[-71.80064999999999,42.023568999999995],[-71.8295953412471,41.3445440841142]]]}},{"type":"Feature","id":"DC","properties":{"STUSPS":"DC","STATE_FIPS":"11"},"geometry":{"type":"Polygon","coordinates":[[[-77.040999,38.99511],[-76.909395,38.892812],[-77.038598,38.791512999999995],[-77.1199,38.934311],[-77.040999,38.99511]]]}},{"type":"Feature","id":"DE","properties":{"STUSPS":"DE","STATE_FIPS":"10"},"geometry":{"type":"Polygon","coordinates":[[[-75.69352099999999,38.460128],[-75.788359,39.721810999999995],[-75.593666,39.837455],[-75.405337,39.796213],[-75.613153,39.62096],[-75.589439,39.460812],[-75.402964,39.254625999999995],[-75.402035,39.066885],[-75.30407799999999,38.91316],[-75.089473,38.797198],[-75.04893899999999,38.451263],[-75.69352099999999,38.460128]]]}},{"type":"Feature","id":"FL","properties":{"STUSPS":"FL","STATE_FIPS":"12"},"geometry":{"type":"MultiPolygon","coordinates":[[[[-83.175518,29.34469],[-83.4002521956967,29.517241948824697],[-83.362714,29.669055],[-83.537645,29.72306],[-83.6529345731754,29.8952284305121],[-84.02427399999999,30.103271],[-84.3589230139061,30.0582242425084],[-84.3420463216374,29.9671014099034],[-84.44040887549585,29.976779034152635],[-84.349066,29.896811999999997],[-84.535873,29.910092],[-84.888031,29.722406],[-84.90413,29.786279],[-85.344768,29.654792999999998],[-85.397871,29.740498],[-85.413575,29.85294],[-85.35388499999999,29.684765],[-85.30259099999999,29.808093999999997],[-85.388662,29.932014],[-86.222561,30.343584999999997],[-86.632953,30.396299],[-87.51832399999999,30.280434999999997],[-87.366591,30.436647999999998],[-87.44770199999999,30.510458],[-87.406958,30.675165],[-87.63493799999999,30.865886],[-87.598928,30.997456999999997],[-85.00236799999999,31.000681999999998],[-84.86074346255515,30.702264442031705],[-82.214839,30.568590999999998],[-82.16519199999999,30.358034999999997],[-82.0499660029255,30.3623823672342],[-82.0396344475751,30.7477273516352],[-81.949787,30.827492999999997],[-81.42742,30.69802],[-81.44266531969274,30.511378854901203],[-81.21287790507309,29.670666936087198],[-80.525094,28.459453999999997],[-80.604214,28.257732999999998],[-80.32127113933309,27.5573775459518],[-80.67831206110088,27.558439090190475],[-80.31944407996069,27.5510878707689],[-80.031362,26.796339],[-80.07345575582289,26.328721892585598],[-80.20026675005408,26.3278476366515],[-80.0748371491155,26.3210321365904],[-80.1549720876202,25.6654904118618],[-80.2403760785126,25.7242056505721],[-80.33942099203959,25.499427059842798],[-80.30680141242429,25.384368897305098],[-80.4188722769316,25.2355321144432],[-80.66923559221901,25.1378365893872],[-81.079859,25.118796999999997],[-81.172044,25.222275999999997],[-81.117265,25.354953],[-81.34456377962559,25.8033224555629],[-81.52766527699269,25.901530948032],[-81.678287,25.845301],[-81.7298778126771,25.921154009918098],[-81.8410764001571,26.330386169635005],[-82.0090802198435,26.505202824636697],[-82.10567183471201,26.4839296683114],[-82.1815652416194,26.6817124626783],[-82.09302292613289,26.6656138625214],[-82.07634939014639,26.958263428057002],[-82.1752407984716,26.9168670344183],[-82.14706825063429,26.789803067114],[-82.259867,26.717398],[-82.74574799999999,27.538833999999998],[-82.65071999999999,27.523114999999997],[-82.402615,27.882602],[-82.4610550736941,27.9381613867807],[-82.47243999999999,27.822559],[-82.553946,27.848461999999998],[-82.553918,27.966998],[-82.6786064705673,27.9937150935647],[-82.724122,27.948097999999998],[-82.586519,27.816703],[-82.736552,27.617326],[-82.851126,27.886300000000002],[-82.80509699999999,28.172181],[-82.25758187491289,28.172158496686194],[-82.80424659400609,28.1739905619294],[-82.67874283849301,28.4334559859077],[-82.688864,28.905609],[-82.80473599999999,29.146624],[-83.053207,29.130838999999998],[-83.175518,29.34469]]],[[[-81.49857999999999,24.66498],[-81.602998,24.586444],[-81.81289,24.546467999999997],[-81.4310085488078,24.7517608839825],[-81.298369,24.654325999999998],[-81.49857999999999,24.66498]]]]}},{"type":"Feature","id":"GA","properties":{"STUSPS":"GA","STATE_FIPS":"13"},"geometry":{"type":"Polygon","coordinates":[[[-84.86346047311419,30.711505809267297],[-85.100207,31.16549],[-85.045495582904,31.517129269855296],[-85.134131,31.892159999999997],[-85.06206,32.132486],[-84.89184141417701,32.263398075249796],[-85.007103,32.328362],[-84.96302999999999,32.424244],[-85.18473999999999,32.870526999999996],[-85.605165,34.984677999999995],[-83.10853499999999,35.000771],[-83.36705820238264,34.721898096062326],[-83.0494672080646,34.495092874783005],[-82.882864,34.479003],[-82.56507104886741,33.95705407170322],[-81.929436,33.465837],[-81.946337,33.37064],[-81.74383499999999,33.14145],[-81.491419,33.008078],[-81.41866,32.629391999999996],[-81.186829,32.464086],[-81.113334,32.113205],[-80.84313,32.024226],[-80.99269,31.857640999999997],[-81.065255,31.877094999999997],[-81.068116,31.768735],[-81.198394185031,31.7260700164189],[-81.133493,31.623348],[-81.263905,31.532579],[-81.17725399999999,31.517073999999997],[-81.2884027924215,31.211065104271],[-81.493651,30.977528],[-81.403409,30.957914],[-81.444124,30.709713999999998],[-81.949787,30.827492999999997],[-82.043795,30.729640999999997],[-82.047917,30.363265],[-82.16519199999999,30.358034999999997],[-82.22470181226512,30.569157291716134],[-84.86346047311419,30.711505809267297]]]}},{"type":"Feature","id":"HI","properties":{"STUSPS":"HI","STATE_FIPS":"15"},"geometry":{"type":"MultiPolygon","coordinates":[[[[-171.75138854980503,25.7813816070557],[-171.720077514648,25.7628593444824],[-171.74613952636702,25.7505683898926],[-171.75138854980503,25.7813816070557]]],[[[-173.982803344727,26.0859088897705],[-173.956878662109,26.0618343353271],[-173.97785949707,26.062843322753896],[-173.982803344727,26.0859088897705]]],[[[-155.2703206823944,20.01452061333598],[-154.80956556625432,19.522372501755527],[-154.98086559925778,19.349286454045696],[-155.51474471073564,19.132496386283496],[-155.6720100862334,18.91746146589607],[-155.88408178911024,19.039261353535096],[-155.9226138103441,19.47860646197654],[-156.06436884900856,19.730761521084005],[-155.8319528054812,19.982770590346842],[-155.88263582524,20.263021659120145],[-155.2703206823944,20.01452061333598]]],[[[-156.61073899623625,20.593765721345957],[-156.54417397928034,20.522797705524166],[-156.70227001437624,20.532446703380387],[-156.61073899623625,20.593765721345957]]],[[[-156.50169297894791,20.799928776074744],[-156.68897402317702,20.888668792816922],[-156.66551902195377,21.007049823138555],[-156.56277799958056,21.016162828446195],[-156.4748009761252,20.894541800550236],[-156.24255992622767,20.93783381813487],[-155.99153886345852,20.713649769056982],[-156.3707299428774,20.578755724484743],[-156.50169297894791,20.799928776074744]]],[[[-156.80946804707423,20.809164769391664],[-156.96789507945212,20.735075746214452],[-157.05913510550323,20.913402788031384],[-156.91845507486053,20.92254179450735],[-156.80946804707423,20.809164769391664]]],[[[-157.25471415770062,21.18137184905815],[-156.96906909602174,21.21701386663725],[-156.94616408956495,21.175958857054354],[-156.8960330775913,21.14898885181164],[-156.7127010375662,21.1615428604337],[-156.89195107338963,21.05182682762391],[-157.31334816797326,21.105750828386068],[-157.25471415770062,21.18137184905815]]],[[[-158.1033053480055,21.297895851682505],[-158.2795153967426,21.575789915172066],[-158.1256153634336,21.58673492286869],[-157.96863333362964,21.712699959322546],[-157.84099529636666,21.45947890024421],[-157.73178223686946,21.45594038300869],[-157.6518052496214,21.313895869885602],[-157.80960528223935,21.257695850941776],[-157.90482553467552,21.329167423965238],[-158.1033053480055,21.297895851682505]]],[[[-160.0527347985364,21.980316955374693],[-160.07907080082143,21.89607593366722],[-160.24147392058575,21.804310460921442],[-160.22897083294728,21.889112926655304],[-160.0527347985364,21.980316955374693]]],[[[-159.78654874420195,22.063685985338946],[-159.559648701556,22.229181034256765],[-159.3538006562329,22.21766503858662],[-159.29527663998368,22.130386018965552],[-159.33471964186757,21.961094975638062],[-159.44660466268036,21.871642949641668],[-159.75822373471013,21.98068996581456],[-159.78654874420195,22.063685985338946]]]]}},{"type":"Feature","id":"IA","properties":{"STUSPS":"IA","STATE_FIPS":"19"},"geometry":{"type":"Polygon","coordinates":[[[-95.83734540376359,40.6742629019292],[-95.92028099999999,41.451566],[-96.089714,41.531777999999996],[-96.129505,41.971672999999996],[-96.27142699999999,42.044988],[-96.418168,42.354678],[-96.396107,42.484094999999996],[-96.476509,42.493595],[-96.635886,42.741001999999995],[-96.436589,43.120841999999996],[-96.55496699999999,43.260151],[-95.861914,43.257566],[-96.58521999999999,43.268878],[-96.52157199999999,43.385639999999995],[-96.598928,43.500457],[-91.21770599999999,43.50055],[-91.20662,43.352523999999995],[-91.057918,43.255365999999995],[-91.177222,43.080247],[-91.053733,42.738237999999996],[-90.702671,42.630756],[-90.646727,42.471903999999995],[-90.47381216765301,42.38145820989119],[-90.419326,42.254467],[-90.17097,42.125198],[-90.181973,41.807069999999996],[-90.31635774707429,41.728884798759104],[-90.343228,41.587832999999996],[-91.0492203780419,41.404839277348394],[-91.110401158097,41.237304708092495],[-90.94662699999999,41.096632],[-90.96291599999999,40.924957],[-91.09007199999999,40.824638],[-91.12392799999999,40.669152],[-91.401482,40.559458],[-91.381958,40.387631999999996],[-91.482322,40.382056999999996],[-91.729115,40.61364],[-95.76564499999999,40.585208],[-95.83734540376359,40.6742629019292]]]}},{"type":"Feature","id":"ID","properties":{"STUSPS":"ID","STATE_FIPS":"16"},"geometry":{"type":"Polygon","coordinates":[[[-117.026222,42.000251999999996],[-117.026143013478,43.834479869212394],[-116.897175038213,44.152537786720096],[-116.97598767671101,44.2428638529668],[-117.198147,44.273827999999995],[-117.24267499999999,44.396547999999996],[-117.062273,44.727143],[-116.857038,44.880769],[-116.847944,45.022602],[-116.463504,45.615784999999995],[-116.546643,45.750972],[-116.857254,45.904159],[-116.981962,46.084914999999995],[-116.921258,46.164795],[-117.06263,46.352522],[-117.032351,48.999188],[-116.049193,49.000912],[-116.04882501331393,47.98565960789093],[-115.72377,47.696670999999995],[-115.689404,47.595402],[-115.74769531133201,47.5524411883075],[-115.653044297003,47.476034549805],[-115.718933824819,47.420967448716794],[-115.326903417685,47.2559118211003],[-114.787065,46.711255],[-114.320665,46.646963],[-114.445928,46.173933],[-114.527096,46.146218],[-114.388243,45.88234],[-114.566172,45.773863999999996],[-114.495421,45.703320999999995],[-114.57346365738064,45.548344182173736],[-114.460542,45.561282999999996],[-114.333218,45.459316],[-113.971565,45.700635999999996],[-113.806729,45.602146],[-113.738729,45.329741],[-113.45197,45.059247],[-113.455071,44.865424],[-113.131453,44.772836999999996],[-113.003544,44.450814],[-112.855395,44.359975],[-112.781294,44.484888],[-112.387389,44.448057999999996],[-112.286187,44.568472],[-111.467736,44.544520999999996],[-111.489339,44.704946],[-111.385005,44.755128],[-111.048974,44.474072],[-111.046689,42.001567],[-117.026222,42.000251999999996]]]}},{"type":"Feature","id":"IL","properties":{"STUSPS":"IL","STATE_FIPS":"17"},"geometry":{"type":"MultiPolygon","coordinates":[[[[-90.2629760718054,38.5224193828336],[-90.10940699999999,38.843548],[-90.4412771760206,38.967408770432],[-90.54402999999999,38.87505],[-90.6614,38.924989],[-90.72995999999999,39.255894],[-91.370009,39.732524],[-91.494878,40.036453],[-91.505828,40.238839],[-91.37292099999999,40.399108],[-91.40524099999999,40.554641],[-91.12082,40.672776999999996],[-91.09299299999999,40.821079],[-90.96291599999999,40.924957],[-90.989663,41.155716],[-91.113648,41.241400999999996],[-91.04781899999999,41.410900000000005],[-90.461432,41.523533],[-90.181973,41.807069999999996],[-90.16753299999999,42.122475],[-90.419326,42.254467],[-90.64092699999999,42.508302],[-87.800477,42.49192],[-87.81226699999999,42.231823],[-87.530745,41.748235],[-87.531646,39.347888],[-87.64903857972618,39.157555188989825],[-87.512187,38.954417],[-87.5343549340073,38.852494647453],[-88.36175999999999,38.851949],[-87.908113,38.850107],[-87.95268197793011,38.567067782242674],[-87.651529,38.568166],[-87.984234,38.209959999999995],[-87.9216802882865,38.148407447294495],[-88.0270919120384,38.032869835452395],[-88.02803,37.799223999999995],[-88.15937199999999,37.661847],[-88.133410402099,37.5742729944782],[-88.179813,37.599164],[-88.064234,37.484548],[-88.470224,37.396255],[-88.45894799999999,37.073796],[-88.98326,37.228685],[-89.195511,37.088572],[-89.132685,36.9822],[-89.25493,37.072013999999996],[-89.30829,37.068371],[-89.278628,36.98867],[-89.378277,37.039605],[-89.517032,37.28192],[-89.42459148863989,37.4034588391504],[-89.516685,37.692761999999995],[-89.842649,37.905196],[-89.950594,37.881526],[-89.925085,37.960021],[-90.36392599999999,38.236354999999996],[-90.2637229314809,38.5207549526997],[-90.145336,38.426266],[-90.2629760718054,38.5224193828336]]],[[[-87.496494,38.742728],[-87.651529,38.568166],[-87.912286,38.570104],[-87.908113,38.850107],[-87.525893,38.848794999999996],[-87.496494,38.742728]]]]}},{"type":"Feature","id":"IN","properties":{"STUSPS":"IN","STATE_FIPS":"18"},"geometry":{"type":"Polygon","coordinates":[[[-87.511499,37.906425999999996],[-87.601416,37.972542],[-87.635806,37.827014999999996],[-87.68462182851059,37.903354870279],[-87.904789,37.924892],[-87.96002999999999,37.773223],[-88.0584993712175,37.865348996051004],[-87.9216802882865,38.148407447294495],[-87.9777460088625,38.2302582004015],[-87.83824307751249,38.2937496699939],[-87.496494,38.742728],[-87.512187,38.954417],[-87.64314499999999,39.128561999999995],[-87.531646,39.347888],[-87.520544,41.709935],[-87.2226440045199,41.624160880659296],[-86.824828,41.760239999999996],[-84.805883,41.760216],[-84.820157,39.10548],[-84.893873,39.062466],[-84.82985699999999,38.969384999999996],[-84.8706197834529,38.9010084241634],[-85.140312,38.903194],[-84.785234,38.880438999999996],[-84.814641,38.784487999999996],[-85.2015826164201,38.6909118349635],[-85.416631,38.736272],[-85.42307699999999,38.531580999999996],[-85.8362948487132,38.2632845996152],[-85.922395,38.028679],[-86.042354,37.958017999999996],[-86.266891,38.057125],[-86.271802,38.137874],[-86.3603767286501,38.198795599034],[-86.323453,38.139032],[-86.4610338985719,38.1211744087399],[-86.460425,38.206824999999995],[-86.466217,38.106781],[-86.43009099999999,38.078638],[-86.65251599999999,37.841636],[-86.800709,38.014854],[-87.033444,37.906593],[-87.09063599999999,37.787808],[-87.267973,37.925004],[-87.511499,37.906425999999996]]]}},{"type":"Feature","id":"KS","properties":{"STUSPS":"KS","STATE_FIPS":"20"},"geometry":{"type":"Polygon","coordinates":[[[-94.61807999999999,36.998135],[-102.04224,36.993083],[-102.051744,40.003077999999995],[-95.30829,39.999998],[-95.090158,39.86314],[-94.93449299999999,39.893366],[-94.876544,39.820594],[-94.935206,39.78313],[-94.859443,39.753693999999996],[-94.96008599999999,39.743065],[-95.106596,39.537656999999996],[-94.885026,39.389801],[-94.831679,39.215938],[-94.591933,39.155003],[-94.61807999999999,36.998135]]]}},{"type":"Feature","id":"KY","properties":{"STUSPS":"KY","STATE_FIPS":"21"},"geometry":{"type":"Polygon","coordinates":[[[-89.213563,36.580118999999996],[-89.197808,36.739412],[-89.126134,36.751735],[-89.178888,36.831368],[-89.08666617539735,36.930457051524954],[-89.168087,37.074217999999995],[-88.9330768781631,37.22774949504169],[-88.45894799999999,37.073796],[-88.424776,37.149901],[-88.515939,37.284043],[-88.456,37.408482],[-88.34132609557916,37.39765494481098],[-88.04080894509545,37.51288216290903],[-88.160187,37.657592],[-88.02803,37.799223999999995],[-87.903804,37.817761999999995],[-87.9270921983773,37.9017059445802],[-87.68033799999999,37.903273999999996],[-87.615399,37.831973999999995],[-87.57791499999999,37.971542],[-87.127533,37.785039999999995],[-86.82349099999999,37.998939],[-86.73146,37.89434],[-86.645513,37.906529],[-86.67786799999999,37.792836],[-86.507831,37.928829],[-86.457115,38.124531],[-86.32839799999999,38.132877],[-86.3603767286501,38.198795599034],[-86.261273,38.052721],[-86.048458,37.959368999999995],[-85.922395,38.028679],[-85.823764,38.280569],[-85.675017,38.301317],[-85.603833,38.442094],[-85.42777846256891,38.52296334696581],[-85.416631,38.736272],[-85.190507,38.68795],[-84.814641,38.784487999999996],[-84.778623,38.859359999999995],[-84.878817,38.913405],[-84.82985699999999,38.969384999999996],[-84.893873,39.062466],[-84.750749,39.147358],[-84.62324025492788,39.0706953407699],[-84.455342,39.12036],[-84.304698,39.006454999999995],[-84.235962,38.822361],[-83.859028,38.756792999999995],[-83.668111,38.628068],[-83.533339,38.702104999999996],[-83.2867155476566,38.59913355325269],[-82.88919299999999,38.756076],[-82.83953799999999,38.586158999999995],[-82.604089,38.459841],[-82.578254,38.254809],[-82.644739,38.165487],[-82.464067,37.980295],[-82.534871,37.962786],[-82.30395299999999,37.67576],[-82.17463099999999,37.647422],[-82.133299,37.552996],[-81.96497099999999,37.543026],[-82.350948,37.267077],[-82.72209699999999,37.120168],[-82.7899398629715,37.007541981244394],[-82.93138181177041,37.0096289876257],[-82.878569,36.889585],[-83.07258999999999,36.854589],[-83.136395,36.743088],[-83.690714,36.582581],[-88.06998450551994,36.67808227837929],[-88.05320499999999,36.497129],[-89.417293,36.499033],[-89.36554799999999,36.625059],[-89.213563,36.580118999999996]]]}},{"type":"Feature","id":"LA","properties":{"STUSPS":"LA","STATE_FIPS":"22"},"geometry":{"type":"MultiPolygon","coordinates":[[[[-91.978381,29.799217],[-92.2027548920717,29.7411584890103],[-92.1038666028948,29.6991448775565],[-92.11178699999999,29.621769999999998],[-92.00000299999999,29.613013],[-92.3083680299117,29.5330399305989],[-93.226934,29.777518999999998],[-93.837971,29.690618999999998],[-93.926504,29.789559999999998],[-93.699396,30.05925],[-93.740253,30.539569],[-93.561666,30.807738999999998],[-93.51677732968419,31.0316474671754],[-93.53174399999999,31.180816999999998],[-93.58850299999999,31.165581],[-93.7267362856391,31.511599931372597],[-93.834924,31.586211],[-93.822598,31.773559],[-94.041833,31.992402],[-94.042964,33.019219],[-91.166073,33.004106],[-91.175405,32.899998],[-91.08680199999999,32.976265999999995],[-91.165328,32.751301],[-91.054749,32.719229],[-91.153556,32.626180999999995],[-91.025769,32.646573],[-91.075373,32.546718],[-90.988174,32.496795999999996],[-91.093741,32.549127999999996],[-91.117308,32.495039],[-90.96959,32.43949],[-90.993625,32.354047],[-90.8756310661557,32.3724339408338],[-90.9886721407888,32.2158120956112],[-91.13267157532026,32.2459976064005],[-91.165452,32.13429],[-91.00619045559459,32.1569569340194],[-91.082308,32.047554999999996],[-91.15581,32.075554],[-91.075908,32.016828],[-91.25011099999999,31.817762],[-91.338414,31.851260999999997],[-91.36552891624201,31.761628356993],[-91.25961099999999,31.7612903979534],[-91.37799199999999,31.747584999999997],[-91.401015,31.620365],[-91.51665899999999,31.627332],[-91.40541499999999,31.576466],[-91.522536,31.522077999999997],[-91.47887,31.364955],[-91.57626499999999,31.410497999999997],[-91.515614,31.278209999999998],[-91.654027,31.255753],[-91.559907,31.054119],[-91.63694199999999,30.999416],[-89.729616,31.003926999999997],[-89.851889,30.661199],[-89.531213,30.177099],[-89.687934,30.175486],[-89.6228797076882,30.1523675549142],[-89.716377,30.026221999999997],[-89.818561,30.043328],[-89.879699,29.985443],[-89.6380157470703,29.8640651702881],[-89.48192596435548,30.0791282653809],[-89.37237548828129,30.054729461669897],[-89.43341064453129,29.991205215454098],[-89.36801910400389,29.911491394043],[-89.21807098388669,29.972749710083],[-89.3222885131836,29.887332916259798],[-89.23629760742189,29.8770809173584],[-89.3837890625,29.8389282226563],[-89.2710342407227,29.7563552856445],[-89.3860626220703,29.7888145446777],[-89.42420959472659,29.697637557983402],[-89.651237487793,29.749479293823196],[-89.6445617675781,29.7109565734863],[-89.5337600708008,29.6702041625977],[-89.4867086774533,29.621002583100196],[-89.6497497558594,29.6729412078857],[-89.7008449491151,29.5207845078101],[-89.508551,29.386167999999998],[-89.189354,29.345060999999998],[-89.00067399999999,29.180090999999997],[-89.1433640773077,28.976551462022798],[-89.25472599999999,29.083261],[-89.41148,28.925010999999998],[-89.31992008394019,29.1274092897924],[-89.85030499999999,29.311767999999997],[-89.84964181378649,29.477996183611598],[-90.0125098419629,29.4627748576808],[-90.00967848056939,29.2947848691027],[-90.1012309771201,29.2598036245622],[-90.0636102853954,29.2094742000844],[-89.95117499999999,29.266123999999998],[-90.174273,29.105300999999997],[-90.34876799999999,29.057817],[-90.234405,29.128823999999998],[-90.27125099999999,29.204639],[-90.332796,29.276956],[-90.494928,29.216713],[-90.452186,29.26625],[-90.510555,29.290924999999998],[-90.803699,29.063709],[-90.637495,29.066608],[-90.839345,29.039167],[-90.94809099999999,29.174104],[-91.278792,29.247775999999998],[-91.334885,29.298775],[-91.266589,29.361217999999997],[-91.125870327358,29.2542612806921],[-91.1296774649674,29.331831709482298],[-91.27077111629163,29.473350270538724],[-91.531020747713,29.531542807796697],[-91.560908,29.637349999999998],[-91.64894085379339,29.6336350684198],[-91.632829,29.742576],[-91.8809988368095,29.713338140932102],[-91.71114899999999,29.846065],[-91.858344259474,29.7362360870372],[-91.8363178971738,29.8232498937114],[-91.9714940173475,29.8289577582451],[-91.993663,29.984340999999997],[-91.978381,29.799217]]],[[[-91.8412933349609,29.629619598388697],[-91.7119979858398,29.5647392272949],[-91.77051544189449,29.488952636718796],[-92.03546142578129,29.5786399841309],[-91.8412933349609,29.629619598388697]]]]}},{"type":"Feature","id":"MA","properties":{"STUSPS":"MA","STATE_FIPS":"25"},"geometry":{"type":"MultiPolygon","coordinates":[[[[-71.381401,42.018798],[-72.816741,41.997595],[-73.50814199999999,42.086256999999996],[-73.264957,42.74594],[-71.29420499999999,42.69699],[-70.927629,42.885326],[-70.817296,42.87229],[-70.7786711101813,42.693622201057295],[-70.591469,42.639821],[-70.8713815915808,42.5464037866173],[-70.905692,42.416197],[-70.9470196107773,42.456235534700596],[-71.003275,42.42971],[-70.98909022860678,42.267448941502295],[-70.882764,42.308859999999996],[-70.722269,42.207958999999995],[-70.5978917409923,42.004549719059796],[-70.710034,41.999544],[-70.55294099999999,41.929641],[-70.471552,41.761562999999995],[-70.259205,41.713954],[-70.008462,41.800785999999995],[-70.095595,42.032832],[-70.24354,42.060569],[-70.058531,42.040363],[-69.92826099999999,41.691700000000004],[-69.998071,41.54365],[-70.014211,41.671971],[-70.35163399999999,41.634687],[-70.485571,41.554244],[-70.951045,41.411777],[-70.68768759539685,41.52217958281117],[-70.6254402386456,41.698691472151694],[-70.72633132214341,41.732730854387896],[-70.8531211415763,41.587321185242594],[-70.9271716332153,41.6112534072114],[-70.9532994956583,41.5150099274564],[-71.12057,41.497448],[-71.132888,41.660101999999995],[-71.327896,41.780501],[-71.381401,42.018798]]],[[[-69.96572499999999,41.252466],[-70.2734782424387,41.3015276065768],[-70.082072,41.299093],[-70.0490528935118,41.391702346840894],[-69.96572499999999,41.252466]]],[[[-70.451084,41.348161],[-70.838777,41.347209],[-70.603555,41.482383999999996],[-70.450431,41.420702999999996],[-70.451084,41.348161]]]]}},{"type":"Feature","id":"MD","properties":{"STUSPS":"MD","STATE_FIPS":"24"},"geometry":{"type":"Polygon","coordinates":[[[-76.811927,38.252114999999996],[-77.01637099999999,38.445572],[-77.207312,38.359867],[-77.2642378084049,38.4142823634489],[-77.263599,38.512344],[-76.909395,38.892812],[-77.040999,38.99511],[-77.1199,38.934311],[-77.46145,39.075151],[-77.527282,39.146235999999995],[-77.486813,39.247586],[-77.76111499999999,39.339757],[-77.765993,39.495723999999996],[-77.88894499999999,39.555949999999996],[-77.838008,39.606125],[-78.176625,39.695966999999996],[-78.565929,39.519444],[-78.75674699999999,39.58069],[-78.76584,39.648486999999996],[-78.956751,39.440264],[-79.09887509641169,39.4714382723866],[-79.47603699999999,39.203728],[-79.47666199999999,39.721078],[-75.788359,39.721810999999995],[-75.69352099999999,38.460128],[-75.04893899999999,38.451263],[-75.19379599999999,38.096013],[-75.242266,38.027209],[-75.885032,37.911716999999996],[-75.827674,38.133438],[-75.959616,38.137141],[-75.802409,38.254813],[-75.91944778399849,38.264056499414494],[-75.85767299999999,38.357011],[-75.865397,38.379064],[-75.972212,38.2333],[-76.00694899999999,38.370216],[-76.032044,38.216684],[-76.258189,38.318373],[-76.33636,38.492235],[-76.248885,38.539023],[-76.30832099999999,38.571768999999996],[-76.13453130472365,38.61444574235495],[-76.23868499999999,38.735434],[-76.340341,38.671245],[-76.300889,38.82619],[-76.198138,38.81444],[-76.19385487100729,38.85544486071263],[-76.273083,38.941927],[-76.375086,38.839473999999996],[-76.361727,38.939175],[-76.301847,39.039651],[-76.163988,38.999541],[-76.14750647861585,39.09908659302381],[-76.242687,39.028926],[-76.274637,39.16549],[-76.185581,39.319334],[-76.00232698427757,39.37643419581291],[-75.970337,39.557637],[-76.09607199999999,39.536912],[-76.06098899999999,39.447722],[-76.281578,39.302108],[-76.32368,39.374407],[-76.442482,39.195408],[-76.52948599999999,39.218408],[-76.529787,39.371606],[-76.550086,39.197207],[-76.428681,39.131709],[-76.39408,39.011311],[-76.559884,38.767361],[-76.322093,38.036502999999996],[-76.590637,38.214211999999996],[-76.811927,38.252114999999996]]]}},{"type":"Feature","id":"ME","properties":{"STUSPS":"ME","STATE_FIPS":"23"},"geometry":{"type":"Polygon","coordinates":[[[-70.967229,43.343776999999996],[-71.084334,45.305293],[-71.01080999999999,45.347249999999995],[-70.83877,45.237555],[-70.798028,45.426705999999996],[-70.634661,45.383607999999995],[-70.72284499999999,45.512772],[-70.259117,45.890755],[-70.29273599999999,46.191599],[-70.056433,46.415561],[-69.994248,46.698564],[-69.22442,47.459686],[-69.04270199999999,47.426651],[-69.050737,47.257329999999996],[-68.902425,47.178838999999996],[-68.23460399999999,47.355035],[-67.790515,47.067921],[-67.755068,45.82367],[-67.873581,45.669295999999996],[-67.42545199999999,45.579086],[-67.416462,45.502147],[-67.503771,45.488521999999996],[-67.418747,45.37726],[-67.489464,45.282652999999996],[-67.340806,45.125434999999996],[-67.283619,45.192022],[-67.15940599999999,45.162192999999995],[-66.950569,44.814538999999996],[-67.293403,44.599264999999995],[-67.3085383198691,44.7074542395132],[-67.4054921756691,44.5942364731067],[-67.5511328176347,44.6219375811545],[-67.568159,44.531116999999995],[-67.733986,44.496252],[-67.8398957983125,44.558770683452096],[-67.851697,44.424282],[-67.95708927719029,44.4154084253969],[-67.972968,44.488633],[-67.961612758643,44.3990696271638],[-68.060356,44.331987999999996],[-68.1177462325506,44.4750378272131],[-68.2617080205921,44.484061681797],[-68.29906253972001,44.437893164317295],[-68.173608,44.328396999999995],[-68.33949799999999,44.222893],[-68.43094599999999,44.298624],[-68.3590815237884,44.402847122711],[-68.4428259604879,44.448633953162904],[-68.4610719535609,44.378503726578195],[-68.48541534969381,44.4343256632715],[-68.56516094972189,44.3990697023985],[-68.5253019841837,44.2275536972207],[-68.827197,44.31216],[-68.78367899999999,44.473879],[-68.982449,44.426195],[-68.954465,44.32405],[-69.100863,44.104529],[-69.048917,44.062506],[-69.26086226998801,43.915404503262295],[-69.41616499999989,43.977267],[-69.50328999999999,43.837673000000095],[-69.6966808617814,43.8314837755178],[-69.83868899999989,43.70514],[-69.8697323485418,43.7756559773263],[-70.0413510767164,43.7380528719594],[-70.0098694284542,43.85931548531679],[-70.1900144182431,43.771866487471996],[-70.2541436983928,43.676838550872695],[-70.196911,43.5651460000001],[-70.3533919932721,43.535405340278395],[-70.3273030525532,43.4585208250085],[-70.5538539999999,43.3218860000001],[-70.7038187048627,43.059824759207196],[-70.967229,43.343776999999996]]]}},{"type":"Feature","id":"MI","properties":{"STUSPS":"MI","STATE_FIPS":"26"},"geometry":{"type":"MultiPolygon","coordinates":[[[[-86.2738932808627,42.4192800027482],[-86.21620899999999,42.919007],[-86.540787,43.644593],[-86.4310644927959,43.819406220869304],[-86.514702,44.058119],[-86.26871,44.345324],[-86.256796,44.686769],[-86.07307300369101,44.7783925642798],[-85.599256,44.765919],[-85.47520399999999,44.991053],[-85.576566,44.760208],[-85.504775,44.768082],[-85.39580000000001,44.931017999999995],[-85.37159299999999,45.270834],[-84.912537,45.402828],[-85.088386,45.476928],[-85.11863699999999,45.575174999999994],[-84.94212499999999,45.72846],[-85.07731254968729,45.765618970201196],[-84.7323882165596,45.7879281273374],[-83.381743,45.268983],[-83.265896,45.026844],[-83.454168,45.03188],[-83.273393,44.713901],[-83.33698799999999,44.332919],[-83.53770999999999,44.248171],[-83.58408999999999,44.056748],[-83.87769399999999,43.959235],[-83.95602099999999,43.759285999999996],[-83.897078,43.664021999999996],[-83.6758145435593,43.5920164120128],[-83.4674285555311,43.7289196757668],[-83.4484163667912,43.8619020428833],[-83.33227,43.880522],[-83.40098472671849,43.916207833691004],[-82.915976,44.070502999999995],[-82.738992,43.989506],[-82.633641,43.831224],[-82.415937,43.005555],[-82.518782,42.613887999999996],[-82.68641699999999,42.518597],[-82.713042,42.597904],[-82.623797,42.665395],[-82.813518,42.640833],[-82.7695904740895,42.5933796170655],[-82.92397,42.352067999999996],[-83.096521,42.290138],[-83.1708900594375,42.0224028915216],[-83.439612,41.813162],[-83.424076,41.740738],[-84.80608199999999,41.696089],[-84.8058836606909,41.760170986155494],[-86.824828,41.760239999999996],[-86.61944199999999,41.893826999999995],[-86.2738932808627,42.4192800027482]]],[[[-87.64812599999999,45.339396],[-87.888052,45.354696999999994],[-87.780808,45.680349],[-88.13611,45.819029],[-88.09540899999999,45.915175],[-90.12048899999999,46.336852],[-90.230363,46.509705],[-90.41813599999999,46.566094],[-89.848652,46.795711],[-89.415154,46.843982999999994],[-88.987197,46.997239],[-88.418673,47.371188],[-87.978934,47.47942],[-87.710471,47.406200000000005],[-87.95705799999999,47.38726],[-87.94336,47.335899],[-88.2275522695528,47.199937822012],[-88.443901,46.972251],[-88.46234899999999,46.786711],[-88.132876,46.962204],[-88.175197,46.904579999999996],[-87.680668,46.842496],[-87.366042742188,46.507000579912095],[-87.008724,46.532723],[-86.875151,46.43728],[-86.698139,46.438624],[-86.695645,46.555026],[-86.586168,46.463324],[-86.161681,46.669475],[-85.864549264065,46.6901824613954],[-85.913769,45.919439],[-86.278007,45.942057],[-86.351658,45.798131999999995],[-86.580936,45.71192],[-86.61380338271908,45.5995829972416],[-86.71819099999999,45.677319999999995],[-86.529573,45.874973999999995],[-86.78208,45.860195],[-86.838746,45.722307],[-86.964275,45.672761],[-87.039842,45.834244999999996],[-87.059533,45.708497],[-87.172241,45.661788],[-87.58196876432389,45.097205931303094],[-87.736104,45.172244],[-87.64812599999999,45.339396]]],[[[-88.422601,48.190974999999995],[-88.670073,48.011446],[-88.96266404612409,47.9235117460994],[-88.911665,47.891344],[-89.157738,47.824014999999996],[-89.2549502988466,47.876488544396594],[-88.422601,48.190974999999995]]],[[[-85.562439,43.815633999999996],[-85.56253799999999,43.294270999999995],[-86.03895299999999,43.293518999999996],[-86.03788399999999,43.815611],[-85.562439,43.815633999999996]]],[[[-85.55107199999999,45.210741999999996],[-85.640839,44.775265999999995],[-86.07307300369101,44.7783925642798],[-86.066745,44.905685],[-85.807403,44.949813999999996],[-85.55107199999999,45.210741999999996]]],[[[-85.50950999999999,46.675785999999995],[-84.95157999999999,46.769487999999996],[-85.027513,46.697451],[-85.015211,46.479712],[-84.63101999999999,46.484868],[-84.551496,46.418521999999996],[-84.42027399999999,46.501076999999995],[-84.117925,46.517618999999996],[-84.097766,46.256512],[-84.251424,46.175888],[-84.026536,46.131648],[-84.071741,46.092441],[-83.9161679147647,45.95532583479719],[-84.376429,45.931962],[-84.66671,46.050486],[-84.746985,45.835597],[-85.01398999999999,46.010774],[-85.42691599999999,46.101963999999995],[-85.663966,45.967013],[-85.8654019629437,45.9682573438202],[-85.864549264065,46.6901824613954],[-85.50950999999999,46.675785999999995]]],[[[-83.71978759765629,46.1010322570801],[-83.4732208251953,45.9844207763672],[-83.5172424316406,45.923614501953104],[-83.88482666015629,45.977165222168],[-83.6861953735352,46.046226501464794],[-83.71978759765629,46.1010322570801]]]]}},{"type":"Feature","id":"MN","properties":{"STUSPS":"MN","STATE_FIPS":"27"},"geometry":{"type":"Polygon","coordinates":[[[-96.453049,43.500415],[-96.454094,45.301545999999995],[-96.69254099999999,45.417338],[-96.857751,45.605962],[-96.583085,45.820024],[-96.554507,46.083977999999995],[-96.599761,46.330386],[-96.798823,46.658071],[-96.75952782491719,46.9257685230241],[-96.8346034610151,47.0077212970524],[-96.85542099999999,47.60875],[-97.14570199674391,48.1732232316201],[-97.1630904567085,48.5439639239152],[-97.09733720313359,48.6851858657285],[-97.229039,49.000687],[-95.153711,48.998903],[-95.153314,49.384358],[-94.957465,49.370186],[-94.816222,49.320986999999995],[-94.64080299999999,48.741170999999994],[-93.844008,48.629394999999995],[-93.784657,48.51549],[-93.254854,48.642784],[-92.954876,48.631493],[-92.634931,48.542873],[-92.71256199999999,48.463013],[-92.45632499999999,48.414204],[-92.369174,48.220268],[-92.269742,48.248241],[-92.26227999999999,48.354932999999996],[-92.055228,48.359213],[-91.95779754149869,48.2329887344891],[-91.55927199999999,48.108267999999995],[-91.56725399999999,48.043718999999996],[-90.84362399999999,48.243576],[-90.75160799999999,48.090968],[-90.136191,48.112136],[-89.873286,47.985419],[-89.489226,48.014528],[-90.537105,47.703055],[-91.02312471447969,47.4649635105367],[-92.094089,46.787839],[-92.01529,46.706469],[-92.08949,46.74924],[-92.299191481136,46.6663669426971],[-92.2940330005466,46.0743770663164],[-92.35176,46.015685],[-92.707702,45.894901],[-92.828981,45.733714],[-93.14179299999999,45.730657],[-92.841051,45.730024],[-92.883749,45.575483],[-92.646602,45.441635],[-92.76186799999999,45.287012999999995],[-92.80257940581069,44.7457971094334],[-92.54805999999999,44.567792],[-92.32901299999999,44.550895],[-91.92559,44.333548],[-91.8583929427025,44.1930031501986],[-92.07914306690813,44.19272110649792],[-91.8566050953748,44.1919380729131],[-91.43737999999999,43.999962],[-91.243955,43.773046],[-91.21770599999999,43.50055],[-96.453049,43.500415]]]}},{"type":"Feature","id":"MO","properties":{"STUSPS":"MO","STATE_FIPS":"29"},"geometry":{"type":"Polygon","coordinates":[[[-94.617919,36.499414],[-94.589933,39.140403],[-94.831679,39.215938],[-94.8802294902858,39.38208084304309],[-95.102888,39.533347],[-94.965318,39.739065],[-94.8605237365468,39.749141863892],[-94.935206,39.78313],[-94.876544,39.820594],[-95.40726,40.033111999999996],[-95.47750099999999,40.24272],[-95.658025,40.3127],[-95.65584799999999,40.546609],[-95.75711,40.52599],[-95.76852699999999,40.583296],[-91.729115,40.61364],[-91.42232399999999,40.380939],[-91.51307899999999,40.178537],[-91.370009,39.732524],[-90.72995999999999,39.255894],[-90.62512199999999,38.888653999999995],[-90.440078,38.967363999999996],[-90.109107,38.837447999999995],[-90.36392599999999,38.236354999999996],[-89.925085,37.960021],[-89.93819072186169,37.8751107703036],[-89.844786,37.905572],[-89.51425499999999,37.689923],[-89.421054,37.387668],[-89.51834,37.285497],[-89.381644,37.043009999999995],[-89.269564,36.993401],[-89.310819,37.057897],[-89.25493,37.072013999999996],[-89.099594,36.964543],[-89.178888,36.831368],[-89.119198,36.759802],[-89.200732,36.720141],[-89.21744699999999,36.576159],[-89.375453,36.615719],[-89.44846799999999,36.46442],[-89.484836,36.571821],[-89.566817,36.564216],[-89.509558,36.375065],[-89.620255,36.323006],[-89.534745,36.252576],[-89.705545,36.238136],[-89.59400000000001,36.12719],[-89.706932,36.000980999999996],[-90.37789,35.995683],[-90.06398,36.303038],[-90.152481,36.497952],[-92.11247504102579,36.498842237426096],[-92.112346,36.794230999999996],[-92.1204149758124,36.498863012436004],[-94.617919,36.499414]]]}},{"type":"Feature","id":"MS","properties":{"STUSPS":"MS","STATE_FIPS":"28"},"geometry":{"type":"Polygon","coordinates":[[[-89.69104846953324,31.002411905553707],[-91.63694199999999,30.999416],[-91.56123199999999,31.046225],[-91.654027,31.255753],[-91.515614,31.278209999999998],[-91.57626499999999,31.410497999999997],[-91.47887,31.364955],[-91.522536,31.522077999999997],[-91.403915,31.589765999999997],[-91.51665899999999,31.627332],[-91.401015,31.620365],[-91.36503422812609,31.7481841898037],[-91.25961099999999,31.7612903979534],[-91.36552891624201,31.761628356993],[-91.345714,31.842861],[-91.262011,31.809362],[-91.075908,32.016828],[-91.15581,32.075554],[-91.082308,32.047554999999996],[-91.00619045559459,32.1569569340194],[-91.165452,32.13429],[-91.164171,32.196888],[-90.9859893715002,32.2178561096001],[-90.8756310661557,32.3724339408338],[-91.000106,32.357695],[-90.966869,32.435499],[-91.117308,32.495039],[-91.097878,32.544751999999995],[-90.999223,32.482614999999996],[-91.080398,32.556442],[-91.004599,32.60978],[-91.15131799999999,32.615919],[-91.0545136340063,32.7218900408994],[-91.165328,32.751301],[-91.064449,32.901064],[-91.10658099999999,32.988938],[-91.211597,32.919624],[-91.121195,33.059166],[-91.20178,33.125121],[-91.089862,33.139655],[-91.043624,33.274636],[-91.10614199999999,33.241799],[-91.142219,33.348988999999996],[-91.059828,33.450257],[-91.15401748688359,33.378913801191004],[-91.209032,33.403633],[-91.117975,33.453807],[-91.16740319683039,33.4983043760841],[-91.235181,33.438972],[-91.215671,33.529423],[-90.76354528440307,33.529389236834014],[-91.219297,33.532364],[-91.130445,33.606034],[-91.22057,33.692923],[-91.088202,33.657387],[-91.03146,33.678142],[-91.13218499999999,33.78342],[-90.993842,33.773601],[-91.073011,33.857448999999995],[-91.0101898469778,33.9282691530609],[-91.087921,33.975335],[-90.967632,33.963324],[-90.987948,34.019038],[-90.870528,34.080515999999996],[-90.9543,34.138498],[-90.807813,34.161474],[-90.92901499999999,34.244541],[-90.847808,34.20653],[-90.76576399999999,34.362109],[-90.661395,34.315398],[-90.56984868416879,34.422435183704],[-90.588419,34.670963],[-90.4695448657205,34.6697921986102],[-90.56817199999999,34.727384],[-90.544067,34.791159],[-90.48886499999999,34.723731],[-90.475686,34.88631],[-90.311312,34.844223],[-90.244725,34.921031],[-90.309297,34.995694],[-88.200064,34.995633999999995],[-88.097888,34.892202],[-88.473227,31.893856],[-88.401181,30.344382],[-88.728893,30.342671],[-88.823724,30.402376],[-88.88313,30.418798],[-88.81841106739219,30.3602394043656],[-89.291444,30.303296],[-89.340947,30.372896406886298],[-89.461275,30.174744999999998],[-89.570154,30.180297],[-89.852263,30.662934],[-89.69104846953324,31.002411905553707]]]}},{"type":"Feature","id":"MT","properties":{"STUSPS":"MT","STATE_FIPS":"30"},"geometry":{"type":"Polygon","coordinates":[[[-113.684946,45.253706],[-113.76602199999999,45.520621],[-113.834555,45.520728999999996],[-113.806729,45.602146],[-113.986656,45.704564],[-114.333218,45.459316],[-114.559038,45.565706],[-114.495421,45.703320999999995],[-114.566172,45.773863999999996],[-114.388243,45.88234],[-114.527096,46.146218],[-114.445928,46.173933],[-114.332887,46.660756],[-113.83630896624975,46.661018518087126],[-114.360709,46.669059],[-114.593292,46.632847999999996],[-114.675089,46.747456],[-114.76689,46.696901],[-115.326903417685,47.2559118211003],[-115.718933824819,47.420967448716794],[-115.6386247318338,47.4796369022707],[-115.74853637229101,47.549245153402],[-115.689404,47.595402],[-115.72377,47.696670999999995],[-116.04885,47.977185999999996],[-116.049193,49.000912],[-104.048736,48.999877],[-104.04691293419901,48.3894292755169],[-104.628048,48.389238999999996],[-104.046782583801,48.382051141026196],[-104.039681,44.998041],[-111.044586,45.001607],[-111.038168,45.351174],[-111.056027270802,44.9124085940816],[-111.048974,44.474072],[-111.393854,44.752548999999995],[-111.781713,44.708847999999996],[-111.480393242401,44.7091897486759],[-111.525764,44.604883],[-111.467736,44.544520999999996],[-112.286187,44.568472],[-112.387389,44.448057999999996],[-112.781294,44.484888],[-112.855395,44.359975],[-113.003544,44.450814],[-113.131453,44.772836999999996],[-113.455071,44.865424],[-113.45197,45.059247],[-113.684946,45.253706]]]}},{"type":"Feature","id":"NC","properties":{"STUSPS":"NC","STATE_FIPS":"37"},"geometry":{"type":"Polygon","coordinates":[[[-84.29024,35.225572],[-84.02911,35.292175667571904],[-84.002071,35.233703999999996],[-84.0217816109161,35.407417929895395],[-83.880074,35.518744999999996],[-83.498335,35.562981],[-83.15920799999999,35.764891999999996],[-82.995803,35.773128],[-82.898505,35.945101],[-82.804997,35.927168],[-82.63226499999999,36.065705],[-82.557874,35.953901],[-82.35515699999999,36.115609],[-82.033141,36.120422],[-81.833202,36.347339],[-81.63627199999999,36.348593],[-81.73795239206109,36.397190238132005],[-81.67753499999999,36.588117],[-75.86704399999999,36.550754],[-75.773329478967,36.23152850558],[-75.89990813444929,36.4821238466562],[-76.0319491911912,36.4824956104933],[-75.92360071690169,36.4257881954956],[-75.7939739124918,36.0717097390662],[-75.9223438867826,36.2441219441939],[-75.9049992857269,36.164188109150395],[-76.0169843785351,36.1863665523777],[-76.1325418777115,36.2878322322103],[-76.217332,36.298716],[-76.0642236498314,36.1437746860623],[-76.17894555008729,36.1234240206444],[-76.2887810939192,36.21991327253402],[-76.21659868506669,36.095408614584],[-76.4544143972023,36.1899007381336],[-76.30399791576339,36.0927761054226],[-76.5806743827337,36.0072196393012],[-76.72144467709889,36.1478384232257],[-76.6754622250363,36.2668818824544],[-76.696601,36.296211],[-76.7520996451407,36.147327507091596],[-76.6675471238415,35.9335094542031],[-76.02416241943419,35.9708910618482],[-76.0298630091352,35.6494429848514],[-75.9868995670405,35.888147869129696],[-75.86042045366649,35.9782620691348],[-75.71294029655901,35.6984896880306],[-75.7753280661419,35.579334687364394],[-75.8950451307329,35.5731521148925],[-76.1496546890848,35.326411297642],[-76.4857617711305,35.3713753714638],[-76.5863486318873,35.508957212598695],[-76.4767059276617,35.511706872892596],[-76.4564271829929,35.5505458245464],[-76.588312,35.620481999999996],[-76.467763270423,35.5558184233511],[-76.6344676870335,35.510332042745695],[-76.57172257321619,35.3877639376598],[-77.0245927407245,35.515145083405194],[-76.4677761176398,35.261213227495496],[-76.600420361147,35.0678673653357],[-76.80142605934779,34.9643687168817],[-77.04630532240269,35.1377030813556],[-76.9774043181681,35.004926206219295],[-76.7629308152311,34.9203741521768],[-76.46346775368501,35.076410939094494],[-76.395624536692,34.9751789087291],[-76.3263605166402,34.9762445058607],[-76.36436691758279,35.0348525339467],[-76.2416297338406,34.9991162037199],[-76.5247118618088,34.681963760710495],[-76.6047957178733,34.7874819744952],[-76.67456834783519,34.698289868706496],[-76.51904068745219,34.6381410497738],[-76.3228084986684,34.8611596783682],[-76.0359330172662,35.0589874313943],[-76.535946385704,34.5885765022003],[-76.676312,34.693151],[-76.906257,34.68282],[-77.575915,34.476396],[-77.5179602863695,34.4404830452969],[-77.82920899999999,34.162618],[-77.95976550189658,33.84032429202279],[-78.136952,33.912178],[-78.54108699999999,33.851112],[-79.675299,34.804744],[-80.79754299999999,34.819786],[-80.78204199999999,34.935781999999996],[-80.93495,35.107409],[-81.057648,35.062433],[-81.01802045746028,35.15319651352244],[-82.3903905504355,35.2153583189179],[-83.10853499999999,35.000771],[-84.32186899999999,34.988408],[-84.29024,35.225572]]]}},{"type":"Feature","id":"ND","properties":{"STUSPS":"ND","STATE_FIPS":"38"},"geometry":{"type":"Polygon","coordinates":[[[-104.045443,45.94531],[-104.048736,48.999877],[-97.229039,49.000687],[-97.09733720313359,48.6851858657285],[-97.1612768424102,48.5425053390564],[-97.14213274878479,48.1449810863922],[-96.8512927715446,47.58926399066701],[-96.8346034610151,47.0077212970524],[-96.760291951174,46.933409805952294],[-96.79758787704287,46.63310452270588],[-96.599761,46.330386],[-96.554507,46.083977999999995],[-96.56327999999999,45.935238],[-104.045443,45.94531]]]}},{"type":"Feature","id":"NE","properties":{"STUSPS":"NE","STATE_FIPS":"31"},"geometry":{"type":"MultiPolygon","coordinates":[[[[-102.0517592096586,41.002377266939476],[-103.382492446889,41.00223211782],[-103.369024,41.437655],[-103.363337,42.00293],[-102.93195159149435,42.004409564102055],[-104.052704176933,42.0017178993875],[-104.053127,43.000585],[-98.4985499474702,42.9985597780975],[-98.01722799999999,42.762411],[-97.857957,42.865092999999995],[-97.218825,42.845848],[-96.69126899999999,42.656200000000005],[-96.60346799999999,42.504459999999995],[-96.38600699999999,42.474495],[-96.347752,42.166806],[-96.236487,41.996428],[-96.129505,41.971672999999996],[-96.161756,41.90182],[-96.06487899999999,41.79623],[-96.12300499999999,41.682756],[-96.44199269898323,41.68362528151883],[-96.121726,41.682739999999995],[-96.089714,41.531777999999996],[-95.92028099999999,41.451566],[-95.956791,41.349196],[-95.871489,41.295797],[-95.92749099999999,41.298397],[-95.92349066006466,41.191045473139745],[-95.84128799999999,41.174997999999995],[-95.88228688306651,41.053489973474605],[-95.809474,40.891228],[-95.888697,40.736292],[-95.709974,40.523798],[-96.46363199999999,40.523013],[-96.463712955188,40.0009682733452],[-102.051744,40.003077999999995],[-102.0517592096586,41.002377266939476]]],[[[-103.382492446889,41.00223211782],[-104.053249,41.001405999999996],[-104.052704176933,42.0017178993875],[-103.363337,42.00293],[-103.382492446889,41.00223211782]]],[[[-95.48599399999999,40.247825],[-95.41358799999999,40.038424],[-95.30829,39.999998],[-96.463712955188,40.0009682733452],[-96.463667,40.262173],[-95.48599399999999,40.247825]]],[[[-95.67175399999999,40.562626],[-95.65732799999999,40.310856],[-95.55247299999999,40.261904],[-96.463667,40.262173],[-96.46363199999999,40.523013],[-95.708591,40.521550999999995],[-95.67175399999999,40.562626]]]]}},{"type":"Feature","id":"NH","properties":{"STUSPS":"NH","STATE_FIPS":"33"},"geometry":{"type":"Polygon","coordinates":[[[-72.516082,42.765949],[-72.55283399999999,42.884968],[-72.44376199999999,43.006245],[-72.395949,43.52388],[-72.332382,43.599364],[-72.208145,43.585162],[-72.32961999999999,43.600201],[-72.031898,44.076240999999996],[-72.067774,44.270976],[-71.577643,44.502691999999996],[-71.536251,44.588440999999996],[-71.631883,44.752463],[-71.49584399999999,44.904979999999995],[-71.538592,44.988181999999995],[-71.46455499999999,45.013636999999996],[-71.443365,45.237724],[-71.284396,45.302434],[-71.13942999999999,45.242957999999994],[-71.084334,45.305293],[-70.985965,43.380023],[-70.80964,43.225407],[-70.84977376408953,43.124331391662075],[-70.703799,43.059574],[-70.817296,42.87229],[-71.149703,42.815489],[-71.181803,42.73759],[-71.351283,42.772168],[-71.245504,42.742588999999995],[-71.29420499999999,42.69699],[-72.516082,42.765949]]]}},{"type":"Feature","id":"NJ","properties":{"STUSPS":"NJ","STATE_FIPS":"34"},"geometry":{"type":"Polygon","coordinates":[[[-74.885914,39.143626999999995],[-75.139136,39.180020999999996],[-75.536431,39.460558999999996],[-75.559446,39.629812],[-75.341765,39.846081999999996],[-75.13277001598757,39.88253213073373],[-75.13011999999999,39.958712],[-74.72443928819327,40.147718285227626],[-75.056102,40.416066],[-75.20392,40.691497999999996],[-75.051029,40.865662],[-75.130575,40.991093],[-74.9671356581507,41.0944411756066],[-74.76787399999999,40.911823],[-74.96746399999999,41.095327],[-74.991815,41.089132],[-74.694914,41.357423],[-73.893979,40.997197],[-74.06834122340949,40.66036152607779],[-74.202223,40.631053],[-74.27269,40.488405],[-73.9985053316113,40.4109110598834],[-74.014031,40.476471],[-73.971381,40.371708999999996],[-74.09690564826501,39.7630302626847],[-74.2842102656904,39.5086142707499],[-74.380796,39.498537],[-74.3124508024098,39.499869360202],[-74.33480399999999,39.432001],[-74.64659499999999,39.212002],[-74.864458,38.94041],[-74.967274,38.933413],[-74.885914,39.143626999999995]]]}},{"type":"Feature","id":"NM","properties":{"STUSPS":"NM","STATE_FIPS":"35"},"geometry":{"type":"Polygon","coordinates":[[[-109.050044,31.332501999999998],[-109.045223,36.999083999999996],[-103.002199,37.000104],[-103.064423,32.000518],[-106.618486,32.000495],[-106.635926,31.866235],[-106.528543,31.783907],[-108.20999499999999,31.783699],[-108.2211820416333,32.07990970761513],[-108.208573,31.333395],[-109.050044,31.332501999999998]]]}},{"type":"Feature","id":"NV","properties":{"STUSPS":"NV","STATE_FIPS":"32"},"geometry":{"type":"Polygon","coordinates":[[[-114.633013,35.002085],[-120.001014,38.999573999999996],[-119.999168,41.99454],[-114.041723,41.993719999999996],[-114.046838,36.194069],[-114.148191,36.028013],[-114.252651,36.020193],[-114.405475,36.147371],[-114.755618,36.087165999999996],[-114.569238,35.183479999999996],[-114.633013,35.002085]]]}},{"type":"Feature","id":"NY","properties":{"STUSPS":"NY","STATE_FIPS":"36"},"geometry":{"type":"Polygon","coordinates":[[[-75.36388099999999,42.007832],[-79.76137399999999,41.999067],[-79.7619526584532,42.2674991280444],[-79.14872299999999,42.553672],[-78.853455,42.783958],[-79.019964,42.994755999999995],[-79.019228,43.067958],[-78.945262,43.066956],[-79.074467,43.077855],[-79.070469,43.262454],[-78.4655021200225,43.3712323915095],[-77.76023099999999,43.341161],[-77.53512507647389,43.234635732706394],[-76.794708,43.309632],[-76.417581,43.521285],[-76.2194420108821,43.543475005080104],[-76.22926799999999,43.804134999999995],[-76.29562809534329,43.8543361503204],[-76.0644207383467,43.9851339662839],[-76.200249253893,43.9679314912189],[-76.1206949911347,44.0312955097971],[-76.20778326394809,44.0717463468962],[-76.2806768174944,43.9596825103367],[-76.360306,44.070907],[-76.312647,44.199044],[-75.8600599283155,44.4032818662487],[-75.30763,44.836813],[-74.826578,45.01585],[-73.343124,45.010839999999995],[-73.390231,44.618353],[-73.296031,44.428339],[-73.43773999999999,44.045006],[-73.350593,43.771938999999996],[-73.430947,43.587036],[-73.306234,43.628018],[-73.24864099999999,43.553857],[-73.264957,42.74594],[-73.50814199999999,42.086256999999996],[-73.56593105720067,41.5237369226422],[-73.482709,41.212759999999996],[-73.727775,41.100696],[-73.659972,40.968398],[-73.8155738207561,40.8351286896774],[-73.485365,40.946397],[-73.22928499999999,40.905121],[-73.1183309118857,40.9780713547024],[-72.58532699999999,40.997586999999996],[-72.356087,41.133635],[-72.24534799999999,41.161217],[-72.335177,41.106916999999996],[-72.095456,40.991349],[-71.856214,41.070598],[-73.054963,40.666371],[-73.9405910702874,40.542895764690805],[-74.0424119629985,40.62484744614049],[-73.91925644253189,40.9148578317808],[-73.860006,40.900565],[-73.89652080310418,40.998284552576656],[-74.736688,41.429227999999995],[-74.983341,41.480894],[-75.074613,41.605711],[-75.072172,41.813731999999995],[-75.146446,41.850899],[-74.98656955484503,41.92323118767437],[-75.152898,41.848563999999996],[-75.260527,41.863800000000005],[-75.36388099999999,42.007832]]]}},{"type":"Feature","id":"OH","properties":{"STUSPS":"OH","STATE_FIPS":"39"},"geometry":{"type":"Polygon","coordinates":[[[-84.2253,38.817665],[-84.455342,39.12036],[-84.820157,39.10548],[-84.80608199999999,41.696089],[-83.45383199999999,41.732647],[-83.1657126966893,41.623245528659595],[-83.56993399999999,41.617149999999995],[-83.103928,41.613558],[-82.93436899999999,41.514353],[-82.83410099999999,41.587587],[-82.499099,41.381541],[-82.011966,41.515639],[-81.744755,41.48715],[-81.2793427769351,41.75987721548049],[-80.519425,41.977523],[-80.521917,40.636992],[-80.667957,40.582496],[-80.595494,40.475266],[-80.619297,40.26517],[-80.799898,39.858912],[-81.313591,39.869471],[-80.82127899999999,39.849982],[-80.829764,39.711839],[-81.217315,39.387589999999996],[-81.37596099999999,39.341696999999996],[-81.46773471621309,39.4037784014161],[-81.75371860114589,39.1834863252534],[-82.26730796633771,39.203709793347876],[-81.7558150545194,39.180524196556696],[-81.745453,39.098078],[-81.814155,39.073478],[-81.75999499999999,38.925827999999996],[-81.898541,38.874582],[-82.00226099999999,39.027878],[-82.0988733706356,38.9583193160251],[-82.221566,38.787186999999996],[-82.172066,38.619284],[-82.361674,38.585181999999996],[-82.2871015269719,38.5825881557857],[-82.318111,38.457876],[-82.569368,38.406258],[-82.844306,38.590862],[-82.894193,38.756575999999995],[-83.268245,38.618528999999995],[-83.270817,39.015791],[-83.214766,38.991602],[-83.314589,39.052195],[-83.301951,38.598178],[-83.512571,38.701716],[-83.7053136208765,38.6397614234931],[-83.852085,38.751433],[-84.2253,38.817665]]]}},{"type":"Feature","id":"OK","properties":{"STUSPS":"OK","STATE_FIPS":"40"},"geometry":{"type":"MultiPolygon","coordinates":[[[[-98.577136,34.148962],[-99.192104,34.216694],[-99.192747,34.354861],[-99.36961,34.458698999999996],[-99.40296,34.373481],[-99.696462,34.381036],[-99.929334,34.576713999999996],[-100.000381,34.560508999999996],[-100.00038884414201,35.4223639901059],[-99.57582,35.421655],[-99.99965999999999,35.422364],[-100.002563,37.001706],[-94.61807999999999,36.998135],[-94.6178756702379,36.5474548852642],[-94.431215,35.39429],[-94.48622399999999,35.366057],[-94.4337424273008,35.3864671046955],[-94.485875,33.637867],[-94.86930000000001,33.745871],[-95.226393,33.961954],[-95.2878647864881,33.8749463433931],[-95.5974706457486,33.934284450924096],[-95.773282,33.843834],[-96.14806999999999,33.837799],[-96.35594599999999,33.687155],[-96.62929,33.845487999999996],[-96.58749399999999,33.884251],[-96.580591,33.923311999999996],[-96.766235,33.825458],[-96.97941499999999,33.956178],[-97.12610199999999,33.716941],[-97.210921,33.916064],[-97.444193,33.823772999999996],[-97.460376,33.903948],[-97.67177199999999,33.991369999999996],[-97.87144699999999,33.849001],[-97.974178,33.886643],[-97.946473,33.990732],[-98.1054816477383,34.031306746268],[-98.109462,34.154111],[-98.36402299999999,34.157109],[-98.48204,34.06227],[-98.577136,34.148962]]],[[[-100.003761886524,36.4996994535481],[-103.002434,36.500397],[-103.002199,37.000104],[-100.002563,37.001706],[-100.003761886524,36.4996994535481]]]]}},{"type":"Feature","id":"OR","properties":{"STUSPS":"OR","STATE_FIPS":"41"},"geometry":{"type":"Polygon","coordinates":[[[-124.410982,42.250547],[-124.401177,42.627192],[-124.565972670428,42.8354540674359],[-124.218875979137,43.6103185405964],[-124.06756899999999,44.428582],[-123.939005,45.661922999999994],[-123.993703,45.946431],[-123.92933,46.041978],[-124.024305,46.229256],[-123.85480075711901,46.157341741832695],[-123.468743,46.264531],[-123.36363617763101,46.1463241398187],[-123.115904,46.185268],[-122.813998,45.960983999999996],[-122.76381,45.657137999999996],[-122.294901,45.543541],[-121.811304,45.706761],[-121.36544701985501,45.7034873759771],[-121.183841,45.606441],[-120.591166,45.746547],[-120.210754,45.725950999999995],[-119.600549,45.919581],[-118.987129,45.999855],[-116.915989,45.995413],[-116.782676,45.825376],[-116.546643,45.750972],[-116.463504,45.615784999999995],[-116.847944,45.022602],[-116.857038,44.880769],[-117.062273,44.727143],[-117.243027,44.390974],[-117.19855914953901,44.2741460602674],[-116.894083,44.160191],[-117.02687071938101,43.832478675778],[-117.026222,42.000251999999996],[-124.21160499999999,41.99846],[-124.410982,42.250547]]]}},{"type":"Feature","id":"PA","properties":{"STUSPS":"PA","STATE_FIPS":"42"},"geometry":{"type":"Polygon","coordinates":[[[-75.773558,39.722411],[-80.519342,39.721402999999995],[-80.519425,41.977523],[-80.117368,42.166340999999996],[-79.761951,42.26986],[-79.76137399999999,41.999067],[-75.34656799999999,41.995324],[-75.260527,41.863800000000005],[-75.072172,41.813731999999995],[-75.044224,41.617978],[-75.0708835581811,41.609630899185895],[-75.11236382219563,41.54969518651043],[-75.0697121394208,41.6016900928416],[-74.981652,41.479945],[-74.689767,41.361557999999995],[-75.127196,40.993953999999995],[-75.051029,40.865662],[-75.2024385212433,40.695429616700395],[-75.058848,40.418065],[-74.722304,40.160609],[-75.2108764002954,39.865708592319095],[-75.415041,39.801786],[-75.597914,39.874463999999996],[-75.773558,39.722411]]]}},{"type":"Feature","id":"PR","properties":{"STUSPS":"PR","STATE_FIPS":"72"},"geometry":{"type":"MultiPolygon","coordinates":[[[[-66.92382599999999,17.926923],[-67.21433,17.962436],[-67.155185,18.195000999999998],[-67.27135,18.362329],[-67.155977,18.393487],[-67.14283,18.505485],[-65.622761,18.387771],[-65.589947,18.228225],[-65.74349838852821,18.174857066862256],[-65.9105372447492,17.981854617110198],[-66.046585,17.954853],[-66.095136,18.022047999999998],[-66.0699791737438,17.966357176775198],[-66.232013,17.931154],[-66.74421005918038,18.01021932690886],[-66.92382599999999,17.926923]]],[[[-67.861548,18.122144],[-67.871462,18.0578],[-67.940799,18.079715999999998],[-67.93218499999999,18.113221],[-67.861548,18.122144]]],[[[-65.4381894254292,18.0901227847617],[-65.57557899999999,18.115669],[-65.275165,18.13443],[-65.4381894254292,18.0901227847617]]],[[[-65.287257,18.277744],[-65.3420683746379,18.345289964564596],[-65.24509499999999,18.309668],[-65.287257,18.277744]]]]}},{"type":"Feature","id":"RI","properties":{"STUSPS":"RI","STATE_FIPS":"44"},"geometry":{"type":"MultiPolygon","coordinates":[[[[-71.547051,41.153684],[-71.605565,41.182139],[-71.56692800085449,41.226151234054],[-71.547051,41.153684]]],[[[-71.857432,41.306318],[-71.79924199999999,42.008064999999995],[-71.381401,42.018798],[-71.347197,41.823100000000004],[-71.2247976754763,41.7104976631789],[-71.2595599113161,41.642595425066006],[-71.3641498458852,41.73534692025149],[-71.3779103190144,41.66664586600069],[-71.4459226713275,41.6911437352437],[-71.4037704467773,41.589321136474595],[-71.4798665299161,41.3611245306592],[-71.857432,41.306318]]],[[[-71.3543148038807,41.478891277726],[-71.399568,41.448595999999995],[-71.3701937566555,41.573962525819],[-71.3543148038807,41.478891277726]]],[[[-71.2407085768583,41.619224887102895],[-71.2407102551893,41.4748718165313],[-71.3560333415646,41.4493324295648],[-71.2718620217678,41.623985719202295],[-71.1956401791165,41.6750904939328],[-71.132888,41.660101999999995],[-71.12057,41.497448],[-71.19685726353549,41.4611158702402],[-71.2407085768583,41.619224887102895]]],[[[-71.3661648412311,41.660979735273294],[-71.3055498499554,41.6225230977993],[-71.31747436523439,41.5831871032715],[-71.3661648412311,41.660979735273294]]]]}},{"type":"Feature","id":"SC","properties":{"STUSPS":"SC","STATE_FIPS":"45"},"geometry":{"type":"Polygon","coordinates":[[[-81.7570833221477,33.1981218255034],[-81.939737,33.344941],[-81.929436,33.465837],[-82.55683499999999,33.945353],[-82.882864,34.479003],[-83.034712,34.483495],[-83.3494106972383,34.697574742913794],[-83.10853499999999,35.000771],[-82.74046744616419,35.04916323268716],[-82.39292999999999,35.215402],[-81.0428704550844,35.1492481305283],[-81.041489,35.044703],[-80.93495,35.107409],[-80.78204199999999,34.935781999999996],[-80.796331592849,34.8288511173403],[-79.675299,34.804744],[-78.54108699999999,33.851112],[-79.01205478656193,33.572083506333556],[-79.18786999999999,33.173712],[-79.359961,33.006672],[-79.522449,33.03535],[-79.61771499999999,32.94487],[-79.57600599999999,32.906234999999995],[-79.99175,32.616389],[-80.48221670157366,32.4892940282899],[-80.455192,32.326457999999995],[-80.63885683695179,32.2556180673917],[-80.7336370700876,32.3194694660501],[-80.66916599999999,32.216783],[-80.885517,32.034600000000005],[-81.113334,32.113205],[-81.186829,32.464086],[-81.418431,32.634704],[-81.418542,32.732586],[-81.338543,32.768456],[-81.4264812178256,32.7690229887257],[-81.49225299999999,33.009342],[-81.772435,33.180448999999996],[-81.187271,33.652937],[-81.7570833221477,33.1981218255034]]]}},{"type":"Feature","id":"SD","properties":{"STUSPS":"SD","STATE_FIPS":"46"},"geometry":{"type":"MultiPolygon","coordinates":[[[[-98.49951691930708,42.99855929326016],[-104.053127,43.000585],[-104.045443,45.94531],[-97.2283038853974,45.93514103142339],[-97.226281,45.151826],[-97.98093239220192,45.153293328596334],[-97.494254,45.151630999999995],[-97.492266,44.543884],[-97.8557152497975,44.54440520302851],[-97.85366008218769,44.19524696309984],[-97.853028,44.544398],[-97.128024,44.543126],[-96.4519902127759,44.5436387679114],[-96.453049,43.500415],[-96.60285999999999,43.450907],[-96.52157199999999,43.385639999999995],[-96.568505,43.231553999999996],[-96.475571,43.221053999999995],[-96.436589,43.120841999999996],[-96.639704,42.737071],[-96.44340799999999,42.489495],[-96.61148899999999,42.506088],[-96.687669,42.653126],[-96.800986,42.669757999999995],[-96.80568170292817,43.08364381567515],[-96.80621880764551,42.7041490656603],[-97.306677,42.867604],[-97.834172,42.868794],[-98.01304599999999,42.762299],[-98.49951691930708,42.99855929326016]]],[[[-96.88394799999999,45.150224],[-96.885504,44.543772999999995],[-97.492266,44.543884],[-97.491346,44.804035],[-97.494254,45.151630999999995],[-96.88394799999999,45.150224]]],[[[-97.226244,45.297647],[-97.2283038853974,45.93514103142339],[-96.56327999999999,45.935238],[-96.583085,45.820024],[-96.857751,45.605962],[-96.69254099999999,45.417338],[-96.45306699999999,45.298114999999996],[-96.4519902127759,44.5436387679114],[-96.885504,44.543772999999995],[-96.882345,44.97687],[-96.88394799999999,45.150224],[-97.226281,45.151826],[-97.226244,45.297647]]]]}},{"type":"Feature","id":"TN","properties":{"STUSPS":"TN","STATE_FIPS":"47"},"geometry":{"type":"Polygon","coordinates":[[[-90.291996,35.041793],[-90.065392,35.137691],[-90.16879399999999,35.279088],[-90.0725426327793,35.38506553945699],[-90.179265,35.385194],[-90.098719,35.478595],[-90.06246688170103,35.38882348807776],[-89.77875499999999,35.38782],[-90.0566438094027,35.40378556865],[-90.048519,35.504357],[-89.909022,35.520548],[-89.884153,35.585138],[-89.95114699999999,35.597491],[-89.8519439657585,35.6439162791687],[-89.958687,35.727706],[-89.64846723520616,35.907488243641],[-89.73309499999999,36.000608],[-89.594397,36.155457],[-89.70524999999999,36.236568],[-89.54162099999999,36.247890999999996],[-89.620255,36.323006],[-89.513178,36.359897],[-89.5391,36.498201],[-88.0532916180151,36.4971306477427],[-88.06145599999999,36.444092999999995],[-88.032489,36.540662],[-88.070532,36.678118],[-83.690714,36.582581],[-81.6469,36.611917999999996],[-81.70596599999999,36.338496],[-81.8573330764237,36.3347867014916],[-82.033141,36.120422],[-82.22895299999999,36.190509999999996],[-82.50538399999999,35.97768],[-82.610889,35.967408999999996],[-82.5772,36.078387],[-82.821861,35.921839],[-83.055678,36.090897999999996],[-82.8985055239706,35.9450997932996],[-82.96408799999999,35.78998],[-83.15920799999999,35.764891999999996],[-83.498335,35.562981],[-83.880074,35.518744999999996],[-84.0206328794548,35.409843031845696],[-84.055712,35.268181999999996],[-84.29024,35.225572],[-84.32186899999999,34.988408],[-87.9849162019114,35.0058806732269],[-87.981585,35.295677999999995],[-87.984912,35.012347],[-90.291996,35.041793]]]}},{"type":"Feature","id":"TX","properties":{"STUSPS":"TX","STATE_FIPS":"48"},"geometry":{"type":"MultiPolygon","coordinates":[[[[-102.67719193715301,29.738261067251397],[-102.883722,29.348059],[-102.866846,29.225015],[-103.163865,28.972099],[-104.038282,29.320155999999997],[-104.53976102355502,29.676073741438397],[-104.679772,29.924659],[-104.687296,30.179464],[-105.006801,30.686038999999997],[-105.394242074789,30.852979003795898],[-106.645646,31.895649],[-106.618486,32.000495],[-103.064423,32.000518],[-103.041924,36.500439],[-101.085156,36.499244],[-101.085735,36.055276],[-101.086281,35.18214],[-101.085716,36.057572],[-100.540221,36.056491],[-100.000399,36.055676999999996],[-99.997621,34.224354999999996],[-99.9975014109467,34.5604238870434],[-99.923211,34.574552],[-99.696462,34.381036],[-99.399603,34.375079],[-99.358795,34.455863],[-99.213135,34.340368999999995],[-99.189511,34.214312],[-98.599789,34.160571],[-98.486328,34.062598],[-98.36402299999999,34.157109],[-98.109462,34.154111],[-98.08283899999999,34.002412],[-97.94573,33.989838999999996],[-97.98454,33.900703],[-97.978967,33.433748],[-97.97780788974269,33.8898833742718],[-97.834333,33.857670999999996],[-97.67177199999999,33.991369999999996],[-97.450954,33.891397999999995],[-97.459068,33.834581],[-97.210921,33.916064],[-97.113265,33.718804],[-96.97941499999999,33.956178],[-96.76158799999999,33.824405999999996],[-96.67344899999999,33.912278],[-96.342665,33.686975],[-96.14806999999999,33.837799],[-95.935198,33.887101],[-95.84591625306673,33.8312696466771],[-95.599678,33.934247],[-95.2878647864881,33.8749463433931],[-95.226393,33.961954],[-94.7393909165834,33.7225497699516],[-94.7539041485483,33.32742312411231],[-94.7376184038182,33.706008101865294],[-94.44863699999999,33.642766],[-94.38608599999999,33.544923],[-94.04344999999999,33.552253],[-94.04272,31.999264999999998],[-93.823443,31.775098],[-93.8349233245136,31.5862099793189],[-93.7259245822598,31.5040916515193],[-93.600308,31.176157999999997],[-93.533307,31.184462999999997],[-93.5164072637683,31.029550433360196],[-93.561666,30.807738999999998],[-93.740253,30.539569],[-93.70082,30.056274],[-93.92799199999999,29.809639999999998],[-93.837971,29.690618999999998],[-94.056506,29.671163],[-94.78117593109928,29.3633699203954],[-94.47989907465129,29.549611878041002],[-94.78093799999999,29.531093],[-94.70245009110401,29.653165998084397],[-94.74091899999999,29.787080999999997],[-94.872551,29.671249999999997],[-94.965963,29.700329999999997],[-95.0155121898691,29.55137621773976],[-94.86378976654501,29.368525445126398],[-95.148593783637,29.192564456525496],[-95.12397299999999,29.080291],[-95.38239,28.866348],[-96.3790656966126,28.3874663825001],[-95.97852589224802,28.650593590731003],[-96.2289087871871,28.5808731586317],[-96.1912495908051,28.6943597088783],[-96.28794216043791,28.6831637185151],[-96.4879430888806,28.5696771929234],[-96.6495310489236,28.720444549051223],[-96.6117117735212,28.5878541637555],[-96.4039732006045,28.442450108152798],[-96.6726768312536,28.3355793470835],[-96.8539675619132,28.417346883556],[-96.810037054624,28.217086296726897],[-96.96275456973768,28.123364584972098],[-96.9289647961501,28.193507215193],[-96.9420518316821,28.2482348183271],[-96.98077788311488,28.1301845600012],[-97.017539,28.202876],[-97.14491512815229,28.136281917549002],[-97.239364,28.061396],[-97.1302824712154,28.031814714086398],[-97.02280574684609,28.1075884279398],[-97.1968523958537,27.8220908364009],[-97.4802264246757,27.8559211849906],[-97.2539551501978,27.6966958453238],[-97.4049958636389,27.329976512449],[-97.5469812818603,27.2907905560398],[-97.4934919197831,27.3779469554446],[-97.60906808640779,27.2851925707202],[-97.6897974527641,27.3725931681815],[-97.6289155131113,27.2429531731522],[-97.42407988074301,27.2640728916601],[-97.5632662865806,26.8421878869434],[-97.4716627904767,26.758726925251],[-97.44138270904479,26.4554175418442],[-97.3910007869273,26.3322617292103],[-97.3304406930972,26.350582427938],[-97.29507155416209,26.1083420575485],[-97.1996512529116,26.077044196913896],[-97.2169541255922,25.9938376935824],[-97.15200899999999,26.062108],[-97.146294,25.955606],[-97.350398,25.925241],[-97.37286399999999,25.840117],[-97.6491755187239,26.021499311673498],[-98.197046,26.056153],[-98.450975699347,26.219903961344297],[-98.66939699999999,26.23632],[-98.80734799999999,26.369421],[-99.08200199999999,26.39651],[-99.268613,26.843213],[-99.446524,27.023007999999997],[-99.42634799999999,27.176261999999998],[-99.53777099999999,27.316073],[-99.512219,27.568094],[-99.841708,27.766464],[-99.931812,27.980967],[-100.293468,28.278475],[-100.333814,28.499252],[-100.500354,28.661959999999997],[-100.757822,29.238325],[-101.254895,29.520342],[-101.242022713083,29.5925118508315],[-101.415402087456,29.756561346443696],[-102.115682,29.792389999999997],[-102.89363352939351,30.281749999455844],[-102.320692921451,29.8788571412597],[-102.386677616884,29.7668798903897],[-102.67719193715301,29.738261067251397]]],[[[-100.000399,36.055676999999996],[-101.085716,36.057572],[-101.085156,36.499244],[-100.000406,36.499702],[-100.000399,36.055676999999996]]],[[[-96.834004,33.405504],[-96.295413,33.351936],[-96.29722699999999,32.981752],[-96.84397899999999,32.987553999999996],[-96.834004,33.405504]]]]}},{"type":"Feature","id":"UT","properties":{"STUSPS":"UT","STATE_FIPS":"49"},"geometry":{"type":"Polygon","coordinates":[[[-114.0506,37.000395999999995],[-114.041723,41.993719999999996],[-111.046689,42.001567],[-111.046723,40.997959],[-109.050076,41.000659],[-109.045223,36.999083999999996],[-114.0506,37.000395999999995]]]}},{"type":"Feature","id":"VA","properties":{"STUSPS":"VA","STATE_FIPS":"51"},"geometry":{"type":"MultiPolygon","coordinates":[[[[-83.67541299999999,36.600814],[-83.127833,36.750828],[-83.07258999999999,36.854589],[-82.8783615743726,36.8932176332157],[-82.72209699999999,37.120168],[-81.96829699999999,37.537797999999995],[-81.928497,37.360645],[-81.67820999999999,37.201482999999996],[-81.362156,37.337686999999995],[-81.22754512328535,37.23670526994379],[-81.014489,37.275385],[-80.849451,37.346909],[-80.859556,37.429567999999996],[-80.770082,37.372363],[-80.511391,37.481671999999996],[-80.43336099999999,37.314901],[-80.475601,37.422948999999996],[-80.29978899999999,37.508271],[-80.328504,37.564315],[-80.22158504751808,37.62741229699482],[-80.296138,37.691783],[-79.725597,38.363828],[-79.649075,38.591515],[-79.282971,38.418095],[-78.993997,38.850102],[-78.86917413765771,38.7631429608829],[-78.403697,39.167451],[-78.347087,39.466012],[-77.83308022177785,39.13550564816449],[-77.71902899999999,39.321124999999995],[-77.56659599999999,39.306121],[-77.46021,39.228359],[-77.52672799999999,39.137315],[-77.0706217017928,38.9007628339105],[-77.045498,38.714315],[-77.246704,38.635217],[-77.30366165332903,38.34225322120185],[-77.043526,38.400548],[-77.044799,38.260407],[-76.613939,38.148587],[-76.23672499999999,37.889174],[-76.33989199999999,37.655966],[-76.28036999999999,37.613715],[-76.36232,37.610368],[-76.510187,37.642323999999995],[-76.584289,37.76889],[-76.787018,37.898768],[-76.681901,37.778118],[-76.751072,37.728605],[-76.6833585934644,37.7702575365395],[-76.542666,37.616856999999996],[-76.300144,37.561734],[-76.35508448147058,37.527364175814895],[-76.252415,37.447274],[-76.27555199999999,37.309964],[-76.407336,37.412721999999995],[-76.44533299999999,37.36646],[-76.34948899999999,37.273962999999995],[-76.53468440641235,37.26363556534193],[-76.2872356344809,37.1174527389092],[-76.304272,37.001377999999995],[-76.42886899999999,36.969947],[-76.64108499999999,37.216001999999996],[-76.97312162055447,37.249615712939615],[-76.73031999999999,37.145395],[-76.66988599999999,37.183571],[-76.66255799999999,37.045747999999996],[-76.469914,36.882898],[-76.285063,36.968747],[-75.996252,36.922047],[-75.86704399999999,36.550754],[-81.67753499999999,36.588117],[-81.610663,36.616913],[-81.6029997241311,36.63939703559333],[-83.67541299999999,36.600814]]],[[[-75.800755,37.197297],[-75.97553573185179,37.0856685567588],[-76.02347499999999,37.289066999999996],[-75.818125,37.791698],[-75.689837,37.861816999999995],[-75.757694,37.903912],[-75.624341,37.994211],[-75.242266,38.027209],[-75.359036,37.864143],[-75.514921,37.799149],[-75.800755,37.197297]]]]}},{"type":"Feature","id":"VT","properties":{"STUSPS":"VT","STATE_FIPS":"50"},"geometry":{"type":"Polygon","coordinates":[[[-72.555415,42.875428],[-72.458519,42.726853],[-73.276421,42.746019],[-73.24158899999999,43.534973],[-73.30255199999999,43.625707999999996],[-73.430947,43.587036],[-73.350593,43.771938999999996],[-73.43773999999999,44.045006],[-73.293613,44.440559],[-73.390231,44.618353],[-73.35463299999999,44.987352],[-71.46455499999999,45.013636999999996],[-71.53698,44.994177],[-71.4946268144092,44.9087397369886],[-71.631883,44.752463],[-71.536251,44.588440999999996],[-71.577643,44.502691999999996],[-72.067774,44.270976],[-72.031898,44.076240999999996],[-72.39608274122149,43.519889289188],[-72.44376199999999,43.006245],[-72.555415,42.875428]]]}},{"type":"Feature","id":"WA","properties":{"STUSPS":"WA","STATE_FIPS":"53"},"geometry":{"type":"MultiPolygon","coordinates":[[[[-123.72606,46.385625999999995],[-123.766682,46.273499],[-124.082187,46.269158999999995],[-124.069050186786,46.6472578714198],[-124.026032,46.462978],[-123.943667,46.477197],[-123.894254,46.537028],[-123.960642,46.636364],[-123.84621,46.716795],[-124.092176,46.741623999999995],[-124.138225,46.905533999999996],[-124.06806960789201,46.8629924472989],[-123.86018,46.948555999999996],[-124.122057,47.04165],[-124.180111,46.926356999999996],[-124.182802,47.134040999999996],[-124.43054599999999,47.746249],[-124.672427,47.964414],[-124.73317399999999,48.163393],[-124.65894,48.331057],[-124.73182800000001,48.381156999999995],[-124.050734,48.177747],[-123.395048,48.114242999999995],[-123.100656373824,48.1860576336805],[-123.14322899999999,48.156633],[-122.917942,48.091535],[-122.871992335954,47.9934931978043],[-122.876282,48.110876999999995],[-122.7604475,48.14324],[-122.748531647139,48.0301384561882],[-122.68724,48.101662],[-122.718082,47.987739],[-122.610341,47.887343],[-122.811928628057,47.6798609251436],[-122.812616043131,47.840028637272695],[-123.155979872352,47.3557447179807],[-122.573672,47.857582],[-122.61195599999999,47.940771999999996],[-122.527593,47.905882],[-122.471844,47.749818999999995],[-122.55445399999999,47.745703999999996],[-122.479089,47.583653999999996],[-122.54311799999999,47.556326],[-122.494882,47.510265],[-122.575985,47.32642],[-122.547521443695,47.2853439473974],[-122.69737792972201,47.2839691172503],[-122.671486275,47.3668762009238],[-122.771618757661,47.1671085547527],[-122.832798699204,47.24341162791279],[-122.79569413950401,47.3059619991746],[-122.800066,47.520146999999994],[-122.863732377513,47.27022081578],[-122.85931276224917,47.16771405542532],[-122.678130307663,47.1038663679892],[-122.590828593327,47.178107195928796],[-122.527586406563,47.291530683059],[-122.54740799999999,47.317733999999994],[-122.44420000000001,47.266723],[-122.324833,47.348521],[-122.421139,47.57602],[-122.339513,47.599112999999996],[-122.429841,47.658919],[-122.307048,47.949117],[-122.226346,47.976417],[-122.39369353863177,48.23435829710798],[-122.475803,48.166792],[-122.358375,48.056132999999996],[-122.53721999999999,48.183744999999995],[-122.530996,48.249821],[-122.3944046931469,48.2354096593866],[-122.37821014506501,48.29759],[-122.71297364597301,48.4786265486576],[-122.469634,48.472187],[-122.56028721563901,48.5831645990651],[-122.425271,48.599522],[-122.535803,48.776128],[-122.605733,48.701066],[-122.67347193931501,48.7330816598765],[-122.646777,48.785011],[-122.79317499999999,48.892927],[-122.746596,48.930730999999994],[-122.818232,48.939062],[-122.75802,49.002356999999996],[-117.032351,48.999188],[-117.06263,46.352522],[-116.92187,46.167808],[-116.982479,46.089389],[-116.917503808251,45.995465820747796],[-118.98317688481829,45.999858719758016],[-119.571584,45.925456],[-120.210754,45.725950999999995],[-120.634968,45.745847],[-121.167852,45.606097999999996],[-121.33777,45.704949],[-121.811304,45.706761],[-122.331502,45.548241],[-122.76381,45.657137999999996],[-122.904119,46.083734],[-123.115904,46.185268],[-123.371433,46.146372],[-123.47964400000001,46.269130999999994],[-123.72791268534701,46.289661390741294],[-123.72606,46.385625999999995]]],[[[-122.52542199999999,48.096537],[-122.3773,47.905941],[-122.546824,47.967214999999996],[-122.609568,48.15186],[-122.770045,48.224395],[-122.664659,48.401508],[-122.504729,48.300373],[-122.732325677084,48.2294584984516],[-122.60640599999999,48.208262],[-122.541524631518,48.0177451674454],[-122.52542199999999,48.096537]]]]}},{"type":"Feature","id":"WI","properties":{"STUSPS":"WI","STATE_FIPS":"55"},"geometry":{"type":"MultiPolygon","coordinates":[[[[-91.053733,42.738237999999996],[-91.177932,43.128875],[-91.057918,43.255365999999995],[-91.20662,43.352523999999995],[-91.277695,43.837741],[-91.4353407223003,43.998645998437894],[-91.875158,44.200575],[-91.970266,44.365842],[-92.36151799999999,44.558935],[-92.54805999999999,44.567792],[-92.807988,44.75147],[-92.76101299999999,45.289027999999995],[-92.652698,45.454527],[-92.883749,45.575483],[-92.869193,45.717568],[-92.721128,45.883804999999995],[-92.2940330005466,46.0743770663164],[-92.292192,46.666042],[-92.11659,46.748639999999995],[-91.790132,46.694675],[-90.837716,46.957437999999996],[-90.750858,46.893035],[-90.927387,46.58513170676979],[-90.73725999999999,46.692267],[-90.216594,46.501759],[-90.121248,46.337216999999995],[-88.6636973347208,45.9890838890868],[-88.191991,45.95274],[-88.102908,45.921869],[-88.09404699999999,45.785658],[-87.780808,45.680349],[-87.888052,45.354696999999994],[-87.657349,45.368752],[-87.736104,45.172244],[-87.5871473989377,45.0894947849937],[-87.630298,44.976865],[-87.839028,44.931718],[-87.9899118783703,44.6775870691126],[-88.1202944527103,44.67476285019625],[-87.99008078037379,44.6697911200533],[-88.042414,44.566589],[-87.970702,44.530291999999996],[-87.748409,44.667122],[-87.3732278394504,44.675593173238596],[-87.54294983083639,44.3275125244136],[-87.512903,44.192808],[-87.65139485346289,44.0919369931448],[-87.7313223858007,43.8921842757007],[-87.706204,43.679542],[-87.7943205824754,43.543034],[-88.400426,43.543532],[-88.40104099999999,43.630933],[-89.785809,43.641048999999995],[-89.00684799999999,43.633044999999996],[-89.01348899999999,42.847347],[-89.36897155104312,42.84504538245869],[-88.777076,42.842694],[-87.8270210768063,42.8422224134625],[-87.75616964875701,42.780067952813596],[-87.800477,42.49192],[-90.64092699999999,42.508302],[-90.709204,42.636078],[-91.053733,42.738237999999996]]],[[[-89.00684799999999,43.633044999999996],[-88.40104099999999,43.630933],[-88.40122676199816,43.52762551337443],[-87.7943205824754,43.543034],[-87.91178699999999,43.250406],[-87.8270210768063,42.8422224134625],[-89.01348899999999,42.847347],[-89.00891999999999,43.197721],[-89.00684799999999,43.633044999999996]]],[[[-87.410015,44.86199],[-87.238224,45.167259],[-86.97778,45.290684],[-87.3732278394504,44.675593173238596],[-87.7360584417798,44.6770254546693],[-87.610063,44.838384],[-87.410015,44.86199]]]]}},{"type":"Feature","id":"WV","properties":{"STUSPS":"WV","STATE_FIPS":"54"},"geometry":{"type":"MultiPolygon","coordinates":[[[[-81.941968,37.512305999999995],[-82.30395299999999,37.67576],[-82.501862,37.9332],[-82.46425699999999,37.983412],[-82.644739,38.165487],[-82.57465599999999,38.263873],[-82.59628099999999,38.417681],[-82.323999,38.449268],[-82.245969,38.598483],[-82.05805651075079,38.47644947348283],[-82.21896699999999,38.591682999999996],[-82.221566,38.787186999999996],[-82.04110854404139,39.018657067357495],[-81.93318599999999,38.987659],[-81.928,38.893491999999995],[-81.791265,38.733104],[-81.910606,38.875969999999995],[-81.762659,38.924121],[-81.80785499999999,39.083977999999995],[-81.69206,39.263227],[-81.570247,39.267675],[-81.467744,39.403774],[-81.435642,39.408474],[-81.363638,39.320502],[-81.32803799999999,39.322144],[-80.83346277006619,39.72081235044139],[-79.47666199999999,39.721078],[-79.48713097502957,39.197109434484474],[-79.48653613169986,39.19655558115485],[-79.09805868220579,39.4720732651199],[-78.956751,39.440264],[-78.76584,39.648486999999996],[-78.72501,39.563973],[-78.468639,39.516788999999996],[-78.43025,39.62329],[-78.176625,39.695966999999996],[-77.833568,39.602936],[-77.88894499999999,39.555949999999996],[-77.77095,39.499086999999996],[-77.71902899999999,39.321124999999995],[-77.82815699999999,39.132329],[-78.347087,39.466012],[-78.403697,39.167451],[-78.869276,38.762991],[-78.99130390912201,38.848221018934495],[-79.312276,38.411876],[-79.649875,38.593215],[-79.788945,38.268702999999995],[-80.31120260892193,37.690202599616555],[-80.220984,37.627767],[-80.3282429171589,37.5640220738356],[-80.29978899999999,37.508271],[-80.475601,37.422948999999996],[-80.511391,37.481671999999996],[-80.770082,37.372363],[-80.85976177742432,37.42917557303516],[-80.849451,37.346909],[-81.225104,37.234874],[-81.362156,37.337686999999995],[-81.31246474410769,37.4226960421121],[-81.416663,37.273213999999996],[-81.67820999999999,37.201482999999996],[-81.928497,37.360645],[-81.996578,37.476704999999995],[-81.941968,37.512305999999995]]],[[[-80.869092,39.766363999999996],[-80.59989499999999,40.317668999999995],[-80.632196,40.393667],[-80.5179873274459,40.3996439826186],[-80.519342,39.721402999999995],[-80.869092,39.766363999999996]]],[[[-80.62717099999999,40.619935999999996],[-80.518991,40.638801],[-80.5179873274459,40.3996439826186],[-80.6296993745958,40.395006652655894],[-80.62717099999999,40.619935999999996]]]]}},{"type":"Feature","id":"WY","properties":{"STUSPS":"WY","STATE_FIPS":"56"},"geometry":{"type":"Polygon","coordinates":[[[-111.046723,40.997959],[-111.055199,45.001321],[-104.057698,44.997431],[-104.053249,41.001405999999996],[-111.046723,40.997959]]]}}]}