Ticker,As Of Date,Filing Date,Form,Category,Amount,Confidence,Accepted,Source URL,Label,Excerpt,Method,Original Accepted,Original Amount,Original Category,Review Status,Review Reason,Review Row
MSFT,2014-06-30,2014-07-31,10-K,Purchase or Contractual Commitments,2000000000.0,High,False,https://www.sec.gov/Archives/edgar/data/789019/000119312514289961/d722626d10k.htm,"NOTE 3 — OTHER INCOME (EXPENSE) The components of other income (expense) were as follows: Following are details of net recognized gains (losses) on investments during the periods reported: 65 Table of Contents PART II Item 8 NOTE 4 — INVESTMENTS Investment Components The components of investments, i","NOTE 3 — OTHER INCOME (EXPENSE) The components of other income (expense) were as follows: Following are details of net recognized gains (losses) on investments during the periods reported: 65 Table of Contents PART II Item 8 NOTE 4 — INVESTMENTS Investment Components The components of investments, including associated derivatives, but excluding held-to-maturity investments, were as follows: In addition to the investments in the table above, we also own corporate notes that were purchased in connection with our agreement to lend $2.0 billion to the group that completed their acquisition of Dell on October 29, 2013.",Explicit narrative amount,True,2000000000.0,Purchase or Contractual Commitments,Rejected,"Rejected: investment/loan asset, not a company payment obligation.",0
MSFT,2014-06-30,2014-07-31,10-K,Purchase or Contractual Commitments,880000000,Medium,True,https://www.sec.gov/Archives/edgar/data/789019/000119312514289961/d722626d10k.htm,Construction commitments (b),"Contractual Obligations The following table summarizes the payments due by fiscal year for our outstanding contractual obligations as of June 30, 2014: | Construction commitments (b) | | | 880 | | | | 0 | | | | 0 | | | | 0 | | | | 880 |",First table amount; review required,False,880.0,Purchase or Contractual Commitments,Accepted — amount corrected,Accepted: contractual-obligations table total; corrected from the extractor's first-period value.,1
MSFT,2014-06-30,2014-07-31,10-K,Purchase or Contractual Commitments,14774000000,Medium,True,https://www.sec.gov/Archives/edgar/data/789019/000119312514289961/d722626d10k.htm,Purchase commitments (d),"Contractual Obligations The following table summarizes the payments due by fiscal year for our outstanding contractual obligations as of June 30, 2014: | Purchase commitments (d) | | | 12,995 | | | | 969 | | | | 657 | | | | 153 | | | | 14,774 |",First table amount; review required,False,12995.0,Purchase or Contractual Commitments,Accepted — amount corrected,Accepted: contractual-obligations table total; corrected from the extractor's first-period value.,2
MSFT,2015-06-30,2015-07-31,10-K,Purchase or Contractual Commitments,681000000,Medium,True,https://www.sec.gov/Archives/edgar/data/789019/000119312515272806/d918813d10k.htm,Construction commitments (b),"Contractual Obligations The following table summarizes the payments due by fiscal year for our outstanding contractual obligations as of June 30, 2015: | Construction commitments (b) | | | 681 | | | | 0 | | | | 0 | | | | 0 | | | | 681 |",First table amount; review required,False,681.0,Purchase or Contractual Commitments,Accepted — amount corrected,Accepted: contractual-obligations table total; corrected from the extractor's first-period value.,3
MSFT,2015-06-30,2015-07-31,10-K,Purchase or Contractual Commitments,14432000000,Medium,True,https://www.sec.gov/Archives/edgar/data/789019/000119312515272806/d918813d10k.htm,Purchase commitments (d),"Contractual Obligations The following table summarizes the payments due by fiscal year for our outstanding contractual obligations as of June 30, 2015: | Purchase commitments (d) | | | 13,018 | | | | 989 | | | | 164 | | | | 261 | | | | 14,432 |",First table amount; review required,False,13018.0,Purchase or Contractual Commitments,Accepted — amount corrected,Accepted: contractual-obligations table total; corrected from the extractor's first-period value.,4
MSFT,2016-06-30,2016-07-28,10-K,Purchase or Contractual Commitments,2000000000.0,High,False,https://www.sec.gov/Archives/edgar/data/789019/000119312516662209/d187868d10k.htm,"NOTE 16 — COMMITMENTS Construction and Operating Lease Commitments We have committed $2.0 billion for constructing new buildings, building improvements, and leasehold improvements as of June 30, 2016.","NOTE 16 — COMMITMENTS Construction and Operating Lease Commitments We have committed $2.0 billion for constructing new buildings, building improvements, and leasehold improvements as of June 30, 2016.",Explicit narrative amount,True,2000000000.0,Purchase or Contractual Commitments,Rejected,Rejected: rounded narrative duplicate of the exact construction-commitment table total.,5
MSFT,2016-06-30,2016-07-28,10-K,Purchase or Contractual Commitments,1971000000,Medium,True,https://www.sec.gov/Archives/edgar/data/789019/000119312516662209/d187868d10k.htm,Construction commitments (b),"Contractual Obligations The following table summarizes the payments due by fiscal year for our outstanding contractual obligations as of June 30, 2016: | Construction commitments (b) | | | 1,809 | | | | 162 | | | | 0 | | | | 0 | | | | 1,971 |",First table amount; review required,False,1809.0,Purchase or Contractual Commitments,Accepted — amount corrected,Accepted: contractual-obligations table total; corrected from the extractor's first-period value.,6
MSFT,2016-06-30,2016-07-28,10-K,Purchase or Contractual Commitments,19078000000,Medium,True,https://www.sec.gov/Archives/edgar/data/789019/000119312516662209/d187868d10k.htm,Purchase commitments (d),"Contractual Obligations The following table summarizes the payments due by fiscal year for our outstanding contractual obligations as of June 30, 2016: | Purchase commitments (d) | | | 13,214 | | | | 1,102 | | | | 758 | | | | 4,004 | | | | 19,078 |",First table amount; review required,False,13214.0,Purchase or Contractual Commitments,Accepted — amount corrected,Accepted: contractual-obligations table total; corrected from the extractor's first-period value.,7
MSFT,2017-06-30,2017-08-02,10-K,Uncommenced Leases,3200000000,High,True,https://www.sec.gov/Archives/edgar/data/789019/000156459017014900/msft-10k_20170630.htm,"Future minimum lease payments under non-cancellable capital leases as of June 30, 2017 were as follows: As of June 30, 2017, we had additional purchase obligations for capital leases executed but not yet recorded of $3.2 billion.","Future minimum lease payments under non-cancellable capital leases as of June 30, 2017 were as follows: As of June 30, 2017, we had additional purchase obligations for capital leases executed but not yet recorded of $3.2 billion.",Explicit narrative amount,True,3200000000.0,Purchase or Contractual Commitments,Accepted — reclassified,Accepted: executed capital leases not yet recorded; reclassified as uncommenced lease obligations.,8
MSFT,2017-06-30,2017-08-02,10-K,Purchase or Contractual Commitments,1067000000,Medium,True,https://www.sec.gov/Archives/edgar/data/789019/000156459017014900/msft-10k_20170630.htm,Construction commitments (b),"We provide indemnifications of varying scope and size to certain customers against claims of intellectual property infringement made by third parties arising from the use of our products and certain other matters. Additionally, we have agreed to cover damages resulting from breaches of certain security and privacy commitments in our cloud business. In evaluating estimated losses on these indemnifications, we consider factors such as the degree of probability of an unfavorable outcome and our ability to make a reasonable estimate of the amount of loss. These obligations did not have a material impact on our consolidated financial statements during the periods presented. Contractual Obligations The following table summarizes the payments due by fiscal year for our outstanding contractual obligations as of June 30, 2017: (In millions) 2018 2019-2020 2021-2022 Thereafter Total Long-term debt: (a) Principal payments $ 1,050 $ 9,518 $ 11,746 $ 55,523 $ 77,837 Interest payments 2,402 4,672 4,301 33,179 44,554 Construction commitments (b) 1,067 0 0 0 1,067 Operating leases (b) 1,292 2,335 1,657 2,588 7,872 Capital leases, including imputed interest (b) 334 835 866 4,612 6,647 Purchase comm",First table amount; review required,False,1067000000.0,Purchase or Contractual Commitments,Accepted,Accepted: contractual-obligations table total; corrected from the extractor's first-period value.,9
MSFT,2017-06-30,2017-08-02,10-K,Purchase or Contractual Commitments,17203000000,Medium,True,https://www.sec.gov/Archives/edgar/data/789019/000156459017014900/msft-10k_20170630.htm,Purchase commitments (c),"We provide indemnifications of varying scope and size to certain customers against claims of intellectual property infringement made by third parties arising from the use of our products and certain other matters. Additionally, we have agreed to cover damages resulting from breaches of certain security and privacy commitments in our cloud business. In evaluating estimated losses on these indemnifications, we consider factors such as the degree of probability of an unfavorable outcome and our ability to make a reasonable estimate of the amount of loss. These obligations did not have a material impact on our consolidated financial statements during the periods presented. Contractual Obligations The following table summarizes the payments due by fiscal year for our outstanding contractual obligations as of June 30, 2017: (In millions) 2018 2019-2020 2021-2022 Thereafter Total Long-term debt: (a) Principal payments $ 1,050 $ 9,518 $ 11,746 $ 55,523 $ 77,837 Interest payments 2,402 4,672 4,301 33,179 44,554 Construction commitments (b) 1,067 0 0 0 1,067 Operating leases (b) 1,292 2,335 1,657 2,588 7,872 Capital leases, including imputed interest (b) 334 835 866 4,612 6,647 Purchase comm",First table amount; review required,False,16002000000.0,Purchase or Contractual Commitments,Accepted — amount corrected,Accepted: contractual-obligations table total; corrected from the extractor's first-period value.,10
MSFT,2018-06-30,2018-08-03,10-K,Purchase or Contractual Commitments,1900000000,Medium,True,https://www.sec.gov/Archives/edgar/data/789019/000156459018019062/msft-10k_20180630.htm,Construction commitments (b),"We provide indemnifications of varying scope and size to certain customers against claims of intellectual property infringement made by third parties arising from the use of our products and certain other matters. Additionally, we have agreed to cover damages resulting from breaches of certain security and privacy commitments in our cloud business. In evaluating estimated losses on these obligations, we consider factors such as the degree of probability of an unfavorable outcome and our ability to make a reasonable estimate of the amount of loss. These obligations did not have a material impact in our consolidated financial statements during the periods presented. Contractual Obligations The following table summarizes the payments due by fiscal year for our outstanding contractual obligations as of June 30, 2018: (In millions) 2019 2020-2021 2022-2023 Thereafter Total Long-term debt: (a) Principal payments $ 4,000 $ 9,268 $ 10,794 $ 52,836 $ 76,898 Interest payments 2,377 4,495 4,066 31,247 42,185 Construction commitments (b) 1,793 107 0 0 1,900 Operating leases, including imputed interest ( c ) 1,538 2,567 1,778 2,416 8,299 Finance leases, including imputed interest ( c ) 470 1,10",First table amount; review required,False,1793000000.0,Purchase or Contractual Commitments,Accepted — amount corrected,Accepted: contractual-obligations table total; corrected from the extractor's first-period value.,11
MSFT,2018-06-30,2018-08-03,10-K,Purchase or Contractual Commitments,20858000000,Medium,True,https://www.sec.gov/Archives/edgar/data/789019/000156459018019062/msft-10k_20180630.htm,Purchase commitments ( e ),"We provide indemnifications of varying scope and size to certain customers against claims of intellectual property infringement made by third parties arising from the use of our products and certain other matters. Additionally, we have agreed to cover damages resulting from breaches of certain security and privacy commitments in our cloud business. In evaluating estimated losses on these obligations, we consider factors such as the degree of probability of an unfavorable outcome and our ability to make a reasonable estimate of the amount of loss. These obligations did not have a material impact in our consolidated financial statements during the periods presented. Contractual Obligations The following table summarizes the payments due by fiscal year for our outstanding contractual obligations as of June 30, 2018: (In millions) 2019 2020-2021 2022-2023 Thereafter Total Long-term debt: (a) Principal payments $ 4,000 $ 9,268 $ 10,794 $ 52,836 $ 76,898 Interest payments 2,377 4,495 4,066 31,247 42,185 Construction commitments (b) 1,793 107 0 0 1,900 Operating leases, including imputed interest ( c ) 1,538 2,567 1,778 2,416 8,299 Finance leases, including imputed interest ( c ) 470 1,10",First table amount; review required,False,19321000000.0,Purchase or Contractual Commitments,Accepted — amount corrected,Accepted: contractual-obligations table total; corrected from the extractor's first-period value.,12
MSFT,2019-06-30,2019-08-01,10-K,Purchase or Contractual Commitments,3958000000,Medium,True,https://www.sec.gov/Archives/edgar/data/789019/000156459019027952/msft-10k_20190630.htm,Construction commitments (b),"We provide indemnifications of varying scope and size to certain customers against claims of intellectual property infringement made by third parties arising from the use of our products and certain other matters. Additionally, we have agreed to cover damages resulting from breaches of certain security and privacy commitments in our cloud business. In evaluating estimated losses on these obligations, we consider factors such as the degree of probability of an unfavorable outcome and our ability to make a reasonable estimate of the amount of loss. These obligations did not have a material impact on our consolidated financial statements during the periods presented. Contractual Obligations The following table summarizes the payments due by fiscal year for our outstanding contractual obligations as of June 30, 2019: (In millions) 2020 2021-2022 2023-2024 Thereafter Total Long-term debt: (a) Principal payments $ 5,518 $ 11,744 $ 8,000 $ 47,519 $ 72,781 Interest payments 2,299 4,309 3,818 29,383 39,809 Construction commitments (b) 3,443 515 0 0 3,958 Operating leases, including imputed interest (c) 1,790 3,144 2,413 3,645 10,992 Finance leases, including imputed interest (c) 797 2,008 2",First table amount; review required,False,3443000000.0,Purchase or Contractual Commitments,Accepted — amount corrected,Accepted: contractual-obligations table total; corrected from the extractor's first-period value.,13
MSFT,2019-06-30,2019-08-01,10-K,Purchase or Contractual Commitments,19161000000,Medium,True,https://www.sec.gov/Archives/edgar/data/789019/000156459019027952/msft-10k_20190630.htm,Purchase commitments (e),"We provide indemnifications of varying scope and size to certain customers against claims of intellectual property infringement made by third parties arising from the use of our products and certain other matters. Additionally, we have agreed to cover damages resulting from breaches of certain security and privacy commitments in our cloud business. In evaluating estimated losses on these obligations, we consider factors such as the degree of probability of an unfavorable outcome and our ability to make a reasonable estimate of the amount of loss. These obligations did not have a material impact on our consolidated financial statements during the periods presented. Contractual Obligations The following table summarizes the payments due by fiscal year for our outstanding contractual obligations as of June 30, 2019: (In millions) 2020 2021-2022 2023-2024 Thereafter Total Long-term debt: (a) Principal payments $ 5,518 $ 11,744 $ 8,000 $ 47,519 $ 72,781 Interest payments 2,299 4,309 3,818 29,383 39,809 Construction commitments (b) 3,443 515 0 0 3,958 Operating leases, including imputed interest (c) 1,790 3,144 2,413 3,645 10,992 Finance leases, including imputed interest (c) 797 2,008 2",First table amount; review required,False,17478000000.0,Purchase or Contractual Commitments,Accepted — amount corrected,Accepted: contractual-obligations table total; corrected from the extractor's first-period value.,14
MSFT,2020-06-30,2020-07-30,10-K,Purchase or Contractual Commitments,5041000000,Medium,True,https://www.sec.gov/Archives/edgar/data/789019/000156459020034944/msft-10k_20200630.htm,Construction commitments (b),"We provide indemnifications of varying scope and size to certain customers against claims of intellectual property infringement made by third parties arising from the use of our products and certain other matters. Additionally, we have agreed to cover damages resulting from breaches of certain security and privacy commitments in our cloud business. In evaluating estimated losses on these obligations, we consider factors such as the degree of probability of an unfavorable outcome and our ability to make a reasonable estimate of the amount of loss. These obligations did not have a material impact in our consolidated financial statements during the periods presented. Contractual Obligations The following table summarizes the payments due by fiscal year for our outstanding contractual obligations as of June 30, 2020: (In millions) 2021 2022-2023 2024-2025 Thereafter Total Long-term debt: (a) Principal payments $ 3,750 $ 10,716 $ 7,500 $ 45,441 $ 67,407 Interest payments 2,028 3,736 3,293 25,265 34,322 Construction commitments (b) 4,761 280 0 0 5,041 Operating leases, including imputed interest (c) 2,420 3,986 2,929 4,409 13,744 Finance leases, including imputed interest (c) 992 2,243 2",First table amount; review required,False,4761000000.0,Purchase or Contractual Commitments,Accepted — amount corrected,Accepted: contractual-obligations table total; corrected from the extractor's first-period value.,15
MSFT,2020-06-30,2020-07-30,10-K,Purchase or Contractual Commitments,27024000000,Medium,True,https://www.sec.gov/Archives/edgar/data/789019/000156459020034944/msft-10k_20200630.htm,Purchase commitments (e),"We provide indemnifications of varying scope and size to certain customers against claims of intellectual property infringement made by third parties arising from the use of our products and certain other matters. Additionally, we have agreed to cover damages resulting from breaches of certain security and privacy commitments in our cloud business. In evaluating estimated losses on these obligations, we consider factors such as the degree of probability of an unfavorable outcome and our ability to make a reasonable estimate of the amount of loss. These obligations did not have a material impact in our consolidated financial statements during the periods presented. Contractual Obligations The following table summarizes the payments due by fiscal year for our outstanding contractual obligations as of June 30, 2020: (In millions) 2021 2022-2023 2024-2025 Thereafter Total Long-term debt: (a) Principal payments $ 3,750 $ 10,716 $ 7,500 $ 45,441 $ 67,407 Interest payments 2,028 3,736 3,293 25,265 34,322 Construction commitments (b) 4,761 280 0 0 5,041 Operating leases, including imputed interest (c) 2,420 3,986 2,929 4,409 13,744 Finance leases, including imputed interest (c) 992 2,243 2",First table amount; review required,False,25059000000.0,Purchase or Contractual Commitments,Accepted — amount corrected,Accepted: contractual-obligations table total; corrected from the extractor's first-period value.,16
MSFT,2021-06-30,2021-07-29,10-K,Purchase or Contractual Commitments,9456000000,Medium,True,https://www.sec.gov/Archives/edgar/data/789019/000156459021039151/msft-10k_20210630.htm,Construction commitments (b),"Contractual Obligations Contractual Obligations The following table summarizes the payments due by fiscal year for our outstanding contractual obligations as of June 30, 2021: (In millions) 2022 2023-2024 2025-2026 Thereafter Total Long-term debt: (a) Principal payments $ 8,075 $ 8,000 $ 5,250 $ 42,585 $ 63,910 Interest payments 1,628 2,847 2,438 17,320 24,233 Construction commitments (b) 8,927 529 0 0 9,456 Operating leases, including imputed interest (c) 2,801 4,956 3,469 6,747 17,973 Finance leases, including imputed interest (c) 1,341 3,256 3,774 14,096 22,467 Transition tax (d) 1,427 4,105 8,030 0 13,562 Purchase commitments (e) 29,129 1,708 446 270 31,553 Other long-term liabilities (f) 0 365 68 263 696 Total $ 53,328 $ 25,766 $ 23,475 $ 81,281 $ 183,850 | Construction commitments (b) | | | 8,927 | | | | 529 | | | | 0 | | | | 0 | | | | 9,456 |",First table amount; review required,False,8927000000.0,Purchase or Contractual Commitments,Accepted — amount corrected,Accepted: contractual-obligations table total; corrected from the extractor's first-period value.,17
MSFT,2021-06-30,2021-07-29,10-K,Purchase or Contractual Commitments,31553000000,Medium,True,https://www.sec.gov/Archives/edgar/data/789019/000156459021039151/msft-10k_20210630.htm,Purchase commitments (e),"Contractual Obligations Contractual Obligations The following table summarizes the payments due by fiscal year for our outstanding contractual obligations as of June 30, 2021: (In millions) 2022 2023-2024 2025-2026 Thereafter Total Long-term debt: (a) Principal payments $ 8,075 $ 8,000 $ 5,250 $ 42,585 $ 63,910 Interest payments 1,628 2,847 2,438 17,320 24,233 Construction commitments (b) 8,927 529 0 0 9,456 Operating leases, including imputed interest (c) 2,801 4,956 3,469 6,747 17,973 Finance leases, including imputed interest (c) 1,341 3,256 3,774 14,096 22,467 Transition tax (d) 1,427 4,105 8,030 0 13,562 Purchase commitments (e) 29,129 1,708 446 270 31,553 Other long-term liabilities (f) 0 365 68 263 696 Total $ 53,328 $ 25,766 $ 23,475 $ 81,281 $ 183,850 | Purchase commitments (e) | | | 29,129 | | | | 1,708 | | | | 446 | | | | 270 | | | | 31,553 |",First table amount; review required,False,29129000000.0,Purchase or Contractual Commitments,Accepted — amount corrected,Accepted: contractual-obligations table total; corrected from the extractor's first-period value.,18
MSFT,2022-06-30,2022-07-28,10-K,Purchase or Contractual Commitments,8518000000,Medium,True,https://www.sec.gov/Archives/edgar/data/789019/000156459022026876/msft-10k_20220630.htm,Construction commitments (b),"Material Cash Requirements and Other Obligations Contractual Obligations The following table summarizes the payments due by fiscal year for our outstanding contractual obligations as of June 30, 2022: (In millions) 2023 Thereafter Total Long-term debt: (a) Principal payments $ 2,750 $ 52,761 $ 55,511 Interest payments 1,468 21,139 22,607 Construction commitments (b) 7,942 576 8,518 Operating and finance leases, including imputed interest (c) 4,609 44,045 48,654 Purchase commitments ( d ) 42,669 2,985 45,654 Total $ 59,438 $ 121,506 $ 180,944 | Construction commitments (b) | | | 7,942 | | | | 576 | | | | 8,518 |",First table amount; review required,False,7942000000.0,Purchase or Contractual Commitments,Accepted — amount corrected,Accepted: contractual-obligations table total; corrected from the extractor's first-period value.,19
MSFT,2022-06-30,2022-07-28,10-K,Purchase or Contractual Commitments,45654000000,Medium,True,https://www.sec.gov/Archives/edgar/data/789019/000156459022026876/msft-10k_20220630.htm,Purchase commitments ( d ),"Material Cash Requirements and Other Obligations Contractual Obligations The following table summarizes the payments due by fiscal year for our outstanding contractual obligations as of June 30, 2022: (In millions) 2023 Thereafter Total Long-term debt: (a) Principal payments $ 2,750 $ 52,761 $ 55,511 Interest payments 1,468 21,139 22,607 Construction commitments (b) 7,942 576 8,518 Operating and finance leases, including imputed interest (c) 4,609 44,045 48,654 Purchase commitments ( d ) 42,669 2,985 45,654 Total $ 59,438 $ 121,506 $ 180,944 | Purchase commitments ( d ) | | | 42,669 | | | | 2,985 | | | | 45,654 |",First table amount; review required,False,42669000000.0,Purchase or Contractual Commitments,Accepted — amount corrected,Accepted: contractual-obligations table total; corrected from the extractor's first-period value.,20
MSFT,2023-06-30,2023-07-27,10-K,Purchase or Contractual Commitments,13455000000,Medium,True,https://www.sec.gov/Archives/edgar/data/789019/000095017023035122/msft-20230630.htm,Construction commitments (b),"Contractual Obligations The following table summarizes the payments due by fiscal year for our outstanding contractual obligations as of June 30, 2023: The following table summarizes the payments due by fiscal year for our outstanding contractual obligations as of June 30, 2023: | Construction commitments (b) | | | 12,237 | | | | 1,218 | | | | 13,455 |",First table amount; review required,False,12237.0,Purchase or Contractual Commitments,Accepted — amount corrected,Accepted: contractual-obligations table total; corrected from the extractor's first-period value.,21
MSFT,2023-06-30,2023-07-27,10-K,Purchase or Contractual Commitments,67818000000,Medium,True,https://www.sec.gov/Archives/edgar/data/789019/000095017023035122/msft-20230630.htm,Purchase commitments (d),"Contractual Obligations The following table summarizes the payments due by fiscal year for our outstanding contractual obligations as of June 30, 2023: The following table summarizes the payments due by fiscal year for our outstanding contractual obligations as of June 30, 2023: | Purchase commitments (d) | | | 64,703 | | | | 3,115 | | | | 67,818 |",First table amount; review required,False,64703.0,Purchase or Contractual Commitments,Accepted — amount corrected,Accepted: contractual-obligations table total; corrected from the extractor's first-period value.,22
MSFT,2024-06-30,2024-07-30,10-K,Purchase or Contractual Commitments,35391000000,Medium,True,https://www.sec.gov/Archives/edgar/data/789019/000095017024087843/msft-20240630.htm,Construction commitments (b),"Contractual Obligations The following table summarizes the payments due by fiscal year for our outstanding contractual obligations as of June 30, 2024: The following table summarizes the payments due by fiscal year for our outstanding contractual obligations as of June 30, 2024: | Construction commitments (b) | | | 29,892 | | | | 5,499 | | | | 35,391 |",First table amount; review required,False,29892.0,Purchase or Contractual Commitments,Accepted — amount corrected,Accepted: contractual-obligations table total; corrected from the extractor's first-period value.,23
MSFT,2024-06-30,2024-07-30,10-K,Purchase or Contractual Commitments,72022000000,Medium,True,https://www.sec.gov/Archives/edgar/data/789019/000095017024087843/msft-20240630.htm,Purchase commitments (d),"Contractual Obligations The following table summarizes the payments due by fiscal year for our outstanding contractual obligations as of June 30, 2024: The following table summarizes the payments due by fiscal year for our outstanding contractual obligations as of June 30, 2024: | Purchase commitments (d) | | | 68,280 | | | | 3,742 | | | | 72,022 |",First table amount; review required,False,68280.0,Purchase or Contractual Commitments,Accepted — amount corrected,Accepted: contractual-obligations table total; corrected from the extractor's first-period value.,24
MSFT,2025-06-30,2025-07-30,10-K,Uncommenced Leases,92700000000,High,True,https://www.sec.gov/Archives/edgar/data/789019/000095017025100235/msft-20250630.htm,"The components of lease expense were as follows: Supplemental cash flow information related to leases was as follows: 77 PART II Item 8 Supplemental balance sheet information related to leases was as follows: The following table outlines maturities of our lease liabilities as of June 30, 2025: As of","The components of lease expense were as follows: Supplemental cash flow information related to leases was as follows: 77 PART II Item 8 Supplemental balance sheet information related to leases was as follows: The following table outlines maturities of our lease liabilities as of June 30, 2025: As of June 30, 2025, we had additional leases, primarily for datacenters, that had not yet commenced of $ 92.7 billion.",Explicit narrative amount,True,92700000000.0,Uncommenced Leases,Accepted,Accepted: explicit total obligations for leases not yet commenced.,25
MSFT,2025-06-30,2025-07-30,10-K,Purchase or Contractual Commitments,32149000000,Medium,True,https://www.sec.gov/Archives/edgar/data/789019/000095017025100235/msft-20250630.htm,Construction commitments (b),"Contractual Obligations The following table summarizes the payments due by fiscal year for our outstanding contractual obligations as of June 30, 2025: The following table summarizes the payments due by fiscal year for our outstanding contractual obligations as of June 30, 2025: | Construction commitments (b) | | | 26,859 | | | | 5,290 | | | | 32,149 |",First table amount; review required,False,26859.0,Purchase or Contractual Commitments,Accepted — amount corrected,Accepted: contractual-obligations table total; corrected from the extractor's first-period value.,26
MSFT,2025-06-30,2025-07-30,10-K,Purchase or Contractual Commitments,109953000000,Medium,True,https://www.sec.gov/Archives/edgar/data/789019/000095017025100235/msft-20250630.htm,Purchase commitments (d),"Contractual Obligations The following table summarizes the payments due by fiscal year for our outstanding contractual obligations as of June 30, 2025: The following table summarizes the payments due by fiscal year for our outstanding contractual obligations as of June 30, 2025: | Purchase commitments (d) | | | 103,940 | | | | 6,013 | | | | 109,953 |",First table amount; review required,False,103940.0,Purchase or Contractual Commitments,Accepted — amount corrected,Accepted: contractual-obligations table total; corrected from the extractor's first-period value.,27
MSFT,2025-09-30,2025-10-29,10-Q,Uncommenced Leases,106200000000,High,True,https://www.sec.gov/Archives/edgar/data/789019/000119312525256321/msft-20250930.htm,20 PART I Item 1 The components of lease expense were as follows: Supplemental cash flow information related to leases was as follows: Supplemental balance sheet information related to leases was as follows: 21 PART I Item 1 The following table outlines maturities of our lease liabilities as of Sept,"20 PART I Item 1 The components of lease expense were as follows: Supplemental cash flow information related to leases was as follows: Supplemental balance sheet information related to leases was as follows: 21 PART I Item 1 The following table outlines maturities of our lease liabilities as of September 30, 2025: As of September 30, 2025, we had additional leases, primarily for datacenters, that had not yet commenced of $ 106.2 billion.",Explicit narrative amount,True,106200000000.0,Uncommenced Leases,Accepted,Accepted: explicit total obligations for leases not yet commenced.,28
MSFT,2025-12-31,2026-01-28,10-Q,Uncommenced Leases,155100000000,High,True,https://www.sec.gov/Archives/edgar/data/789019/000119312526027207/msft-20251231.htm,"The components of lease expense were as follows: Supplemental cash flow information related to leases was as follows: 22 PART I Item 1 Supplemental balance sheet information related to leases was as follows: The following table outlines maturities of our lease liabilities as of December 31, 2025: As","The components of lease expense were as follows: Supplemental cash flow information related to leases was as follows: 22 PART I Item 1 Supplemental balance sheet information related to leases was as follows: The following table outlines maturities of our lease liabilities as of December 31, 2025: As of December 31, 2025, we had additional leases, primarily for datacenters, that had not yet commenced of $ 155.1 billion.",Explicit narrative amount,True,155100000000.0,Uncommenced Leases,Accepted,Accepted: explicit total obligations for leases not yet commenced.,29
MSFT,2026-03-31,2026-04-29,10-Q,Uncommenced Leases,196600000000,High,True,https://www.sec.gov/Archives/edgar/data/789019/000119312526191507/msft-20260331.htm,"The components of lease expense were as follows: Supplemental cash flow information related to leases was as follows: 22 PART I Item 1 Supplemental balance sheet information related to leases was as follows: The following table outlines maturities of our lease liabilities as of March 31, 2026: As of","The components of lease expense were as follows: Supplemental cash flow information related to leases was as follows: 22 PART I Item 1 Supplemental balance sheet information related to leases was as follows: The following table outlines maturities of our lease liabilities as of March 31, 2026: As of March 31, 2026, we had additional leases, primarily for datacenters, that had not yet commenced of $ 196.6 billion.",Explicit narrative amount,True,196600000000.0,Uncommenced Leases,Accepted,Accepted: explicit total obligations for leases not yet commenced.,30
AMZN,2013-12-31,2014-01-31,10-K,Purchase or Contractual Commitments,4400000000.0,High,False,https://www.sec.gov/Archives/edgar/data/1018724/000101872414000006/amzn-20131231x10k.htm,"Purchase obligations and open purchase orders, consisting of inventory and significant non-inventory commitments, were $4.4 billion as of December 31, 2013 .","Purchase obligations and open purchase orders, consisting of inventory and significant non-inventory commitments, were $4.4 billion as of December 31, 2013 .",Explicit narrative amount,True,4400000000.0,Purchase or Contractual Commitments,Rejected,Rejected: broader narrative includes open purchase orders; exact unconditional-obligation table total used instead.,31
AMZN,2013-12-31,2014-01-31,10-K,Purchase or Contractual Commitments,1098000000,Medium,True,https://www.sec.gov/Archives/edgar/data/1018724/000101872414000006/amzn-20131231x10k.htm,Unconditional purchase obligations (1),"Year Ended December 31, 2014 2015 2016 2017 2018 Thereafter Total Operating and capital commitments: Debt principal and interest $ 835 $ 906 $ 81 $ 1,081 $ 69 $ 1,375 $ 4,347 Capital leases, including interest 963 883 361 71 42 117 2,437 Financing lease obligations, including interest 49 48 52 52 53 529 783 Operating leases 752 654 604 539 470 2,116 5,135 Unconditional purchase obligations (1) 539 386 80 37 29 27 1,098 Other commitments (2) (3) 746 275 167 137 110 1,194 2,629 Total commitments $ 3,884 $ 3,152 $ 1,345 $ 1,917 $ 773 $ 5,358 $ 16,429 Year Ended December 31, 2014 2015 2016 2017 2018 Thereafter Total Operating and capital commitments: Debt principal and interest $ 835 $ 906 $ 81 $ 1,081 $ 69 $ 1,375 $ 4,347 Capital leases, including interest 963 883 361 71 42 117 2,437 Financing lease obligations, including interest 49 48 52 52 53 529 783 Operating leases 752 654 604 539 470 2,116 5,135 Unconditional purchase obligations (1) 539 386 80 37 29 27 1,098 Other commitments (2) (3) 746 275 167 137 110 1,194 2,629 Total commitments $ 3,884 $ 3,152 $ 1,345 $ 1,917 $ 773 $ 5,358 $ 16,429 | Unconditional purchase obligations (1) | 539 | | | 386 | | | 80 | | | 37 | | | 29 | | | 27",First table amount; review required,False,539.0,Purchase or Contractual Commitments,Accepted — amount corrected,Accepted: disclosed table total; corrected from the extractor's first-period value.,32
AMZN,2014-12-31,2015-01-30,10-K,Purchase or Contractual Commitments,4500000000.0,High,False,https://www.sec.gov/Archives/edgar/data/1018724/000101872415000006/amzn-20141231x10k.htm,"Purchase obligations and open purchase orders, consisting of inventory and significant non-inventory commitments, were $4.5 billion as of December 31, 2014 .","Purchase obligations and open purchase orders, consisting of inventory and significant non-inventory commitments, were $4.5 billion as of December 31, 2014 .",Explicit narrative amount,True,4500000000.0,Purchase or Contractual Commitments,Rejected,Rejected: broader narrative includes open purchase orders; exact unconditional-obligation table total used instead.,33
AMZN,2014-12-31,2015-01-30,10-K,Purchase or Contractual Commitments,170000000.0,High,False,https://www.sec.gov/Archives/edgar/data/1018724/000101872415000006/amzn-20141231x10k.htm,"See “Non-GAAP Financial Measures” and Item 8 of Part II, “Financial Statements and Supplementary Data—Note 1—Description of Business and Accounting Policies—Stock-Based Compensation.” We recorded charges related to Fire phone inventory valuation and supplier commitment costs, substantially all of wh","See “Non-GAAP Financial Measures” and Item 8 of Part II, “Financial Statements and Supplementary Data—Note 1—Description of Business and Accounting Policies—Stock-Based Compensation.” We recorded charges related to Fire phone inventory valuation and supplier commitment costs, substantially all of which, $170 million, was recorded during the third quarter of 2014.",Explicit narrative amount,True,170000000.0,Purchase or Contractual Commitments,Rejected,"Rejected: expense/charge disclosure, not an outstanding future obligation.",34
AMZN,2014-12-31,2015-01-30,10-K,Purchase or Contractual Commitments,1434000000,Medium,True,https://www.sec.gov/Archives/edgar/data/1018724/000101872415000006/amzn-20141231x10k.htm,Unconditional purchase obligations (1),"Year Ended December 31, 2015 2016 2017 2018 2019 Thereafter Total Operating and capital commitments: Debt principal and interest $ 1,842 $ 323 $ 1,322 $ 310 $ 1,272 $ 9,403 $ 14,472 Capital leases, including interest 2,060 1,727 1,030 178 89 98 5,182 Finance lease obligations, including interest 110 112 115 117 119 1,056 1,629 Operating leases 868 791 728 634 549 2,343 5,913 Unconditional purchase obligations (1) 489 435 351 118 38 3 1,434 Other commitments (2) (3) 928 333 160 140 90 845 2,496 Total commitments $ 6,297 $ 3,721 $ 3,706 $ 1,497 $ 2,157 $ 13,748 $ 31,126 Year Ended December 31, 2015 2016 2017 2018 2019 Thereafter Total Operating and capital commitments: Debt principal and interest $ 1,842 $ 323 $ 1,322 $ 310 $ 1,272 $ 9,403 $ 14,472 Capital leases, including interest 2,060 1,727 1,030 178 89 98 5,182 Finance lease obligations, including interest 110 112 115 117 119 1,056 1,629 Operating leases 868 791 728 634 549 2,343 5,913 Unconditional purchase obligations (1) 489 435 351 118 38 3 1,434 Other commitments (2) (3) 928 333 160 140 90 845 2,496 Total commitments $ 6,297 $ 3,721 $ 3,706 $ 1,497 $ 2,157 $ 13,748 $ 31,126 | Unconditional purchase obligations (1) | 489 | |",First table amount; review required,False,489.0,Purchase or Contractual Commitments,Accepted — amount corrected,Accepted: disclosed table total; corrected from the extractor's first-period value.,35
AMZN,2015-12-31,2016-01-29,10-K,Purchase or Contractual Commitments,6200000000.0,High,False,https://www.sec.gov/Archives/edgar/data/1018724/000101872416000172/amzn-20151231x10k.htm,"Purchase obligations and open purchase orders, consisting of inventory and significant non-inventory commitments, were $6.2 billion as of December 31, 2015 .","Purchase obligations and open purchase orders, consisting of inventory and significant non-inventory commitments, were $6.2 billion as of December 31, 2015 .",Explicit narrative amount,True,6200000000.0,Purchase or Contractual Commitments,Rejected,Rejected: broader narrative includes open purchase orders; exact unconditional-obligation table total used instead.,36
AMZN,2015-12-31,2016-01-29,10-K,Purchase or Contractual Commitments,170000000.0,High,False,https://www.sec.gov/Archives/edgar/data/1018724/000101872416000172/amzn-20151231x10k.htm,"See “Non-GAAP Financial Measures” and Item 8 of Part II, “Financial Statements and Supplementary Data—Note 1—Description of Business and Accounting Policies—Stock-Based Compensation.” In 2014, we recorded charges estimated at $170 million primarily related to Fire phone inventory valuation and suppl","See “Non-GAAP Financial Measures” and Item 8 of Part II, “Financial Statements and Supplementary Data—Note 1—Description of Business and Accounting Policies—Stock-Based Compensation.” In 2014, we recorded charges estimated at $170 million primarily related to Fire phone inventory valuation and supplier commitment costs, the majority of which was included in the North America segment.",Explicit narrative amount,True,170000000.0,Purchase or Contractual Commitments,Rejected,"Rejected: expense/charge disclosure, not an outstanding future obligation.",37
AMZN,2015-12-31,2016-01-29,10-K,Purchase or Contractual Commitments,1782000000,Medium,True,https://www.sec.gov/Archives/edgar/data/1018724/000101872416000172/amzn-20151231x10k.htm,Unconditional purchase obligations (1),"Year Ended December 31, 2016 2017 2018 2019 2020 Thereafter Total Debt principal and interest $ 526 $ 1,322 $ 310 $ 1,272 $ 246 $ 9,157 $ 12,833 Capital lease obligations, including interest 3,128 2,521 1,277 304 139 83 7,452 Finance lease obligations, including interest 166 168 172 176 178 1,530 2,390 Operating leases 1,181 897 800 698 616 2,325 6,517 Unconditional purchase obligations (1) 614 547 399 166 43 13 1,782 Other commitments (2) (3) 851 273 188 132 86 1,112 2,642 Total commitments $ 6,466 $ 5,728 $ 3,146 $ 2,748 $ 1,308 $ 14,220 $ 33,616 Year Ended December 31, 2016 2017 2018 2019 2020 Thereafter Total Debt principal and interest $ 526 $ 1,322 $ 310 $ 1,272 $ 246 $ 9,157 $ 12,833 Capital lease obligations, including interest 3,128 2,521 1,277 304 139 83 7,452 Finance lease obligations, including interest 166 168 172 176 178 1,530 2,390 Operating leases 1,181 897 800 698 616 2,325 6,517 Unconditional purchase obligations (1) 614 547 399 166 43 13 1,782 Other commitments (2) (3) 851 273 188 132 86 1,112 2,642 Total commitments $ 6,466 $ 5,728 $ 3,146 $ 2,748 $ 1,308 $ 14,220 $ 33,616 | Unconditional purchase obligations (1) | 614 | | | 547 | | | 399 | | | 166 | | | 43 | | ",First table amount; review required,False,614.0,Purchase or Contractual Commitments,Accepted — amount corrected,Accepted: disclosed table total; corrected from the extractor's first-period value.,38
AMZN,2016-12-31,2017-02-10,10-K,Purchase or Contractual Commitments,8500000000.0,High,False,https://www.sec.gov/Archives/edgar/data/1018724/000101872417000011/amzn-20161231x10k.htm,"Purchase obligations and open purchase orders, consisting of inventory and significant non-inventory commitments, were $8.5 billion as of December 31, 2016 .","Purchase obligations and open purchase orders, consisting of inventory and significant non-inventory commitments, were $8.5 billion as of December 31, 2016 .",Explicit narrative amount,True,8500000000.0,Purchase or Contractual Commitments,Rejected,Rejected: broader narrative includes open purchase orders; exact unconditional-obligation table total used instead.,39
AMZN,2016-12-31,2017-02-10,10-K,Purchase or Contractual Commitments,170000000.0,High,False,https://www.sec.gov/Archives/edgar/data/1018724/000101872417000011/amzn-20161231x10k.htm,"25 Table of Contents Supplemental information about products and services for our North America and International segments is as follows (in millions): _____________________________ 26 Table of Contents Operating Expenses Information about operating expenses is as follows (in millions): In 2014, we ","25 Table of Contents Supplemental information about products and services for our North America and International segments is as follows (in millions): _____________________________ 26 Table of Contents Operating Expenses Information about operating expenses is as follows (in millions): In 2014, we recorded charges estimated at $170 million primarily related to Fire phone inventory valuation and supplier commitment costs, the majority of which was included in our North America segment.",Explicit narrative amount,True,170000000.0,Purchase or Contractual Commitments,Rejected,"Rejected: expense/charge disclosure, not an outstanding future obligation.",40
AMZN,2016-12-31,2017-02-10,10-K,Purchase or Contractual Commitments,1710000000,Medium,True,https://www.sec.gov/Archives/edgar/data/1018724/000101872417000011/amzn-20161231x10k.htm,Unconditional purchase obligations (3),"Year Ended December 31, 2017 2018 2019 2020 2021 Thereafter Total Debt principal and interest $ 1,343 $ 312 $ 1,551 $ 463 $ 1,246 $ 7,911 $ 12,826 Capital lease obligations, including interest (1) 3,910 3,008 1,662 411 190 225 9,406 Finance lease obligations, including interest (2) 234 244 247 250 252 2,006 3,233 Operating leases 1,317 1,231 1,106 1,030 896 3,930 9,510 Unconditional purchase obligations (3) 655 590 303 96 43 23 1,710 Other commitments (4) (5) 1,025 824 621 493 365 3,071 6,399 Total commitments $ 8,484 $ 6,209 $ 5,490 $ 2,743 $ 2,992 $ 17,166 $ 43,084 Year Ended December 31, 2017 2018 2019 2020 2021 Thereafter Total Debt principal and interest $ 1,343 $ 312 $ 1,551 $ 463 $ 1,246 $ 7,911 $ 12,826 Capital lease obligations, including interest (1) 3,910 3,008 1,662 411 190 225 9,406 Finance lease obligations, including interest (2) 234 244 247 250 252 2,006 3,233 Operating leases 1,317 1,231 1,106 1,030 896 3,930 9,510 Unconditional purchase obligations (3) 655 590 303 96 43 23 1,710 Other commitments (4) (5) 1,025 824 621 493 365 3,071 6,399 Total commitments $ 8,484 $ 6,209 $ 5,490 $ 2,743 $ 2,992 $ 17,166 $ 43,084 | Unconditional purchase obligations (3) | 655 | | |",First table amount; review required,False,655.0,Purchase or Contractual Commitments,Accepted — amount corrected,Accepted: disclosed table total; corrected from the extractor's first-period value.,41
AMZN,2017-12-31,2018-02-02,10-K,Purchase or Contractual Commitments,13000000000.0,High,False,https://www.sec.gov/Archives/edgar/data/1018724/000101872418000005/amzn-20171231x10k.htm,"Additionally, purchase obligations and open purchase orders, consisting of inventory and significant non-inventory commitments, were $13.0 billion as of December 31, 2017 .","Additionally, purchase obligations and open purchase orders, consisting of inventory and significant non-inventory commitments, were $13.0 billion as of December 31, 2017 .",Explicit narrative amount,True,13000000000.0,Purchase or Contractual Commitments,Rejected,Rejected: broader narrative includes open purchase orders; exact unconditional-obligation table total used instead.,42
AMZN,2017-12-31,2018-02-02,10-K,Purchase or Contractual Commitments,24200000000,Medium,True,https://www.sec.gov/Archives/edgar/data/1018724/000101872418000005/amzn-20171231x10k.htm,Unconditional purchase obligations (3),"Year Ended December 31, 2018 2019 2020 2021 2022 Thereafter Total Debt principal and interest $ 967 $ 2,234 $ 2,111 $ 1,834 $ 2,050 $ 31,799 $ 40,995 Capital lease obligations, including interest (1) 6,084 4,788 2,590 557 262 530 14,811 Finance lease obligations, including interest (2) 445 460 466 476 472 3,946 6,265 Operating leases 2,427 2,376 2,258 2,039 1,813 11,935 22,848 Unconditional purchase obligations (3) 3,527 3,561 3,195 3,039 2,922 7,956 24,200 Other commitments (4) (5) 1,584 1,016 733 571 438 4,744 9,086 Total commitments $ 15,034 $ 14,435 $ 11,353 $ 8,516 $ 7,957 $ 60,910 $ 118,205 Year Ended December 31, 2018 2019 2020 2021 2022 Thereafter Total Debt principal and interest $ 967 $ 2,234 $ 2,111 $ 1,834 $ 2,050 $ 31,799 $ 40,995 Capital lease obligations, including interest (1) 6,084 4,788 2,590 557 262 530 14,811 Finance lease obligations, including interest (2) 445 460 466 476 472 3,946 6,265 Operating leases 2,427 2,376 2,258 2,039 1,813 11,935 22,848 Unconditional purchase obligations (3) 3,527 3,561 3,195 3,039 2,922 7,956 24,200 Other commitments (4) (5) 1,584 1,016 733 571 438 4,744 9,086 Total commitments $ 15,034 $ 14,435 $ 11,353 $ 8,516 $ 7,957 $ 60,910 $ ",First table amount; review required,False,3527.0,Purchase or Contractual Commitments,Accepted — amount corrected,Accepted: disclosed table total; corrected from the extractor's first-period value.,43
AMZN,2018-12-31,2019-02-01,10-K,Purchase or Contractual Commitments,13100000000.0,High,False,https://www.sec.gov/Archives/edgar/data/1018724/000101872419000004/amzn-20181231x10k.htm,"Additionally, purchase obligations and open purchase orders, consisting of inventory and significant non-inventory commitments, were $13.1 billion as of December 31, 2018 .","Additionally, purchase obligations and open purchase orders, consisting of inventory and significant non-inventory commitments, were $13.1 billion as of December 31, 2018 .",Explicit narrative amount,True,13100000000.0,Purchase or Contractual Commitments,Rejected,Rejected: broader narrative includes open purchase orders; exact unconditional-obligation table total used instead.,44
AMZN,2018-12-31,2019-02-01,10-K,Purchase or Contractual Commitments,22193000000,Medium,True,https://www.sec.gov/Archives/edgar/data/1018724/000101872419000004/amzn-20181231x10k.htm,Unconditional purchase obligations (3),"Year Ended December 31, 2019 2020 2021 2022 2023 Thereafter Total Debt principal and interest $ 2,277 $ 2,161 $ 1,861 $ 2,078 $ 1,781 $ 30,013 $ 40,171 Capital lease obligations, including interest (1) 7,807 5,742 2,725 704 473 501 17,952 Finance lease obligations, including interest (2) 628 640 652 664 675 5,117 8,376 Operating leases 3,127 3,070 2,775 2,473 2,195 13,026 26,666 Unconditional purchase obligations (3) 3,523 4,103 3,291 3,098 2,974 5,204 22,193 Other commitments (4) (5) 2,618 1,455 1,056 843 808 8,875 15,655 Total commitments $ 19,980 $ 17,171 $ 12,360 $ 9,860 $ 8,906 $ 62,736 $ 131,013 Year Ended December 31, 2019 2020 2021 2022 2023 Thereafter Total Debt principal and interest $ 2,277 $ 2,161 $ 1,861 $ 2,078 $ 1,781 $ 30,013 $ 40,171 Capital lease obligations, including interest (1) 7,807 5,742 2,725 704 473 501 17,952 Finance lease obligations, including interest (2) 628 640 652 664 675 5,117 8,376 Operating leases 3,127 3,070 2,775 2,473 2,195 13,026 26,666 Unconditional purchase obligations (3) 3,523 4,103 3,291 3,098 2,974 5,204 22,193 Other commitments (4) (5) 2,618 1,455 1,056 843 808 8,875 15,655 Total commitments $ 19,980 $ 17,171 $ 12,360 $ 9,860 $ 8,906 $",First table amount; review required,False,3523.0,Purchase or Contractual Commitments,Accepted — amount corrected,Accepted: disclosed table total; corrected from the extractor's first-period value.,45
AMZN,2019-12-31,2020-01-31,10-K,Purchase or Contractual Commitments,15700000000.0,High,False,https://www.sec.gov/Archives/edgar/data/1018724/000101872420000004/amzn-20191231x10k.htm,"Additionally, purchase obligations and open purchase orders, consisting of inventory and significant non-inventory commitments, were $15.7 billion as of December 31, 2019 .","Additionally, purchase obligations and open purchase orders, consisting of inventory and significant non-inventory commitments, were $15.7 billion as of December 31, 2019 .",Explicit narrative amount,True,15700000000.0,Purchase or Contractual Commitments,Rejected,Rejected: broader narrative includes open purchase orders; exact unconditional-obligation table total used instead.,46
AMZN,2019-12-31,2020-01-31,10-K,Purchase or Contractual Commitments,19988000000,Medium,True,https://www.sec.gov/Archives/edgar/data/1018724/000101872420000004/amzn-20191231x10k.htm,Unconditional purchase obligations (1),"Year Ended December 31, 2020 2021 2022 2023 2024 Thereafter Total Debt principal and interest $ 2,202 $ 2,009 $ 2,603 $ 2,273 $ 4,084 $ 26,019 $ 39,190 Operating lease liabilities 3,757 3,630 3,226 2,900 2,605 15,845 31,963 Finance lease liabilities, including interest 9,878 7,655 4,060 1,332 989 4,961 28,875 Financing obligations, including interest 142 146 148 150 152 2,452 3,190 Unconditional purchase obligations (1) 4,593 3,641 3,293 3,103 3,000 2,358 19,988 Other commitments (2)(3) 3,837 2,274 1,770 1,439 1,389 12,186 22,895 Total commitments $ 24,409 $ 19,355 $ 15,100 $ 11,197 $ 12,219 $ 63,821 $ 146,101 Year Ended December 31, 2020 2021 2022 2023 2024 Thereafter Total Debt principal and interest $ 2,202 $ 2,009 $ 2,603 $ 2,273 $ 4,084 $ 26,019 $ 39,190 Operating lease liabilities 3,757 3,630 3,226 2,900 2,605 15,845 31,963 Finance lease liabilities, including interest 9,878 7,655 4,060 1,332 989 4,961 28,875 Financing obligations, including interest 142 146 148 150 152 2,452 3,190 Unconditional purchase obligations (1) 4,593 3,641 3,293 3,103 3,000 2,358 19,988 Other commitments (2)(3) 3,837 2,274 1,770 1,439 1,389 12,186 22,895 Total commitments $ 24,409 $ 19,355 $ 15,100 $",First table amount; review required,False,4593.0,Purchase or Contractual Commitments,Accepted — amount corrected,Accepted: disclosed table total; corrected from the extractor's first-period value.,47
AMZN,2020-12-31,2021-02-03,10-K,Purchase or Contractual Commitments,26600000000.0,High,False,https://www.sec.gov/Archives/edgar/data/1018724/000101872421000004/amzn-20201231.htm,"Additionally, purchase obligations and open purchase orders, consisting of inventory and significant non-inventory commitments, were $26.6 billion as of December 31, 2020.","Additionally, purchase obligations and open purchase orders, consisting of inventory and significant non-inventory commitments, were $26.6 billion as of December 31, 2020.",Explicit narrative amount,True,26600000000.0,Purchase or Contractual Commitments,Rejected,Rejected: broader narrative includes open purchase orders; exact unconditional-obligation table total used instead.,48
AMZN,2020-12-31,2021-02-03,10-K,Contingent Exposure,5100000000.0,High,False,https://www.sec.gov/Archives/edgar/data/1018724/000101872421000004/amzn-20201231.htm,"In addition, we had $ 5.1 billion of unused letters of credit as of December 31, 2020.","In addition, we had $ 5.1 billion of unused letters of credit as of December 31, 2020.",Explicit narrative amount,True,5100000000.0,Contingent Exposure,Rejected,"Rejected: unused letter-of-credit capacity, not an outstanding contingent draw or guarantee.",49
AMZN,2020-12-31,2021-02-03,10-K,Uncommenced Leases,28869000000,Medium,True,https://www.sec.gov/Archives/edgar/data/1018724/000101872421000004/amzn-20201231.htm,Leases not yet commenced,"The following summarizes our principal contractual commitments, excluding open orders for purchases that support normal operations and are generally cancellable, as of December 31, 2020 (in millions): Year Ended December 31, 2021 2022 2023 2024 2025 Thereafter Total Long-term debt principal and interest $ 2,187 $ 2,622 $ 3,219 $ 4,272 $ 3,058 $ 35,680 $ 51,038 Operating lease liabilities 5,600 5,184 4,743 4,356 3,951 22,330 46,164 Finance lease liabilities, including interest 10,778 7,246 3,456 1,389 1,035 6,533 30,437 Financing obligations, including interest 227 230 233 237 240 3,751 4,918 Leases not yet commenced 1,010 1,738 1,876 1,973 1,951 20,321 28,869 Unconditional purchase obligations (1) 3,869 3,760 3,367 3,141 2,213 136 16,486 Other commitments (2)(3) 3,671 2,386 945 783 661 8,351 16,797 Total commitments $ 27,342 $ 23,166 $ 17,839 $ 16,151 $ 13,109 $ 97,102 $ 194,709 | Leases not yet commenced | 1,010 | | | 1,738 | | | 1,876 | | | 1,973 | | | 1,951 | | | 20,321 | | | 28,869 |",First table amount; review required,False,1010000000.0,Uncommenced Leases,Accepted — amount corrected,Accepted: disclosed table total; corrected from the extractor's first-period value.,50
AMZN,2020-12-31,2021-02-03,10-K,Purchase or Contractual Commitments,16486000000,Medium,True,https://www.sec.gov/Archives/edgar/data/1018724/000101872421000004/amzn-20201231.htm,Unconditional purchase obligations (1),"The following summarizes our principal contractual commitments, excluding open orders for purchases that support normal operations and are generally cancellable, as of December 31, 2020 (in millions): Year Ended December 31, 2021 2022 2023 2024 2025 Thereafter Total Long-term debt principal and interest $ 2,187 $ 2,622 $ 3,219 $ 4,272 $ 3,058 $ 35,680 $ 51,038 Operating lease liabilities 5,600 5,184 4,743 4,356 3,951 22,330 46,164 Finance lease liabilities, including interest 10,778 7,246 3,456 1,389 1,035 6,533 30,437 Financing obligations, including interest 227 230 233 237 240 3,751 4,918 Leases not yet commenced 1,010 1,738 1,876 1,973 1,951 20,321 28,869 Unconditional purchase obligations (1) 3,869 3,760 3,367 3,141 2,213 136 16,486 Other commitments (2)(3) 3,671 2,386 945 783 661 8,351 16,797 Total commitments $ 27,342 $ 23,166 $ 17,839 $ 16,151 $ 13,109 $ 97,102 $ 194,709 | Unconditional purchase obligations (1) | 3,869 | | | 3,760 | | | 3,367 | | | 3,141 | | | 2,213 | | | 136 | | | 16,486 |",First table amount; review required,False,3869000000.0,Purchase or Contractual Commitments,Accepted — amount corrected,Accepted: disclosed table total; corrected from the extractor's first-period value.,51
AMZN,2021-12-31,2022-02-04,10-K,Contingent Exposure,7200000000.0,High,False,https://www.sec.gov/Archives/edgar/data/1018724/000101872422000005/amzn-20211231.htm,"In addition, we had $ 7.2 billion of unused letters of credit as of December 31, 2021.","In addition, we had $ 7.2 billion of unused letters of credit as of December 31, 2021.",Explicit narrative amount,True,7200000000.0,Contingent Exposure,Rejected,"Rejected: unused letter-of-credit capacity, not an outstanding contingent draw or guarantee.",52
AMZN,2021-12-31,2022-02-04,10-K,Uncommenced Leases,31155000000,Medium,True,https://www.sec.gov/Archives/edgar/data/1018724/000101872422000005/amzn-20211231.htm,Leases not yet commenced,"The following summarizes our principal contractual commitments, excluding open orders for purchases that support normal operations and are generally cancellable, as of December 31, 2021 (in millions): Year Ended December 31, 2022 2023 2024 2025 2026 Thereafter Total Long-term debt principal and interest $ 2,841 $ 4,852 $ 7,014 $ 3,400 $ 3,829 $ 52,784 $ 74,720 Operating lease liabilities 7,838 7,178 6,649 6,128 5,574 32,902 66,269 Finance lease liabilities, including interest 8,278 4,772 2,278 1,355 1,220 7,963 25,866 Financing obligations, including interest (1) 423 422 419 410 417 6,404 8,495 Leases not yet commenced 1,206 1,902 2,094 2,145 2,237 21,571 31,155 Unconditional purchase obligations (2) 5,969 5,910 5,158 4,213 4,159 9,493 34,902 Other commitments (3)(4) 2,905 1,620 1,290 1,006 1,137 11,325 19,283 Total commitments $ 29,460 $ 26,656 $ 24,902 $ 18,657 $ 18,573 $ 142,442 $ 260,690 | Leases not yet commenced | 1,206 | | | 1,902 | | | 2,094 | | | 2,145 | | | 2,237 | | | 21,571 | | | 31,155 |",First table amount; review required,False,1206000000.0,Uncommenced Leases,Accepted — amount corrected,Accepted: disclosed table total; corrected from the extractor's first-period value.,53
AMZN,2021-12-31,2022-02-04,10-K,Purchase or Contractual Commitments,34902000000,Medium,True,https://www.sec.gov/Archives/edgar/data/1018724/000101872422000005/amzn-20211231.htm,Unconditional purchase obligations (2),"The following summarizes our principal contractual commitments, excluding open orders for purchases that support normal operations and are generally cancellable, as of December 31, 2021 (in millions): Year Ended December 31, 2022 2023 2024 2025 2026 Thereafter Total Long-term debt principal and interest $ 2,841 $ 4,852 $ 7,014 $ 3,400 $ 3,829 $ 52,784 $ 74,720 Operating lease liabilities 7,838 7,178 6,649 6,128 5,574 32,902 66,269 Finance lease liabilities, including interest 8,278 4,772 2,278 1,355 1,220 7,963 25,866 Financing obligations, including interest (1) 423 422 419 410 417 6,404 8,495 Leases not yet commenced 1,206 1,902 2,094 2,145 2,237 21,571 31,155 Unconditional purchase obligations (2) 5,969 5,910 5,158 4,213 4,159 9,493 34,902 Other commitments (3)(4) 2,905 1,620 1,290 1,006 1,137 11,325 19,283 Total commitments $ 29,460 $ 26,656 $ 24,902 $ 18,657 $ 18,573 $ 142,442 $ 260,690 | Unconditional purchase obligations (2) | 5,969 | | | 5,910 | | | 5,158 | | | 4,213 | | | 4,159 | | | 9,493 | | | 34,902 |",First table amount; review required,False,5969000000.0,Purchase or Contractual Commitments,Accepted — amount corrected,Accepted: disclosed table total; corrected from the extractor's first-period value.,54
AMZN,2022-12-31,2023-02-03,10-K,Uncommenced Leases,480000000.0,High,False,https://www.sec.gov/Archives/edgar/data/1018724/000101872423000004/amzn-20221231.htm,"For the year ended December 31, 2022, we also recorded expenses of approximately 41 Table of Contents $ 480 million primarily in “Fulfillment” on our consolidated statements of operations relating to terminating contracts for certain leases not yet commenced as well as other purchase commitments, wh","For the year ended December 31, 2022, we also recorded expenses of approximately 41 Table of Contents $ 480 million primarily in “Fulfillment” on our consolidated statements of operations relating to terminating contracts for certain leases not yet commenced as well as other purchase commitments, which primarily impacted our North America segment.",Explicit narrative amount,True,480000000.0,Uncommenced Leases,Rejected,"Rejected: expense/charge disclosure, not an outstanding future obligation.",55
AMZN,2022-12-31,2023-02-03,10-K,Contingent Exposure,6900000000.0,High,False,https://www.sec.gov/Archives/edgar/data/1018724/000101872423000004/amzn-20221231.htm,"In addition, we had $ 6.9 billion of unused letters of credit as of December 31, 2022.","In addition, we had $ 6.9 billion of unused letters of credit as of December 31, 2022.",Explicit narrative amount,True,6900000000.0,Contingent Exposure,Rejected,"Rejected: unused letter-of-credit capacity, not an outstanding contingent draw or guarantee.",56
AMZN,2022-12-31,2023-02-03,10-K,Uncommenced Leases,27029000000,Medium,True,https://www.sec.gov/Archives/edgar/data/1018724/000101872423000004/amzn-20221231.htm,Leases not yet commenced,"The following summarizes our principal contractual commitments, excluding open orders for purchases that support normal operations and are generally cancellable, as of December 31, 2022 (in millions): Year Ended December 31, 2023 2024 2025 2026 2027 Thereafter Total Long-term debt principal and interest $ 5,165 $ 10,618 $ 7,146 $ 5,253 $ 10,399 $ 63,815 $ 102,396 Operating lease liabilities 9,574 8,658 8,024 7,393 6,675 40,949 81,273 Finance lease liabilities, including interest 4,575 2,248 1,422 1,279 1,088 7,407 18,019 Financing obligations, including interest (1) 465 464 456 464 471 6,712 9,032 Leases not yet commenced 1,252 2,043 2,185 2,160 2,152 17,237 27,029 Unconditional purchase obligations (2) 8,156 7,217 5,366 4,525 3,419 6,093 34,776 Other commitments (3)(4) 3,173 1,608 1,027 982 622 8,652 16,064 Total commitments $ 32,360 $ 32,856 $ 25,626 $ 22,056 $ 24,826 $ 150,865 $ 288,589 | Leases not yet commenced | 1,252 | | | 2,043 | | | 2,185 | | | 2,160 | | | 2,152 | | | 17,237 | | | 27,029 |",First table amount; review required,False,1252000000.0,Uncommenced Leases,Accepted — amount corrected,Accepted: disclosed table total; corrected from the extractor's first-period value.,57
AMZN,2022-12-31,2023-02-03,10-K,Purchase or Contractual Commitments,34776000000,Medium,True,https://www.sec.gov/Archives/edgar/data/1018724/000101872423000004/amzn-20221231.htm,Unconditional purchase obligations (2),"The following summarizes our principal contractual commitments, excluding open orders for purchases that support normal operations and are generally cancellable, as of December 31, 2022 (in millions): Year Ended December 31, 2023 2024 2025 2026 2027 Thereafter Total Long-term debt principal and interest $ 5,165 $ 10,618 $ 7,146 $ 5,253 $ 10,399 $ 63,815 $ 102,396 Operating lease liabilities 9,574 8,658 8,024 7,393 6,675 40,949 81,273 Finance lease liabilities, including interest 4,575 2,248 1,422 1,279 1,088 7,407 18,019 Financing obligations, including interest (1) 465 464 456 464 471 6,712 9,032 Leases not yet commenced 1,252 2,043 2,185 2,160 2,152 17,237 27,029 Unconditional purchase obligations (2) 8,156 7,217 5,366 4,525 3,419 6,093 34,776 Other commitments (3)(4) 3,173 1,608 1,027 982 622 8,652 16,064 Total commitments $ 32,360 $ 32,856 $ 25,626 $ 22,056 $ 24,826 $ 150,865 $ 288,589 | Unconditional purchase obligations (2) | 8,156 | | | 7,217 | | | 5,366 | | | 4,525 | | | 3,419 | | | 6,093 | | | 34,776 |",First table amount; review required,False,8156000000.0,Purchase or Contractual Commitments,Accepted — amount corrected,Accepted: disclosed table total; corrected from the extractor's first-period value.,58
AMZN,2023-12-31,2024-02-02,10-K,Uncommenced Leases,480000000.0,High,False,https://www.sec.gov/Archives/edgar/data/1018724/000101872424000008/amzn-20231231.htm,"For the year ended December 31, 2022, we also recorded expenses of approximately $ 480 million, primarily in “Fulfillment”, on our consolidated statements of operations primarily relating to terminating contracts for certain leases not yet commenced as well as other purchase commitments, which prima","For the year ended December 31, 2022, we also recorded expenses of approximately $ 480 million, primarily in “Fulfillment”, on our consolidated statements of operations primarily relating to terminating contracts for certain leases not yet commenced as well as other purchase commitments, which primarily impacted our North America segment.",Explicit narrative amount,True,480000000.0,Uncommenced Leases,Rejected,"Rejected: expense/charge disclosure, not an outstanding future obligation.",59
AMZN,2023-12-31,2024-02-02,10-K,Contingent Exposure,6800000000.0,High,False,https://www.sec.gov/Archives/edgar/data/1018724/000101872424000008/amzn-20231231.htm,"In addition, we had $ 6.8 billion of unused letters of credit as of December 31, 2023.","In addition, we had $ 6.8 billion of unused letters of credit as of December 31, 2023.",Explicit narrative amount,True,6800000000.0,Contingent Exposure,Rejected,"Rejected: unused letter-of-credit capacity, not an outstanding contingent draw or guarantee.",60
AMZN,2023-12-31,2024-02-02,10-K,Uncommenced Leases,38181000000,Medium,True,https://www.sec.gov/Archives/edgar/data/1018724/000101872424000008/amzn-20231231.htm,Leases not yet commenced,"The following summarizes our principal contractual commitments, excluding open orders for purchases that support normal operations and are generally cancellable, as of December 31, 2023 (in millions): Year Ended December 31, 2024 2025 2026 2027 2028 Thereafter Total Long-term debt principal and interest $ 10,616 $ 7,175 $ 4,858 $ 10,404 $ 3,643 $ 60,176 $ 96,872 Operating lease liabilities 11,229 9,922 9,156 8,321 7,546 44,603 90,777 Finance lease liabilities, including interest 2,292 1,471 1,369 1,123 1,022 6,829 14,106 Financing obligations, including interest (1) 469 462 468 476 484 6,282 8,641 Leases not yet commenced 2,034 2,620 2,836 2,852 2,979 24,860 38,181 Unconditional purchase obligations (2) 9,432 7,823 5,901 4,463 1,912 5,953 35,484 Other commitments (3) 3,273 1,390 1,125 759 680 9,121 16,348 Total commitments $ 39,345 $ 30,863 $ 25,713 $ 28,398 $ 18,266 $ 157,824 $ 300,409 | Leases not yet commenced | 2,034 | | | 2,620 | | | 2,836 | | | 2,852 | | | 2,979 | | | 24,860 | | | 38,181 |",First table amount; review required,False,2034000000.0,Uncommenced Leases,Accepted — amount corrected,Accepted: disclosed table total; corrected from the extractor's first-period value.,61
AMZN,2023-12-31,2024-02-02,10-K,Purchase or Contractual Commitments,35484000000,Medium,True,https://www.sec.gov/Archives/edgar/data/1018724/000101872424000008/amzn-20231231.htm,Unconditional purchase obligations (2),"The following summarizes our principal contractual commitments, excluding open orders for purchases that support normal operations and are generally cancellable, as of December 31, 2023 (in millions): Year Ended December 31, 2024 2025 2026 2027 2028 Thereafter Total Long-term debt principal and interest $ 10,616 $ 7,175 $ 4,858 $ 10,404 $ 3,643 $ 60,176 $ 96,872 Operating lease liabilities 11,229 9,922 9,156 8,321 7,546 44,603 90,777 Finance lease liabilities, including interest 2,292 1,471 1,369 1,123 1,022 6,829 14,106 Financing obligations, including interest (1) 469 462 468 476 484 6,282 8,641 Leases not yet commenced 2,034 2,620 2,836 2,852 2,979 24,860 38,181 Unconditional purchase obligations (2) 9,432 7,823 5,901 4,463 1,912 5,953 35,484 Other commitments (3) 3,273 1,390 1,125 759 680 9,121 16,348 Total commitments $ 39,345 $ 30,863 $ 25,713 $ 28,398 $ 18,266 $ 157,824 $ 300,409 | Unconditional purchase obligations (2) | 9,432 | | | 7,823 | | | 5,901 | | | 4,463 | | | 1,912 | | | 5,953 | | | 35,484 |",First table amount; review required,False,9432000000.0,Purchase or Contractual Commitments,Accepted — amount corrected,Accepted: disclosed table total; corrected from the extractor's first-period value.,62
AMZN,2024-12-31,2025-02-07,10-K,Uncommenced Leases,480000000.0,High,False,https://www.sec.gov/Archives/edgar/data/1018724/000101872425000004/amzn-20241231.htm,"For the year ended December 31, 2022, we also recorded expenses of approximately $ 480 million, primarily in “Fulfillment,” primarily relating to terminating contracts for certain leases not yet commenced as well as other purchase commitments, which primarily impacted our North America segment.","For the year ended December 31, 2022, we also recorded expenses of approximately $ 480 million, primarily in “Fulfillment,” primarily relating to terminating contracts for certain leases not yet commenced as well as other purchase commitments, which primarily impacted our North America segment.",Explicit narrative amount,True,480000000.0,Uncommenced Leases,Rejected,"Rejected: expense/charge disclosure, not an outstanding future obligation.",63
AMZN,2024-12-31,2025-02-07,10-K,Contingent Exposure,8300000000.000001,High,False,https://www.sec.gov/Archives/edgar/data/1018724/000101872425000004/amzn-20241231.htm,"In addition, we had $ 8.3 billion of unused letters of credit as of December 31, 2024.","In addition, we had $ 8.3 billion of unused letters of credit as of December 31, 2024.",Explicit narrative amount,True,8300000000.000001,Contingent Exposure,Rejected,"Rejected: unused letter-of-credit capacity, not an outstanding contingent draw or guarantee.",64
AMZN,2024-12-31,2025-02-07,10-K,Uncommenced Leases,61627000000,Medium,True,https://www.sec.gov/Archives/edgar/data/1018724/000101872425000004/amzn-20241231.htm,Leases not yet commenced,"The following summarizes our principal contractual commitments, excluding open orders for purchases that support normal operations and are generally cancellable, as of December 31, 2024 (in millions): Year Ended December 31, 2025 2026 2027 2028 2029 Thereafter Total Long-term debt principal and interest $ 6,858 $ 4,458 $ 10,404 $ 3,644 $ 4,344 $ 55,831 $ 85,539 Operating lease liabilities 12,002 11,023 10,087 9,205 8,534 44,443 95,294 Finance lease liabilities, including interest 1,491 1,495 1,317 1,114 1,022 6,081 12,520 Financing obligations, including interest (1) 511 515 523 531 540 6,397 9,017 Leases not yet commenced 2,695 3,691 5,011 4,253 4,286 41,691 61,627 Unconditional purchase obligations (2) 8,536 7,941 5,413 4,321 3,868 20,296 50,375 Other commitments (3) 2,739 1,470 1,016 923 1,025 11,456 18,629 Total commitments $ 34,832 $ 30,593 $ 33,771 $ 23,991 $ 23,619 $ 186,195 $ 333,001 | Leases not yet commenced | 2,695 | | | 3,691 | | | 5,011 | | | 4,253 | | | 4,286 | | | 41,691 | | | 61,627 |",First table amount; review required,False,2695000000.0,Uncommenced Leases,Accepted — amount corrected,Accepted: disclosed table total; corrected from the extractor's first-period value.,65
AMZN,2024-12-31,2025-02-07,10-K,Purchase or Contractual Commitments,50375000000,Medium,True,https://www.sec.gov/Archives/edgar/data/1018724/000101872425000004/amzn-20241231.htm,Unconditional purchase obligations (2),"The following summarizes our principal contractual commitments, excluding open orders for purchases that support normal operations and are generally cancellable, as of December 31, 2024 (in millions): Year Ended December 31, 2025 2026 2027 2028 2029 Thereafter Total Long-term debt principal and interest $ 6,858 $ 4,458 $ 10,404 $ 3,644 $ 4,344 $ 55,831 $ 85,539 Operating lease liabilities 12,002 11,023 10,087 9,205 8,534 44,443 95,294 Finance lease liabilities, including interest 1,491 1,495 1,317 1,114 1,022 6,081 12,520 Financing obligations, including interest (1) 511 515 523 531 540 6,397 9,017 Leases not yet commenced 2,695 3,691 5,011 4,253 4,286 41,691 61,627 Unconditional purchase obligations (2) 8,536 7,941 5,413 4,321 3,868 20,296 50,375 Other commitments (3) 2,739 1,470 1,016 923 1,025 11,456 18,629 Total commitments $ 34,832 $ 30,593 $ 33,771 $ 23,991 $ 23,619 $ 186,195 $ 333,001 | Unconditional purchase obligations (2) | 8,536 | | | 7,941 | | | 5,413 | | | 4,321 | | | 3,868 | | | 20,296 | | | 50,375 |",First table amount; review required,False,8536000000.0,Purchase or Contractual Commitments,Accepted — amount corrected,Accepted: disclosed table total; corrected from the extractor's first-period value.,66
AMZN,2025-03-31,2025-05-02,10-Q,Contingent Exposure,8600000000.0,High,False,https://www.sec.gov/Archives/edgar/data/1018724/000101872425000036/amzn-20250331.htm,"In addition, we had $ 8.6 billion of unused letters of credit as of March 31, 2025.","In addition, we had $ 8.6 billion of unused letters of credit as of March 31, 2025.",Explicit narrative amount,True,8600000000.0,Contingent Exposure,Rejected,"Rejected: unused letter-of-credit capacity, not an outstanding contingent draw or guarantee.",67
AMZN,2025-03-31,2025-05-02,10-Q,Uncommenced Leases,67201000000,Medium,True,https://www.sec.gov/Archives/edgar/data/1018724/000101872425000036/amzn-20250331.htm,Leases not yet commenced,"The following summarizes our principal contractual commitments, excluding open orders for purchases that support normal operations and are generally cancellable, as of March 31, 2025 (in millions): Nine Months Ended December 31, Year Ended December 31, 2025 2026 2027 2028 2029 Thereafter Total Long-term debt principal and interest $ 6,630 $ 4,501 $ 10,446 $ 3,686 $ 4,387 $ 57,817 $ 87,467 Operating lease liabilities 10,058 11,817 10,808 9,815 9,070 46,025 97,593 Finance lease liabilities, including interest 1,183 1,468 1,301 1,137 1,028 6,135 12,252 Financing obligations, including interest (1) 345 519 527 536 544 6,440 8,911 Leases not yet commenced 2,116 4,017 5,142 4,591 4,628 46,707 67,201 Unconditional purchase obligations (2) 8,091 9,943 7,476 5,919 5,635 28,304 65,368 Other commitments (3) 2,477 1,678 1,066 950 830 11,523 18,524 Total commitments $ 30,900 $ 33,943 $ 36,766 $ 26,634 $ 26,122 $ 202,951 $ 357,316 | Leases not yet commenced | 2,116 | | | 4,017 | | | 5,142 | | | 4,591 | | | 4,628 | | | 46,707 | | | 67,201 |",First table amount; review required,False,2116000000.0,Uncommenced Leases,Accepted — amount corrected,Accepted: disclosed table total; corrected from the extractor's first-period value.,68
AMZN,2025-03-31,2025-05-02,10-Q,Purchase or Contractual Commitments,65368000000,Medium,True,https://www.sec.gov/Archives/edgar/data/1018724/000101872425000036/amzn-20250331.htm,Unconditional purchase obligations (2),"The following summarizes our principal contractual commitments, excluding open orders for purchases that support normal operations and are generally cancellable, as of March 31, 2025 (in millions): Nine Months Ended December 31, Year Ended December 31, 2025 2026 2027 2028 2029 Thereafter Total Long-term debt principal and interest $ 6,630 $ 4,501 $ 10,446 $ 3,686 $ 4,387 $ 57,817 $ 87,467 Operating lease liabilities 10,058 11,817 10,808 9,815 9,070 46,025 97,593 Finance lease liabilities, including interest 1,183 1,468 1,301 1,137 1,028 6,135 12,252 Financing obligations, including interest (1) 345 519 527 536 544 6,440 8,911 Leases not yet commenced 2,116 4,017 5,142 4,591 4,628 46,707 67,201 Unconditional purchase obligations (2) 8,091 9,943 7,476 5,919 5,635 28,304 65,368 Other commitments (3) 2,477 1,678 1,066 950 830 11,523 18,524 Total commitments $ 30,900 $ 33,943 $ 36,766 $ 26,634 $ 26,122 $ 202,951 $ 357,316 | Unconditional purchase obligations (2) | 8,091 | | | 9,943 | | | 7,476 | | | 5,919 | | | 5,635 | | | 28,304 | | | 65,368 |",First table amount; review required,False,8091000000.0,Purchase or Contractual Commitments,Accepted — amount corrected,Accepted: disclosed table total; corrected from the extractor's first-period value.,69
AMZN,2025-06-30,2025-08-01,10-Q,Contingent Exposure,9000000000.0,High,False,https://www.sec.gov/Archives/edgar/data/1018724/000101872425000086/amzn-20250630.htm,"In addition, we had $ 9.0 billion of unused letters of credit as of June 30, 2025.","In addition, we had $ 9.0 billion of unused letters of credit as of June 30, 2025.",Explicit narrative amount,True,9000000000.0,Contingent Exposure,Rejected,"Rejected: unused letter-of-credit capacity, not an outstanding contingent draw or guarantee.",70
AMZN,2025-06-30,2025-08-01,10-Q,Uncommenced Leases,68884000000,Medium,True,https://www.sec.gov/Archives/edgar/data/1018724/000101872425000086/amzn-20250630.htm,Leases not yet commenced,"The following summarizes our principal contractual commitments, excluding open orders for purchases that support normal operations and are generally cancellable, as of June 30, 2025 (in millions): Six Months Ended December 31, Year Ended December 31, 2025 2026 2027 2028 2029 Thereafter Total Long-term debt principal and interest $ 3,166 $ 4,506 $ 10,546 $ 3,686 $ 4,387 $ 57,812 $ 84,103 Operating lease liabilities 7,529 12,741 11,683 10,563 9,735 49,255 101,506 Finance lease liabilities, including interest 838 1,569 1,410 1,267 1,121 7,119 13,324 Financing obligations, including interest (1) 224 529 537 546 554 6,529 8,919 Leases not yet commenced 1,558 4,310 5,047 4,776 4,646 48,547 68,884 Unconditional purchase obligations (2) 8,175 12,621 8,158 6,355 5,756 29,953 71,018 Other commitments (3) 1,841 1,936 1,157 1,002 975 11,810 18,721 Total commitments $ 23,331 $ 38,212 $ 38,538 $ 28,195 $ 27,174 $ 211,025 $ 366,475 | Leases not yet commenced | 1,558 | | | 4,310 | | | 5,047 | | | 4,776 | | | 4,646 | | | 48,547 | | | 68,884 |",First table amount; review required,False,1558000000.0,Uncommenced Leases,Accepted — amount corrected,Accepted: disclosed table total; corrected from the extractor's first-period value.,71
AMZN,2025-06-30,2025-08-01,10-Q,Purchase or Contractual Commitments,71018000000,Medium,True,https://www.sec.gov/Archives/edgar/data/1018724/000101872425000086/amzn-20250630.htm,Unconditional purchase obligations (2),"The following summarizes our principal contractual commitments, excluding open orders for purchases that support normal operations and are generally cancellable, as of June 30, 2025 (in millions): Six Months Ended December 31, Year Ended December 31, 2025 2026 2027 2028 2029 Thereafter Total Long-term debt principal and interest $ 3,166 $ 4,506 $ 10,546 $ 3,686 $ 4,387 $ 57,812 $ 84,103 Operating lease liabilities 7,529 12,741 11,683 10,563 9,735 49,255 101,506 Finance lease liabilities, including interest 838 1,569 1,410 1,267 1,121 7,119 13,324 Financing obligations, including interest (1) 224 529 537 546 554 6,529 8,919 Leases not yet commenced 1,558 4,310 5,047 4,776 4,646 48,547 68,884 Unconditional purchase obligations (2) 8,175 12,621 8,158 6,355 5,756 29,953 71,018 Other commitments (3) 1,841 1,936 1,157 1,002 975 11,810 18,721 Total commitments $ 23,331 $ 38,212 $ 38,538 $ 28,195 $ 27,174 $ 211,025 $ 366,475 | Unconditional purchase obligations (2) | 8,175 | | | 12,621 | | | 8,158 | | | 6,355 | | | 5,756 | | | 29,953 | | | 71,018 |",First table amount; review required,False,8175000000.0,Purchase or Contractual Commitments,Accepted — amount corrected,Accepted: disclosed table total; corrected from the extractor's first-period value.,72
AMZN,2025-09-30,2025-10-31,10-Q,Contingent Exposure,10600000000.0,High,False,https://www.sec.gov/Archives/edgar/data/1018724/000101872425000123/amzn-20250930.htm,"In addition, we had $ 10.6 billion of unused letters of credit as of September 30, 2025.","In addition, we had $ 10.6 billion of unused letters of credit as of September 30, 2025.",Explicit narrative amount,True,10600000000.0,Contingent Exposure,Rejected,"Rejected: unused letter-of-credit capacity, not an outstanding contingent draw or guarantee.",73
AMZN,2025-09-30,2025-10-31,10-Q,Uncommenced Leases,75021000000,Medium,True,https://www.sec.gov/Archives/edgar/data/1018724/000101872425000123/amzn-20250930.htm,Leases not yet commenced,"The following summarizes our principal contractual commitments, excluding open orders for purchases that support normal operations and are generally cancellable, as of September 30, 2025 (in millions): Three Months Ended December 31, Year Ended December 31, 2025 2026 2027 2028 2029 Thereafter Total Long-term debt principal and interest $ 1,914 $ 4,518 $ 10,548 $ 3,688 $ 4,388 $ 57,813 $ 82,869 Operating lease liabilities 4,347 13,414 12,434 11,312 10,207 51,311 103,025 Finance lease liabilities, including interest 458 1,665 1,524 1,521 1,187 7,697 14,052 Financing obligations, including interest (1) 91 532 540 548 557 6,556 8,824 Leases not yet commenced 996 4,856 5,868 5,089 4,995 53,217 75,021 Unconditional purchase obligations (2) 5,897 14,864 8,697 6,288 5,722 31,465 72,933 Other commitments (3) 1,259 2,292 1,330 1,079 1,005 12,313 19,278 Total commitments $ 14,962 $ 42,141 $ 40,941 $ 29,525 $ 28,061 $ 220,372 $ 376,002 | Leases not yet commenced | 996 | | | 4,856 | | | 5,868 | | | 5,089 | | | 4,995 | | | 53,217 | | | 75,021 |",First table amount; review required,False,996000000.0,Uncommenced Leases,Accepted — amount corrected,Accepted: disclosed table total; corrected from the extractor's first-period value.,74
AMZN,2025-09-30,2025-10-31,10-Q,Purchase or Contractual Commitments,72933000000,Medium,True,https://www.sec.gov/Archives/edgar/data/1018724/000101872425000123/amzn-20250930.htm,Unconditional purchase obligations (2),"The following summarizes our principal contractual commitments, excluding open orders for purchases that support normal operations and are generally cancellable, as of September 30, 2025 (in millions): Three Months Ended December 31, Year Ended December 31, 2025 2026 2027 2028 2029 Thereafter Total Long-term debt principal and interest $ 1,914 $ 4,518 $ 10,548 $ 3,688 $ 4,388 $ 57,813 $ 82,869 Operating lease liabilities 4,347 13,414 12,434 11,312 10,207 51,311 103,025 Finance lease liabilities, including interest 458 1,665 1,524 1,521 1,187 7,697 14,052 Financing obligations, including interest (1) 91 532 540 548 557 6,556 8,824 Leases not yet commenced 996 4,856 5,868 5,089 4,995 53,217 75,021 Unconditional purchase obligations (2) 5,897 14,864 8,697 6,288 5,722 31,465 72,933 Other commitments (3) 1,259 2,292 1,330 1,079 1,005 12,313 19,278 Total commitments $ 14,962 $ 42,141 $ 40,941 $ 29,525 $ 28,061 $ 220,372 $ 376,002 | Unconditional purchase obligations (2) | 5,897 | | | 14,864 | | | 8,697 | | | 6,288 | | | 5,722 | | | 31,465 | | | 72,933 |",First table amount; review required,False,5897000000.0,Purchase or Contractual Commitments,Accepted — amount corrected,Accepted: disclosed table total; corrected from the extractor's first-period value.,75
AMZN,2025-12-31,2026-02-06,10-K,Contingent Exposure,9500000000.0,High,False,https://www.sec.gov/Archives/edgar/data/1018724/000101872426000004/amzn-20251231.htm,"In addition, we had $ 9.5 billion of unused letters of credit as of December 31, 2025.","In addition, we had $ 9.5 billion of unused letters of credit as of December 31, 2025.",Explicit narrative amount,True,9500000000.0,Contingent Exposure,Rejected,"Rejected: unused letter-of-credit capacity, not an outstanding contingent draw or guarantee.",76
AMZN,2025-12-31,2026-02-06,10-K,Uncommenced Leases,96373000000,Medium,True,https://www.sec.gov/Archives/edgar/data/1018724/000101872426000004/amzn-20251231.htm,Leases not yet commenced,"The following summarizes our principal contractual commitments, excluding open orders for purchases that support normal operations and are generally cancellable, as of December 31, 2025 (in millions): Year Ended December 31, 2026 2027 2028 2029 2030 Thereafter Total Long-term debt principal and interest $ 5,201 $ 11,250 $ 6,891 $ 4,993 $ 6,381 $ 73,486 $ 108,202 Operating lease liabilities 15,380 13,186 12,140 10,911 9,710 45,587 106,914 Finance lease liabilities, including interest 1,838 1,626 1,726 1,285 1,122 7,320 14,917 Financing obligations, including interest (1) 577 582 592 601 612 6,651 9,615 Leases not yet commenced 5,808 9,103 6,420 6,571 6,738 61,733 96,373 Unconditional purchase obligations (2) 19,906 8,934 7,195 6,658 6,602 35,477 84,772 Other commitments (3) 2,956 1,578 1,120 1,000 988 11,226 18,868 Total commitments $ 51,666 $ 46,259 $ 36,084 $ 32,019 $ 32,153 $ 241,480 $ 439,661 | Leases not yet commenced | 5,808 | | | 9,103 | | | 6,420 | | | 6,571 | | | 6,738 | | | 61,733 | | | 96,373 |",First table amount; review required,False,5808000000.0,Uncommenced Leases,Accepted — amount corrected,Accepted: disclosed table total; corrected from the extractor's first-period value.,77
AMZN,2025-12-31,2026-02-06,10-K,Purchase or Contractual Commitments,84772000000,Medium,True,https://www.sec.gov/Archives/edgar/data/1018724/000101872426000004/amzn-20251231.htm,Unconditional purchase obligations (2),"The following summarizes our principal contractual commitments, excluding open orders for purchases that support normal operations and are generally cancellable, as of December 31, 2025 (in millions): Year Ended December 31, 2026 2027 2028 2029 2030 Thereafter Total Long-term debt principal and interest $ 5,201 $ 11,250 $ 6,891 $ 4,993 $ 6,381 $ 73,486 $ 108,202 Operating lease liabilities 15,380 13,186 12,140 10,911 9,710 45,587 106,914 Finance lease liabilities, including interest 1,838 1,626 1,726 1,285 1,122 7,320 14,917 Financing obligations, including interest (1) 577 582 592 601 612 6,651 9,615 Leases not yet commenced 5,808 9,103 6,420 6,571 6,738 61,733 96,373 Unconditional purchase obligations (2) 19,906 8,934 7,195 6,658 6,602 35,477 84,772 Other commitments (3) 2,956 1,578 1,120 1,000 988 11,226 18,868 Total commitments $ 51,666 $ 46,259 $ 36,084 $ 32,019 $ 32,153 $ 241,480 $ 439,661 | Unconditional purchase obligations (2) | 19,906 | | | 8,934 | | | 7,195 | | | 6,658 | | | 6,602 | | | 35,477 | | | 84,772 |",First table amount; review required,False,19906000000.0,Purchase or Contractual Commitments,Accepted — amount corrected,Accepted: disclosed table total; corrected from the extractor's first-period value.,78
AMZN,2026-03-31,2026-04-30,10-Q,Contingent Exposure,9400000000.0,High,False,https://www.sec.gov/Archives/edgar/data/1018724/000101872426000014/amzn-20260331.htm,"In addition, we had $ 9.4 billion of unused letters of credit as of March 31, 2026.","In addition, we had $ 9.4 billion of unused letters of credit as of March 31, 2026.",Explicit narrative amount,True,9400000000.0,Contingent Exposure,Rejected,"Rejected: unused letter-of-credit capacity, not an outstanding contingent draw or guarantee.",79
AMZN,2026-03-31,2026-04-30,10-Q,Uncommenced Leases,106347000000,Medium,True,https://www.sec.gov/Archives/edgar/data/1018724/000101872426000014/amzn-20260331.htm,Leases not yet commenced,"The following summarizes our principal contractual commitments, excluding open orders for purchases that support normal operations and are generally cancellable, as of March 31, 2026 (in millions): Nine Months Ended December 31, Year Ended December 31, 2026 2027 2028 2029 2030 Thereafter Total Long-term debt principal and interest $ 5,937 $ 13,583 $ 16,657 $ 11,076 $ 10,710 $ 145,575 $ 203,538 Operating lease liabilities 11,746 13,867 12,934 11,597 10,369 49,622 110,135 Finance lease liabilities, including interest 1,488 1,742 1,848 1,413 1,238 8,767 16,496 Financing obligations, including interest (1) 432 627 638 648 660 7,178 10,183 Leases not yet commenced 5,135 9,617 7,215 7,296 7,292 69,792 106,347 Unconditional purchase obligations (2) 19,143 15,825 8,482 7,327 7,330 45,661 103,768 Other commitments (3) 2,608 1,804 1,171 998 967 11,265 18,813 Total commitments $ 46,489 $ 57,065 $ 48,945 $ 40,355 $ 38,566 $ 337,860 $ 569,280 | Leases not yet commenced | 5,135 | | | 9,617 | | | 7,215 | | | 7,296 | | | 7,292 | | | 69,792 | | | 106,347 |",First table amount; review required,False,5135000000.0,Uncommenced Leases,Accepted — amount corrected,Accepted: disclosed table total; corrected from the extractor's first-period value.,80
AMZN,2026-03-31,2026-04-30,10-Q,Purchase or Contractual Commitments,103768000000,Medium,True,https://www.sec.gov/Archives/edgar/data/1018724/000101872426000014/amzn-20260331.htm,Unconditional purchase obligations (2),"The following summarizes our principal contractual commitments, excluding open orders for purchases that support normal operations and are generally cancellable, as of March 31, 2026 (in millions): Nine Months Ended December 31, Year Ended December 31, 2026 2027 2028 2029 2030 Thereafter Total Long-term debt principal and interest $ 5,937 $ 13,583 $ 16,657 $ 11,076 $ 10,710 $ 145,575 $ 203,538 Operating lease liabilities 11,746 13,867 12,934 11,597 10,369 49,622 110,135 Finance lease liabilities, including interest 1,488 1,742 1,848 1,413 1,238 8,767 16,496 Financing obligations, including interest (1) 432 627 638 648 660 7,178 10,183 Leases not yet commenced 5,135 9,617 7,215 7,296 7,292 69,792 106,347 Unconditional purchase obligations (2) 19,143 15,825 8,482 7,327 7,330 45,661 103,768 Other commitments (3) 2,608 1,804 1,171 998 967 11,265 18,813 Total commitments $ 46,489 $ 57,065 $ 48,945 $ 40,355 $ 38,566 $ 337,860 $ 569,280 | Unconditional purchase obligations (2) | 19,143 | | | 15,825 | | | 8,482 | | | 7,327 | | | 7,330 | | | 45,661 | | | 103,768 |",First table amount; review required,False,19143000000.0,Purchase or Contractual Commitments,Accepted — amount corrected,Accepted: disclosed table total; corrected from the extractor's first-period value.,81
GOOG,2016-12-31,2017-02-03,10-K,Purchase or Contractual Commitments,2500000000.0,High,False,https://www.sec.gov/Archives/edgar/data/1652044/000165204417000008/goog10-kq42016.htm,"Purchase Obligations As of December 31, 2016 , we had $2.5 billion of other non-cancelable contractual obligations, primarily related to data center operations and facility build-outs, video and other content licensing revenue sharing arrangements, as well as certain inventory purchase commitments.","Purchase Obligations As of December 31, 2016 , we had $2.5 billion of other non-cancelable contractual obligations, primarily related to data center operations and facility build-outs, video and other content licensing revenue sharing arrangements, as well as certain inventory purchase commitments.",Explicit narrative amount,True,2500000000.0,Purchase or Contractual Commitments,Rejected,Rejected: rounded narrative duplicate; exact table total used instead.,82
GOOG,2016-12-31,2017-02-03,10-K,Contingent Exposure,797000000.0,High,False,https://www.sec.gov/Archives/edgar/data/1652044/000165204417000008/goog10-kq42016.htm,"Letters of Credit As of December 31, 2016 , we had unused letters of credit for $797 million .","Letters of Credit As of December 31, 2016 , we had unused letters of credit for $797 million .",Explicit narrative amount,True,797000000.0,Contingent Exposure,Rejected,"Rejected: unused letter-of-credit capacity, not an outstanding contingent draw or guarantee.",83
GOOG,2016-12-31,2017-02-03,10-K,Purchase or Contractual Commitments,2494000000,Medium,True,https://www.sec.gov/Archives/edgar/data/1652044/000165204417000008/goog10-kq42016.htm,Purchase obligations (2),"Payments Due By Period Total Less than 1 year 1-3 years 3-5 years More than 5 years Operating lease obligations, net of sublease income amounts (1) $ 7,937 $ 828 $ 1,801 $ 1,615 $ 3,693 Purchase obligations (2) 2,494 1,907 274 99 214 Long-term debt obligations (3) 4,816 110 220 1,202 3,284 Other long-term liabilities reflected on our balance sheet (4) 2,093 261 601 525 706 Total contractual obligations $ 17,340 $ 3,106 $ 2,896 $ 3,441 $ 7,897 Payments Due By Period Total Less than 1 year 1-3 years 3-5 years More than 5 years Operating lease obligations, net of sublease income amounts (1) $ 7,937 $ 828 $ 1,801 $ 1,615 $ 3,693 Purchase obligations (2) 2,494 1,907 274 99 214 Long-term debt obligations (3) 4,816 110 220 1,202 3,284 Other long-term liabilities reflected on our balance sheet (4) 2,093 261 601 525 706 Total contractual obligations $ 17,340 $ 3,106 $ 2,896 $ 3,441 $ 7,897 | Purchase obligations (2) | 2,494 | | | 1,907 | | | 274 | | | 99 | | | 214 |",First table amount; review required,False,2494.0,Purchase or Contractual Commitments,Accepted — amount corrected,Accepted: exact contractual-obligation table total.,84
GOOG,2016-12-31,2017-02-03,10-K,Purchase or Contractual Commitments,450.0,Medium,False,https://www.sec.gov/Archives/edgar/data/1652044/000165204417000008/goog10-kq42016.htm,Receivable under reverse repurchase agreements,"As of December 31, 2015 As of December 31, 2016 Assets Current assets: Cash and cash equivalents $ 16,549 $ 12,918 Marketable securities 56,517 73,415 Total cash, cash equivalents, and marketable securities (including securities loaned of $4,531 and $0) 73,066 86,333 Accounts receivable, net of allowance of $296 and $467 11,556 14,137 Receivable under reverse repurchase agreements 450 0 Income taxes receivable, net 1,903 95 Inventory 491 268 Prepaid revenue share, expenses and other assets 2,648 4,575 Total current assets 90,114 105,408 Prepaid revenue share, expenses and other assets, non-current 3,181 1,819 Non-marketable investments 5,183 5,878 Deferred income taxes 251 383 Property and equipment, net 29,016 34,234 Intangible assets, net 3,847 3,307 Goodwill 15,869 16,468 Total assets $ 147,461 $ 167,497 Liabilities and Stockholders’ Equity Current liabilities: Accounts payable $ 1,931 $ 2,041 Short-term debt 3,225 0 Accrued compensation and benefits 3,539 3,976 Accrued expenses and other current liabilities 4,768 6,144 Accrued revenue share 2,329 2,942 Securities lending payable 2,428 0 Deferred revenue 788 1,099 Income taxes payable, net 302 554 Total current liabilities 19,31",First table amount; review required,False,450.0,Purchase or Contractual Commitments,Rejected,"Rejected: reverse-repurchase investment asset, not a future payment obligation.",85
GOOG,2016-12-31,2017-02-03,10-K,Purchase or Contractual Commitments,775.0,Medium,False,https://www.sec.gov/Archives/edgar/data/1652044/000165204417000008/goog10-kq42016.htm,Investments in reverse repurchase agreements,"Year Ended December 31, 2014 2015 2016 Operating activities Net income $ 14,136 $ 16,348 $ 19,478 Adjustments: Depreciation and impairment of property and equipment 3,523 4,132 5,267 Amortization and impairment of intangible assets 1,456 931 877 Stock-based compensation expense 4,279 5,203 6,703 Deferred income taxes (104 ) (179 ) (38 ) Gain on divestiture of business (740 ) 0 0 (Gain) loss on marketable and non-marketable investments, net (390 ) 334 275 Other 192 212 174 Changes in assets and liabilities, net of effects of acquisitions: Accounts receivable (1,641 ) (2,094 ) (2,578 ) Income taxes, net 591 (179 ) 3,125 Prepaid revenue share, expenses and other assets 459 (318 ) 312 Accounts payable 436 203 110 Accrued expenses and other liabilities 757 1,597 1,515 Accrued revenue share 245 339 593 Deferred revenue (175 ) 43 223 Net cash provided by operating activities 23,024 26,572 36,036 Investing activities Purchases of property and equipment (11,014 ) (9,950 ) (10,212 ) Proceeds from disposals of property and equipment 55 35 240 Purchases of marketable securities (56,310 ) (74,368 ) (84,509 ) Maturities and sales of marketable securities 51,315 62,905 66,895 Purchases of non-mar",First table amount; review required,False,775.0,Purchase or Contractual Commitments,Rejected,"Rejected: reverse-repurchase investment asset, not a future payment obligation.",86
GOOG,2016-12-31,2017-02-03,10-K,Purchase or Contractual Commitments,1590.0,Medium,False,https://www.sec.gov/Archives/edgar/data/1652044/000165204417000008/goog10-kq42016.htm,Reverse repurchase agreements,"Offsetting of Assets As of December 31, 2015 Gross Amounts Not Offset in the Consolidated Balance Sheets, but Have Legal Rights to Offset Description Gross Amounts of Recognized Assets Gross Amounts Offset in the Consolidated Balance Sheets Net Presented in the Consolidated Balance Sheets Financial Instruments Cash Collateral Received Non-Cash Collateral Received Net Assets Exposed Derivatives $ 628 $ 0 $ 628 $ (13 ) (1) $ (189 ) $ (214 ) $ 212 Reverse repurchase agreements 1,590 0 1,590 (2) 0 0 (1,590 ) 0 Total $ 2,218 $ 0 $ 2,218 $ (13 ) $ (189 ) $ (1,804 ) $ 212 As of December 31, 2016 Gross Amounts Not Offset in the Consolidated Balance Sheets, but Have Legal Rights to Offset Description Gross Amounts of Recognized Assets Gross Amounts Offset in the Consolidated Balance Sheets Net Presented in the Consolidated Balance Sheets Financial Instruments Cash Collateral Received Non-Cash Collateral Received Net Assets Exposed Derivatives $ 596 $ 0 $ 596 $ (11 ) (1) $ (337 ) $ (73 ) $ 175 | Reverse repurchase agreements | 1,590 | | | 0 | | | 1,590 | | (2) | 0 | | | 0 | | | (1,590 | ) | | 0 |",First table amount; review required,False,1590.0,Purchase or Contractual Commitments,Rejected,"Rejected: reverse-repurchase investment asset, not a future payment obligation.",87
GOOG,2017-12-31,2018-02-06,10-K,Purchase or Contractual Commitments,7200000000.0,High,False,https://www.sec.gov/Archives/edgar/data/1652044/000165204418000007/goog10-kq42017.htm,"Purchase Obligations As of December 31, 2017 , we had $7.2 billion of other non-cancelable contractual obligations, primarily related to data center operations and build-outs, digital media content licensing, and purchases of inventory.","Purchase Obligations As of December 31, 2017 , we had $7.2 billion of other non-cancelable contractual obligations, primarily related to data center operations and build-outs, digital media content licensing, and purchases of inventory.",Explicit narrative amount,True,7200000000.0,Purchase or Contractual Commitments,Rejected,Rejected: rounded narrative duplicate; exact table total used instead.,88
GOOG,2017-12-31,2018-02-06,10-K,Purchase or Contractual Commitments,7154000000,Medium,True,https://www.sec.gov/Archives/edgar/data/1652044/000165204418000007/goog10-kq42017.htm,Purchase obligations (2),"Payments Due By Period Total Less than 1 year 1-3 years 3-5 years More than 5 years Operating lease obligations, net of sublease income amounts (1) $ 8,753 $ 1,160 $ 2,182 $ 1,796 $ 3,615 Purchase obligations (2) 7,154 4,548 1,910 241 455 Long-term debt obligations (3) 4,744 112 224 1,170 3,238 Tax payable (4) 10,233 890 1,746 1,746 5,851 Other long-term liabilities reflected on our balance sheet (5) 2,416 348 619 511 938 Total contractual obligations $ 33,300 $ 7,058 $ 6,681 $ 5,464 $ 14,097 Payments Due By Period Total Less than 1 year 1-3 years 3-5 years More than 5 years Operating lease obligations, net of sublease income amounts (1) $ 8,753 $ 1,160 $ 2,182 $ 1,796 $ 3,615 Purchase obligations (2) 7,154 4,548 1,910 241 455 Long-term debt obligations (3) 4,744 112 224 1,170 3,238 Tax payable (4) 10,233 890 1,746 1,746 5,851 Other long-term liabilities reflected on our balance sheet (5) 2,416 348 619 511 938 Total contractual obligations $ 33,300 $ 7,058 $ 6,681 $ 5,464 $ 14,097 | Purchase obligations (2) | 7,154 | | | 4,548 | | | 1,910 | | | 241 | | | 455 |",First table amount; review required,False,7154.0,Purchase or Contractual Commitments,Accepted — amount corrected,Accepted: exact contractual-obligation table total.,89
GOOG,2017-12-31,2018-02-06,10-K,Purchase or Contractual Commitments,425.0,Medium,False,https://www.sec.gov/Archives/edgar/data/1652044/000165204418000007/goog10-kq42017.htm,Investments in reverse repurchase agreements,"Year Ended December 31, 2015 2016 2017 Operating activities Net income $ 16,348 $ 19,478 $ 12,662 Adjustments: Depreciation and impairment of property and equipment 4,132 5,267 6,103 Amortization and impairment of intangible assets 931 877 812 Stock-based compensation expense 5,203 6,703 7,679 Deferred income taxes (179 ) (38 ) 258 Loss on marketable and non-marketable investments, net 334 275 194 Other 212 174 137 Changes in assets and liabilities, net of effects of acquisitions: Accounts receivable (2,094 ) (2,578 ) (3,768 ) Income taxes, net (179 ) 3,125 8,211 Other assets (318 ) 312 (2,164 ) Accounts payable 203 110 731 Accrued expenses and other liabilities 1,597 1,515 4,891 Accrued revenue share 339 593 955 Deferred revenue 43 223 390 Net cash provided by operating activities 26,572 36,036 37,091 Investing activities Purchases of property and equipment (9,950 ) (10,212 ) (13,184 ) Proceeds from disposals of property and equipment 35 240 99 Purchases of marketable securities (74,368 ) (84,509 ) (92,195 ) Maturities and sales of marketable securities 62,905 66,895 73,959 Purchases of non-marketable investments (2,326 ) (1,109 ) (1,745 ) Maturities and sales of non-marketable in",First table amount; review required,False,425.0,Purchase or Contractual Commitments,Rejected,"Rejected: reverse-repurchase investment asset, not a future payment obligation.",90
GOOG,2019-12-31,2020-02-04,10-K,Uncommenced Leases,7400000000.0,High,False,https://www.sec.gov/Archives/edgar/data/1652044/000165204420000008/goog10-k2019.htm,"Future lease payments under operating leases as of December 31, 2019 were as follows (in millions): As of December 31, 2019 , we have entered into leases that have not yet commenced with future lease payments of $ 7.4 billion , excluding purchase options, that are not yet recorded on our Consolidate","Future lease payments under operating leases as of December 31, 2019 were as follows (in millions): As of December 31, 2019 , we have entered into leases that have not yet commenced with future lease payments of $ 7.4 billion , excluding purchase options, that are not yet recorded on our Consolidated Balance Sheets.",Explicit narrative amount,True,7400000000.0,Uncommenced Leases,Rejected,Rejected: rounded narrative duplicate; exact table total used instead.,91
GOOG,2019-12-31,2020-02-04,10-K,Purchase or Contractual Commitments,5700000000.0,High,False,https://www.sec.gov/Archives/edgar/data/1652044/000165204420000008/goog10-k2019.htm,"Commitments and Contingencies Purchase Obligations As of December 31, 2019 , we had $ 5.7 billion of other non-cancelable contractual obligations, primarily related to data center operations and build-outs, digital media content licensing, and purchases of inventory.","Commitments and Contingencies Purchase Obligations As of December 31, 2019 , we had $ 5.7 billion of other non-cancelable contractual obligations, primarily related to data center operations and build-outs, digital media content licensing, and purchases of inventory.",Explicit narrative amount,True,5700000000.0,Purchase or Contractual Commitments,Rejected,Rejected: rounded narrative duplicate; exact table total used instead.,92
GOOG,2019-12-31,2020-02-04,10-K,Uncommenced Leases,7418000000,Medium,True,https://www.sec.gov/Archives/edgar/data/1652044/000165204420000008/goog10-k2019.htm,Obligations for leases that have not yet commenced (1),"Payments Due By Period Total Less than 1 year 1-3 years 3-5 years More than 5 years Operating lease obligations (1) $ 13,854 $ 1,757 $ 3,525 $ 2,809 $ 5,763 Obligations for leases that have not yet commenced (1) 7,418 249 850 1,314 5,005 Purchase obligations (2) 5,660 4,212 933 202 313 Long-term debt obligations (3) 5,288 227 1,258 1,224 2,579 Tax payable (4) 7,315 0 1,166 3,661 2,488 Other long-term liabilities reflected on our balance sheet (5) 1,484 245 643 367 229 Total contractual obligations $ 41,019 $ 6,690 $ 8,375 $ 9,577 $ 16,377 Payments Due By Period Total Less than 1 year 1-3 years 3-5 years More than 5 years Operating lease obligations (1) $ 13,854 $ 1,757 $ 3,525 $ 2,809 $ 5,763 Obligations for leases that have not yet commenced (1) 7,418 249 850 1,314 5,005 Purchase obligations (2) 5,660 4,212 933 202 313 Long-term debt obligations (3) 5,288 227 1,258 1,224 2,579 Tax payable (4) 7,315 0 1,166 3,661 2,488 Other long-term liabilities reflected on our balance sheet (5) 1,484 245 643 367 229 Total contractual obligations $ 41,019 $ 6,690 $ 8,375 $ 9,577 $ 16,377 | Obligations for leases that have not yet commenced (1) | 7,418 | | | 249 | | | 850 | | | 1,314 | | | 5,005 |",First table amount; review required,False,7418.0,Uncommenced Leases,Accepted — amount corrected,Accepted: exact contractual-obligation table total.,93
GOOG,2019-12-31,2020-02-04,10-K,Purchase or Contractual Commitments,5660000000,Medium,True,https://www.sec.gov/Archives/edgar/data/1652044/000165204420000008/goog10-k2019.htm,Purchase obligations (2),"Payments Due By Period Total Less than 1 year 1-3 years 3-5 years More than 5 years Operating lease obligations (1) $ 13,854 $ 1,757 $ 3,525 $ 2,809 $ 5,763 Obligations for leases that have not yet commenced (1) 7,418 249 850 1,314 5,005 Purchase obligations (2) 5,660 4,212 933 202 313 Long-term debt obligations (3) 5,288 227 1,258 1,224 2,579 Tax payable (4) 7,315 0 1,166 3,661 2,488 Other long-term liabilities reflected on our balance sheet (5) 1,484 245 643 367 229 Total contractual obligations $ 41,019 $ 6,690 $ 8,375 $ 9,577 $ 16,377 Payments Due By Period Total Less than 1 year 1-3 years 3-5 years More than 5 years Operating lease obligations (1) $ 13,854 $ 1,757 $ 3,525 $ 2,809 $ 5,763 Obligations for leases that have not yet commenced (1) 7,418 249 850 1,314 5,005 Purchase obligations (2) 5,660 4,212 933 202 313 Long-term debt obligations (3) 5,288 227 1,258 1,224 2,579 Tax payable (4) 7,315 0 1,166 3,661 2,488 Other long-term liabilities reflected on our balance sheet (5) 1,484 245 643 367 229 Total contractual obligations $ 41,019 $ 6,690 $ 8,375 $ 9,577 $ 16,377 | Purchase obligations (2) | 5,660 | | | 4,212 | | | 933 | | | 202 | | | 313 |",First table amount; review required,False,5660.0,Purchase or Contractual Commitments,Accepted — amount corrected,Accepted: exact contractual-obligation table total.,94
GOOG,2020-12-31,2021-02-03,10-K,Uncommenced Leases,8000000000.0,High,False,https://www.sec.gov/Archives/edgar/data/1652044/000165204421000010/goog-20201231.htm,"As of December 31, 2020, we have entered into leases that have not yet commenced with future lease payments of $8.0 billion, excluding purchase options, that are not yet recorded on our Consolidated Balance Sheets.","As of December 31, 2020, we have entered into leases that have not yet commenced with future lease payments of $8.0 billion, excluding purchase options, that are not yet recorded on our Consolidated Balance Sheets.",Explicit narrative amount,True,8000000000.0,Uncommenced Leases,Rejected,Rejected: rounded narrative duplicate; exact table total used instead.,95
GOOG,2020-12-31,2021-02-03,10-K,Uncommenced Leases,8000000000.0,High,False,https://www.sec.gov/Archives/edgar/data/1652044/000165204421000010/goog-20201231.htm,"Future lease payments under operating leases as of December 31, 2020 were as follows (in millions): As of December 31, 2020, we have entered into leases that have not yet commenced with future lease payments of $ 8.0 billion, excluding purchase options, that are not yet recorded on our Consolidated ","Future lease payments under operating leases as of December 31, 2020 were as follows (in millions): As of December 31, 2020, we have entered into leases that have not yet commenced with future lease payments of $ 8.0 billion, excluding purchase options, that are not yet recorded on our Consolidated Balance Sheets.",Explicit narrative amount,True,8000000000.0,Uncommenced Leases,Rejected,Rejected: rounded narrative duplicate; exact table total used instead.,96
GOOG,2020-12-31,2021-02-03,10-K,Purchase or Contractual Commitments,10700000000.0,High,False,https://www.sec.gov/Archives/edgar/data/1652044/000165204421000010/goog-20201231.htm,"Commitments and Contingencies Purchase Obligations As of December 31, 2020, we had $ 10.7 billion of other non-cancelable contractual obligations, primarily related to data center operations and build-outs, digital media content licensing, information technology assets and purchases of inventory.","Commitments and Contingencies Purchase Obligations As of December 31, 2020, we had $ 10.7 billion of other non-cancelable contractual obligations, primarily related to data center operations and build-outs, digital media content licensing, information technology assets and purchases of inventory.",Explicit narrative amount,True,10700000000.0,Purchase or Contractual Commitments,Rejected,Rejected: rounded narrative duplicate; exact table total used instead.,97
GOOG,2020-12-31,2021-02-03,10-K,Uncommenced Leases,8049000000,Medium,True,https://www.sec.gov/Archives/edgar/data/1652044/000165204421000010/goog-20201231.htm,Obligations for leases that have not yet commenced (1),"Contractual Obligations as of December 31, 2020 Contractual Obligations as of December 31, 2020 The following summarizes our contractual obligations as of December 31, 2020 (in millions): The following summarizes our contractual obligations as of December 31, 2020 (in millions): Payments Due By Period Total Less than 1 year 1-3 years 3-5 years More than 5 years Operating lease obligations (1) $ 15,091 $ 2,198 $ 4,165 $ 3,127 $ 5,601 Obligations for leases that have not yet commenced (1) 8,049 370 1,198 1,469 5,012 Purchase obligations (2) 10,656 7,368 1,968 354 966 Long-term debt obligations (3) 19,840 1,357 634 2,587 15,262 Tax payable (4) 7,359 834 1,916 4,609 0 Other long-term liabilities reflected on our balance sheet (5) 1,421 532 616 185 88 Total contractual obligations $ 62,416 $ 12,659 $ 10,497 $ 12,331 $ 26,929 | Obligations for leases that have not yet commenced (1) | 8,049 | | | 370 | | | 1,198 | | | 1,469 | | | 5,012 |",First table amount; review required,False,8049000000.0,Uncommenced Leases,Accepted,Accepted: exact contractual-obligation table total.,98
GOOG,2020-12-31,2021-02-03,10-K,Purchase or Contractual Commitments,10656000000,Medium,True,https://www.sec.gov/Archives/edgar/data/1652044/000165204421000010/goog-20201231.htm,Purchase obligations (2),"Contractual Obligations as of December 31, 2020 Contractual Obligations as of December 31, 2020 The following summarizes our contractual obligations as of December 31, 2020 (in millions): The following summarizes our contractual obligations as of December 31, 2020 (in millions): Payments Due By Period Total Less than 1 year 1-3 years 3-5 years More than 5 years Operating lease obligations (1) $ 15,091 $ 2,198 $ 4,165 $ 3,127 $ 5,601 Obligations for leases that have not yet commenced (1) 8,049 370 1,198 1,469 5,012 Purchase obligations (2) 10,656 7,368 1,968 354 966 Long-term debt obligations (3) 19,840 1,357 634 2,587 15,262 Tax payable (4) 7,359 834 1,916 4,609 0 Other long-term liabilities reflected on our balance sheet (5) 1,421 532 616 185 88 Total contractual obligations $ 62,416 $ 12,659 $ 10,497 $ 12,331 $ 26,929 | Purchase obligations (2) | 10,656 | | | 7,368 | | | 1,968 | | | 354 | | | 966 |",First table amount; review required,False,10656000000.0,Purchase or Contractual Commitments,Accepted,Accepted: exact contractual-obligation table total.,99
GOOG,2022-12-31,2023-02-03,10-K,Purchase or Contractual Commitments,12300000000,High,True,https://www.sec.gov/Archives/edgar/data/1652044/000165204423000016/goog-20221231.htm,"Commitments and contingencies Commitments We have content licensing agreements with future fixed or minimum guaranteed commitments of $ 12.3 billion as of December 31, 2022, of which the majority will be paid over seven years commencing in 2023.","Commitments and contingencies Commitments We have content licensing agreements with future fixed or minimum guaranteed commitments of $ 12.3 billion as of December 31, 2022, of which the majority will be paid over seven years commencing in 2023.",Explicit narrative amount,True,12300000000.0,Contingent Exposure,Accepted — reclassified,Accepted: fixed or minimum-guaranteed content commitment; reclassified as contractual commitment.,100
GOOG,2023-12-31,2024-01-31,10-K,Purchase or Contractual Commitments,10600000000,High,True,https://www.sec.gov/Archives/edgar/data/1652044/000165204424000022/goog-20231231.htm,"Commitments and Contingencies Commitments We have content licensing agreements with future fixed or minimum guaranteed commitments of $ 10.6 billion as of December 31, 2023, of which the majority is paid over seven years ending in the first quarter of 2030.","Commitments and Contingencies Commitments We have content licensing agreements with future fixed or minimum guaranteed commitments of $ 10.6 billion as of December 31, 2023, of which the majority is paid over seven years ending in the first quarter of 2030.",Explicit narrative amount,True,10600000000.0,Contingent Exposure,Accepted — reclassified,Accepted: fixed or minimum-guaranteed content commitment; reclassified as contractual commitment.,101
GOOG,2024-12-31,2025-02-05,10-K,Purchase or Contractual Commitments,8800000000,High,True,https://www.sec.gov/Archives/edgar/data/1652044/000165204425000014/goog-20241231.htm,"Commitments and Contingencies Commitments We have content licensing agreements with future fixed or minimum guaranteed commitments of $ 8.8 billion as of December 31, 2024, of which the majority is paid quarterly through the first quarter of 2030.","Commitments and Contingencies Commitments We have content licensing agreements with future fixed or minimum guaranteed commitments of $ 8.8 billion as of December 31, 2024, of which the majority is paid quarterly through the first quarter of 2030.",Explicit narrative amount,True,8800000000.0,Contingent Exposure,Accepted — reclassified,Accepted: fixed or minimum-guaranteed content commitment; reclassified as contractual commitment.,102
GOOG,2025-03-31,2025-04-25,10-Q,Purchase or Contractual Commitments,8600000000,High,True,https://www.sec.gov/Archives/edgar/data/1652044/000165204425000043/goog-20250331.htm,"Commitments and Contingencies Commitments We have content licensing agreements with future fixed or minimum guaranteed commitments of $ 8.6 billion as of March 31, 2025, of which the majority is paid quarterly through the first quarter of 2030.","Commitments and Contingencies Commitments We have content licensing agreements with future fixed or minimum guaranteed commitments of $ 8.6 billion as of March 31, 2025, of which the majority is paid quarterly through the first quarter of 2030.",Explicit narrative amount,True,8600000000.0,Contingent Exposure,Accepted — reclassified,Accepted: fixed or minimum-guaranteed content commitment; reclassified as contractual commitment.,103
GOOG,2025-06-30,2025-07-24,10-Q,Purchase or Contractual Commitments,8200000000,High,True,https://www.sec.gov/Archives/edgar/data/1652044/000165204425000062/goog-20250630.htm,"Commitments and Contingencies Commitments We have content licensing agreements with future fixed or minimum guaranteed commitments of $ 8.2 billion as of June 30, 2025, of which the majority is paid quarterly through the first quarter of 2030.","Commitments and Contingencies Commitments We have content licensing agreements with future fixed or minimum guaranteed commitments of $ 8.2 billion as of June 30, 2025, of which the majority is paid quarterly through the first quarter of 2030.",Explicit narrative amount,True,8199999999.999999,Contingent Exposure,Accepted — reclassified,Accepted: fixed or minimum-guaranteed content commitment; reclassified as contractual commitment.,104
GOOG,2025-09-30,2025-10-30,10-Q,Purchase or Contractual Commitments,7700000000,High,True,https://www.sec.gov/Archives/edgar/data/1652044/000165204425000091/goog-20250930.htm,"Commitments and Contingencies Commitments We have content licensing agreements with future fixed or minimum guaranteed commitments of $ 7.7 billion as of September 30, 2025, of which the majority is paid quarterly through the first quarter of 2030.","Commitments and Contingencies Commitments We have content licensing agreements with future fixed or minimum guaranteed commitments of $ 7.7 billion as of September 30, 2025, of which the majority is paid quarterly through the first quarter of 2030.",Explicit narrative amount,True,7700000000.0,Contingent Exposure,Accepted — reclassified,Accepted: fixed or minimum-guaranteed content commitment; reclassified as contractual commitment.,105
GOOG,2025-12-31,2026-02-05,10-K,Uncommenced Leases,1100000000.0,High,False,https://www.sec.gov/Archives/edgar/data/1652044/000165204426000018/goog-20251231.htm,"The year ended December 31, 2025 includes $ 1.1 billion of prepayments for finance leases not yet commenced.","The year ended December 31, 2025 includes $ 1.1 billion of prepayments for finance leases not yet commenced.",Explicit narrative amount,True,1100000000.0,Uncommenced Leases,Rejected,"Rejected: lease prepayment already made, not total future lease payments.",106
GOOG,2025-12-31,2026-02-05,10-K,Uncommenced Leases,9900000000,High,True,https://www.sec.gov/Archives/edgar/data/1652044/000165204426000018/goog-20251231.htm,"In January 2026, we executed a power purchase agreement which we expect to be accounted for as a lease resulting in future payments depending on certain agreement terms of $ 9.9 billion between 2027 and 2047.","In January 2026, we executed a power purchase agreement which we expect to be accounted for as a lease resulting in future payments depending on certain agreement terms of $ 9.9 billion between 2027 and 2047.",Explicit narrative amount,True,9900000000.0,Purchase or Contractual Commitments,Accepted — reclassified,Accepted: executed power-purchase arrangement expected to be accounted for as a lease; reclassified as uncommenced lease.,107
GOOG,2025-12-31,2026-02-05,10-K,Purchase or Contractual Commitments,7700000000,High,True,https://www.sec.gov/Archives/edgar/data/1652044/000165204426000018/goog-20251231.htm,"Commitments and Contingencies Commitments We have certain content licensing agreements with future fixed or minimum guaranteed commitments of $ 7.7 billion as of December 31, 2025, of which the majority is paid quarterly through the first quarter of 2030.","Commitments and Contingencies Commitments We have certain content licensing agreements with future fixed or minimum guaranteed commitments of $ 7.7 billion as of December 31, 2025, of which the majority is paid quarterly through the first quarter of 2030.",Explicit narrative amount,True,7700000000.0,Contingent Exposure,Accepted — reclassified,Accepted: fixed or minimum-guaranteed content commitment; reclassified as contractual commitment.,108
GOOG,2025-12-31,2026-02-05,10-K,Contingent Exposure,5700000000,High,True,https://www.sec.gov/Archives/edgar/data/1652044/000165204426000018/goog-20251231.htm,"As of December 31, 2025, our maximum potential amount of future payments under these guarantees was $ 5.7 billion, upon which we may receive certain assets.","As of December 31, 2025, our maximum potential amount of future payments under these guarantees was $ 5.7 billion, upon which we may receive certain assets.",Explicit narrative amount,True,5700000000.0,Contingent Exposure,Accepted,Accepted: explicit maximum potential future payments under outstanding guarantees.,109
GOOG,2025-12-31,2026-02-05,10-K,Contingent Exposure,3500000000.0,High,False,https://www.sec.gov/Archives/edgar/data/1652044/000165204426000018/goog-20251231.htm,"$ 3.5 billion in the third quarter of 2025, and we placed bank guarantees in the fourth quarter of 2025 in lieu of cash payment.","$ 3.5 billion in the third quarter of 2025, and we placed bank guarantees in the fourth quarter of 2025 in lieu of cash payment.",Explicit narrative amount,True,3500000000.0,Contingent Exposure,Rejected,Rejected: historical charge/bank-guarantee narrative does not quantify the outstanding guarantee obligation.,110
GOOG,2026-03-31,2026-04-30,10-Q,Uncommenced Leases,634000000.0,High,False,https://www.sec.gov/Archives/edgar/data/1652044/000165204426000048/goog-20260331.htm,"Components of lease costs were as follows (in millions): Supplemental information related to leases was as follows (in millions): 19 (1) Additionally, in the three month period ended March 31, 2026, we made $ 634 million of lease prepayments for leases not yet commenced, which are expected to be acc","Components of lease costs were as follows (in millions): Supplemental information related to leases was as follows (in millions): 19 (1) Additionally, in the three month period ended March 31, 2026, we made $ 634 million of lease prepayments for leases not yet commenced, which are expected to be accounted for as finance leases.",Explicit narrative amount,True,634000000.0,Uncommenced Leases,Rejected,"Rejected: lease prepayment already made, not total future lease payments.",111
GOOG,2026-03-31,2026-04-30,10-Q,Purchase or Contractual Commitments,232700000000,High,True,https://www.sec.gov/Archives/edgar/data/1652044/000165204426000048/goog-20260331.htm,"As of March 31, 2026, expected future fixed or minimum guaranteed commitments under these agreements were $ 232.7 billion.","As of March 31, 2026, expected future fixed or minimum guaranteed commitments under these agreements were $ 232.7 billion.",Explicit narrative amount,True,232700000000.0,Contingent Exposure,Accepted — reclassified,Accepted: fixed or minimum-guaranteed content commitment; reclassified as contractual commitment.,112
GOOG,2026-03-31,2026-04-30,10-Q,Contingent Exposure,9000000000,High,True,https://www.sec.gov/Archives/edgar/data/1652044/000165204426000048/goog-20260331.htm,"As of March 31, 2026, our maximum potential amount of future payments under these guarantees was $ 9.0 billion, upon which we may receive certain assets.","As of March 31, 2026, our maximum potential amount of future payments under these guarantees was $ 9.0 billion, upon which we may receive certain assets.",Explicit narrative amount,True,9000000000.0,Contingent Exposure,Accepted,Accepted: explicit maximum potential future payments under outstanding guarantees.,113
GOOG,2026-03-31,2026-04-30,10-Q,Contingent Exposure,3500000000.0,High,False,https://www.sec.gov/Archives/edgar/data/1652044/000165204426000048/goog-20260331.htm,"We recognized a charge of $ 3.5 billion in the third quarter of 2025, and we placed bank guarantees in the fourth quarter of 2025 in lieu of cash payment.","We recognized a charge of $ 3.5 billion in the third quarter of 2025, and we placed bank guarantees in the fourth quarter of 2025 in lieu of cash payment.",Explicit narrative amount,True,3500000000.0,Contingent Exposure,Rejected,Rejected: historical charge/bank-guarantee narrative does not quantify the outstanding guarantee obligation.,114
META,2022-12-31,2023-02-02,10-K,Purchase or Contractual Commitments,2180000000.0,High,False,https://www.sec.gov/Archives/edgar/data/1326801/000132680123000013/meta-20221231.htm,"As of December 31, 2022, construction in progress also includes $ 2.18 billion of servers and network assets components stored by our suppliers until required by our design manufacturers to fulfill certain purchase orders.","As of December 31, 2022, construction in progress also includes $ 2.18 billion of servers and network assets components stored by our suppliers until required by our design manufacturers to fulfill certain purchase orders.",Explicit narrative amount,True,2180000000.0,Purchase or Contractual Commitments,Rejected,"Rejected: assets already stored at suppliers/construction in progress, not an unperformed future obligation.",115
META,2024-12-31,2025-01-30,10-K,Uncommenced Leases,34120000000,High,True,https://www.sec.gov/Archives/edgar/data/1326801/000132680125000017/meta-20241231.htm,"As of December 31, 2024, we have additional operating and finance leases, that have not yet commenced, with total lease obligations of approximately $ 34.12 billion, mostly for data centers, network infrastructure, and colocations.","As of December 31, 2024, we have additional operating and finance leases, that have not yet commenced, with total lease obligations of approximately $ 34.12 billion, mostly for data centers, network infrastructure, and colocations.",Explicit narrative amount,True,34119999999.999996,Uncommenced Leases,Accepted,Accepted: explicit total obligations for leases not yet commenced.,116
META,2025-03-31,2025-05-01,10-Q,Uncommenced Leases,35270000000,High,True,https://www.sec.gov/Archives/edgar/data/1326801/000132680125000054/meta-20250331.htm,"In addition to lease liabilities, we have leases that have not yet commenced of approximately $35.27 billion as of March 31, 2025, which will commence between the remainder of 2025 and 2034.","In addition to lease liabilities, we have leases that have not yet commenced of approximately $35.27 billion as of March 31, 2025, which will commence between the remainder of 2025 and 2034.",Explicit narrative amount,True,35270000000.0,Uncommenced Leases,Accepted,Accepted: explicit total obligations for leases not yet commenced.,117
META,2025-06-30,2025-07-31,10-Q,Uncommenced Leases,52560000000,High,True,https://www.sec.gov/Archives/edgar/data/1326801/000162828025036791/meta-20250630.htm,"In addition to lease liabilities, we have leases that have not yet commenced of approximately $52.56 billion as of June 30, 2025, which will commence between the remainder of 2025 and 2034.","In addition to lease liabilities, we have leases that have not yet commenced of approximately $52.56 billion as of June 30, 2025, which will commence between the remainder of 2025 and 2034.",Explicit narrative amount,True,52560000000.0,Uncommenced Leases,Accepted,Accepted: explicit total obligations for leases not yet commenced.,118
META,2025-09-30,2025-10-30,10-Q,Uncommenced Leases,58140000000,High,True,https://www.sec.gov/Archives/edgar/data/1326801/000162828025047240/meta-20250930.htm,"In addition to lease liabilities, we have leases that have not yet commenced of approximately $58.14 billion as of September 30, 2025, which will commence between the remainder of 2025 and 2030.","In addition to lease liabilities, we have leases that have not yet commenced of approximately $58.14 billion as of September 30, 2025, which will commence between the remainder of 2025 and 2030.",Explicit narrative amount,True,58140000000.0,Uncommenced Leases,Accepted,Accepted: explicit total obligations for leases not yet commenced.,119
META,2025-12-31,2026-01-29,10-K,Uncommenced Leases,103770000000,High,True,https://www.sec.gov/Archives/edgar/data/1326801/000162828026003942/meta-20251231.htm,"In addition to lease liabilities included in our consolidated balance sheets, we have leases that have not yet commenced, with total lease obligations of approximately $103.77 billion, mostly for data centers, colocations, and network infrastructure, as of December 31, 2025.","In addition to lease liabilities included in our consolidated balance sheets, we have leases that have not yet commenced, with total lease obligations of approximately $103.77 billion, mostly for data centers, colocations, and network infrastructure, as of December 31, 2025.",Explicit narrative amount,True,103770000000.0,Uncommenced Leases,Accepted,Accepted: explicit total obligations for leases not yet commenced.,120
META,2025-12-31,2026-01-29,10-K,Contingent Exposure,28000000000,High,True,https://www.sec.gov/Archives/edgar/data/1326801/000162828026003942/meta-20251231.htm,"In addition, we have provided residual value guarantees (RVG) with an aggregate threshold of approximately $ 28 billion that decreases over time.","In addition, we have provided residual value guarantees (RVG) with an aggregate threshold of approximately $ 28 billion that decreases over time.",Explicit narrative amount,True,28000000000.0,Contingent Exposure,Accepted,Accepted: explicit residual-value guarantee threshold.,121
META,2025-12-31,2026-01-29,10-K,Uncommenced Leases,103770000000.0,High,False,https://www.sec.gov/Archives/edgar/data/1326801/000162828026003942/meta-20251231.htm,"As of December 31, 2025, we have additional operating and finance leases, that have not yet commenced, with total lease obligations of approximately $ 103.77 billion, mostly for data centers, colocations, and network infrastructure.","As of December 31, 2025, we have additional operating and finance leases, that have not yet commenced, with total lease obligations of approximately $ 103.77 billion, mostly for data centers, colocations, and network infrastructure.",Explicit narrative amount,True,103770000000.0,Uncommenced Leases,Rejected,Rejected: duplicate of the accepted $103.77 billion uncommenced-lease disclosure.,122
META,2026-03-31,2026-04-30,10-Q,Contingent Exposure,28000000000,High,True,https://www.sec.gov/Archives/edgar/data/1326801/000162828026028526/meta-20260331.htm,"In addition, we have provided residual value guarantees (RVG) with an aggregate threshold of approximately $ 28 billion that decreases over time.","In addition, we have provided residual value guarantees (RVG) with an aggregate threshold of approximately $ 28 billion that decreases over time.",Explicit narrative amount,True,28000000000.0,Contingent Exposure,Accepted,Accepted: explicit residual-value guarantee threshold.,123
META,2026-03-31,2026-04-30,10-Q,Purchase or Contractual Commitments,5000000000.0,High,False,https://www.sec.gov/Archives/edgar/data/1326801/000162828026028526/meta-20260331.htm,"45 Table of Contents In addition, during the quarter ended March 31, 2026, we reclassified $5.00 billion of unrestricted money market funds to restricted cash equivalents related to the terms of a multi-year purchase agreement.","45 Table of Contents In addition, during the quarter ended March 31, 2026, we reclassified $5.00 billion of unrestricted money market funds to restricted cash equivalents related to the terms of a multi-year purchase agreement.",Explicit narrative amount,True,5000000000.0,Purchase or Contractual Commitments,Rejected,"Rejected: restricted-cash asset posted under a purchase agreement, not the amount of the purchase obligation.",124
META,2026-03-31,2026-04-30,10-Q,Contingent Exposure,14720000000,High,True,https://www.sec.gov/Archives/edgar/data/1326801/000162828026028526/meta-20260331.htm,"In addition, as of March 31, 2026, we have contingent obligations to purchase up to $14.72 billion of cloud capacity over a five-year period, which may be reduced if the cloud service provider is able to sell such capacity to other customers.","In addition, as of March 31, 2026, we have contingent obligations to purchase up to $14.72 billion of cloud capacity over a five-year period, which may be reduced if the cloud service provider is able to sell such capacity to other customers.",Explicit narrative amount,True,14720000000.0,Contingent Exposure,Accepted,Accepted: explicit contingent obligation to purchase cloud capacity.,125
META,2026-03-31,2026-04-30,10-Q,Purchase or Contractual Commitments,5000000000.0,High,False,https://www.sec.gov/Archives/edgar/data/1326801/000162828026028526/meta-20260331.htm,"In connection with certain contractual restrictions under a multi-year purchase agreement, we reclassified $5.00 billion of money market funds as restricted cash equivalents as of March 31, 2026.","In connection with certain contractual restrictions under a multi-year purchase agreement, we reclassified $5.00 billion of money market funds as restricted cash equivalents as of March 31, 2026.",Explicit narrative amount,True,5000000000.0,Purchase or Contractual Commitments,Rejected,"Rejected: restricted-cash asset posted under a purchase agreement, not the amount of the purchase obligation.",126
ORCL,2014-05-31,2014-06-26,10-K,Purchase or Contractual Commitments,510000000,Medium,True,https://www.sec.gov/Archives/edgar/data/1341439/000119312514251351/d725622d10k.htm,Purchase obligations and other (3),| Purchase obligations and other (3) | | | 510 | | | | 469 | | | | 28 | | | | 12 | | | | 1 | | | | — | | | | — |,First table amount; review required,False,510.0,Purchase or Contractual Commitments,Accepted — amount corrected,Accepted: exact purchase-obligations table total; unit normalized to dollars.,127
ORCL,2015-05-31,2015-06-25,10-K,Purchase or Contractual Commitments,42000000000.0,High,False,https://www.sec.gov/Archives/edgar/data/1341439/000119312515235239/d920711d10k.htm,"121 Table of Contents ORACLE CORPORATION NOTES TO CONSOLIDATED FINANCIAL STATEMENTS—(Continued) May 31, 2015 As of May 31, 2015, our unconditional purchase and certain other obligations were as follows (in millions): As described in Note 8 and Note 11 above, as of May 31, 2015 we have senior notes o","121 Table of Contents ORACLE CORPORATION NOTES TO CONSOLIDATED FINANCIAL STATEMENTS—(Continued) May 31, 2015 As of May 31, 2015, our unconditional purchase and certain other obligations were as follows (in millions): As described in Note 8 and Note 11 above, as of May 31, 2015 we have senior notes of $42.0 billion that mature at various future dates and derivative financial instruments outstanding that we leverage to manage certain risks and exposures.",Explicit narrative amount,True,42000000000.0,Purchase or Contractual Commitments,Rejected,Rejected: extractor captured debt/borrowings from surrounding text rather than the purchase-obligation amount.,128
ORCL,2015-05-31,2015-06-25,10-K,Purchase or Contractual Commitments,1181000000,Medium,True,https://www.sec.gov/Archives/edgar/data/1341439/000119312515235239/d920711d10k.htm,Purchase obligations and other (3),"Contractual Obligations: | Purchase obligations and other (3) | | | 1,181 | | | | 713 | | | | 195 | | | | 124 | | | | 85 | | | | 64 | | | | — |",First table amount; review required,False,1181.0,Purchase or Contractual Commitments,Accepted — amount corrected,Accepted: exact purchase-obligations table total; unit normalized to dollars.,129
ORCL,2016-05-31,2016-06-22,10-K,Purchase or Contractual Commitments,43900000000.0,High,False,https://www.sec.gov/Archives/edgar/data/1341439/000119312516628942/d203801d10k.htm,"As of May 31, 2016, our unconditional purchase and certain other obligations were as follows (in millions): As described in Note 8 and Note 11 above, as of May 31, 2016 we have senior notes and other borrowings of $43.9 billion that mature at various future dates and derivative financial instruments","As of May 31, 2016, our unconditional purchase and certain other obligations were as follows (in millions): As described in Note 8 and Note 11 above, as of May 31, 2016 we have senior notes and other borrowings of $43.9 billion that mature at various future dates and derivative financial instruments outstanding that we leverage to manage certain risks and exposures.",Explicit narrative amount,True,43900000000.0,Purchase or Contractual Commitments,Rejected,Rejected: extractor captured debt/borrowings from surrounding text rather than the purchase-obligation amount.,130
ORCL,2016-05-31,2016-06-22,10-K,Purchase or Contractual Commitments,894000000,Medium,True,https://www.sec.gov/Archives/edgar/data/1341439/000119312516628942/d203801d10k.htm,Purchase obligations and other (3),"Contractual Obligations: The contractual obligations presented in the table below represent our estimates of future payments under fixed contractual obligations and commitments. Changes in our business needs, cancellation provisions, changing interest rates and other factors may result in actual payments differing from these estimates. We cannot provide certainty regarding the timing and amounts of payments. We have presented below a summary of the most significant assumptions used in preparing this information within the context of our consolidated financial position, results of operations and cash flows. The following is a summary of certain of our contractual obligations as of May 31, 2016: Contractual Obligations: | Purchase obligations and other (3) | | | 894 | | | | 574 | | | | 153 | | | | 91 | | | | 68 | | | | 8 | | | | — |",First table amount; review required,False,894.0,Purchase or Contractual Commitments,Accepted — amount corrected,Accepted: exact purchase-obligations table total; unit normalized to dollars.,131
ORCL,2017-05-31,2017-06-27,10-K,Purchase or Contractual Commitments,58100000000.0,High,False,https://www.sec.gov/Archives/edgar/data/1341439/000119312517214833/d385998d10k.htm,"As of May 31, 2017, our unconditional purchase and certain other obligations were as follows (in millions): 115 Table of Contents ORACLE CORPORATION NOTES TO CONSOLIDATED FINANCIAL STATEMENTS—(Continued) May 31, 2017 As described in Note 8 and Note 11 above, as of May 31, 2017 we have senior notes a","As of May 31, 2017, our unconditional purchase and certain other obligations were as follows (in millions): 115 Table of Contents ORACLE CORPORATION NOTES TO CONSOLIDATED FINANCIAL STATEMENTS—(Continued) May 31, 2017 As described in Note 8 and Note 11 above, as of May 31, 2017 we have senior notes and other borrowings of $58.1 billion that mature at various future dates and derivative financial instruments outstanding that we leverage to manage certain risks and exposures.",Explicit narrative amount,True,58100000000.0,Purchase or Contractual Commitments,Rejected,Rejected: extractor captured debt/borrowings from surrounding text rather than the purchase-obligation amount.,132
ORCL,2017-05-31,2017-06-27,10-K,Purchase or Contractual Commitments,1476000000,Medium,True,https://www.sec.gov/Archives/edgar/data/1341439/000119312517214833/d385998d10k.htm,Purchase obligations and other (3),"| Purchase obligations and other (3) | | | 1,476 | | | | 955 | | | | 243 | | | | 149 | | | | 85 | | | | 44 | | | | — |",First table amount; review required,False,1476.0,Purchase or Contractual Commitments,Accepted — amount corrected,Accepted: exact purchase-obligations table total; unit normalized to dollars.,133
ORCL,2018-05-31,2018-06-22,10-K,Purchase or Contractual Commitments,60900000000.0,High,False,https://www.sec.gov/Archives/edgar/data/1341439/000119312518201034/d568983d10k.htm,"As of May 31, 2018, our unconditional purchase and certain other obligations were as follows (in millions): As described in Notes 7 and 10 above, as of May 31, 2018 we have senior notes and other borrowings of $60.9 billion that mature at various future dates and derivative financial instruments out","As of May 31, 2018, our unconditional purchase and certain other obligations were as follows (in millions): As described in Notes 7 and 10 above, as of May 31, 2018 we have senior notes and other borrowings of $60.9 billion that mature at various future dates and derivative financial instruments outstanding that we leverage to manage certain risks and exposures.",Explicit narrative amount,True,60900000000.0,Purchase or Contractual Commitments,Rejected,Rejected: extractor captured debt/borrowings from surrounding text rather than the purchase-obligation amount.,134
ORCL,2018-05-31,2018-06-22,10-K,Purchase or Contractual Commitments,1375000000,Medium,True,https://www.sec.gov/Archives/edgar/data/1341439/000119312518201034/d568983d10k.htm,Purchase obligations and other (3),"We issued the senior notes for general corporate purposes, which may include stock repurchases, payment of cash dividends on our common stock, repayment of indebtedness and future acquisitions. Additionally, in fiscal 2018, we repaid $3.5 billion of senior notes pursuant to their terms. Additional details regarding our senior notes are included in Note 7 of Notes to Consolidated Financial Statements included elsewhere in this Annual Report. Contractual Obligations: The contractual obligations presented in the table below represent our estimates of future payments under our fixed contractual obligations and commitments. Changes in our business needs, cancellation provisions, changing interest rates and other factors may result in actual payments differing from these estimates. We cannot provide certainty regarding the timing and amounts of payments. We have presented below a summary of the most significant assumptions used in preparing this information within the context of our consolidated financial position, results of operations and cash flows. The following is a summary of certain of our contractual obligations as of May 31, 2018: Contractual Obligations: | Purchase obligations ",First table amount; review required,False,1375.0,Purchase or Contractual Commitments,Accepted — amount corrected,Accepted: exact purchase-obligations table total; unit normalized to dollars.,135
ORCL,2018-05-31,2018-06-22,10-K,Purchase or Contractual Commitments,5670.0,Medium,False,https://www.sec.gov/Archives/edgar/data/1341439/000119312518201034/d568983d10k.htm,Cloud services and license support agreements and related relationships,"INTANGIBLE ASSETS AND GOODWILL INTANGIBLE ASSETS AND GOODWILL The changes in intangible assets for fiscal 2018 and the net book value of intangible assets as of May 31, 2018 and 2017 were as follows: | Cloud services and license support agreements and related relationships | | | 5,670 | | | | 423 | | | | (94 | ) | | | 5,999 | | | | (1,648 | ) | | | (731 | ) | | | 94 | | | | (2,285 | ) | | | 4,022 | | | | 3,714 | | | 5 years",First table amount; review required,False,5670.0,Purchase or Contractual Commitments,Rejected,"Rejected: intangible-asset/amortization table value, not a future contractual obligation.",136
ORCL,2019-05-31,2019-06-21,10-K,Purchase or Contractual Commitments,56300000000.0,High,False,https://www.sec.gov/Archives/edgar/data/1341439/000156459019023119/orcl-10k_20190531.htm,"As of May 31, 2019, our unconditional purchase and certain other obligations were as follows (in millions): As described in Notes 7 and 10 above, as of May 31, 2019 we have senior notes and other borrowings of $56.3 billion that mature at various future dates and derivative financial instruments out","As of May 31, 2019, our unconditional purchase and certain other obligations were as follows (in millions): As described in Notes 7 and 10 above, as of May 31, 2019 we have senior notes and other borrowings of $56.3 billion that mature at various future dates and derivative financial instruments outstanding that we leverage to manage certain risks and exposures.",Explicit narrative amount,True,56300000000.0,Purchase or Contractual Commitments,Rejected,Rejected: extractor captured debt/borrowings from surrounding text rather than the purchase-obligation amount.,137
ORCL,2019-05-31,2019-06-21,10-K,Purchase or Contractual Commitments,712000000.0,Medium,False,https://www.sec.gov/Archives/edgar/data/1341439/000156459019023119/orcl-10k_20190531.htm,Cloud services and license support agreements and related relationships,"Amortization of Intangible Assets: Substantially all of our intangible assets were acquired through our business combinations. We amortize our intangible assets over, and monitor the appropriateness of, the estimated useful lives of these assets. We also periodically review these intangible assets for potential impairment based upon relevant facts and circumstances. Note 6 of Notes to Consolidated Financial Statements included elsewhere in this Annual Report has additional information regarding our intangible assets and related amortization. Year Ended May 31, Percent Change (Dollars in millions) 2019 Actual Constant 2018 Developed technology $ 857 13% 14% $ 758 Cloud services and license support agreements and related relationships 712 -3% -3% 731 Other 120 -9% -9% 131 Total amortization of intangible assets $ 1,689 4% 4% $ 1,620 | Cloud services and license support agreements and related relationships | | | 712 | | | -3% | | -3% | | | 731 |",First table amount; review required,False,712000000.0,Purchase or Contractual Commitments,Rejected,"Rejected: intangible-asset/amortization table value, not a future contractual obligation.",138
ORCL,2019-05-31,2019-06-21,10-K,Purchase or Contractual Commitments,1045000000,Medium,True,https://www.sec.gov/Archives/edgar/data/1341439/000156459019023119/orcl-10k_20190531.htm,Purchase obligations and other (4),"Year Ending May 31, (in millions) Total 2020 2021 2022 2023 2024 Thereafter Principal payments on borrowings (1) $ 56,615 $ 4,500 $ 2,631 $ 8,250 $ 3,750 $ 3,500 $ 33,984 Interest payments on borrowings (1) 25,333 1,860 1,771 1,644 1,507 1,395 17,156 Operating leases (2) 2,381 658 538 425 262 165 333 Tax obligations (3) 6,462 416 576 576 576 1,080 3,238 Purchase obligations and other (4) 1,045 661 57 22 23 23 259 Total contractual obligations $ 91,836 $ 8,095 $ 5,573 $ 10,917 $ 6,118 $ 6,163 $ 54,970 | Purchase obligations and other (4) | | | 1,045 | | | | 661 | | | | 57 | | | | 22 | | | | 23 | | | | 23 | | | | 259 |",First table amount; review required,False,1045000000.0,Purchase or Contractual Commitments,Accepted,Accepted: exact purchase-obligations table total; unit normalized to dollars.,139
ORCL,2019-05-31,2019-06-21,10-K,Purchase or Contractual Commitments,5999000000.0,Medium,False,https://www.sec.gov/Archives/edgar/data/1341439/000156459019023119/orcl-10k_20190531.htm,Cloud services and license support agreements and related relationships,"The changes in intangible assets for fiscal 2019 and the net book value of intangible assets as of May 31, 2019 and 2018 were as follows: Intangible Assets, Gross Accumulated Amortization Intangible Assets, Net Weighted Average Useful Life (2) (Dollars in millions) May 31, 2018 Additions & Adjustments net (1) Retirements May 31, 2019 May 31, 2018 Expense Retirements May 31, 2019 May 31, 2018 May 31, 2019 Developed technology $ 5,309 $ 301 $ (204 ) $ 5,406 $ (2,814 ) $ (857 ) $ 204 $ (3,467 ) $ 2,495 $ 1,939 3 Cloud services and license support agreements and related relationships 5,999 (20 ) (286 ) 5,693 (2,285 ) (712 ) 286 (2,711 ) 3,714 2,982 4 Other 1,622 17 (50 ) 1,589 (1,161 ) (120 ) 50 (1,231 ) 461 358 5 Total intangible assets, net $ 12,930 $ 298 $ (540 ) $ 12,688 $ (6,260 ) $ (1,689 ) $ 540 $ (7,409 ) $ 6,670 $ 5,279 3 | Cloud services and license support agreements and related relationships | | | 5,999 | | | | (20 | ) | | | (286 | ) | | | 5,693 | | | | (2,285 | ) | | | (712 | ) | | | 286 | | | | (2,711 | ) | | | 3,714 | | | | 2,982 | | | | 4 |",First table amount; review required,False,5999000000.0,Purchase or Contractual Commitments,Rejected,"Rejected: intangible-asset/amortization table value, not a future contractual obligation.",140
ORCL,2020-05-31,2020-06-22,10-K,Purchase or Contractual Commitments,676000000.0,Medium,False,https://www.sec.gov/Archives/edgar/data/1341439/000156459020030125/orcl-10k_20200531.htm,Cloud services and license support agreements and related relationships,"Substantially all of our intangible assets were acquired through our business combinations. We amortize our intangible assets over, and monitor the appropriateness of, the estimated useful lives of these assets. We also periodically review these intangible assets for potential impairment based upon relevant facts and circumstances. Note 6 of Notes to Consolidated Financial Statements included elsewhere in this Annual Report has additional information regarding our intangible assets and related amortization. Year Ended May 31, Percent Change (Dollars in millions) 2020 Actual Constant 2019 Developed technology $ 789 -8% -8% $ 857 Cloud services and license support agreements and related relationships 676 -5% -5% 712 Other 121 2% 2% 120 Total amortization of intangible assets $ 1,586 -6% -6% $ 1,689 | Cloud services and license support agreements and related relationships | | | 676 | | | -5% | | -5% | | | 712 |",First table amount; review required,False,676000000.0,Purchase or Contractual Commitments,Rejected,"Rejected: intangible-asset/amortization table value, not a future contractual obligation.",141
ORCL,2020-05-31,2020-06-22,10-K,Purchase or Contractual Commitments,1263000000,Medium,True,https://www.sec.gov/Archives/edgar/data/1341439/000156459020030125/orcl-10k_20200531.htm,Purchase obligations and other (4),"The contractual obligations presented in the table below represent our estimates of future payments under our fixed contractual obligations and commitments. Changes in our business needs, cancellation provisions, changing interest rates and other factors may result in actual payments differing from these estimates. We cannot provide certainty regarding the timing and amounts of payments. We have presented below a summary of the most significant assumptions used in preparing this information within the context of our consolidated financial position, results of operations and cash flows. The following is a summary of our material contractual obligations as of May 31, 2020: Year Ending May 31, (in millions) Total 2021 2022 2023 2024 2025 Thereafter Principal payments on borrowings (1) $ 72,115 $ 2,631 $ 8,250 $ 3,750 $ 3,500 $ 10,000 $ 43,984 Interest payments on borrowings (1) 37,664 2,431 2,291 2,150 2,038 1,926 26,828 Operating leases (2) 2,315 616 519 350 252 192 386 Tax obligations (3) 6,046 576 576 576 1,080 1,440 1,798 Purchase obligations and other (4) 1,263 881 66 30 27 23 236 Total contractual obligations $ 119,403 $ 7,135 $ 11,702 $ 6,856 $ 6,897 $ 13,581 $ 73,232 | Purchas",First table amount; review required,False,1263000000.0,Purchase or Contractual Commitments,Accepted,Accepted: exact purchase-obligations table total; unit normalized to dollars.,142
ORCL,2020-05-31,2020-06-22,10-K,Purchase or Contractual Commitments,5693000000.0,Medium,False,https://www.sec.gov/Archives/edgar/data/1341439/000156459020030125/orcl-10k_20200531.htm,Cloud services and license support agreements and related relationships,"The changes in intangible assets for fiscal 2020 and the net book value of intangible assets as of May 31, 2020 and 2019 were as follows: Intangible Assets, Gross Accumulated Amortization Intangible Assets, Net Weighted Average Useful Life (2) (Dollars in millions) May 31, 2019 Additions & Adjustments net (1) Retirements May 31, 2020 May 31, 2019 Expense Retirements May 31, 2020 May 31, 2019 May 31, 2020 Developed technology $ 5,406 $ 31 $ ( 966 ) $ 4,471 $ ( 3,467 ) $ ( 789 ) $ 966 $ ( 3,290 ) $ 1,939 $ 1,181 4 Cloud services and license support agreements and related relationships 5,693 12 ( 116 ) 5,589 ( 2,711 ) ( 676 ) 116 ( 3,271 ) 2,982 2,318 4 Other 1,589 2 ( 250 ) 1,341 ( 1,231 ) ( 121 ) 250 ( 1,102 ) 358 239 4 Total intangible assets, net $ 12,688 $ 45 $ ( 1,332 ) $ 11,401 $ ( 7,409 ) $ ( 1,586 ) $ 1,332 $ ( 7,663 ) $ 5,279 $ 3,738 | Cloud services and license support agreements and related relationships | | | 5,693 | | | | 12 | | | | ( 116 | ) | | | 5,589 | | | | ( 2,711 | ) | | | ( 676 | ) | | | 116 | | | | ( 3,271 | ) | | | 2,982 | | | | 2,318 | | | | 4 |",First table amount; review required,False,5693000000.0,Purchase or Contractual Commitments,Rejected,"Rejected: intangible-asset/amortization table value, not a future contractual obligation.",143
ORCL,2021-05-31,2021-06-21,10-K,Purchase or Contractual Commitments,669000000.0,Medium,False,https://www.sec.gov/Archives/edgar/data/1341439/000156459021033616/orcl-10k_20210531.htm,Cloud services and license support agreements and related relationships,"Substantially all of our intangible assets were acquired through our business combinations. We amortize our intangible assets over, and monitor the appropriateness of, the estimated useful lives of these assets. We also periodically review these intangible assets for potential impairment based upon relevant facts and circumstances. Note 6 of Notes to Consolidated Financial Statements included elsewhere in this Annual Report has additional information regarding our intangible assets and related amortization. Year Ended May 31, Percent Change (Dollars in millions) 2021 Actual Constant 2020 Developed technology $ 621 -21% -22% $ 789 Cloud services and license support agreements and related relationships 669 -1% -2% 676 Other 89 -27% -27% 121 Total amortization of intangible assets $ 1,379 -13% -14% $ 1,586 | Cloud services and license support agreements and related relationships | | | 669 | | | -1% | | -2% | | | 676 |",First table amount; review required,False,669000000.0,Purchase or Contractual Commitments,Rejected,"Rejected: intangible-asset/amortization table value, not a future contractual obligation.",144
ORCL,2021-05-31,2021-06-21,10-K,Purchase or Contractual Commitments,5589000000.0,Medium,False,https://www.sec.gov/Archives/edgar/data/1341439/000156459021033616/orcl-10k_20210531.htm,Cloud services and license support agreements and related relationships,"The changes in intangible assets for fiscal 2021 and the net book value of intangible assets as of May 31, 2021 and 2020 were as follows: Intangible Assets, Gross Accumulated Amortization Intangible Assets, Net Weighted Average Useful Life ( 2) (Dollars in millions) May 31, 2020 Additions & Adjustments, net (1) Retirements May 31, 2021 May 31, 2020 Expense Retirements May 31, 2021 May 31, 2020 May 31, 2021 Developed technology $ 4,471 $ 56 $ ( 290 ) $ 4,237 $ ( 3,290 ) $ ( 621 ) $ 290 $ ( 3,621 ) $ 1,181 $ 616 3 Cloud services and license support agreements and related relationships 5,589 14 ( 106 ) 5,497 ( 3,271 ) ( 669 ) 106 ( 3,834 ) 2,318 1,663 N.A. Other 1,341 1 ( 73 ) 1,269 ( 1,102 ) ( 89 ) 73 ( 1,118 ) 239 151 N.A. Total intangible assets, net $ 11,401 $ 71 $ ( 469 ) $ 11,003 $ ( 7,663 ) $ ( 1,379 ) $ 469 $ ( 8,573 ) $ 3,738 $ 2,430 | Cloud services and license support agreements and related relationships | | | 5,589 | | | | 14 | | | | ( 106 | ) | | | 5,497 | | | | ( 3,271 | ) | | | ( 669 | ) | | | 106 | | | | ( 3,834 | ) | | | 2,318 | | | | 1,663 | | | N.A. |",First table amount; review required,False,5589000000.0,Purchase or Contractual Commitments,Rejected,"Rejected: intangible-asset/amortization table value, not a future contractual obligation.",145
ORCL,2022-05-31,2022-06-21,10-K,Purchase or Contractual Commitments,592000000.0,Medium,False,https://www.sec.gov/Archives/edgar/data/1341439/000156459022023675/orcl-10k_20220531.htm,Cloud services and license support agreements and related relationships,"Substantially all of our intangible assets were acquired through our business combinations. We amortize our intangible assets over, and monitor the appropriateness of, the estimated useful lives of these assets. We also periodically review these intangible assets for potential impairment based upon relevant facts and circumstances. Note 6 of Notes to Consolidated Financial Statements included elsewhere in this Annual Report has additional information regarding our intangible assets and related amortization. Year Ended May 31, Percent Change (Dollars in millions) 2022 Actual Constant 2021 Developed technology $ 475 -24% -23% $ 621 Cloud services and license support agreements and related relationships 592 -11% -11% 669 Other 83 -7% -7% 89 Total amortization of intangible assets $ 1,150 -17% -17% $ 1,379 | Cloud services and license support agreements and related relationships | | | 592 | | | -11% | | -11% | | | 669 |",First table amount; review required,False,592000000.0,Purchase or Contractual Commitments,Rejected,"Rejected: intangible-asset/amortization table value, not a future contractual obligation.",146
ORCL,2022-05-31,2022-06-21,10-K,Purchase or Contractual Commitments,5497000000.0,Medium,False,https://www.sec.gov/Archives/edgar/data/1341439/000156459022023675/orcl-10k_20220531.htm,Cloud services and license support agreements and related relationships,"The changes in intangible assets for fiscal 2022 and the net book value of intangible assets as of May 31, 2022 and 2021 were as follows: Intangible Assets, Gross Accumulated Amortization Intangible Assets, Net Weighted Average Useful Life (2) (Dollars in millions) May 31, 2021 Additions & Adjustments, net (1) Retirements May 31, 2022 May 31, 2021 Expense Retirements May 31, 2022 May 31, 2021 May 31, 2022 Developed technology $ 4,237 $ 165 $ ( 436 ) $ 3,966 $ ( 3,621 ) $ ( 475 ) $ 436 $ ( 3,660 ) $ 616 $ 306 3 Cloud services and license support agreements and related relationships 5,497 ( 5 ) ( 232 ) 5,260 ( 3,834 ) ( 592 ) 232 ( 4,194 ) 1,663 1,066 N/A Other 1,269 — ( 48 ) 1,221 ( 1,118 ) ( 83 ) 48 ( 1,153 ) 151 68 N/A Total intangible assets, net $ 11,003 $ 160 $ ( 716 ) $ 10,447 $ ( 8,573 ) $ ( 1,150 ) $ 716 $ ( 9,007 ) $ 2,430 $ 1,440 | Cloud services and license support agreements and related relationships | | | 5,497 | | | | ( 5 | ) | | | ( 232 | ) | | | 5,260 | | | | ( 3,834 | ) | | | ( 592 | ) | | | 232 | | | | ( 4,194 | ) | | | 1,663 | | | | 1,066 | | | N/A |",First table amount; review required,False,5497000000.0,Purchase or Contractual Commitments,Rejected,"Rejected: intangible-asset/amortization table value, not a future contractual obligation.",147
ORCL,2023-05-31,2023-06-20,10-K,Purchase or Contractual Commitments,1507.0,Medium,False,https://www.sec.gov/Archives/edgar/data/1341439/000095017023028914/orcl-20230531.htm,Cloud services and license support agreements and related relationships,"Amortization of Intangible Assets : Substantially all of our intangible assets were acquired through our business combinations. We amortize our intangible assets over, and monitor the appropriateness of, the estimated useful lives of these assets. We also periodically review these intangible assets for potential impairment based upon relevant facts and circumstances. Refer to Note 6 of Notes to Consolidated Financial Statements included elsewhere in this Annual Report for additional information regarding our intangible assets and related amortization. | Cloud services and license support agreements and related relationships | | | 1,507 | | | 155% | | 154% | | | 592 |",First table amount; review required,False,1507.0,Purchase or Contractual Commitments,Rejected,"Rejected: intangible-asset/amortization table value, not a future contractual obligation.",148
ORCL,2023-05-31,2023-06-20,10-K,Purchase or Contractual Commitments,5260000000.0,Medium,False,https://www.sec.gov/Archives/edgar/data/1341439/000095017023028914/orcl-20230531.htm,Cloud services and license support agreements and related relationships,"Intangible Assets, Gross Accumulated Amortization Intangible Assets, Net Weighted Average (Dollars in millions) May 31, 2022 Additions & Adjustments, net (1) Retirements May 31, 2023 May 31, 2022 Expense Retirements May 31, 2023 May 31, 2022 May 31, 2023 Useful Life (2) Developed technology $ 3,966 $ 2,379 $ ( 2,045 ) $ 4,300 $ ( 3,660 ) $ ( 792 ) $ 2,045 $ ( 2,407 ) $ 306 $ 1,893 4 Cloud services and license support agreements and related relationships 5,260 4,318 ( 122 ) 9,456 ( 4,194 ) ( 1,507 ) 122 ( 5,579 ) 1,066 3,877 7 Cloud license and on-premise license agreements and related relationships 356 2,437 ( 105 ) 2,688 ( 343 ) ( 459 ) 105 ( 697 ) 13 1,991 7 Other 865 2,845 ( 128 ) 3,582 ( 810 ) ( 824 ) 128 ( 1,506 ) 55 2,076 4 Total intangible assets, net $ 10,447 $ 11,979 $ ( 2,400 ) $ 20,026 $ ( 9,007 ) $ ( 3,582 ) $ 2,400 $ ( 10,189 ) $ 1,440 $ 9,837 (1) Amounts also included any changes in intangible asset balances for the periods presented that resulted from foreign currency translations. (2) Represents weighted-average useful lives (in years) of intangible assets acquired during fiscal 2023. | Cloud services and license support agreements and related relationships | | | 5,",First table amount; review required,False,5260000000.0,Purchase or Contractual Commitments,Rejected,"Rejected: intangible-asset/amortization table value, not a future contractual obligation.",149
ORCL,2024-05-31,2024-06-20,10-K,Purchase or Contractual Commitments,1026.0,Medium,False,https://www.sec.gov/Archives/edgar/data/1341439/000095017024075605/orcl-20240531.htm,Cloud services and license support agreements and related relationships,"Amortization of Intangible Assets : Substantially all of our intangible assets were acquired through our business combinations. We amortize our intangible assets over, and monitor the appropriateness of, the estimated useful lives of these assets. We also periodically review these intangible assets for potential impairment based upon relevant facts and circumstances. Refer to Note 6 of Notes to Consolidated Financial Statements included elsewhere in this Annual Report for additional information regarding our intangible assets and related amortization. | Cloud services and license support agreements and related relationships | | | 1,026 | | | -32% | | -32% | | | 1,507 |",First table amount; review required,False,1026.0,Purchase or Contractual Commitments,Rejected,"Rejected: intangible-asset/amortization table value, not a future contractual obligation.",150
ORCL,2024-05-31,2024-06-20,10-K,Purchase or Contractual Commitments,9456000000.0,Medium,False,https://www.sec.gov/Archives/edgar/data/1341439/000095017024075605/orcl-20240531.htm,Cloud services and license support agreements and related relationships,"Intangible Assets, Gross Accumulated Amortization Intangible Assets, Net Weighted Average (Dollars in millions) May 31, 2023 Additions Retirements May 31, 2024 May 31, 2023 Expense Retirements May 31, 2024 May 31, 2023 May 31, 2024 Useful Life (1) Developed technology $ 4,300 $ 59 $ ( 124 ) $ 4,235 $ ( 2,407 ) $ ( 676 ) $ 124 $ ( 2,959 ) $ 1,893 $ 1,276 3 Cloud services and license support agreements and related relationships 9,456 — ( 996 ) 8,460 ( 5,579 ) ( 1,026 ) 996 ( 5,609 ) 3,877 2,851 N.A. Cloud license and on-premise license agreements and related relationships 2,688 — ( 125 ) 2,563 ( 697 ) ( 467 ) 125 ( 1,039 ) 1,991 1,524 N.A. Other 3,582 4 ( 53 ) 3,533 ( 1,506 ) ( 841 ) 53 ( 2,294 ) 2,076 1,239 N.A. Total intangible assets, net $ 20,026 $ 63 $ ( 1,298 ) $ 18,791 $ ( 10,189 ) $ ( 3,010 ) $ 1,298 $ ( 11,901 ) $ 9,837 $ 6,890 (1) Represents weighted-average useful lives (in years) of intangible assets acquired during fiscal 2024. | Cloud services and license support agreements and related relationships | | | 9,456 | | | | — | | | | ( 996 | ) | | | 8,460 | | | | ( 5,579 | ) | | | ( 1,026 | ) | | | 996 | | | | ( 5,609 | ) | | | 3,877 | | | | 2,851 | | | N.A. |",First table amount; review required,False,9456000000.0,Purchase or Contractual Commitments,Rejected,"Rejected: intangible-asset/amortization table value, not a future contractual obligation.",151
ORCL,2025-02-28,2025-03-11,10-Q,Purchase or Contractual Commitments,156.0,Medium,False,https://www.sec.gov/Archives/edgar/data/1341439/000095017025037143/orcl-20250228.htm,Cloud services and license support agreements and related relationships,Table of Contents | Cloud services and license support agreements and related relationships | | | 156 | | | -39% | | -39% | | | 253 | | | | 558 | | | -29% | | -29% | | | 781 |,First table amount; review required,False,156.0,Purchase or Contractual Commitments,Rejected,"Rejected: intangible-asset/amortization table value, not a future contractual obligation.",152
ORCL,2025-05-31,2025-06-18,10-K,Purchase or Contractual Commitments,8460.0,Medium,False,https://www.sec.gov/Archives/edgar/data/1341439/000095017025087926/orcl-20250531.htm,Cloud services and license support agreements and related relationships,"The changes in intangible assets for fiscal 2025 and the net book value of intangible assets as of May 31, 2025 and 2024 were as follows: The changes in intangible assets for fiscal 2025 and the net book value of intangible assets as of May 31, 2025 and 2024 were as follows: | Cloud services and license support agreements and related relationships | | | 8,460 | | | | ( 1,312 | ) | | | 7,148 | | | | ( 5,609 | ) | | | ( 714 | ) | | | 1,312 | | | | ( 5,011 | ) | | | 2,851 | | | | 2,137 | |",First table amount; review required,False,8460.0,Purchase or Contractual Commitments,Rejected,"Rejected: intangible-asset/amortization table value, not a future contractual obligation.",153
ORCL,2025-11-30,2025-12-11,10-Q,Purchase or Contractual Commitments,10000000000,High,True,https://www.sec.gov/Archives/edgar/data/1341439/000119312525315925/orcl-20251130.htm,"As of November 30, 2025, our unconditional purchase and certain other obligations, which were primarily related to cloud capacity arrangements, were $ 10 billion.","As of November 30, 2025, our unconditional purchase and certain other obligations, which were primarily related to cloud capacity arrangements, were $ 10 billion.",Explicit narrative amount,True,10000000000.0,Purchase or Contractual Commitments,Accepted,Accepted: explicit unconditional purchase and other obligations.,154
ORCL,2026-02-28,2026-03-11,10-Q,Purchase or Contractual Commitments,11000000000,High,True,https://www.sec.gov/Archives/edgar/data/1341439/000119312526101045/orcl-20260228.htm,"As of February 28, 2026 , our unconditional purchase and certain other obligations, which were primarily related to data center power arrangements, were $ 11 billion.","As of February 28, 2026 , our unconditional purchase and certain other obligations, which were primarily related to data center power arrangements, were $ 11 billion.",Explicit narrative amount,True,11000000000.0,Purchase or Contractual Commitments,Accepted,Accepted: explicit unconditional purchase and other obligations.,155
NVDA,2014-01-26,2014-03-13,10-K,Purchase or Contractual Commitments,500000000.0,High,False,https://www.sec.gov/Archives/edgar/data/1045810/000104581014000030/nvda-2014x10k.htm,"The following table presents details of our share repurchase transactions during the three months ended January 26, 2014 (in millions, except per share amounts): As part of the repurchase program, during February 2014, we entered into an accelerated share repurchase agreement, or ASR, with an invest","The following table presents details of our share repurchase transactions during the three months ended January 26, 2014 (in millions, except per share amounts): As part of the repurchase program, during February 2014, we entered into an accelerated share repurchase agreement, or ASR, with an investment bank, under which we prepaid $500.0 million to purchase shares of our common stock.",Explicit narrative amount,True,500000000.0,Purchase or Contractual Commitments,Rejected,"Rejected: share-repurchase authorization/activity, not a procurement obligation.",156
NVDA,2014-01-26,2014-03-13,10-K,Purchase or Contractual Commitments,500000000.0,High,False,https://www.sec.gov/Archives/edgar/data/1045810/000104581014000030/nvda-2014x10k.htm,"As part of our capital return program, during February 2014 we entered into an accelerated share repurchase agreement to purchase $500.0 million in shares of our common stock.","As part of our capital return program, during February 2014 we entered into an accelerated share repurchase agreement to purchase $500.0 million in shares of our common stock.",Explicit narrative amount,True,500000000.0,Purchase or Contractual Commitments,Rejected,"Rejected: share-repurchase authorization/activity, not a procurement obligation.",157
NVDA,2014-01-26,2014-03-13,10-K,Purchase or Contractual Commitments,25800000.0,High,False,https://www.sec.gov/Archives/edgar/data/1045810/000104581014000030/nvda-2014x10k.htm,"Future minimum lease payments under the building capital lease total $25.8 million over the remaining lease term, including predetermined rent escalations, and are included in the future minimum lease payment schedule below: Litigation 3dfx On December 15, 2000, NVIDIA and one of our indirect subsid","Future minimum lease payments under the building capital lease total $25.8 million over the remaining lease term, including predetermined rent escalations, and are included in the future minimum lease payment schedule below: Litigation 3dfx On December 15, 2000, NVIDIA and one of our indirect subsidiaries entered into an Asset Purchase Agreement, or APA, to purchase certain graphics chip assets from 3dfx.",Explicit narrative amount,True,25800000.0,Purchase or Contractual Commitments,Rejected,Rejected: ordinary capital-lease disclosure already recognized; not an uncommenced lease commitment.,158
NVDA,2014-01-26,2014-03-13,10-K,Purchase or Contractual Commitments,500000000.0,High,False,https://www.sec.gov/Archives/edgar/data/1045810/000104581014000030/nvda-2014x10k.htm,"During February 2014, as part of our stock repurchase program, we entered into an accelerated share repurchase agreement, or ASR, with an investment bank, under which we prepaid $500.0 million to purchase shares of our common stock and received 20.6 million shares.","During February 2014, as part of our stock repurchase program, we entered into an accelerated share repurchase agreement, or ASR, with an investment bank, under which we prepaid $500.0 million to purchase shares of our common stock and received 20.6 million shares.",Explicit narrative amount,True,500000000.0,Purchase or Contractual Commitments,Rejected,"Rejected: share-repurchase authorization/activity, not a procurement obligation.",159
NVDA,2014-01-26,2014-03-13,10-K,Purchase or Contractual Commitments,500000000.0,High,False,https://www.sec.gov/Archives/edgar/data/1045810/000104581014000030/nvda-2014x10k.htm,"97 Table of Contents NVIDIA CORPORATION AND SUBSIDIARIES NOTES TO THE CONSOLIDATED FINANCIAL STATEMENTS (Continued) Accounts receivable from significant customers, those representing 10% or more of total accounts receivable for the respective periods, is summarized as follows: Note 17 - Quarterly Su","97 Table of Contents NVIDIA CORPORATION AND SUBSIDIARIES NOTES TO THE CONSOLIDATED FINANCIAL STATEMENTS (Continued) Accounts receivable from significant customers, those representing 10% or more of total accounts receivable for the respective periods, is summarized as follows: Note 17 - Quarterly Summary (Unaudited) The following table sets forth our unaudited consolidated financial results, for the last eight fiscal quarters: 98 Table of Contents NVIDIA CORPORATION AND SUBSIDIARIES NOTES TO THE CONSOLIDATED FINANCIAL STATEMENTS (Continued) Note 18 - Subsequent Event During February 2014, as part of our stock repurchase program, we entered into an accelerated share repurchase agreement, or ASR, with an investment bank, under which we prepaid $500.0 million to purchase shares of our common stock and received 20.6 million shares.",Explicit narrative amount,True,500000000.0,Purchase or Contractual Commitments,Rejected,"Rejected: share-repurchase authorization/activity, not a procurement obligation.",160
NVDA,2014-01-26,2014-03-13,10-K,Purchase or Contractual Commitments,397704000,Medium,True,https://www.sec.gov/Archives/edgar/data/1045810/000104581014000030/nvda-2014x10k.htm,Inventory purchase obligations,"Payment Due By Period Contractual Obligations Total Less than 1 Year 1-3 Years 4-5 Years More than 5 Years All Other (In thousands) 1.00% Convertible Senior Notes due 2018 (1) $ 1,575,000 $ 15,000 $ 30,000 $ 1,530,000 $ — $ — Operating leases (2) 291,848 74,007 131,684 51,464 34,693 — Capital lease 27,324 5,168 10,756 11,374 26 — Inventory purchase obligations 397,704 397,704 — — — — Uncertain tax positions, interest and penalties (3) 119,977 — — — — 119,977 Capital purchase obligations 41,293 41,293 — — — — Retention program (4) 18,090 14,468 3,622 — Total contractual obligations $ 2,471,236 $ 547,640 $ 176,062 $ 1,592,838 $ 34,719 $ 119,977 Payment Due By Period Contractual Obligations Total Less than 1 Year 1-3 Years 4-5 Years More than 5 Years All Other (In thousands) 1.00% Convertible Senior Notes due 2018 (1) $ 1,575,000 $ 15,000 $ 30,000 $ 1,530,000 $ — $ — Operating leases (2) 291,848 74,007 131,684 51,464 34,693 — Capital lease 27,324 5,168 10,756 11,374 26 — Inventory purchase obligations 397,704 397,704 — — — — Uncertain tax positions, interest and penalties (3) 119,977 — — — — 119,977 Capital purchase obligations 41,293 41,293 — — — — Retention program (4) 18,090 14,468",First table amount; review required,False,397704000.0,Purchase or Contractual Commitments,Accepted,Accepted: inventory-purchase obligation table component.,161
NVDA,2014-01-26,2014-03-13,10-K,Purchase or Contractual Commitments,41293000,Medium,True,https://www.sec.gov/Archives/edgar/data/1045810/000104581014000030/nvda-2014x10k.htm,Capital purchase obligations,"Payment Due By Period Contractual Obligations Total Less than 1 Year 1-3 Years 4-5 Years More than 5 Years All Other (In thousands) 1.00% Convertible Senior Notes due 2018 (1) $ 1,575,000 $ 15,000 $ 30,000 $ 1,530,000 $ — $ — Operating leases (2) 291,848 74,007 131,684 51,464 34,693 — Capital lease 27,324 5,168 10,756 11,374 26 — Inventory purchase obligations 397,704 397,704 — — — — Uncertain tax positions, interest and penalties (3) 119,977 — — — — 119,977 Capital purchase obligations 41,293 41,293 — — — — Retention program (4) 18,090 14,468 3,622 — Total contractual obligations $ 2,471,236 $ 547,640 $ 176,062 $ 1,592,838 $ 34,719 $ 119,977 Payment Due By Period Contractual Obligations Total Less than 1 Year 1-3 Years 4-5 Years More than 5 Years All Other (In thousands) 1.00% Convertible Senior Notes due 2018 (1) $ 1,575,000 $ 15,000 $ 30,000 $ 1,530,000 $ — $ — Operating leases (2) 291,848 74,007 131,684 51,464 34,693 — Capital lease 27,324 5,168 10,756 11,374 26 — Inventory purchase obligations 397,704 397,704 — — — — Uncertain tax positions, interest and penalties (3) 119,977 — — — — 119,977 Capital purchase obligations 41,293 41,293 — — — — Retention program (4) 18,090 14,468",First table amount; review required,False,41293000.0,Purchase or Contractual Commitments,Accepted,Accepted: capital-purchase obligation table component.,162
NVDA,2015-01-25,2015-03-12,10-K,Purchase or Contractual Commitments,456000000.0,High,False,https://www.sec.gov/Archives/edgar/data/1045810/000104581015000036/nvda-2015x10k.htm,"75 Table of Contents NVIDIA CORPORATION AND SUBSIDIARIES NOTES TO THE CONSOLIDATED FINANCIAL STATEMENTS (Continued) Note 12 - Commitments and Contingencies Inventory Purchase Obligations At January 25, 2015 , we had outstanding inventory purchase obligations totaling $456.0 million .","75 Table of Contents NVIDIA CORPORATION AND SUBSIDIARIES NOTES TO THE CONSOLIDATED FINANCIAL STATEMENTS (Continued) Note 12 - Commitments and Contingencies Inventory Purchase Obligations At January 25, 2015 , we had outstanding inventory purchase obligations totaling $456.0 million .",Explicit narrative amount,True,456000000.0,Purchase or Contractual Commitments,Rejected,Rejected: rounded narrative duplicate of exact table components.,163
NVDA,2015-01-25,2015-03-12,10-K,Purchase or Contractual Commitments,51000000.0,High,False,https://www.sec.gov/Archives/edgar/data/1045810/000104581015000036/nvda-2015x10k.htm,"Capital Purchase Obligations At January 25, 2015 , we had outstanding capital purchase obligations totaling $51.0 million .","Capital Purchase Obligations At January 25, 2015 , we had outstanding capital purchase obligations totaling $51.0 million .",Explicit narrative amount,True,51000000.0,Purchase or Contractual Commitments,Rejected,Rejected: rounded narrative duplicate of exact table components.,164
NVDA,2015-01-25,2015-03-12,10-K,Purchase or Contractual Commitments,20900000.0,High,False,https://www.sec.gov/Archives/edgar/data/1045810/000104581015000036/nvda-2015x10k.htm,"Future minimum lease payments under the building capital lease total $20.9 million over the remaining lease term, including predetermined rent escalations, and are included in the future minimum lease payment schedule below: Litigation 3dfx On December 15, 2000, NVIDIA and one of our indirect subsid","Future minimum lease payments under the building capital lease total $20.9 million over the remaining lease term, including predetermined rent escalations, and are included in the future minimum lease payment schedule below: Litigation 3dfx On December 15, 2000, NVIDIA and one of our indirect subsidiaries entered into an Asset Purchase Agreement, or APA, to purchase certain graphics chip assets from 3dfx.",Explicit narrative amount,True,20900000.0,Purchase or Contractual Commitments,Rejected,Rejected: ordinary capital-lease disclosure already recognized; not an uncommenced lease commitment.,165
NVDA,2015-01-25,2015-03-12,10-K,Purchase or Contractual Commitments,456000000,Medium,True,https://www.sec.gov/Archives/edgar/data/1045810/000104581015000036/nvda-2015x10k.htm,Inventory purchase obligations,"Payment Due By Period Contractual Obligations Total Less than 1 Year 1-3 Years 4-5 Years More than 5 Years All Other (In thousands) 1.00% Convertible Senior Notes due 2018 (1) $ 1,560,000 $ 15,000 $ 30,000 $ 1,515,000 $ — $ — Inventory purchase obligations 456,000 456,000 — — — — Operating leases (2) 241,311 76,741 100,312 36,781 27,477 — Uncertain tax positions, interest and penalties (3) 120,961 — — — — 120,961 Capital purchase obligations 51,000 51,000 — — — — Capital lease 22,156 5,303 11,060 5,793 — — Retention program (4) 3,521 3,521 — — — — Total contractual obligations $ 2,454,949 $ 607,565 $ 141,372 $ 1,557,574 $ 27,477 $ 120,961 Payment Due By Period Contractual Obligations Total Less than 1 Year 1-3 Years 4-5 Years More than 5 Years All Other (In thousands) 1.00% Convertible Senior Notes due 2018 (1) $ 1,560,000 $ 15,000 $ 30,000 $ 1,515,000 $ — $ — Inventory purchase obligations 456,000 456,000 — — — — Operating leases (2) 241,311 76,741 100,312 36,781 27,477 — Uncertain tax positions, interest and penalties (3) 120,961 — — — — 120,961 Capital purchase obligations 51,000 51,000 — — — — Capital lease 22,156 5,303 11,060 5,793 — — Retention program (4) 3,521 3,521 — — — —",First table amount; review required,False,456000000.0,Purchase or Contractual Commitments,Accepted,Accepted: exact inventory-purchase obligation table component.,166
NVDA,2015-01-25,2015-03-12,10-K,Purchase or Contractual Commitments,51000000,Medium,True,https://www.sec.gov/Archives/edgar/data/1045810/000104581015000036/nvda-2015x10k.htm,Capital purchase obligations,"Payment Due By Period Contractual Obligations Total Less than 1 Year 1-3 Years 4-5 Years More than 5 Years All Other (In thousands) 1.00% Convertible Senior Notes due 2018 (1) $ 1,560,000 $ 15,000 $ 30,000 $ 1,515,000 $ — $ — Inventory purchase obligations 456,000 456,000 — — — — Operating leases (2) 241,311 76,741 100,312 36,781 27,477 — Uncertain tax positions, interest and penalties (3) 120,961 — — — — 120,961 Capital purchase obligations 51,000 51,000 — — — — Capital lease 22,156 5,303 11,060 5,793 — — Retention program (4) 3,521 3,521 — — — — Total contractual obligations $ 2,454,949 $ 607,565 $ 141,372 $ 1,557,574 $ 27,477 $ 120,961 Payment Due By Period Contractual Obligations Total Less than 1 Year 1-3 Years 4-5 Years More than 5 Years All Other (In thousands) 1.00% Convertible Senior Notes due 2018 (1) $ 1,560,000 $ 15,000 $ 30,000 $ 1,515,000 $ — $ — Inventory purchase obligations 456,000 456,000 — — — — Operating leases (2) 241,311 76,741 100,312 36,781 27,477 — Uncertain tax positions, interest and penalties (3) 120,961 — — — — 120,961 Capital purchase obligations 51,000 51,000 — — — — Capital lease 22,156 5,303 11,060 5,793 — — Retention program (4) 3,521 3,521 — — — —",First table amount; review required,False,51000000.0,Purchase or Contractual Commitments,Accepted,Accepted: exact capital-purchase obligation table component.,167
NVDA,2016-01-31,2016-03-17,10-K,Purchase or Contractual Commitments,391000000.0,High,False,https://www.sec.gov/Archives/edgar/data/1045810/000104581016000205/nvda-2016x10k.htm,"73 Table of Contents NVIDIA CORPORATION AND SUBSIDIARIES NOTES TO THE CONSOLIDATED FINANCIAL STATEMENTS (Continued) Note 8 - Balance Sheet Components Certain balance sheet components are as follows: As of January 31, 2016 , we had outstanding inventory purchase obligations totaling $391 million .","73 Table of Contents NVIDIA CORPORATION AND SUBSIDIARIES NOTES TO THE CONSOLIDATED FINANCIAL STATEMENTS (Continued) Note 8 - Balance Sheet Components Certain balance sheet components are as follows: As of January 31, 2016 , we had outstanding inventory purchase obligations totaling $391 million .",Explicit narrative amount,True,391000000.0,Purchase or Contractual Commitments,Rejected,Rejected: duplicate/rounded narrative; exact table components used.,168
NVDA,2016-01-31,2016-03-17,10-K,Purchase or Contractual Commitments,391000000.0,High,False,https://www.sec.gov/Archives/edgar/data/1045810/000104581016000205/nvda-2016x10k.htm,"79 Table of Contents NVIDIA CORPORATION AND SUBSIDIARIES NOTES TO THE CONSOLIDATED FINANCIAL STATEMENTS (Continued) Note 12 - Commitments and Contingencies Inventory Purchase Obligations As of January 31, 2016 , we had outstanding inventory purchase obligations totaling $391 million .","79 Table of Contents NVIDIA CORPORATION AND SUBSIDIARIES NOTES TO THE CONSOLIDATED FINANCIAL STATEMENTS (Continued) Note 12 - Commitments and Contingencies Inventory Purchase Obligations As of January 31, 2016 , we had outstanding inventory purchase obligations totaling $391 million .",Explicit narrative amount,True,391000000.0,Purchase or Contractual Commitments,Rejected,Rejected: duplicate/rounded narrative; exact table components used.,169
NVDA,2016-01-31,2016-03-17,10-K,Purchase or Contractual Commitments,36000000.0,High,False,https://www.sec.gov/Archives/edgar/data/1045810/000104581016000205/nvda-2016x10k.htm,"Capital Purchase Obligations As of January 31, 2016 , we had outstanding capital purchase obligations totaling $36 million .","Capital Purchase Obligations As of January 31, 2016 , we had outstanding capital purchase obligations totaling $36 million .",Explicit narrative amount,True,36000000.0,Purchase or Contractual Commitments,Rejected,Rejected: duplicate/rounded narrative; exact table components used.,170
NVDA,2016-01-31,2016-03-17,10-K,Purchase or Contractual Commitments,391000000,Medium,True,https://www.sec.gov/Archives/edgar/data/1045810/000104581016000205/nvda-2016x10k.htm,Inventory purchase obligations,"Payment Due By Period Contractual Obligations Total Less than 1 Year 1-3 Years 4-5 Years More than 5 Years All Other (In millions) 1.00% Convertible Senior Notes due 2018 (1) $ 1,545 $ 1,515 $ 30 $ — $ — $ — Inventory purchase obligations 391 391 — — — — Operating leases (2) (3) 265 75 123 46 21 — Uncertain tax positions, interest and penalties (4) 78 — — — — 78 Capital purchase obligations 36 36 — — — — Capital lease 17 5 12 — — — Restructuring related obligation (5) 23 23 — — — — Total contractual obligations $ 2,355 $ 2,045 $ 165 $ 46 $ 21 $ 78 Payment Due By Period Contractual Obligations Total Less than 1 Year 1-3 Years 4-5 Years More than 5 Years All Other (In millions) 1.00% Convertible Senior Notes due 2018 (1) $ 1,545 $ 1,515 $ 30 $ — $ — $ — Inventory purchase obligations 391 391 — — — — Operating leases (2) (3) 265 75 123 46 21 — Uncertain tax positions, interest and penalties (4) 78 — — — — 78 Capital purchase obligations 36 36 — — — — Capital lease 17 5 12 — — — Restructuring related obligation (5) 23 23 — — — — Total contractual obligations $ 2,355 $ 2,045 $ 165 $ 46 $ 21 $ 78 | Inventory purchase obligations | 391 | | | 391 | | | — | | | — | | | — | | | — |",First table amount; review required,False,391000000.0,Purchase or Contractual Commitments,Accepted,Accepted: exact inventory-purchase obligation table component.,171
NVDA,2016-01-31,2016-03-17,10-K,Purchase or Contractual Commitments,36000000,Medium,True,https://www.sec.gov/Archives/edgar/data/1045810/000104581016000205/nvda-2016x10k.htm,Capital purchase obligations,"Payment Due By Period Contractual Obligations Total Less than 1 Year 1-3 Years 4-5 Years More than 5 Years All Other (In millions) 1.00% Convertible Senior Notes due 2018 (1) $ 1,545 $ 1,515 $ 30 $ — $ — $ — Inventory purchase obligations 391 391 — — — — Operating leases (2) (3) 265 75 123 46 21 — Uncertain tax positions, interest and penalties (4) 78 — — — — 78 Capital purchase obligations 36 36 — — — — Capital lease 17 5 12 — — — Restructuring related obligation (5) 23 23 — — — — Total contractual obligations $ 2,355 $ 2,045 $ 165 $ 46 $ 21 $ 78 Payment Due By Period Contractual Obligations Total Less than 1 Year 1-3 Years 4-5 Years More than 5 Years All Other (In millions) 1.00% Convertible Senior Notes due 2018 (1) $ 1,545 $ 1,515 $ 30 $ — $ — $ — Inventory purchase obligations 391 391 — — — — Operating leases (2) (3) 265 75 123 46 21 — Uncertain tax positions, interest and penalties (4) 78 — — — — 78 Capital purchase obligations 36 36 — — — — Capital lease 17 5 12 — — — Restructuring related obligation (5) 23 23 — — — — Total contractual obligations $ 2,355 $ 2,045 $ 165 $ 46 $ 21 $ 78 | Capital purchase obligations | 36 | | | 36 | | | — | | | — | | | — | | | — |",First table amount; review required,False,36000000.0,Purchase or Contractual Commitments,Accepted,Accepted: exact capital-purchase obligation table component.,172
NVDA,2017-01-29,2017-03-01,10-K,Contingent Exposure,425000000.0,High,False,https://www.sec.gov/Archives/edgar/data/1045810/000104581017000027/nvda-2017x10k.htm,"The Credit Agreement also permits us to obtain additional revolving loan commitments and/or commitments to issue letters of credit of up to $425 million, subject to certain conditions.","The Credit Agreement also permits us to obtain additional revolving loan commitments and/or commitments to issue letters of credit of up to $425 million, subject to certain conditions.",Explicit narrative amount,True,425000000.0,Contingent Exposure,Rejected,Rejected: supplier/facility capacity description without an outstanding obligation amount.,173
NVDA,2017-01-29,2017-03-01,10-K,Purchase or Contractual Commitments,1000000000.0,High,False,https://www.sec.gov/Archives/edgar/data/1045810/000104581017000027/nvda-2017x10k.htm,"72 Table of Contents NVIDIA CORPORATION AND SUBSIDIARIES NOTES TO THE CONSOLIDATED FINANCIAL STATEMENTS (Continued) Note 8 - Balance Sheet Components Certain balance sheet components are as follows: As of January 29, 2017 , we had outstanding inventory purchase obligations totaling $1.00 billion .","72 Table of Contents NVIDIA CORPORATION AND SUBSIDIARIES NOTES TO THE CONSOLIDATED FINANCIAL STATEMENTS (Continued) Note 8 - Balance Sheet Components Certain balance sheet components are as follows: As of January 29, 2017 , we had outstanding inventory purchase obligations totaling $1.00 billion .",Explicit narrative amount,True,1000000000.0,Purchase or Contractual Commitments,Rejected,Rejected: duplicate/rounded narrative; exact table components used.,174
NVDA,2017-01-29,2017-03-01,10-K,Purchase or Contractual Commitments,1000000000.0,High,False,https://www.sec.gov/Archives/edgar/data/1045810/000104581017000027/nvda-2017x10k.htm,"78 Table of Contents NVIDIA CORPORATION AND SUBSIDIARIES NOTES TO THE CONSOLIDATED FINANCIAL STATEMENTS (Continued) Note 12 - Commitments and Contingencies Inventory Purchase Obligations As of January 29, 2017 , we had outstanding inventory purchase obligations totaling $1.00 billion .","78 Table of Contents NVIDIA CORPORATION AND SUBSIDIARIES NOTES TO THE CONSOLIDATED FINANCIAL STATEMENTS (Continued) Note 12 - Commitments and Contingencies Inventory Purchase Obligations As of January 29, 2017 , we had outstanding inventory purchase obligations totaling $1.00 billion .",Explicit narrative amount,True,1000000000.0,Purchase or Contractual Commitments,Rejected,Rejected: duplicate/rounded narrative; exact table components used.,175
NVDA,2017-01-29,2017-03-01,10-K,Purchase or Contractual Commitments,38000000.0,High,False,https://www.sec.gov/Archives/edgar/data/1045810/000104581017000027/nvda-2017x10k.htm,"Capital Purchase Obligations As of January 29, 2017 , we had outstanding capital purchase obligations totaling $38 million .","Capital Purchase Obligations As of January 29, 2017 , we had outstanding capital purchase obligations totaling $38 million .",Explicit narrative amount,True,38000000.0,Purchase or Contractual Commitments,Rejected,Rejected: duplicate/rounded narrative; exact table components used.,176
NVDA,2017-01-29,2017-03-01,10-K,Purchase or Contractual Commitments,1001000000,Medium,True,https://www.sec.gov/Archives/edgar/data/1045810/000104581017000027/nvda-2017x10k.htm,Inventory purchase obligations,"Payment Due By Period Contractual Obligations Total Less than 1 Year 1-3 Years 4-5 Years More than 5 Years All Other (In millions) 1.00% Convertible Notes (1) $ 831 $ 831 $ — $ — $ — $ — Long-term debt (2) 2,430 54 162 1,086 1,128 — Inventory purchase obligations 1,001 1,001 — — — — Operating leases (3) 140 42 56 29 13 — Uncertain tax positions, interest and penalties (4) 96 — — — — 96 Capital purchase obligations 38 38 — — — — Capital lease 11 5 6 — — — Restructuring related obligation (5) 13 13 — — — — Total contractual obligations $ 4,560 $ 1,984 $ 224 $ 1,115 $ 1,141 $ 96 Payment Due By Period Contractual Obligations Total Less than 1 Year 1-3 Years 4-5 Years More than 5 Years All Other (In millions) 1.00% Convertible Notes (1) $ 831 $ 831 $ — $ — $ — $ — Long-term debt (2) 2,430 54 162 1,086 1,128 — Inventory purchase obligations 1,001 1,001 — — — — Operating leases (3) 140 42 56 29 13 — Uncertain tax positions, interest and penalties (4) 96 — — — — 96 Capital purchase obligations 38 38 — — — — Capital lease 11 5 6 — — — Restructuring related obligation (5) 13 13 — — — — Total contractual obligations $ 4,560 $ 1,984 $ 224 $ 1,115 $ 1,141 $ 96 | Inventory purchase obligations |",First table amount; review required,False,1001000000.0,Purchase or Contractual Commitments,Accepted,Accepted: exact inventory-purchase obligation table component.,177
NVDA,2017-01-29,2017-03-01,10-K,Purchase or Contractual Commitments,38000000,Medium,True,https://www.sec.gov/Archives/edgar/data/1045810/000104581017000027/nvda-2017x10k.htm,Capital purchase obligations,"Payment Due By Period Contractual Obligations Total Less than 1 Year 1-3 Years 4-5 Years More than 5 Years All Other (In millions) 1.00% Convertible Notes (1) $ 831 $ 831 $ — $ — $ — $ — Long-term debt (2) 2,430 54 162 1,086 1,128 — Inventory purchase obligations 1,001 1,001 — — — — Operating leases (3) 140 42 56 29 13 — Uncertain tax positions, interest and penalties (4) 96 — — — — 96 Capital purchase obligations 38 38 — — — — Capital lease 11 5 6 — — — Restructuring related obligation (5) 13 13 — — — — Total contractual obligations $ 4,560 $ 1,984 $ 224 $ 1,115 $ 1,141 $ 96 Payment Due By Period Contractual Obligations Total Less than 1 Year 1-3 Years 4-5 Years More than 5 Years All Other (In millions) 1.00% Convertible Notes (1) $ 831 $ 831 $ — $ — $ — $ — Long-term debt (2) 2,430 54 162 1,086 1,128 — Inventory purchase obligations 1,001 1,001 — — — — Operating leases (3) 140 42 56 29 13 — Uncertain tax positions, interest and penalties (4) 96 — — — — 96 Capital purchase obligations 38 38 — — — — Capital lease 11 5 6 — — — Restructuring related obligation (5) 13 13 — — — — Total contractual obligations $ 4,560 $ 1,984 $ 224 $ 1,115 $ 1,141 $ 96 | Capital purchase obligations | 3",First table amount; review required,False,38000000.0,Purchase or Contractual Commitments,Accepted,Accepted: exact capital-purchase obligation table component.,178
NVDA,2018-01-28,2018-02-28,10-K,Contingent Exposure,425000000.0,High,False,https://www.sec.gov/Archives/edgar/data/1045810/000104581018000010/nvda-2018x10k.htm,"The Credit Agreement also permits us to obtain additional revolving loan commitments and/or commitments to issue letters of credit of up to $425 million, subject to certain conditions.","The Credit Agreement also permits us to obtain additional revolving loan commitments and/or commitments to issue letters of credit of up to $425 million, subject to certain conditions.",Explicit narrative amount,True,425000000.0,Contingent Exposure,Rejected,Rejected: facility capacity description without an outstanding obligation amount.,179
NVDA,2018-01-28,2018-02-28,10-K,Purchase or Contractual Commitments,1330000000.0,High,False,https://www.sec.gov/Archives/edgar/data/1045810/000104581018000010/nvda-2018x10k.htm,"Note 12 - Commitments and Contingencies Inventory Purchase Obligations As of January 28, 2018 , we had outstanding inventory purchase obligations totaling $1.33 billion .","Note 12 - Commitments and Contingencies Inventory Purchase Obligations As of January 28, 2018 , we had outstanding inventory purchase obligations totaling $1.33 billion .",Explicit narrative amount,True,1330000000.0,Purchase or Contractual Commitments,Rejected,Rejected: rounded narrative duplicate; exact table components used.,180
NVDA,2018-01-28,2018-02-28,10-K,Purchase or Contractual Commitments,135000000.0,High,False,https://www.sec.gov/Archives/edgar/data/1045810/000104581018000010/nvda-2018x10k.htm,"Capital Purchase Obligations As of January 28, 2018 , we had outstanding capital purchase obligations totaling $135 million .","Capital Purchase Obligations As of January 28, 2018 , we had outstanding capital purchase obligations totaling $135 million .",Explicit narrative amount,True,135000000.0,Purchase or Contractual Commitments,Rejected,Rejected: rounded narrative duplicate; exact table components used.,181
NVDA,2018-01-28,2018-02-28,10-K,Purchase or Contractual Commitments,1331000000,Medium,True,https://www.sec.gov/Archives/edgar/data/1045810/000104581018000010/nvda-2018x10k.htm,Inventory purchase obligations,"Payment Due By Period Contractual Obligations Total Less than 1 Year 1-3 Years 4-5 Years More than 5 Years All Other (In millions) Long-term debt (1) $ 2,376 $ 54 $ 162 $ 1,064 $ 1,096 $ — Inventory purchase obligations 1,331 1,331 — — — — Transition tax payable (2) 401 32 64 64 241 — Uncertain tax positions, interest and penalties (3) 190 — — — — 190 Operating leases 246 63 103 69 11 — Capital purchase obligations 135 135 — — — — 1.00% Convertible Notes (4) 15 15 — — — — Total contractual obligations $ 4,694 $ 1,630 $ 329 $ 1,197 $ 1,348 $ 190 Payment Due By Period Contractual Obligations Total Less than 1 Year 1-3 Years 4-5 Years More than 5 Years All Other (In millions) Long-term debt (1) $ 2,376 $ 54 $ 162 $ 1,064 $ 1,096 $ — Inventory purchase obligations 1,331 1,331 — — — — Transition tax payable (2) 401 32 64 64 241 — Uncertain tax positions, interest and penalties (3) 190 — — — — 190 Operating leases 246 63 103 69 11 — Capital purchase obligations 135 135 — — — — 1.00% Convertible Notes (4) 15 15 — — — — Total contractual obligations $ 4,694 $ 1,630 $ 329 $ 1,197 $ 1,348 $ 190 | Inventory purchase obligations | 1,331 | | | 1,331 | | | — | | | — | | | — | | | — |",First table amount; review required,False,1331000000.0,Purchase or Contractual Commitments,Accepted,Accepted: exact inventory-purchase obligation table component.,182
NVDA,2018-01-28,2018-02-28,10-K,Purchase or Contractual Commitments,135000000,Medium,True,https://www.sec.gov/Archives/edgar/data/1045810/000104581018000010/nvda-2018x10k.htm,Capital purchase obligations,"Payment Due By Period Contractual Obligations Total Less than 1 Year 1-3 Years 4-5 Years More than 5 Years All Other (In millions) Long-term debt (1) $ 2,376 $ 54 $ 162 $ 1,064 $ 1,096 $ — Inventory purchase obligations 1,331 1,331 — — — — Transition tax payable (2) 401 32 64 64 241 — Uncertain tax positions, interest and penalties (3) 190 — — — — 190 Operating leases 246 63 103 69 11 — Capital purchase obligations 135 135 — — — — 1.00% Convertible Notes (4) 15 15 — — — — Total contractual obligations $ 4,694 $ 1,630 $ 329 $ 1,197 $ 1,348 $ 190 Payment Due By Period Contractual Obligations Total Less than 1 Year 1-3 Years 4-5 Years More than 5 Years All Other (In millions) Long-term debt (1) $ 2,376 $ 54 $ 162 $ 1,064 $ 1,096 $ — Inventory purchase obligations 1,331 1,331 — — — — Transition tax payable (2) 401 32 64 64 241 — Uncertain tax positions, interest and penalties (3) 190 — — — — 190 Operating leases 246 63 103 69 11 — Capital purchase obligations 135 135 — — — — 1.00% Convertible Notes (4) 15 15 — — — — Total contractual obligations $ 4,694 $ 1,630 $ 329 $ 1,197 $ 1,348 $ 190 | Capital purchase obligations | 135 | | | 135 | | | — | | | — | | | — | | | — |",First table amount; review required,False,135000000.0,Purchase or Contractual Commitments,Accepted,Accepted: exact capital-purchase obligation table component.,183
NVDA,2019-01-27,2019-02-21,10-K,Purchase or Contractual Commitments,912000000.0,High,False,https://www.sec.gov/Archives/edgar/data/1045810/000104581019000023/nvda-2019x10k.htm,"Note 12 - Commitments and Contingencies Inventory Purchase Obligations As of January 27, 2019 , we had outstanding inventory purchase obligations totaling $912 million .","Note 12 - Commitments and Contingencies Inventory Purchase Obligations As of January 27, 2019 , we had outstanding inventory purchase obligations totaling $912 million .",Explicit narrative amount,True,912000000.0,Purchase or Contractual Commitments,Rejected,Rejected: rounded narrative duplicate; exact table components used.,184
NVDA,2019-01-27,2019-02-21,10-K,Purchase or Contractual Commitments,258000000.0,High,False,https://www.sec.gov/Archives/edgar/data/1045810/000104581019000023/nvda-2019x10k.htm,"Capital Purchase Obligations As of January 27, 2019 , we had outstanding capital purchase obligations totaling $258 million .","Capital Purchase Obligations As of January 27, 2019 , we had outstanding capital purchase obligations totaling $258 million .",Explicit narrative amount,True,258000000.0,Purchase or Contractual Commitments,Rejected,Rejected: rounded narrative duplicate; exact table components used.,185
NVDA,2019-01-27,2019-02-21,10-K,Purchase or Contractual Commitments,912000000,Medium,True,https://www.sec.gov/Archives/edgar/data/1045810/000104581019000023/nvda-2019x10k.htm,Inventory purchase obligations,"Payment Due By Period Contractual Obligations Total Less than 1 Year 1-3 Years 4-5 Years More than 5 Years All Other (In millions) Long-term debt (1) $ 2,302 $ 54 $ 1,100 $ 64 $ 1,084 $ — Inventory purchase obligations 912 912 — — — — Transition tax payable (2) 384 33 67 96 188 — Uncertain tax positions, interest and penalties (3) 163 — — — — 163 Operating leases 683 100 187 131 265 — Capital purchase obligations 258 192 66 — — — Total contractual obligations $ 4,702 $ 1,291 $ 1,420 $ 291 $ 1,537 $ 163 Payment Due By Period Contractual Obligations Total Less than 1 Year 1-3 Years 4-5 Years More than 5 Years All Other (In millions) Long-term debt (1) $ 2,302 $ 54 $ 1,100 $ 64 $ 1,084 $ — Inventory purchase obligations 912 912 — — — — Transition tax payable (2) 384 33 67 96 188 — Uncertain tax positions, interest and penalties (3) 163 — — — — 163 Operating leases 683 100 187 131 265 — Capital purchase obligations 258 192 66 — — — Total contractual obligations $ 4,702 $ 1,291 $ 1,420 $ 291 $ 1,537 $ 163 | Inventory purchase obligations | 912 | | | 912 | | | — | | | — | | | — | | | — |",First table amount; review required,False,912000000.0,Purchase or Contractual Commitments,Accepted,Accepted: exact inventory-purchase obligation table component.,186
NVDA,2019-01-27,2019-02-21,10-K,Purchase or Contractual Commitments,258000000,Medium,True,https://www.sec.gov/Archives/edgar/data/1045810/000104581019000023/nvda-2019x10k.htm,Capital purchase obligations,"Payment Due By Period Contractual Obligations Total Less than 1 Year 1-3 Years 4-5 Years More than 5 Years All Other (In millions) Long-term debt (1) $ 2,302 $ 54 $ 1,100 $ 64 $ 1,084 $ — Inventory purchase obligations 912 912 — — — — Transition tax payable (2) 384 33 67 96 188 — Uncertain tax positions, interest and penalties (3) 163 — — — — 163 Operating leases 683 100 187 131 265 — Capital purchase obligations 258 192 66 — — — Total contractual obligations $ 4,702 $ 1,291 $ 1,420 $ 291 $ 1,537 $ 163 Payment Due By Period Contractual Obligations Total Less than 1 Year 1-3 Years 4-5 Years More than 5 Years All Other (In millions) Long-term debt (1) $ 2,302 $ 54 $ 1,100 $ 64 $ 1,084 $ — Inventory purchase obligations 912 912 — — — — Transition tax payable (2) 384 33 67 96 188 — Uncertain tax positions, interest and penalties (3) 163 — — — — 163 Operating leases 683 100 187 131 265 — Capital purchase obligations 258 192 66 — — — Total contractual obligations $ 4,702 $ 1,291 $ 1,420 $ 291 $ 1,537 $ 163 | Capital purchase obligations | 258 | | | 192 | | | 66 | | | — | | | — | | | — |",First table amount; review required,False,258000000.0,Purchase or Contractual Commitments,Accepted,Accepted: exact capital-purchase obligation table component.,187
NVDA,2020-01-26,2020-02-20,10-K,Purchase or Contractual Commitments,1156000000,Medium,True,https://www.sec.gov/Archives/edgar/data/1045810/000104581020000010/nvda-2020x10k.htm,Inventory purchase obligations,"Payment Due By Period Contractual Obligations Total Less than 1 Year 1-3 Years 4-5 Years More than 5 Years (In millions) Long-term debt (1) $ 2,248 $ 54 $ 1,078 $ 64 $ 1,052 Inventory purchase obligations 1,156 1,156 — — — Transition tax payable (2) 351 33 67 146 105 Operating leases (3) 773 121 219 141 292 Capital purchase obligations 186 186 — — — Total contractual obligations $ 4,714 $ 1,550 $ 1,364 $ 351 $ 1,449 Payment Due By Period Contractual Obligations Total Less than 1 Year 1-3 Years 4-5 Years More than 5 Years (In millions) Long-term debt (1) $ 2,248 $ 54 $ 1,078 $ 64 $ 1,052 Inventory purchase obligations 1,156 1,156 — — — Transition tax payable (2) 351 33 67 146 105 Operating leases (3) 773 121 219 141 292 Capital purchase obligations 186 186 — — — Total contractual obligations $ 4,714 $ 1,550 $ 1,364 $ 351 $ 1,449 | Inventory purchase obligations | 1,156 | | | 1,156 | | | — | | | — | | | — |",First table amount; review required,False,1156000000.0,Purchase or Contractual Commitments,Accepted,Accepted: explicit inventory-purchase obligations.,188
NVDA,2020-01-26,2020-02-20,10-K,Purchase or Contractual Commitments,186000000,Medium,True,https://www.sec.gov/Archives/edgar/data/1045810/000104581020000010/nvda-2020x10k.htm,Capital purchase obligations,"Payment Due By Period Contractual Obligations Total Less than 1 Year 1-3 Years 4-5 Years More than 5 Years (In millions) Long-term debt (1) $ 2,248 $ 54 $ 1,078 $ 64 $ 1,052 Inventory purchase obligations 1,156 1,156 — — — Transition tax payable (2) 351 33 67 146 105 Operating leases (3) 773 121 219 141 292 Capital purchase obligations 186 186 — — — Total contractual obligations $ 4,714 $ 1,550 $ 1,364 $ 351 $ 1,449 Payment Due By Period Contractual Obligations Total Less than 1 Year 1-3 Years 4-5 Years More than 5 Years (In millions) Long-term debt (1) $ 2,248 $ 54 $ 1,078 $ 64 $ 1,052 Inventory purchase obligations 1,156 1,156 — — — Transition tax payable (2) 351 33 67 146 105 Operating leases (3) 773 121 219 141 292 Capital purchase obligations 186 186 — — — Total contractual obligations $ 4,714 $ 1,550 $ 1,364 $ 351 $ 1,449 | Capital purchase obligations | 186 | | | 186 | | | — | | | — | | | — |",First table amount; review required,False,186000000.0,Purchase or Contractual Commitments,Accepted,Accepted: explicit capital-purchase obligations.,189
NVDA,2021-01-31,2021-02-26,10-K,Purchase or Contractual Commitments,40000000000.0,High,False,https://www.sec.gov/Archives/edgar/data/1045810/000104581021000010/nvda-20210131.htm,"Pending Acquisition of Arm Limited On September 13, 2020, we entered into a Share Purchase Agreement, or the Purchase Agreement, with Arm Limited, or Arm, and SoftBank Group Capital Limited and SVF Holdco (UK) Limited, or together, SoftBank, for us to acquire, from SoftBank, all allotted and issued ","Pending Acquisition of Arm Limited On September 13, 2020, we entered into a Share Purchase Agreement, or the Purchase Agreement, with Arm Limited, or Arm, and SoftBank Group Capital Limited and SVF Holdco (UK) Limited, or together, SoftBank, for us to acquire, from SoftBank, all allotted and issued ordinary shares of Arm in a transaction valued at $40 billion.",Explicit narrative amount,True,40000000000.0,Purchase or Contractual Commitments,Rejected,"Rejected: acquisition consideration, refund, or prepayment related to the terminated Arm transaction; not an operating commitment.",190
NVDA,2021-01-31,2021-02-26,10-K,Purchase or Contractual Commitments,40000000000.0,High,False,https://www.sec.gov/Archives/edgar/data/1045810/000104581021000010/nvda-20210131.htm,"Recent Developments, Future Objectives and Challenges Pending Acquisition of Arm Limited On September 13, 2020, we entered into a Purchase Agreement with Arm and SoftBank for us to acquire, from SoftBank, all allotted and issued ordinary shares of Arm in a transaction valued at $40 billion.","Recent Developments, Future Objectives and Challenges Pending Acquisition of Arm Limited On September 13, 2020, we entered into a Purchase Agreement with Arm and SoftBank for us to acquire, from SoftBank, all allotted and issued ordinary shares of Arm in a transaction valued at $40 billion.",Explicit narrative amount,True,40000000000.0,Purchase or Contractual Commitments,Rejected,"Rejected: acquisition consideration, refund, or prepayment related to the terminated Arm transaction; not an operating commitment.",191
NVDA,2021-01-31,2021-02-26,10-K,Purchase or Contractual Commitments,40000000000.0,High,False,https://www.sec.gov/Archives/edgar/data/1045810/000104581021000010/nvda-20210131.htm,"Note 2 - Business Combination Pending Acquisition of Arm Limited On September 13, 2020, we entered into a Purchase Agreement with Arm and SoftBank for us to acquire, from SoftBank all allotted and issued ordinary shares of Arm in a transaction valued at $ 40 billion.","Note 2 - Business Combination Pending Acquisition of Arm Limited On September 13, 2020, we entered into a Purchase Agreement with Arm and SoftBank for us to acquire, from SoftBank all allotted and issued ordinary shares of Arm in a transaction valued at $ 40 billion.",Explicit narrative amount,True,40000000000.0,Purchase or Contractual Commitments,Rejected,"Rejected: acquisition consideration, refund, or prepayment related to the terminated Arm transaction; not an operating commitment.",192
NVDA,2021-01-31,2021-02-26,10-K,Purchase or Contractual Commitments,1250000000.0,High,False,https://www.sec.gov/Archives/edgar/data/1045810/000104581021000010/nvda-20210131.htm,"If the Purchase Agreement is terminated under certain circumstances, we will be refunded $ 1.25 billion of the Signing Consideration.","If the Purchase Agreement is terminated under certain circumstances, we will be refunded $ 1.25 billion of the Signing Consideration.",Explicit narrative amount,True,1250000000.0,Purchase or Contractual Commitments,Rejected,"Rejected: acquisition consideration, refund, or prepayment related to the terminated Arm transaction; not an operating commitment.",193
NVDA,2021-01-31,2021-02-26,10-K,Purchase or Contractual Commitments,2000000000.0,High,False,https://www.sec.gov/Archives/edgar/data/1045810/000104581021000010/nvda-20210131.htm,The $ 2 billion payment upon signing was allocated on a fair value basis and any refund of the Signing Consideration will use stated values in the Purchase Agreement.,The $ 2 billion payment upon signing was allocated on a fair value basis and any refund of the Signing Consideration will use stated values in the Purchase Agreement.,Explicit narrative amount,True,2000000000.0,Purchase or Contractual Commitments,Rejected,"Rejected: acquisition consideration, refund, or prepayment related to the terminated Arm transaction; not an operating commitment.",194
NVDA,2022-01-30,2022-03-18,10-K,Purchase or Contractual Commitments,1360000000.0,High,False,https://www.sec.gov/Archives/edgar/data/1045810/000104581022000036/nvda-20220130.htm,"On February 8, 2022, we announced the termination of the Share Purchase Agreement by which we would have acquired Arm due to significant regulatory challenges preventing the completion of the transaction and expect to incur a $1.36 billion charge in the first quarter of fiscal year 2023.","On February 8, 2022, we announced the termination of the Share Purchase Agreement by which we would have acquired Arm due to significant regulatory challenges preventing the completion of the transaction and expect to incur a $1.36 billion charge in the first quarter of fiscal year 2023.",Explicit narrative amount,True,1360000000.0,Purchase or Contractual Commitments,Rejected,"Rejected: inventory-provision charge, not an outstanding obligation.",195
NVDA,2022-01-30,2022-03-18,10-K,Purchase or Contractual Commitments,1870000000.0,High,False,https://www.sec.gov/Archives/edgar/data/1045810/000104581022000036/nvda-20220130.htm,Changes in working capital were primarily driven by prepayments of $1.87 billion for long-term supply agreements and increases in trade receivables due to higher revenue.,Changes in working capital were primarily driven by prepayments of $1.87 billion for long-term supply agreements and increases in trade receivables due to higher revenue.,Explicit narrative amount,True,1870000000.0,Purchase or Contractual Commitments,Rejected,Rejected: prepaid supply amount already paid.,196
NVDA,2022-01-30,2022-03-18,10-K,Purchase or Contractual Commitments,1580000000,High,True,https://www.sec.gov/Archives/edgar/data/1045810/000104581022000036/nvda-20220130.htm,"We have entered into several long-term supply agreements, under which we have made advance payments and have $ 1.58 billion remaining unpaid.","We have entered into several long-term supply agreements, under which we have made advance payments and have $ 1.58 billion remaining unpaid.",Explicit narrative amount,True,1580000000.0,Purchase or Contractual Commitments,Accepted,Accepted: remaining unpaid amount under long-term supply agreements.,197
NVDA,2022-01-30,2022-03-18,10-K,Purchase or Contractual Commitments,670000000,High,True,https://www.sec.gov/Archives/edgar/data/1045810/000104581022000036/nvda-20220130.htm,"Total future unconditional purchase commitments as of January 30, 2022, are as follows: 71 Table of Contents NVIDIA CORPORATION AND SUBSIDIARIES NOTES TO THE CONSOLIDATED FINANCIAL STATEMENTS (Continued) In March 2022, we entered into a supply agreement with payments of $ 670 million to be paid over","Total future unconditional purchase commitments as of January 30, 2022, are as follows: 71 Table of Contents NVIDIA CORPORATION AND SUBSIDIARIES NOTES TO THE CONSOLIDATED FINANCIAL STATEMENTS (Continued) In March 2022, we entered into a supply agreement with payments of $ 670 million to be paid over nine years .",Explicit narrative amount,True,670000000.0,Purchase or Contractual Commitments,Accepted,Accepted: additional distinct supply agreement; additive to the remaining unpaid amount.,198
NVDA,2022-01-30,2022-03-18,10-K,Purchase or Contractual Commitments,1747000000.0,High,False,https://www.sec.gov/Archives/edgar/data/1045810/000104581022000036/nvda-20220130.htm,Prepaid supply agreements,"January 30, 2022 January 31, 2021 Other assets: (In millions) Prepaid supply agreements $ 1,747 $ — Advanced consideration for acquisition (1) 1,357 1,357 Prepaid royalties 409 440 Investment in non-affiliated entities 266 144 Other 62 203 Total other assets $ 3,841 $ 2,144 | Prepaid supply agreements | $ | 1,747 | | | $ | — |",Single explicit amount,True,1747000000.0,Purchase or Contractual Commitments,Rejected,"Rejected: prepaid supply asset, not an unpaid commitment.",199
NVDA,2022-01-30,2022-03-18,10-K,Purchase or Contractual Commitments,196000000.0,Medium,False,https://www.sec.gov/Archives/edgar/data/1045810/000104581022000036/nvda-20220130.htm,Excess inventory purchase obligations,"January 30, 2022 January 31, 2021 (In millions) Accrued and Other Current Liabilities: Customer program accruals $ 1,000 $ 630 Accrued payroll and related expenses 409 297 Deferred revenue (1) 300 288 Excess inventory purchase obligations 196 52 Other 647 510 Total accrued and other current liabilities $ 2,552 $ 1,777 | Excess inventory purchase obligations | 196 | | | 52 |",First table amount; review required,False,196000000.0,Purchase or Contractual Commitments,Rejected,"Rejected: accrued excess-inventory liability, a recognized balance-sheet amount rather than total future commitments.",200
NVDA,2023-01-29,2023-02-24,10-K,Purchase or Contractual Commitments,2170000000.0,High,False,https://www.sec.gov/Archives/edgar/data/1045810/000104581023000017/nvda-20230129.htm,Inventory provisions for excess inventory and purchase obligations totaled $2.17 billion in fiscal year 2023.,Inventory provisions for excess inventory and purchase obligations totaled $2.17 billion in fiscal year 2023.,Explicit narrative amount,True,2170000000.0,Purchase or Contractual Commitments,Rejected,"Rejected: inventory-provision charge, not an outstanding obligation.",201
NVDA,2023-01-29,2023-02-24,10-K,Purchase or Contractual Commitments,1250000000.0,High,False,https://www.sec.gov/Archives/edgar/data/1045810/000104581023000017/nvda-20230129.htm,"We believe that we have sufficient liquidity to meet our operating requirements for at least the next twelve months, and for the foreseeable future, including our future supply obligations and $1.25 billion of debt repayment due in fiscal year 2024.","We believe that we have sufficient liquidity to meet our operating requirements for at least the next twelve months, and for the foreseeable future, including our future supply obligations and $1.25 billion of debt repayment due in fiscal year 2024.",Explicit narrative amount,True,1250000000.0,Purchase or Contractual Commitments,Rejected,"Rejected: debt repayment reference, not a purchase commitment.",202
NVDA,2023-01-29,2023-02-24,10-K,Purchase or Contractual Commitments,810000000,High,True,https://www.sec.gov/Archives/edgar/data/1045810/000104581023000017/nvda-20230129.htm,"We have entered into several long-term supply agreements, under which we have made advance payments and have $ 810 million remaining unpaid.","We have entered into several long-term supply agreements, under which we have made advance payments and have $ 810 million remaining unpaid.",Explicit narrative amount,True,810000000.0,Purchase or Contractual Commitments,Accepted,Accepted: remaining unpaid amount under long-term supply agreements.,203
NVDA,2023-01-29,2023-02-24,10-K,Purchase or Contractual Commitments,2989000000.0,Medium,False,https://www.sec.gov/Archives/edgar/data/1045810/000104581023000017/nvda-20230129.htm,Prepaid supply agreements,"January 29, 2023 January 30, 2022 Other assets: (In millions) Prepaid supply agreements $ 2,989 $ 1,747 Prepaid royalties 387 409 Investment in non-affiliated entities 299 266 Advanced consideration for acquisition (1) — 1,353 Other 145 66 Total other assets $ 3,820 $ 3,841 | Prepaid supply agreements | $ | 2,989 | | | $ | 1,747 |",First table amount; review required,False,2989000000.0,Purchase or Contractual Commitments,Rejected,"Rejected: prepaid supply asset, not an unpaid commitment.",204
NVDA,2023-01-29,2023-02-24,10-K,Purchase or Contractual Commitments,954000000.0,Medium,False,https://www.sec.gov/Archives/edgar/data/1045810/000104581023000017/nvda-20230129.htm,Excess inventory purchase obligations (1),"January 29, 2023 January 30, 2022 (In millions) Accrued and Other Current Liabilities: Customer program accruals $ 1,196 $ 1,000 Excess inventory purchase obligations (1) 954 196 Accrued payroll and related expenses 530 409 Taxes payable 467 132 Deferred revenue (2) 354 300 Operating leases 176 144 Other 443 371 Total accrued and other current liabilities $ 4,120 $ 2,552 | Excess inventory purchase obligations (1) | 954 | | | 196 |",First table amount; review required,False,954000000.0,Purchase or Contractual Commitments,Rejected,"Rejected: accrued excess-inventory liability, not total future commitments.",205
NVDA,2024-01-28,2024-02-21,10-K,Purchase or Contractual Commitments,2200000000.0,High,False,https://www.sec.gov/Archives/edgar/data/1045810/000104581024000029/nvda-20240128.htm,Provisions for inventory and excess inventory purchase obligations totaled $2.2 billion for both fiscal years 2024 and 2023.,Provisions for inventory and excess inventory purchase obligations totaled $2.2 billion for both fiscal years 2024 and 2023.,Explicit narrative amount,True,2200000000.0,Purchase or Contractual Commitments,Rejected,"Rejected: provision, debt reference, prepaid asset, or accrued liability; not total future commitments.",206
NVDA,2024-01-28,2024-02-21,10-K,Purchase or Contractual Commitments,1300000000.0,High,False,https://www.sec.gov/Archives/edgar/data/1045810/000104581024000029/nvda-20240128.htm,"We believe that we have sufficient liquidity to meet our operating requirements for at least the next twelve months, and for the foreseeable future, including our future supply obligations and $1.3 billion of debt repayment due in fiscal year 2025 and share purchases.","We believe that we have sufficient liquidity to meet our operating requirements for at least the next twelve months, and for the foreseeable future, including our future supply obligations and $1.3 billion of debt repayment due in fiscal year 2025 and share purchases.",Explicit narrative amount,True,1300000000.0,Purchase or Contractual Commitments,Rejected,"Rejected: provision, debt reference, prepaid asset, or accrued liability; not total future commitments.",207
NVDA,2024-01-28,2024-02-21,10-K,Purchase or Contractual Commitments,16100000000,High,True,https://www.sec.gov/Archives/edgar/data/1045810/000104581024000029/nvda-20240128.htm,"As of January 28, 2024, we had outstanding inventory purchase and long-term supply and capacity obligations totaling $ 16.1 billion.","As of January 28, 2024, we had outstanding inventory purchase and long-term supply and capacity obligations totaling $ 16.1 billion.",Explicit narrative amount,True,16100000000.000002,Purchase or Contractual Commitments,Accepted — amount corrected,Accepted: explicit total outstanding inventory and capacity purchase commitments.,208
NVDA,2024-01-28,2024-02-21,10-K,Purchase or Contractual Commitments,2458000000.0,Medium,False,https://www.sec.gov/Archives/edgar/data/1045810/000104581024000029/nvda-20240128.htm,Prepaid supply and capacity agreements (1),"Jan 28, 2024 Jan 29, 2023 Other assets: (In millions) Prepaid supply and capacity agreements (1) $ 2,458 $ 2,989 Investments in non-affiliated entities 1,546 299 Prepaid royalties 364 387 Other 132 145 Total other assets $ 4,500 $ 3,820 | Prepaid supply and capacity agreements (1) | $ | 2,458 | | | $ | 2,989 |",First table amount; review required,False,2458000000.0,Purchase or Contractual Commitments,Rejected,"Rejected: provision, debt reference, prepaid asset, or accrued liability; not total future commitments.",209
NVDA,2024-01-28,2024-02-21,10-K,Purchase or Contractual Commitments,1655000000.0,Medium,False,https://www.sec.gov/Archives/edgar/data/1045810/000104581024000029/nvda-20240128.htm,Excess inventory purchase obligations (1),"(Continued) (Continued) Jan 28, 2024 Jan 29, 2023 (In millions) Accrued and Other Current Liabilities: Customer program accruals $ 2,081 $ 1,196 Excess inventory purchase obligations (1) 1,655 954 Deferred revenue (2) 764 354 Accrued payroll and related expenses 675 530 Product warranty and return provisions 415 108 Taxes payable 296 467 Operating leases 228 176 Unsettled share repurchases 187 117 Licenses and royalties 182 149 Other 199 69 Total accrued and other current liabilities $ 6,682 $ 4,120 | Excess inventory purchase obligations (1) | 1,655 | | | 954 |",First table amount; review required,False,1655000000.0,Purchase or Contractual Commitments,Rejected,"Rejected: provision, debt reference, prepaid asset, or accrued liability; not total future commitments.",210
NVDA,2025-01-26,2025-02-26,10-K,Purchase or Contractual Commitments,30800000000,High,True,https://www.sec.gov/Archives/edgar/data/1045810/000104581025000023/nvda-20250126.htm,"As of January 26, 2025, we had outstanding inventory purchase and long-term supply and capacity obligations totaling $ 30.8 billion, an increase from the prior year led by commitments, capacity and components for new product introductions, including our new Blackwell architecture.","As of January 26, 2025, we had outstanding inventory purchase and long-term supply and capacity obligations totaling $ 30.8 billion, an increase from the prior year led by commitments, capacity and components for new product introductions, including our new Blackwell architecture.",Explicit narrative amount,True,30800000000.0,Purchase or Contractual Commitments,Accepted,Accepted: explicit total outstanding inventory and capacity purchase commitments.,211
NVDA,2025-01-26,2025-02-26,10-K,Purchase or Contractual Commitments,1747000000.0,Medium,False,https://www.sec.gov/Archives/edgar/data/1045810/000104581025000023/nvda-20250126.htm,Prepaid supply and capacity agreements (1),"Jan 26, 2025 Jan 28, 2024 Other Assets (Long Term): (In millions) Non-marketable equity securities $ 3,387 $ 1,321 Prepaid supply and capacity agreements (1) 1,747 2,458 Income tax receivable 750 — Prepaid royalties 340 364 Other 201 357 Total other assets $ 6,425 $ 4,500 | Prepaid supply and capacity agreements (1) | 1,747 | | | 2,458 |",First table amount; review required,False,1747000000.0,Purchase or Contractual Commitments,Rejected,Rejected: prepaid/accrued subcomponent already contained within or related to the accepted total.,212
NVDA,2025-01-26,2025-02-26,10-K,Purchase or Contractual Commitments,2095000000.0,Medium,False,https://www.sec.gov/Archives/edgar/data/1045810/000104581025000023/nvda-20250126.htm,Excess inventory purchase obligations (1),"Prepaid supply and capacity agreements of $ 3.3 billion and $ 2.5 billion were included in Prepaid expenses and other current assets as of January 26, 2025 and January 28, 2024, respectively. Jan 26, 2025 Jan 28, 2024 Accrued and Other Current Liabilities: (In millions) Customer program accruals $ 4,880 $ 2,081 Excess inventory purchase obligations (1) 2,095 1,655 Product warranty and return provisions 1,373 415 Taxes payable 881 296 Accrued payroll and related expenses 848 675 Deferred revenue (2) 837 764 Operating leases 288 228 Licenses and royalties 175 182 Unsettled share repurchases 132 187 Other 228 199 Total accrued and other current liabilities $ 11,737 $ 6,682 | Excess inventory purchase obligations (1) | 2,095 | | | 1,655 |",First table amount; review required,False,2095000000.0,Purchase or Contractual Commitments,Rejected,Rejected: prepaid/accrued subcomponent already contained within or related to the accepted total.,213
NVDA,2025-04-27,2025-05-28,10-Q,Purchase or Contractual Commitments,183000000.0,High,False,https://www.sec.gov/Archives/edgar/data/1045810/000104581025000116/nvda-20250427.htm,We recorded excess inventory purchase obligation charges of $ 183 million in cost of revenue for the first quarter of fiscal year 2025.,We recorded excess inventory purchase obligation charges of $ 183 million in cost of revenue for the first quarter of fiscal year 2025.,Explicit narrative amount,True,183000000.0,Purchase or Contractual Commitments,Rejected,"Rejected: charge, provision, prepaid asset, or accrued-liability subcomponent; not total future commitments.",214
NVDA,2025-04-27,2025-05-28,10-Q,Purchase or Contractual Commitments,29800000000,High,True,https://www.sec.gov/Archives/edgar/data/1045810/000104581025000116/nvda-20250427.htm,"As of April 27, 2025, we had outstanding inventory purchase and long-term supply and capacity obligations totaling $ 29.8 billion, an increase from the prior year led by commitments, capacity and components for our Blackwell architecture.","As of April 27, 2025, we had outstanding inventory purchase and long-term supply and capacity obligations totaling $ 29.8 billion, an increase from the prior year led by commitments, capacity and components for our Blackwell architecture.",Explicit narrative amount,True,29800000000.0,Purchase or Contractual Commitments,Accepted,Accepted: explicit total outstanding inventory and capacity purchase commitments.,215
NVDA,2025-04-27,2025-05-28,10-Q,Purchase or Contractual Commitments,4500000000.0,High,False,https://www.sec.gov/Archives/edgar/data/1045810/000104581025000116/nvda-20250427.htm,"As a result of these new requirements, we incurred a $4.5 billion charge in the first quarter of fiscal year 2026 associated with H20 excess inventory and purchase obligations as the demand for H20 products diminished.","As a result of these new requirements, we incurred a $4.5 billion charge in the first quarter of fiscal year 2026 associated with H20 excess inventory and purchase obligations as the demand for H20 products diminished.",Explicit narrative amount,True,4500000000.0,Purchase or Contractual Commitments,Rejected,"Rejected: charge, provision, prepaid asset, or accrued-liability subcomponent; not total future commitments.",216
NVDA,2025-04-27,2025-05-28,10-Q,Purchase or Contractual Commitments,4500000000.0,High,False,https://www.sec.gov/Archives/edgar/data/1045810/000104581025000116/nvda-20250427.htm,"Gross margin decreased from a year ago and sequentially, primarily due to a $4.5 billion charge associated with H20 excess inventory and purchase obligations and the initial ramp of more sophisticated systems within Data Center.","Gross margin decreased from a year ago and sequentially, primarily due to a $4.5 billion charge associated with H20 excess inventory and purchase obligations and the initial ramp of more sophisticated systems within Data Center.",Explicit narrative amount,True,4500000000.0,Purchase or Contractual Commitments,Rejected,"Rejected: charge, provision, prepaid asset, or accrued-liability subcomponent; not total future commitments.",217
NVDA,2025-04-27,2025-05-28,10-Q,Purchase or Contractual Commitments,4500000000.0,High,False,https://www.sec.gov/Archives/edgar/data/1045810/000104581025000116/nvda-20250427.htm,"25 Reportable segment operating income – The year over year increase in Compute & Networking segment operating income in the first quarter of fiscal year 2026 was driven by growth in revenue, partially offset by a $4.5 billion charge associated with H20 excess inventory and purchase obligations.","25 Reportable segment operating income – The year over year increase in Compute & Networking segment operating income in the first quarter of fiscal year 2026 was driven by growth in revenue, partially offset by a $4.5 billion charge associated with H20 excess inventory and purchase obligations.",Explicit narrative amount,True,4500000000.0,Purchase or Contractual Commitments,Rejected,"Rejected: charge, provision, prepaid asset, or accrued-liability subcomponent; not total future commitments.",218
NVDA,2025-04-27,2025-05-28,10-Q,Purchase or Contractual Commitments,4500000000.0,High,False,https://www.sec.gov/Archives/edgar/data/1045810/000104581025000116/nvda-20250427.htm,"Gross margins decreased to 60.5% for the first quarter of fiscal year 2026 compared to 78.4% for the first quarter of fiscal year 2025, primarily due to a $4.5 billion charge associated with H20 excess inventory and purchase obligations and the initial ramp of more sophisticated systems within Data ","Gross margins decreased to 60.5% for the first quarter of fiscal year 2026 compared to 78.4% for the first quarter of fiscal year 2025, primarily due to a $4.5 billion charge associated with H20 excess inventory and purchase obligations and the initial ramp of more sophisticated systems within Data Center.",Explicit narrative amount,True,4500000000.0,Purchase or Contractual Commitments,Rejected,"Rejected: charge, provision, prepaid asset, or accrued-liability subcomponent; not total future commitments.",219
NVDA,2025-04-27,2025-05-28,10-Q,Purchase or Contractual Commitments,4500000000.0,High,False,https://www.sec.gov/Archives/edgar/data/1045810/000104581025000116/nvda-20250427.htm,"As a result of these new requirements, we incurred a $4.5 billion charge in the first quarter of fiscal year 2026 associated with H20 for excess inventory and purchase obligations, as the demand for H20 products diminished.","As a result of these new requirements, we incurred a $4.5 billion charge in the first quarter of fiscal year 2026 associated with H20 for excess inventory and purchase obligations, as the demand for H20 products diminished.",Explicit narrative amount,True,4500000000.0,Purchase or Contractual Commitments,Rejected,"Rejected: charge, provision, prepaid asset, or accrued-liability subcomponent; not total future commitments.",220
NVDA,2025-04-27,2025-05-28,10-Q,Purchase or Contractual Commitments,2079000000.0,Medium,False,https://www.sec.gov/Archives/edgar/data/1045810/000104581025000116/nvda-20250427.htm,Prepaid supply and capacity agreements (1),"Property, equipment and intangible assets acquired by assuming related liabilities for the first quarter of fiscal years 2026 and 2025 were $ 408 million and $ 147 million, respectively. Apr 27, 2025 Jan 26, 2025 Other Assets (Long Term): (In millions) Non-marketable equity securities $ 3,240 $ 3,387 Prepaid supply and capacity agreements (1) 2,079 1,747 Income tax receivable 895 750 Prepaid royalties 334 340 Other 240 201 Total other assets $ 6,788 $ 6,425 | Prepaid supply and capacity agreements (1) | 2,079 | | | 1,747 |",First table amount; review required,False,2079000000.0,Purchase or Contractual Commitments,Rejected,"Rejected: charge, provision, prepaid asset, or accrued-liability subcomponent; not total future commitments.",221
NVDA,2025-04-27,2025-05-28,10-Q,Purchase or Contractual Commitments,4310000000.0,Medium,False,https://www.sec.gov/Archives/edgar/data/1045810/000104581025000116/nvda-20250427.htm,Excess inventory purchase obligations (1),"(1) Prepaid supply and capacity agreements of $ 2.1 billion and $ 3.3 billion were included in Prepaid expenses and other current assets as of April 27, 2025 and January 26, 2025, respectively. Apr 27, 2025 Jan 26, 2025 Accrued and Other Current Liabilities: (In millions) Taxes payable $ 5,672 $ 881 Excess inventory purchase obligations (1) 4,310 2,095 Customer program accruals 4,261 4,880 Product warranty and return provisions 2,168 1,373 Deferred revenue (2) 1,074 837 Accrued payroll and related expenses 748 848 Unsettled share repurchases 306 132 Operating leases 300 288 Licenses and royalties 144 175 Other 228 228 Total accrued and other current liabilities $ 19,211 $ 11,737 | Excess inventory purchase obligations (1) | 4,310 | | | 2,095 |",First table amount; review required,False,4310000000.0,Purchase or Contractual Commitments,Rejected,"Rejected: charge, provision, prepaid asset, or accrued-liability subcomponent; not total future commitments.",222
NVDA,2025-07-27,2025-08-27,10-Q,Purchase or Contractual Commitments,4500000000.0,High,False,https://www.sec.gov/Archives/edgar/data/1045810/000104581025000209/nvda-20250727.htm,"As a result of these new requirements, we incurred a $4.5 billion charge in the first quarter of fiscal year 2026 associated with H20 for excess inventory and purchase obligations, as the demand for H20 diminished.","As a result of these new requirements, we incurred a $4.5 billion charge in the first quarter of fiscal year 2026 associated with H20 for excess inventory and purchase obligations, as the demand for H20 diminished.",Explicit narrative amount,True,4500000000.0,Purchase or Contractual Commitments,Rejected,Rejected: charge/provision/prepaid or accrued-liability subcomponent; no distinct total future-commitment amount.,223
NVDA,2025-07-27,2025-08-27,10-Q,Purchase or Contractual Commitments,4500000000.0,High,False,https://www.sec.gov/Archives/edgar/data/1045810/000104581025000209/nvda-20250727.htm,Gross margin increased sequentially as the prior quarter included a $4.5 billion charge associated with H20 excess inventory and purchase obligations.,Gross margin increased sequentially as the prior quarter included a $4.5 billion charge associated with H20 excess inventory and purchase obligations.,Explicit narrative amount,True,4500000000.0,Purchase or Contractual Commitments,Rejected,Rejected: charge/provision/prepaid or accrued-liability subcomponent; no distinct total future-commitment amount.,224
NVDA,2025-07-27,2025-08-27,10-Q,Purchase or Contractual Commitments,4500000000.0,High,False,https://www.sec.gov/Archives/edgar/data/1045810/000104581025000209/nvda-20250727.htm,"The year over year increase in Compute & Networking segment operating income in the first half of fiscal year 2026 was driven by the growth in revenue, partially offset by a $4.5 billion charge associated with H20 excess inventory and purchase obligations in the first quarter of fiscal year 2026.","The year over year increase in Compute & Networking segment operating income in the first half of fiscal year 2026 was driven by the growth in revenue, partially offset by a $4.5 billion charge associated with H20 excess inventory and purchase obligations in the first quarter of fiscal year 2026.",Explicit narrative amount,True,4500000000.0,Purchase or Contractual Commitments,Rejected,Rejected: charge/provision/prepaid or accrued-liability subcomponent; no distinct total future-commitment amount.,225
NVDA,2025-07-27,2025-08-27,10-Q,Purchase or Contractual Commitments,4500000000.0,High,False,https://www.sec.gov/Archives/edgar/data/1045810/000104581025000209/nvda-20250727.htm,Gross margin for the first half of fiscal year 2026 was also impacted by a $4.5 billion charge associated with H20 excess inventory and purchase obligations.,Gross margin for the first half of fiscal year 2026 was also impacted by a $4.5 billion charge associated with H20 excess inventory and purchase obligations.,Explicit narrative amount,True,4500000000.0,Purchase or Contractual Commitments,Rejected,Rejected: charge/provision/prepaid or accrued-liability subcomponent; no distinct total future-commitment amount.,226
NVDA,2025-07-27,2025-08-27,10-Q,Purchase or Contractual Commitments,4500000000.0,High,False,https://www.sec.gov/Archives/edgar/data/1045810/000104581025000209/nvda-20250727.htm,"As a result of these new requirements, we incurred a $4.5 billion charge in the first quarter of fiscal year 2026 associated with H20 for excess inventory and purchase obligations, as the demand for H20 products diminished.","As a result of these new requirements, we incurred a $4.5 billion charge in the first quarter of fiscal year 2026 associated with H20 for excess inventory and purchase obligations, as the demand for H20 products diminished.",Explicit narrative amount,True,4500000000.0,Purchase or Contractual Commitments,Rejected,Rejected: charge/provision/prepaid or accrued-liability subcomponent; no distinct total future-commitment amount.,227
NVDA,2025-07-27,2025-08-27,10-Q,Purchase or Contractual Commitments,1776000000.0,Medium,False,https://www.sec.gov/Archives/edgar/data/1045810/000104581025000209/nvda-20250727.htm,Prepaid supply and capacity agreements (1),"Jul 27, 2025 Jan 26, 2025 Other Assets (Long Term): (In millions) Non-marketable equity securities $ 3,799 $ 3,387 Prepaid supply and capacity agreements (1) 1,776 1,747 Income tax receivable 1,042 750 Prepaid royalties 327 340 Other 272 201 Total other assets $ 7,216 $ 6,425 | Prepaid supply and capacity agreements (1) | 1,776 | | | 1,747 |",First table amount; review required,False,1776000000.0,Purchase or Contractual Commitments,Rejected,Rejected: charge/provision/prepaid or accrued-liability subcomponent; no distinct total future-commitment amount.,228
NVDA,2025-07-27,2025-08-27,10-Q,Purchase or Contractual Commitments,3154000000.0,Medium,False,https://www.sec.gov/Archives/edgar/data/1045810/000104581025000209/nvda-20250727.htm,Excess inventory purchase obligations (1),"(Unaudited) (Unaudited) Jul 27, 2025 Jan 26, 2025 Accrued and Other Current Liabilities: (In millions) Customer program accruals $ 4,705 $ 4,880 Excess inventory purchase obligations (1) 3,154 2,095 Product warranty and return provisions 2,245 1,373 Taxes payable 1,910 881 Accrued payroll and related expenses 1,227 848 Deferred revenue (2) 980 837 Operating leases 301 288 Licenses and royalties 284 175 Unsettled share repurchases 185 132 Other 202 228 Total accrued and other current liabilities $ 15,193 $ 11,737 | Excess inventory purchase obligations (1) | 3,154 | | | 2,095 |",First table amount; review required,False,3154000000.0,Purchase or Contractual Commitments,Rejected,Rejected: charge/provision/prepaid or accrued-liability subcomponent; no distinct total future-commitment amount.,229
NVDA,2025-10-26,2025-11-19,10-Q,Purchase or Contractual Commitments,4500000000.0,High,False,https://www.sec.gov/Archives/edgar/data/1045810/000104581025000230/nvda-20251026.htm,"As a result of these new requirements, we incurred a $4.5 billion charge in the first quarter of fiscal year 2026 associated with H20 for excess inventory and purchase obligations, as the demand for H20 diminished.","As a result of these new requirements, we incurred a $4.5 billion charge in the first quarter of fiscal year 2026 associated with H20 for excess inventory and purchase obligations, as the demand for H20 diminished.",Explicit narrative amount,True,4500000000.0,Purchase or Contractual Commitments,Rejected,Rejected: charge/provision/prepaid or accrued-liability subcomponent; no distinct total future-commitment amount.,230
NVDA,2025-10-26,2025-11-19,10-Q,Purchase or Contractual Commitments,4500000000.0,High,False,https://www.sec.gov/Archives/edgar/data/1045810/000104581025000230/nvda-20251026.htm,"The year over year increase in Compute & Networking segment operating income in the first nine months of fiscal year 2026 was driven by the growth in revenue, partially offset by a $4.5 billion charge associated with H20 excess inventory and purchase obligations in the first quarter of fiscal year 2","The year over year increase in Compute & Networking segment operating income in the first nine months of fiscal year 2026 was driven by the growth in revenue, partially offset by a $4.5 billion charge associated with H20 excess inventory and purchase obligations in the first quarter of fiscal year 2026.",Explicit narrative amount,True,4500000000.0,Purchase or Contractual Commitments,Rejected,Rejected: charge/provision/prepaid or accrued-liability subcomponent; no distinct total future-commitment amount.,231
NVDA,2025-10-26,2025-11-19,10-Q,Purchase or Contractual Commitments,4500000000.0,High,False,https://www.sec.gov/Archives/edgar/data/1045810/000104581025000230/nvda-20251026.htm,Gross margin for the first nine months of fiscal year 2026 was also impacted by a $4.5 billion charge associated with H20 excess inventory and purchase obligations.,Gross margin for the first nine months of fiscal year 2026 was also impacted by a $4.5 billion charge associated with H20 excess inventory and purchase obligations.,Explicit narrative amount,True,4500000000.0,Purchase or Contractual Commitments,Rejected,Rejected: charge/provision/prepaid or accrued-liability subcomponent; no distinct total future-commitment amount.,232
NVDA,2025-10-26,2025-11-19,10-Q,Purchase or Contractual Commitments,4500000000.0,High,False,https://www.sec.gov/Archives/edgar/data/1045810/000104581025000230/nvda-20251026.htm,"As a result of these new requirements, we incurred a $4.5 billion charge in the first quarter of fiscal year 2026 associated with H20 for excess inventory and purchase obligations, as the demand for H20 products diminished.","As a result of these new requirements, we incurred a $4.5 billion charge in the first quarter of fiscal year 2026 associated with H20 for excess inventory and purchase obligations, as the demand for H20 products diminished.",Explicit narrative amount,True,4500000000.0,Purchase or Contractual Commitments,Rejected,Rejected: charge/provision/prepaid or accrued-liability subcomponent; no distinct total future-commitment amount.,233
NVDA,2025-10-26,2025-11-19,10-Q,Purchase or Contractual Commitments,1536000000.0,Medium,False,https://www.sec.gov/Archives/edgar/data/1045810/000104581025000230/nvda-20251026.htm,Prepaid supply and capacity agreements (1),"Oct 26, 2025 Jan 26, 2025 Other Assets (Long Term): (In millions) Non-marketable equity securities $ 8,187 $ 3,387 Prepaid supply and capacity agreements (1) 1,536 1,747 Income tax receivable 1,369 750 Other 632 541 Total other assets $ 11,724 $ 6,425 | Prepaid supply and capacity agreements (1) | 1,536 | | | 1,747 |",First table amount; review required,False,1536000000.0,Purchase or Contractual Commitments,Rejected,Rejected: charge/provision/prepaid or accrued-liability subcomponent; no distinct total future-commitment amount.,234
NVDA,2025-10-26,2025-11-19,10-Q,Purchase or Contractual Commitments,2770000000.0,Medium,False,https://www.sec.gov/Archives/edgar/data/1045810/000104581025000230/nvda-20251026.htm,Excess inventory purchase obligations (1),"(Unaudited) (Unaudited) Oct 26, 2025 Jan 26, 2025 Accrued and Other Current Liabilities: (In millions) Customer program accruals $ 4,721 $ 4,880 Excess inventory purchase obligations (1) 2,770 2,095 Product warranty 2,707 1,290 Taxes payable 2,915 881 Deferred revenue (2) 1,248 837 Accrued payroll and related expenses 895 848 Other 1,196 906 Total accrued and other current liabilities $ 16,452 $ 11,737 | Excess inventory purchase obligations (1) | 2,770 | | | 2,095 |",First table amount; review required,False,2770000000.0,Purchase or Contractual Commitments,Rejected,Rejected: charge/provision/prepaid or accrued-liability subcomponent; no distinct total future-commitment amount.,235
NVDA,2026-01-25,2026-02-25,10-K,Purchase or Contractual Commitments,4500000000.0,High,False,https://www.sec.gov/Archives/edgar/data/1045810/000104581026000021/nvda-20260125.htm,"As a result of these requirements, we incurred a $4.5 billion charge in the first quarter of fiscal year 2026 associated with H20 for excess inventory and purchase obligations, as the demand for H20 products diminished.","As a result of these requirements, we incurred a $4.5 billion charge in the first quarter of fiscal year 2026 associated with H20 for excess inventory and purchase obligations, as the demand for H20 products diminished.",Explicit narrative amount,True,4500000000.0,Purchase or Contractual Commitments,Rejected,"Rejected: charge/provision or recognized accrued-liability amount, not total future commitments.",236
NVDA,2026-01-25,2026-02-25,10-K,Purchase or Contractual Commitments,4500000000.0,High,False,https://www.sec.gov/Archives/edgar/data/1045810/000104581026000021/nvda-20260125.htm,"As a result of these requirements, we incurred a $4.5 billion charge in the first quarter of fiscal year 2026 associated with H20 for excess inventory and purchase obligations, as the demand for H20 diminished.","As a result of these requirements, we incurred a $4.5 billion charge in the first quarter of fiscal year 2026 associated with H20 for excess inventory and purchase obligations, as the demand for H20 diminished.",Explicit narrative amount,True,4500000000.0,Purchase or Contractual Commitments,Rejected,"Rejected: charge/provision or recognized accrued-liability amount, not total future commitments.",237
NVDA,2026-01-25,2026-02-25,10-K,Contingent Exposure,3500000000,High,True,https://www.sec.gov/Archives/edgar/data/1045810/000104581026000021/nvda-20260125.htm,"We provided $3.5 billion in land, power, and shell guarantees to early‑stage companies, generally over multi‑year periods.","We provided $3.5 billion in land, power, and shell guarantees to early‑stage companies, generally over multi‑year periods.",Explicit narrative amount,True,3500000000.0,Contingent Exposure,Accepted,Accepted: explicit contingent guarantee amount.,238
NVDA,2026-01-25,2026-02-25,10-K,Purchase or Contractual Commitments,4500000000.0,High,False,https://www.sec.gov/Archives/edgar/data/1045810/000104581026000021/nvda-20260125.htm,The gross margin decrease was also impacted by a $4.5 billion charge associated with H20 excess inventory and purchase obligations.,The gross margin decrease was also impacted by a $4.5 billion charge associated with H20 excess inventory and purchase obligations.,Explicit narrative amount,True,4500000000.0,Purchase or Contractual Commitments,Rejected,"Rejected: charge/provision or recognized accrued-liability amount, not total future commitments.",239
NVDA,2026-01-25,2026-02-25,10-K,Purchase or Contractual Commitments,4500000000.0,High,False,https://www.sec.gov/Archives/edgar/data/1045810/000104581026000021/nvda-20260125.htm,"Reportable segment operating income – The year over year increase in Compute & Networking segment operating income was driven by growth in revenue, partially offset by a $4.5 billion charge associated with H20 excess inventory and purchase obligations in the first quarter of fiscal year 2026.","Reportable segment operating income – The year over year increase in Compute & Networking segment operating income was driven by growth in revenue, partially offset by a $4.5 billion charge associated with H20 excess inventory and purchase obligations in the first quarter of fiscal year 2026.",Explicit narrative amount,True,4500000000.0,Purchase or Contractual Commitments,Rejected,"Rejected: charge/provision or recognized accrued-liability amount, not total future commitments.",240
NVDA,2026-01-25,2026-02-25,10-K,Purchase or Contractual Commitments,4500000000.0,High,False,https://www.sec.gov/Archives/edgar/data/1045810/000104581026000021/nvda-20260125.htm,Gross margins decreased to 71.1% in fiscal year 2026 from 75.0% in fiscal year 2025 as our business model transitioned from offering Hopper HGX systems to Blackwell full-scale datacenter solutions and a $4.5 billion charge associated with H20 excess inventory and purchase obligations in the first qu,Gross margins decreased to 71.1% in fiscal year 2026 from 75.0% in fiscal year 2025 as our business model transitioned from offering Hopper HGX systems to Blackwell full-scale datacenter solutions and a $4.5 billion charge associated with H20 excess inventory and purchase obligations in the first quarter of fiscal year 2026.,Explicit narrative amount,True,4500000000.0,Purchase or Contractual Commitments,Rejected,"Rejected: charge/provision or recognized accrued-liability amount, not total future commitments.",241
NVDA,2026-01-25,2026-02-25,10-K,Purchase or Contractual Commitments,2739000000.0,Medium,False,https://www.sec.gov/Archives/edgar/data/1045810/000104581026000021/nvda-20260125.htm,Excess inventory purchase obligations (1),"Jan 25, 2026 Jan 26, 2025 Accrued and Other Current Liabilities: (In millions) Customer program accruals $ 5,318 $ 4,880 Accrued purchase consideration 3,921 9 Product warranty 2,807 1,290 Excess inventory purchase obligations (1) 2,739 2,095 Taxes payable 2,669 881 Deferred revenue (2) 1,379 837 Accrued payroll and related expenses 1,146 848 Other 1,373 897 Total accrued and other current liabilities $ 21,352 $ 11,737 | Excess inventory purchase obligations (1) | 2,739 | | | 2,095 |",First table amount; review required,False,2739000000.0,Purchase or Contractual Commitments,Rejected,"Rejected: charge/provision or recognized accrued-liability amount, not total future commitments.",242
NVDA,2026-04-26,2026-05-20,10-Q,Purchase or Contractual Commitments,4500000000.0,High,False,https://www.sec.gov/Archives/edgar/data/1045810/000104581026000052/nvda-20260426.htm,"Gross margin increased from a year ago on lower inventory provisions, primarily due to the prior year's $4.5 billion charge associated with H20 excess inventory and purchase obligations.","Gross margin increased from a year ago on lower inventory provisions, primarily due to the prior year's $4.5 billion charge associated with H20 excess inventory and purchase obligations.",Explicit narrative amount,True,4500000000.0,Purchase or Contractual Commitments,Rejected,"Rejected: charge/provision or recognized accrued-liability amount, not total future commitments.",243
NVDA,2026-04-26,2026-05-20,10-Q,Purchase or Contractual Commitments,4500000000.0,High,False,https://www.sec.gov/Archives/edgar/data/1045810/000104581026000052/nvda-20260426.htm,Reportable segment operating income – The year-over-year increase in Compute & Networking segment operating income in the first quarter of fiscal year 2027 was driven by the growth in revenue and the non-recurrence of a $4.5 billion charge associated with H20 excess inventory and purchase obligation,Reportable segment operating income – The year-over-year increase in Compute & Networking segment operating income in the first quarter of fiscal year 2027 was driven by the growth in revenue and the non-recurrence of a $4.5 billion charge associated with H20 excess inventory and purchase obligations in the first quarter of fiscal year 2026.,Explicit narrative amount,True,4500000000.0,Purchase or Contractual Commitments,Rejected,"Rejected: charge/provision or recognized accrued-liability amount, not total future commitments.",244
NVDA,2026-04-26,2026-05-20,10-Q,Purchase or Contractual Commitments,4500000000.0,High,False,https://www.sec.gov/Archives/edgar/data/1045810/000104581026000052/nvda-20260426.htm,"Gross margin increased to 74.9% for the first quarter of fiscal year 2027 compared to 60.5% for the first quarter of fiscal year 2026, primarily due to the prior year's $4.5 billion charge associated with H20 excess inventory and purchase obligations.","Gross margin increased to 74.9% for the first quarter of fiscal year 2027 compared to 60.5% for the first quarter of fiscal year 2026, primarily due to the prior year's $4.5 billion charge associated with H20 excess inventory and purchase obligations.",Explicit narrative amount,True,4500000000.0,Purchase or Contractual Commitments,Rejected,"Rejected: charge/provision or recognized accrued-liability amount, not total future commitments.",245
NVDA,2026-04-26,2026-05-20,10-Q,Purchase or Contractual Commitments,4500000000.0,High,False,https://www.sec.gov/Archives/edgar/data/1045810/000104581026000052/nvda-20260426.htm,The first quarter of fiscal year 2026 includes $4.5 billion associated with H20 excess inventory and purchase obligations.,The first quarter of fiscal year 2026 includes $4.5 billion associated with H20 excess inventory and purchase obligations.,Explicit narrative amount,True,4500000000.0,Purchase or Contractual Commitments,Rejected,"Rejected: charge/provision or recognized accrued-liability amount, not total future commitments.",246
NVDA,2026-04-26,2026-05-20,10-Q,Purchase or Contractual Commitments,4500000000.0,High,False,https://www.sec.gov/Archives/edgar/data/1045810/000104581026000052/nvda-20260426.htm,"As a result of these requirements, we incurred a $4.5 billion charge in the first quarter of fiscal year 2026 associated with H20 for excess inventory and purchase obligations, as the demand for H20 products diminished.","As a result of these requirements, we incurred a $4.5 billion charge in the first quarter of fiscal year 2026 associated with H20 for excess inventory and purchase obligations, as the demand for H20 products diminished.",Explicit narrative amount,True,4500000000.0,Purchase or Contractual Commitments,Rejected,"Rejected: charge/provision or recognized accrued-liability amount, not total future commitments.",247
NVDA,2026-04-26,2026-05-20,10-Q,Purchase or Contractual Commitments,3121000000.0,Medium,False,https://www.sec.gov/Archives/edgar/data/1045810/000104581026000052/nvda-20260426.htm,Excess inventory purchase obligations (2),"Apr 26, 2026 Jan 25, 2026 Accrued and Other Current Liabilities: (In millions) Taxes payable $ 10,638 $ 2,669 Customer program accruals 4,182 5,318 Accrued purchase consideration (1) 3,957 3,921 Excess inventory purchase obligations (2) 3,121 2,739 Product warranty 2,948 2,807 Deferred revenue (3) 1,714 1,379 Accrued payroll and related expenses 1,033 1,146 Other 2,194 1,373 Total accrued and other current liabilities $ 29,787 $ 21,352 | Excess inventory purchase obligations (2) | 3,121 | | | 2,739 |",First table amount; review required,False,3121000000.0,Purchase or Contractual Commitments,Rejected,"Rejected: charge/provision or recognized accrued-liability amount, not total future commitments.",248
AMD,2013-12-28,2014-02-18,10-K,Purchase or Contractual Commitments,456000000.0,High,False,https://www.sec.gov/Archives/edgar/data/2488/000119312514057240/d674550d10k.htm,"As of December 28, 2013, total non-cancelable purchase obligations were $456 million.","As of December 28, 2013, total non-cancelable purchase obligations were $456 million.",Explicit narrative amount,True,456000000.0,Purchase or Contractual Commitments,Rejected,"Rejected: duplicate, period subcomponent, prepaid/collateral asset, or financing-capacity item; exact total used where available.",249
AMD,2013-12-28,2014-02-18,10-K,Purchase or Contractual Commitments,456000000.0,High,False,https://www.sec.gov/Archives/edgar/data/2488/000119312514057240/d674550d10k.htm,"As of December 28, 2013, total non-cancelable purchase obligations, excluding the Company’s wafer purchase commitments to GF under the WSA, were $456 million.","As of December 28, 2013, total non-cancelable purchase obligations, excluding the Company’s wafer purchase commitments to GF under the WSA, were $456 million.",Explicit narrative amount,True,456000000.0,Purchase or Contractual Commitments,Rejected,"Rejected: duplicate, period subcomponent, prepaid/collateral asset, or financing-capacity item; exact total used where available.",250
AMD,2013-12-28,2014-02-18,10-K,Purchase or Contractual Commitments,250000000.0,High,False,https://www.sec.gov/Archives/edgar/data/2488/000119312514057240/d674550d10k.htm,"Future unconditional purchase obligations as of December 28, 2013 were as follows: Obligations to GF Obligations to GF represents all of the Company’s contractual obligations to GF, including approximately $250 million for inventory purchases during the first quarter of 2014 and other payables under","Future unconditional purchase obligations as of December 28, 2013 were as follows: Obligations to GF Obligations to GF represents all of the Company’s contractual obligations to GF, including approximately $250 million for inventory purchases during the first quarter of 2014 and other payables under the WSA as described below.",Explicit narrative amount,True,250000000.0,Purchase or Contractual Commitments,Rejected,"Rejected: duplicate, period subcomponent, prepaid/collateral asset, or financing-capacity item; exact total used where available.",251
AMD,2013-12-28,2014-02-18,10-K,Purchase or Contractual Commitments,587000000,High,True,https://www.sec.gov/Archives/edgar/data/2488/000119312514057240/d674550d10k.htm,Total unconditional purchase commitments,"The Company also had other contractual obligations, included in “Other long-term liabilities” on its consolidated balance sheet, which consists of $131 million of payments due under certain software and technology licenses that will be paid through 2017. Future unconditional purchase obligations as of December 28, 2013 were as follows: | Total unconditional purchase commitments | | $ | 587 |",Single explicit amount,True,587.0,Purchase or Contractual Commitments,Accepted — amount corrected,Accepted: exact total unconditional purchase commitments; unit normalized where necessary.,252
AMD,2013-12-28,2014-02-18,10-K,Purchase or Contractual Commitments,456.0,Medium,False,https://www.sec.gov/Archives/edgar/data/2488/000119312514057240/d674550d10k.htm,Purchase obligations (4),"Contractual Obligations The following table summarizes our consolidated principal contractual cash obligations, as of December 28, 2013, and is supplemented by the discussion following the table: | Purchase obligations (4) | | | 456 | | | | 438 | | | | 16 | | | | 1 | | | | 1 | | | | — | | | | — |",First table amount; review required,False,456.0,Purchase or Contractual Commitments,Rejected,"Rejected: duplicate, period subcomponent, prepaid/collateral asset, or financing-capacity item; exact total used where available.",253
AMD,2014-12-27,2015-02-19,10-K,Purchase or Contractual Commitments,200000000.0,High,False,https://www.sec.gov/Archives/edgar/data/2488/000119312515054362/d871455d10k.htm,The decrease was primarily due to the final $200 million cash payment made in the first quarter of 2014 related to GF’s waiver of a portion of our obligations for wafer purchase commitments for the fourth quarter of 2012 and the timing of sales and related collections.,The decrease was primarily due to the final $200 million cash payment made in the first quarter of 2014 related to GF’s waiver of a portion of our obligations for wafer purchase commitments for the fourth quarter of 2012 and the timing of sales and related collections.,Explicit narrative amount,True,200000000.0,Purchase or Contractual Commitments,Rejected,"Rejected: duplicate, period subcomponent, prepaid/collateral asset, or financing-capacity item; exact total used where available.",254
AMD,2014-12-27,2015-02-19,10-K,Purchase or Contractual Commitments,200000000.0,High,False,https://www.sec.gov/Archives/edgar/data/2488/000119312515054362/d871455d10k.htm,"The decrease was primarily due to the final $200 million payment to GF made in the first quarter of 2014 related to GF’s waiver of a portion of our obligations for wafer purchase commitments for the fourth quarter of 2012, partially offset by an increase in accounts payable to GF due to timing of pa","The decrease was primarily due to the final $200 million payment to GF made in the first quarter of 2014 related to GF’s waiver of a portion of our obligations for wafer purchase commitments for the fourth quarter of 2012, partially offset by an increase in accounts payable to GF due to timing of payments.",Explicit narrative amount,True,200000000.0,Purchase or Contractual Commitments,Rejected,"Rejected: duplicate, period subcomponent, prepaid/collateral asset, or financing-capacity item; exact total used where available.",255
AMD,2014-12-27,2015-02-19,10-K,Purchase or Contractual Commitments,688000000.0,High,False,https://www.sec.gov/Archives/edgar/data/2488/000119312515054362/d871455d10k.htm,"As of December 27, 2014, total non-cancelable purchase obligations were $688 million.","As of December 27, 2014, total non-cancelable purchase obligations were $688 million.",Explicit narrative amount,True,688000000.0,Purchase or Contractual Commitments,Rejected,"Rejected: duplicate, period subcomponent, prepaid/collateral asset, or financing-capacity item; exact total used where available.",256
AMD,2014-12-27,2015-02-19,10-K,Purchase or Contractual Commitments,688000000.0,High,False,https://www.sec.gov/Archives/edgar/data/2488/000119312515054362/d871455d10k.htm,"As of December 27, 2014, total non-cancelable purchase obligations, excluding the Company’s wafer purchase commitments to GF under the WSA, were $688 million.","As of December 27, 2014, total non-cancelable purchase obligations, excluding the Company’s wafer purchase commitments to GF under the WSA, were $688 million.",Explicit narrative amount,True,688000000.0,Purchase or Contractual Commitments,Rejected,"Rejected: duplicate, period subcomponent, prepaid/collateral asset, or financing-capacity item; exact total used where available.",257
AMD,2014-12-27,2015-02-19,10-K,Purchase or Contractual Commitments,755000000,High,True,https://www.sec.gov/Archives/edgar/data/2488/000119312515054362/d871455d10k.htm,Total unconditional purchase commitments,"The Company also had other contractual obligations, included in “Other long-term liabilities” on its consolidated balance sheet, which consists of $67 million of payments due under certain software and technology licenses that will be paid through 2018. Future unconditional purchase obligations as of December 27, 2014 were as follows: | Total unconditional purchase commitments | | $ | 755 |",Single explicit amount,True,755.0,Purchase or Contractual Commitments,Accepted — amount corrected,Accepted: exact total unconditional purchase commitments; unit normalized where necessary.,258
AMD,2014-12-27,2015-02-19,10-K,Purchase or Contractual Commitments,688.0,Medium,False,https://www.sec.gov/Archives/edgar/data/2488/000119312515054362/d871455d10k.htm,Purchase obligations (3),"Contractual Obligations The following table summarizes our consolidated principal contractual cash obligations, as of December 27, 2014, and is supplemented by the discussion following the table: | Purchase obligations (3) | | | 688 | | | | 542 | | | | 50 | | | | 71 | | | | 25 | | | | — | | | | — |",First table amount; review required,False,688.0,Purchase or Contractual Commitments,Rejected,"Rejected: duplicate, period subcomponent, prepaid/collateral asset, or financing-capacity item; exact total used where available.",259
AMD,2015-12-26,2016-02-18,10-K,Purchase or Contractual Commitments,200000000.0,High,False,https://www.sec.gov/Archives/edgar/data/2488/000000248816000111/amd-12262015x10k.htm,"The increase in cash used in operating activities was primarily due to lower cash collections during 2015 compared 2014 driven by lower sales compared to 2014 , partially offset by lower other operating expenses and labor cost as a result of restructuring actions and the absence of the final $200 mi","The increase in cash used in operating activities was primarily due to lower cash collections during 2015 compared 2014 driven by lower sales compared to 2014 , partially offset by lower other operating expenses and labor cost as a result of restructuring actions and the absence of the final $200 million cash payment made in the first quarter of 2014 related to GF’s waiver of a portion of our obligations for wafer purchase commitments.",Explicit narrative amount,True,200000000.0,Purchase or Contractual Commitments,Rejected,"Rejected: duplicate, period subcomponent, prepaid/collateral asset, or financing-capacity item; exact total used where available.",260
AMD,2015-12-26,2016-02-18,10-K,Purchase or Contractual Commitments,319000000.0,High,False,https://www.sec.gov/Archives/edgar/data/2488/000000248816000111/amd-12262015x10k.htm,"As of December 26, 2015 , total non-cancelable purchase obligations were $319 million .","As of December 26, 2015 , total non-cancelable purchase obligations were $319 million .",Explicit narrative amount,True,319000000.0,Purchase or Contractual Commitments,Rejected,"Rejected: duplicate, period subcomponent, prepaid/collateral asset, or financing-capacity item; exact total used where available.",261
AMD,2015-12-26,2016-02-18,10-K,Purchase or Contractual Commitments,319000000.0,High,False,https://www.sec.gov/Archives/edgar/data/2488/000000248816000111/amd-12262015x10k.htm,"As of December 26, 2015 , total non-cancelable purchase obligations, excluding the Company’s wafer purchase commitments to GF under the WSA, were $319 million .","As of December 26, 2015 , total non-cancelable purchase obligations, excluding the Company’s wafer purchase commitments to GF under the WSA, were $319 million .",Explicit narrative amount,True,319000000.0,Purchase or Contractual Commitments,Rejected,"Rejected: duplicate, period subcomponent, prepaid/collateral asset, or financing-capacity item; exact total used where available.",262
AMD,2015-12-26,2016-02-18,10-K,Purchase or Contractual Commitments,359000000,High,True,https://www.sec.gov/Archives/edgar/data/2488/000000248816000111/amd-12262015x10k.htm,Total unconditional purchase commitments,Year Unconditional purchase obligations (In millions) 2016 $ 254 2017 42 2018 37 2019 26 2020 — 2021 and thereafter — Total unconditional purchase commitments $ 359 Year Unconditional purchase obligations (In millions) 2016 $ 254 2017 42 2018 37 2019 26 2020 — 2021 and thereafter — Total unconditional purchase commitments $ 359 | Total unconditional purchase commitments | $ | 359 |,Single explicit amount,True,359000000.0,Purchase or Contractual Commitments,Accepted,Accepted: exact total unconditional purchase commitments; unit normalized where necessary.,263
AMD,2015-12-26,2016-02-18,10-K,Purchase or Contractual Commitments,319000000.0,Medium,False,https://www.sec.gov/Archives/edgar/data/2488/000000248816000111/amd-12262015x10k.htm,Purchase obligations (2),"Payment due by period (In millions) Total 2016 2017 2018 2019 2020 2021 and thereafter 6.75% Notes $ 600 $ — $ — $ — $ 600 $ — $ — 7.75% Notes 450 — — — — 450 — 7.50% Notes 475 — — — — — 475 7.00% Notes 500 — — — — — 500 Secured Revolving Line of Credit 230 230 — — — — — Other long-term liabilities 42 — 35 5 — — 2 Aggregate interest obligation (1) 889 148 148 148 128 106 211 Operating leases 306 51 50 45 28 26 106 Purchase obligations (2) 319 254 7 32 26 — — Obligations to GF (3) 248 248 — — — — — Total contractual obligations (4) $ 4,059 $ 931 $ 240 $ 230 $ 782 $ 582 $ 1,294 Payment due by period (In millions) Total 2016 2017 2018 2019 2020 2021 and thereafter 6.75% Notes $ 600 $ — $ — $ — $ 600 $ — $ — 7.75% Notes 450 — — — — 450 — 7.50% Notes 475 — — — — — 475 7.00% Notes 500 — — — — — 500 Secured Revolving Line of Credit 230 230 — — — — — Other long-term liabilities 42 — 35 5 — — 2 Aggregate interest obligation (1) 889 148 148 148 128 106 211 Operating leases 306 51 50 45 28 26 106 Purchase obligations (2) 319 254 7 32 26 — — Obligations to GF (3) 248 248 — — — — — Total contractual obligations (4) $ 4,059 $ 931 $ 240 $ 230 $ 782 $ 582 $ 1,294 | Purchase obligations (2) | 319 |",First table amount; review required,False,319000000.0,Purchase or Contractual Commitments,Rejected,"Rejected: duplicate, period subcomponent, prepaid/collateral asset, or financing-capacity item; exact total used where available.",264
AMD,2016-12-31,2017-02-21,10-K,Purchase or Contractual Commitments,340000000.0,High,False,https://www.sec.gov/Archives/edgar/data/2488/000000248817000043/amd-12312016x10k.htm,The decrease in gross margin in 2016 as compared to 2015 was primarily due to a $340 million charge taken in the third quarter of 2016 (the WSA Charge) related to the sixth amendment to the wafer supply agreement (the Sixth Amendment) with GLOBALFOUNDRIES Inc.,The decrease in gross margin in 2016 as compared to 2015 was primarily due to a $340 million charge taken in the third quarter of 2016 (the WSA Charge) related to the sixth amendment to the wafer supply agreement (the Sixth Amendment) with GLOBALFOUNDRIES Inc.,Explicit narrative amount,True,340000000.0,Purchase or Contractual Commitments,Rejected,"Rejected: duplicate, period subcomponent, prepaid/collateral asset, or financing-capacity item; exact total used where available.",265
AMD,2016-12-31,2017-02-21,10-K,Purchase or Contractual Commitments,200000000.0,High,False,https://www.sec.gov/Archives/edgar/data/2488/000000248817000043/amd-12312016x10k.htm,"The increase in cash used in operating activities was primarily due to lower cash collections during 2015 compared 2014 driven by lower sales compared to 2014, partially offset by lower other operating expenses and labor cost as a result of restructuring actions and the absence of the final $200 mil","The increase in cash used in operating activities was primarily due to lower cash collections during 2015 compared 2014 driven by lower sales compared to 2014, partially offset by lower other operating expenses and labor cost as a result of restructuring actions and the absence of the final $200 million cash payment made in the first quarter of 2014 related to GF’s waiver of a portion of our obligations for wafer purchase commitments.",Explicit narrative amount,True,200000000.0,Purchase or Contractual Commitments,Rejected,"Rejected: duplicate, period subcomponent, prepaid/collateral asset, or financing-capacity item; exact total used where available.",266
AMD,2016-12-31,2017-02-21,10-K,Purchase or Contractual Commitments,447000000.0,High,False,https://www.sec.gov/Archives/edgar/data/2488/000000248817000043/amd-12312016x10k.htm,"As of December 31, 2016 , total non-cancelable purchase obligations were $447 million .","As of December 31, 2016 , total non-cancelable purchase obligations were $447 million .",Explicit narrative amount,True,447000000.0,Purchase or Contractual Commitments,Rejected,"Rejected: duplicate, period subcomponent, prepaid/collateral asset, or financing-capacity item; exact total used where available.",267
AMD,2016-12-31,2017-02-21,10-K,Purchase or Contractual Commitments,3300000000.0,High,False,https://www.sec.gov/Archives/edgar/data/2488/000000248817000043/amd-12312016x10k.htm,"Obligations to GF As of December 31, 2016 , our minimum wafer purchase obligations for the years 2017 through 2020 are approximately $3.3 billion .","Obligations to GF As of December 31, 2016 , our minimum wafer purchase obligations for the years 2017 through 2020 are approximately $3.3 billion .",Explicit narrative amount,True,3300000000.0,Purchase or Contractual Commitments,Rejected,"Rejected: duplicate, period subcomponent, prepaid/collateral asset, or financing-capacity item; exact total used where available.",268
AMD,2016-12-31,2017-02-21,10-K,Purchase or Contractual Commitments,447000000.0,High,False,https://www.sec.gov/Archives/edgar/data/2488/000000248817000043/amd-12312016x10k.htm,"As of December 31, 2016 , total non-cancelable purchase obligations, excluding the Company’s wafer purchase commitments to GF under the WSA, were $447 million .","As of December 31, 2016 , total non-cancelable purchase obligations, excluding the Company’s wafer purchase commitments to GF under the WSA, were $447 million .",Explicit narrative amount,True,447000000.0,Purchase or Contractual Commitments,Rejected,"Rejected: duplicate, period subcomponent, prepaid/collateral asset, or financing-capacity item; exact total used where available.",269
AMD,2016-12-31,2017-02-21,10-K,Purchase or Contractual Commitments,3300000000.0,High,False,https://www.sec.gov/Archives/edgar/data/2488/000000248817000043/amd-12312016x10k.htm,"Future unconditional purchase obligations as of December 31, 2016 were as follows: Obligations to GF As of December 31, 2016 , the Company's minimum purchase obligations for wafer purchases for the years 2017 through 2020 are approximately $3.3 billion .","Future unconditional purchase obligations as of December 31, 2016 were as follows: Obligations to GF As of December 31, 2016 , the Company's minimum purchase obligations for wafer purchases for the years 2017 through 2020 are approximately $3.3 billion .",Explicit narrative amount,True,3300000000.0,Purchase or Contractual Commitments,Rejected,"Rejected: duplicate, period subcomponent, prepaid/collateral asset, or financing-capacity item; exact total used where available.",270
AMD,2016-12-31,2017-02-21,10-K,Purchase or Contractual Commitments,538000000,High,True,https://www.sec.gov/Archives/edgar/data/2488/000000248817000043/amd-12312016x10k.htm,Total unconditional purchase commitments,Year Unconditional purchase obligations (In millions) 2017 $ 391 2018 86 2019 51 2020 9 2021 1 2022 and thereafter — Total unconditional purchase commitments $ 538 Year Unconditional purchase obligations (In millions) 2017 $ 391 2018 86 2019 51 2020 9 2021 1 2022 and thereafter — Total unconditional purchase commitments $ 538 | Total unconditional purchase commitments | $ | 538 |,Single explicit amount,True,538000000.0,Purchase or Contractual Commitments,Accepted,Accepted: exact total unconditional purchase commitments; unit normalized where necessary.,271
AMD,2016-12-31,2017-02-21,10-K,Purchase or Contractual Commitments,447000000.0,Medium,False,https://www.sec.gov/Archives/edgar/data/2488/000000248817000043/amd-12312016x10k.htm,Purchase obligations (2),"Payment due by period (In millions) Total 2017 2018 2019 2020 2021 2022 and thereafter 6.75% Notes $ 196 $ — $ — $ 196 $ — $ — $ — 7.50% Notes 350 — — — — — 350 7.00% Notes 416 — — — — — 416 2.125% Notes 805 — — — — — 805 Other long-term liabilities 93 — 49 36 6 — 2 Aggregate interest obligation (1) 601 88 88 81 73 72 199 Operating leases 388 49 51 46 43 64 135 Purchase obligations (2) 447 391 37 15 3 1 — Obligations to GF (3) 3,256 964 748 764 780 — — Total contractual obligations (4) $ 6,552 $ 1,492 $ 973 $ 1,138 $ 905 $ 137 $ 1,907 Payment due by period (In millions) Total 2017 2018 2019 2020 2021 2022 and thereafter 6.75% Notes $ 196 $ — $ — $ 196 $ — $ — $ — 7.50% Notes 350 — — — — — 350 7.00% Notes 416 — — — — — 416 2.125% Notes 805 — — — — — 805 Other long-term liabilities 93 — 49 36 6 — 2 Aggregate interest obligation (1) 601 88 88 81 73 72 199 Operating leases 388 49 51 46 43 64 135 Purchase obligations (2) 447 391 37 15 3 1 — Obligations to GF (3) 3,256 964 748 764 780 — — Total contractual obligations (4) $ 6,552 $ 1,492 $ 973 $ 1,138 $ 905 $ 137 $ 1,907 | Purchase obligations (2) | 447 | | | 391 | | | 37 | | | 15 | | | 3 | | | 1 | | | — |",First table amount; review required,False,447000000.0,Purchase or Contractual Commitments,Rejected,"Rejected: duplicate, period subcomponent, prepaid/collateral asset, or financing-capacity item; exact total used where available.",272
AMD,2017-12-30,2018-02-27,10-K,Purchase or Contractual Commitments,513000000.0,High,False,https://www.sec.gov/Archives/edgar/data/2488/000000248818000042/amd-12302017x10k.htm,"As of December 30, 2017 , total non-cancellable purchase obligations were $513 million .","As of December 30, 2017 , total non-cancellable purchase obligations were $513 million .",Explicit narrative amount,True,513000000.0,Purchase or Contractual Commitments,Rejected,"Rejected: duplicate, period subcomponent, prepaid/collateral asset, or financing-capacity item; exact total used where available.",273
AMD,2017-12-30,2018-02-27,10-K,Purchase or Contractual Commitments,2800000000.0,High,False,https://www.sec.gov/Archives/edgar/data/2488/000000248818000042/amd-12302017x10k.htm,"Obligations to GF As of December 30, 2017 , our minimum wafer purchase obligations for the years 2018 through 2020 are approximately $2.8 billion .","Obligations to GF As of December 30, 2017 , our minimum wafer purchase obligations for the years 2018 through 2020 are approximately $2.8 billion .",Explicit narrative amount,True,2800000000.0,Purchase or Contractual Commitments,Rejected,"Rejected: duplicate, period subcomponent, prepaid/collateral asset, or financing-capacity item; exact total used where available.",274
AMD,2017-12-30,2018-02-27,10-K,Purchase or Contractual Commitments,406000000.0,High,False,https://www.sec.gov/Archives/edgar/data/2488/000000248818000042/amd-12302017x10k.htm,"As of December 30, 2017 , total non-cancellable purchase obligations excluding the Company’s wafer purchase commitments to GF under the WSA were $406 million .","As of December 30, 2017 , total non-cancellable purchase obligations excluding the Company’s wafer purchase commitments to GF under the WSA were $406 million .",Explicit narrative amount,True,406000000.0,Purchase or Contractual Commitments,Rejected,"Rejected: duplicate, period subcomponent, prepaid/collateral asset, or financing-capacity item; exact total used where available.",275
AMD,2017-12-30,2018-02-27,10-K,Purchase or Contractual Commitments,2800000000.0,High,False,https://www.sec.gov/Archives/edgar/data/2488/000000248818000042/amd-12302017x10k.htm,"93 Future unconditional purchase obligations as of December 30, 2017 were as follows: Obligations to GF As of December 30, 2017 , the Company's minimum purchase obligations for wafer purchases for the years 2018 through 2020 are approximately $2.8 billion .","93 Future unconditional purchase obligations as of December 30, 2017 were as follows: Obligations to GF As of December 30, 2017 , the Company's minimum purchase obligations for wafer purchases for the years 2018 through 2020 are approximately $2.8 billion .",Explicit narrative amount,True,2800000000.0,Purchase or Contractual Commitments,Rejected,"Rejected: duplicate, period subcomponent, prepaid/collateral asset, or financing-capacity item; exact total used where available.",276
AMD,2017-12-30,2018-02-27,10-K,Purchase or Contractual Commitments,513000000,High,True,https://www.sec.gov/Archives/edgar/data/2488/000000248818000042/amd-12302017x10k.htm,Total unconditional purchase commitments,Year Unconditional purchase obligations (In millions) 2018 $ 346 2019 65 2020 40 2021 33 2022 29 2023 and thereafter — Total unconditional purchase commitments $ 513 Year Unconditional purchase obligations (In millions) 2018 $ 346 2019 65 2020 40 2021 33 2022 29 2023 and thereafter — Total unconditional purchase commitments $ 513 | Total unconditional purchase commitments | $ | 513 |,Single explicit amount,True,513000000.0,Purchase or Contractual Commitments,Accepted,Accepted: exact total unconditional purchase commitments; unit normalized where necessary.,277
AMD,2017-12-30,2018-02-27,10-K,Purchase or Contractual Commitments,513000000.0,Medium,False,https://www.sec.gov/Archives/edgar/data/2488/000000248818000042/amd-12302017x10k.htm,Purchase obligations (3),"Payment due by period (In millions) Total 2018 2019 2020 2021 2022 2023 and thereafter Senior Notes 6.75% Notes $ 166 $ — $ 166 $ — $ — $ — $ — 7.50% Notes 347 — — — — 347 — 7.00% Notes 311 — — — — — 311 2.125% Notes 805 — — — — — 805 Secured Revolving Line of Credit 70 70 — — — — — Other long-term liabilities (1) 109 51 45 8 3 — 2 Aggregate interest obligation (2) 459 78 72 66 66 65 112 Operating leases 255 40 35 31 29 28 92 Purchase obligations (3) 513 346 65 40 33 29 — Obligations to GF (4) 2,841 1,297 764 780 — — — Total contractual obligations (5) $ 5,876 $ 1,882 $ 1,147 $ 925 $ 131 $ 469 $ 1,322 Payment due by period (In millions) Total 2018 2019 2020 2021 2022 2023 and thereafter Senior Notes 6.75% Notes $ 166 $ — $ 166 $ — $ — $ — $ — 7.50% Notes 347 — — — — 347 — 7.00% Notes 311 — — — — — 311 2.125% Notes 805 — — — — — 805 Secured Revolving Line of Credit 70 70 — — — — — Other long-term liabilities (1) 109 51 45 8 3 — 2 Aggregate interest obligation (2) 459 78 72 66 66 65 112 Operating leases 255 40 35 31 29 28 92 Purchase obligations (3) 513 346 65 40 33 29 — Obligations to GF (4) 2,841 1,297 764 780 — — — Total contractual obligations (5) $ 5,876 $ 1,882 $ 1,147 $ 925 $ ",First table amount; review required,False,513000000.0,Purchase or Contractual Commitments,Rejected,"Rejected: duplicate, period subcomponent, prepaid/collateral asset, or financing-capacity item; exact total used where available.",278
AMD,2018-12-29,2019-02-08,10-K,Purchase or Contractual Commitments,337000000.0,High,False,https://www.sec.gov/Archives/edgar/data/2488/000000248819000011/amd-12292018x10k.htm,"As of December 29, 2018 , total non-cancellable purchase obligations excluding the Company’s wafer purchase commitments to GF under the WSA were $337 million .","As of December 29, 2018 , total non-cancellable purchase obligations excluding the Company’s wafer purchase commitments to GF under the WSA were $337 million .",Explicit narrative amount,True,337000000.0,Purchase or Contractual Commitments,Rejected,"Rejected: duplicate, period subcomponent, prepaid/collateral asset, or financing-capacity item; exact total used where available.",279
AMD,2018-12-29,2019-02-08,10-K,Purchase or Contractual Commitments,2400000000.0,High,False,https://www.sec.gov/Archives/edgar/data/2488/000000248819000011/amd-12292018x10k.htm,"Future unconditional purchase obligations as of December 29, 2018 were as follows: Obligations to GF As of December 29, 2018 , the Company's minimum purchase obligations for wafer purchases for the years 2019 through 2021 are approximately $2.4 billion .","Future unconditional purchase obligations as of December 29, 2018 were as follows: Obligations to GF As of December 29, 2018 , the Company's minimum purchase obligations for wafer purchases for the years 2019 through 2021 are approximately $2.4 billion .",Explicit narrative amount,True,2400000000.0,Purchase or Contractual Commitments,Rejected,"Rejected: duplicate, period subcomponent, prepaid/collateral asset, or financing-capacity item; exact total used where available.",280
AMD,2018-12-29,2019-02-08,10-K,Purchase or Contractual Commitments,498000000,High,True,https://www.sec.gov/Archives/edgar/data/2488/000000248819000011/amd-12292018x10k.htm,Total unconditional purchase commitments,Year Unconditional purchase obligations (In millions) 2019 $ 335 2020 70 2021 54 2022 37 2023 2 2024 and thereafter — Total unconditional purchase commitments $ 498 Year Unconditional purchase obligations (In millions) 2019 $ 335 2020 70 2021 54 2022 37 2023 2 2024 and thereafter — Total unconditional purchase commitments $ 498 | Total unconditional purchase commitments | $ | 498 |,Single explicit amount,True,498000000.0,Purchase or Contractual Commitments,Accepted,Accepted: exact total unconditional purchase commitments; unit normalized where necessary.,281
AMD,2018-12-29,2019-02-08,10-K,Purchase or Contractual Commitments,337000000.0,Medium,False,https://www.sec.gov/Archives/edgar/data/2488/000000248819000011/amd-12292018x10k.htm,Purchase obligations (3),"Payment due by period (In millions) Total 2019 2020 2021 2022 2023 2024 and thereafter Term Debt $ 1,458 $ 66 $ — $ — $ 337 $ — $ 1,055 Secured Revolving Line of Credit 70 70 — — — — — Other long-term liabilities (1) 170 50 42 40 35 1 2 Aggregate interest obligation (2) 349 63 61 61 60 35 69 Operating leases 322 54 48 43 40 35 102 Purchase obligations (3) 337 287 29 15 4 2 — Obligations to GF (4) 2,435 1,200 715 520 — — — Total contractual obligations (5) $ 5,141 $ 1,790 $ 895 $ 679 $ 476 $ 73 $ 1,228 Payment due by period (In millions) Total 2019 2020 2021 2022 2023 2024 and thereafter Term Debt $ 1,458 $ 66 $ — $ — $ 337 $ — $ 1,055 Secured Revolving Line of Credit 70 70 — — — — — Other long-term liabilities (1) 170 50 42 40 35 1 2 Aggregate interest obligation (2) 349 63 61 61 60 35 69 Operating leases 322 54 48 43 40 35 102 Purchase obligations (3) 337 287 29 15 4 2 — Obligations to GF (4) 2,435 1,200 715 520 — — — Total contractual obligations (5) $ 5,141 $ 1,790 $ 895 $ 679 $ 476 $ 73 $ 1,228 | Purchase obligations (3) | 337 | | | 287 | | | 29 | | | 15 | | | 4 | | | 2 | | | — |",First table amount; review required,False,337000000.0,Purchase or Contractual Commitments,Rejected,"Rejected: duplicate, period subcomponent, prepaid/collateral asset, or financing-capacity item; exact total used where available.",282
AMD,2019-12-28,2020-02-04,10-K,Contingent Exposure,14000000,High,True,https://www.sec.gov/Archives/edgar/data/2488/000000248820000008/amdform10-kfy2019.htm,"As of December 28, 2019 , the Company had $ 14 million of letters of credit outstanding under the Credit Agreement.","As of December 28, 2019 , the Company had $ 14 million of letters of credit outstanding under the Credit Agreement.",Explicit narrative amount,True,14000000.0,Contingent Exposure,Accepted,Accepted: explicit outstanding letter of credit.,283
AMD,2019-12-28,2020-02-04,10-K,Purchase or Contractual Commitments,2445000000,High,True,https://www.sec.gov/Archives/edgar/data/2488/000000248820000008/amdform10-kfy2019.htm,Total unconditional purchase commitments,"Total future unconditional purchase obligations as of December 28, 2019 were as follows: Year (In millions) 2020 $ 1,731 2021 642 2022 58 2023 5 2024 2 2025 and thereafter 7 Total unconditional purchase commitments $ 2,445 Year (In millions) 2020 $ 1,731 2021 642 2022 58 2023 5 2024 2 2025 and thereafter 7 Total unconditional purchase commitments $ 2,445 | Total unconditional purchase commitments | $ | 2,445 |",Single explicit amount,True,2445000000.0,Purchase or Contractual Commitments,Accepted,Accepted: exact total unconditional purchase commitments; unit normalized where necessary.,284
AMD,2019-12-28,2020-02-04,10-K,Purchase or Contractual Commitments,2290000000.0,Medium,False,https://www.sec.gov/Archives/edgar/data/2488/000000248820000008/amdform10-kfy2019.htm,Purchase obligations (3),"Payment due by period (In millions) Total 2020 2021 2022 2023 2024 2025 and thereafter Term debt $ 563 $ — $ — $ 312 $ — $ — $ 251 Aggregate interest obligation (1) 102 30 30 21 6 6 9 Other long-term liabilities (2) 155 54 50 48 1 — 2 Operating leases 287 54 48 44 37 33 71 Purchase obligations (3) 2,290 1,677 592 10 4 2 5 Total contractual obligations (4) $ 3,397 $ 1,815 $ 720 $ 435 $ 48 $ 41 $ 338 (1) Represents interest obligations, payable in cash, for our outstanding debt. (2) Amounts primarily represent future fixed and non-cancellable cash payments associated with software technology and licenses and IP licenses, including the payments due within the next 12 months. (3) Represents purchase obligations for goods and services where payments are based, in part, on the volume or type of services we acquire. In those cases, we only included the minimum volume of purchase obligations in the table above. Purchase orders for goods and services that are cancellable upon notice and without significant penalties are not included in the amounts above. (4) Total amount excludes contractual obligations already recorded on our consolidated balance sheets except for debt obligations and othe",First table amount; review required,False,2290000000.0,Purchase or Contractual Commitments,Rejected,"Rejected: duplicate, period subcomponent, prepaid/collateral asset, or financing-capacity item; exact total used where available.",285
AMD,2020-12-26,2021-01-29,10-K,Contingent Exposure,13000000,High,True,https://www.sec.gov/Archives/edgar/data/2488/000162828021001185/amd-20201226.htm,"As of December 26, 2020, the Company had $ 13 million of letters of credit outstanding under the Credit Agreement and the Company was in compliance with all required covenants under the Credit Agreement.","As of December 26, 2020, the Company had $ 13 million of letters of credit outstanding under the Credit Agreement and the Company was in compliance with all required covenants under the Credit Agreement.",Explicit narrative amount,True,13000000.0,Contingent Exposure,Accepted,Accepted: explicit outstanding letter of credit.,286
AMD,2020-12-26,2021-01-29,10-K,Contingent Exposure,4000000.0,High,False,https://www.sec.gov/Archives/edgar/data/2488/000162828021001185/amd-20201226.htm,"As of December 28, 2019, the Company also had approximately $ 4 million of investments in money market funds, used as collateral for letters of credit deposits, which were included in Other current assets on the Company’s consolidated balance sheets.","As of December 28, 2019, the Company also had approximately $ 4 million of investments in money market funds, used as collateral for letters of credit deposits, which were included in Other current assets on the Company’s consolidated balance sheets.",Explicit narrative amount,True,4000000.0,Contingent Exposure,Rejected,"Rejected: duplicate, period subcomponent, prepaid/collateral asset, or financing-capacity item; exact total used where available.",287
AMD,2020-12-26,2021-01-29,10-K,Purchase or Contractual Commitments,3191000000,High,True,https://www.sec.gov/Archives/edgar/data/2488/000162828021001185/amd-20201226.htm,Total unconditional purchase commitments,"Total future unconditional purchase obligations as of December 26, 2020 were as follows: Total future unconditional purchase obligations as of December 26, 2020 were as follows: Year (In millions) 2021 $ 3,026 2022 71 2023 34 2024 25 2025 23 2026 and thereafter 12 Total unconditional purchase commitments $ 3,191 | Total unconditional purchase commitments | $ | 3,191 |",Single explicit amount,True,3191000000.0,Purchase or Contractual Commitments,Accepted,Accepted: exact total unconditional purchase commitments; unit normalized where necessary.,288
AMD,2020-12-26,2021-01-29,10-K,Purchase or Contractual Commitments,3032000000.0,Medium,False,https://www.sec.gov/Archives/edgar/data/2488/000162828021001185/amd-20201226.htm,Purchase obligations (5),"Contractual Obligations Contractual Obligations The following table summarizes our consolidated principal contractual cash obligations, as of December 26, 2020, and is supplemented by the discussion following the table: The following table summarizes our consolidated principal contractual cash obligations, as of December 26, 2020, and is supplemented by the discussion following the table: Payment due by period (In millions) Total 2021 2022 2023 2024 2025 2026 and thereafter Term debt (1) $ 338 $ — $ 312 $ — $ — $ — $ 26 Aggregate interest obligation (2) 54 25 25 1 1 1 1 Other long-term liabilities (3) 159 55 64 19 10 8 3 Operating leases (4) 284 52 55 48 41 34 54 Purchase obligations (5) 3,032 2,971 7 15 15 15 9 Total contractual obligations (6) $ 3,867 $ 3,103 $ 463 $ 83 $ 67 $ 58 $ 93 | Purchase obligations (5) | 3,032 | | | 2,971 | | | 7 | | | 15 | | | 15 | | | 15 | | | 9 |",First table amount; review required,False,3032000000.0,Purchase or Contractual Commitments,Rejected,"Rejected: duplicate, period subcomponent, prepaid/collateral asset, or financing-capacity item; exact total used where available.",289
AMD,2021-12-25,2022-02-03,10-K,Contingent Exposure,14000000,High,True,https://www.sec.gov/Archives/edgar/data/2488/000000248822000016/amd-20211225.htm,"As of December 25, 2021, the Company had $ 14 million of letters of credit outstanding under the Revolving Credit Facility.","As of December 25, 2021, the Company had $ 14 million of letters of credit outstanding under the Revolving Credit Facility.",Explicit narrative amount,True,14000000.0,Contingent Exposure,Accepted,Accepted: explicit outstanding letter of credit.,290
AMD,2021-12-25,2022-02-03,10-K,Purchase or Contractual Commitments,916000000.0,High,False,https://www.sec.gov/Archives/edgar/data/2488/000000248822000016/amd-20211225.htm,Prepaid long-term supply agreements,", $ 217 million and $ 142 million, respectively. Other Non-current Assets December 25, 2021 December 26, 2020 (In millions) Prepaid long-term supply agreements $ 916 $ — Software and technology licenses, net 328 229 Other 234 144 Total other non-current assets $ 1,478 $ 373 | Prepaid long-term supply agreements | $ | 916 | | | $ | — |",Single explicit amount,True,916000000.0,Purchase or Contractual Commitments,Rejected,"Rejected: duplicate, period subcomponent, prepaid/collateral asset, or financing-capacity item; exact total used where available.",291
AMD,2021-12-25,2022-02-03,10-K,Purchase or Contractual Commitments,9066000000,High,True,https://www.sec.gov/Archives/edgar/data/2488/000000248822000016/amd-20211225.htm,Total unconditional purchase commitments,"Total future unconditional purchase commitments as of December 25, 2021 were as follows: Total future unconditional purchase commitments as of December 25, 2021 were as follows: Year (In millions) 2022 $ 5,765 2023 1,658 2024 755 2025 329 2026 176 2027 and thereafter 383 Total unconditional purchase commitments $ 9,066 | Total unconditional purchase commitments | $ | 9,066 |",Single explicit amount,True,9066000000.0,Purchase or Contractual Commitments,Accepted,Accepted: exact total unconditional purchase commitments; unit normalized where necessary.,292
AMD,2022-12-31,2023-02-27,10-K,Purchase or Contractual Commitments,8610000000,High,True,https://www.sec.gov/Archives/edgar/data/2488/000000248823000047/amd-20221231.htm,Total unconditional purchase commitments,"The Company’s purchase commitments primarily include the Company’s obligations to purchase wafers and substrates from third parties and future payments related to certain software and technology licenses and IP licenses. Purchase commitments include obligations made under noncancellable purchase orders and contractual obligations requiring minimum purchases or for which cancellation would lead to significant penalties. Total future unconditional purchase commitments as of December 31, 2022 were as follows: Total future unconditional purchase commitments as of December 31, 2022 were as follows: Year (In millions) 2023 $ 6,489 2024 1,434 2025 271 2026 129 2027 85 2028 and thereafter 202 Total unconditional purchase commitments $ 8,610 | Total unconditional purchase commitments | $ | 8,610 |",Single explicit amount,True,8610000000.0,Purchase or Contractual Commitments,Accepted,Accepted: exact total unconditional purchase commitments; unit normalized where necessary.,293
AMD,2022-12-31,2023-02-27,10-K,Purchase or Contractual Commitments,1252000000.0,Medium,False,https://www.sec.gov/Archives/edgar/data/2488/000000248823000047/amd-20221231.htm,Prepaid long-term supply agreements,"Other Non-current Assets December 31, 2022 December 25, 2021 (In millions) Prepaid long-term supply agreements $ 1,252 $ 916 Software and technology licenses, net 362 323 Other 538 239 Total other non-current assets $ 2,152 $ 1,478 | Prepaid long-term supply agreements | $ | 1,252 | | | $ | 916 |",First table amount; review required,False,1252000000.0,Purchase or Contractual Commitments,Rejected,"Rejected: duplicate, period subcomponent, prepaid/collateral asset, or financing-capacity item; exact total used where available.",294
AMD,2023-12-30,2024-01-31,10-K,Purchase or Contractual Commitments,4594000000,High,True,https://www.sec.gov/Archives/edgar/data/2488/000000248824000012/amd-20231230.htm,Total unconditional purchase commitments,"The Company’s purchase commitments primarily include the Company’s obligations to purchase wafers and substrates from third parties and future payments related to certain software and technology licenses and IP licenses. Purchase commitments include obligations made under noncancellable purchase orders and contractual obligations requiring minimum purchases or for which cancellation would lead to significant penalties. Total future unconditional purchase commitments as of December 30, 2023 were as follows: Total future unconditional purchase commitments as of December 30, 2023 were as follows: Year (In millions) 2024 $ 3,858 2025 351 2026 186 2027 51 2028 49 2029 and thereafter 99 Total unconditional purchase commitments $ 4,594 | Total unconditional purchase commitments | $ | 4,594 |",Single explicit amount,True,4594000000.0,Purchase or Contractual Commitments,Accepted,Accepted: exact total unconditional purchase commitments; unit normalized where necessary.,295
AMD,2024-12-28,2025-02-05,10-K,Purchase or Contractual Commitments,4968000000,High,True,https://www.sec.gov/Archives/edgar/data/2488/000000248825000012/amd-20241228.htm,Total unconditional purchase commitments,"The Company’s purchase commitments primarily include the Company’s obligations to purchase wafers and substrates from third parties and future payments related to certain software and technology licenses and IP licenses. Purchase commitments include obligations made under noncancellable purchase orders and contractual obligations requiring minimum purchases or for which cancellation would lead to significant penalties. Total future unconditional purchase commitments as of December 28, 2024 were as follows: Total future unconditional purchase commitments as of December 28, 2024 were as follows: Year (In millions) 2025 $ 4,501 2026 274 2027 46 2028 46 2029 45 2030 and thereafter 56 Total unconditional purchase commitments $ 4,968 | Total unconditional purchase commitments | $ | 4,968 |",Single explicit amount,True,4968000000.0,Purchase or Contractual Commitments,Accepted,Accepted: exact total unconditional purchase commitments; unit normalized where necessary.,296
AMD,2025-03-29,2025-05-07,10-Q,Purchase or Contractual Commitments,850000000.0,High,False,https://www.sec.gov/Archives/edgar/data/2488/000000248825000047/amd-20250329.htm,"For example, ZT Systems is party to a master receivables purchase agreement that provides for an uncommitted receivables purchase facility with a facility limit of $850 million.","For example, ZT Systems is party to a master receivables purchase agreement that provides for an uncommitted receivables purchase facility with a facility limit of $850 million.",Explicit narrative amount,True,850000000.0,Purchase or Contractual Commitments,Rejected,"Rejected: duplicate, period subcomponent, prepaid/collateral asset, or financing-capacity item; exact total used where available.",297
AMD,2025-03-29,2025-05-07,10-Q,Purchase or Contractual Commitments,8248000000,High,True,https://www.sec.gov/Archives/edgar/data/2488/000000248825000047/amd-20250329.htm,Total unconditional purchase commitments,". These purchase obligations were made under noncancellable purchase orders and contractual obligations requiring minimum purchases for which cancellation would lead to significant penalties. Total future unconditional purchase commitments as of March 29, 2025 were as follows: Fiscal Year (In millions) Remainder of 2025 $ 5,605 2026 884 2027 651 2028 647 2029 426 2030 and thereafter 35 Total unconditional purchase commitments $ 8,248 Total future unconditional purchase commitments as of March 29, 2025 were as follows: | Total unconditional purchase commitments | $ | 8,248 |",Single explicit amount,True,8248000000.0,Purchase or Contractual Commitments,Accepted,Accepted: exact total unconditional purchase commitments; unit normalized where necessary.,298
AMD,2025-06-28,2025-08-06,10-Q,Purchase or Contractual Commitments,9438000000,High,True,https://www.sec.gov/Archives/edgar/data/2488/000000248825000108/amd-20250628.htm,Total unconditional purchase commitments,". These purchase obligations were made under noncancellable purchase orders and contractual obligations requiring minimum purchases for which cancellation would lead to significant penalties. Total future unconditional purchase commitments as of June 28, 2025 were as follows: Fiscal Year (In millions) Remainder of 2025 $ 5,482 2026 1,152 2027 910 2028 861 2029 729 2030 and thereafter 304 Total unconditional purchase commitments $ 9,438 Total future unconditional purchase commitments as of June 28, 2025 were as follows: | Total unconditional purchase commitments | $ | 9,438 |",Single explicit amount,True,9438000000.0,Purchase or Contractual Commitments,Accepted,Accepted: exact total unconditional purchase commitments; unit normalized where necessary.,299
AMD,2025-12-27,2026-02-04,10-K,Uncommenced Leases,1300000000,High,True,https://www.sec.gov/Archives/edgar/data/2488/000000248826000018/amd-20251227.htm,"Supplemental information as of and for the year December 27, 2025 related to leases is as follows: Future minimum lease payments under non-cancellable operating lease liabilities as of December 27, 2025 are as follows: As of December 27, 2025, the Company has data center and other real estate leases","Supplemental information as of and for the year December 27, 2025 related to leases is as follows: Future minimum lease payments under non-cancellable operating lease liabilities as of December 27, 2025 are as follows: As of December 27, 2025, the Company has data center and other real estate leases that have not yet commenced with future lease payments of $ 1.3 billion.",Explicit narrative amount,True,1300000000.0,Uncommenced Leases,Accepted,Accepted: explicit total future payments for leases not yet commenced.,300
IREN,2022-06-30,2022-09-13,20-F,Purchase or Contractual Commitments,400000000,High,True,https://www.sec.gov/Archives/edgar/data/1878848/000114036122033208/brhc10041484_20f.htm,"The third contract with Bitmain is a $400 million hardware purchase agreement for approximately 10 EH/s of miners (excluding any discount arrangements under the agreement, which may include potential additional miners), originally scheduled to be shipped in batches between October 2022 and September","The third contract with Bitmain is a $400 million hardware purchase agreement for approximately 10 EH/s of miners (excluding any discount arrangements under the agreement, which may include potential additional miners), originally scheduled to be shipped in batches between October 2022 and September 2023.",Explicit narrative amount,True,400000000.0,Purchase or Contractual Commitments,Accepted,Accepted: explicit hardware purchase agreement.,301
IREN,2023-06-30,2023-09-13,20-F,Purchase or Contractual Commitments,100000000.0,High,False,https://www.sec.gov/Archives/edgar/data/1878848/000114036123043816/brhc20058647_20f.htm,"Riley up to $100.0 million of our Ordinary shares, subject to certain limitations and conditions set forth in the Purchase Agreement, from time to time during the term of the Purchase Agreement ending on September 23, 2024, unless earlier terminated.","Riley up to $100.0 million of our Ordinary shares, subject to certain limitations and conditions set forth in the Purchase Agreement, from time to time during the term of the Purchase Agreement ending on September 23, 2024, unless earlier terminated.",Explicit narrative amount,True,100000000.0,Purchase or Contractual Commitments,Rejected,"Rejected: equity-sale facility/proceeds, not a company purchase obligation.",302
IREN,2023-06-30,2023-09-13,20-F,Purchase or Contractual Commitments,10000000.0,High,False,https://www.sec.gov/Archives/edgar/data/1878848/000114036123043816/brhc20058647_20f.htm,"In August 2023, we entered into a purchase agreement for 248 NVIDIA H100 GPUs for a total purchase price of approximately $10 million, which are expected to be delivered in the coming months.","In August 2023, we entered into a purchase agreement for 248 NVIDIA H100 GPUs for a total purchase price of approximately $10 million, which are expected to be delivered in the coming months.",Explicit narrative amount,True,10000000.0,Purchase or Contractual Commitments,Rejected,Rejected: agreement entered after the reporting date; not outstanding as of the stated period end.,303
IREN,2023-06-30,2023-09-13,20-F,Purchase or Contractual Commitments,172000000.0,High,False,https://www.sec.gov/Archives/edgar/data/1878848/000114036123043816/brhc20058647_20f.htm,"As discussed in note 2 to the financial statements, the Company incurred net loss of $172 million during the year ended June 30, 2023 and significant uncertainties exist about the Company’s ability to generate positive free cash flow and raise sufficient capital to fund outstanding purchase commitme","As discussed in note 2 to the financial statements, the Company incurred net loss of $172 million during the year ended June 30, 2023 and significant uncertainties exist about the Company’s ability to generate positive free cash flow and raise sufficient capital to fund outstanding purchase commitments.",Explicit narrative amount,True,172000000.0,Purchase or Contractual Commitments,Rejected,"Rejected: net-loss amount appearing near discussion of commitments, not a commitment value.",304
IREN,2024-06-30,2024-08-28,20-F,Purchase or Contractual Commitments,100000000.0,High,False,https://www.sec.gov/Archives/edgar/data/1878848/000162828024038677/iren-20240630.htm,"Riley up to $100.0 million of our Ordinary shares, subject to certain limitations and conditions set forth in the Purchase Agreement, from time to time during the term of the Purchase Agreement ending on September 23, 2024, unless earlier terminated.","Riley up to $100.0 million of our Ordinary shares, subject to certain limitations and conditions set forth in the Purchase Agreement, from time to time during the term of the Purchase Agreement ending on September 23, 2024, unless earlier terminated.",Explicit narrative amount,True,100000000.0,Purchase or Contractual Commitments,Rejected,"Rejected: equity-sale facility/proceeds, not a company purchase obligation.",305
IREN,2024-06-30,2024-08-28,20-F,Purchase or Contractual Commitments,16700000.0,High,False,https://www.sec.gov/Archives/edgar/data/1878848/000162828024038677/iren-20240630.htm,"As of June 30, 2024 we have paid $16.7 million relating to this purchase agreement.","As of June 30, 2024 we have paid $16.7 million relating to this purchase agreement.",Explicit narrative amount,True,16700000.0,Purchase or Contractual Commitments,Rejected,"Rejected: amount already paid, not the remaining obligation.",306
IREN,2024-06-30,2024-08-28,20-F,Purchase or Contractual Commitments,29600000.0,High,False,https://www.sec.gov/Archives/edgar/data/1878848/000162828024038677/iren-20240630.htm,"As discussed in note 2 to the financial statements, the Company incurred net loss of $29.6 million during the year ended June 30, 2024 and significant uncertainties exist about the Company’s ability to generate positive free cash flow and raise sufficient capital to fund outstanding purchase commitm","As discussed in note 2 to the financial statements, the Company incurred net loss of $29.6 million during the year ended June 30, 2024 and significant uncertainties exist about the Company’s ability to generate positive free cash flow and raise sufficient capital to fund outstanding purchase commitments.",Explicit narrative amount,True,29600000.0,Purchase or Contractual Commitments,Rejected,"Rejected: net-loss amount appearing near discussion of commitments, not a commitment value.",307
IREN,2024-06-30,2025-03-20,20-F/A,Purchase or Contractual Commitments,100000000.0,High,False,https://www.sec.gov/Archives/edgar/data/1878848/000187884825000020/iren-20240630.htm,"Riley up to $100.0 million of our Ordinary shares, subject to certain limitations and conditions set forth in the Purchase Agreement, from time to time during the term of the Purchase Agreement ending on September 23, 2024, unless earlier terminated.","Riley up to $100.0 million of our Ordinary shares, subject to certain limitations and conditions set forth in the Purchase Agreement, from time to time during the term of the Purchase Agreement ending on September 23, 2024, unless earlier terminated.",Explicit narrative amount,True,100000000.0,Purchase or Contractual Commitments,Rejected,"Rejected: equity-sale facility/proceeds, not a company purchase obligation.",308
IREN,2024-06-30,2025-03-20,20-F/A,Purchase or Contractual Commitments,16700000.0,High,False,https://www.sec.gov/Archives/edgar/data/1878848/000187884825000020/iren-20240630.htm,"As of June 30, 2024 we have paid $16.7 million relating to this purchase agreement.","As of June 30, 2024 we have paid $16.7 million relating to this purchase agreement.",Explicit narrative amount,True,16700000.0,Purchase or Contractual Commitments,Rejected,"Rejected: amount already paid, not the remaining obligation.",309
IREN,2024-06-30,2025-03-20,20-F/A,Purchase or Contractual Commitments,30000000.0,High,False,https://www.sec.gov/Archives/edgar/data/1878848/000187884825000020/iren-20240630.htm,"As discussed in note 2 to the financial statements, the Company incurred net loss of $30 million during the year ended June 30, 2024 and significant uncertainties exist about the Company’s ability to generate positive free cash flow and raise sufficient capital to fund outstanding purchase commitmen","As discussed in note 2 to the financial statements, the Company incurred net loss of $30 million during the year ended June 30, 2024 and significant uncertainties exist about the Company’s ability to generate positive free cash flow and raise sufficient capital to fund outstanding purchase commitments.",Explicit narrative amount,True,30000000.0,Purchase or Contractual Commitments,Rejected,"Rejected: net-loss amount appearing near discussion of commitments, not a commitment value.",310
IREN,2025-06-30,2025-08-28,10-K,Purchase or Contractual Commitments,130000000.0,High,False,https://www.sec.gov/Archives/edgar/data/1878848/000187884825000063/iren-20250630.htm,"On July 3, 2025 we announced that we entered into a purchase order with respect to an additional approximately 1.3k NVIDIA B200 GPUs and 1.1k NVIDIA B300 GPUs for a total purchase price of approximately $130 million, which are to be delivered by the end of calendar year 2025 and installed at our Pri","On July 3, 2025 we announced that we entered into a purchase order with respect to an additional approximately 1.3k NVIDIA B200 GPUs and 1.1k NVIDIA B300 GPUs for a total purchase price of approximately $130 million, which are to be delivered by the end of calendar year 2025 and installed at our Prince George site.",Explicit narrative amount,True,130000000.0,Purchase or Contractual Commitments,Rejected,Rejected: purchase order entered after the June 30 reporting date; not outstanding at period end.,311
IREN,2025-06-30,2025-08-28,10-K,Purchase or Contractual Commitments,102000000.0,High,False,https://www.sec.gov/Archives/edgar/data/1878848/000187884825000063/iren-20250630.htm,"123 On August 23, 2025, we terminated part of the July purchase order and entered into equipment lease pursuant to which we agreed to refinance $102 million of the purchase price, with the remaining amounts under the July purchase order to be funded from existing cash.","123 On August 23, 2025, we terminated part of the July purchase order and entered into equipment lease pursuant to which we agreed to refinance $102 million of the purchase price, with the remaining amounts under the July purchase order to be funded from existing cash.",Explicit narrative amount,True,102000000.0,Purchase or Contractual Commitments,Rejected,Rejected: equipment lease entered after the June 30 reporting date; not outstanding at period end.,312
IREN,2025-09-30,2025-11-06,10-Q,Purchase or Contractual Commitments,28000000,High,True,https://www.sec.gov/Archives/edgar/data/1878848/000187884825000081/iren-20250930.htm,"Hardware Purchase Contracts On July 3, 2025, we announced that we entered into a purchase order with respect to approximately 2,400 GPUs for a total purchase price of approximately $130 million, which are to be delivered by the end of calendar year 2025 and installed at our Prince George site.","Hardware Purchase Contracts On July 3, 2025, we announced that we entered into a purchase order with respect to approximately 2,400 GPUs for a total purchase price of approximately $130 million, which are to be delivered by the end of calendar year 2025 and installed at our Prince George site.",Explicit narrative amount,True,130000000.0,Purchase or Contractual Commitments,Accepted — amount corrected,Accepted with adjustment: remaining cash-funded portion of the $130 million GPU order after $102 million was refinanced as a lease.,313
IREN,2025-09-30,2025-11-06,10-Q,Uncommenced Leases,102000000,High,True,https://www.sec.gov/Archives/edgar/data/1878848/000187884825000081/iren-20250930.htm,"On August 23, 2025, we terminated part of the July purchase order and entered into an equipment lease pursuant to which we agreed to refinance $102 million of the purchase price of such purchase, with the remaining amounts under the July purchase order to be funded from existing cash.","On August 23, 2025, we terminated part of the July purchase order and entered into an equipment lease pursuant to which we agreed to refinance $102 million of the purchase price of such purchase, with the remaining amounts under the July purchase order to be funded from existing cash.",Explicit narrative amount,True,102000000.0,Purchase or Contractual Commitments,Accepted — reclassified,Accepted with reclassification: portion of the GPU order refinanced through an equipment lease.,314
IREN,2025-12-31,2026-02-05,10-Q,Purchase or Contractual Commitments,5800000000,High,True,https://www.sec.gov/Archives/edgar/data/1878848/000187884826000015/iren-20251231.htm,"(“Dell”) pursuant to which Dell will supply to the Group GPUs and ancillary products and services, scheduled to be delivered in four tranches during 2026 (commencing March 2026), for an aggregate purchase price of approximately $5.8 billion payable in installments within 30 days of each tranche ship","(“Dell”) pursuant to which Dell will supply to the Group GPUs and ancillary products and services, scheduled to be delivered in four tranches during 2026 (commencing March 2026), for an aggregate purchase price of approximately $5.8 billion payable in installments within 30 days of each tranche shipping (the “Dell Purchase Agreement”).",Explicit narrative amount,True,5800000000.0,Purchase or Contractual Commitments,Accepted,Accepted: explicit Dell hardware purchase agreement.,315
IREN,2026-03-31,2026-05-08,10-Q,Purchase or Contractual Commitments,2100000000.0,High,False,https://www.sec.gov/Archives/edgar/data/1878848/000187884826000026/iren-20260331.htm,"Pursuant to the Securities Purchase Agreement, the Company agreed to sell investment rights to purchase an aggregate 30 million Ordinary shares (the “Investment Rights”), subject to certain adjustments in accordance with the terms of the Investment Rights, in a private placement for aggregate gross ","Pursuant to the Securities Purchase Agreement, the Company agreed to sell investment rights to purchase an aggregate 30 million Ordinary shares (the “Investment Rights”), subject to certain adjustments in accordance with the terms of the Investment Rights, in a private placement for aggregate gross proceeds of up to approximately $ 2.1 billion (if fully exercised and subject to any regulatory limitations).",Explicit narrative amount,True,2100000000.0,Purchase or Contractual Commitments,Rejected,"Rejected: equity private-placement proceeds, not a purchase obligation.",316
IREN,2026-03-31,2026-05-08,10-Q,Purchase or Contractual Commitments,2300000000,High,True,https://www.sec.gov/Archives/edgar/data/1878848/000187884826000026/iren-20260331.htm,"(“Dell Canada”) entered into purchase documentation (the “Dell Canada Purchase Agreement”) pursuant to which Dell Canada will supply to the Group GPUs and ancillary products and services, scheduled to be delivered in phases during the second half of calendar year 2026, for an aggregate purchase pric","(“Dell Canada”) entered into purchase documentation (the “Dell Canada Purchase Agreement”) pursuant to which Dell Canada will supply to the Group GPUs and ancillary products and services, scheduled to be delivered in phases during the second half of calendar year 2026, for an aggregate purchase price of approximately $2.3 billion payable in installments within 30 days of each tranche shipping, subject to rights to adjust the price based on independent review due to certain cost increases.",Explicit narrative amount,True,2300000000.0,Purchase or Contractual Commitments,Accepted,Accepted: explicit Dell Canada hardware purchase agreement.,317
IREN,2026-03-31,2026-05-08,10-Q,Purchase or Contractual Commitments,1200000000,High,True,https://www.sec.gov/Archives/edgar/data/1878848/000187884826000026/iren-20260331.htm,"(“Dell USA”) entered into purchase documentation (the “Dell USA Purchase Agreement” and, together with the Dell Canada Purchase Agreement, the “Dell Purchase Agreements”) pursuant to which Dell USA will supply to the Group GPUs and ancillary products and services, scheduled to be delivered in phases","(“Dell USA”) entered into purchase documentation (the “Dell USA Purchase Agreement” and, together with the Dell Canada Purchase Agreement, the “Dell Purchase Agreements”) pursuant to which Dell USA will supply to the Group GPUs and ancillary products and services, scheduled to be delivered in phases during the second half of calendar year 2026, for an aggregate purchase price of approximately $1.2 billion payable in installments within 30 days of each tranche shipping, subject to rights to adjust the price based on independent review due to certain cost increases.",Explicit narrative amount,True,1200000000.0,Purchase or Contractual Commitments,Accepted,Accepted: explicit Dell USA hardware purchase agreement.,318
IREN,2026-03-31,2026-05-08,10-Q,Purchase or Contractual Commitments,2100000000.0,High,False,https://www.sec.gov/Archives/edgar/data/1878848/000187884826000026/iren-20260331.htm,"Pursuant to the Securities Purchase Agreement, the Company agreed to sell (the “Private Placement”) investment rights to purchase an aggregate of 30,000,000 Ordinary shares (the “Investment Rights”), subject to certain adjustments in accordance with the terms of the Investment Rights, in a private p","Pursuant to the Securities Purchase Agreement, the Company agreed to sell (the “Private Placement”) investment rights to purchase an aggregate of 30,000,000 Ordinary shares (the “Investment Rights”), subject to certain adjustments in accordance with the terms of the Investment Rights, in a private placement for aggregate gross proceeds of up to approximately $2.1 billion (if fully exercised and subject to any regulatory limitations).",Explicit narrative amount,True,2100000000.0,Purchase or Contractual Commitments,Rejected,"Rejected: equity private-placement proceeds, not a purchase obligation.",319
SMCI,2014-06-30,2014-09-15,10-K,Purchase or Contractual Commitments,45200000.0,High,False,https://www.sec.gov/Archives/edgar/data/1375365/000144530514003958/smci-2014630x10k.htm,"The hard disk drive purchase commitments totaled approximately $45.2 million as of June 30, 2014 and will be paid through December 2014 .","The hard disk drive purchase commitments totaled approximately $45.2 million as of June 30, 2014 and will be paid through December 2014 .",Explicit narrative amount,True,45200000.0,Purchase or Contractual Commitments,Rejected,Rejected: hard-drive subset already included in the total purchase-commitment table.,320
SMCI,2014-06-30,2014-09-15,10-K,Purchase or Contractual Commitments,211090000,Medium,True,https://www.sec.gov/Archives/edgar/data/1375365/000144530514003958/smci-2014630x10k.htm,Purchase commitments (2),"Payments Due by Period Less Than 1 Year 1 to 3 Years 3 to 5 Years More Than 5 Years Total (in thousands) Operating leases $ 3,265 $ 1,259 $ 2 $ — $ 4,526 Capital leases, including interest 103 189 96 — 388 Long-term debt, including interest (1) 42,648 3,781 — — 46,429 Purchase commitments (2) 211,064 26 — — 211,090 Total (3) $ 257,080 $ 5,255 $ 98 $ — $ 262,433 Payments Due by Period Less Than 1 Year 1 to 3 Years 3 to 5 Years More Than 5 Years Total (in thousands) Operating leases $ 3,265 $ 1,259 $ 2 $ — $ 4,526 Capital leases, including interest 103 189 96 — 388 Long-term debt, including interest (1) 42,648 3,781 — — 46,429 Purchase commitments (2) 211,064 26 — — 211,090 Total (3) $ 257,080 $ 5,255 $ 98 $ — $ 262,433 | Purchase commitments (2) | 211,064 | | | 26 | | | — | | | — | | | 211,090 |",First table amount; review required,False,211064000.0,Purchase or Contractual Commitments,Accepted — amount corrected,Accepted: exact purchase-commitment table total; corrected from first-period value.,321
SMCI,2016-06-30,2016-08-26,10-K,Purchase or Contractual Commitments,334010000,Medium,True,https://www.sec.gov/Archives/edgar/data/1375365/000162828016019274/smci-2016630x10k.htm,Purchase commitments (2),"Payments Due by Period Less Than 1 Year 1 to 3 Years 3 to 5 Years More Than 5 Years Total (in thousands) Operating leases $ 4,271 $ 7,622 $ 5,399 $ 2,631 $ 19,923 Capital leases, including interest 261 429 132 — 822 Debt, including interest (1) 54,370 21,041 20,358 — 95,769 Purchase commitments (2) 334,010 — — — 334,010 Total (3) $ 392,912 $ 29,092 $ 25,889 $ 2,631 $ 450,524 Payments Due by Period Less Than 1 Year 1 to 3 Years 3 to 5 Years More Than 5 Years Total (in thousands) Operating leases $ 4,271 $ 7,622 $ 5,399 $ 2,631 $ 19,923 Capital leases, including interest 261 429 132 — 822 Debt, including interest (1) 54,370 21,041 20,358 — 95,769 Purchase commitments (2) 334,010 — — — 334,010 Total (3) $ 392,912 $ 29,092 $ 25,889 $ 2,631 $ 450,524 | Purchase commitments (2) | 334,010 | | | — | | | — | | | — | | | 334,010 |",First table amount; review required,False,334010000.0,Purchase or Contractual Commitments,Accepted,Accepted: exact purchase-commitment table total.,322
SMCI,2019-06-30,2019-12-19,10-K,Contingent Exposure,3200000,High,True,https://www.sec.gov/Archives/edgar/data/1375365/000137536519000079/smci-2019630x10k.htm,"As of June 30, 2019, a $3.2 million letter of credit was outstanding under the 2018 Bank of America Credit Facility.","As of June 30, 2019, a $3.2 million letter of credit was outstanding under the 2018 Bank of America Credit Facility.",Explicit narrative amount,True,3200000.0,Contingent Exposure,Accepted,Accepted: explicit outstanding standby letter of credit.,323
SMCI,2019-06-30,2019-12-19,10-K,Contingent Exposure,3200000.0,High,False,https://www.sec.gov/Archives/edgar/data/1375365/000137536519000079/smci-2019630x10k.htm,"Standby Letter of Credit - In October 2018, Bank of America issued a standby letter of credit on behalf of the Company to a beneficiary for an initial value of $3.2 million to facilitate the ongoing operations of the Company.","Standby Letter of Credit - In October 2018, Bank of America issued a standby letter of credit on behalf of the Company to a beneficiary for an initial value of $3.2 million to facilitate the ongoing operations of the Company.",Explicit narrative amount,True,3200000.0,Contingent Exposure,Rejected,Rejected: duplicate description of the same $3.2 million standby letter of credit.,324
SMCI,2019-06-30,2019-12-19,10-K,Contingent Exposure,6400000.0,High,False,https://www.sec.gov/Archives/edgar/data/1375365/000137536519000079/smci-2019630x10k.htm,"In October 2019, upon the Company's request, Bank of America increased the amount under the letter of credit issued to the beneficiary to $6.4 million .","In October 2019, upon the Company's request, Bank of America increased the amount under the letter of credit issued to the beneficiary to $6.4 million .",Explicit narrative amount,True,6400000.0,Contingent Exposure,Rejected,Rejected: increase occurred after the June 30 reporting date.,325
SMCI,2019-06-30,2019-12-19,10-K,Purchase or Contractual Commitments,299788000,Medium,True,https://www.sec.gov/Archives/edgar/data/1375365/000137536519000079/smci-2019630x10k.htm,Purchase commitments (2),"Payments Due by Period Less Than 1 Year 1 to 3 Years 3 to 5 Years More Than 5 Years Total (in thousands) Operating leases $ 6,582 $ 6,270 $ 2,341 $ 2,279 $ 17,472 Capital leases, including interest 164 143 1 — 308 Debt, including interest (1) 23,906 — — — 23,906 Purchase commitments (2) 299,542 246 — — 299,788 Total (3) $ 330,194 $ 6,659 $ 2,342 $ 2,279 $ 341,474 Payments Due by Period Less Than 1 Year 1 to 3 Years 3 to 5 Years More Than 5 Years Total (in thousands) Operating leases $ 6,582 $ 6,270 $ 2,341 $ 2,279 $ 17,472 Capital leases, including interest 164 143 1 — 308 Debt, including interest (1) 23,906 — — — 23,906 Purchase commitments (2) 299,542 246 — — 299,788 Total (3) $ 330,194 $ 6,659 $ 2,342 $ 2,279 $ 341,474 | Purchase commitments (2) | 299,542 | | | 246 | | | — | | | — | | | 299,788 |",First table amount; review required,False,299542000.0,Purchase or Contractual Commitments,Accepted — amount corrected,Accepted: exact purchase-commitment table total; corrected from first-period value.,326
SMCI,2020-06-30,2020-08-31,10-K,Contingent Exposure,6400000,High,True,https://www.sec.gov/Archives/edgar/data/1375365/000137536520000064/smci-2020630x10k.htm,"As of June 30, 2020, we had no outstanding borrowings and we had a $6.4 million letter of credit outstanding under this facility.","As of June 30, 2020, we had no outstanding borrowings and we had a $6.4 million letter of credit outstanding under this facility.",Explicit narrative amount,True,6400000.0,Contingent Exposure,Accepted,Accepted: explicit outstanding letter of credit.,327
SMCI,2020-06-30,2020-08-31,10-K,Contingent Exposure,3200000.0,High,False,https://www.sec.gov/Archives/edgar/data/1375365/000137536520000064/smci-2020630x10k.htm,"In October 2018, a $ 3.2 million letter of credit was issued under the 2018 Bank of America Credit Facility.","In October 2018, a $ 3.2 million letter of credit was issued under the 2018 Bank of America Credit Facility.",Explicit narrative amount,True,3200000.0,Contingent Exposure,Rejected,Rejected: historical duplicate of the accepted current outstanding letter of credit.,328
SMCI,2020-06-30,2020-08-31,10-K,Contingent Exposure,6400000.0,High,False,https://www.sec.gov/Archives/edgar/data/1375365/000137536520000064/smci-2020630x10k.htm,"and in October 2019, the letter of credit amount was increased to $ 6.4 million .","and in October 2019, the letter of credit amount was increased to $ 6.4 million .",Explicit narrative amount,True,6400000.0,Contingent Exposure,Rejected,Rejected: historical duplicate of the accepted current outstanding letter of credit.,329
SMCI,2020-06-30,2020-08-31,10-K,Purchase or Contractual Commitments,193600000,Medium,True,https://www.sec.gov/Archives/edgar/data/1375365/000137536520000064/smci-2020630x10k.htm,Purchase commitments (2),": Payments Due by Period Less Than 1 Year 1 to 3 Years 3 to 5 Years More Than 5 Years Total (in thousands) Operating lease obligations $ 7,073 $ 9,942 $ 8,530 $ 956 $ 26,501 Debt, including interest (1) 23,740 70 1,675 4,055 29,540 Purchase commitments (2) 192,419 1,181 — — 193,600 Total (3) $ 223,232 $ 11,193 $ 10,205 $ 5,011 $ 249,641 Payments Due by Period Less Than 1 Year 1 to 3 Years 3 to 5 Years More Than 5 Years Total (in thousands) Operating lease obligations $ 7,073 $ 9,942 $ 8,530 $ 956 $ 26,501 Debt, including interest (1) 23,740 70 1,675 4,055 29,540 Purchase commitments (2) 192,419 1,181 — — 193,600 Total (3) $ 223,232 $ 11,193 $ 10,205 $ 5,011 $ 249,641 | Purchase commitments (2) | 192,419 | | | 1,181 | | | — | | | — | | | 193,600 |",First table amount; review required,False,192419000.0,Purchase or Contractual Commitments,Accepted — amount corrected,Accepted: exact purchase-commitment table total; corrected from first-period value.,330
SMCI,2021-06-30,2021-08-27,10-K,Contingent Exposure,30000000.0,High,False,https://www.sec.gov/Archives/edgar/data/1375365/000137536521000060/smci-20210630.htm,"This general credit agreement provides for the issuance of loans, advances, acceptances, bills, bank guarantees, overdrafts, letters of credit, and other types of drawdown instruments up to a credit limit of $30 million.","This general credit agreement provides for the issuance of loans, advances, acceptances, bills, bank guarantees, overdrafts, letters of credit, and other types of drawdown instruments up to a credit limit of $30 million.",Explicit narrative amount,True,30000000.0,Contingent Exposure,Rejected,"Rejected: credit-facility or guarantee capacity, not an identified outstanding draw or guarantee.",331
SMCI,2021-06-30,2021-08-27,10-K,Purchase or Contractual Commitments,569800000,High,True,https://www.sec.gov/Archives/edgar/data/1375365/000137536521000060/smci-20210630.htm,"As noted in Note 16, ""Commitments and Contingencies"", we have current obligations related to noncancelable purchase commitments of $569.8 million.","As noted in Note 16, ""Commitments and Contingencies"", we have current obligations related to noncancelable purchase commitments of $569.8 million.",Explicit narrative amount,True,569800000.0,Purchase or Contractual Commitments,Accepted,Accepted: explicit noncancelable purchase commitments.,332
SMCI,2021-06-30,2021-08-27,10-K,Contingent Exposure,3400000.0,High,False,https://www.sec.gov/Archives/edgar/data/1375365/000137536521000060/smci-20210630.htm,"dollar equivalent) term loan facility secured by the land and building located in Bade, Taiwan with an interest rate equal to the lender's established NTD interest rate plus 0.25 % per annum which is adjusted monthly, which term loan facility also includes a 12 -month guarantee of up to NTD 100.0 mi","dollar equivalent) term loan facility secured by the land and building located in Bade, Taiwan with an interest rate equal to the lender's established NTD interest rate plus 0.25 % per annum which is adjusted monthly, which term loan facility also includes a 12 -month guarantee of up to NTD 100.0 million ($ 3.4 million U.S.",Explicit narrative amount,True,3400000.0,Contingent Exposure,Rejected,"Rejected: credit-facility or guarantee capacity, not an identified outstanding draw or guarantee.",333
SMCI,2021-06-30,2021-08-27,10-K,Contingent Exposure,30000000.0,High,False,https://www.sec.gov/Archives/edgar/data/1375365/000137536521000060/smci-20210630.htm,"The E.SUN Credit Facility provides for the issuance of loans, advances, acceptances, bills, bank guarantees, overdrafts, letters of credit, and other types of drawdown instruments up to a credit limit of $ 30.0 million.","The E.SUN Credit Facility provides for the issuance of loans, advances, acceptances, bills, bank guarantees, overdrafts, letters of credit, and other types of drawdown instruments up to a credit limit of $ 30.0 million.",Explicit narrative amount,True,30000000.0,Contingent Exposure,Rejected,"Rejected: credit-facility or guarantee capacity, not an identified outstanding draw or guarantee.",334
SMCI,2022-06-30,2022-08-29,10-K,Purchase or Contractual Commitments,562900000,High,True,https://www.sec.gov/Archives/edgar/data/1375365/000137536522000103/smci-20220630.htm,"As noted in Part II, Item 8, Note 15, ""Commitments and Contingencies"", we have current obligations related to noncancelable purchase commitments of $562.9 million.","As noted in Part II, Item 8, Note 15, ""Commitments and Contingencies"", we have current obligations related to noncancelable purchase commitments of $562.9 million.",Explicit narrative amount,True,562900000.0,Purchase or Contractual Commitments,Accepted,Accepted: explicit noncancelable purchase commitments.,335
SMCI,2022-06-30,2022-08-29,10-K,Contingent Exposure,3600000.0,High,False,https://www.sec.gov/Archives/edgar/data/1375365/000137536522000103/smci-20220630.htm,"dollar equivalent) term loan facility secured by the land and building located in Bade, Taiwan with an interest rate equal to the lender's established NTD interest rate plus 0.50 % per annum which is adjusted monthly, which term loan facility also includes a 12-month guarantee of up to NTD 100.0 mil","dollar equivalent) term loan facility secured by the land and building located in Bade, Taiwan with an interest rate equal to the lender's established NTD interest rate plus 0.50 % per annum which is adjusted monthly, which term loan facility also includes a 12-month guarantee of up to NTD 100.0 million ($ 3.6 million U.S.",Explicit narrative amount,True,3600000.0,Contingent Exposure,Rejected,"Rejected: credit-facility or guarantee capacity, not an identified outstanding draw or guarantee.",336
SMCI,2022-06-30,2022-08-29,10-K,Contingent Exposure,30000000.0,High,False,https://www.sec.gov/Archives/edgar/data/1375365/000137536522000103/smci-20220630.htm,"E.SUN Bank Credit Facility 2021 E.SUN Bank Credit Facility The Company through its Taiwan subsidiary was party to that certain General Credit Agreement, dated December 2, 2020, with E.SUN Bank (“E.SUN Bank”), which provided for the issuance of loans, advances, acceptances, bills, bank guarantees, ov","E.SUN Bank Credit Facility 2021 E.SUN Bank Credit Facility The Company through its Taiwan subsidiary was party to that certain General Credit Agreement, dated December 2, 2020, with E.SUN Bank (“E.SUN Bank”), which provided for the issuance of loans, advances, acceptances, bills, bank guarantees, overdrafts, letters of credit, and other types of drawdown instruments up to a credit limit of US $ 30.0 million (the “Prior E.SUN Bank Credit Facility”).",Explicit narrative amount,True,30000000.0,Contingent Exposure,Rejected,"Rejected: credit-facility or guarantee capacity, not an identified outstanding draw or guarantee.",337
SMCI,2022-06-30,2022-08-29,10-K,Contingent Exposure,30000000.0,High,False,https://www.sec.gov/Archives/edgar/data/1375365/000137536522000103/smci-20220630.htm,"dollar equivalent) and (ii) $ 30.0 million as loans, advances, acceptances, bills, bank guarantees, overdrafts, letters of credit, and other types of drawdown instruments.","dollar equivalent) and (ii) $ 30.0 million as loans, advances, acceptances, bills, bank guarantees, overdrafts, letters of credit, and other types of drawdown instruments.",Explicit narrative amount,True,30000000.0,Contingent Exposure,Rejected,"Rejected: credit-facility or guarantee capacity, not an identified outstanding draw or guarantee.",338
SMCI,2022-06-30,2022-08-29,10-K,Contingent Exposure,20000000.0,High,False,https://www.sec.gov/Archives/edgar/data/1375365/000137536522000103/smci-20220630.htm,"dollar equivalent), including up to $ 20.0 million as loans, advances, acceptances, bills, bank guarantees, overdrafts, letters of credit, and other types of drawdown instruments.","dollar equivalent), including up to $ 20.0 million as loans, advances, acceptances, bills, bank guarantees, overdrafts, letters of credit, and other types of drawdown instruments.",Explicit narrative amount,True,20000000.0,Contingent Exposure,Rejected,"Rejected: credit-facility or guarantee capacity, not an identified outstanding draw or guarantee.",339
SMCI,2022-06-30,2022-08-29,10-K,Purchase or Contractual Commitments,28300000,High,True,https://www.sec.gov/Archives/edgar/data/1375365/000137536522000103/smci-20220630.htm,The Company intends to fund its proportionate share of the land purchased under the Agreement which is estimated to be approximately NTD 789.0 million (or approximately US $ 28.3 million) from either available cash and/or borrowings under loan agreements to which the Subsidiary is a party in Taiwan.,The Company intends to fund its proportionate share of the land purchased under the Agreement which is estimated to be approximately NTD 789.0 million (or approximately US $ 28.3 million) from either available cash and/or borrowings under loan agreements to which the Subsidiary is a party in Taiwan.,Explicit narrative amount,True,28300000.0,Purchase or Contractual Commitments,Accepted,Accepted: explicit estimated obligation under a land-purchase agreement.,340
SMCI,2022-06-30,2022-08-29,10-K,Purchase or Contractual Commitments,28300000.0,High,False,https://www.sec.gov/Archives/edgar/data/1375365/000137536522000103/smci-20220630.htm,We intend to fund our proportionate share of the land purchased under the Tripartite Agreement which is estimated to be approximately NTD 789 million (or approximately US$28.3 million) from either available cash and/or borrowings under loan agreements the Subsidiary is party in Taiwan.,We intend to fund our proportionate share of the land purchased under the Tripartite Agreement which is estimated to be approximately NTD 789 million (or approximately US$28.3 million) from either available cash and/or borrowings under loan agreements the Subsidiary is party in Taiwan.,Explicit narrative amount,True,28300000.0,Purchase or Contractual Commitments,Rejected,Rejected: duplicate of the accepted land-purchase obligation.,341
SMCI,2023-06-30,2023-08-28,10-K,Purchase or Contractual Commitments,2300000000,High,True,https://www.sec.gov/Archives/edgar/data/1375365/000137536523000036/smci-20230630.htm,"As noted in Part II, Item 8, Note 12, ""Commitments and Contingencies"", we have current obligations related to noncancelable purchase commitments of $2.3 billion.","As noted in Part II, Item 8, Note 12, ""Commitments and Contingencies"", we have current obligations related to noncancelable purchase commitments of $2.3 billion.",Explicit narrative amount,True,2300000000.0,Purchase or Contractual Commitments,Accepted,Accepted: explicit noncancelable purchase commitments.,342
SMCI,2023-06-30,2023-08-28,10-K,Purchase or Contractual Commitments,400000.0,High,False,https://www.sec.gov/Archives/edgar/data/1375365/000137536523000036/smci-20230630.htm,"As of June 30, 2023, the Company's available borrowing capacity was $ 0.4 million under the Cathay Bank Loan Agreement.","As of June 30, 2023, the Company's available borrowing capacity was $ 0.4 million under the Cathay Bank Loan Agreement.",Explicit narrative amount,True,400000.0,Purchase or Contractual Commitments,Rejected,"Rejected: credit-facility or guarantee capacity, not an identified outstanding draw or guarantee.",343
SMCI,2023-06-30,2023-08-28,10-K,Contingent Exposure,3600000.0,High,False,https://www.sec.gov/Archives/edgar/data/1375365/000137536523000036/smci-20230630.htm,"dollar equivalent) term loan facility secured by the land and building located in Bade, Taiwan with an interest rate equal to the lender's established NTD interest rate plus 0.50 % per annum which is adjusted monthly, which term loan facility also includes a 12-month guarantee of up to NTD 100.0 mil","dollar equivalent) term loan facility secured by the land and building located in Bade, Taiwan with an interest rate equal to the lender's established NTD interest rate plus 0.50 % per annum which is adjusted monthly, which term loan facility also includes a 12-month guarantee of up to NTD 100.0 million ($ 3.6 million U.S.",Explicit narrative amount,True,3600000.0,Contingent Exposure,Rejected,"Rejected: credit-facility or guarantee capacity, not an identified outstanding draw or guarantee.",344
SMCI,2023-06-30,2023-08-28,10-K,Contingent Exposure,20000000.0,High,False,https://www.sec.gov/Archives/edgar/data/1375365/000137536523000036/smci-20230630.htm,"dollar equivalent), including up to $ 20.0 million as loans, advances, acceptances, bills, bank guarantees, overdrafts, letters of credit, and other types of drawdown instruments.","dollar equivalent), including up to $ 20.0 million as loans, advances, acceptances, bills, bank guarantees, overdrafts, letters of credit, and other types of drawdown instruments.",Explicit narrative amount,True,20000000.0,Contingent Exposure,Rejected,"Rejected: credit-facility or guarantee capacity, not an identified outstanding draw or guarantee.",345
SMCI,2023-06-30,2023-08-28,10-K,Contingent Exposure,30000000.0,High,False,https://www.sec.gov/Archives/edgar/data/1375365/000137536523000036/smci-20230630.htm,"E.SUN Bank 2021 E.SUN Bank Credit Facility The Company through its Taiwan subsidiary was party to that certain General Credit Agreement, dated December 2, 2020, with E.SUN Bank (“E.SUN Bank”), which provided for the issuance of loans, advances, acceptances, bills, bank guarantees, overdrafts, letter","E.SUN Bank 2021 E.SUN Bank Credit Facility The Company through its Taiwan subsidiary was party to that certain General Credit Agreement, dated December 2, 2020, with E.SUN Bank (“E.SUN Bank”), which provided for the issuance of loans, advances, acceptances, bills, bank guarantees, overdrafts, letters of credit, and other types of drawdown instruments up to a credit limit of US $ 30.0 million (the “Prior E.SUN Bank Credit Facility”).",Explicit narrative amount,True,30000000.0,Contingent Exposure,Rejected,"Rejected: credit-facility or guarantee capacity, not an identified outstanding draw or guarantee.",346
SMCI,2023-06-30,2023-08-28,10-K,Contingent Exposure,30000000.0,High,False,https://www.sec.gov/Archives/edgar/data/1375365/000137536523000036/smci-20230630.htm,"dollar equivalent) and (ii) $ 30.0 million as loans, advances, acceptances, bills, bank guarantees, overdrafts, letters of credit, and other types of drawdown instruments.","dollar equivalent) and (ii) $ 30.0 million as loans, advances, acceptances, bills, bank guarantees, overdrafts, letters of credit, and other types of drawdown instruments.",Explicit narrative amount,True,30000000.0,Contingent Exposure,Rejected,"Rejected: credit-facility or guarantee capacity, not an identified outstanding draw or guarantee.",347
SMCI,2024-06-30,2025-02-25,10-K,Purchase or Contractual Commitments,6200000000,High,True,https://www.sec.gov/Archives/edgar/data/1375365/000137536525000004/smci-20240630.htm,"As noted in Note 13, ""Commitments and Contingencies"" in the Notes to the Consolidated Financial Statements, we have current obligations related to non-cancelable purchase commitments of $6.2 billion.","As noted in Note 13, ""Commitments and Contingencies"" in the Notes to the Consolidated Financial Statements, we have current obligations related to non-cancelable purchase commitments of $6.2 billion.",Explicit narrative amount,True,6200000000.0,Purchase or Contractual Commitments,Accepted,Accepted: explicit noncancelable purchase commitments.,348
SMCI,2024-06-30,2025-02-25,10-K,Contingent Exposure,20000000.0,High,False,https://www.sec.gov/Archives/edgar/data/1375365/000137536525000004/smci-20240630.htm,"dollar equivalent), including up to $ 20.0 million as loans, advances, acceptances, bills, bank guarantees, overdrafts, letters of credit, and other types of drawdown instruments.","dollar equivalent), including up to $ 20.0 million as loans, advances, acceptances, bills, bank guarantees, overdrafts, letters of credit, and other types of drawdown instruments.",Explicit narrative amount,True,20000000.0,Contingent Exposure,Rejected,"Rejected: credit-facility or guarantee capacity, not an identified outstanding draw or guarantee.",349
SMCI,2024-06-30,2025-02-25,10-K,Purchase or Contractual Commitments,26400000.0,High,False,https://www.sec.gov/Archives/edgar/data/1375365/000137536525000004/smci-20240630.htm,"There were approximately $ 26.4 million of loss liabilities recognized in Accrued liabilities in the consolidated balance sheets from purchase commitments as of June 30, 2024.","There were approximately $ 26.4 million of loss liabilities recognized in Accrued liabilities in the consolidated balance sheets from purchase commitments as of June 30, 2024.",Explicit narrative amount,True,26400000.0,Purchase or Contractual Commitments,Rejected,"Rejected: recognized loss liability, prior-period reference, or operating-cost increase; not total future commitments.",350
SMCI,2025-03-31,2025-05-12,10-Q,Purchase or Contractual Commitments,26400000.0,High,False,https://www.sec.gov/Archives/edgar/data/1375365/000137536525000014/smci-20250331.htm,"There were no loss liabilities recognized as of March 31, 2025 and $ 26.4 million of loss liabilities were recognized in Accrued liabilities in the condensed consolidated balance sheets from purchase commitments as of June 30, 2024.","There were no loss liabilities recognized as of March 31, 2025 and $ 26.4 million of loss liabilities were recognized in Accrued liabilities in the condensed consolidated balance sheets from purchase commitments as of June 30, 2024.",Explicit narrative amount,True,26400000.0,Purchase or Contractual Commitments,Rejected,"Rejected: recognized loss liability, prior-period reference, or operating-cost increase; not total future commitments.",351
SMCI,2025-06-30,2025-08-28,10-K,Purchase or Contractual Commitments,20700000.0,High,False,https://www.sec.gov/Archives/edgar/data/1375365/000137536525000027/smci-20250630.htm,"Additionally, there was a $20.7 million or 37.5% increase in facilities costs such as rental costs, utility costs, and indirect depreciation costs, which are related to our efforts to expand our production capacity in order to support growing customer demands.","Additionally, there was a $20.7 million or 37.5% increase in facilities costs such as rental costs, utility costs, and indirect depreciation costs, which are related to our efforts to expand our production capacity in order to support growing customer demands.",Explicit narrative amount,True,20700000.0,Purchase or Contractual Commitments,Rejected,"Rejected: recognized loss liability, prior-period reference, or operating-cost increase; not total future commitments.",352
SMCI,2025-06-30,2025-08-28,10-K,Uncommenced Leases,117700000,High,True,https://www.sec.gov/Archives/edgar/data/1375365/000137536525000027/smci-20250630.htm,"Pursuant to the data center lease agreement dated June 14, 2025, we anticipate making an approximately $117.7 million lease payment subject to the remaining tranches expected to commence on October 2, 2025, which is not reflected in the consolidated balance sheets as the lease has not commenced.","Pursuant to the data center lease agreement dated June 14, 2025, we anticipate making an approximately $117.7 million lease payment subject to the remaining tranches expected to commence on October 2, 2025, which is not reflected in the consolidated balance sheets as the lease has not commenced.",Explicit narrative amount,True,117700000.0,Uncommenced Leases,Accepted,Accepted: explicit anticipated payment under a data-center lease.,353
SMCI,2025-06-30,2025-08-28,10-K,Purchase or Contractual Commitments,1600000000,High,True,https://www.sec.gov/Archives/edgar/data/1375365/000137536525000027/smci-20250630.htm,"As noted in Note 13, “Commitments and Contingencies” in the notes to the consolidated financial statements, we have current obligations related to non-cancelable purchase commitments of $1.6 billion.","As noted in Note 13, “Commitments and Contingencies” in the notes to the consolidated financial statements, we have current obligations related to non-cancelable purchase commitments of $1.6 billion.",Explicit narrative amount,True,1600000000.0,Purchase or Contractual Commitments,Accepted,Accepted: explicit noncancelable purchase commitments.,354
SMCI,2025-06-30,2025-08-28,10-K,Contingent Exposure,20000000.0,High,False,https://www.sec.gov/Archives/edgar/data/1375365/000137536525000027/smci-20250630.htm,"The Chang Hwa Bank Credit Facility permits borrowings of up to NTD 1,000.0 million (the “Chang Hwa Bank Term Loan Facility”), including up to $ 20.0 million as loans, advances, acceptances, bills, bank guarantees, overdrafts, letters of credit, and other types of drawdown instruments (the “CHB Credi","The Chang Hwa Bank Credit Facility permits borrowings of up to NTD 1,000.0 million (the “Chang Hwa Bank Term Loan Facility”), including up to $ 20.0 million as loans, advances, acceptances, bills, bank guarantees, overdrafts, letters of credit, and other types of drawdown instruments (the “CHB Credit Lines”).",Explicit narrative amount,True,20000000.0,Contingent Exposure,Rejected,"Rejected: credit-facility or guarantee capacity, not an identified outstanding draw or guarantee.",355
SMCI,2025-06-30,2025-08-28,10-K,Purchase or Contractual Commitments,26400000.0,High,False,https://www.sec.gov/Archives/edgar/data/1375365/000137536525000027/smci-20250630.htm,"As of June 30, 2024, there was $ 26.4 million of material loss liabilities recorded in the consolidated balance sheets from purchase commitments.","As of June 30, 2024, there was $ 26.4 million of material loss liabilities recorded in the consolidated balance sheets from purchase commitments.",Explicit narrative amount,True,26400000.0,Purchase or Contractual Commitments,Rejected,"Rejected: recognized loss liability, prior-period reference, or operating-cost increase; not total future commitments.",356
SMCI,2025-09-30,2025-11-07,10-Q,Purchase or Contractual Commitments,11600000000,High,True,https://www.sec.gov/Archives/edgar/data/1375365/000137536525000030/smci-20250930.htm,"As noted in Note 13, “Commitments and Contingencies” in the notes to the condensed consolidated financial statements, we have current obligations related to non-cancelable purchase commitments of $11.6 billion .","As noted in Note 13, “Commitments and Contingencies” in the notes to the condensed consolidated financial statements, we have current obligations related to non-cancelable purchase commitments of $11.6 billion .",Explicit narrative amount,True,11600000000.0,Purchase or Contractual Commitments,Accepted,Accepted: explicit noncancelable purchase commitments.,357
SMCI,2025-12-31,2026-02-06,10-Q,Purchase or Contractual Commitments,3900000000,High,True,https://www.sec.gov/Archives/edgar/data/1375365/000137536526000007/smci-20251231.htm,"As noted in Note 13, “Commitments and Contingencies” in the notes to the condensed consolidated financial statements, we have current obligations related to non-cancelable purchase commitments of $3.9 billion .","As noted in Note 13, “Commitments and Contingencies” in the notes to the condensed consolidated financial statements, we have current obligations related to non-cancelable purchase commitments of $3.9 billion .",Explicit narrative amount,True,3900000000.0,Purchase or Contractual Commitments,Accepted,Accepted: explicit noncancelable purchase commitments.,358
SMCI,2026-03-31,2026-05-11,10-Q,Purchase or Contractual Commitments,10100000000,High,True,https://www.sec.gov/Archives/edgar/data/1375365/000137536526000014/smci-20260331.htm,"As noted in Note 14, “Commitments and Contingencies”, in the notes to the condensed consolidated financial statements, we have current obligations related to non-cancelable purchase commitments of $10.1 billion .","As noted in Note 14, “Commitments and Contingencies”, in the notes to the condensed consolidated financial statements, we have current obligations related to non-cancelable purchase commitments of $10.1 billion .",Explicit narrative amount,True,10100000000.0,Purchase or Contractual Commitments,Accepted,Accepted: explicit noncancelable purchase commitments.,359
SMCI,2026-03-31,2026-05-11,10-Q,Purchase or Contractual Commitments,4191.0,High,False,https://www.sec.gov/Archives/edgar/data/1375365/000137536526000014/smci-20260331.htm,"Proceeds related to Receivables Purchase Agreement, net","Nine Months Ended March 31, 2026 2025 OPERATING ACTIVITIES: Net income $ 1,052,236 $ 853,700 Reconciliation of net income to net cash (used in) provided by operating activities: Depreciation and amortization 38,959 29,467 Amortization of right-of-use (“ROU”) assets 26,997 10,241 Amortization of debt discount and issuance costs 17,162 6,367 Inventory valuation adjustment write-down 239,255 159,050 Stock-based compensation expense 305,558 230,840 Impairment loss 13,747 — Share of loss (income) from equity investee 1,293 ( 2,053 ) Unrealized foreign currency exchange (gain) loss ( 4,428 ) 2,742 Loss on extinguishment of convertible notes — 30,251 Deferred income taxes, net ( 30,920 ) ( 134,401 ) Other non-cash income, net ( 8,302 ) ( 790 ) Changes in operating assets and liabilities: Accounts receivable, net (including changes in related party balances of $( 240 ) and $ 5,878 during the nine months ended March 31, 2026 and 2025, respectively) ( 6,209,831 ) 94,782 Inventories ( 6,669,560 ) 298,847 Prepaid expenses and other assets (including changes in related party balances of $( 15,028 ) and $( 2,782 ) during the nine months ended March 31, 2026 and 2025, respectively) ( 381,738 ) ( ",Single explicit amount,True,4191.0,Purchase or Contractual Commitments,Rejected,"Rejected: receivables-purchase proceeds/cash-flow line, not an obligation.",360
ANET,2014-12-31,2015-05-15,10-K/A,Contingent Exposure,4000000,High,True,https://www.sec.gov/Archives/edgar/data/1596532/000159653215000011/anet20141231-10ka.htm,"We maintain continued involvement in the property after construction was completed and lack transferability of the risks and rewards of ownership, primarily due to our required maintenance of a $4.0 million letter of credit.","We maintain continued involvement in the property after construction was completed and lack transferability of the risks and rewards of ownership, primarily due to our required maintenance of a $4.0 million letter of credit.",Explicit narrative amount,True,4000000.0,Contingent Exposure,Accepted,Accepted: explicit required standby letter of credit.,361
ANET,2014-12-31,2015-05-15,10-K/A,Contingent Exposure,4000000.0,High,False,https://www.sec.gov/Archives/edgar/data/1596532/000159653215000011/anet20141231-10ka.htm,"We maintained continued involvement in the property after construction was completed and lack transferability of the risks and rewards of ownership, primarily due to our required maintenance of a $4.0 million letter of credit.","We maintained continued involvement in the property after construction was completed and lack transferability of the risks and rewards of ownership, primarily due to our required maintenance of a $4.0 million letter of credit.",Explicit narrative amount,True,4000000.0,Contingent Exposure,Rejected,Rejected: duplicate description of the same $4 million letter of credit.,362
ANET,2015-12-31,2016-02-25,10-K,Purchase or Contractual Commitments,43900000.0,High,False,https://www.sec.gov/Archives/edgar/data/1596532/000159653216000244/anet20151231-10k.htm,"As of December 31, 2015, we had non-cancelable purchase commitments of $43.9 million to our contract manufacturers and suppliers.","As of December 31, 2015, we had non-cancelable purchase commitments of $43.9 million to our contract manufacturers and suppliers.",Explicit narrative amount,True,43900000.0,Purchase or Contractual Commitments,Rejected,Rejected: rounded narrative duplicate; exact table total used.,363
ANET,2015-12-31,2016-02-25,10-K,Purchase or Contractual Commitments,43902000,Medium,True,https://www.sec.gov/Archives/edgar/data/1596532/000159653216000244/anet20151231-10k.htm,Non-cancelable purchase obligations,"The following summarizes our contractual obligations and commitments as of December 31, 2015 (in thousands): Payments Due by Period Total Less than 1 Year 1 to 3 Years 3 to 5 Years More than 5 Years Financing lease obligation (1) $ 49,380 $ 5,754 $ 12,047 $ 12,769 $ 18,810 Operating lease obligations 52,083 6,307 12,937 11,389 21,450 Non-cancelable purchase obligations 43,902 43,902 — — Total $ 145,365 $ 55,963 $ 24,984 $ 24,158 $ 40,260 Payments Due by Period Total Less than 1 Year 1 to 3 Years 3 to 5 Years More than 5 Years Financing lease obligation (1) $ 49,380 $ 5,754 $ 12,047 $ 12,769 $ 18,810 Operating lease obligations 52,083 6,307 12,937 11,389 21,450 Non-cancelable purchase obligations 43,902 43,902 — — Total $ 145,365 $ 55,963 $ 24,984 $ 24,158 $ 40,260 | Non-cancelable purchase obligations | | 43,902 | | | 43,902 | | | — | | | — | | |",First table amount; review required,False,43902000.0,Purchase or Contractual Commitments,Accepted,Accepted: exact noncancelable purchase-obligation table total.,364
ANET,2016-12-31,2017-02-17,10-K,Purchase or Contractual Commitments,261899999.99999997,High,False,https://www.sec.gov/Archives/edgar/data/1596532/000159653217000019/anet20161231-10k.htm,"As of December 31, 2016 , we had non-cancelable purchase commitments of $261.9 million .","As of December 31, 2016 , we had non-cancelable purchase commitments of $261.9 million .",Explicit narrative amount,True,261899999.99999997,Purchase or Contractual Commitments,Rejected,Rejected: rounded narrative duplicate; exact table total used.,365
ANET,2016-12-31,2017-02-17,10-K,Purchase or Contractual Commitments,261868000,Medium,True,https://www.sec.gov/Archives/edgar/data/1596532/000159653217000019/anet20161231-10k.htm,Non-cancelable purchase obligations,"The following summarizes our contractual obligations and commitments as of December 31, 2016 (in thousands): Payments Due by Period Total Less than 1 Year 1 to 3 Years 3 to 5 Years More than 5 Years Financing lease obligation (1) $ 43,626 $ 5,933 $ 12,406 $ 13,151 $ 12,136 Operating lease obligations 50,131 7,867 14,262 12,256 15,746 Non-cancelable purchase obligations 261,868 261,868 — — Total $ 355,625 $ 275,668 $ 26,668 $ 25,407 $ 27,882 Payments Due by Period Total Less than 1 Year 1 to 3 Years 3 to 5 Years More than 5 Years Financing lease obligation (1) $ 43,626 $ 5,933 $ 12,406 $ 13,151 $ 12,136 Operating lease obligations 50,131 7,867 14,262 12,256 15,746 Non-cancelable purchase obligations 261,868 261,868 — — Total $ 355,625 $ 275,668 $ 26,668 $ 25,407 $ 27,882 | Non-cancelable purchase obligations | | 261,868 | | | 261,868 | | | — | | | — | | |",First table amount; review required,False,261868000.0,Purchase or Contractual Commitments,Accepted,Accepted: exact noncancelable purchase-obligation table total.,366
ANET,2017-12-31,2018-02-20,10-K,Purchase or Contractual Commitments,147854000,Medium,True,https://www.sec.gov/Archives/edgar/data/1596532/000159653218000018/anet20171231-10k.htm,Purchase commitments with contract manufacturers and suppliers,"Payments Due by Period Total Less than 1 Year 1 to 3 Years 3 to 5 Years More than 5 Years Financing lease obligation (1) $ 37,692 $ 6,113 $ 12,770 $ 13,545 $ 5,264 Operating lease obligations 51,004 9,127 16,686 15,318 9,873 Purchase commitments with contract manufacturers and suppliers 147,854 147,854 — — — Other non-cancellable purchase obligations 47,250 47,250 — — Total $ 283,800 $ 210,344 $ 29,456 $ 28,863 $ 15,137 Payments Due by Period Total Less than 1 Year 1 to 3 Years 3 to 5 Years More than 5 Years Financing lease obligation (1) $ 37,692 $ 6,113 $ 12,770 $ 13,545 $ 5,264 Operating lease obligations 51,004 9,127 16,686 15,318 9,873 Purchase commitments with contract manufacturers and suppliers 147,854 147,854 — — — Other non-cancellable purchase obligations 47,250 47,250 — — Total $ 283,800 $ 210,344 $ 29,456 $ 28,863 $ 15,137 | Purchase commitments with contract manufacturers and suppliers | | 147,854 | | | 147,854 | | | — | | | — | | | — |",First table amount; review required,False,147854.0,Purchase or Contractual Commitments,Accepted — amount corrected,Accepted: distinct purchase-commitment table component; unit normalized to dollars.,367
ANET,2017-12-31,2018-02-20,10-K,Purchase or Contractual Commitments,47250000,Medium,True,https://www.sec.gov/Archives/edgar/data/1596532/000159653218000018/anet20171231-10k.htm,Other non-cancellable purchase obligations,"Payments Due by Period Total Less than 1 Year 1 to 3 Years 3 to 5 Years More than 5 Years Financing lease obligation (1) $ 37,692 $ 6,113 $ 12,770 $ 13,545 $ 5,264 Operating lease obligations 51,004 9,127 16,686 15,318 9,873 Purchase commitments with contract manufacturers and suppliers 147,854 147,854 — — — Other non-cancellable purchase obligations 47,250 47,250 — — Total $ 283,800 $ 210,344 $ 29,456 $ 28,863 $ 15,137 Payments Due by Period Total Less than 1 Year 1 to 3 Years 3 to 5 Years More than 5 Years Financing lease obligation (1) $ 37,692 $ 6,113 $ 12,770 $ 13,545 $ 5,264 Operating lease obligations 51,004 9,127 16,686 15,318 9,873 Purchase commitments with contract manufacturers and suppliers 147,854 147,854 — — — Other non-cancellable purchase obligations 47,250 47,250 — — Total $ 283,800 $ 210,344 $ 29,456 $ 28,863 $ 15,137 | Other non-cancellable purchase obligations | | 47,250 | | | 47,250 | | | — | | | — | | |",First table amount; review required,False,47250.0,Purchase or Contractual Commitments,Accepted — amount corrected,Accepted: distinct other noncancelable purchase-obligation component; unit normalized to dollars.,368
ANET,2018-12-31,2019-02-15,10-K,Contingent Exposure,1100000.0,High,False,https://www.sec.gov/Archives/edgar/data/1596532/000159653219000027/anet20181231-10k.htm,"As of December 31, 2017, we also had $1.1 million restricted cash related to a letter of credit issued to a business partner.","As of December 31, 2017, we also had $1.1 million restricted cash related to a letter of credit issued to a business partner.",Explicit narrative amount,True,1100000.0,Contingent Exposure,Rejected,"Rejected: restricted-cash asset related to a letter of credit, not the outstanding exposure amount.",369
ANET,2018-12-31,2019-02-15,10-K,Purchase or Contractual Commitments,345968000,Medium,True,https://www.sec.gov/Archives/edgar/data/1596532/000159653219000027/anet20181231-10k.htm,Purchase commitments with contract manufacturers and suppliers,"Payments Due by Period Total Less than 1 Year 1 to 3 Years 3 to 5 Years More than 5 Years Financing lease obligation (1) $ 31,649 $ 6,321 $ 13,192 $ 12,136 $ — Operating lease obligations 103,351 12,789 28,077 26,616 35,869 Purchase commitments with contract manufacturers and suppliers 345,968 345,968 — — — Other non-cancellable purchase obligations 43,254 43,254 — — Total $ 524,222 $ 408,332 $ 41,269 $ 38,752 $ 35,869 ___________________ (1) Includes interest and land lease. Payments Due by Period Total Less than 1 Year 1 to 3 Years 3 to 5 Years More than 5 Years Financing lease obligation (1) $ 31,649 $ 6,321 $ 13,192 $ 12,136 $ — Operating lease obligations 103,351 12,789 28,077 26,616 35,869 Purchase commitments with contract manufacturers and suppliers 345,968 345,968 — — — Other non-cancellable purchase obligations 43,254 43,254 — — Total $ 524,222 $ 408,332 $ 41,269 $ 38,752 $ 35,869 ___________________ (1) Includes interest and land lease. | Purchase commitments with contract manufacturers and suppliers | | 345,968 | | | 345,968 | | | — | | | — | | | — |",First table amount; review required,False,345968.0,Purchase or Contractual Commitments,Accepted — amount corrected,Accepted: distinct purchase-commitment table component; unit normalized to dollars.,370
ANET,2018-12-31,2019-02-15,10-K,Purchase or Contractual Commitments,43254000,Medium,True,https://www.sec.gov/Archives/edgar/data/1596532/000159653219000027/anet20181231-10k.htm,Other non-cancellable purchase obligations,"Payments Due by Period Total Less than 1 Year 1 to 3 Years 3 to 5 Years More than 5 Years Financing lease obligation (1) $ 31,649 $ 6,321 $ 13,192 $ 12,136 $ — Operating lease obligations 103,351 12,789 28,077 26,616 35,869 Purchase commitments with contract manufacturers and suppliers 345,968 345,968 — — — Other non-cancellable purchase obligations 43,254 43,254 — — Total $ 524,222 $ 408,332 $ 41,269 $ 38,752 $ 35,869 ___________________ (1) Includes interest and land lease. Payments Due by Period Total Less than 1 Year 1 to 3 Years 3 to 5 Years More than 5 Years Financing lease obligation (1) $ 31,649 $ 6,321 $ 13,192 $ 12,136 $ — Operating lease obligations 103,351 12,789 28,077 26,616 35,869 Purchase commitments with contract manufacturers and suppliers 345,968 345,968 — — — Other non-cancellable purchase obligations 43,254 43,254 — — Total $ 524,222 $ 408,332 $ 41,269 $ 38,752 $ 35,869 ___________________ (1) Includes interest and land lease. | Other non-cancellable purchase obligations | | 43,254 | | | 43,254 | | | — | | | — | | |",First table amount; review required,False,43254.0,Purchase or Contractual Commitments,Accepted — amount corrected,Accepted: distinct other noncancelable purchase-obligation component; unit normalized to dollars.,371
ANET,2019-12-31,2020-02-14,10-K,Purchase or Contractual Commitments,279200000.0,High,False,https://www.sec.gov/Archives/edgar/data/1596532/000159653220000024/anet20191231-10k.htm,"As of December 31, 2019 , we had non-cancellable purchase commitments of $ 294.7 97 Table of Contents million, of which $ 279.2 million was to our contract manufacturers and suppliers.","As of December 31, 2019 , we had non-cancellable purchase commitments of $ 294.7 97 Table of Contents million, of which $ 279.2 million was to our contract manufacturers and suppliers.",Explicit narrative amount,True,279200000.0,Purchase or Contractual Commitments,Rejected,Rejected: narrative contains only one subcomponent; exact table components used.,372
ANET,2019-12-31,2020-02-14,10-K,Purchase or Contractual Commitments,279203000,Medium,True,https://www.sec.gov/Archives/edgar/data/1596532/000159653220000024/anet20191231-10k.htm,Purchase commitments with contract manufacturers and suppliers,"(in thousands): Payments Due by Period Total Less than 1 Year 1 to 3 Years 3 to 5 Years More than 5 Years Operating lease obligations 117,065 20,563 42,794 27,488 26,220 Purchase commitments with contract manufacturers and suppliers 279,203 279,203 — — — Other non-cancellable purchase obligations 15,482 15,482 — — Transition tax payable 5,967 — — 2,025 3,942 Total $ 417,717 $ 315,248 $ 42,794 $ 29,513 $ 30,162 Payments Due by Period Total Less than 1 Year 1 to 3 Years 3 to 5 Years More than 5 Years Operating lease obligations 117,065 20,563 42,794 27,488 26,220 Purchase commitments with contract manufacturers and suppliers 279,203 279,203 — — — Other non-cancellable purchase obligations 15,482 15,482 — — Transition tax payable 5,967 — — 2,025 3,942 Total $ 417,717 $ 315,248 $ 42,794 $ 29,513 $ 30,162 | Purchase commitments with contract manufacturers and suppliers | | 279,203 | | | 279,203 | | | — | | | — | | | — |",First table amount; review required,False,279203000.0,Purchase or Contractual Commitments,Accepted,Accepted: exact contract-manufacturer purchase commitments.,373
ANET,2019-12-31,2020-02-14,10-K,Purchase or Contractual Commitments,15482000,Medium,True,https://www.sec.gov/Archives/edgar/data/1596532/000159653220000024/anet20191231-10k.htm,Other non-cancellable purchase obligations,"(in thousands): Payments Due by Period Total Less than 1 Year 1 to 3 Years 3 to 5 Years More than 5 Years Operating lease obligations 117,065 20,563 42,794 27,488 26,220 Purchase commitments with contract manufacturers and suppliers 279,203 279,203 — — — Other non-cancellable purchase obligations 15,482 15,482 — — Transition tax payable 5,967 — — 2,025 3,942 Total $ 417,717 $ 315,248 $ 42,794 $ 29,513 $ 30,162 Payments Due by Period Total Less than 1 Year 1 to 3 Years 3 to 5 Years More than 5 Years Operating lease obligations 117,065 20,563 42,794 27,488 26,220 Purchase commitments with contract manufacturers and suppliers 279,203 279,203 — — — Other non-cancellable purchase obligations 15,482 15,482 — — Transition tax payable 5,967 — — 2,025 3,942 Total $ 417,717 $ 315,248 $ 42,794 $ 29,513 $ 30,162 | Other non-cancellable purchase obligations | | 15,482 | | | 15,482 | | | — | | | — | | |",First table amount; review required,False,15482000.0,Purchase or Contractual Commitments,Accepted,Accepted: exact other noncancelable purchase obligations.,374
ANET,2020-12-31,2021-02-19,10-K,Purchase or Contractual Commitments,421857000,Medium,True,https://www.sec.gov/Archives/edgar/data/1596532/000159653221000049/anet-20201231.htm,Purchase commitments with contract manufacturers and suppliers,"Our contractual commitments will have an impact on our future liquidity. Our contractual obligations represent material expected or contractually committed future payment obligations. We believe that we will be able to fund these obligations through cash generated from operations and from our existing balances of cash, cash equivalent and marketable securities. The following summarizes our contractual obligations and commitments as of December 31, 2020 (in thousands): The following summarizes our contractual obligations and commitments as of December 31, 2020 (in thousands): Payments Due by Period Total Less than 1 Year 1 to 3 Years 3 to 5 Years More than 5 Years Operating lease obligations 104,258 21,770 41,423 21,139 19,926 Purchase commitments with contract manufacturers and suppliers 421,857 421,857 — — — Other non-cancellable purchase obligations 32,103 32,103 — — Transition tax payable 6,343 — — 6,343 — Total $ 564,561 $ 475,730 $ 41,423 $ 27,482 $ 19,926 | Purchase commitments with contract manufacturers and suppliers | | 421,857 | | | 421,857 | | | — | | | — | | | — |",First table amount; review required,False,421857000.0,Purchase or Contractual Commitments,Accepted,Accepted: exact contract-manufacturer purchase commitments.,375
ANET,2020-12-31,2021-02-19,10-K,Purchase or Contractual Commitments,32103000,Medium,True,https://www.sec.gov/Archives/edgar/data/1596532/000159653221000049/anet-20201231.htm,Other non-cancellable purchase obligations,"Our contractual commitments will have an impact on our future liquidity. Our contractual obligations represent material expected or contractually committed future payment obligations. We believe that we will be able to fund these obligations through cash generated from operations and from our existing balances of cash, cash equivalent and marketable securities. The following summarizes our contractual obligations and commitments as of December 31, 2020 (in thousands): The following summarizes our contractual obligations and commitments as of December 31, 2020 (in thousands): Payments Due by Period Total Less than 1 Year 1 to 3 Years 3 to 5 Years More than 5 Years Operating lease obligations 104,258 21,770 41,423 21,139 19,926 Purchase commitments with contract manufacturers and suppliers 421,857 421,857 — — — Other non-cancellable purchase obligations 32,103 32,103 — — Transition tax payable 6,343 — — 6,343 — Total $ 564,561 $ 475,730 $ 41,423 $ 27,482 $ 19,926 | Other non-cancellable purchase obligations | | 32,103 | | | 32,103 | | | — | | | — | | |",First table amount; review required,False,32103000.0,Purchase or Contractual Commitments,Accepted,Accepted: exact other noncancelable purchase obligations.,376
ANET,2021-12-31,2022-02-15,10-K,Purchase or Contractual Commitments,2540100000,High,True,https://www.sec.gov/Archives/edgar/data/1596532/000159653222000026/anet-20211231.htm,"As of December 31, 2021, we had non-cancellable purchase commitments of $ 2,540.1 million, with $ 2,318.6 million payable within 12 months and the majority of the remaining $ 221.5 million payable within 2023.","As of December 31, 2021, we had non-cancellable purchase commitments of $ 2,540.1 million, with $ 2,318.6 million payable within 12 months and the majority of the remaining $ 221.5 million payable within 2023.",Explicit narrative amount,True,221500000.0,Purchase or Contractual Commitments,Accepted — amount corrected,"Accepted with correction: total noncancelable purchase commitments, not only the long-dated remainder.",377
ANET,2021-12-31,2022-02-15,10-K,Purchase or Contractual Commitments,275000000,High,True,https://www.sec.gov/Archives/edgar/data/1596532/000159653222000026/anet-20211231.htm,"In addition to the purchase obligations outlined above, we also entered into an agreement covering an additional $ 275 million of extended lead time component purchase commitments in support of 2023 forecasted demand, for which purchase orders had not been issued as of December 31, 2021.","In addition to the purchase obligations outlined above, we also entered into an agreement covering an additional $ 275 million of extended lead time component purchase commitments in support of 2023 forecasted demand, for which purchase orders had not been issued as of December 31, 2021.",Explicit narrative amount,True,275000000.0,Purchase or Contractual Commitments,Accepted,Accepted: explicitly stated additional commitments outside the preceding total.,378
ANET,2021-12-31,2022-02-15,10-K,Purchase or Contractual Commitments,50000000.0,High,False,https://www.sec.gov/Archives/edgar/data/1596532/000159653222000026/anet-20211231.htm,"In January 2022, we paid an additional cash deposit of $ 50.0 million to one of our contract manufacturers to secure our purchase commitments.","In January 2022, we paid an additional cash deposit of $ 50.0 million to one of our contract manufacturers to secure our purchase commitments.",Explicit narrative amount,True,50000000.0,Purchase or Contractual Commitments,Rejected,Rejected: cash deposit already paid to secure commitments.,379
ANET,2023-12-31,2024-02-13,10-K,Purchase or Contractual Commitments,39500000.0,High,False,https://www.sec.gov/Archives/edgar/data/1596532/000159653224000043/anet-20231231.htm,"As of December 31, 2023, we had $1,586.7 million of such purchase obligations, of which $1,547.2 million are expected to be received within 12 months, and $39.5 million are e xpected to be received after one year.","As of December 31, 2023, we had $1,586.7 million of such purchase obligations, of which $1,547.2 million are expected to be received within 12 months, and $39.5 million are e xpected to be received after one year.",Explicit narrative amount,True,39500000.0,Purchase or Contractual Commitments,Rejected,Rejected: duplicate narrative; corrected total accepted on the clearer duplicate row.,380
ANET,2023-12-31,2024-02-13,10-K,Purchase or Contractual Commitments,1586700000,High,True,https://www.sec.gov/Archives/edgar/data/1596532/000159653224000043/anet-20231231.htm,"As of December 31, 2023, we had non-cancellable purchase commitments not recorded on our balance sheet of $ 1,586.7 million, of wh ich $ 1,547.2 million have confirmed receipt dates within 12 months, and $ 39.5 million have confirmed receipt dates greater than 12 months .","As of December 31, 2023, we had non-cancellable purchase commitments not recorded on our balance sheet of $ 1,586.7 million, of wh ich $ 1,547.2 million have confirmed receipt dates within 12 months, and $ 39.5 million have confirmed receipt dates greater than 12 months .",Explicit narrative amount,True,39500000.0,Purchase or Contractual Commitments,Accepted — amount corrected,"Accepted with correction: total noncancelable purchase commitments, not only the long-dated remainder.",381
