Ticker,As Of Date,Filing Date,Uncommenced Leases,Purchase or Contractual Commitments,Contingent Exposure,Source URL,Notes,Extraction Confidence,Extraction Status
AMD,2013-12-28,2014-02-18,,587000000.0,,https://www.sec.gov/Archives/edgar/data/2488/000119312514057240/d674550d10k.htm,"The Company also had other contractual obligations, included in “Other long-term liabilities” on its consolidated balance sheet, which consists of $131 million of payments due under certain software and technology licenses that will be paid through 2017. Future unconditional purchase obligations as of December 28, 2013 were as follows: | Total unconditional purchase commitments | | $ | 587 |",High,Auto-accepted; filing review recommended
AMD,2014-12-27,2015-02-19,,755000000.0,,https://www.sec.gov/Archives/edgar/data/2488/000119312515054362/d871455d10k.htm,"The Company also had other contractual obligations, included in “Other long-term liabilities” on its consolidated balance sheet, which consists of $67 million of payments due under certain software and technology licenses that will be paid through 2018. Future unconditional purchase obligations as of December 27, 2014 were as follows: | Total unconditional purchase commitments | | $ | 755 |",High,Auto-accepted; filing review recommended
AMD,2015-12-26,2016-02-18,,359000000.0,,https://www.sec.gov/Archives/edgar/data/2488/000000248816000111/amd-12262015x10k.htm,Year Unconditional purchase obligations (In millions) 2016 $ 254 2017 42 2018 37 2019 26 2020 — 2021 and thereafter — Total unconditional purchase commitments $ 359 Year Unconditional purchase obligations (In millions) 2016 $ 254 2017 42 2018 37 2019 26 2020 — 2021 and thereafter — Total unconditional purchase commitments $ 359 | Total unconditional purchase commitments | $ | 359 |,High,Auto-accepted; filing review recommended
AMD,2016-12-31,2017-02-21,,538000000.0,,https://www.sec.gov/Archives/edgar/data/2488/000000248817000043/amd-12312016x10k.htm,Year Unconditional purchase obligations (In millions) 2017 $ 391 2018 86 2019 51 2020 9 2021 1 2022 and thereafter — Total unconditional purchase commitments $ 538 Year Unconditional purchase obligations (In millions) 2017 $ 391 2018 86 2019 51 2020 9 2021 1 2022 and thereafter — Total unconditional purchase commitments $ 538 | Total unconditional purchase commitments | $ | 538 |,High,Auto-accepted; filing review recommended
AMD,2017-12-30,2018-02-27,,513000000.0,,https://www.sec.gov/Archives/edgar/data/2488/000000248818000042/amd-12302017x10k.htm,Year Unconditional purchase obligations (In millions) 2018 $ 346 2019 65 2020 40 2021 33 2022 29 2023 and thereafter — Total unconditional purchase commitments $ 513 Year Unconditional purchase obligations (In millions) 2018 $ 346 2019 65 2020 40 2021 33 2022 29 2023 and thereafter — Total unconditional purchase commitments $ 513 | Total unconditional purchase commitments | $ | 513 |,High,Auto-accepted; filing review recommended
AMD,2018-12-29,2019-02-08,,498000000.0,,https://www.sec.gov/Archives/edgar/data/2488/000000248819000011/amd-12292018x10k.htm,Year Unconditional purchase obligations (In millions) 2019 $ 335 2020 70 2021 54 2022 37 2023 2 2024 and thereafter — Total unconditional purchase commitments $ 498 Year Unconditional purchase obligations (In millions) 2019 $ 335 2020 70 2021 54 2022 37 2023 2 2024 and thereafter — Total unconditional purchase commitments $ 498 | Total unconditional purchase commitments | $ | 498 |,High,Auto-accepted; filing review recommended
AMD,2019-12-28,2020-02-04,,2445000000.0,14000000.0,https://www.sec.gov/Archives/edgar/data/2488/000000248820000008/amdform10-kfy2019.htm,"As of December 28, 2019 , the Company had $ 14 million of letters of credit outstanding under the Credit Agreement. || Total future unconditional purchase obligations as of December 28, 2019 were as follows: Year (In millions) 2020 $ 1,731 2021 642 2022 58 2023 5 2024 2 2025 and thereafter 7 Total unconditional purchase commitments $ 2,445 Year (In millions) 2020 $ 1,731 2021 642 2022 58 2023 5 2024 2 2025 and thereafter 7 Total unconditional purchase commitments $ 2,445 | Total unconditional purchase commitments | $ | 2,445 |",High,Auto-accepted; filing review recommended
AMD,2020-12-26,2021-01-29,,3191000000.0,13000000.0,https://www.sec.gov/Archives/edgar/data/2488/000162828021001185/amd-20201226.htm,"As of December 26, 2020, the Company had $ 13 million of letters of credit outstanding under the Credit Agreement and the Company was in compliance with all required covenants under the Credit Agreement. || Total future unconditional purchase obligations as of December 26, 2020 were as follows: Total future unconditional purchase obligations as of December 26, 2020 were as follows: Year (In millions) 2021 $ 3,026 2022 71 2023 34 2024 25 2025 23 2026 and thereafter 12 Total unconditional purchase commitments $ 3,191 | Total unconditional purchase commitments | $ | 3,191 |",High,Auto-accepted; filing review recommended
AMD,2021-12-25,2022-02-03,,9066000000.0,14000000.0,https://www.sec.gov/Archives/edgar/data/2488/000000248822000016/amd-20211225.htm,"As of December 25, 2021, the Company had $ 14 million of letters of credit outstanding under the Revolving Credit Facility. || Total future unconditional purchase commitments as of December 25, 2021 were as follows: Total future unconditional purchase commitments as of December 25, 2021 were as follows: Year (In millions) 2022 $ 5,765 2023 1,658 2024 755 2025 329 2026 176 2027 and thereafter 383 Total unconditional purchase commitments $ 9,066 | Total unconditional purchase commitments | $ | 9,066 |",High,Auto-accepted; filing review recommended
AMD,2022-12-31,2023-02-27,,8610000000.0,,https://www.sec.gov/Archives/edgar/data/2488/000000248823000047/amd-20221231.htm,"The Company’s purchase commitments primarily include the Company’s obligations to purchase wafers and substrates from third parties and future payments related to certain software and technology licenses and IP licenses. Purchase commitments include obligations made under noncancellable purchase orders and contractual obligations requiring minimum purchases or for which cancellation would lead to significant penalties. Total future unconditional purchase commitments as of December 31, 2022 were as follows: Total future unconditional purchase commitments as of December 31, 2022 were as follows: Year (In millions) 2023 $ 6,489 2024 1,434 2025 271 2026 129 2027 85 2028 and thereafter 202 Total unconditional purchase commitments $ 8,610 | Total unconditional purchase commitments | $ | 8,610 |",High,Auto-accepted; filing review recommended
AMD,2023-12-30,2024-01-31,,4594000000.0,,https://www.sec.gov/Archives/edgar/data/2488/000000248824000012/amd-20231230.htm,"The Company’s purchase commitments primarily include the Company’s obligations to purchase wafers and substrates from third parties and future payments related to certain software and technology licenses and IP licenses. Purchase commitments include obligations made under noncancellable purchase orders and contractual obligations requiring minimum purchases or for which cancellation would lead to significant penalties. Total future unconditional purchase commitments as of December 30, 2023 were as follows: Total future unconditional purchase commitments as of December 30, 2023 were as follows: Year (In millions) 2024 $ 3,858 2025 351 2026 186 2027 51 2028 49 2029 and thereafter 99 Total unconditional purchase commitments $ 4,594 | Total unconditional purchase commitments | $ | 4,594 |",High,Auto-accepted; filing review recommended
AMD,2024-12-28,2025-02-05,,4968000000.0,,https://www.sec.gov/Archives/edgar/data/2488/000000248825000012/amd-20241228.htm,"The Company’s purchase commitments primarily include the Company’s obligations to purchase wafers and substrates from third parties and future payments related to certain software and technology licenses and IP licenses. Purchase commitments include obligations made under noncancellable purchase orders and contractual obligations requiring minimum purchases or for which cancellation would lead to significant penalties. Total future unconditional purchase commitments as of December 28, 2024 were as follows: Total future unconditional purchase commitments as of December 28, 2024 were as follows: Year (In millions) 2025 $ 4,501 2026 274 2027 46 2028 46 2029 45 2030 and thereafter 56 Total unconditional purchase commitments $ 4,968 | Total unconditional purchase commitments | $ | 4,968 |",High,Auto-accepted; filing review recommended
AMD,2025-03-29,2025-05-07,,8248000000.0,,https://www.sec.gov/Archives/edgar/data/2488/000000248825000047/amd-20250329.htm,". These purchase obligations were made under noncancellable purchase orders and contractual obligations requiring minimum purchases for which cancellation would lead to significant penalties. Total future unconditional purchase commitments as of March 29, 2025 were as follows: Fiscal Year (In millions) Remainder of 2025 $ 5,605 2026 884 2027 651 2028 647 2029 426 2030 and thereafter 35 Total unconditional purchase commitments $ 8,248 Total future unconditional purchase commitments as of March 29, 2025 were as follows: | Total unconditional purchase commitments | $ | 8,248 |",High,Auto-accepted; filing review recommended
AMD,2025-06-28,2025-08-06,,9438000000.0,,https://www.sec.gov/Archives/edgar/data/2488/000000248825000108/amd-20250628.htm,". These purchase obligations were made under noncancellable purchase orders and contractual obligations requiring minimum purchases for which cancellation would lead to significant penalties. Total future unconditional purchase commitments as of June 28, 2025 were as follows: Fiscal Year (In millions) Remainder of 2025 $ 5,482 2026 1,152 2027 910 2028 861 2029 729 2030 and thereafter 304 Total unconditional purchase commitments $ 9,438 Total future unconditional purchase commitments as of June 28, 2025 were as follows: | Total unconditional purchase commitments | $ | 9,438 |",High,Auto-accepted; filing review recommended
AMD,2025-12-27,2026-02-04,1300000000.0,,,https://www.sec.gov/Archives/edgar/data/2488/000000248826000018/amd-20251227.htm,"Supplemental information as of and for the year December 27, 2025 related to leases is as follows: Future minimum lease payments under non-cancellable operating lease liabilities as of December 27, 2025 are as follows: As of December 27, 2025, the Company has data center and other real estate leases that have not yet commenced with future lease payments of $ 1.3 billion.",High,Auto-accepted; filing review recommended
AMZN,2013-12-31,2014-01-31,,1098000000.0,,https://www.sec.gov/Archives/edgar/data/1018724/000101872414000006/amzn-20131231x10k.htm,"Year Ended December 31, 2014 2015 2016 2017 2018 Thereafter Total Operating and capital commitments: Debt principal and interest $ 835 $ 906 $ 81 $ 1,081 $ 69 $ 1,375 $ 4,347 Capital leases, including interest 963 883 361 71 42 117 2,437 Financing lease obligations, including interest 49 48 52 52 53 529 783 Operating leases 752 654 604 539 470 2,116 5,135 Unconditional purchase obligations (1) 539 386 80 37 29 27 1,098 Other commitments (2) (3) 746 275 167 137 110 1,194 2,629 Total commitments $ 3,884 $ 3,152 $ 1,345 $ 1,917 $ 773 $ 5,358 $ 16,429 Year Ended December 31, 2014 2015 2016 2017 2018 Thereafter Total Operating and capital commitments: Debt principal and interest $ 835 $ 906 $ 81 $ 1,081 $ 69 $ 1,375 $ 4,347 Capital leases, including interest 963 883 361 71 42 117 2,437 Financing lease obligations, including interest 49 48 52 52 53 529 783 Operating leases 752 654 604 539 470 2,116 5,135 Unconditional purchase obligations (1) 539 386 80 37 29 27 1,098 Other commitments (2) (3) 746 275 167 137 110 1,194 2,629 Total commitments $ 3,884 $ 3,152 $ 1,345 $ 1,917 $ 773 $ 5,358 $ 16,429 | Unconditional purchase obligations (1) | 539 | | | 386 | | | 80 | | | 37 | | | 29 | | | 27",Manual approval,Manually accepted from review ledger
AMZN,2014-12-31,2015-01-30,,1434000000.0,,https://www.sec.gov/Archives/edgar/data/1018724/000101872415000006/amzn-20141231x10k.htm,"Year Ended December 31, 2015 2016 2017 2018 2019 Thereafter Total Operating and capital commitments: Debt principal and interest $ 1,842 $ 323 $ 1,322 $ 310 $ 1,272 $ 9,403 $ 14,472 Capital leases, including interest 2,060 1,727 1,030 178 89 98 5,182 Finance lease obligations, including interest 110 112 115 117 119 1,056 1,629 Operating leases 868 791 728 634 549 2,343 5,913 Unconditional purchase obligations (1) 489 435 351 118 38 3 1,434 Other commitments (2) (3) 928 333 160 140 90 845 2,496 Total commitments $ 6,297 $ 3,721 $ 3,706 $ 1,497 $ 2,157 $ 13,748 $ 31,126 Year Ended December 31, 2015 2016 2017 2018 2019 Thereafter Total Operating and capital commitments: Debt principal and interest $ 1,842 $ 323 $ 1,322 $ 310 $ 1,272 $ 9,403 $ 14,472 Capital leases, including interest 2,060 1,727 1,030 178 89 98 5,182 Finance lease obligations, including interest 110 112 115 117 119 1,056 1,629 Operating leases 868 791 728 634 549 2,343 5,913 Unconditional purchase obligations (1) 489 435 351 118 38 3 1,434 Other commitments (2) (3) 928 333 160 140 90 845 2,496 Total commitments $ 6,297 $ 3,721 $ 3,706 $ 1,497 $ 2,157 $ 13,748 $ 31,126 | Unconditional purchase obligations (1) | 489 | |",Manual approval,Manually accepted from review ledger
AMZN,2015-12-31,2016-01-29,,1782000000.0,,https://www.sec.gov/Archives/edgar/data/1018724/000101872416000172/amzn-20151231x10k.htm,"Year Ended December 31, 2016 2017 2018 2019 2020 Thereafter Total Debt principal and interest $ 526 $ 1,322 $ 310 $ 1,272 $ 246 $ 9,157 $ 12,833 Capital lease obligations, including interest 3,128 2,521 1,277 304 139 83 7,452 Finance lease obligations, including interest 166 168 172 176 178 1,530 2,390 Operating leases 1,181 897 800 698 616 2,325 6,517 Unconditional purchase obligations (1) 614 547 399 166 43 13 1,782 Other commitments (2) (3) 851 273 188 132 86 1,112 2,642 Total commitments $ 6,466 $ 5,728 $ 3,146 $ 2,748 $ 1,308 $ 14,220 $ 33,616 Year Ended December 31, 2016 2017 2018 2019 2020 Thereafter Total Debt principal and interest $ 526 $ 1,322 $ 310 $ 1,272 $ 246 $ 9,157 $ 12,833 Capital lease obligations, including interest 3,128 2,521 1,277 304 139 83 7,452 Finance lease obligations, including interest 166 168 172 176 178 1,530 2,390 Operating leases 1,181 897 800 698 616 2,325 6,517 Unconditional purchase obligations (1) 614 547 399 166 43 13 1,782 Other commitments (2) (3) 851 273 188 132 86 1,112 2,642 Total commitments $ 6,466 $ 5,728 $ 3,146 $ 2,748 $ 1,308 $ 14,220 $ 33,616 | Unconditional purchase obligations (1) | 614 | | | 547 | | | 399 | | | 166 | | | 43 | | ",Manual approval,Manually accepted from review ledger
AMZN,2016-12-31,2017-02-10,,1710000000.0,,https://www.sec.gov/Archives/edgar/data/1018724/000101872417000011/amzn-20161231x10k.htm,"Year Ended December 31, 2017 2018 2019 2020 2021 Thereafter Total Debt principal and interest $ 1,343 $ 312 $ 1,551 $ 463 $ 1,246 $ 7,911 $ 12,826 Capital lease obligations, including interest (1) 3,910 3,008 1,662 411 190 225 9,406 Finance lease obligations, including interest (2) 234 244 247 250 252 2,006 3,233 Operating leases 1,317 1,231 1,106 1,030 896 3,930 9,510 Unconditional purchase obligations (3) 655 590 303 96 43 23 1,710 Other commitments (4) (5) 1,025 824 621 493 365 3,071 6,399 Total commitments $ 8,484 $ 6,209 $ 5,490 $ 2,743 $ 2,992 $ 17,166 $ 43,084 Year Ended December 31, 2017 2018 2019 2020 2021 Thereafter Total Debt principal and interest $ 1,343 $ 312 $ 1,551 $ 463 $ 1,246 $ 7,911 $ 12,826 Capital lease obligations, including interest (1) 3,910 3,008 1,662 411 190 225 9,406 Finance lease obligations, including interest (2) 234 244 247 250 252 2,006 3,233 Operating leases 1,317 1,231 1,106 1,030 896 3,930 9,510 Unconditional purchase obligations (3) 655 590 303 96 43 23 1,710 Other commitments (4) (5) 1,025 824 621 493 365 3,071 6,399 Total commitments $ 8,484 $ 6,209 $ 5,490 $ 2,743 $ 2,992 $ 17,166 $ 43,084 | Unconditional purchase obligations (3) | 655 | | |",Manual approval,Manually accepted from review ledger
AMZN,2017-12-31,2018-02-02,,24200000000.0,,https://www.sec.gov/Archives/edgar/data/1018724/000101872418000005/amzn-20171231x10k.htm,"Year Ended December 31, 2018 2019 2020 2021 2022 Thereafter Total Debt principal and interest $ 967 $ 2,234 $ 2,111 $ 1,834 $ 2,050 $ 31,799 $ 40,995 Capital lease obligations, including interest (1) 6,084 4,788 2,590 557 262 530 14,811 Finance lease obligations, including interest (2) 445 460 466 476 472 3,946 6,265 Operating leases 2,427 2,376 2,258 2,039 1,813 11,935 22,848 Unconditional purchase obligations (3) 3,527 3,561 3,195 3,039 2,922 7,956 24,200 Other commitments (4) (5) 1,584 1,016 733 571 438 4,744 9,086 Total commitments $ 15,034 $ 14,435 $ 11,353 $ 8,516 $ 7,957 $ 60,910 $ 118,205 Year Ended December 31, 2018 2019 2020 2021 2022 Thereafter Total Debt principal and interest $ 967 $ 2,234 $ 2,111 $ 1,834 $ 2,050 $ 31,799 $ 40,995 Capital lease obligations, including interest (1) 6,084 4,788 2,590 557 262 530 14,811 Finance lease obligations, including interest (2) 445 460 466 476 472 3,946 6,265 Operating leases 2,427 2,376 2,258 2,039 1,813 11,935 22,848 Unconditional purchase obligations (3) 3,527 3,561 3,195 3,039 2,922 7,956 24,200 Other commitments (4) (5) 1,584 1,016 733 571 438 4,744 9,086 Total commitments $ 15,034 $ 14,435 $ 11,353 $ 8,516 $ 7,957 $ 60,910 $ ",Manual approval,Manually accepted from review ledger
AMZN,2018-12-31,2019-02-01,,22193000000.0,,https://www.sec.gov/Archives/edgar/data/1018724/000101872419000004/amzn-20181231x10k.htm,"Year Ended December 31, 2019 2020 2021 2022 2023 Thereafter Total Debt principal and interest $ 2,277 $ 2,161 $ 1,861 $ 2,078 $ 1,781 $ 30,013 $ 40,171 Capital lease obligations, including interest (1) 7,807 5,742 2,725 704 473 501 17,952 Finance lease obligations, including interest (2) 628 640 652 664 675 5,117 8,376 Operating leases 3,127 3,070 2,775 2,473 2,195 13,026 26,666 Unconditional purchase obligations (3) 3,523 4,103 3,291 3,098 2,974 5,204 22,193 Other commitments (4) (5) 2,618 1,455 1,056 843 808 8,875 15,655 Total commitments $ 19,980 $ 17,171 $ 12,360 $ 9,860 $ 8,906 $ 62,736 $ 131,013 Year Ended December 31, 2019 2020 2021 2022 2023 Thereafter Total Debt principal and interest $ 2,277 $ 2,161 $ 1,861 $ 2,078 $ 1,781 $ 30,013 $ 40,171 Capital lease obligations, including interest (1) 7,807 5,742 2,725 704 473 501 17,952 Finance lease obligations, including interest (2) 628 640 652 664 675 5,117 8,376 Operating leases 3,127 3,070 2,775 2,473 2,195 13,026 26,666 Unconditional purchase obligations (3) 3,523 4,103 3,291 3,098 2,974 5,204 22,193 Other commitments (4) (5) 2,618 1,455 1,056 843 808 8,875 15,655 Total commitments $ 19,980 $ 17,171 $ 12,360 $ 9,860 $ 8,906 $",Manual approval,Manually accepted from review ledger
AMZN,2019-12-31,2020-01-31,,19988000000.0,,https://www.sec.gov/Archives/edgar/data/1018724/000101872420000004/amzn-20191231x10k.htm,"Year Ended December 31, 2020 2021 2022 2023 2024 Thereafter Total Debt principal and interest $ 2,202 $ 2,009 $ 2,603 $ 2,273 $ 4,084 $ 26,019 $ 39,190 Operating lease liabilities 3,757 3,630 3,226 2,900 2,605 15,845 31,963 Finance lease liabilities, including interest 9,878 7,655 4,060 1,332 989 4,961 28,875 Financing obligations, including interest 142 146 148 150 152 2,452 3,190 Unconditional purchase obligations (1) 4,593 3,641 3,293 3,103 3,000 2,358 19,988 Other commitments (2)(3) 3,837 2,274 1,770 1,439 1,389 12,186 22,895 Total commitments $ 24,409 $ 19,355 $ 15,100 $ 11,197 $ 12,219 $ 63,821 $ 146,101 Year Ended December 31, 2020 2021 2022 2023 2024 Thereafter Total Debt principal and interest $ 2,202 $ 2,009 $ 2,603 $ 2,273 $ 4,084 $ 26,019 $ 39,190 Operating lease liabilities 3,757 3,630 3,226 2,900 2,605 15,845 31,963 Finance lease liabilities, including interest 9,878 7,655 4,060 1,332 989 4,961 28,875 Financing obligations, including interest 142 146 148 150 152 2,452 3,190 Unconditional purchase obligations (1) 4,593 3,641 3,293 3,103 3,000 2,358 19,988 Other commitments (2)(3) 3,837 2,274 1,770 1,439 1,389 12,186 22,895 Total commitments $ 24,409 $ 19,355 $ 15,100 $",Manual approval,Manually accepted from review ledger
AMZN,2020-12-31,2021-02-03,28869000000.0,16486000000.0,,https://www.sec.gov/Archives/edgar/data/1018724/000101872421000004/amzn-20201231.htm,"The following summarizes our principal contractual commitments, excluding open orders for purchases that support normal operations and are generally cancellable, as of December 31, 2020 (in millions): Year Ended December 31, 2021 2022 2023 2024 2025 Thereafter Total Long-term debt principal and interest $ 2,187 $ 2,622 $ 3,219 $ 4,272 $ 3,058 $ 35,680 $ 51,038 Operating lease liabilities 5,600 5,184 4,743 4,356 3,951 22,330 46,164 Finance lease liabilities, including interest 10,778 7,246 3,456 1,389 1,035 6,533 30,437 Financing obligations, including interest 227 230 233 237 240 3,751 4,918 Leases not yet commenced 1,010 1,738 1,876 1,973 1,951 20,321 28,869 Unconditional purchase obligations (1) 3,869 3,760 3,367 3,141 2,213 136 16,486 Other commitments (2)(3) 3,671 2,386 945 783 661 8,351 16,797 Total commitments $ 27,342 $ 23,166 $ 17,839 $ 16,151 $ 13,109 $ 97,102 $ 194,709 | Unconditional purchase obligations (1) | 3,869 | | | 3,760 | | | 3,367 | | | 3,141 | | | 2,213 | | | 136 | | | 16,486 | || The following summarizes our principal contractual commitments, excluding open orders for purchases that support normal operations and are generally cancellable, as of December 31, 2020 (in millions): Year Ended December 31, 2021 2022 2023 2024 2025 Thereafter Total Long-term debt principal and interest $ 2,187 $ 2,622 $ 3,219 $ 4,272 $ 3,058 $ 35,680 $ 51,038 Operating lease liabilities 5,600 5,184 4,743 4,356 3,951 22,330 46,164 Finance lease liabilities, including interest 10,778 7,246 3,456 1,389 1,035 6,533 30,437 Financing obligations, including interest 227 230 233 237 240 3,751 4,918 Leases not yet commenced 1,010 1,738 1,876 1,973 1,951 20,321 28,869 Unconditional purchase obligations (1) 3,869 3,760 3,367 3,141 2,213 136 16,486 Other commitments (2)(3) 3,671 2,386 945 783 661 8,351 16,797 Total commitments $ 27,342 $ 23,166 $ 17,839 $ 16,151 $ 13,109 $ 97,102 $ 194,709 | Leases not yet commenced | 1,010 | | | 1,738 | | | 1,876 | | | 1,973 | | | 1,951 | | | 20,321 | | | 28,869 |",Manual approval,Manually accepted from review ledger
AMZN,2021-12-31,2022-02-04,31155000000.0,34902000000.0,,https://www.sec.gov/Archives/edgar/data/1018724/000101872422000005/amzn-20211231.htm,"The following summarizes our principal contractual commitments, excluding open orders for purchases that support normal operations and are generally cancellable, as of December 31, 2021 (in millions): Year Ended December 31, 2022 2023 2024 2025 2026 Thereafter Total Long-term debt principal and interest $ 2,841 $ 4,852 $ 7,014 $ 3,400 $ 3,829 $ 52,784 $ 74,720 Operating lease liabilities 7,838 7,178 6,649 6,128 5,574 32,902 66,269 Finance lease liabilities, including interest 8,278 4,772 2,278 1,355 1,220 7,963 25,866 Financing obligations, including interest (1) 423 422 419 410 417 6,404 8,495 Leases not yet commenced 1,206 1,902 2,094 2,145 2,237 21,571 31,155 Unconditional purchase obligations (2) 5,969 5,910 5,158 4,213 4,159 9,493 34,902 Other commitments (3)(4) 2,905 1,620 1,290 1,006 1,137 11,325 19,283 Total commitments $ 29,460 $ 26,656 $ 24,902 $ 18,657 $ 18,573 $ 142,442 $ 260,690 | Unconditional purchase obligations (2) | 5,969 | | | 5,910 | | | 5,158 | | | 4,213 | | | 4,159 | | | 9,493 | | | 34,902 | || The following summarizes our principal contractual commitments, excluding open orders for purchases that support normal operations and are generally cancellable, as of December 31, 2021 (in millions): Year Ended December 31, 2022 2023 2024 2025 2026 Thereafter Total Long-term debt principal and interest $ 2,841 $ 4,852 $ 7,014 $ 3,400 $ 3,829 $ 52,784 $ 74,720 Operating lease liabilities 7,838 7,178 6,649 6,128 5,574 32,902 66,269 Finance lease liabilities, including interest 8,278 4,772 2,278 1,355 1,220 7,963 25,866 Financing obligations, including interest (1) 423 422 419 410 417 6,404 8,495 Leases not yet commenced 1,206 1,902 2,094 2,145 2,237 21,571 31,155 Unconditional purchase obligations (2) 5,969 5,910 5,158 4,213 4,159 9,493 34,902 Other commitments (3)(4) 2,905 1,620 1,290 1,006 1,137 11,325 19,283 Total commitments $ 29,460 $ 26,656 $ 24,902 $ 18,657 $ 18,573 $ 142,442 $ 260,690 | Leases not yet commenced | 1,206 | | | 1,902 | | | 2,094 | | | 2,145 | | | 2,237 | | | 21,571 | | | 31,155 |",Manual approval,Manually accepted from review ledger
AMZN,2022-12-31,2023-02-03,27029000000.0,34776000000.0,,https://www.sec.gov/Archives/edgar/data/1018724/000101872423000004/amzn-20221231.htm,"The following summarizes our principal contractual commitments, excluding open orders for purchases that support normal operations and are generally cancellable, as of December 31, 2022 (in millions): Year Ended December 31, 2023 2024 2025 2026 2027 Thereafter Total Long-term debt principal and interest $ 5,165 $ 10,618 $ 7,146 $ 5,253 $ 10,399 $ 63,815 $ 102,396 Operating lease liabilities 9,574 8,658 8,024 7,393 6,675 40,949 81,273 Finance lease liabilities, including interest 4,575 2,248 1,422 1,279 1,088 7,407 18,019 Financing obligations, including interest (1) 465 464 456 464 471 6,712 9,032 Leases not yet commenced 1,252 2,043 2,185 2,160 2,152 17,237 27,029 Unconditional purchase obligations (2) 8,156 7,217 5,366 4,525 3,419 6,093 34,776 Other commitments (3)(4) 3,173 1,608 1,027 982 622 8,652 16,064 Total commitments $ 32,360 $ 32,856 $ 25,626 $ 22,056 $ 24,826 $ 150,865 $ 288,589 | Unconditional purchase obligations (2) | 8,156 | | | 7,217 | | | 5,366 | | | 4,525 | | | 3,419 | | | 6,093 | | | 34,776 | || The following summarizes our principal contractual commitments, excluding open orders for purchases that support normal operations and are generally cancellable, as of December 31, 2022 (in millions): Year Ended December 31, 2023 2024 2025 2026 2027 Thereafter Total Long-term debt principal and interest $ 5,165 $ 10,618 $ 7,146 $ 5,253 $ 10,399 $ 63,815 $ 102,396 Operating lease liabilities 9,574 8,658 8,024 7,393 6,675 40,949 81,273 Finance lease liabilities, including interest 4,575 2,248 1,422 1,279 1,088 7,407 18,019 Financing obligations, including interest (1) 465 464 456 464 471 6,712 9,032 Leases not yet commenced 1,252 2,043 2,185 2,160 2,152 17,237 27,029 Unconditional purchase obligations (2) 8,156 7,217 5,366 4,525 3,419 6,093 34,776 Other commitments (3)(4) 3,173 1,608 1,027 982 622 8,652 16,064 Total commitments $ 32,360 $ 32,856 $ 25,626 $ 22,056 $ 24,826 $ 150,865 $ 288,589 | Leases not yet commenced | 1,252 | | | 2,043 | | | 2,185 | | | 2,160 | | | 2,152 | | | 17,237 | | | 27,029 |",Manual approval,Manually accepted from review ledger
AMZN,2023-12-31,2024-02-02,38181000000.0,35484000000.0,,https://www.sec.gov/Archives/edgar/data/1018724/000101872424000008/amzn-20231231.htm,"The following summarizes our principal contractual commitments, excluding open orders for purchases that support normal operations and are generally cancellable, as of December 31, 2023 (in millions): Year Ended December 31, 2024 2025 2026 2027 2028 Thereafter Total Long-term debt principal and interest $ 10,616 $ 7,175 $ 4,858 $ 10,404 $ 3,643 $ 60,176 $ 96,872 Operating lease liabilities 11,229 9,922 9,156 8,321 7,546 44,603 90,777 Finance lease liabilities, including interest 2,292 1,471 1,369 1,123 1,022 6,829 14,106 Financing obligations, including interest (1) 469 462 468 476 484 6,282 8,641 Leases not yet commenced 2,034 2,620 2,836 2,852 2,979 24,860 38,181 Unconditional purchase obligations (2) 9,432 7,823 5,901 4,463 1,912 5,953 35,484 Other commitments (3) 3,273 1,390 1,125 759 680 9,121 16,348 Total commitments $ 39,345 $ 30,863 $ 25,713 $ 28,398 $ 18,266 $ 157,824 $ 300,409 | Unconditional purchase obligations (2) | 9,432 | | | 7,823 | | | 5,901 | | | 4,463 | | | 1,912 | | | 5,953 | | | 35,484 | || The following summarizes our principal contractual commitments, excluding open orders for purchases that support normal operations and are generally cancellable, as of December 31, 2023 (in millions): Year Ended December 31, 2024 2025 2026 2027 2028 Thereafter Total Long-term debt principal and interest $ 10,616 $ 7,175 $ 4,858 $ 10,404 $ 3,643 $ 60,176 $ 96,872 Operating lease liabilities 11,229 9,922 9,156 8,321 7,546 44,603 90,777 Finance lease liabilities, including interest 2,292 1,471 1,369 1,123 1,022 6,829 14,106 Financing obligations, including interest (1) 469 462 468 476 484 6,282 8,641 Leases not yet commenced 2,034 2,620 2,836 2,852 2,979 24,860 38,181 Unconditional purchase obligations (2) 9,432 7,823 5,901 4,463 1,912 5,953 35,484 Other commitments (3) 3,273 1,390 1,125 759 680 9,121 16,348 Total commitments $ 39,345 $ 30,863 $ 25,713 $ 28,398 $ 18,266 $ 157,824 $ 300,409 | Leases not yet commenced | 2,034 | | | 2,620 | | | 2,836 | | | 2,852 | | | 2,979 | | | 24,860 | | | 38,181 |",Manual approval,Manually accepted from review ledger
AMZN,2024-12-31,2025-02-07,61627000000.0,50375000000.0,,https://www.sec.gov/Archives/edgar/data/1018724/000101872425000004/amzn-20241231.htm,"The following summarizes our principal contractual commitments, excluding open orders for purchases that support normal operations and are generally cancellable, as of December 31, 2024 (in millions): Year Ended December 31, 2025 2026 2027 2028 2029 Thereafter Total Long-term debt principal and interest $ 6,858 $ 4,458 $ 10,404 $ 3,644 $ 4,344 $ 55,831 $ 85,539 Operating lease liabilities 12,002 11,023 10,087 9,205 8,534 44,443 95,294 Finance lease liabilities, including interest 1,491 1,495 1,317 1,114 1,022 6,081 12,520 Financing obligations, including interest (1) 511 515 523 531 540 6,397 9,017 Leases not yet commenced 2,695 3,691 5,011 4,253 4,286 41,691 61,627 Unconditional purchase obligations (2) 8,536 7,941 5,413 4,321 3,868 20,296 50,375 Other commitments (3) 2,739 1,470 1,016 923 1,025 11,456 18,629 Total commitments $ 34,832 $ 30,593 $ 33,771 $ 23,991 $ 23,619 $ 186,195 $ 333,001 | Unconditional purchase obligations (2) | 8,536 | | | 7,941 | | | 5,413 | | | 4,321 | | | 3,868 | | | 20,296 | | | 50,375 | || The following summarizes our principal contractual commitments, excluding open orders for purchases that support normal operations and are generally cancellable, as of December 31, 2024 (in millions): Year Ended December 31, 2025 2026 2027 2028 2029 Thereafter Total Long-term debt principal and interest $ 6,858 $ 4,458 $ 10,404 $ 3,644 $ 4,344 $ 55,831 $ 85,539 Operating lease liabilities 12,002 11,023 10,087 9,205 8,534 44,443 95,294 Finance lease liabilities, including interest 1,491 1,495 1,317 1,114 1,022 6,081 12,520 Financing obligations, including interest (1) 511 515 523 531 540 6,397 9,017 Leases not yet commenced 2,695 3,691 5,011 4,253 4,286 41,691 61,627 Unconditional purchase obligations (2) 8,536 7,941 5,413 4,321 3,868 20,296 50,375 Other commitments (3) 2,739 1,470 1,016 923 1,025 11,456 18,629 Total commitments $ 34,832 $ 30,593 $ 33,771 $ 23,991 $ 23,619 $ 186,195 $ 333,001 | Leases not yet commenced | 2,695 | | | 3,691 | | | 5,011 | | | 4,253 | | | 4,286 | | | 41,691 | | | 61,627 |",Manual approval,Manually accepted from review ledger
AMZN,2025-03-31,2025-05-02,67201000000.0,65368000000.0,,https://www.sec.gov/Archives/edgar/data/1018724/000101872425000036/amzn-20250331.htm,"The following summarizes our principal contractual commitments, excluding open orders for purchases that support normal operations and are generally cancellable, as of March 31, 2025 (in millions): Nine Months Ended December 31, Year Ended December 31, 2025 2026 2027 2028 2029 Thereafter Total Long-term debt principal and interest $ 6,630 $ 4,501 $ 10,446 $ 3,686 $ 4,387 $ 57,817 $ 87,467 Operating lease liabilities 10,058 11,817 10,808 9,815 9,070 46,025 97,593 Finance lease liabilities, including interest 1,183 1,468 1,301 1,137 1,028 6,135 12,252 Financing obligations, including interest (1) 345 519 527 536 544 6,440 8,911 Leases not yet commenced 2,116 4,017 5,142 4,591 4,628 46,707 67,201 Unconditional purchase obligations (2) 8,091 9,943 7,476 5,919 5,635 28,304 65,368 Other commitments (3) 2,477 1,678 1,066 950 830 11,523 18,524 Total commitments $ 30,900 $ 33,943 $ 36,766 $ 26,634 $ 26,122 $ 202,951 $ 357,316 | Unconditional purchase obligations (2) | 8,091 | | | 9,943 | | | 7,476 | | | 5,919 | | | 5,635 | | | 28,304 | | | 65,368 | || The following summarizes our principal contractual commitments, excluding open orders for purchases that support normal operations and are generally cancellable, as of March 31, 2025 (in millions): Nine Months Ended December 31, Year Ended December 31, 2025 2026 2027 2028 2029 Thereafter Total Long-term debt principal and interest $ 6,630 $ 4,501 $ 10,446 $ 3,686 $ 4,387 $ 57,817 $ 87,467 Operating lease liabilities 10,058 11,817 10,808 9,815 9,070 46,025 97,593 Finance lease liabilities, including interest 1,183 1,468 1,301 1,137 1,028 6,135 12,252 Financing obligations, including interest (1) 345 519 527 536 544 6,440 8,911 Leases not yet commenced 2,116 4,017 5,142 4,591 4,628 46,707 67,201 Unconditional purchase obligations (2) 8,091 9,943 7,476 5,919 5,635 28,304 65,368 Other commitments (3) 2,477 1,678 1,066 950 830 11,523 18,524 Total commitments $ 30,900 $ 33,943 $ 36,766 $ 26,634 $ 26,122 $ 202,951 $ 357,316 | Leases not yet commenced | 2,116 | | | 4,017 | | | 5,142 | | | 4,591 | | | 4,628 | | | 46,707 | | | 67,201 |",Manual approval,Manually accepted from review ledger
AMZN,2025-06-30,2025-08-01,68884000000.0,71018000000.0,,https://www.sec.gov/Archives/edgar/data/1018724/000101872425000086/amzn-20250630.htm,"The following summarizes our principal contractual commitments, excluding open orders for purchases that support normal operations and are generally cancellable, as of June 30, 2025 (in millions): Six Months Ended December 31, Year Ended December 31, 2025 2026 2027 2028 2029 Thereafter Total Long-term debt principal and interest $ 3,166 $ 4,506 $ 10,546 $ 3,686 $ 4,387 $ 57,812 $ 84,103 Operating lease liabilities 7,529 12,741 11,683 10,563 9,735 49,255 101,506 Finance lease liabilities, including interest 838 1,569 1,410 1,267 1,121 7,119 13,324 Financing obligations, including interest (1) 224 529 537 546 554 6,529 8,919 Leases not yet commenced 1,558 4,310 5,047 4,776 4,646 48,547 68,884 Unconditional purchase obligations (2) 8,175 12,621 8,158 6,355 5,756 29,953 71,018 Other commitments (3) 1,841 1,936 1,157 1,002 975 11,810 18,721 Total commitments $ 23,331 $ 38,212 $ 38,538 $ 28,195 $ 27,174 $ 211,025 $ 366,475 | Unconditional purchase obligations (2) | 8,175 | | | 12,621 | | | 8,158 | | | 6,355 | | | 5,756 | | | 29,953 | | | 71,018 | || The following summarizes our principal contractual commitments, excluding open orders for purchases that support normal operations and are generally cancellable, as of June 30, 2025 (in millions): Six Months Ended December 31, Year Ended December 31, 2025 2026 2027 2028 2029 Thereafter Total Long-term debt principal and interest $ 3,166 $ 4,506 $ 10,546 $ 3,686 $ 4,387 $ 57,812 $ 84,103 Operating lease liabilities 7,529 12,741 11,683 10,563 9,735 49,255 101,506 Finance lease liabilities, including interest 838 1,569 1,410 1,267 1,121 7,119 13,324 Financing obligations, including interest (1) 224 529 537 546 554 6,529 8,919 Leases not yet commenced 1,558 4,310 5,047 4,776 4,646 48,547 68,884 Unconditional purchase obligations (2) 8,175 12,621 8,158 6,355 5,756 29,953 71,018 Other commitments (3) 1,841 1,936 1,157 1,002 975 11,810 18,721 Total commitments $ 23,331 $ 38,212 $ 38,538 $ 28,195 $ 27,174 $ 211,025 $ 366,475 | Leases not yet commenced | 1,558 | | | 4,310 | | | 5,047 | | | 4,776 | | | 4,646 | | | 48,547 | | | 68,884 |",Manual approval,Manually accepted from review ledger
AMZN,2025-09-30,2025-10-31,75021000000.0,72933000000.0,,https://www.sec.gov/Archives/edgar/data/1018724/000101872425000123/amzn-20250930.htm,"The following summarizes our principal contractual commitments, excluding open orders for purchases that support normal operations and are generally cancellable, as of September 30, 2025 (in millions): Three Months Ended December 31, Year Ended December 31, 2025 2026 2027 2028 2029 Thereafter Total Long-term debt principal and interest $ 1,914 $ 4,518 $ 10,548 $ 3,688 $ 4,388 $ 57,813 $ 82,869 Operating lease liabilities 4,347 13,414 12,434 11,312 10,207 51,311 103,025 Finance lease liabilities, including interest 458 1,665 1,524 1,521 1,187 7,697 14,052 Financing obligations, including interest (1) 91 532 540 548 557 6,556 8,824 Leases not yet commenced 996 4,856 5,868 5,089 4,995 53,217 75,021 Unconditional purchase obligations (2) 5,897 14,864 8,697 6,288 5,722 31,465 72,933 Other commitments (3) 1,259 2,292 1,330 1,079 1,005 12,313 19,278 Total commitments $ 14,962 $ 42,141 $ 40,941 $ 29,525 $ 28,061 $ 220,372 $ 376,002 | Unconditional purchase obligations (2) | 5,897 | | | 14,864 | | | 8,697 | | | 6,288 | | | 5,722 | | | 31,465 | | | 72,933 | || The following summarizes our principal contractual commitments, excluding open orders for purchases that support normal operations and are generally cancellable, as of September 30, 2025 (in millions): Three Months Ended December 31, Year Ended December 31, 2025 2026 2027 2028 2029 Thereafter Total Long-term debt principal and interest $ 1,914 $ 4,518 $ 10,548 $ 3,688 $ 4,388 $ 57,813 $ 82,869 Operating lease liabilities 4,347 13,414 12,434 11,312 10,207 51,311 103,025 Finance lease liabilities, including interest 458 1,665 1,524 1,521 1,187 7,697 14,052 Financing obligations, including interest (1) 91 532 540 548 557 6,556 8,824 Leases not yet commenced 996 4,856 5,868 5,089 4,995 53,217 75,021 Unconditional purchase obligations (2) 5,897 14,864 8,697 6,288 5,722 31,465 72,933 Other commitments (3) 1,259 2,292 1,330 1,079 1,005 12,313 19,278 Total commitments $ 14,962 $ 42,141 $ 40,941 $ 29,525 $ 28,061 $ 220,372 $ 376,002 | Leases not yet commenced | 996 | | | 4,856 | | | 5,868 | | | 5,089 | | | 4,995 | | | 53,217 | | | 75,021 |",Manual approval,Manually accepted from review ledger
AMZN,2025-12-31,2026-02-06,96373000000.0,84772000000.0,,https://www.sec.gov/Archives/edgar/data/1018724/000101872426000004/amzn-20251231.htm,"The following summarizes our principal contractual commitments, excluding open orders for purchases that support normal operations and are generally cancellable, as of December 31, 2025 (in millions): Year Ended December 31, 2026 2027 2028 2029 2030 Thereafter Total Long-term debt principal and interest $ 5,201 $ 11,250 $ 6,891 $ 4,993 $ 6,381 $ 73,486 $ 108,202 Operating lease liabilities 15,380 13,186 12,140 10,911 9,710 45,587 106,914 Finance lease liabilities, including interest 1,838 1,626 1,726 1,285 1,122 7,320 14,917 Financing obligations, including interest (1) 577 582 592 601 612 6,651 9,615 Leases not yet commenced 5,808 9,103 6,420 6,571 6,738 61,733 96,373 Unconditional purchase obligations (2) 19,906 8,934 7,195 6,658 6,602 35,477 84,772 Other commitments (3) 2,956 1,578 1,120 1,000 988 11,226 18,868 Total commitments $ 51,666 $ 46,259 $ 36,084 $ 32,019 $ 32,153 $ 241,480 $ 439,661 | Unconditional purchase obligations (2) | 19,906 | | | 8,934 | | | 7,195 | | | 6,658 | | | 6,602 | | | 35,477 | | | 84,772 | || The following summarizes our principal contractual commitments, excluding open orders for purchases that support normal operations and are generally cancellable, as of December 31, 2025 (in millions): Year Ended December 31, 2026 2027 2028 2029 2030 Thereafter Total Long-term debt principal and interest $ 5,201 $ 11,250 $ 6,891 $ 4,993 $ 6,381 $ 73,486 $ 108,202 Operating lease liabilities 15,380 13,186 12,140 10,911 9,710 45,587 106,914 Finance lease liabilities, including interest 1,838 1,626 1,726 1,285 1,122 7,320 14,917 Financing obligations, including interest (1) 577 582 592 601 612 6,651 9,615 Leases not yet commenced 5,808 9,103 6,420 6,571 6,738 61,733 96,373 Unconditional purchase obligations (2) 19,906 8,934 7,195 6,658 6,602 35,477 84,772 Other commitments (3) 2,956 1,578 1,120 1,000 988 11,226 18,868 Total commitments $ 51,666 $ 46,259 $ 36,084 $ 32,019 $ 32,153 $ 241,480 $ 439,661 | Leases not yet commenced | 5,808 | | | 9,103 | | | 6,420 | | | 6,571 | | | 6,738 | | | 61,733 | | | 96,373 |",Manual approval,Manually accepted from review ledger
AMZN,2026-03-31,2026-04-30,106347000000.0,103768000000.0,,https://www.sec.gov/Archives/edgar/data/1018724/000101872426000014/amzn-20260331.htm,"The following summarizes our principal contractual commitments, excluding open orders for purchases that support normal operations and are generally cancellable, as of March 31, 2026 (in millions): Nine Months Ended December 31, Year Ended December 31, 2026 2027 2028 2029 2030 Thereafter Total Long-term debt principal and interest $ 5,937 $ 13,583 $ 16,657 $ 11,076 $ 10,710 $ 145,575 $ 203,538 Operating lease liabilities 11,746 13,867 12,934 11,597 10,369 49,622 110,135 Finance lease liabilities, including interest 1,488 1,742 1,848 1,413 1,238 8,767 16,496 Financing obligations, including interest (1) 432 627 638 648 660 7,178 10,183 Leases not yet commenced 5,135 9,617 7,215 7,296 7,292 69,792 106,347 Unconditional purchase obligations (2) 19,143 15,825 8,482 7,327 7,330 45,661 103,768 Other commitments (3) 2,608 1,804 1,171 998 967 11,265 18,813 Total commitments $ 46,489 $ 57,065 $ 48,945 $ 40,355 $ 38,566 $ 337,860 $ 569,280 | Unconditional purchase obligations (2) | 19,143 | | | 15,825 | | | 8,482 | | | 7,327 | | | 7,330 | | | 45,661 | | | 103,768 | || The following summarizes our principal contractual commitments, excluding open orders for purchases that support normal operations and are generally cancellable, as of March 31, 2026 (in millions): Nine Months Ended December 31, Year Ended December 31, 2026 2027 2028 2029 2030 Thereafter Total Long-term debt principal and interest $ 5,937 $ 13,583 $ 16,657 $ 11,076 $ 10,710 $ 145,575 $ 203,538 Operating lease liabilities 11,746 13,867 12,934 11,597 10,369 49,622 110,135 Finance lease liabilities, including interest 1,488 1,742 1,848 1,413 1,238 8,767 16,496 Financing obligations, including interest (1) 432 627 638 648 660 7,178 10,183 Leases not yet commenced 5,135 9,617 7,215 7,296 7,292 69,792 106,347 Unconditional purchase obligations (2) 19,143 15,825 8,482 7,327 7,330 45,661 103,768 Other commitments (3) 2,608 1,804 1,171 998 967 11,265 18,813 Total commitments $ 46,489 $ 57,065 $ 48,945 $ 40,355 $ 38,566 $ 337,860 $ 569,280 | Leases not yet commenced | 5,135 | | | 9,617 | | | 7,215 | | | 7,296 | | | 7,292 | | | 69,792 | | | 106,347 |",Manual approval,Manually accepted from review ledger
ANET,2014-12-31,2015-05-15,,,4000000.0,https://www.sec.gov/Archives/edgar/data/1596532/000159653215000011/anet20141231-10ka.htm,"We maintain continued involvement in the property after construction was completed and lack transferability of the risks and rewards of ownership, primarily due to our required maintenance of a $4.0 million letter of credit.",High,Auto-accepted; filing review recommended
ANET,2015-12-31,2016-02-25,,43902000.0,,https://www.sec.gov/Archives/edgar/data/1596532/000159653216000244/anet20151231-10k.htm,"The following summarizes our contractual obligations and commitments as of December 31, 2015 (in thousands): Payments Due by Period Total Less than 1 Year 1 to 3 Years 3 to 5 Years More than 5 Years Financing lease obligation (1) $ 49,380 $ 5,754 $ 12,047 $ 12,769 $ 18,810 Operating lease obligations 52,083 6,307 12,937 11,389 21,450 Non-cancelable purchase obligations 43,902 43,902 — — Total $ 145,365 $ 55,963 $ 24,984 $ 24,158 $ 40,260 Payments Due by Period Total Less than 1 Year 1 to 3 Years 3 to 5 Years More than 5 Years Financing lease obligation (1) $ 49,380 $ 5,754 $ 12,047 $ 12,769 $ 18,810 Operating lease obligations 52,083 6,307 12,937 11,389 21,450 Non-cancelable purchase obligations 43,902 43,902 — — Total $ 145,365 $ 55,963 $ 24,984 $ 24,158 $ 40,260 | Non-cancelable purchase obligations | | 43,902 | | | 43,902 | | | — | | | — | | |",Manual approval,Manually accepted from review ledger
ANET,2016-12-31,2017-02-17,,261868000.0,,https://www.sec.gov/Archives/edgar/data/1596532/000159653217000019/anet20161231-10k.htm,"The following summarizes our contractual obligations and commitments as of December 31, 2016 (in thousands): Payments Due by Period Total Less than 1 Year 1 to 3 Years 3 to 5 Years More than 5 Years Financing lease obligation (1) $ 43,626 $ 5,933 $ 12,406 $ 13,151 $ 12,136 Operating lease obligations 50,131 7,867 14,262 12,256 15,746 Non-cancelable purchase obligations 261,868 261,868 — — Total $ 355,625 $ 275,668 $ 26,668 $ 25,407 $ 27,882 Payments Due by Period Total Less than 1 Year 1 to 3 Years 3 to 5 Years More than 5 Years Financing lease obligation (1) $ 43,626 $ 5,933 $ 12,406 $ 13,151 $ 12,136 Operating lease obligations 50,131 7,867 14,262 12,256 15,746 Non-cancelable purchase obligations 261,868 261,868 — — Total $ 355,625 $ 275,668 $ 26,668 $ 25,407 $ 27,882 | Non-cancelable purchase obligations | | 261,868 | | | 261,868 | | | — | | | — | | |",Manual approval,Manually accepted from review ledger
ANET,2017-12-31,2018-02-20,,195104000.0,,https://www.sec.gov/Archives/edgar/data/1596532/000159653218000018/anet20171231-10k.htm,"Payments Due by Period Total Less than 1 Year 1 to 3 Years 3 to 5 Years More than 5 Years Financing lease obligation (1) $ 37,692 $ 6,113 $ 12,770 $ 13,545 $ 5,264 Operating lease obligations 51,004 9,127 16,686 15,318 9,873 Purchase commitments with contract manufacturers and suppliers 147,854 147,854 — — — Other non-cancellable purchase obligations 47,250 47,250 — — Total $ 283,800 $ 210,344 $ 29,456 $ 28,863 $ 15,137 Payments Due by Period Total Less than 1 Year 1 to 3 Years 3 to 5 Years More than 5 Years Financing lease obligation (1) $ 37,692 $ 6,113 $ 12,770 $ 13,545 $ 5,264 Operating lease obligations 51,004 9,127 16,686 15,318 9,873 Purchase commitments with contract manufacturers and suppliers 147,854 147,854 — — — Other non-cancellable purchase obligations 47,250 47,250 — — Total $ 283,800 $ 210,344 $ 29,456 $ 28,863 $ 15,137 | Purchase commitments with contract manufacturers and suppliers | | 147,854 | | | 147,854 | | | — | | | — | | | — | || Payments Due by Period Total Less than 1 Year 1 to 3 Years 3 to 5 Years More than 5 Years Financing lease obligation (1) $ 37,692 $ 6,113 $ 12,770 $ 13,545 $ 5,264 Operating lease obligations 51,004 9,127 16,686 15,318 9,873 Purchase commitments with contract manufacturers and suppliers 147,854 147,854 — — — Other non-cancellable purchase obligations 47,250 47,250 — — Total $ 283,800 $ 210,344 $ 29,456 $ 28,863 $ 15,137 Payments Due by Period Total Less than 1 Year 1 to 3 Years 3 to 5 Years More than 5 Years Financing lease obligation (1) $ 37,692 $ 6,113 $ 12,770 $ 13,545 $ 5,264 Operating lease obligations 51,004 9,127 16,686 15,318 9,873 Purchase commitments with contract manufacturers and suppliers 147,854 147,854 — — — Other non-cancellable purchase obligations 47,250 47,250 — — Total $ 283,800 $ 210,344 $ 29,456 $ 28,863 $ 15,137 | Other non-cancellable purchase obligations | | 47,250 | | | 47,250 | | | — | | | — | | |",Manual approval,Manually accepted from review ledger
ANET,2018-12-31,2019-02-15,,389222000.0,,https://www.sec.gov/Archives/edgar/data/1596532/000159653219000027/anet20181231-10k.htm,"Payments Due by Period Total Less than 1 Year 1 to 3 Years 3 to 5 Years More than 5 Years Financing lease obligation (1) $ 31,649 $ 6,321 $ 13,192 $ 12,136 $ — Operating lease obligations 103,351 12,789 28,077 26,616 35,869 Purchase commitments with contract manufacturers and suppliers 345,968 345,968 — — — Other non-cancellable purchase obligations 43,254 43,254 — — Total $ 524,222 $ 408,332 $ 41,269 $ 38,752 $ 35,869 ___________________ (1) Includes interest and land lease. Payments Due by Period Total Less than 1 Year 1 to 3 Years 3 to 5 Years More than 5 Years Financing lease obligation (1) $ 31,649 $ 6,321 $ 13,192 $ 12,136 $ — Operating lease obligations 103,351 12,789 28,077 26,616 35,869 Purchase commitments with contract manufacturers and suppliers 345,968 345,968 — — — Other non-cancellable purchase obligations 43,254 43,254 — — Total $ 524,222 $ 408,332 $ 41,269 $ 38,752 $ 35,869 ___________________ (1) Includes interest and land lease. | Purchase commitments with contract manufacturers and suppliers | | 345,968 | | | 345,968 | | | — | | | — | | | — | || Payments Due by Period Total Less than 1 Year 1 to 3 Years 3 to 5 Years More than 5 Years Financing lease obligation (1) $ 31,649 $ 6,321 $ 13,192 $ 12,136 $ — Operating lease obligations 103,351 12,789 28,077 26,616 35,869 Purchase commitments with contract manufacturers and suppliers 345,968 345,968 — — — Other non-cancellable purchase obligations 43,254 43,254 — — Total $ 524,222 $ 408,332 $ 41,269 $ 38,752 $ 35,869 ___________________ (1) Includes interest and land lease. Payments Due by Period Total Less than 1 Year 1 to 3 Years 3 to 5 Years More than 5 Years Financing lease obligation (1) $ 31,649 $ 6,321 $ 13,192 $ 12,136 $ — Operating lease obligations 103,351 12,789 28,077 26,616 35,869 Purchase commitments with contract manufacturers and suppliers 345,968 345,968 — — — Other non-cancellable purchase obligations 43,254 43,254 — — Total $ 524,222 $ 408,332 $ 41,269 $ 38,752 $ 35,869 ___________________ (1) Includes interest and land lease. | Other non-cancellable purchase obligations | | 43,254 | | | 43,254 | | | — | | | — | | |",Manual approval,Manually accepted from review ledger
ANET,2019-12-31,2020-02-14,,294685000.0,,https://www.sec.gov/Archives/edgar/data/1596532/000159653220000024/anet20191231-10k.htm,"(in thousands): Payments Due by Period Total Less than 1 Year 1 to 3 Years 3 to 5 Years More than 5 Years Operating lease obligations 117,065 20,563 42,794 27,488 26,220 Purchase commitments with contract manufacturers and suppliers 279,203 279,203 — — — Other non-cancellable purchase obligations 15,482 15,482 — — Transition tax payable 5,967 — — 2,025 3,942 Total $ 417,717 $ 315,248 $ 42,794 $ 29,513 $ 30,162 Payments Due by Period Total Less than 1 Year 1 to 3 Years 3 to 5 Years More than 5 Years Operating lease obligations 117,065 20,563 42,794 27,488 26,220 Purchase commitments with contract manufacturers and suppliers 279,203 279,203 — — — Other non-cancellable purchase obligations 15,482 15,482 — — Transition tax payable 5,967 — — 2,025 3,942 Total $ 417,717 $ 315,248 $ 42,794 $ 29,513 $ 30,162 | Purchase commitments with contract manufacturers and suppliers | | 279,203 | | | 279,203 | | | — | | | — | | | — | || (in thousands): Payments Due by Period Total Less than 1 Year 1 to 3 Years 3 to 5 Years More than 5 Years Operating lease obligations 117,065 20,563 42,794 27,488 26,220 Purchase commitments with contract manufacturers and suppliers 279,203 279,203 — — — Other non-cancellable purchase obligations 15,482 15,482 — — Transition tax payable 5,967 — — 2,025 3,942 Total $ 417,717 $ 315,248 $ 42,794 $ 29,513 $ 30,162 Payments Due by Period Total Less than 1 Year 1 to 3 Years 3 to 5 Years More than 5 Years Operating lease obligations 117,065 20,563 42,794 27,488 26,220 Purchase commitments with contract manufacturers and suppliers 279,203 279,203 — — — Other non-cancellable purchase obligations 15,482 15,482 — — Transition tax payable 5,967 — — 2,025 3,942 Total $ 417,717 $ 315,248 $ 42,794 $ 29,513 $ 30,162 | Other non-cancellable purchase obligations | | 15,482 | | | 15,482 | | | — | | | — | | |",Manual approval,Manually accepted from review ledger
ANET,2020-12-31,2021-02-19,,453960000.0,,https://www.sec.gov/Archives/edgar/data/1596532/000159653221000049/anet-20201231.htm,"Our contractual commitments will have an impact on our future liquidity. Our contractual obligations represent material expected or contractually committed future payment obligations. We believe that we will be able to fund these obligations through cash generated from operations and from our existing balances of cash, cash equivalent and marketable securities. The following summarizes our contractual obligations and commitments as of December 31, 2020 (in thousands): The following summarizes our contractual obligations and commitments as of December 31, 2020 (in thousands): Payments Due by Period Total Less than 1 Year 1 to 3 Years 3 to 5 Years More than 5 Years Operating lease obligations 104,258 21,770 41,423 21,139 19,926 Purchase commitments with contract manufacturers and suppliers 421,857 421,857 — — — Other non-cancellable purchase obligations 32,103 32,103 — — Transition tax payable 6,343 — — 6,343 — Total $ 564,561 $ 475,730 $ 41,423 $ 27,482 $ 19,926 | Purchase commitments with contract manufacturers and suppliers | | 421,857 | | | 421,857 | | | — | | | — | | | — | || Our contractual commitments will have an impact on our future liquidity. Our contractual obligations represent material expected or contractually committed future payment obligations. We believe that we will be able to fund these obligations through cash generated from operations and from our existing balances of cash, cash equivalent and marketable securities. The following summarizes our contractual obligations and commitments as of December 31, 2020 (in thousands): The following summarizes our contractual obligations and commitments as of December 31, 2020 (in thousands): Payments Due by Period Total Less than 1 Year 1 to 3 Years 3 to 5 Years More than 5 Years Operating lease obligations 104,258 21,770 41,423 21,139 19,926 Purchase commitments with contract manufacturers and suppliers 421,857 421,857 — — — Other non-cancellable purchase obligations 32,103 32,103 — — Transition tax payable 6,343 — — 6,343 — Total $ 564,561 $ 475,730 $ 41,423 $ 27,482 $ 19,926 | Other non-cancellable purchase obligations | | 32,103 | | | 32,103 | | | — | | | — | | |",Manual approval,Manually accepted from review ledger
ANET,2021-12-31,2022-02-15,,2815100000.0,,https://www.sec.gov/Archives/edgar/data/1596532/000159653222000026/anet-20211231.htm,"As of December 31, 2021, we had non-cancellable purchase commitments of $ 2,540.1 million, with $ 2,318.6 million payable within 12 months and the majority of the remaining $ 221.5 million payable within 2023. || In addition to the purchase obligations outlined above, we also entered into an agreement covering an additional $ 275 million of extended lead time component purchase commitments in support of 2023 forecasted demand, for which purchase orders had not been issued as of December 31, 2021.",High,Auto-accepted; filing review recommended
ANET,2023-12-31,2024-02-13,,1586700000.0,,https://www.sec.gov/Archives/edgar/data/1596532/000159653224000043/anet-20231231.htm,"As of December 31, 2023, we had non-cancellable purchase commitments not recorded on our balance sheet of $ 1,586.7 million, of wh ich $ 1,547.2 million have confirmed receipt dates within 12 months, and $ 39.5 million have confirmed receipt dates greater than 12 months .",High,Auto-accepted; filing review recommended
GOOG,2016-12-31,2017-02-03,,2494000000.0,,https://www.sec.gov/Archives/edgar/data/1652044/000165204417000008/goog10-kq42016.htm,"Payments Due By Period Total Less than 1 year 1-3 years 3-5 years More than 5 years Operating lease obligations, net of sublease income amounts (1) $ 7,937 $ 828 $ 1,801 $ 1,615 $ 3,693 Purchase obligations (2) 2,494 1,907 274 99 214 Long-term debt obligations (3) 4,816 110 220 1,202 3,284 Other long-term liabilities reflected on our balance sheet (4) 2,093 261 601 525 706 Total contractual obligations $ 17,340 $ 3,106 $ 2,896 $ 3,441 $ 7,897 Payments Due By Period Total Less than 1 year 1-3 years 3-5 years More than 5 years Operating lease obligations, net of sublease income amounts (1) $ 7,937 $ 828 $ 1,801 $ 1,615 $ 3,693 Purchase obligations (2) 2,494 1,907 274 99 214 Long-term debt obligations (3) 4,816 110 220 1,202 3,284 Other long-term liabilities reflected on our balance sheet (4) 2,093 261 601 525 706 Total contractual obligations $ 17,340 $ 3,106 $ 2,896 $ 3,441 $ 7,897 | Purchase obligations (2) | 2,494 | | | 1,907 | | | 274 | | | 99 | | | 214 |",Manual approval,Manually accepted from review ledger
GOOG,2017-12-31,2018-02-06,,7154000000.0,,https://www.sec.gov/Archives/edgar/data/1652044/000165204418000007/goog10-kq42017.htm,"Payments Due By Period Total Less than 1 year 1-3 years 3-5 years More than 5 years Operating lease obligations, net of sublease income amounts (1) $ 8,753 $ 1,160 $ 2,182 $ 1,796 $ 3,615 Purchase obligations (2) 7,154 4,548 1,910 241 455 Long-term debt obligations (3) 4,744 112 224 1,170 3,238 Tax payable (4) 10,233 890 1,746 1,746 5,851 Other long-term liabilities reflected on our balance sheet (5) 2,416 348 619 511 938 Total contractual obligations $ 33,300 $ 7,058 $ 6,681 $ 5,464 $ 14,097 Payments Due By Period Total Less than 1 year 1-3 years 3-5 years More than 5 years Operating lease obligations, net of sublease income amounts (1) $ 8,753 $ 1,160 $ 2,182 $ 1,796 $ 3,615 Purchase obligations (2) 7,154 4,548 1,910 241 455 Long-term debt obligations (3) 4,744 112 224 1,170 3,238 Tax payable (4) 10,233 890 1,746 1,746 5,851 Other long-term liabilities reflected on our balance sheet (5) 2,416 348 619 511 938 Total contractual obligations $ 33,300 $ 7,058 $ 6,681 $ 5,464 $ 14,097 | Purchase obligations (2) | 7,154 | | | 4,548 | | | 1,910 | | | 241 | | | 455 |",Manual approval,Manually accepted from review ledger
GOOG,2019-12-31,2020-02-04,7418000000.0,5660000000.0,,https://www.sec.gov/Archives/edgar/data/1652044/000165204420000008/goog10-k2019.htm,"Payments Due By Period Total Less than 1 year 1-3 years 3-5 years More than 5 years Operating lease obligations (1) $ 13,854 $ 1,757 $ 3,525 $ 2,809 $ 5,763 Obligations for leases that have not yet commenced (1) 7,418 249 850 1,314 5,005 Purchase obligations (2) 5,660 4,212 933 202 313 Long-term debt obligations (3) 5,288 227 1,258 1,224 2,579 Tax payable (4) 7,315 0 1,166 3,661 2,488 Other long-term liabilities reflected on our balance sheet (5) 1,484 245 643 367 229 Total contractual obligations $ 41,019 $ 6,690 $ 8,375 $ 9,577 $ 16,377 Payments Due By Period Total Less than 1 year 1-3 years 3-5 years More than 5 years Operating lease obligations (1) $ 13,854 $ 1,757 $ 3,525 $ 2,809 $ 5,763 Obligations for leases that have not yet commenced (1) 7,418 249 850 1,314 5,005 Purchase obligations (2) 5,660 4,212 933 202 313 Long-term debt obligations (3) 5,288 227 1,258 1,224 2,579 Tax payable (4) 7,315 0 1,166 3,661 2,488 Other long-term liabilities reflected on our balance sheet (5) 1,484 245 643 367 229 Total contractual obligations $ 41,019 $ 6,690 $ 8,375 $ 9,577 $ 16,377 | Purchase obligations (2) | 5,660 | | | 4,212 | | | 933 | | | 202 | | | 313 | || Payments Due By Period Total Less than 1 year 1-3 years 3-5 years More than 5 years Operating lease obligations (1) $ 13,854 $ 1,757 $ 3,525 $ 2,809 $ 5,763 Obligations for leases that have not yet commenced (1) 7,418 249 850 1,314 5,005 Purchase obligations (2) 5,660 4,212 933 202 313 Long-term debt obligations (3) 5,288 227 1,258 1,224 2,579 Tax payable (4) 7,315 0 1,166 3,661 2,488 Other long-term liabilities reflected on our balance sheet (5) 1,484 245 643 367 229 Total contractual obligations $ 41,019 $ 6,690 $ 8,375 $ 9,577 $ 16,377 Payments Due By Period Total Less than 1 year 1-3 years 3-5 years More than 5 years Operating lease obligations (1) $ 13,854 $ 1,757 $ 3,525 $ 2,809 $ 5,763 Obligations for leases that have not yet commenced (1) 7,418 249 850 1,314 5,005 Purchase obligations (2) 5,660 4,212 933 202 313 Long-term debt obligations (3) 5,288 227 1,258 1,224 2,579 Tax payable (4) 7,315 0 1,166 3,661 2,488 Other long-term liabilities reflected on our balance sheet (5) 1,484 245 643 367 229 Total contractual obligations $ 41,019 $ 6,690 $ 8,375 $ 9,577 $ 16,377 | Obligations for leases that have not yet commenced (1) | 7,418 | | | 249 | | | 850 | | | 1,314 | | | 5,005 |",Manual approval,Manually accepted from review ledger
GOOG,2020-12-31,2021-02-03,8049000000.0,10656000000.0,,https://www.sec.gov/Archives/edgar/data/1652044/000165204421000010/goog-20201231.htm,"Contractual Obligations as of December 31, 2020 Contractual Obligations as of December 31, 2020 The following summarizes our contractual obligations as of December 31, 2020 (in millions): The following summarizes our contractual obligations as of December 31, 2020 (in millions): Payments Due By Period Total Less than 1 year 1-3 years 3-5 years More than 5 years Operating lease obligations (1) $ 15,091 $ 2,198 $ 4,165 $ 3,127 $ 5,601 Obligations for leases that have not yet commenced (1) 8,049 370 1,198 1,469 5,012 Purchase obligations (2) 10,656 7,368 1,968 354 966 Long-term debt obligations (3) 19,840 1,357 634 2,587 15,262 Tax payable (4) 7,359 834 1,916 4,609 0 Other long-term liabilities reflected on our balance sheet (5) 1,421 532 616 185 88 Total contractual obligations $ 62,416 $ 12,659 $ 10,497 $ 12,331 $ 26,929 | Purchase obligations (2) | 10,656 | | | 7,368 | | | 1,968 | | | 354 | | | 966 | || Contractual Obligations as of December 31, 2020 Contractual Obligations as of December 31, 2020 The following summarizes our contractual obligations as of December 31, 2020 (in millions): The following summarizes our contractual obligations as of December 31, 2020 (in millions): Payments Due By Period Total Less than 1 year 1-3 years 3-5 years More than 5 years Operating lease obligations (1) $ 15,091 $ 2,198 $ 4,165 $ 3,127 $ 5,601 Obligations for leases that have not yet commenced (1) 8,049 370 1,198 1,469 5,012 Purchase obligations (2) 10,656 7,368 1,968 354 966 Long-term debt obligations (3) 19,840 1,357 634 2,587 15,262 Tax payable (4) 7,359 834 1,916 4,609 0 Other long-term liabilities reflected on our balance sheet (5) 1,421 532 616 185 88 Total contractual obligations $ 62,416 $ 12,659 $ 10,497 $ 12,331 $ 26,929 | Obligations for leases that have not yet commenced (1) | 8,049 | | | 370 | | | 1,198 | | | 1,469 | | | 5,012 |",Manual approval,Manually accepted from review ledger
GOOG,2022-12-31,2023-02-03,,12300000000.0,,https://www.sec.gov/Archives/edgar/data/1652044/000165204423000016/goog-20221231.htm,"Commitments and contingencies Commitments We have content licensing agreements with future fixed or minimum guaranteed commitments of $ 12.3 billion as of December 31, 2022, of which the majority will be paid over seven years commencing in 2023.",High,Auto-accepted; filing review recommended
GOOG,2023-12-31,2024-01-31,,10600000000.0,,https://www.sec.gov/Archives/edgar/data/1652044/000165204424000022/goog-20231231.htm,"Commitments and Contingencies Commitments We have content licensing agreements with future fixed or minimum guaranteed commitments of $ 10.6 billion as of December 31, 2023, of which the majority is paid over seven years ending in the first quarter of 2030.",High,Auto-accepted; filing review recommended
GOOG,2024-12-31,2025-02-05,,8800000000.0,,https://www.sec.gov/Archives/edgar/data/1652044/000165204425000014/goog-20241231.htm,"Commitments and Contingencies Commitments We have content licensing agreements with future fixed or minimum guaranteed commitments of $ 8.8 billion as of December 31, 2024, of which the majority is paid quarterly through the first quarter of 2030.",High,Auto-accepted; filing review recommended
GOOG,2025-03-31,2025-04-25,,8600000000.0,,https://www.sec.gov/Archives/edgar/data/1652044/000165204425000043/goog-20250331.htm,"Commitments and Contingencies Commitments We have content licensing agreements with future fixed or minimum guaranteed commitments of $ 8.6 billion as of March 31, 2025, of which the majority is paid quarterly through the first quarter of 2030.",High,Auto-accepted; filing review recommended
GOOG,2025-06-30,2025-07-24,,8200000000.0,,https://www.sec.gov/Archives/edgar/data/1652044/000165204425000062/goog-20250630.htm,"Commitments and Contingencies Commitments We have content licensing agreements with future fixed or minimum guaranteed commitments of $ 8.2 billion as of June 30, 2025, of which the majority is paid quarterly through the first quarter of 2030.",High,Auto-accepted; filing review recommended
GOOG,2025-09-30,2025-10-30,,7700000000.0,,https://www.sec.gov/Archives/edgar/data/1652044/000165204425000091/goog-20250930.htm,"Commitments and Contingencies Commitments We have content licensing agreements with future fixed or minimum guaranteed commitments of $ 7.7 billion as of September 30, 2025, of which the majority is paid quarterly through the first quarter of 2030.",High,Auto-accepted; filing review recommended
GOOG,2025-12-31,2026-02-05,9900000000.0,7700000000.0,5700000000.0,https://www.sec.gov/Archives/edgar/data/1652044/000165204426000018/goog-20251231.htm,"As of December 31, 2025, our maximum potential amount of future payments under these guarantees was $ 5.7 billion, upon which we may receive certain assets. || Commitments and Contingencies Commitments We have certain content licensing agreements with future fixed or minimum guaranteed commitments of $ 7.7 billion as of December 31, 2025, of which the majority is paid quarterly through the first quarter of 2030. || In January 2026, we executed a power purchase agreement which we expect to be accounted for as a lease resulting in future payments depending on certain agreement terms of $ 9.9 billion between 2027 and 2047.",High,Auto-accepted; filing review recommended
GOOG,2026-03-31,2026-04-30,,232700000000.0,9000000000.0,https://www.sec.gov/Archives/edgar/data/1652044/000165204426000048/goog-20260331.htm,"As of March 31, 2026, our maximum potential amount of future payments under these guarantees was $ 9.0 billion, upon which we may receive certain assets. || As of March 31, 2026, expected future fixed or minimum guaranteed commitments under these agreements were $ 232.7 billion.",High,Auto-accepted; filing review recommended
IREN,2022-06-30,2022-09-13,,400000000.0,,https://www.sec.gov/Archives/edgar/data/1878848/000114036122033208/brhc10041484_20f.htm,"The third contract with Bitmain is a $400 million hardware purchase agreement for approximately 10 EH/s of miners (excluding any discount arrangements under the agreement, which may include potential additional miners), originally scheduled to be shipped in batches between October 2022 and September 2023.",High,Auto-accepted; filing review recommended
IREN,2025-09-30,2025-11-06,102000000.0,28000000.0,,https://www.sec.gov/Archives/edgar/data/1878848/000187884825000081/iren-20250930.htm,"Hardware Purchase Contracts On July 3, 2025, we announced that we entered into a purchase order with respect to approximately 2,400 GPUs for a total purchase price of approximately $130 million, which are to be delivered by the end of calendar year 2025 and installed at our Prince George site. || On August 23, 2025, we terminated part of the July purchase order and entered into an equipment lease pursuant to which we agreed to refinance $102 million of the purchase price of such purchase, with the remaining amounts under the July purchase order to be funded from existing cash.",High,Auto-accepted; filing review recommended
IREN,2025-12-31,2026-02-05,,5800000000.0,,https://www.sec.gov/Archives/edgar/data/1878848/000187884826000015/iren-20251231.htm,"(“Dell”) pursuant to which Dell will supply to the Group GPUs and ancillary products and services, scheduled to be delivered in four tranches during 2026 (commencing March 2026), for an aggregate purchase price of approximately $5.8 billion payable in installments within 30 days of each tranche shipping (the “Dell Purchase Agreement”).",High,Auto-accepted; filing review recommended
IREN,2026-03-31,2026-05-08,,3500000000.0,,https://www.sec.gov/Archives/edgar/data/1878848/000187884826000026/iren-20260331.htm,"(“Dell Canada”) entered into purchase documentation (the “Dell Canada Purchase Agreement”) pursuant to which Dell Canada will supply to the Group GPUs and ancillary products and services, scheduled to be delivered in phases during the second half of calendar year 2026, for an aggregate purchase price of approximately $2.3 billion payable in installments within 30 days of each tranche shipping, subject to rights to adjust the price based on independent review due to certain cost increases. || (“Dell USA”) entered into purchase documentation (the “Dell USA Purchase Agreement” and, together with the Dell Canada Purchase Agreement, the “Dell Purchase Agreements”) pursuant to which Dell USA will supply to the Group GPUs and ancillary products and services, scheduled to be delivered in phases during the second half of calendar year 2026, for an aggregate purchase price of approximately $1.2 billion payable in installments within 30 days of each tranche shipping, subject to rights to adjust the price based on independent review due to certain cost increases.",High,Auto-accepted; filing review recommended
META,2024-12-31,2025-01-30,34120000000.0,,,https://www.sec.gov/Archives/edgar/data/1326801/000132680125000017/meta-20241231.htm,"As of December 31, 2024, we have additional operating and finance leases, that have not yet commenced, with total lease obligations of approximately $ 34.12 billion, mostly for data centers, network infrastructure, and colocations.",High,Auto-accepted; filing review recommended
META,2025-03-31,2025-05-01,35270000000.0,,,https://www.sec.gov/Archives/edgar/data/1326801/000132680125000054/meta-20250331.htm,"In addition to lease liabilities, we have leases that have not yet commenced of approximately $35.27 billion as of March 31, 2025, which will commence between the remainder of 2025 and 2034.",High,Auto-accepted; filing review recommended
META,2025-06-30,2025-07-31,52560000000.0,,,https://www.sec.gov/Archives/edgar/data/1326801/000162828025036791/meta-20250630.htm,"In addition to lease liabilities, we have leases that have not yet commenced of approximately $52.56 billion as of June 30, 2025, which will commence between the remainder of 2025 and 2034.",High,Auto-accepted; filing review recommended
META,2025-09-30,2025-10-30,58140000000.0,,,https://www.sec.gov/Archives/edgar/data/1326801/000162828025047240/meta-20250930.htm,"In addition to lease liabilities, we have leases that have not yet commenced of approximately $58.14 billion as of September 30, 2025, which will commence between the remainder of 2025 and 2030.",High,Auto-accepted; filing review recommended
META,2025-12-31,2026-01-29,103770000000.0,,28000000000.0,https://www.sec.gov/Archives/edgar/data/1326801/000162828026003942/meta-20251231.htm,"In addition, we have provided residual value guarantees (RVG) with an aggregate threshold of approximately $ 28 billion that decreases over time. || In addition to lease liabilities included in our consolidated balance sheets, we have leases that have not yet commenced, with total lease obligations of approximately $103.77 billion, mostly for data centers, colocations, and network infrastructure, as of December 31, 2025.",High,Auto-accepted; filing review recommended
META,2026-03-31,2026-04-30,,,42720000000.0,https://www.sec.gov/Archives/edgar/data/1326801/000162828026028526/meta-20260331.htm,"In addition, we have provided residual value guarantees (RVG) with an aggregate threshold of approximately $ 28 billion that decreases over time. || In addition, as of March 31, 2026, we have contingent obligations to purchase up to $14.72 billion of cloud capacity over a five-year period, which may be reduced if the cloud service provider is able to sell such capacity to other customers.",High,Auto-accepted; filing review recommended
MSFT,2014-06-30,2014-07-31,,15654000000.0,,https://www.sec.gov/Archives/edgar/data/789019/000119312514289961/d722626d10k.htm,"Contractual Obligations The following table summarizes the payments due by fiscal year for our outstanding contractual obligations as of June 30, 2014: | Construction commitments (b) | | | 880 | | | | 0 | | | | 0 | | | | 0 | | | | 880 | || Contractual Obligations The following table summarizes the payments due by fiscal year for our outstanding contractual obligations as of June 30, 2014: | Purchase commitments (d) | | | 12,995 | | | | 969 | | | | 657 | | | | 153 | | | | 14,774 |",Manual approval,Manually accepted from review ledger
MSFT,2015-06-30,2015-07-31,,15113000000.0,,https://www.sec.gov/Archives/edgar/data/789019/000119312515272806/d918813d10k.htm,"Contractual Obligations The following table summarizes the payments due by fiscal year for our outstanding contractual obligations as of June 30, 2015: | Construction commitments (b) | | | 681 | | | | 0 | | | | 0 | | | | 0 | | | | 681 | || Contractual Obligations The following table summarizes the payments due by fiscal year for our outstanding contractual obligations as of June 30, 2015: | Purchase commitments (d) | | | 13,018 | | | | 989 | | | | 164 | | | | 261 | | | | 14,432 |",Manual approval,Manually accepted from review ledger
MSFT,2016-06-30,2016-07-28,,21049000000.0,,https://www.sec.gov/Archives/edgar/data/789019/000119312516662209/d187868d10k.htm,"Contractual Obligations The following table summarizes the payments due by fiscal year for our outstanding contractual obligations as of June 30, 2016: | Construction commitments (b) | | | 1,809 | | | | 162 | | | | 0 | | | | 0 | | | | 1,971 | || Contractual Obligations The following table summarizes the payments due by fiscal year for our outstanding contractual obligations as of June 30, 2016: | Purchase commitments (d) | | | 13,214 | | | | 1,102 | | | | 758 | | | | 4,004 | | | | 19,078 |",Manual approval,Manually accepted from review ledger
MSFT,2017-06-30,2017-08-02,3200000000.0,18270000000.0,,https://www.sec.gov/Archives/edgar/data/789019/000156459017014900/msft-10k_20170630.htm,"We provide indemnifications of varying scope and size to certain customers against claims of intellectual property infringement made by third parties arising from the use of our products and certain other matters. Additionally, we have agreed to cover damages resulting from breaches of certain security and privacy commitments in our cloud business. In evaluating estimated losses on these indemnifications, we consider factors such as the degree of probability of an unfavorable outcome and our ability to make a reasonable estimate of the amount of loss. These obligations did not have a material impact on our consolidated financial statements during the periods presented. Contractual Obligations The following table summarizes the payments due by fiscal year for our outstanding contractual obligations as of June 30, 2017: (In millions) 2018 2019-2020 2021-2022 Thereafter Total Long-term debt: (a) Principal payments $ 1,050 $ 9,518 $ 11,746 $ 55,523 $ 77,837 Interest payments 2,402 4,672 4,301 33,179 44,554 Construction commitments (b) 1,067 0 0 0 1,067 Operating leases (b) 1,292 2,335 1,657 2,588 7,872 Capital leases, including imputed interest (b) 334 835 866 4,612 6,647 Purchase comm || We provide indemnifications of varying scope and size to certain customers against claims of intellectual property infringement made by third parties arising from the use of our products and certain other matters. Additionally, we have agreed to cover damages resulting from breaches of certain security and privacy commitments in our cloud business. In evaluating estimated losses on these indemnifications, we consider factors such as the degree of probability of an unfavorable outcome and our ability to make a reasonable estimate of the amount of loss. These obligations did not have a material impact on our consolidated financial statements during the periods presented. Contractual Obligations The following table summarizes the payments due by fiscal year for our outstanding contractual obligations as of June 30, 2017: (In millions) 2018 2019-2020 2021-2022 Thereafter Total Long-term debt: (a) Principal payments $ 1,050 $ 9,518 $ 11,746 $ 55,523 $ 77,837 Interest payments 2,402 4,672 4,301 33,179 44,554 Construction commitments (b) 1,067 0 0 0 1,067 Operating leases (b) 1,292 2,335 1,657 2,588 7,872 Capital leases, including imputed interest (b) 334 835 866 4,612 6,647 Purchase comm || Future minimum lease payments under non-cancellable capital leases as of June 30, 2017 were as follows: As of June 30, 2017, we had additional purchase obligations for capital leases executed but not yet recorded of $3.2 billion.",Manual approval,Manually accepted from review ledger
MSFT,2018-06-30,2018-08-03,,22758000000.0,,https://www.sec.gov/Archives/edgar/data/789019/000156459018019062/msft-10k_20180630.htm,"We provide indemnifications of varying scope and size to certain customers against claims of intellectual property infringement made by third parties arising from the use of our products and certain other matters. Additionally, we have agreed to cover damages resulting from breaches of certain security and privacy commitments in our cloud business. In evaluating estimated losses on these obligations, we consider factors such as the degree of probability of an unfavorable outcome and our ability to make a reasonable estimate of the amount of loss. These obligations did not have a material impact in our consolidated financial statements during the periods presented. Contractual Obligations The following table summarizes the payments due by fiscal year for our outstanding contractual obligations as of June 30, 2018: (In millions) 2019 2020-2021 2022-2023 Thereafter Total Long-term debt: (a) Principal payments $ 4,000 $ 9,268 $ 10,794 $ 52,836 $ 76,898 Interest payments 2,377 4,495 4,066 31,247 42,185 Construction commitments (b) 1,793 107 0 0 1,900 Operating leases, including imputed interest ( c ) 1,538 2,567 1,778 2,416 8,299 Finance leases, including imputed interest ( c ) 470 1,10 || We provide indemnifications of varying scope and size to certain customers against claims of intellectual property infringement made by third parties arising from the use of our products and certain other matters. Additionally, we have agreed to cover damages resulting from breaches of certain security and privacy commitments in our cloud business. In evaluating estimated losses on these obligations, we consider factors such as the degree of probability of an unfavorable outcome and our ability to make a reasonable estimate of the amount of loss. These obligations did not have a material impact in our consolidated financial statements during the periods presented. Contractual Obligations The following table summarizes the payments due by fiscal year for our outstanding contractual obligations as of June 30, 2018: (In millions) 2019 2020-2021 2022-2023 Thereafter Total Long-term debt: (a) Principal payments $ 4,000 $ 9,268 $ 10,794 $ 52,836 $ 76,898 Interest payments 2,377 4,495 4,066 31,247 42,185 Construction commitments (b) 1,793 107 0 0 1,900 Operating leases, including imputed interest ( c ) 1,538 2,567 1,778 2,416 8,299 Finance leases, including imputed interest ( c ) 470 1,10",Manual approval,Manually accepted from review ledger
MSFT,2019-06-30,2019-08-01,,23119000000.0,,https://www.sec.gov/Archives/edgar/data/789019/000156459019027952/msft-10k_20190630.htm,"We provide indemnifications of varying scope and size to certain customers against claims of intellectual property infringement made by third parties arising from the use of our products and certain other matters. Additionally, we have agreed to cover damages resulting from breaches of certain security and privacy commitments in our cloud business. In evaluating estimated losses on these obligations, we consider factors such as the degree of probability of an unfavorable outcome and our ability to make a reasonable estimate of the amount of loss. These obligations did not have a material impact on our consolidated financial statements during the periods presented. Contractual Obligations The following table summarizes the payments due by fiscal year for our outstanding contractual obligations as of June 30, 2019: (In millions) 2020 2021-2022 2023-2024 Thereafter Total Long-term debt: (a) Principal payments $ 5,518 $ 11,744 $ 8,000 $ 47,519 $ 72,781 Interest payments 2,299 4,309 3,818 29,383 39,809 Construction commitments (b) 3,443 515 0 0 3,958 Operating leases, including imputed interest (c) 1,790 3,144 2,413 3,645 10,992 Finance leases, including imputed interest (c) 797 2,008 2 || We provide indemnifications of varying scope and size to certain customers against claims of intellectual property infringement made by third parties arising from the use of our products and certain other matters. Additionally, we have agreed to cover damages resulting from breaches of certain security and privacy commitments in our cloud business. In evaluating estimated losses on these obligations, we consider factors such as the degree of probability of an unfavorable outcome and our ability to make a reasonable estimate of the amount of loss. These obligations did not have a material impact on our consolidated financial statements during the periods presented. Contractual Obligations The following table summarizes the payments due by fiscal year for our outstanding contractual obligations as of June 30, 2019: (In millions) 2020 2021-2022 2023-2024 Thereafter Total Long-term debt: (a) Principal payments $ 5,518 $ 11,744 $ 8,000 $ 47,519 $ 72,781 Interest payments 2,299 4,309 3,818 29,383 39,809 Construction commitments (b) 3,443 515 0 0 3,958 Operating leases, including imputed interest (c) 1,790 3,144 2,413 3,645 10,992 Finance leases, including imputed interest (c) 797 2,008 2",Manual approval,Manually accepted from review ledger
MSFT,2020-06-30,2020-07-30,,32065000000.0,,https://www.sec.gov/Archives/edgar/data/789019/000156459020034944/msft-10k_20200630.htm,"We provide indemnifications of varying scope and size to certain customers against claims of intellectual property infringement made by third parties arising from the use of our products and certain other matters. Additionally, we have agreed to cover damages resulting from breaches of certain security and privacy commitments in our cloud business. In evaluating estimated losses on these obligations, we consider factors such as the degree of probability of an unfavorable outcome and our ability to make a reasonable estimate of the amount of loss. These obligations did not have a material impact in our consolidated financial statements during the periods presented. Contractual Obligations The following table summarizes the payments due by fiscal year for our outstanding contractual obligations as of June 30, 2020: (In millions) 2021 2022-2023 2024-2025 Thereafter Total Long-term debt: (a) Principal payments $ 3,750 $ 10,716 $ 7,500 $ 45,441 $ 67,407 Interest payments 2,028 3,736 3,293 25,265 34,322 Construction commitments (b) 4,761 280 0 0 5,041 Operating leases, including imputed interest (c) 2,420 3,986 2,929 4,409 13,744 Finance leases, including imputed interest (c) 992 2,243 2 || We provide indemnifications of varying scope and size to certain customers against claims of intellectual property infringement made by third parties arising from the use of our products and certain other matters. Additionally, we have agreed to cover damages resulting from breaches of certain security and privacy commitments in our cloud business. In evaluating estimated losses on these obligations, we consider factors such as the degree of probability of an unfavorable outcome and our ability to make a reasonable estimate of the amount of loss. These obligations did not have a material impact in our consolidated financial statements during the periods presented. Contractual Obligations The following table summarizes the payments due by fiscal year for our outstanding contractual obligations as of June 30, 2020: (In millions) 2021 2022-2023 2024-2025 Thereafter Total Long-term debt: (a) Principal payments $ 3,750 $ 10,716 $ 7,500 $ 45,441 $ 67,407 Interest payments 2,028 3,736 3,293 25,265 34,322 Construction commitments (b) 4,761 280 0 0 5,041 Operating leases, including imputed interest (c) 2,420 3,986 2,929 4,409 13,744 Finance leases, including imputed interest (c) 992 2,243 2",Manual approval,Manually accepted from review ledger
MSFT,2021-06-30,2021-07-29,,41009000000.0,,https://www.sec.gov/Archives/edgar/data/789019/000156459021039151/msft-10k_20210630.htm,"Contractual Obligations Contractual Obligations The following table summarizes the payments due by fiscal year for our outstanding contractual obligations as of June 30, 2021: (In millions) 2022 2023-2024 2025-2026 Thereafter Total Long-term debt: (a) Principal payments $ 8,075 $ 8,000 $ 5,250 $ 42,585 $ 63,910 Interest payments 1,628 2,847 2,438 17,320 24,233 Construction commitments (b) 8,927 529 0 0 9,456 Operating leases, including imputed interest (c) 2,801 4,956 3,469 6,747 17,973 Finance leases, including imputed interest (c) 1,341 3,256 3,774 14,096 22,467 Transition tax (d) 1,427 4,105 8,030 0 13,562 Purchase commitments (e) 29,129 1,708 446 270 31,553 Other long-term liabilities (f) 0 365 68 263 696 Total $ 53,328 $ 25,766 $ 23,475 $ 81,281 $ 183,850 | Construction commitments (b) | | | 8,927 | | | | 529 | | | | 0 | | | | 0 | | | | 9,456 | || Contractual Obligations Contractual Obligations The following table summarizes the payments due by fiscal year for our outstanding contractual obligations as of June 30, 2021: (In millions) 2022 2023-2024 2025-2026 Thereafter Total Long-term debt: (a) Principal payments $ 8,075 $ 8,000 $ 5,250 $ 42,585 $ 63,910 Interest payments 1,628 2,847 2,438 17,320 24,233 Construction commitments (b) 8,927 529 0 0 9,456 Operating leases, including imputed interest (c) 2,801 4,956 3,469 6,747 17,973 Finance leases, including imputed interest (c) 1,341 3,256 3,774 14,096 22,467 Transition tax (d) 1,427 4,105 8,030 0 13,562 Purchase commitments (e) 29,129 1,708 446 270 31,553 Other long-term liabilities (f) 0 365 68 263 696 Total $ 53,328 $ 25,766 $ 23,475 $ 81,281 $ 183,850 | Purchase commitments (e) | | | 29,129 | | | | 1,708 | | | | 446 | | | | 270 | | | | 31,553 |",Manual approval,Manually accepted from review ledger
MSFT,2022-06-30,2022-07-28,,54172000000.0,,https://www.sec.gov/Archives/edgar/data/789019/000156459022026876/msft-10k_20220630.htm,"Material Cash Requirements and Other Obligations Contractual Obligations The following table summarizes the payments due by fiscal year for our outstanding contractual obligations as of June 30, 2022: (In millions) 2023 Thereafter Total Long-term debt: (a) Principal payments $ 2,750 $ 52,761 $ 55,511 Interest payments 1,468 21,139 22,607 Construction commitments (b) 7,942 576 8,518 Operating and finance leases, including imputed interest (c) 4,609 44,045 48,654 Purchase commitments ( d ) 42,669 2,985 45,654 Total $ 59,438 $ 121,506 $ 180,944 | Construction commitments (b) | | | 7,942 | | | | 576 | | | | 8,518 | || Material Cash Requirements and Other Obligations Contractual Obligations The following table summarizes the payments due by fiscal year for our outstanding contractual obligations as of June 30, 2022: (In millions) 2023 Thereafter Total Long-term debt: (a) Principal payments $ 2,750 $ 52,761 $ 55,511 Interest payments 1,468 21,139 22,607 Construction commitments (b) 7,942 576 8,518 Operating and finance leases, including imputed interest (c) 4,609 44,045 48,654 Purchase commitments ( d ) 42,669 2,985 45,654 Total $ 59,438 $ 121,506 $ 180,944 | Purchase commitments ( d ) | | | 42,669 | | | | 2,985 | | | | 45,654 |",Manual approval,Manually accepted from review ledger
MSFT,2023-06-30,2023-07-27,,81273000000.0,,https://www.sec.gov/Archives/edgar/data/789019/000095017023035122/msft-20230630.htm,"Contractual Obligations The following table summarizes the payments due by fiscal year for our outstanding contractual obligations as of June 30, 2023: The following table summarizes the payments due by fiscal year for our outstanding contractual obligations as of June 30, 2023: | Construction commitments (b) | | | 12,237 | | | | 1,218 | | | | 13,455 | || Contractual Obligations The following table summarizes the payments due by fiscal year for our outstanding contractual obligations as of June 30, 2023: The following table summarizes the payments due by fiscal year for our outstanding contractual obligations as of June 30, 2023: | Purchase commitments (d) | | | 64,703 | | | | 3,115 | | | | 67,818 |",Manual approval,Manually accepted from review ledger
MSFT,2024-06-30,2024-07-30,,107413000000.0,,https://www.sec.gov/Archives/edgar/data/789019/000095017024087843/msft-20240630.htm,"Contractual Obligations The following table summarizes the payments due by fiscal year for our outstanding contractual obligations as of June 30, 2024: The following table summarizes the payments due by fiscal year for our outstanding contractual obligations as of June 30, 2024: | Construction commitments (b) | | | 29,892 | | | | 5,499 | | | | 35,391 | || Contractual Obligations The following table summarizes the payments due by fiscal year for our outstanding contractual obligations as of June 30, 2024: The following table summarizes the payments due by fiscal year for our outstanding contractual obligations as of June 30, 2024: | Purchase commitments (d) | | | 68,280 | | | | 3,742 | | | | 72,022 |",Manual approval,Manually accepted from review ledger
MSFT,2025-06-30,2025-07-30,92700000000.0,142102000000.0,,https://www.sec.gov/Archives/edgar/data/789019/000095017025100235/msft-20250630.htm,"Contractual Obligations The following table summarizes the payments due by fiscal year for our outstanding contractual obligations as of June 30, 2025: The following table summarizes the payments due by fiscal year for our outstanding contractual obligations as of June 30, 2025: | Construction commitments (b) | | | 26,859 | | | | 5,290 | | | | 32,149 | || Contractual Obligations The following table summarizes the payments due by fiscal year for our outstanding contractual obligations as of June 30, 2025: The following table summarizes the payments due by fiscal year for our outstanding contractual obligations as of June 30, 2025: | Purchase commitments (d) | | | 103,940 | | | | 6,013 | | | | 109,953 | || The components of lease expense were as follows: Supplemental cash flow information related to leases was as follows: 77 PART II Item 8 Supplemental balance sheet information related to leases was as follows: The following table outlines maturities of our lease liabilities as of June 30, 2025: As of June 30, 2025, we had additional leases, primarily for datacenters, that had not yet commenced of $ 92.7 billion.",Manual approval,Manually accepted from review ledger
MSFT,2025-09-30,2025-10-29,106200000000.0,,,https://www.sec.gov/Archives/edgar/data/789019/000119312525256321/msft-20250930.htm,"20 PART I Item 1 The components of lease expense were as follows: Supplemental cash flow information related to leases was as follows: Supplemental balance sheet information related to leases was as follows: 21 PART I Item 1 The following table outlines maturities of our lease liabilities as of September 30, 2025: As of September 30, 2025, we had additional leases, primarily for datacenters, that had not yet commenced of $ 106.2 billion.",High,Auto-accepted; filing review recommended
MSFT,2025-12-31,2026-01-28,155100000000.0,,,https://www.sec.gov/Archives/edgar/data/789019/000119312526027207/msft-20251231.htm,"The components of lease expense were as follows: Supplemental cash flow information related to leases was as follows: 22 PART I Item 1 Supplemental balance sheet information related to leases was as follows: The following table outlines maturities of our lease liabilities as of December 31, 2025: As of December 31, 2025, we had additional leases, primarily for datacenters, that had not yet commenced of $ 155.1 billion.",High,Auto-accepted; filing review recommended
MSFT,2026-03-31,2026-04-29,196600000000.0,,,https://www.sec.gov/Archives/edgar/data/789019/000119312526191507/msft-20260331.htm,"The components of lease expense were as follows: Supplemental cash flow information related to leases was as follows: 22 PART I Item 1 Supplemental balance sheet information related to leases was as follows: The following table outlines maturities of our lease liabilities as of March 31, 2026: As of March 31, 2026, we had additional leases, primarily for datacenters, that had not yet commenced of $ 196.6 billion.",High,Auto-accepted; filing review recommended
NVDA,2014-01-26,2014-03-13,,438997000.0,,https://www.sec.gov/Archives/edgar/data/1045810/000104581014000030/nvda-2014x10k.htm,"Payment Due By Period Contractual Obligations Total Less than 1 Year 1-3 Years 4-5 Years More than 5 Years All Other (In thousands) 1.00% Convertible Senior Notes due 2018 (1) $ 1,575,000 $ 15,000 $ 30,000 $ 1,530,000 $ — $ — Operating leases (2) 291,848 74,007 131,684 51,464 34,693 — Capital lease 27,324 5,168 10,756 11,374 26 — Inventory purchase obligations 397,704 397,704 — — — — Uncertain tax positions, interest and penalties (3) 119,977 — — — — 119,977 Capital purchase obligations 41,293 41,293 — — — — Retention program (4) 18,090 14,468 3,622 — Total contractual obligations $ 2,471,236 $ 547,640 $ 176,062 $ 1,592,838 $ 34,719 $ 119,977 Payment Due By Period Contractual Obligations Total Less than 1 Year 1-3 Years 4-5 Years More than 5 Years All Other (In thousands) 1.00% Convertible Senior Notes due 2018 (1) $ 1,575,000 $ 15,000 $ 30,000 $ 1,530,000 $ — $ — Operating leases (2) 291,848 74,007 131,684 51,464 34,693 — Capital lease 27,324 5,168 10,756 11,374 26 — Inventory purchase obligations 397,704 397,704 — — — — Uncertain tax positions, interest and penalties (3) 119,977 — — — — 119,977 Capital purchase obligations 41,293 41,293 — — — — Retention program (4) 18,090 14,468 || Payment Due By Period Contractual Obligations Total Less than 1 Year 1-3 Years 4-5 Years More than 5 Years All Other (In thousands) 1.00% Convertible Senior Notes due 2018 (1) $ 1,575,000 $ 15,000 $ 30,000 $ 1,530,000 $ — $ — Operating leases (2) 291,848 74,007 131,684 51,464 34,693 — Capital lease 27,324 5,168 10,756 11,374 26 — Inventory purchase obligations 397,704 397,704 — — — — Uncertain tax positions, interest and penalties (3) 119,977 — — — — 119,977 Capital purchase obligations 41,293 41,293 — — — — Retention program (4) 18,090 14,468 3,622 — Total contractual obligations $ 2,471,236 $ 547,640 $ 176,062 $ 1,592,838 $ 34,719 $ 119,977 Payment Due By Period Contractual Obligations Total Less than 1 Year 1-3 Years 4-5 Years More than 5 Years All Other (In thousands) 1.00% Convertible Senior Notes due 2018 (1) $ 1,575,000 $ 15,000 $ 30,000 $ 1,530,000 $ — $ — Operating leases (2) 291,848 74,007 131,684 51,464 34,693 — Capital lease 27,324 5,168 10,756 11,374 26 — Inventory purchase obligations 397,704 397,704 — — — — Uncertain tax positions, interest and penalties (3) 119,977 — — — — 119,977 Capital purchase obligations 41,293 41,293 — — — — Retention program (4) 18,090 14,468",Manual approval,Manually accepted from review ledger
NVDA,2015-01-25,2015-03-12,,507000000.0,,https://www.sec.gov/Archives/edgar/data/1045810/000104581015000036/nvda-2015x10k.htm,"Payment Due By Period Contractual Obligations Total Less than 1 Year 1-3 Years 4-5 Years More than 5 Years All Other (In thousands) 1.00% Convertible Senior Notes due 2018 (1) $ 1,560,000 $ 15,000 $ 30,000 $ 1,515,000 $ — $ — Inventory purchase obligations 456,000 456,000 — — — — Operating leases (2) 241,311 76,741 100,312 36,781 27,477 — Uncertain tax positions, interest and penalties (3) 120,961 — — — — 120,961 Capital purchase obligations 51,000 51,000 — — — — Capital lease 22,156 5,303 11,060 5,793 — — Retention program (4) 3,521 3,521 — — — — Total contractual obligations $ 2,454,949 $ 607,565 $ 141,372 $ 1,557,574 $ 27,477 $ 120,961 Payment Due By Period Contractual Obligations Total Less than 1 Year 1-3 Years 4-5 Years More than 5 Years All Other (In thousands) 1.00% Convertible Senior Notes due 2018 (1) $ 1,560,000 $ 15,000 $ 30,000 $ 1,515,000 $ — $ — Inventory purchase obligations 456,000 456,000 — — — — Operating leases (2) 241,311 76,741 100,312 36,781 27,477 — Uncertain tax positions, interest and penalties (3) 120,961 — — — — 120,961 Capital purchase obligations 51,000 51,000 — — — — Capital lease 22,156 5,303 11,060 5,793 — — Retention program (4) 3,521 3,521 — — — — || Payment Due By Period Contractual Obligations Total Less than 1 Year 1-3 Years 4-5 Years More than 5 Years All Other (In thousands) 1.00% Convertible Senior Notes due 2018 (1) $ 1,560,000 $ 15,000 $ 30,000 $ 1,515,000 $ — $ — Inventory purchase obligations 456,000 456,000 — — — — Operating leases (2) 241,311 76,741 100,312 36,781 27,477 — Uncertain tax positions, interest and penalties (3) 120,961 — — — — 120,961 Capital purchase obligations 51,000 51,000 — — — — Capital lease 22,156 5,303 11,060 5,793 — — Retention program (4) 3,521 3,521 — — — — Total contractual obligations $ 2,454,949 $ 607,565 $ 141,372 $ 1,557,574 $ 27,477 $ 120,961 Payment Due By Period Contractual Obligations Total Less than 1 Year 1-3 Years 4-5 Years More than 5 Years All Other (In thousands) 1.00% Convertible Senior Notes due 2018 (1) $ 1,560,000 $ 15,000 $ 30,000 $ 1,515,000 $ — $ — Inventory purchase obligations 456,000 456,000 — — — — Operating leases (2) 241,311 76,741 100,312 36,781 27,477 — Uncertain tax positions, interest and penalties (3) 120,961 — — — — 120,961 Capital purchase obligations 51,000 51,000 — — — — Capital lease 22,156 5,303 11,060 5,793 — — Retention program (4) 3,521 3,521 — — — —",Manual approval,Manually accepted from review ledger
NVDA,2016-01-31,2016-03-17,,427000000.0,,https://www.sec.gov/Archives/edgar/data/1045810/000104581016000205/nvda-2016x10k.htm,"Payment Due By Period Contractual Obligations Total Less than 1 Year 1-3 Years 4-5 Years More than 5 Years All Other (In millions) 1.00% Convertible Senior Notes due 2018 (1) $ 1,545 $ 1,515 $ 30 $ — $ — $ — Inventory purchase obligations 391 391 — — — — Operating leases (2) (3) 265 75 123 46 21 — Uncertain tax positions, interest and penalties (4) 78 — — — — 78 Capital purchase obligations 36 36 — — — — Capital lease 17 5 12 — — — Restructuring related obligation (5) 23 23 — — — — Total contractual obligations $ 2,355 $ 2,045 $ 165 $ 46 $ 21 $ 78 Payment Due By Period Contractual Obligations Total Less than 1 Year 1-3 Years 4-5 Years More than 5 Years All Other (In millions) 1.00% Convertible Senior Notes due 2018 (1) $ 1,545 $ 1,515 $ 30 $ — $ — $ — Inventory purchase obligations 391 391 — — — — Operating leases (2) (3) 265 75 123 46 21 — Uncertain tax positions, interest and penalties (4) 78 — — — — 78 Capital purchase obligations 36 36 — — — — Capital lease 17 5 12 — — — Restructuring related obligation (5) 23 23 — — — — Total contractual obligations $ 2,355 $ 2,045 $ 165 $ 46 $ 21 $ 78 | Inventory purchase obligations | 391 | | | 391 | | | — | | | — | | | — | | | — | || Payment Due By Period Contractual Obligations Total Less than 1 Year 1-3 Years 4-5 Years More than 5 Years All Other (In millions) 1.00% Convertible Senior Notes due 2018 (1) $ 1,545 $ 1,515 $ 30 $ — $ — $ — Inventory purchase obligations 391 391 — — — — Operating leases (2) (3) 265 75 123 46 21 — Uncertain tax positions, interest and penalties (4) 78 — — — — 78 Capital purchase obligations 36 36 — — — — Capital lease 17 5 12 — — — Restructuring related obligation (5) 23 23 — — — — Total contractual obligations $ 2,355 $ 2,045 $ 165 $ 46 $ 21 $ 78 Payment Due By Period Contractual Obligations Total Less than 1 Year 1-3 Years 4-5 Years More than 5 Years All Other (In millions) 1.00% Convertible Senior Notes due 2018 (1) $ 1,545 $ 1,515 $ 30 $ — $ — $ — Inventory purchase obligations 391 391 — — — — Operating leases (2) (3) 265 75 123 46 21 — Uncertain tax positions, interest and penalties (4) 78 — — — — 78 Capital purchase obligations 36 36 — — — — Capital lease 17 5 12 — — — Restructuring related obligation (5) 23 23 — — — — Total contractual obligations $ 2,355 $ 2,045 $ 165 $ 46 $ 21 $ 78 | Capital purchase obligations | 36 | | | 36 | | | — | | | — | | | — | | | — |",Manual approval,Manually accepted from review ledger
NVDA,2017-01-29,2017-03-01,,1039000000.0,,https://www.sec.gov/Archives/edgar/data/1045810/000104581017000027/nvda-2017x10k.htm,"Payment Due By Period Contractual Obligations Total Less than 1 Year 1-3 Years 4-5 Years More than 5 Years All Other (In millions) 1.00% Convertible Notes (1) $ 831 $ 831 $ — $ — $ — $ — Long-term debt (2) 2,430 54 162 1,086 1,128 — Inventory purchase obligations 1,001 1,001 — — — — Operating leases (3) 140 42 56 29 13 — Uncertain tax positions, interest and penalties (4) 96 — — — — 96 Capital purchase obligations 38 38 — — — — Capital lease 11 5 6 — — — Restructuring related obligation (5) 13 13 — — — — Total contractual obligations $ 4,560 $ 1,984 $ 224 $ 1,115 $ 1,141 $ 96 Payment Due By Period Contractual Obligations Total Less than 1 Year 1-3 Years 4-5 Years More than 5 Years All Other (In millions) 1.00% Convertible Notes (1) $ 831 $ 831 $ — $ — $ — $ — Long-term debt (2) 2,430 54 162 1,086 1,128 — Inventory purchase obligations 1,001 1,001 — — — — Operating leases (3) 140 42 56 29 13 — Uncertain tax positions, interest and penalties (4) 96 — — — — 96 Capital purchase obligations 38 38 — — — — Capital lease 11 5 6 — — — Restructuring related obligation (5) 13 13 — — — — Total contractual obligations $ 4,560 $ 1,984 $ 224 $ 1,115 $ 1,141 $ 96 | Inventory purchase obligations | || Payment Due By Period Contractual Obligations Total Less than 1 Year 1-3 Years 4-5 Years More than 5 Years All Other (In millions) 1.00% Convertible Notes (1) $ 831 $ 831 $ — $ — $ — $ — Long-term debt (2) 2,430 54 162 1,086 1,128 — Inventory purchase obligations 1,001 1,001 — — — — Operating leases (3) 140 42 56 29 13 — Uncertain tax positions, interest and penalties (4) 96 — — — — 96 Capital purchase obligations 38 38 — — — — Capital lease 11 5 6 — — — Restructuring related obligation (5) 13 13 — — — — Total contractual obligations $ 4,560 $ 1,984 $ 224 $ 1,115 $ 1,141 $ 96 Payment Due By Period Contractual Obligations Total Less than 1 Year 1-3 Years 4-5 Years More than 5 Years All Other (In millions) 1.00% Convertible Notes (1) $ 831 $ 831 $ — $ — $ — $ — Long-term debt (2) 2,430 54 162 1,086 1,128 — Inventory purchase obligations 1,001 1,001 — — — — Operating leases (3) 140 42 56 29 13 — Uncertain tax positions, interest and penalties (4) 96 — — — — 96 Capital purchase obligations 38 38 — — — — Capital lease 11 5 6 — — — Restructuring related obligation (5) 13 13 — — — — Total contractual obligations $ 4,560 $ 1,984 $ 224 $ 1,115 $ 1,141 $ 96 | Capital purchase obligations | 3",Manual approval,Manually accepted from review ledger
NVDA,2018-01-28,2018-02-28,,1466000000.0,,https://www.sec.gov/Archives/edgar/data/1045810/000104581018000010/nvda-2018x10k.htm,"Payment Due By Period Contractual Obligations Total Less than 1 Year 1-3 Years 4-5 Years More than 5 Years All Other (In millions) Long-term debt (1) $ 2,376 $ 54 $ 162 $ 1,064 $ 1,096 $ — Inventory purchase obligations 1,331 1,331 — — — — Transition tax payable (2) 401 32 64 64 241 — Uncertain tax positions, interest and penalties (3) 190 — — — — 190 Operating leases 246 63 103 69 11 — Capital purchase obligations 135 135 — — — — 1.00% Convertible Notes (4) 15 15 — — — — Total contractual obligations $ 4,694 $ 1,630 $ 329 $ 1,197 $ 1,348 $ 190 Payment Due By Period Contractual Obligations Total Less than 1 Year 1-3 Years 4-5 Years More than 5 Years All Other (In millions) Long-term debt (1) $ 2,376 $ 54 $ 162 $ 1,064 $ 1,096 $ — Inventory purchase obligations 1,331 1,331 — — — — Transition tax payable (2) 401 32 64 64 241 — Uncertain tax positions, interest and penalties (3) 190 — — — — 190 Operating leases 246 63 103 69 11 — Capital purchase obligations 135 135 — — — — 1.00% Convertible Notes (4) 15 15 — — — — Total contractual obligations $ 4,694 $ 1,630 $ 329 $ 1,197 $ 1,348 $ 190 | Inventory purchase obligations | 1,331 | | | 1,331 | | | — | | | — | | | — | | | — | || Payment Due By Period Contractual Obligations Total Less than 1 Year 1-3 Years 4-5 Years More than 5 Years All Other (In millions) Long-term debt (1) $ 2,376 $ 54 $ 162 $ 1,064 $ 1,096 $ — Inventory purchase obligations 1,331 1,331 — — — — Transition tax payable (2) 401 32 64 64 241 — Uncertain tax positions, interest and penalties (3) 190 — — — — 190 Operating leases 246 63 103 69 11 — Capital purchase obligations 135 135 — — — — 1.00% Convertible Notes (4) 15 15 — — — — Total contractual obligations $ 4,694 $ 1,630 $ 329 $ 1,197 $ 1,348 $ 190 Payment Due By Period Contractual Obligations Total Less than 1 Year 1-3 Years 4-5 Years More than 5 Years All Other (In millions) Long-term debt (1) $ 2,376 $ 54 $ 162 $ 1,064 $ 1,096 $ — Inventory purchase obligations 1,331 1,331 — — — — Transition tax payable (2) 401 32 64 64 241 — Uncertain tax positions, interest and penalties (3) 190 — — — — 190 Operating leases 246 63 103 69 11 — Capital purchase obligations 135 135 — — — — 1.00% Convertible Notes (4) 15 15 — — — — Total contractual obligations $ 4,694 $ 1,630 $ 329 $ 1,197 $ 1,348 $ 190 | Capital purchase obligations | 135 | | | 135 | | | — | | | — | | | — | | | — |",Manual approval,Manually accepted from review ledger
NVDA,2019-01-27,2019-02-21,,1170000000.0,,https://www.sec.gov/Archives/edgar/data/1045810/000104581019000023/nvda-2019x10k.htm,"Payment Due By Period Contractual Obligations Total Less than 1 Year 1-3 Years 4-5 Years More than 5 Years All Other (In millions) Long-term debt (1) $ 2,302 $ 54 $ 1,100 $ 64 $ 1,084 $ — Inventory purchase obligations 912 912 — — — — Transition tax payable (2) 384 33 67 96 188 — Uncertain tax positions, interest and penalties (3) 163 — — — — 163 Operating leases 683 100 187 131 265 — Capital purchase obligations 258 192 66 — — — Total contractual obligations $ 4,702 $ 1,291 $ 1,420 $ 291 $ 1,537 $ 163 Payment Due By Period Contractual Obligations Total Less than 1 Year 1-3 Years 4-5 Years More than 5 Years All Other (In millions) Long-term debt (1) $ 2,302 $ 54 $ 1,100 $ 64 $ 1,084 $ — Inventory purchase obligations 912 912 — — — — Transition tax payable (2) 384 33 67 96 188 — Uncertain tax positions, interest and penalties (3) 163 — — — — 163 Operating leases 683 100 187 131 265 — Capital purchase obligations 258 192 66 — — — Total contractual obligations $ 4,702 $ 1,291 $ 1,420 $ 291 $ 1,537 $ 163 | Inventory purchase obligations | 912 | | | 912 | | | — | | | — | | | — | | | — | || Payment Due By Period Contractual Obligations Total Less than 1 Year 1-3 Years 4-5 Years More than 5 Years All Other (In millions) Long-term debt (1) $ 2,302 $ 54 $ 1,100 $ 64 $ 1,084 $ — Inventory purchase obligations 912 912 — — — — Transition tax payable (2) 384 33 67 96 188 — Uncertain tax positions, interest and penalties (3) 163 — — — — 163 Operating leases 683 100 187 131 265 — Capital purchase obligations 258 192 66 — — — Total contractual obligations $ 4,702 $ 1,291 $ 1,420 $ 291 $ 1,537 $ 163 Payment Due By Period Contractual Obligations Total Less than 1 Year 1-3 Years 4-5 Years More than 5 Years All Other (In millions) Long-term debt (1) $ 2,302 $ 54 $ 1,100 $ 64 $ 1,084 $ — Inventory purchase obligations 912 912 — — — — Transition tax payable (2) 384 33 67 96 188 — Uncertain tax positions, interest and penalties (3) 163 — — — — 163 Operating leases 683 100 187 131 265 — Capital purchase obligations 258 192 66 — — — Total contractual obligations $ 4,702 $ 1,291 $ 1,420 $ 291 $ 1,537 $ 163 | Capital purchase obligations | 258 | | | 192 | | | 66 | | | — | | | — | | | — |",Manual approval,Manually accepted from review ledger
NVDA,2020-01-26,2020-02-20,,1342000000.0,,https://www.sec.gov/Archives/edgar/data/1045810/000104581020000010/nvda-2020x10k.htm,"Payment Due By Period Contractual Obligations Total Less than 1 Year 1-3 Years 4-5 Years More than 5 Years (In millions) Long-term debt (1) $ 2,248 $ 54 $ 1,078 $ 64 $ 1,052 Inventory purchase obligations 1,156 1,156 — — — Transition tax payable (2) 351 33 67 146 105 Operating leases (3) 773 121 219 141 292 Capital purchase obligations 186 186 — — — Total contractual obligations $ 4,714 $ 1,550 $ 1,364 $ 351 $ 1,449 Payment Due By Period Contractual Obligations Total Less than 1 Year 1-3 Years 4-5 Years More than 5 Years (In millions) Long-term debt (1) $ 2,248 $ 54 $ 1,078 $ 64 $ 1,052 Inventory purchase obligations 1,156 1,156 — — — Transition tax payable (2) 351 33 67 146 105 Operating leases (3) 773 121 219 141 292 Capital purchase obligations 186 186 — — — Total contractual obligations $ 4,714 $ 1,550 $ 1,364 $ 351 $ 1,449 | Inventory purchase obligations | 1,156 | | | 1,156 | | | — | | | — | | | — | || Payment Due By Period Contractual Obligations Total Less than 1 Year 1-3 Years 4-5 Years More than 5 Years (In millions) Long-term debt (1) $ 2,248 $ 54 $ 1,078 $ 64 $ 1,052 Inventory purchase obligations 1,156 1,156 — — — Transition tax payable (2) 351 33 67 146 105 Operating leases (3) 773 121 219 141 292 Capital purchase obligations 186 186 — — — Total contractual obligations $ 4,714 $ 1,550 $ 1,364 $ 351 $ 1,449 Payment Due By Period Contractual Obligations Total Less than 1 Year 1-3 Years 4-5 Years More than 5 Years (In millions) Long-term debt (1) $ 2,248 $ 54 $ 1,078 $ 64 $ 1,052 Inventory purchase obligations 1,156 1,156 — — — Transition tax payable (2) 351 33 67 146 105 Operating leases (3) 773 121 219 141 292 Capital purchase obligations 186 186 — — — Total contractual obligations $ 4,714 $ 1,550 $ 1,364 $ 351 $ 1,449 | Capital purchase obligations | 186 | | | 186 | | | — | | | — | | | — |",Manual approval,Manually accepted from review ledger
NVDA,2022-01-30,2022-03-18,,1580000000.0,,https://www.sec.gov/Archives/edgar/data/1045810/000104581022000036/nvda-20220130.htm,"We have entered into several long-term supply agreements, under which we have made advance payments and have $ 1.58 billion remaining unpaid. || Total future unconditional purchase commitments as of January 30, 2022, are as follows: 71 Table of Contents NVIDIA CORPORATION AND SUBSIDIARIES NOTES TO THE CONSOLIDATED FINANCIAL STATEMENTS (Continued) In March 2022, we entered into a supply agreement with payments of $ 670 million to be paid over nine years .",High,Auto-accepted; filing review recommended
NVDA,2023-01-29,2023-02-24,,810000000.0,,https://www.sec.gov/Archives/edgar/data/1045810/000104581023000017/nvda-20230129.htm,"We have entered into several long-term supply agreements, under which we have made advance payments and have $ 810 million remaining unpaid.",High,Auto-accepted; filing review recommended
NVDA,2024-01-28,2024-02-21,,16100000000.0,,https://www.sec.gov/Archives/edgar/data/1045810/000104581024000029/nvda-20240128.htm,"As of January 28, 2024, we had outstanding inventory purchase and long-term supply and capacity obligations totaling $ 16.1 billion.",High,Auto-accepted; filing review recommended
NVDA,2025-01-26,2025-02-26,,30800000000.0,,https://www.sec.gov/Archives/edgar/data/1045810/000104581025000023/nvda-20250126.htm,"As of January 26, 2025, we had outstanding inventory purchase and long-term supply and capacity obligations totaling $ 30.8 billion, an increase from the prior year led by commitments, capacity and components for new product introductions, including our new Blackwell architecture.",High,Auto-accepted; filing review recommended
NVDA,2025-04-27,2025-05-28,,29800000000.0,,https://www.sec.gov/Archives/edgar/data/1045810/000104581025000116/nvda-20250427.htm,"As of April 27, 2025, we had outstanding inventory purchase and long-term supply and capacity obligations totaling $ 29.8 billion, an increase from the prior year led by commitments, capacity and components for our Blackwell architecture.",High,Auto-accepted; filing review recommended
NVDA,2026-01-25,2026-02-25,,,3500000000.0,https://www.sec.gov/Archives/edgar/data/1045810/000104581026000021/nvda-20260125.htm,"We provided $3.5 billion in land, power, and shell guarantees to early‑stage companies, generally over multi‑year periods.",High,Auto-accepted; filing review recommended
ORCL,2014-05-31,2014-06-26,,510000000.0,,https://www.sec.gov/Archives/edgar/data/1341439/000119312514251351/d725622d10k.htm,| Purchase obligations and other (3) | | | 510 | | | | 469 | | | | 28 | | | | 12 | | | | 1 | | | | — | | | | — |,Manual approval,Manually accepted from review ledger
ORCL,2015-05-31,2015-06-25,,1181000000.0,,https://www.sec.gov/Archives/edgar/data/1341439/000119312515235239/d920711d10k.htm,"Contractual Obligations: | Purchase obligations and other (3) | | | 1,181 | | | | 713 | | | | 195 | | | | 124 | | | | 85 | | | | 64 | | | | — |",Manual approval,Manually accepted from review ledger
ORCL,2016-05-31,2016-06-22,,894000000.0,,https://www.sec.gov/Archives/edgar/data/1341439/000119312516628942/d203801d10k.htm,"Contractual Obligations: The contractual obligations presented in the table below represent our estimates of future payments under fixed contractual obligations and commitments. Changes in our business needs, cancellation provisions, changing interest rates and other factors may result in actual payments differing from these estimates. We cannot provide certainty regarding the timing and amounts of payments. We have presented below a summary of the most significant assumptions used in preparing this information within the context of our consolidated financial position, results of operations and cash flows. The following is a summary of certain of our contractual obligations as of May 31, 2016: Contractual Obligations: | Purchase obligations and other (3) | | | 894 | | | | 574 | | | | 153 | | | | 91 | | | | 68 | | | | 8 | | | | — |",Manual approval,Manually accepted from review ledger
ORCL,2017-05-31,2017-06-27,,1476000000.0,,https://www.sec.gov/Archives/edgar/data/1341439/000119312517214833/d385998d10k.htm,"| Purchase obligations and other (3) | | | 1,476 | | | | 955 | | | | 243 | | | | 149 | | | | 85 | | | | 44 | | | | — |",Manual approval,Manually accepted from review ledger
ORCL,2018-05-31,2018-06-22,,1375000000.0,,https://www.sec.gov/Archives/edgar/data/1341439/000119312518201034/d568983d10k.htm,"We issued the senior notes for general corporate purposes, which may include stock repurchases, payment of cash dividends on our common stock, repayment of indebtedness and future acquisitions. Additionally, in fiscal 2018, we repaid $3.5 billion of senior notes pursuant to their terms. Additional details regarding our senior notes are included in Note 7 of Notes to Consolidated Financial Statements included elsewhere in this Annual Report. Contractual Obligations: The contractual obligations presented in the table below represent our estimates of future payments under our fixed contractual obligations and commitments. Changes in our business needs, cancellation provisions, changing interest rates and other factors may result in actual payments differing from these estimates. We cannot provide certainty regarding the timing and amounts of payments. We have presented below a summary of the most significant assumptions used in preparing this information within the context of our consolidated financial position, results of operations and cash flows. The following is a summary of certain of our contractual obligations as of May 31, 2018: Contractual Obligations: | Purchase obligations ",Manual approval,Manually accepted from review ledger
ORCL,2019-05-31,2019-06-21,,1045000000.0,,https://www.sec.gov/Archives/edgar/data/1341439/000156459019023119/orcl-10k_20190531.htm,"Year Ending May 31, (in millions) Total 2020 2021 2022 2023 2024 Thereafter Principal payments on borrowings (1) $ 56,615 $ 4,500 $ 2,631 $ 8,250 $ 3,750 $ 3,500 $ 33,984 Interest payments on borrowings (1) 25,333 1,860 1,771 1,644 1,507 1,395 17,156 Operating leases (2) 2,381 658 538 425 262 165 333 Tax obligations (3) 6,462 416 576 576 576 1,080 3,238 Purchase obligations and other (4) 1,045 661 57 22 23 23 259 Total contractual obligations $ 91,836 $ 8,095 $ 5,573 $ 10,917 $ 6,118 $ 6,163 $ 54,970 | Purchase obligations and other (4) | | | 1,045 | | | | 661 | | | | 57 | | | | 22 | | | | 23 | | | | 23 | | | | 259 |",Manual approval,Manually accepted from review ledger
ORCL,2020-05-31,2020-06-22,,1263000000.0,,https://www.sec.gov/Archives/edgar/data/1341439/000156459020030125/orcl-10k_20200531.htm,"The contractual obligations presented in the table below represent our estimates of future payments under our fixed contractual obligations and commitments. Changes in our business needs, cancellation provisions, changing interest rates and other factors may result in actual payments differing from these estimates. We cannot provide certainty regarding the timing and amounts of payments. We have presented below a summary of the most significant assumptions used in preparing this information within the context of our consolidated financial position, results of operations and cash flows. The following is a summary of our material contractual obligations as of May 31, 2020: Year Ending May 31, (in millions) Total 2021 2022 2023 2024 2025 Thereafter Principal payments on borrowings (1) $ 72,115 $ 2,631 $ 8,250 $ 3,750 $ 3,500 $ 10,000 $ 43,984 Interest payments on borrowings (1) 37,664 2,431 2,291 2,150 2,038 1,926 26,828 Operating leases (2) 2,315 616 519 350 252 192 386 Tax obligations (3) 6,046 576 576 576 1,080 1,440 1,798 Purchase obligations and other (4) 1,263 881 66 30 27 23 236 Total contractual obligations $ 119,403 $ 7,135 $ 11,702 $ 6,856 $ 6,897 $ 13,581 $ 73,232 | Purchas",Manual approval,Manually accepted from review ledger
ORCL,2025-11-30,2025-12-11,,10000000000.0,,https://www.sec.gov/Archives/edgar/data/1341439/000119312525315925/orcl-20251130.htm,"As of November 30, 2025, our unconditional purchase and certain other obligations, which were primarily related to cloud capacity arrangements, were $ 10 billion.",High,Auto-accepted; filing review recommended
ORCL,2026-02-28,2026-03-11,,11000000000.0,,https://www.sec.gov/Archives/edgar/data/1341439/000119312526101045/orcl-20260228.htm,"As of February 28, 2026 , our unconditional purchase and certain other obligations, which were primarily related to data center power arrangements, were $ 11 billion.",High,Auto-accepted; filing review recommended
SMCI,2014-06-30,2014-09-15,,211090000.0,,https://www.sec.gov/Archives/edgar/data/1375365/000144530514003958/smci-2014630x10k.htm,"Payments Due by Period Less Than 1 Year 1 to 3 Years 3 to 5 Years More Than 5 Years Total (in thousands) Operating leases $ 3,265 $ 1,259 $ 2 $ — $ 4,526 Capital leases, including interest 103 189 96 — 388 Long-term debt, including interest (1) 42,648 3,781 — — 46,429 Purchase commitments (2) 211,064 26 — — 211,090 Total (3) $ 257,080 $ 5,255 $ 98 $ — $ 262,433 Payments Due by Period Less Than 1 Year 1 to 3 Years 3 to 5 Years More Than 5 Years Total (in thousands) Operating leases $ 3,265 $ 1,259 $ 2 $ — $ 4,526 Capital leases, including interest 103 189 96 — 388 Long-term debt, including interest (1) 42,648 3,781 — — 46,429 Purchase commitments (2) 211,064 26 — — 211,090 Total (3) $ 257,080 $ 5,255 $ 98 $ — $ 262,433 | Purchase commitments (2) | 211,064 | | | 26 | | | — | | | — | | | 211,090 |",Manual approval,Manually accepted from review ledger
SMCI,2016-06-30,2016-08-26,,334010000.0,,https://www.sec.gov/Archives/edgar/data/1375365/000162828016019274/smci-2016630x10k.htm,"Payments Due by Period Less Than 1 Year 1 to 3 Years 3 to 5 Years More Than 5 Years Total (in thousands) Operating leases $ 4,271 $ 7,622 $ 5,399 $ 2,631 $ 19,923 Capital leases, including interest 261 429 132 — 822 Debt, including interest (1) 54,370 21,041 20,358 — 95,769 Purchase commitments (2) 334,010 — — — 334,010 Total (3) $ 392,912 $ 29,092 $ 25,889 $ 2,631 $ 450,524 Payments Due by Period Less Than 1 Year 1 to 3 Years 3 to 5 Years More Than 5 Years Total (in thousands) Operating leases $ 4,271 $ 7,622 $ 5,399 $ 2,631 $ 19,923 Capital leases, including interest 261 429 132 — 822 Debt, including interest (1) 54,370 21,041 20,358 — 95,769 Purchase commitments (2) 334,010 — — — 334,010 Total (3) $ 392,912 $ 29,092 $ 25,889 $ 2,631 $ 450,524 | Purchase commitments (2) | 334,010 | | | — | | | — | | | — | | | 334,010 |",Manual approval,Manually accepted from review ledger
SMCI,2019-06-30,2019-12-19,,299788000.0,3200000.0,https://www.sec.gov/Archives/edgar/data/1375365/000137536519000079/smci-2019630x10k.htm,"As of June 30, 2019, a $3.2 million letter of credit was outstanding under the 2018 Bank of America Credit Facility. || Payments Due by Period Less Than 1 Year 1 to 3 Years 3 to 5 Years More Than 5 Years Total (in thousands) Operating leases $ 6,582 $ 6,270 $ 2,341 $ 2,279 $ 17,472 Capital leases, including interest 164 143 1 — 308 Debt, including interest (1) 23,906 — — — 23,906 Purchase commitments (2) 299,542 246 — — 299,788 Total (3) $ 330,194 $ 6,659 $ 2,342 $ 2,279 $ 341,474 Payments Due by Period Less Than 1 Year 1 to 3 Years 3 to 5 Years More Than 5 Years Total (in thousands) Operating leases $ 6,582 $ 6,270 $ 2,341 $ 2,279 $ 17,472 Capital leases, including interest 164 143 1 — 308 Debt, including interest (1) 23,906 — — — 23,906 Purchase commitments (2) 299,542 246 — — 299,788 Total (3) $ 330,194 $ 6,659 $ 2,342 $ 2,279 $ 341,474 | Purchase commitments (2) | 299,542 | | | 246 | | | — | | | — | | | 299,788 |",Manual approval,Manually accepted from review ledger
SMCI,2020-06-30,2020-08-31,,193600000.0,6400000.0,https://www.sec.gov/Archives/edgar/data/1375365/000137536520000064/smci-2020630x10k.htm,"As of June 30, 2020, we had no outstanding borrowings and we had a $6.4 million letter of credit outstanding under this facility. || : Payments Due by Period Less Than 1 Year 1 to 3 Years 3 to 5 Years More Than 5 Years Total (in thousands) Operating lease obligations $ 7,073 $ 9,942 $ 8,530 $ 956 $ 26,501 Debt, including interest (1) 23,740 70 1,675 4,055 29,540 Purchase commitments (2) 192,419 1,181 — — 193,600 Total (3) $ 223,232 $ 11,193 $ 10,205 $ 5,011 $ 249,641 Payments Due by Period Less Than 1 Year 1 to 3 Years 3 to 5 Years More Than 5 Years Total (in thousands) Operating lease obligations $ 7,073 $ 9,942 $ 8,530 $ 956 $ 26,501 Debt, including interest (1) 23,740 70 1,675 4,055 29,540 Purchase commitments (2) 192,419 1,181 — — 193,600 Total (3) $ 223,232 $ 11,193 $ 10,205 $ 5,011 $ 249,641 | Purchase commitments (2) | 192,419 | | | 1,181 | | | — | | | — | | | 193,600 |",Manual approval,Manually accepted from review ledger
SMCI,2021-06-30,2021-08-27,,569800000.0,,https://www.sec.gov/Archives/edgar/data/1375365/000137536521000060/smci-20210630.htm,"As noted in Note 16, ""Commitments and Contingencies"", we have current obligations related to noncancelable purchase commitments of $569.8 million.",High,Auto-accepted; filing review recommended
SMCI,2022-06-30,2022-08-29,,591200000.0,,https://www.sec.gov/Archives/edgar/data/1375365/000137536522000103/smci-20220630.htm,"As noted in Part II, Item 8, Note 15, ""Commitments and Contingencies"", we have current obligations related to noncancelable purchase commitments of $562.9 million. || The Company intends to fund its proportionate share of the land purchased under the Agreement which is estimated to be approximately NTD 789.0 million (or approximately US $ 28.3 million) from either available cash and/or borrowings under loan agreements to which the Subsidiary is a party in Taiwan.",High,Auto-accepted; filing review recommended
SMCI,2023-06-30,2023-08-28,,2300000000.0,,https://www.sec.gov/Archives/edgar/data/1375365/000137536523000036/smci-20230630.htm,"As noted in Part II, Item 8, Note 12, ""Commitments and Contingencies"", we have current obligations related to noncancelable purchase commitments of $2.3 billion.",High,Auto-accepted; filing review recommended
SMCI,2024-06-30,2025-02-25,,6200000000.0,,https://www.sec.gov/Archives/edgar/data/1375365/000137536525000004/smci-20240630.htm,"As noted in Note 13, ""Commitments and Contingencies"" in the Notes to the Consolidated Financial Statements, we have current obligations related to non-cancelable purchase commitments of $6.2 billion.",High,Auto-accepted; filing review recommended
SMCI,2025-06-30,2025-08-28,117700000.0,1600000000.0,,https://www.sec.gov/Archives/edgar/data/1375365/000137536525000027/smci-20250630.htm,"As noted in Note 13, “Commitments and Contingencies” in the notes to the consolidated financial statements, we have current obligations related to non-cancelable purchase commitments of $1.6 billion. || Pursuant to the data center lease agreement dated June 14, 2025, we anticipate making an approximately $117.7 million lease payment subject to the remaining tranches expected to commence on October 2, 2025, which is not reflected in the consolidated balance sheets as the lease has not commenced.",High,Auto-accepted; filing review recommended
SMCI,2025-09-30,2025-11-07,,11600000000.0,,https://www.sec.gov/Archives/edgar/data/1375365/000137536525000030/smci-20250930.htm,"As noted in Note 13, “Commitments and Contingencies” in the notes to the condensed consolidated financial statements, we have current obligations related to non-cancelable purchase commitments of $11.6 billion .",High,Auto-accepted; filing review recommended
SMCI,2025-12-31,2026-02-06,,3900000000.0,,https://www.sec.gov/Archives/edgar/data/1375365/000137536526000007/smci-20251231.htm,"As noted in Note 13, “Commitments and Contingencies” in the notes to the condensed consolidated financial statements, we have current obligations related to non-cancelable purchase commitments of $3.9 billion .",High,Auto-accepted; filing review recommended
SMCI,2026-03-31,2026-05-11,,10100000000.0,,https://www.sec.gov/Archives/edgar/data/1375365/000137536526000014/smci-20260331.htm,"As noted in Note 14, “Commitments and Contingencies”, in the notes to the condensed consolidated financial statements, we have current obligations related to non-cancelable purchase commitments of $10.1 billion .",High,Auto-accepted; filing review recommended
