State,County,Operator,Facility,Square Feet,Latitude,Longitude,Type
DC,District of Columbia,CoreSite,CoreSite DC1,,38.902887900000046,-77.0291491,point
NM,Bernalillo County,,Southwest Cyberport,,35.10329250000003,-106.5893487,point
OR,Josephine County,,FCR,,42.43788240000002,-123.3286299,point
CA,San Diego County,,SDSU Computer Room,,32.77502519999998,-117.070888,point
FL,Miami-Dade County,,NocRoom Miami IT Services,,25.7915453,-80.3177484,point
FL,Miami-Dade County,,NocRoom Miami IT Services,,25.646561700000035,-80.4234346,point
LA,East Baton Rouge Parish,,Center for Computation & Technology (CCT),,30.407446,-91.1725454,point
GA,Fulton County,Google,Google Fiber,,33.77156769999996,-84.3668585,point
CA,Alameda County,,Open Computing Facility,,37.86985210000005,-122.25982310000002,point
VA,Lynchburg city,,Lumos Networks,,37.415688,-79.1427063,point
OK,Oklahoma County,,Rack59 Data Center,,35.4672049,-97.6497453,point
NM,Bernalillo County,Oso Grande,Oso Grande,,35.0925015,-106.6536712,point
NV,Storey County,Switch,Switch Tahoe Reno - The Citadel Campus,,39.51409629999995,-119.4795921,point
WV,Morgan County,,Morgan Wireless,,39.6309851,-78.2253196,point
TX,Dallas County,,VIRTBIZ,,32.7825463,-96.7828145,point
ME,Cumberland County,FirstLight,FirstLight Data Center,,43.657838799999986,-70.26137850000002,point
IN,Tippecanoe County,,Learning GIS!,,40.42179,-86.9141546,point
IN,Tippecanoe County,,Agricultural and Biological Engineering,,40.4218543,-86.9165454,point
NC,Durham County,,Windstream Communications,,35.881397,-78.851552,point
NC,Durham County,,Level 3 Communications,,35.881364,-78.8515726,point
AZ,Maricopa County,,OptimumHQ,,33.38041490000001,-111.7526684,point
AZ,Maricopa County,,The Chatfield Group,,33.380601,-111.7528888,point
AZ,Maricopa County,,All About Serving Process Server,,33.31991570000004,-111.809686,point
AZ,Maricopa County,,Emailage,,33.302965,-111.8405386,point
AZ,Maricopa County,,Alliance Technology,,33.3799862,-111.728405,point
GA,Fulton County,Digital Realty,Atlanta ATL13,,33.7555186,-84.3914814,point
WI,Milwaukee County,,Data Holdings Data Center,,43.04394079999997,-87.9539794,point
CA,Santa Clara County,"Stack Infrastructure, Incorporated",STACK Infrastructure,,37.402744900000016,-121.891051,point
CA,Santa Clara County,"Stack Infrastructure, Incorporated",STACK Infrastructure,,37.4026341,-121.891057,point
CA,San Luis Obispo County,,Digital West Data Center,,35.25531619999998,-120.64151280000002,point
MI,Macomb County,Dennis Sampier,Chick-fil-A Hiring Center,,42.62794240000004,-82.98839390000002,point
CT,Capitol Planning Region,,Ergonomic Group,,41.7070776,-72.5898636,point
CA,Santa Clara County,CoreSite,San Jose Colocation Center,,37.3341181,-121.891646,point
TX,Montgomery County,,Stream Data Centers Houston,,30.178136500000015,-95.4860464,point
MD,Baltimore city,Crown Castle Fiber,Crown Castle Baltimore,,39.2877017,-76.6064893,point
MD,Baltimore city,AiNET,AiNET One Market Center,,39.2917583,-76.6203737,point
VA,Fairfax County,Lumen Technologies,Lumen McLean,,38.9208538,-77.2115713,point
WI,Milwaukee County,,TierPoint Milwaukee,,43.00937789999995,-87.9610618,point
NY,Erie County,,Frontier Science,,42.990201099999986,-78.8123836,point
NM,Bernalillo County,,505 Marquette,,35.088628899999954,-106.65264560000001,point
NM,Bernalillo County,bigbyte.cc,123 Central,,35.08444940000002,-106.6489853,point
MO,Jackson County,,,,39.101181600000075,-94.57882090000001,point
MO,Jackson County,,Netrality Data Centers,,39.10090709999998,-94.5811452,point
PR,Guaynabo Municipio,Microsoft,Microsoft,,18.41743590000001,-66.10898950000002,point
IL,Cook County,Netrality,Netrality,,41.872881100000015,-87.63344,point
NC,Durham County,Duke Libraries,Brandaleone Lab for Data and Visualization,,36.00309929999997,-78.9385323,point
TN,Roane County,Oak Ridge National Laboratory,Frontier (supercomputer),,35.92951329999998,-84.310567,point
CA,San Francisco County,Ntirety,,,37.7796531,-122.3940005,point
AZ,Maricopa County,,VaultLogix,,33.627367,-111.9017033,point
AZ,Maricopa County,,Profit Finder Pro Software,,33.6272477,-111.9020476,point
AZ,Maricopa County,,DataPro USA Web Development,,33.61166239999997,-111.9139825,point
CA,Contra Costa County,,e360,,37.971080899999976,-122.0437382,point
AZ,Maricopa County,,K-Motion Interactive,,33.63448429999997,-111.8843457,point
IL,Cook County,,West Monroe,,41.8805271,-87.6359383,point
AZ,Maricopa County,,Iron Mountain Data Centers AZS-1,,33.64466630000003,-111.8960985,point
IL,Cook County,CoreSite,CoreSite Chicago Data Center (CH1),,41.8759405,-87.6314655,point
AZ,Maricopa County,,Accelera Data Systems,,33.664745499999945,-112.1117142,point
MD,Baltimore County,Expedient,Expedient Owings Mills,,39.4273178,-76.8115503,point
MD,Baltimore city,Lumen Technologies,Lumen Baltimore,,39.29175920000002,-76.6204024,point
MD,Baltimore city,Expedient,Expedient Tidepoint,,39.2746554,-76.5916709,point
CO,Arapahoe County,Flexential,Flexential - Denver - Centennial Data Center,,39.59387330000001,-104.8431597,point
OR,Lane County,,EarthClick.net LLC,,43.7971554,-123.05594560000002,point
AZ,Maricopa County,EdgeConneX,EdgeConneX Data Center,,33.39558550000002,-111.9700762,point
MI,Monroe County,,,,41.8072817,-83.6276287,point
CA,Riverside County,,IT,,33.9102899,-117.5030207,point
AZ,Maricopa County,,"Alembic Computer Services, Inc.",,33.40513069999998,-111.9773353,point
AZ,Maricopa County,,J-Curve Technologies,,33.413185599999956,-111.9711539,point
OH,Butler County,Flexential,Flexential Cincinnati,,39.31593130000003,-84.44946380000002,point
CO,Denver County,Flexential,Flexential Denver - Downtown,,39.74597020000002,-104.9941589,point
FL,Duval County,Flexential,Flexential Jacksonville,,30.2457482,-81.5817226,point
CO,Arapahoe County,Flexential,Flexential - Denver - Aurora,,39.66104880000002,-104.8488321,point
TN,Williamson County,Flexential,Flexential Nashville - Brentwood,,35.972729399999956,-86.8084949,point
NC,Wake County,Flexential,Flexential Raleigh,,35.8505281,-78.8291431,point
FL,Hillsborough County,Flexential,Flexential Tampa - West,,28.037299100000027,-82.5399781,point
UT,Utah County,Flexential,Flexential Salt Lake City - Lindon,,40.332648,-111.7278754,point
NY,New York County,Digital Realty,Digital Realty New York JFK12,,40.7176766,-74.0084414,point
GA,Fulton County,CoreSite,CoreSite AT1,,33.75598569999999,-84.3911712,point
NM,Bernalillo County,UNM,UNM Data Center,,35.08673849999998,-106.6153476,point
CA,Santa Clara County,Prime,Prime Santa Clara,,37.3666621,-121.9628653,point
NJ,Middlesex County,,Open Data Centers Piscataway,,40.55035010000003,-74.4568563,point
NJ,Hudson County,H5,H5 Secaucus,,40.7853948,-74.0750122,point
CA,Santa Clara County,,"Forescout Technologies, Inc.",,37.322867500000015,-121.9474176,point
NY,Albany County,Lumen Technologies,Lumen Albany 4,,42.73563079999996,-73.818665,point
NJ,Mercer County,,501 West,,40.315558,-74.6688514,point
NY,Kings County,Dataverge,Dataverge,,40.6576957,-74.0048163,point
OK,Tulsa County,,TulsaConnect DC3,,36.09947349999995,-95.8382826,point
AZ,Maricopa County,,Comarch,,33.35667870000003,-111.6352356,point
VA,Loudoun County,Equinix,Equinix,,39.0137917,-77.45379770000001,point
VA,Loudoun County,NTT,NTT Ashburn VA7 Data Center,,39.01601419999996,-77.471954,point
VA,Prince William County,NTT,NTT VA11 Data Center,,38.79997309999995,-77.6099636,point
WI,Dane County,Lumen Technologies,Lumen Madison 1 Data Center,,43.0677161,-89.3922794,point
NV,Clark County,Fiberhub,Fiberhub LAS1,,36.065940500000025,-115.1398835,point
PA,Montgomery County,,DāStor: 3400 Horizon Drive,,40.0879189,-75.3397205,point
WA,Snohomish County,,,,47.95874409999997,-122.19153160000002,point
NJ,Middlesex County,,Verizon,105786.0,40.544255575339086,-74.49652096385213,building
NM,Bernalillo County,Sandia National Laboratories,HPC,158463.0,35.04994198140703,-106.54282204012988,building
NJ,Union County,Barclays,Barclays Datacenter,94373.0,40.64375303305022,-74.2854811685437,building
MD,Anne Arundel County,AiNET,CyberNAP Glen Burnie,89879.0,39.14024170792839,-76.60643112564962,building
ND,Cass County,,Dakota Carrier Network,25931.0,46.815096871160755,-96.84432644133295,building
VA,Prince William County,Microsoft,Microsoft Data Center 1,248706.0,38.802411123405435,-77.58237918460041,building
TX,Tarrant County,Cyxtera,Cyxtera Dallas-Fort Worth Data Center,309104.0,32.83271789531522,-97.04104164357379,building
TX,Dallas County,Equinix,Equinix Infomart,239835.0,32.800943223354516,-96.81951054615745,building
MA,Middlesex County,,CoreSite BO1,133960.0,42.37670588441372,-71.07975761785328,building
CA,Los Angeles County,United States Postal Service,USPO Terminal Annex,99270.0,34.05810223750122,-118.23539293786435,building
TX,Dallas County,,DataBank,43564.0,32.77830147586322,-96.79843729423008,building
OH,Warren County,CyrusOne,CyrusOne Cincinnati-Mason CIN3,82813.0,39.30389580652139,-84.31158000001082,building
CA,San Diego County,,LightEdge SAN1,83576.0,32.82786552245116,-117.12993394626551,building
CA,San Diego County,EdgeConneX,EdgeConneX San Diego,39204.0,32.84230866175551,-117.16934498916471,building
CA,Sacramento County,NTT,RagingWire CA2,204702.0,38.65039952664551,-121.4919460999218,building
CA,Sacramento County,NTT,RagingWire CA1,192302.0,38.6504318296716,-121.48918647194274,building
CA,Santa Clara County,Equinix,Equinix SV1,135022.0,37.241586803622475,-121.78332012554078,building
OH,Hamilton County,,,13074.0,39.29404817711078,-84.41211321321835,building
CA,Santa Clara County,Lumen Technologies,Lumen Sunnyvale 1,77132.0,37.37343914717909,-121.98781298708595,building
CA,Santa Clara County,,OpenColo,65471.0,37.37881629219563,-121.9559372517348,building
CA,Santa Clara County,Equinix,Equinix Santa Clara SV2,81106.0,37.378433690879675,-121.95499188032426,building
CA,Santa Clara County,Layer42,Layer42 Santa Clara,25031.0,37.37803994846724,-121.95415110295473,building
CA,Santa Clara County,Digital Realty,Digital Realty Silicon Valley SJC34,129242.0,37.37238819600702,-121.97361948707294,building
CA,Santa Clara County,Csquare,Csquare SFO1,92193.0,37.37151904950224,-121.96969744699749,building
CA,Santa Clara County,Vantage,,89293.0,37.37338590969103,-121.97269294062247,building
GA,Fulton County,,Strategic Datasphere,127487.0,34.094797397146834,-84.23569669805588,building
GA,Fulton County,Flexential,Flexential Atlanta - Alpharetta Data Center,74814.0,34.08700522015896,-84.25175214578698,building
GA,Fulton County,,Secure Data Center,184012.0,34.09370760877427,-84.25087563573244,building
CA,Santa Clara County,Cologix,Cologix Santa Clara SV1 Data Center,80686.0,37.365332809676644,-121.96170041834213,building
MO,St. Louis city,,Netrality Data Centers,23093.0,38.629261583814454,-90.19717483469691,building
MN,Hennepin County,,,51180.0,44.99145768178521,-93.28029157264127,building
VA,Prince William County,,,52906.0,38.8034145956349,-77.51057747982038,building
VA,Prince William County,Amazon Web Services,Amazon IAD11,122474.0,38.7905000091204,-77.54111111952334,building
VA,Prince William County,Amazon Web Services,Amazon IAD24,31388.0,38.79035015234267,-77.54000633941989,building
VA,Prince William County,Amazon Web Services,Amazon IAD7,109423.0,38.791203747135164,-77.53827709190358,building
OH,Hamilton County,CyrusOne,CyrusOne CIN2,29534.0,39.102694860422,-84.5178975375086,building
VA,Prince William County,Digital Realty,VA 4,263538.0,38.778111267694825,-77.59487615343248,building
VA,Loudoun County,Amazon Web Services,Amazon IAD10,112726.0,39.02164555421083,-77.43287558094706,building
VA,Loudoun County,Amazon Web Services,Amazon IAD32,35700.0,39.021569324905784,-77.43479445424036,building
OR,Washington County,NTT,NTT RagingWire Data Center,260339.0,45.54958398305162,-122.93739288565135,building
VA,Loudoun County,Centersquare,Centersquare IAD1-B,79070.0,39.023907303402744,-77.41518976104278,building
VA,Loudoun County,Centersquare,Centersquare IAD1-A,89830.0,39.02332121137023,-77.41320102441203,building
VA,Loudoun County,Centersquare,Centersquare IAD1-C,135383.0,39.02475554834784,-77.41220366109692,building
MN,Carver County,Flexential,Flexential Minneapolis - Chaska,135505.0,44.851592872460415,-93.59883127267699,building
CO,Denver County,,Pearl Plaza Office Building,48787.0,39.7452303524917,-104.9793322493064,building
CA,Santa Clara County,Csquare,Csquare SFO2,146098.0,37.39757919519815,-121.98086935124525,building
CA,Santa Clara County,Csquare,Csquare SFO2,115693.0,37.398618330654124,-121.98111165297756,building
CA,Santa Clara County,Quality Technology Services,QTS Santa Clara 1,32173.0,37.3939837776226,-121.9783096948657,building
CA,Santa Clara County,CoreSite,CoreSite SV3,57809.0,37.375142093130535,-121.97170937319942,building
CA,Santa Clara County,CoreSite,CoreSite SV6,61065.0,37.37630188107878,-121.9720837996958,building
CA,Santa Clara County,CoreSite,CoreSite SV8,41609.0,37.37738265663316,-121.97184005129327,building
CA,Santa Clara County,CoreSite,CoreSite SV5,50856.0,37.37519609893816,-121.97068979279838,building
CA,Santa Clara County,CoreSite,CoreSite SV9,60403.0,37.37555851562927,-121.9696099700001,building
CA,Santa Clara County,Quality Technology Services,QTS Santa Clara 2,36808.0,37.392721680369995,-121.97839685413798,building
VA,Loudoun County,Stack Infrastructure,STACK NVA01A - Northern Virginia,179330.0,39.00469915095735,-77.44176407064174,building
MN,Hennepin County,,Minnesota Gateway Data Center,87697.0,44.971301851540524,-93.25465186950477,building
NY,Albany County,,IBM Building,15355.0,42.64935307482799,-73.75274524524227,building
MI,Wayne County,Verizon Wireless,,24933.0,42.32626638267386,-83.07698605863366,building
NH,Strafford County,University of New Hampshire,,30553.0,43.14361852278147,-70.95247263094524,building
VA,Fairfax County,Digital Realty,VA3,96241.0,38.94846385537976,-77.32729535293994,building
VA,Fairfax County,Evocative,IAD1,19325.0,38.948816283696026,-77.32940997281177,building
VA,Fairfax County,CoreSite,CoreSite Reston Campus VA1,138035.0,38.95058588476482,-77.36454759568812,building
VA,Fairfax County,CoreSite,CoreSite Reston VA3,249707.0,38.948467566191745,-77.37236980332835,building
NH,Rockingham County,FirstLight,,9316.0,43.076119257940064,-70.80804278053505,building
CO,Denver County,,Insurance Exchange Building,19807.0,39.74557178480439,-104.99569107436942,building
MD,Montgomery County,Lincoln Rackhouse,Lincoln Rackhouse Maryland,146301.0,39.058562876001396,-76.96432170852862,building
OH,Warren County,,CyrusOne Cincinnati-Lebanon,198403.0,39.389018743304874,-84.22187533046083,building
NJ,Hudson County,Equinix,Equinix NY7 Data Center,68650.0,40.796863665422755,-74.03114084082605,building
CA,Santa Clara County,Equinix,Equinix SV4,122369.0,37.414564315001705,-122.01457953685339,building
TX,Bexar County,H5 Data Centers,H5 Data Centers San Antonio,20898.0,29.429371203329154,-98.48690639326541,building
IA,Polk County,,Aureon,11253.0,41.58799896574003,-93.63100934781295,building
NC,Catawba County,,,564402.0,35.58801263645746,-81.2625268693149,building
CT,Greater Bridgeport Planning Region,Digital Realty,Digital Realty New York HVN10,134982.0,41.240845975747995,-73.14729942014093,building
IL,DuPage County,,Lincoln Rackhouse,70123.0,41.77216480426539,-88.21709086916937,building
IL,Cook County,Digital Realty,Digital Realty CH1,469756.0,41.9942374258667,-87.9621721611993,building
MN,Ramsey County,H5,H5 Minneapolis,108201.0,44.97225310056339,-93.14746015568033,building
AZ,Maricopa County,,Iron Mountain Records Storage,145832.0,33.42038002383983,-112.04132577986101,building
CA,Santa Clara County,Equinix,Equinix SV8,12034.0,37.4458952191873,-122.16078171269815,building
IL,Champaign County,,NCSA Petascale Computing Facility,45620.0,40.0952591082798,-88.24203140072825,building
OH,Clark County,,LexisNexus Springfield,79937.0,39.912780082512555,-83.72376141602335,building
IL,Cook County,Digital Realty,Digital Realty ORD11,9092.0,41.874293455155716,-87.6299544230533,building
AZ,Maricopa County,Lumen Technologies,Lumen,25456.0,33.494335663580785,-112.07078574015735,building
AZ,Maricopa County,,L3Harris Technologies Inc,14469.0,33.305358472652046,-111.67170400658866,building
AZ,Maricopa County,,AZ Labs,31625.0,33.30627197618172,-111.67170030895342,building
IL,Cook County,Serverfarm,Serverfarm CH1,56419.0,41.87094383153392,-87.64014138665925,building
AZ,Maricopa County,,Aligned Energy Data Center,512814.0,33.65904093166706,-112.1111681546868,building
VA,Fairfax County,,,19578.0,38.91370196270548,-77.22583813234796,building
IL,Cook County,,Lakeside Technology Center,129156.0,41.85365260553142,-87.61835925441967,building
AZ,Maricopa County,Flexential,Flexential Phoenix - Deer Valley,110023.0,33.68467413465491,-112.09835688437997,building
CA,Santa Clara County,Equinix,Equinix SV5,166314.0,37.242040468049765,-121.78183928506776,building
NE,Douglas County,Union Pacific Railroad,"Union Pacific Jack Koraleski Technology, Research & Development Center",54386.0,41.31800464008671,-96.05034469779658,building
PA,Allegheny County,,DataBank Pittsburgh PIT2,60007.0,40.45136852628799,-80.19011838169587,building
NM,Bernalillo County,,Molina Healthcare,25568.0,34.99544591929667,-106.6180344451433,building
NV,Clark County,Switch,Switch12,378533.0,36.06173889835819,-115.21329217773743,building
NV,Clark County,Switch,Switch Las Vegas 7,324714.0,36.0599251410274,-115.2102454859217,building
IL,Cook County,EdgeConneX,EdgeConneX CHI01,120191.0,42.0007751967201,-87.95076869609937,building
MD,Frederick County,,,64023.0,39.37777631106896,-77.41151850588292,building
NJ,Middlesex County,,Verizon Wireline Network Building,32247.0,40.49490313194832,-74.44309493400539,building
CA,Sacramento County,NTT,RagingWire CA3,151366.0,38.64423934979837,-121.49876273284119,building
IA,Pottawattamie County,,,227733.0,41.221485601110565,-95.86382197465201,building
CA,San Francisco County,Digital Realty,360 Spear Street Data Center,34599.0,37.78899165567791,-122.39013668594598,building
NJ,Hudson County,Equinix,Equinix New York Secaucus NY5,211455.0,40.778601776092906,-74.07230107061669,building
NJ,Hudson County,Equinix,Equinix New York Secaucus NY4,317271.0,40.77642808463356,-74.06977589855025,building
NJ,Hudson County,Equinix,Equinix NY3,274326.0,40.77485223268518,-74.06889004630656,building
NJ,Hudson County,Equinix,Equinix New York Secaucus NY2,402960.0,40.777419512398815,-74.07591694092635,building
NJ,Hudson County,Centersquare,Centersquare NYC3 Data Center,143163.0,40.78616439093752,-74.0691821816355,building
CA,Sacramento County,Quality Technology Services,QTS Sacramento,90196.0,38.64634932434983,-121.48622274438772,building
MO,Platte County,,,59078.0,39.29060065186886,-94.67586457158035,building
MO,Platte County,,,240121.0,39.29565786492794,-94.67347189937067,building
MO,Platte County,,Black Rock Financial Management,80025.0,39.29549174690983,-94.67802527431246,building
MO,Platte County,,,51140.0,39.30240570000002,-94.68479180000001,building
OK,Tulsa County,,Cherokee Data Center,414827.0,36.262546064848785,-95.91003132509714,building
IL,DuPage County,CyrusOne,CyrusOne Chicago Aurora CME,483103.0,41.796710711308634,-88.24360276405726,building
CO,Arapahoe County,,Xfinity/Comcast Data Center,51338.0,39.58830727896719,-104.83243481889166,building
IN,Monroe County,Indiana University,IU Data Center,94298.0,39.17441904115309,-86.50070264597521,building
NJ,Middlesex County,,IO Datacenter,829908.0,40.52090133951354,-74.34731684822508,building
NJ,Middlesex County,,DataBank Piscataway EWR2,50646.0,40.54921344799001,-74.45820961797183,building
NJ,Middlesex County,,Optimum,68126.0,40.54682624146539,-74.49202896146267,building
NJ,Middlesex County,Equinix,Equinix,62331.0,40.544881931988044,-74.49538057525375,building
NJ,Middlesex County,Barclays,Barclays Datacenter,352286.0,40.547244262797776,-74.45973725982067,building
NJ,Middlesex County,Digital Realty,Digital Realty New York EWR12,302795.0,40.552904504371845,-74.45930065392757,building
NJ,Middlesex County,Digital Realty,Digital Realty New York EWR11,96114.0,40.553778822975,-74.45717948150579,building
WA,King County,,Intergate Seattle East Building 2,107319.0,47.4950309,-122.29056965000002,building
WA,King County,Sabey,Intergate Seattle East Building 1,97862.0,47.494859625594295,-122.28819434207321,building
CA,Santa Clara County,Equinix,Equinix SV15,38211.0,37.37549515,-121.9884063,building
CA,Santa Clara County,Equinix,Equinix SV16,26347.0,37.3761180228337,-121.98868795323646,building
CA,Santa Clara County,Equinix,Equinix SV17,42360.0,37.376528995423726,-121.9885839131246,building
CA,Santa Clara County,Equinix,Equinix SV14,20213.0,37.37496213796006,-121.9885093245873,building
CA,Santa Clara County,CoreSite,CoreSite SV4,51928.0,37.376263105502225,-121.97068417340405,building
CA,Santa Clara County,Lumen Technologies,Lumen Santa Clara,25424.0,37.37700481452383,-121.95208193309931,building
CA,Santa Clara County,Prime,Prime Santa Clara,30065.0,37.375017216615134,-121.95324973328165,building
CA,Santa Clara County,Digital Realty,Digital Realty Silicon Valley SJC10,57051.0,37.375822905103156,-121.95333535904952,building
CA,Santa Clara County,,Colovore,24161.0,37.3767294666844,-121.953148830542,building
CA,Santa Clara County,Digital Realty,Digital Realty Silicon Valley SJC30,48539.0,37.37828897412898,-121.95810528698995,building
CA,Santa Clara County,Digital Realty,Digital Realty Silicon Valley SJC15,24615.0,37.37499655000001,-121.9540769,building
CA,Santa Clara County,Digital Realty,Digital Realty Silicon Valley SJC16,42504.0,37.37492909612392,-121.95598616989584,building
CA,Santa Clara County,Digital Realty,Digital Realty Silicon Valley SJC29,40287.0,37.3750232,-121.95809620000001,building
CA,Santa Clara County,Csquare,Csquare SFO4,27286.0,37.37577706116415,-121.9551929872298,building
CA,Santa Clara County,Prime,Prime SANTA CLARA DATA CENTER,25825.0,37.37502630610429,-121.95488070141614,building
CA,Santa Clara County,Digital Realty,Digital Realty Silicon Valley SJC11,44027.0,37.376341007159375,-121.94853104745557,building
CA,Santa Clara County,Lumen Technologies,Lumen,15840.0,37.37758479553173,-121.9506820752741,building
CA,Santa Clara County,Digital Realty,Silicon Valley SJC31,146597.0,37.37224989720611,-121.94832893020244,building
CA,Santa Clara County,,,18864.0,37.37977911175433,-121.94991004387076,building
CA,Santa Clara County,,Evocative Santa Clara SJC11,51418.0,37.389539602194105,-121.96194604419048,building
IL,Cook County,Quality Technology Services,QTS Chicago,267112.0,41.84218652573065,-87.66900815123205,building
IL,Cook County,Iron Mountain,Iron Mountain Data & Record Storage,106033.0,41.84879669088516,-87.64550983269827,building
AZ,Maricopa County,,Data Storage Centers,38109.0,33.42169287466204,-112.03430310770472,building
MA,Essex County,TierPoint,,51354.0,42.68570898636425,-71.20859932048867,building
MA,Middlesex County,Markley Group,Markley Data Center,123665.0,42.630261995886414,-71.30442370613237,building
NC,Mecklenburg County,Flexential,Flexential Charlotte - South,33741.0,35.135430649447706,-80.93687157945992,building
AZ,Maricopa County,Digital Realty,Digital Realty Data Center,67568.0,33.34464820841852,-111.89922679940673,building
WA,King County,Comcast,,8025.0,47.69332367388028,-122.3173171877123,building
VA,Fairfax County,,Equinix DC97,43991.0,38.96157142182295,-77.37742307618406,building
VA,Prince William County,Amazon Web Services,Amazon IAD-55,228140.0,38.8150615109984,-77.64876375589797,building
WA,King County,,CTI Biopharma,20600.0,47.61778780606976,-122.35669303338639,building
WA,King County,Digital Realty,Westin Building,13117.0,47.614355376759036,-122.33886422527601,building
VA,Prince William County,,COPT Data Center,127955.0,38.74728120499865,-77.53184529524445,building
CA,Santa Clara County,,Dell 350 Holger Way,45282.0,37.418407037231546,-121.94308461788358,building
CA,Santa Clara County,SV Colo,SV Colo,57709.0,37.36431021582024,-121.95879926774863,building
CA,Santa Clara County,Microsoft,Microsoft,166655.0,37.36206620767396,-121.94643635566183,building
VA,Fauquier County,,OVH US East Vint Hill,85783.0,38.747444697496626,-77.674453774668,building
WY,Laramie County,University Corporation for Atmospheric Research,NCAR-Wyoming Supercomputing Center,101129.0,41.12879048780395,-104.8974867935568,building
WA,King County,H5 Data Centers,The Seattle Times,48589.0,47.6189848286576,-122.33646162398661,building
NC,Wake County,,Segra Data Center,46141.0,35.72499209334413,-78.66236321380103,building
VA,Loudoun County,Equinix,Equinix Ashburn DC2,175215.0,39.01647070668764,-77.45900625386373,building
VA,Loudoun County,H5,H5 Data Centers Ashburn,83656.0,39.01367498967383,-77.45171989427695,building
SD,Minnehaha County,,TierPoint Sioux Falls West Data Center,55963.0,43.60697077830055,-96.80919489854257,building
VA,Fairfax County,Lumen Technologies,Lumen McLean,42056.0,38.920020715800106,-77.21161871830866,building
VA,Fairfax County,DataBank,DataBank McLean IAD2,22957.0,38.919905149999984,-77.213585,building
UT,Salt Lake County,,eBay,183167.0,40.563749332064994,-112.04772494381281,building
IL,DuPage County,Equinix,Equinix Chicago Data CH7,47336.0,41.81255711125007,-87.97284349357055,building
AZ,Maricopa County,,PhoenixNAP,79223.0,33.416050537611895,-112.00942632359931,building
NY,Richmond County,Merrill Lynch,Merrill Lynch Data Center,63435.0,40.60738024219028,-74.17317970582978,building
NY,Richmond County,Telehouse,Telehouse Teleport,69999.0,40.606985210742295,-74.17488651958078,building
NY,New York County,,32 Avenue of the Americas,42396.0,40.7199984788648,-74.00463587014985,building
VA,Fairfax County,Digital Realty,Digital Realty,72337.0,38.910132698881334,-77.47258022000781,building
MO,St. Louis city,,TierPoint,24039.0,38.629761007422985,-90.19642026723602,building
NV,Clark County,,Verizon,25884.0,36.14473260674411,-115.07792815622217,building
TX,Bexar County,,,127563.0,29.446674201882978,-98.64069026709899,building
TX,Bexar County,,,142712.0,29.44792213611551,-98.64112862006763,building
TX,Bexar County,,,36014.0,29.447199008569765,-98.64099341767283,building
TX,Collin County,,,121665.0,33.0959943127187,-96.6815654388646,building
TX,Collin County,Centersquare,Evoque Allen DA1,114534.0,33.09506355496614,-96.68376373701797,building
NE,Douglas County,,,69219.0,41.26141937000315,-95.93649511236761,building
VA,Henrico County,Flexential,Flexential - Richmond,39778.0,37.646890211666296,-77.43869516627511,building
VA,Fairfax County,Amazon Web Services,Amazon IAD-9,85855.0,38.89965169459053,-77.45344040948046,building
VA,Fairfax County,,Amazon IAD22,30140.0,38.897901754858836,-77.4551018400219,building
VA,Fairfax County,Amazon Web Services,Amazon IAD-1,93882.0,38.8978591429832,-77.45407518556887,building
VA,Fairfax County,,,43330.0,38.90924510896112,-77.47224542913196,building
VA,Fairfax County,,,32222.0,38.90979813135274,-77.47346579230704,building
VA,Fairfax County,,,56049.0,38.75081659619635,-77.19627275438577,building
GA,Fulton County,,Cox Data Center,127858.0,34.03620188650896,-84.31955321544369,building
GA,Fulton County,Quality Technology Services,QTS Atlanta Data Center 1,719736.0,33.77768118317794,-84.42109985566867,building
CA,Santa Clara County,Csquare,Csquare SFO3,71209.0,37.37210369823862,-121.98603139678367,building
VA,Loudoun County,Centersquare,Centersquare IAD3,130748.0,38.98092474579163,-77.44424695369074,building
VA,Loudoun County,Centersquare,Centersquare IAD2-A,48153.0,38.98441813138134,-77.42381652099039,building
VA,Loudoun County,CyrusOne,,127744.0,38.984886747259175,-77.42564884235941,building
VA,Loudoun County,Centersquare,Centersquare IAD2-B,71819.0,38.983603751418265,-77.42410521653314,building
GA,Fulton County,Digital Realty,Digital Realty Data Center,128785.0,33.65703230342235,-84.41520253550436,building
NJ,Hudson County,Cyxtera,Cyxtera (Digital Realty Trust) Citibank Data Center,58356.0,40.76076492861668,-74.02575833907822,building
NJ,Hudson County,Digital Realty,Digital Realty New Jersey EWR10,126960.0,40.76183107973774,-74.0250249133357,building
WA,Grant County,,,151976.0,47.246212274500515,-119.81322935249646,building
WA,Grant County,,,133363.0,47.2476524702812,-119.81318678094023,building
WA,Grant County,,,135310.0,47.24616793469351,-119.81575602495433,building
WA,Grant County,,,246778.0,47.25257380685949,-119.81966487510037,building
WA,Grant County,,,151213.0,47.246735550380414,-119.82886591673484,building
WA,Grant County,,,35848.0,47.24599141482696,-119.82979118180242,building
WA,Grant County,,,35925.0,47.24598940000003,-119.82917030000002,building
WA,Grant County,,,33824.0,47.24598937484991,-119.82815880656044,building
WA,Grant County,,,33688.0,47.24600329999998,-119.82754150000002,building
WA,Grant County,,,19067.0,47.2460667373865,-119.82866158741606,building
GA,Cobb County,datasite,DataSite Atlanta,77660.0,33.925511260482295,-84.48161598882196,building
MO,Platte County,,,30923.0,39.29012105094933,-94.68505095087966,building
CA,San Francisco County,Digital Realty,Digital Realty San Francisco SFO10,104867.0,37.72360169588461,-122.39793596942161,building
NY,New York County,,33 Thomas Street,30791.0,40.71652498175609,-74.00591306134635,building
ID,Madison County,,VentureData,18269.0,43.82524323230586,-111.78209278685736,building
AZ,Maricopa County,"Cogent Communications, Inc.",Cogent Data Center,51675.0,33.40025523486363,-112.04789988114665,building
TX,Dallas County,CoreSpace,CoreSpace Dallas,31626.0,32.81755909168842,-96.87306493017611,building
CO,Arapahoe County,,,108473.0,39.59013144201256,-104.84696328233017,building
CO,Arapahoe County,,zColo by Zayo,62177.0,39.59135174760451,-104.8470386406715,building
WA,King County,Sabey,Intergate Seattle East Building 5,200124.0,47.491919770323186,-122.28973615327563,building
WA,King County,Sabey,Intergate Seattle East Building 3,203387.0,47.49355624169768,-122.29030164726824,building
WA,King County,Digital Realty,Intergate Seattle East Building 4,116828.0,47.49341087854016,-122.28885825712356,building
PA,Lehigh County,Flexential,Flexential Allentown data center,48995.0,40.63569531641983,-75.45757328559777,building
VA,Loudoun County,Digital Realty,Digital Realty ACC4,294156.0,39.01790179545806,-77.46254911136609,building
VA,Loudoun County,Equinix,Equinix Ashburn DC1,59757.0,39.01556033330062,-77.46032653689856,building
VA,Loudoun County,Equinix,Equinix Ashburn DC5,94665.0,39.01598729763398,-77.46124797779898,building
VA,Loudoun County,Equinix,Equinix Ashburn DC11,132897.0,39.01493075094732,-77.45880365025579,building
VA,Loudoun County,Equinix,Equinix Ashburn DC3,186227.0,39.021947985098286,-77.46028711676801,building
VA,Loudoun County,Digital Realty,Digital Realty ACC3,151562.0,39.019935905457515,-77.45984179692825,building
CA,Santa Clara County,"CoreSite Real Estate 1656 McCarthy, L.P.",CoreSite SV2,89939.0,37.4056831054311,-121.91624119411624,building
VA,Loudoun County,Amazon Web Services,Amazon IAD76,138071.0,38.993785282004964,-77.45050945743458,building
VA,Loudoun County,Amazon Web Services,Amazon IAD12,149598.0,38.98872331237526,-77.4476714030381,building
VA,Loudoun County,QTS Data Centers,,10175.0,38.994637323424506,-77.44790209132287,building
VA,Loudoun County,Digital Realty,Digital Realty ACC5,298859.0,39.02011263302419,-77.46307100299546,building
VA,Loudoun County,Digital Realty,Digital Realty ACC6,226152.0,39.02106804151651,-77.46358952736759,building
VA,Loudoun County,Lumen Technologies,Level 3 Ashburn,49022.0,39.022172555750075,-77.45759526225972,building
VA,Loudoun County,Centersquare,Centersquare IAD4-B,90029.0,39.02214033824212,-77.45360971695399,building
VA,Loudoun County,NTT,NTT Ashburn VA1 Data Center,138507.0,39.02276446224665,-77.45486922912973,building
AZ,Maricopa County,Digital Realty,Digital Realty Phoenix PHX15,294678.0,33.274973785131195,-111.88662619658766,building
AZ,Maricopa County,H5,H5 Phoenix,50925.0,33.276910838566906,-111.88590913169335,building
AZ,Maricopa County,CyrusOne,CyrusOne PHX1,137355.0,33.27085532661199,-111.881911529632,building
VA,Loudoun County,Equinix,Equinix DC13,125613.0,39.01253745858602,-77.47539286582834,building
VA,Loudoun County,Digital Realty,Digital Realty Northern Virginia IAD14,134503.0,39.003336381739054,-77.4870934621178,building
VA,Loudoun County,Amazon Web Services,Amazon Web Services Building C,116698.0,39.002751652712455,-77.4854486685297,building
VA,Loudoun County,Digital Realty,Digital Realty Northern Virginia IAD12,180269.0,39.002021510234464,-77.48334544235749,building
VA,Loudoun County,Digital Realty,Digital Realty Building A,133113.0,39.00275464875434,-77.48195443063261,building
VA,Loudoun County,Digital Realty,Digital Realty Northern Virginia IAD24,114428.0,39.00429228066811,-77.4843547348802,building
VA,Loudoun County,Databank,Databank Ashburn IAD1,144740.0,39.0155488004111,-77.48213787379008,building
VA,Loudoun County,,Golds Gym Ashburn,54700.0,39.0156014811311,-77.48327064033296,building
AZ,Maricopa County,Apple Inc.,Apple Data Center,1338261.0,33.34701916598116,-111.6040562341984,building
IL,Lake County,VISA,VISA,55001.0,42.21675653596632,-87.95284650850377,building
NM,Santa Fe County,SONM,John F. Simms Building,31727.0,35.67244389710846,-105.9565751574251,building
TX,Bexar County,Lumen Technologies,Lumen San Antonio 2,12722.0,29.438279094309383,-98.50652172673267,building
OR,Crook County,,,269642.0,44.29588335462519,-120.88726146164437,building
OR,Washington County,,Adobe Data Center,89232.0,45.55018168820341,-122.93181213062164,building
OR,Washington County,,Stack Infrastructure Portland 2 Data Center,215217.0,45.547311789962066,-122.89744896308719,building
OR,Washington County,Digital Realty,Digital Realty PDX10 Data Center,68807.0,45.54761722374101,-122.89195798184353,building
OR,Washington County,Flexential,Flexential,41245.0,45.54982090034523,-122.89085140312044,building
OR,Washington County,Flexential,Flexential Portland - Hillsboro 1,44088.0,45.550333986351184,-122.8922017210547,building
KY,Jefferson County,Flexential,Flexential Louisville - East,34794.0,38.277197827455346,-85.50724111621325,building
KY,Jefferson County,Flexential,Flexential Louisville - Downtown,36525.0,38.24249601376218,-85.7333510411046,building
PA,Philadelphia County,,Terminal Commerce Building,119659.0,39.95980952381243,-75.1608324925366,building
WA,Spokane County,,TierPoint,14435.0,47.671916867154664,-117.09593477622319,building
MD,Baltimore city,,Baltimore Technology Park,30131.0,39.275383911807424,-76.625526633647,building
WA,King County,Sabey,Intergate Seattle West Building C,19791.0,47.49413118805862,-122.29440690622029,building
WA,King County,Sabey,Intergate Seattle West Building B,19140.0,47.49307629066393,-122.29368392415317,building
WA,King County,Sabey,Intergate Seattle West Building A,38547.0,47.492147829820276,-122.29331980893711,building
WA,Grant County,,Vantage WA11,147430.0,47.25016455000004,-119.8144903,building
WA,Grant County,NTT,NTT Data Quincy,99760.0,47.243587513950175,-119.86571157217126,building
WA,Grant County,,,44365.0,47.23881859583006,-119.85935927491118,building
WA,Grant County,,,32106.0,47.23826232497742,-119.85936632665545,building
IA,Scott County,,Geneseo Communications Inc,53983.0,41.55026944529302,-90.4824092252339,building
IL,DuPage County,,,14550.0,41.90535458906075,-88.21951394137749,building
NJ,Middlesex County,,,61263.0,40.55281872712525,-74.45667583712334,building
IN,Hancock County,Verizon Wireless,,21005.0,39.71718414807537,-85.94132960158458,building
NJ,Hudson County,,,34462.0,40.784738869138266,-74.06435818179101,building
UT,Salt Lake County,Flexential,Flexential Salt Lake City - South Valley,30547.0,40.620351883599334,-111.98604691692904,building
CA,Santa Clara County,Digital Realty,Digital Realty Silicon Valley SC1,297948.0,37.361686592959124,-121.94391135081648,building
CA,Alameda County,,QES Computers,941.0,37.699475299999975,-121.90379949999996,building
WA,King County,Equinix,Equinix SE3 Data Center,12575.0,47.61442272962746,-122.33974344585695,building
NJ,Middlesex County,Quality Technology Services,QTS Piscataway Data Center,343444.0,40.5569648716095,-74.48400694494444,building
MD,Prince George's County,,AiNET,43057.0,39.05282250798605,-76.92590821675974,building
TX,Bexar County,Microsoft,Microsoft,258191.0,29.47821637550774,-98.69072125186591,building
TX,Bexar County,Microsoft,Microsoft San Antonio,478642.0,29.47992599626062,-98.69260808411727,building
TX,Bexar County,Microsoft,Microsoft,194916.0,29.481066340738074,-98.69655923465555,building
PR,San Juan Municipio,Claro,,23137.0,18.4468269680502,-66.0516872147716,building
PA,Montgomery County,Lumen Technologies,Lumen Norristown,34224.0,40.12705826670639,-75.4086378139581,building
VA,Fairfax County,Equinix,Equinix DC7,79709.0,38.90913922227276,-77.22055679456352,building
VA,Fairfax County,,Element Critical VA1,20483.0,38.908367499999976,-77.21974419999998,building
OR,Multnomah County,,Pittock Block,41556.0,45.521543581993306,-122.68070403592417,building
OR,Washington County,Oregon Health & Science University,Data Center,25297.0,45.526683793584326,-122.87550380152314,building
TX,Collin County,,Cisco Allen,162023.0,33.13598019433587,-96.66095239334277,building
OR,Crook County,,,231830.0,44.29489362877262,-120.88399839681189,building
WA,Whatcom County,CSS Communications,CSSNW Bellingham,4312.0,48.75726819330172,-122.48054752807845,building
IL,Cook County,EdgeConneX,EdgeConneX CHI02,64358.0,42.00149437449882,-87.95256335827521,building
IL,Cook County,Equinix,Equinix Chicago CH3,135800.0,42.00115870901002,-87.95521312296425,building
IL,DuPage County,Element Critical,Element Critical CH2,44358.0,41.9742273121056,-87.96717576234276,building
IL,DuPage County,Centersquare,Centersquare Elk Grove Village Data Center Campus ORD2,198323.0,41.99204041721668,-87.95817201044825,building
CO,Douglas County,Flexential,Flexential Denver - Englewood,198772.0,39.558970872617735,-104.8375534364229,building
MI,Oakland County,EdgeConneX,EdgeConneX Detroit DET01,40574.0,42.44769691428137,-83.26266713526364,building
TX,Travis County,Lumen Technologies,Lumen Austin 3,5068.0,30.261396172056777,-97.72359737403008,building
TX,Travis County,Alpheus,Alpheus DataCenter,36089.0,30.261043226684553,-97.7221023097269,building
TX,Travis County,,Digital Realty Austin AUS11,79985.0,30.21217551081001,-97.69578063775411,building
TX,Travis County,,LightEdge Austin II,86445.0,30.20067631984673,-97.70704415142151,building
TX,Travis County,,CyrusOne Austin Data Center II,77356.0,30.205929677355712,-97.6979649449336,building
TX,Travis County,,Data Foundry Austin 1 Data Center,50461.0,30.215503974671623,-97.69607393336435,building
VA,Loudoun County,,VISA Data Center,349987.0,39.04872821848494,-77.44541550465279,building
TX,Travis County,,LightEdge Austin I,30876.0,30.214297150437137,-97.71266756627207,building
IL,Cook County,Skybox,Skybox Chicago I,174575.0,41.99366849037391,-87.97351851740306,building
CA,Alameda County,Hurricane Electric,Hurricane Electric Fremont 1,33640.0,37.48986462006342,-121.93101655267863,building
OH,Erie County,Aligned Data Centers,,633484.0,41.43243048800584,-82.7190275152503,building
TX,Travis County,,Lumen Austin 1,74722.0,30.196499003205144,-97.71239984305177,building
TX,Travis County,,Data Foundry - Texas 1,137095.0,30.198926081241627,-97.71378844188584,building
CA,Alameda County,XO,XO Fremont,65815.0,37.475337207615745,-121.92211346344415,building
CA,Alameda County,Hurricane Electric,Hurricane Electric Fremont 2,181268.0,37.47182723936144,-121.92031059840467,building
TX,Travis County,,Element Critical,61978.0,30.342800019940558,-97.69617577087595,building
IL,DuPage County,Element Critical,Element Critical CH1,92076.0,41.97576175114262,-87.96468543804531,building
NJ,Essex County,Tishman,165 Halsey / Equinix NY1 / Databank EWR1,89363.0,40.736725747327384,-74.17392520713099,building
GA,Gwinnett County,Quality Technology Services,QTS Suwanee Data Center 1,310488.0,34.03538969247421,-84.06107487553516,building
GA,Gwinnett County,Quality Technology Services,QTS Suwanee Data Center 2,360379.0,34.03709880341301,-84.05770348454423,building
AR,Pulaski County,,TierPoint Little Rock,31845.0,34.75623579829937,-92.44472351001907,building
CA,Santa Clara County,Equinix,Equinix SV6,21678.0,37.39960173954514,-122.01456250829594,building
GA,Gwinnett County,Flexential,Flexential Atlanta - Norcross,32309.0,33.95476871466438,-84.19856192072042,building
WA,Snohomish County,Centersquare,Centersquare Lynnwood SE1,104460.0,47.84181080032639,-122.30169031037296,building
OR,Crook County,Apple,,9228.0,44.289415524709156,-120.87507749014195,building
CO,El Paso County,Walmart,Walmart Colorado Data Center,219542.0,38.985746206103315,-104.78726997707007,building
NE,Douglas County,,Verizon,11836.0,41.33832138451117,-96.02777412675651,building
NE,Douglas County,,Verizon,87375.0,41.33843614900818,-96.02861432459957,building
AL,Madison County,Alabama Supercomputer Authority,George C. Wallace Alabama Supercomputer Center,14919.0,34.73654090272532,-86.67309882774701,building
IL,Cook County,Digital Realty,Digital Realty Chicago ORD12,90165.0,41.92837828568156,-87.85923594356912,building
WA,Grant County,,,36918.0,47.23763279566155,-119.86448737531425,building
WA,Grant County,Microsoft,Microsoft,151246.0,47.239478544040054,-119.88299787006412,building
WA,Grant County,Microsoft,Microsoft,147922.0,47.23857484110567,-119.88308360910015,building
WA,Grant County,,,46835.0,47.23948769580904,-119.85940592515928,building
WY,Laramie County,,,140780.0,41.12623098667355,-104.90187602265453,building
WA,King County,,KOMO Plaza East,45743.0,47.61932493293369,-122.34815288155677,building
WA,King County,,KOMO Plaza West,20239.0,47.61891976010872,-122.34859631802406,building
NE,Sarpy County,Fidelity,Fidelity,40714.0,41.1654690540682,-96.08338762366756,building
CA,Los Angeles County,Centurylink,,71500.0,33.91772905025637,-118.38631267018422,building
CA,Los Angeles County,Serverfarm LLC.,Serverfarm - LAX1,119102.0,33.92174167489914,-118.38643608713511,building
CA,Los Angeles County,Digital Realty,DRT LAX12,113310.0,33.915648897084694,-118.3846300504482,building
CO,Adams County,Google,Google - Thornton,86059.0,39.922418556240274,-104.98324467116755,building
CA,Los Angeles County,,DRT LAX10,66979.0,34.047325745573964,-118.25751427762609,building
CA,Los Angeles County,,One Wilshire,43850.0,34.04789230530142,-118.25554585101752,building
FL,Alachua County,University of Florida,UF Research Computing Center,36370.0,29.67259113314895,-82.29992999297096,building
VA,Loudoun County,CyrusOne,"CyrusOne NVA1, NVA2 & NVA3",265601.0,39.02594651417014,-77.41452291148083,building
FL,Miami-Dade County,,NAP of the Americas,122625.0,25.78237897536701,-80.19307541176168,building
FL,Miami-Dade County,,,15911.0,25.797544403681634,-80.23003372241367,building
VA,Loudoun County,CyrusOne,CyrusOne NVA5,506948.0,39.02432709832164,-77.43403366093844,building
IA,Dallas County,Microsoft,Microsoft,39146.0,41.540615954850054,-93.82494906885903,building
IA,Polk County,Meta,Facebook Altoona Data Center 1,315400.0,41.664241117437776,-93.51472776529577,building
IA,Polk County,Meta,Facebook Altoona Data Center 2,307370.0,41.66553718515441,-93.5081704306947,building
CA,Orange County,,Lumen Technologies,85658.0,33.71677790635047,-117.80580095119437,building
WA,Spokane County,Lumen Technologies,Lumen,25399.0,47.65422558471141,-117.42000258763386,building
WI,Dane County,,,9176.0,43.06728877855195,-89.43673598140118,building
CA,Santa Clara County,,,102004.0,37.333637689243375,-121.88797542332686,building
NJ,Hudson County,,,150951.0,40.78413403681625,-74.06556020038434,building
NJ,Hudson County,Evocative,Evocative Secaucus,101304.0,40.78755018629143,-74.06804834546902,building
NJ,Essex County,bt,BT Radianz: 492 River Road,107857.0,40.821453550740465,-74.13418574686597,building
CO,Arapahoe County,,Time Warner Datacenter,33804.0,39.59896008664389,-104.86037748221634,building
CO,Arapahoe County,,Time Warner Datacenter,61435.0,39.59993080120024,-104.8601823206076,building
TX,Travis County,,CyrusOne Austin Data Center III,189921.0,30.206993739472598,-97.70111427639975,building
NJ,Monmouth County,Apollo,Apollo Cable Landing Station,25904.0,40.15704355,-74.10158205,building
NY,Suffolk County,,Cable & Wireless Cable Landing Station,36746.0,40.843659924752465,-72.88334531036512,building
VA,Loudoun County,Equinix,Equinix Ashburn DC10,152397.0,39.02101419474307,-77.4515128317989,building
VA,Loudoun County,Amazon Web Services,Amazon IAD-61,152289.0,38.91580512811279,-77.49198693744177,building
VA,Loudoun County,Amazon Web Services,Amazon IAD51,64127.0,38.99141381220278,-77.43650684228413,building
VA,Loudoun County,Amazon Web Services,Amazon IAD56,78441.0,38.99056760807846,-77.43706177654529,building
VA,Loudoun County,Amazon Web Services,Amazon IAD16,75817.0,38.990698997482596,-77.44882479432353,building
VA,Loudoun County,Amazon Web Services,Amazon IAD15,103452.0,38.991692894665405,-77.44857953598967,building
VA,Prince William County,Amazon Web Services,Amazon IAD14,118192.0,38.78993177740666,-77.5482167856415,building
VA,Prince William County,Amazon Web Services,Amazon IAD59,127281.0,38.792226001554425,-77.54844963798222,building
VA,Prince William County,Amazon Web Services,Amazon IAD52,126699.0,38.79106881609314,-77.54837196293359,building
OR,Umatilla County,,,2605.0,45.9158356,-119.26632355000001,building
OR,Umatilla County,,,2608.0,45.9158356,-119.26652740000002,building
OR,Umatilla County,,,2605.0,45.91583559999998,-119.26672585,building
OR,Umatilla County,,,2605.0,45.9158356,-119.26711215000002,building
OR,Umatilla County,,,2605.0,45.91584309999999,-119.26731595000001,building
OR,Umatilla County,,,2605.0,45.915831900000015,-119.26751175000001,building
OR,Umatilla County,,,2605.0,45.9158356,-119.26771695,building
OR,Umatilla County,Amazon Web Services,Amazon PDX2,133053.0,45.91640355768747,-119.26777584780363,building
OR,Morrow County,Amazon Web Services,Amazon Web Services us-west-2,127483.0,45.841003200000024,-119.65276875,building
OR,Morrow County,Amazon Web Services,Amazon Web Services us-west-2,267452.0,45.85223532945519,-119.62988821777368,building
OR,Morrow County,Amazon Web Services,Amazon Web Services us-west-2,103260.0,45.85088075,-119.63052370000003,building
CA,Santa Clara County,Equinix,Equinix San Jose SV3,109684.0,37.38826955685698,-121.88842908874179,building
CA,San Francisco County,Digital Realty,365 Main Street Data Center,39318.0,37.788731035952544,-122.39046904931597,building
NC,Rutherford County,Meta,Meta Forest City datacenter,241126.0,35.31423125500001,-81.82213875931092,building
NC,Rutherford County,Meta,Meta Forest City datacenter,244176.0,35.3173723673483,-81.82632687954101,building
CA,Santa Clara County,NTT Limited,,75249.0,37.40390423994131,-121.8892968922125,building
CA,Santa Clara County,Csquare,Csquare SFO1,83921.0,37.37043804543354,-121.9698295471651,building
CA,Santa Clara County,Vantage,,75686.0,37.37177869878855,-121.9725052073243,building
WA,Douglas County,Sabey Data Centers,Intergate Columbia B,192887.0,47.40716362884278,-120.18749017936368,building
WA,Douglas County,Sabey Data Centers,Intergate Columbia A,262378.0,47.40871426005734,-120.18929355569696,building
VA,Loudoun County,,,35740.0,38.994227397730654,-77.44818874321433,building
VA,Loudoun County,Centersquare,Centersquare IAD4-A,77749.0,39.021733686561724,-77.45274689405193,building
VA,Loudoun County,Amazon Web Services,AWS Building E,153355.0,39.00505158419943,-77.48561242457629,building
NJ,Passaic County,Digital Realty,Digital Realty New Jersey EWR20,29614.0,40.82992945567355,-74.126749131861,building
NJ,Somerset County,CyrusOne,CyrusOne Somerset,318583.0,40.53798637982361,-74.5456586596121,building
NJ,Somerset County,,BNY Mellon Somerset,121002.0,40.536019651393616,-74.55340897124687,building
NJ,Somerset County,Digital Realty,,125668.0,40.53753835302287,-74.55554039958452,building
NJ,Passaic County,Digital Realty,Digital Realty New Jersey EWR21,71645.0,40.83058580000002,-74.12451440000001,building
CA,Los Angeles County,Centurylink,,43140.0,34.199869107817435,-118.34378887469722,building
VA,Loudoun County,Amazon Web Services,Amazon IAD78,147979.0,39.026368047566855,-77.44952022705412,building
VA,Loudoun County,Amazon Web Services,Amazon IAD79,148678.0,39.0263573753995,-77.45087034741265,building
NV,Washoe County,,,276687.0,39.56710538499111,-119.5485735312627,building
CA,Napa County,,Kaiser Data Center,162791.0,38.25408513554344,-122.27309812012737,building
TX,Dallas County,Lumen Technologies,Lumen Dallas - 3180 Irving Blvd.,80859.0,32.8069548860339,-96.86858877532195,building
TX,Dallas County,Prime,Prime DFW01-01,88881.0,32.83796688191503,-96.8783930625585,building
TX,Dallas County,Lumen Technologies,Lumen Dallas 6,12977.0,32.82799793168957,-96.88438205815837,building
TX,Dallas County,Digital Realty,Digital Realty DFW36,24499.0,32.8275498609551,-96.87374979570005,building
TX,Dallas County,DataBank,DataBank Dallas Empire Central Data Center,67717.0,32.82173820460114,-96.87359763487845,building
TX,Dallas County,TierPoint,TierPoint Dallas Data Center,71358.0,32.8079726774135,-96.8573546184448,building
VA,Loudoun County,Amazon Web Services,Amazon IAD87,147390.0,38.9918136635894,-77.44116774771685,building
VA,Loudoun County,Amazon Web Services,Amazon IAD88,147468.0,38.990964344811886,-77.44187049572359,building
CO,Arapahoe County,Verizon,Verizon,8059.0,39.58924805,-104.87793295,building
AZ,Maricopa County,,Stream Data Centers PHX-1,413250.0,33.41949067712591,-112.35998844455548,building
TX,Dallas County,,Live Oak Data Center,49853.0,32.78371232095536,-96.79457490208863,building
OR,Washington County,Flexential,Flexential Portland - Hillsboro 2,214259.0,45.558285524815446,-122.91709178443574,building
NJ,Bergen County,nyse,NYSE Data Center,200804.0,41.07830234568598,-74.15291807537795,building
CA,Los Angeles County,,AT&T,17388.0,34.57998399265728,-118.11402444850258,building
CO,El Paso County,,,42627.0,38.8026597098747,-104.52196604264472,building
OR,Clackamas County,,Juniper,24854.0,45.31873065193899,-122.76587362122432,building
TX,Collin County,,,108401.0,33.00929860770818,-96.6765444559273,building
TX,Collin County,,Tierpoint Dallas-Allen,30651.0,33.13793422327514,-96.65737558938751,building
TX,Harris County,DXC Technology,,352246.0,30.018697853746712,-95.8636762238179,building
VA,Prince William County,Amazon Web Services,Amazon IAD73,146162.0,38.77797945924004,-77.5590992088697,building
VA,Prince William County,Amazon Web Services,Amazon IAD74,147480.0,38.777436935524726,-77.55789121896034,building
OH,Cuyahoga County,,H5 Data Center,71439.0,41.506357490455684,-81.68359847306836,building
CA,Orange County,TPx Communications,TPx Colocation Datacenter,37065.0,33.70750645000001,-117.8441042,building
FL,Duval County,,Cologix Jacksonville JAX1,30201.0,30.331429817798355,-81.6624256703152,building
WA,Grant County,Microsoft,Microsoft,143439.0,47.23948680575824,-119.8874068599459,building
WA,Grant County,,,44446.0,47.23856068045516,-119.8644527571979,building
WA,Grant County,,,138534.0,47.247600770525004,-119.82542905444971,building
TX,Tarrant County,Meta,Facebook Fort Worth Datacenter,634395.0,32.98378402250322,-97.25934311893361,building
KS,Johnson County,,Data Center Lenexa,44552.0,38.925170070570076,-94.77028959111605,building
TX,Denton County,,CITIGROUP TECHNOLOGY INC,242536.0,33.00638147508573,-97.24529013455194,building
TX,Tarrant County,Quality Technology Services,QTS Data Center,277996.0,32.98885535923462,-97.25920173537897,building
TX,Bexar County,Lowe's,Lowe's Data Center,55066.0,29.472846040684956,-98.68954665096499,building
TX,Bexar County,CHRISTUS Health,,48815.0,29.47034447877109,-98.68620953144912,building
TX,Bexar County,Frost Bank,,68591.0,29.470223440589773,-98.68765019986506,building
TX,Bexar County,CyrusOne,CyrusOne San Antonio I,102327.0,29.466555014526953,-98.68811007188252,building
TX,Bexar County,Valero,Valero Wiserman,58304.0,29.474285412783512,-98.68006447623816,building
TX,Bexar County,,Stream San Antonio II,71324.0,29.472016548016605,-98.67173678093522,building
TX,Bexar County,CyrusOne,CyrusOne San Antonio II,108554.0,29.47084945016441,-98.67299896045684,building
TX,Bexar County,CyrusOne,CyrusOne San Antonio III,100537.0,29.470044266632147,-98.6721927322396,building
NC,Mecklenburg County,,Spectrum Charlotte National Data Center,93604.0,35.14278901702743,-80.91620847319896,building
OR,Crook County,,,377457.0,44.28888248420564,-120.87012500644833,building
FL,Hillsborough County,Cyxtera,Cyxtera Tampa TP1,97332.0,27.94553184405633,-82.35116156726362,building
TX,Dallas County,Quality Technology Services,QTS Irving - Dallas Data Center Campus,306213.0,32.897283203282136,-96.98278762831892,building
IL,DuPage County,Centersquare,Centersquare Lisle ORD4 Data Center,361205.0,41.802340625453176,-88.09488558900743,building
AZ,Maricopa County,,GoDaddy - Gilbert,91811.0,33.361913829033966,-111.83930897392742,building
CA,San Diego County,American Telephone & Telegraph,AT&T Center,88910.0,32.74757512703157,-117.15894804223709,building
TN,Davidson County,,,10355.0,36.14048086555338,-86.76414722155243,building
GA,Fulton County,,CenturyLink,23046.0,33.76514415946752,-84.38373631255106,building
WY,Laramie County,,,62914.0,41.12403295000005,-104.89808859999998,building
WY,Laramie County,,,67797.0,41.12403680000001,-104.89926875000002,building
WY,Laramie County,,,62555.0,41.12528359999998,-104.89927145,building
WY,Laramie County,,,63264.0,41.12528676376341,-104.8980833187815,building
PA,Allegheny County,Expedient,Expedient Pittsburgh South,27441.0,40.42737727769716,-80.04253151121435,building
AZ,Maricopa County,Centersquare,Centersquare: Phoenix - (PHX1 - Mesa),57992.0,33.421284262518114,-111.85899423010267,building
TX,Harris County,DXC Technology,,264173.0,29.995200644443358,-95.5632537894879,building
TX,Harris County,DXC Technology,,113970.0,29.997307161035963,-95.56398536522079,building
MI,Eaton County,,Liquid Web,23079.0,42.68795132484524,-84.64299464108812,building
VA,Loudoun County,Amazon Web Services,Amazon IAD63,143980.0,38.916884757871365,-77.49325147157609,building
MI,Eaton County,,"Liquid Web, Inc",72843.0,42.70539040000001,-84.6660891,building
VA,Loudoun County,Amazon Web Services,Amazon IAD62,149941.0,38.94932165,-77.5198747,building
GA,Cobb County,,,18558.0,34.07070363284901,-84.67590752730379,building
SD,Minnehaha County,,ADP South Dakota,243125.0,43.59991456380811,-96.79470699998707,building
OH,Franklin County,,TJX Corporate Techno,102681.0,40.10386011388092,-82.81062585481594,building
OH,Franklin County,,Compugen New Albany,44250.0,40.10455003849557,-82.80494540078847,building
OH,Franklin County,,Compugen New Albany,32222.0,40.103677201158575,-82.808939324382,building
TX,Collin County,Flexential,Flexential Dallas - Richardson,68520.0,32.99481331790477,-96.7525015953197,building
TX,Collin County,,Experian McKinney Data Center,76624.0,33.171795799999984,-96.725505,building
OH,Franklin County,,,56266.0,40.11571701705085,-83.00256546090333,building
CA,Santa Clara County,Stack Infrastructure,Stack Infrastructure,78105.0,37.40255873824952,-121.89338203416735,building
CA,Santa Clara County,Stack Infrastructure,Stack Infrastructure,107993.0,37.402212529921684,-121.89238428231016,building
MO,Boone County,,Carfax,39487.0,38.92351196971867,-92.28862384314512,building
IA,Polk County,Meta,Facebook Altoona Data Center 3,377755.0,41.667071409471504,-93.50646559189627,building
VA,Loudoun County,Amazon Web Services,Amazon IAD71,121176.0,39.027908069308836,-77.45750287480858,building
VA,Loudoun County,Amazon Web Services,Amazon IAD50,202194.0,39.029569750064205,-77.45968288021061,building
VA,Loudoun County,Amazon Web Services,Amazon IAD60,110965.0,39.02877369999999,-77.45824609999998,building
OH,Licking County,Amazon Web Services,Amazon Web Services  CMH50,161683.0,40.09462974852158,-82.75133937685568,building
AZ,Maricopa County,,,1263277.0,33.34702102896662,-111.60413892768399,building
TX,Travis County,,Thin-nology,9209.0,30.4211412290616,-97.59160304354671,building
CT,Western Connecticut Planning Region,CyrusOne,CyrusOne Norwalk,77778.0,41.11309235,-73.38864945000002,building
TX,Travis County,,Data Foundry - Texas 2,104857.0,30.199588136646035,-97.71307641854676,building
IL,Cook County,Microsoft,Microsoft - Azure Datacenter,306766.0,41.923005625532106,-87.91824122551012,building
KS,Ellis County,,Cloud Storage Corp,11561.0,38.8721322,-99.30018745,building
NV,Clark County,Switch,Switch Las Vegas 8,264412.0,36.05783392653412,-115.2142579573645,building
NV,Clark County,Switch,Switch Las Vegas 9,286176.0,36.05570753588306,-115.2196278704609,building
TX,Harris County,,,98195.0,29.821506114084226,-95.57078462346949,building
NH,Rockingham County,Phillips Exeter Academy,Information Technology Data Center,7733.0,42.98209108977783,-70.9505927448219,building
WA,Snohomish County,,Digital Fortress Lynnwood,24944.0,47.82242518552539,-122.28956096661089,building
TX,Collin County,,,33064.0,33.13780536933024,-96.65592593372857,building
TX,Collin County,CyrusOne,CyrusOne Allen,271378.0,33.13852055810646,-96.65995157329827,building
OR,Morrow County,Amazon Web Services,Amazon Web Services us-west-2,151857.0,45.84044352724227,-119.65497937816224,building
OR,Umatilla County,Amazon Web Services,Amazon PDX51/54,260806.0,45.91744775241215,-119.26773387508689,building
VA,Loudoun County,Amazon Web Services,Amazon IAD80,150443.0,39.02710865,-77.45282885000002,building
VA,Loudoun County,Equinix,Equinix Ashburn DC12,96380.0,39.02300663947302,-77.44975814420093,building
TX,Collin County,Stream,Stream DFW IV,19684.0,33.0001441749099,-96.66164643777869,building
TX,Dallas County,Rackspace,Rackspace Richardson DFW3,112950.0,32.96478869151845,-96.71587662120041,building
TX,Dallas County,Digital Realty,Digital Realty Dallas DFW17,83615.0,32.96628117797253,-96.71321200747768,building
TX,Dallas County,Digital Realty,Digital Realty Dallas DFW29,122436.0,32.96723267579958,-96.7105464221536,building
TX,Dallas County,,,62460.0,32.966253571482554,-96.71119611211458,building
TX,Dallas County,Digital Realty,Digital Realty Dallas DFW28,122015.0,32.96724065825004,-96.71330815888399,building
TX,Dallas County,Digital Realty,Digital Realty Dallas DFW35,116539.0,32.965046215042754,-96.71029113447074,building
TX,Dallas County,Digital Realty,Digital Realty Dallas DFW18,222335.0,32.9652038025709,-96.71260861724876,building
TX,Dallas County,Digital Realty,Digital Realty Dallas DFW16,109470.0,32.96607650618673,-96.71558720325008,building
VA,Loudoun County,Digital Realty,Digital Realty Northern Virginia IAD36,112516.0,39.00155183148819,-77.47934369856777,building
VA,Loudoun County,Digital Realty,Digital Realty Northern Virginia IAD35,206225.0,39.000511421471785,-77.48059545104105,building
VA,Loudoun County,Digital Realty,Digital Realty Northern Virginia IAD37,144298.0,39.00000986316263,-77.4780699674434,building
VA,Loudoun County,Digital Realty,Digital Realty Northern Virginia IAD38,114543.0,39.00110984964752,-77.47718416343464,building
KS,Johnson County,,State Farm Data Center,198601.0,38.94011284257523,-94.86768784426143,building
KS,Johnson County,,U.S. Bank National Data Process Center,162098.0,38.935643098157065,-94.86447122633943,building
CA,Santa Clara County,Equinix,Equinix SV10,86340.0,37.241198527062956,-121.78476265666042,building
NJ,Gloucester County,,,41058.0,39.83093011342507,-75.19532326528213,building
NE,Douglas County,Verizon Wireless,,38873.0,41.220408449465495,-96.14761886015921,building
FL,Orange County,,,107548.0,28.617468227570658,-81.39343863290382,building
SC,Berkeley County,Google,Google,146623.0,33.06427217180192,-80.04145344690922,building
MD,Anne Arundel County,,TierPoint Baltimore BWI,33372.0,39.213451703203724,-76.68284506510483,building
VA,Loudoun County,NTT,NTT Ashburn VA2 Data Center,74197.0,39.0250103239698,-77.45763923308758,building
UT,Uintah County,,Strata Networks,12971.0,40.45659345160876,-109.52899881095324,building
NJ,Somerset County,,Goldman Sachs,276729.0,40.5703722,-74.67032959999999,building
GA,Fulton County,,Mapletree Industrial,116842.0,34.09658361286711,-84.23739137073814,building
NV,Clark County,Switch,Switch Las Vegas 11,230261.0,36.05588518905938,-115.21413677777788,building
MO,St. Louis city,Washington University in St. Louis,Genome Data Center,24519.0,38.636568827853,-90.25539339000369,building
NJ,Somerset County,,365 Bridgewater NJ,28468.0,40.581474467451606,-74.57387794233792,building
AL,Houston County,AngelTrax Mobile Video Surveillance Solutions,AngelTrax Data Center,10736.0,31.231904196107177,-85.45584883806258,building
NM,Valencia County,Meta,Meta,654433.0,34.83024661404788,-106.78382909938694,building
OR,Morrow County,Amazon Web Services,Amazon Web Services us-west-2,284033.0,45.84141357704281,-119.65793309041631,building
WA,Pierce County,,Centeris SH2 Build-to-Suit,93539.0,47.15884380655194,-122.27986153647718,building
WA,Pierce County,,Centeris SH1 Colocation,115786.0,47.16085522521096,-122.27930643674839,building
TX,Bexar County,Microsoft,Microsoft TRP2,169781.0,29.411954327506184,-98.80398520337151,building
TX,Bexar County,Microsoft,Microsoft TRP1,177468.0,29.412012322260285,-98.80273022516361,building
VA,Loudoun County,Digital Realty,Digital Realty ACC7,409481.0,39.01753210029892,-77.46564264095458,building
VA,Loudoun County,NTT,NTT Ashburn VA3 Data Center,231924.0,39.017182329020805,-77.47037643798171,building
VA,Loudoun County,Digital Realty,Digital Realty ACC9,329257.0,39.01546625411274,-77.46731853344116,building
TX,Collin County,Flexential,Flexential Dallas - Plano,217850.0,33.0070520732408,-96.66635359928334,building
NC,Catawba County,,,207083.0,35.58705991062664,-81.26027296076758,building
WI,Milwaukee County,,Expedient Milwaukee,26099.0,42.86317702177553,-87.97785780217956,building
VA,Prince William County,Amazon IAD85,Amazon Web Services,149064.0,38.77938151012361,-77.54172454982779,building
ME,Cumberland County,FirstLight,Oxford Networks,55383.0,43.89507108314053,-69.9231505446871,building
OH,Licking County,Meta,Meta New Albany Data Center,663238.0,40.0684082486281,-82.75034082999655,building
TX,Harris County,,Rice Data Center,25487.0,29.658146364733206,-95.44332796571568,building
TX,Tarrant County,Meta,Facebook Fort Worth Datacenter,435206.0,32.984993654459686,-97.25507513235623,building
OH,Franklin County,Amazon Web Services,Amazon Web Services,161809.0,40.061152149918385,-83.13517288353515,building
VA,Loudoun County,Amazon Web Services,Amazon IAD68,181794.0,38.94868695914784,-77.52095154329412,building
VA,Loudoun County,Amazon Web Services,Amazon IAD81,184907.0,38.948385826741976,-77.52183103317279,building
VA,Loudoun County,Google,Google,215928.0,38.94315393900796,-77.52436899633959,building
VA,Loudoun County,Amazon Web Services,Amazon IAD120,188334.0,38.95792207629593,-77.49806148309193,building
VA,Loudoun County,Amazon Web Services,Amazon IAD121,154814.0,38.956783049652316,-77.49778687561763,building
WA,Grant County,Microsoft,Microsoft,112036.0,47.237656784101496,-119.88757256042967,building
WA,Grant County,Microsoft,Microsoft,116001.0,47.23762823557785,-119.88319809924897,building
WA,Grant County,Microsoft,Microsoft,157191.0,47.236721599219685,-119.88329009586839,building
WA,Grant County,Microsoft,Microsoft,162608.0,47.236737093438634,-119.88747588178217,building
WA,Grant County,,Vantage WA12,124695.0,47.25394643829158,-119.8137210783061,building
VA,Loudoun County,,,48591.0,39.012026832183025,-77.47156052745792,building
VA,Loudoun County,Amazon Web Services,Amazon IAD58,136770.0,38.98627873807177,-77.44184181605571,building
VA,Loudoun County,Amazon Web Services,Amazon IAD57,116533.0,38.98699723244337,-77.44263837706713,building
VA,Prince William County,Amazon Web Services,Amazon IAD64,147547.0,38.8151324,-77.65291935000003,building
OR,Umatilla County,Amazon Web Services,Amazon PDX57/60,271590.0,45.91388318150283,-119.26771376012721,building
OR,Morrow County,Amazon Web Services,Amazon Web Services us-west-2,123601.0,45.8411742513738,-119.6554490257624,building
OR,Morrow County,Amazon Web Services,Amazon Web Services us-west-2,263671.0,45.85378605671339,-119.63003609972894,building
OR,Morrow County,Amazon Web Services,Amazon Web Services us-west-2,211981.0,45.84665533995768,-119.60370922348747,building
VA,Loudoun County,Quality Technology Services,QTS Ashburn 1,164144.0,38.99951534381617,-77.45017109505783,building
VA,Loudoun County,Digital Realty,Digital Realty Northern Virginia IAD40,244372.0,39.00645433736483,-77.46725430958372,building
VA,Loudoun County,Digital Realty,Digital Realty Northern Virginia IAD39,549223.0,39.00771795225813,-77.46762343296662,building
VA,Loudoun County,Digital Realty,Digital Realty ACC10,289043.0,39.012706644482975,-77.46553607293045,building
VA,Loudoun County,GI Partners,,224621.0,39.00065496603708,-77.43982021273833,building
VA,Loudoun County,Vantage Data Centers,Vantage VA11,127578.0,39.00239460631826,-77.43766057009843,building
VA,Loudoun County,Amazon Web Services,Amazon IAD90,147749.0,38.988603079255654,-77.41165152924845,building
VA,Loudoun County,Amazon Web Services,Amazon IAD91,149486.0,38.98784715503109,-77.41111915970677,building
VA,Loudoun County,Amazon Web Services,Amazon IAD92,149857.0,38.98694260000001,-77.41047540000002,building
VA,Loudoun County,Amazon Web Services,Amazon IAD144,150384.0,38.98164291816204,-77.4274218399425,building
VA,Loudoun County,CyrusOne,CyrusOne NVA8,154011.0,39.02116738571301,-77.41322000391806,building
VA,Loudoun County,Amazon Web Services,Amazon IAD98,150826.0,39.020224921863544,-77.43388565718497,building
VA,Loudoun County,Amazon Web Services,Amazon IAD99,150804.0,39.019168928603825,-77.43402989290023,building
VA,Loudoun County,Amazon Web Services,Amazon IAD114,148005.0,39.03549407807659,-77.45069858120988,building
VA,Loudoun County,Amazon Web Services,Amazon IAD115,146333.0,39.03629402196323,-77.44979481883512,building
VA,Loudoun County,Amazon Web Services,Amazon IAD65,151356.0,38.91701072700307,-77.49436645249695,building
VA,Loudoun County,Amazon Web Services,Amazon IAD150,213595.0,38.916076356655125,-77.47725086402144,building
NM,Bernalillo County,,,43011.0,35.048348717301536,-106.54217512460328,building
OR,Crook County,,,344665.0,44.28727724970372,-120.8702159052651,building
OR,Crook County,,,328376.0,44.293683167861154,-120.88151891607475,building
OR,Umatilla County,Amazon Web Services,Amazon PDX80,215703.0,45.797808777628646,-119.36661621790071,building
VA,Loudoun County,,,144382.0,39.015417165524966,-77.47827344112854,building
VA,Loudoun County,Google,Google Data Center,140634.0,39.05264058085477,-77.53957658957512,building
GA,Douglas County,,Centersquare Atlanta ATL1,249314.0,33.7442284111273,-84.58121646990838,building
IL,Cook County,Digital Realty,Digital Realty CH3,348220.0,41.994396475184075,-87.9649037721855,building
IL,Cook County,Digital Realty,Digital Realty CH2,302974.0,41.99446382631093,-87.95773561353167,building
NJ,Hudson County,Equinix,Equinix Secaucus NY6,70938.0,40.77751886842662,-74.07270033788812,building
NJ,Somerset County,PSE&G,PSE&G Delivery Emergency Response Center,85030.0,40.57989412679593,-74.51939325799674,building
MN,Olmsted County,,Epic / Mayo Data Center,48317.0,44.070816444078574,-92.52212055121421,building
OK,Bryan County,Choctaw Nation of oklahoma,Choctaw Nation of Oklahoma Data Center,13494.0,33.97172145270293,-96.40285490482854,building
OR,Washington County,Quality Technology Services,QTS Data Center Bld 1,157854.0,45.558767160923374,-122.92783045266562,building
NJ,Middlesex County,,,159389.0,40.58434313637265,-74.24350729590203,building
UT,Salt Lake County,Flexential,Flexential Salt Lake City - Downtown,63362.0,40.75630657799839,-111.95483766455425,building
OR,Marion County,State of Oregon,Oregon State Data Center,46536.0,44.92654909169762,-123.0018614109851,building
OR,Washington County,Digital Realty,Digital Realty PDX11 Data Center,283056.0,45.56799343165948,-122.9168527014717,building
FL,Broward County,Flexential,Flexential Fort Lauderdale,73580.0,26.190085718674858,-80.19329665079125,building
TX,Montgomery County,,,126121.0,30.17778284983449,-95.48652634861507,building
VA,Loudoun County,Amazon Web Services,Amazon IAD145,103663.0,38.98255213081316,-77.42462549082896,building
VA,Loudoun County,Amazon Web Services,Amazon Web Services IAD117,102452.0,39.02369830994421,-77.41909466990369,building
VA,Loudoun County,Amazon Web Services,Amazon Web Services IAD116,102629.0,39.024346000028245,-77.42043928332407,building
NV,Clark County,Flexential,Flexential Las Vegas - North,110728.0,36.2481647846883,-115.10126087462618,building
TX,Wichita County,,,39127.0,33.95337794595219,-98.52473125697682,building
OR,Deschutes County,,,11249.0,44.04740739994446,-121.32854964427686,building
MI,Genesee County,,,36835.0,42.96871316538899,-83.7796021645084,building
NJ,Somerset County,,,19551.0,40.59934510484041,-74.70962307665411,building
NJ,Somerset County,,,54527.0,40.599718506979684,-74.71011198673938,building
NM,Valencia County,Meta,Meta,543736.0,34.83004001323268,-106.7803471166423,building
NC,Wake County,,iGLASS Networks,8134.0,35.76675058431367,-78.78398578504193,building
WI,Walworth County,AT&T,Central Office,9001.0,42.833653645328724,-88.73398014169885,building
MT,Granite County,,,1510.0,46.33213162018421,-113.2926719454952,building
NJ,Somerset County,,Vital Records,7942.0,40.5280718,-74.68281625,building
NJ,Somerset County,,Verizon Wireless NE Headquarters,156691.0,40.555692492801825,-74.70559634764604,building
VA,Henrico County,Meta,Meta Henrico Data Center,588189.0,37.48392820260659,-77.23731112457074,building
WI,Calumet County,Involta,,60180.0,44.20445478558088,-88.34487612493405,building
OR,Crook County,,,630160.0,44.29909532788997,-120.87943460169969,building
OR,Crook County,,,622980.0,44.30125485244593,-120.88988386646693,building
MI,Wayne County,US Signal,,24599.0,42.235326619513245,-83.44414059824084,building
NV,Washoe County,,,89831.0,39.567714399999986,-119.54236275,building
NV,Washoe County,,,89571.0,39.56750102799264,-119.54320948473752,building
NV,Washoe County,,,88594.0,39.56716047169781,-119.5443883654126,building
NV,Washoe County,,,92133.0,39.5669208408872,-119.54522686909625,building
NV,Washoe County,,,90711.0,39.56575834999998,-119.5479741,building
NV,Washoe County,,,89076.0,39.565106249999985,-119.54768979999999,building
PA,Lehigh County,,Allentown-TekPark,146248.0,40.544236192201154,-75.65431290641538,building
NM,Valencia County,Meta,Meta,654617.0,34.830282975955654,-106.77647063685076,building
CO,Douglas County,,,28132.0,39.55907170103508,-104.83358763917583,building
CA,Solano County,,PG&E Datacenter,55270.0,38.24625878202741,-122.06720998654048,building
AZ,Maricopa County,CyrusOne,CyrusOne PHX6,98354.0,33.26757617676946,-111.88253182238181,building
IA,Polk County,Meta,Facebook Altoona Data Center 4,606958.0,41.66773729663933,-93.51639855817271,building
VA,Loudoun County,Digital Realty,Digital Realty IAD41 (Building P),396985.0,39.00867671357362,-77.45822139866478,building
VA,Loudoun County,Amazon Web Services,Amazon IAD118,105629.0,39.018507333470076,-77.4388392380639,building
VA,Loudoun County,Aligned,Aligned Ashburn,140140.0,39.01362013688678,-77.47057790323177,building
VA,Loudoun County,Equinix,Equinix Ashburn DC15,76665.0,39.02250015,-77.45025585000002,building
VA,Loudoun County,Sabey Data Centers,Sabey Intergate.Ashburn (Building A),131966.0,39.01449812060737,-77.4799880088731,building
VA,Loudoun County,NTT,NTT Ashburn VA5 Data Center,124046.0,39.018295572737124,-77.4726140064529,building
VA,Loudoun County,NTT,NTT Ashburn VA4 Data Center,160282.0,39.01986885239891,-77.47259496016018,building
VA,Loudoun County,CloudHQ,CloudHQ LC1,499194.0,39.01015663796794,-77.46278493746921,building
VA,Loudoun County,CloudHQ,CloudHQ LC2,252770.0,39.011764196012,-77.46245654360418,building
VA,Loudoun County,Amazon Web Services,Amazon IAD146,103076.0,38.996724573893594,-77.43559835929992,building
AZ,Maricopa County,Microsoft,PHX-10,246184.0,33.40794622473932,-112.36482981723921,building
VA,Loudoun County,Equinix,Equinix Ashburn DC21,78961.0,39.01182265245306,-77.45455808033395,building
NY,Westchester County,,,13426.0,40.95126975000002,-73.897901,building
OH,Licking County,Meta,Meta New Albany Data Center,663286.0,40.06527170171296,-82.74890965645031,building
WA,Grant County,,,216848.0,47.23709781809187,-119.8951561140021,building
AZ,Maricopa County,,EdgeCore,112901.0,33.344131137368926,-111.61955250338006,building
MI,Wayne County,Comcast,Comcast,953.0,42.213902,-83.198214,building
CO,El Paso County,SAP,SAP COS02,47705.0,38.9888883596214,-104.78638139828008,building
WA,Douglas County,,,102013.0,47.40724312119729,-120.21396547027886,building
WA,Douglas County,,,13946.0,47.392149426019245,-120.21746237331226,building
WA,Douglas County,,,4004.0,47.3917941,-120.21787734999997,building
WA,Douglas County,,,4003.0,47.39175690405271,-120.21751437496486,building
WA,Douglas County,,,7706.0,47.3917589748343,-120.21690133345749,building
TX,Tarrant County,Meta,Facebook Fort Worth Datacenter,753193.0,32.98829583906655,-97.25546003844354,building
TX,Denton County,,Charles Schwab Data Center,79688.0,33.00450212867702,-97.24615495495458,building
VA,Loudoun County,Amazon Web Services,Amazon IAD140,215095.0,38.98145514397075,-77.41755006424644,building
VA,Loudoun County,Amazon Web Services,Amazon IAD141,216850.0,38.982387702325504,-77.41678570643171,building
NE,Douglas County,News-Press & Gazette Company,1623 Farnam,35689.0,41.25729103339954,-95.93784939082911,building
NJ,Passaic County,,Credit Suisse: Clifton Data Center,140278.0,40.83344999650438,-74.14021868522241,building
TN,Davidson County,,,93318.0,36.032681338002526,-86.63779793670544,building
OH,Franklin County,Amazon Web Services,Amazon Web Services,151703.0,40.1025730640341,-83.199698607384,building
OH,Franklin County,Amazon Web Services,Amazon Web Services,159123.0,40.10358662097767,-83.1997637502725,building
VA,Prince William County,Amazon Web Services,Amazon IAD84,152692.0,38.81610311558067,-77.65249934646553,building
AZ,Maricopa County,,StrongMind,20604.0,33.34261624786127,-111.84097388721275,building
NC,Wake County,,BB&T Data Center,143011.0,35.83932520688815,-78.32812683896444,building
IA,Polk County,Microsoft,Microsoft,153956.0,41.516740744674685,-93.70254178927229,building
IA,Polk County,Microsoft,Microsoft,149149.0,41.51584273775109,-93.70251346903133,building
IA,Polk County,Microsoft,Microsoft,144428.0,41.51581793338958,-93.70630110376285,building
IA,Polk County,Microsoft,Microsoft,146482.0,41.51671170912214,-93.70635081699355,building
IA,Polk County,Microsoft,Microsoft,145134.0,41.518501627938505,-93.70633127224687,building
IA,Polk County,Microsoft,Microsoft,143145.0,41.51760660236561,-93.70631249955495,building
IA,Polk County,Microsoft,Microsoft,141016.0,41.51764118697562,-93.70249272335573,building
IA,Polk County,Microsoft,Microsoft,141225.0,41.5185382213434,-93.70252494881824,building
IA,Warren County,Microsoft,Microsoft,239270.0,41.49787062349048,-93.78703936014338,building
IA,Warren County,Microsoft,Microsoft,243678.0,41.4989130084512,-93.78707464047396,building
IA,Polk County,Meta,Facebook Altoona Data Center 5,628003.0,41.67117310518904,-93.51662854517393,building
NY,Niagara County,Blockfusion,,16242.0,43.07483783618082,-78.9448016824675,building
UT,Washington County,Lumen Technologies,Lumen,1833.0,37.06279919961953,-113.5447486918026,building
AZ,Maricopa County,,Myndshift Technologies,21279.0,33.475420822647074,-111.7191651503316,building
IA,Johnson County,,ForceAmp.com,2709.0,41.703998424529416,-91.58707810458274,building
NC,Mecklenburg County,TierPoint,TierPoint - Charlotte Data Center,61578.0,35.1731955,-80.928121,building
NC,Mecklenburg County,,SEGRA,18094.0,35.180053426006644,-80.92635689078914,building
IL,Cook County,CoreSite,CoreSite Chicago Data Center (CH2),61773.0,41.862798312081324,-87.64130393630988,building
WA,Snohomish County,Unity Cable System,Norma Beach Cable Landing Station,2369.0,47.864697532780525,-122.28415777715416,building
AZ,Pima County,DirecTV,,14373.0,32.09270648301032,-110.7874236597228,building
NV,Clark County,Google,Google,143869.0,36.05628838012399,-115.00857680760697,building
NV,Clark County,Google,Google,141227.0,36.05880161355026,-115.00879721723351,building
AL,Jackson County,Google,Google,144996.0,34.91369193537593,-85.74742813686991,building
AL,Jackson County,Google,Google,141947.0,34.91367641696053,-85.74593535662332,building
VA,Loudoun County,,,140157.0,39.05060777353415,-77.54002589925443,building
TX,Ellis County,Google,Google,144574.0,32.44212970694726,-97.06248797352441,building
TX,Ellis County,Google,Google,138230.0,32.44355545067315,-97.06333284263975,building
TN,Montgomery County,Google,Google,169736.0,36.624581677116986,-87.26129639013776,building
OH,Licking County,Google,Google NBY-1,145177.0,40.0611446067072,-82.76429366978354,building
NE,Sarpy County,Meta,Meta Sarpy Data center,666382.0,41.12354216329949,-96.14419029195595,building
NE,Sarpy County,Meta,Meta Sarpy Data center,515084.0,41.120731999092776,-96.1448543238976,building
NE,Sarpy County,Google,Google,152487.0,41.134974694686676,-96.14672977457636,building
CO,Broomfield County,JPMorgan Chase,JPMorgan Chase,188160.0,39.98908743794327,-105.02070322451502,building
WI,Marquette County,,Marquette-Adams Telephone Coop,8257.0,43.78218427332293,-89.5748085044049,building
TX,Ellis County,,Compass Data Center,41692.0,32.53872184634211,-96.80439625781607,building
VA,Loudoun County,Amazon Web Services,Amazon IAD119,127104.0,39.016930140671114,-77.43938662133482,building
OR,Washington County,Flexential,Flexential Portland - Hillsboro 4,97536.0,45.55520512472815,-122.93988400803018,building
IL,Cook County,Stream,Stream Chicago II,215922.0,41.999124376580816,-87.95776458133645,building
IL,Cook County,Stack Infrastructure,STACK Chicago CHI01,298471.0,42.00684386697901,-87.96519018686881,building
IL,Cook County,Stream,Stream Chicago I,120616.0,42.00260065479786,-87.9511348152422,building
NY,Albany County,,Turnkey Internet,10465.0,42.74544108831328,-73.7591995825907,building
IA,Dallas County,Microsoft,Microsoft,220735.0,41.540709211931386,-93.82789533189843,building
NC,Catawba County,,,203410.0,35.59039235521896,-81.26456963872327,building
OH,Franklin County,Amazon Web Services,Amazon Web Services,161757.0,40.060147182028594,-83.1349072240717,building
WA,Spokane County,,Iron Mountain,14085.0,47.59461614042946,-117.53714762549906,building
CT,Western Connecticut Planning Region,,amnet Data Center,10526.0,41.09183280614633,-73.51671558511936,building
KS,Johnson County,TierPoint,,58095.0,38.940669347709914,-94.7552318373768,building
VA,Prince William County,CloudHQ,CloudHQ MCC1,399915.0,38.71702838031366,-77.49989681569252,building
NC,Rutherford County,Meta,Meta Forest City datacenter,319829.0,35.316554513172385,-81.82513231213183,building
VA,Loudoun County,Amazon Web Services,Amazon IAD128,105735.0,39.01608221214414,-77.4383843610863,building
VA,Loudoun County,Microsoft,Microsoft,155317.0,39.074786886514936,-77.564129002659,building
CA,Santa Clara County,NTT,NTT Silicon Valley SV1 Data Center,38759.0,37.3690532120371,-121.95533775018632,building
GA,Fulton County,,T5 Data Center,149055.0,34.07592247437133,-84.26431627007852,building
TN,Davidson County,BNYM,,191585.0,36.21535166057947,-86.78368364767915,building
VA,Loudoun County,Amazon Web Services,Amazon IAD125,104431.0,38.94808953983555,-77.56054491973867,building
VA,Loudoun County,Amazon Web Services,Amazon IAD124,104434.0,38.94989545,-77.5604517,building
OR,Washington County,Stack Infrastructure,Stack Infrastructure Portland 3 Data Center -Bld POR3a,94010.0,45.554197103295834,-122.93791223861514,building
MI,Wayne County,Quicken Loans,,46220.0,42.32617958791932,-83.0697588594042,building
ID,Bear Lake County,The Church of Jesus Christ of Latter-day Saints,Family History Center,4081.0,42.31729584241333,-111.30424491696456,building
TN,Grainger County,,,1232.0,36.32807395054265,-83.3767035166009,building
VA,Loudoun County,True North Data Solutions,42310 THUNDERBALL DR,78907.0,39.0440991126541,-77.5396744352085,building
OR,Washington County,Quality Technology Services,QTS Data Center Bld 2,172698.0,45.55876356998547,-122.92963139564533,building
OR,Morrow County,Amazon Web Services,Amazon PDX91,210994.0,45.83792393125422,-119.68835480425264,building
OR,Morrow County,Amazon Web Services,Amazon PDX92,211026.0,45.837540230429845,-119.69312909155818,building
OR,Morrow County,Amazon Web Services,Amazon Web Services us-west-2,211938.0,45.84665462891912,-119.60564495290757,building
CO,Arapahoe County,,,184275.0,39.72947807167562,-104.71275427494953,building
NY,Erie County,,,41938.0,43.04498475142093,-78.74920687188744,building
OR,Washington County,Quality Technology Services,QTS Data Center Bld 3,171585.0,45.55877964156345,-122.93190590234335,building
OR,Washington County,Quality Technology Services,QTS Data Center Bld 5,168921.0,45.558801399107345,-122.93522042569593,building
OR,Washington County,Quality Technology Services,QTS Data Center Bld 4,173993.0,45.55878122400349,-122.93294634075065,building
OR,Washington County,Flexential,Flexential Portland - Hillsboro 3,337274.0,45.55946944210194,-122.93824742612031,building
WI,Racine County,,,9094.0,42.675665166401735,-87.91840525370047,building
OH,Cuyahoga County,,Lumen Cleveland,29490.0,41.50506588324182,-81.65777529847028,building
NY,Onondaga County,Syracuse University,SU Green Data Center,12169.0,43.012076168247575,-76.11592528916748,building
VA,Loudoun County,Amazon Web Services,Amazon IAD163,131936.0,39.032305346543716,-77.42970207730016,building
MD,Baltimore city,,Johns Hopkins Data Center,3880.0,39.293558797591636,-76.55173790932334,building
UT,Salt Lake County,,Ebay,146408.0,40.564095154754696,-112.05062821398593,building
CA,Sacramento County,EdgeConneX,Edgeconnex Data Center,29318.0,38.59229735734241,-121.27743720759896,building
AZ,Maricopa County,,,224651.0,33.439468398524404,-112.37705849148576,building
AZ,Maricopa County,,Omnis Network,16956.0,33.39440984504404,-111.95249099695657,building
NE,Sarpy County,Travelers Insurance,Travelers Insurance,182408.0,41.12784314075568,-96.1450454342224,building
TN,Williamson County,Flexential,Flexential Nashville - Franklin,74934.0,35.92045930571429,-86.81557369550194,building
IA,Polk County,,,6991.0,41.55808334368885,-93.52766189088219,building
IA,Polk County,,,16920.0,41.55813064314094,-93.52815685234398,building
OK,Tulsa County,,,8589.0,36.081251440435906,-95.85414917053645,building
VA,Loudoun County,Amazon Web Services,Amazon IAD175,86503.0,38.97986798960396,-77.42547991661068,building
GA,Muscogee County,,,116660.0,32.498267211859805,-84.88357131699361,building
VA,Loudoun County,Amazon Web Services,Amazon IAD147,102767.0,38.99501200411457,-77.43535921804072,building
FL,Orange County,,E-Foam,8403.0,28.577943298691853,-81.56454528550917,building
CT,South Central Connecticut Planning Region,,,53967.0,41.47880657970392,-72.80100588127455,building
AL,Madison County,,SimpleHelix,16411.0,34.745431,-86.691883,building
OR,Marion County,CenturyLink,CenturyLink,24529.0,44.93802973651106,-123.03368547781263,building
GA,Cobb County,Digital Realty,Digital Realty Atlanta ATL11,313479.0,33.74656159000674,-84.57973805502213,building
GA,Douglas County,Switch,Switch Data Center,171499.0,33.75502503563987,-84.58726857370542,building
OH,Franklin County,Amazon Web Services,Amazon Web Services,170922.0,40.05932514874339,-83.13460627149611,building
OH,Franklin County,Amazon Web Services,Amazon Web Services,133709.0,40.05830889063114,-83.13409055693126,building
OH,Franklin County,Amazon Web Services,Amazon Web Services,142297.0,40.06077960456687,-83.13275276607416,building
AZ,Maricopa County,,CyrusOne PHX7,138671.0,33.266358037349754,-111.88190865987411,building
AZ,Maricopa County,CyrusOne,CyrusOne PHX4,103008.0,33.26876619467938,-111.88251618118173,building
AZ,Maricopa County,CyrusOne,CyrusOne PHX5,102958.0,33.26974106961745,-111.88158696591401,building
CA,Santa Clara County,,Northwest Data Center and Communications Hub,10145.0,37.43343706491259,-122.18073854152179,building
IN,Lake County,Digital Crossroad,Digital Crossroad,116014.0,41.70741845048315,-87.52019308236501,building
VA,Loudoun County,CyrusOne,CyrusOne NVA7,60930.0,39.02630118397838,-77.43402771243551,building
NV,Clark County,,Switch Las Vegas 10,206411.0,36.05558582417979,-115.22306090645559,building
VA,Loudoun County,Amazon Web Services,Amazon IAD174,132388.0,39.0289156237226,-77.42747328593995,building
VA,Loudoun County,Amazon Web Services,Amazon IAD164,132374.0,39.03047299618339,-77.42894228975496,building
VA,Loudoun County,Vantage Data Centers,Vantage VA12,115613.0,39.001778817678584,-77.43807112355094,building
VA,Loudoun County,Microsoft,Microsoft,97581.0,39.075507867028115,-77.56303535038639,building
TX,Tarrant County,,Verizon Wireless Mew Building,176383.0,32.9721549409369,-97.15661083282481,building
VA,Loudoun County,Amazon Web Services,Amazon IAD152,156644.0,38.91657562032832,-77.47974226362956,building
VA,Loudoun County,Amazon Web Services,Amazon IAD151,155542.0,38.916150913647485,-77.47870520943823,building
VA,Loudoun County,Amazon Web Services,Amazon IAD83,156166.0,38.94794606248757,-77.52310751217404,building
VA,Loudoun County,Amazon Web Services,Amazon Web Services,16739.0,38.94653921834141,-77.522187962458,building
VA,Loudoun County,Amazon Web Services,Amazon IAD122,153273.0,38.95586322416396,-77.49717992352807,building
VA,Loudoun County,CyrusOne,CyrusOne Sterling IX,266078.0,38.958307773597156,-77.5057502134604,building
VA,Prince William County,,Iron Mountain VA-2,158664.0,38.77724872292375,-77.54596523593627,building
VA,Prince William County,,Iron Mountain VA-1,163790.0,38.77791724451756,-77.54707318592739,building
VA,Prince William County,Amazon IAD96,Amazon Web Services,149064.0,38.780151459125655,-77.5398838254268,building
VA,Prince William County,Amazon IAD95,Amazon Web Services,214748.0,38.77845090303134,-77.53942704592562,building
VA,Prince William County,Amazon IAD75,Amazon Web Services,214662.0,38.779342502969655,-77.54289593523082,building
VA,Prince William County,Amazon Web Services,Amazon IAD102,214338.0,38.73597010394225,-77.50490134298963,building
VA,Prince William County,Amazon Web Services,Amazon IAD101,214330.0,38.73544015632304,-77.5056951291328,building
VA,Prince William County,Amazon Web Services,Amazon IAD100,214611.0,38.73459785072171,-77.50664242032276,building
VA,Prince William County,CloudHQ,CloudHQ MCC2,351091.0,38.72318194669911,-77.49900909121519,building
NJ,Somerset County,,Rackspace Somerset NYC1,18407.0,40.544525668047555,-74.53775798798131,building
NJ,Somerset County,,Rackspace Belmont NYC2,57471.0,40.540838868576394,-74.53749197339523,building
VA,Prince William County,Amazon Web Services,Amazon Web Services,112502.0,38.74305258062452,-77.53338365036699,building
VA,Loudoun County,Quality Technology Services,QTS Ashburn-Shellhorn DC1,156810.0,38.998079157116706,-77.47557115270827,building
GA,Fulton County,Quality Technology Services,QTS Atlanta Data Center 2,283307.0,33.777505224334604,-84.41955232504009,building
TX,Bexar County,,,109489.0,29.41898804292748,-98.78747100073744,building
TX,Medina County,Microsoft,Microsoft TRP3 (SAT46),228897.0,29.412977,-98.80637445,building
TX,Bexar County,Microsoft,Microsoft,228882.0,29.415796774934595,-98.80331595101006,building
TX,Bexar County,Microsoft,Microsoft,228885.0,29.41579564999999,-98.8045148,building
WI,Waukesha County,WE Energies,Pewaukee Data Center,47298.0,43.051388603479424,-88.21666504144568,building
NV,Clark County,,CenturyLink,11601.0,36.18299775000002,-115.06266955000002,building
AZ,Maricopa County,EdgeConneX,EdgeConneX PHX02 Data Center,654105.0,33.35201066594794,-111.64752987080627,building
VA,Prince William County,Amazon Web Services,Amazon IAD601,14469.0,38.77885736266743,-77.55711533435445,building
NV,Clark County,,Switch Edge 1,27670.0,36.05914890029927,-115.21368205586589,building
NV,Clark County,Switch,Switch Las Vegas 4,27777.0,36.14364614260284,-115.07677875309264,building
NV,Clark County,Switch,Switch Las Vegas 5,15026.0,36.14276349999998,-115.0766965,building
FL,Broward County,,T-Mobile Everglades MSO Data Center,49233.0,26.18499694122674,-80.28691594164567,building
OR,Washington County,EdgeConneX,EdgeConneX Data Center,111564.0,45.55662129993891,-122.9122128373545,building
OH,Licking County,Amazon Web Services,Amazon Web Services  CMH53,154029.0,40.093616431919784,-82.75145548175702,building
OH,Licking County,Amazon Web Services,Amazon Web Services CMH56,154677.0,40.09653434283724,-82.7520511472934,building
OH,Licking County,Amazon Web Services,Amazon Web Services  CMH59,161123.0,40.09404615,-82.74749105,building
AR,White County,City of Searcy,Searcy Information Technologies,4580.0,35.24921583709014,-91.74090585909617,building
VA,Loudoun County,Amazon Web Services,Amazon Web Services,131476.0,38.99584761219269,-77.47129118809558,building
VA,Loudoun County,Amazon Web Services,Amazon Web Services,131482.0,38.9966079620884,-77.47326247046236,building
UT,Utah County,Meta,Meta Eagle Mountain Data Center,344790.0,40.26828849389509,-112.01507681485774,building
UT,Utah County,Meta,Meta Eagle Mountain Data Center,626371.0,40.265563973496235,-112.01512736702614,building
KS,Johnson County,,,4912.0,38.92680599137026,-94.76837277312143,building
VA,Loudoun County,Digital Realty,Digital Realty IAD42,218174.0,39.0057193422944,-77.44944906275627,building
OR,Morrow County,Amazon Web Services,Amazon Web Services us-west-2,211938.0,45.84666782891918,-119.60703845290757,building
OR,Morrow County,Amazon Web Services,Amazon Web Services us-west-2,221562.0,45.84675379273419,-119.60906254711061,building
VA,Henrico County,Meta,Meta Henrico Data Center,327920.0,37.48196327395944,-77.23380499286465,building
FL,Polk County,,,22578.0,28.294076903278917,-81.83484809221979,building
NV,Clark County,,DataBank Las Vegas LAS1,58547.0,36.059727511179354,-115.14721141917371,building
UT,Utah County,Meta,Meta Eagle Mountain Data Center,628165.0,40.272334294158675,-112.01505471932471,building
VA,Loudoun County,Amazon Web Services,Amazon IAD601,14384.0,39.01526292996649,-77.43777001894873,building
AZ,Cochise County,DirecTV,,7539.0,31.97267475000002,-110.3047517,building
GA,Newton County,Meta,,660258.0,33.60137097699379,-83.70541735714059,building
UT,Salt Lake County,Flexential,Flexential Salt Lake City - Millcreek,28092.0,40.685525184420506,-111.88504405866485,building
OR,Morrow County,Amazon Web Services,Amazon PDX93,213828.0,45.83654227769138,-119.68986642750531,building
VA,Prince William County,Amazon Web Services,Amazon Web Services,111697.0,38.74428600881186,-77.5333223884964,building
VA,Prince William County,,,257960.0,38.74595858499286,-77.53750920384992,building
VA,Prince William County,Amazon Web Services,COPT Innovation Park Data Center,149206.0,38.74388635213584,-77.53062487717274,building
VA,Prince William County,Amazon Web Services,COPT Data Center Bldg 2,104114.0,38.74405495000003,-77.5291961,building
CA,Santa Clara County,Amazon Web Services,Amazon,98142.0,37.389932722906636,-121.96598983183091,building
SC,Berkeley County,Google,,182645.0,33.06202195220446,-80.0383164102727,building
SC,Berkeley County,Google,Google,181261.0,33.062173987888386,-80.03966007774606,building
SC,Berkeley County,Google,Google,206252.0,33.0620532336249,-80.0411544794054,building
SC,Berkeley County,Google,Google,181645.0,33.06431195684766,-80.03845634856897,building
SC,Berkeley County,Google,Google,131216.0,33.06643643639933,-80.0384282213352,building
SC,Berkeley County,Google,Google,249320.0,33.06415660672296,-80.0435751321209,building
SC,Berkeley County,Google,Google,697831.0,33.06200058162894,-80.04505685954406,building
SC,Berkeley County,Google,Google,145533.0,33.0644347983892,-80.0460675514388,building
GA,Newton County,Meta,,763506.0,33.60009366549504,-83.69683906124658,building
GA,Newton County,Meta,,342886.0,33.598021444919375,-83.69501279603176,building
WA,Douglas County,Microsoft,Microsoft EAT02,246129.0,47.416868,-120.20768785,building
WA,Douglas County,Sabey Data Centers,Intergate Columbia D,135020.0,47.40758548372072,-120.1916010921989,building
IA,Pottawattamie County,Google,Google,76005.0,41.177343728632096,-95.80485695055178,building
IA,Pottawattamie County,Google,Google,318940.0,41.177274152094625,-95.80637969493476,building
IA,Pottawattamie County,Google,Google,258223.0,41.177456358594384,-95.8032146601445,building
IA,Pottawattamie County,Google,Google,211543.0,41.1774829044164,-95.8009671744178,building
IA,Pottawattamie County,Google,Google,131491.0,41.17554012192127,-95.80676284742115,building
IA,Pottawattamie County,Google,Google,129827.0,41.175540059280664,-95.80565239894678,building
IA,Pottawattamie County,Google,Google,132118.0,41.17554283571896,-95.80449329768031,building
IA,Pottawattamie County,Google,Google,132254.0,41.175543649348676,-95.80338953810153,building
IA,Pottawattamie County,Google,Google,130820.0,41.17554738987545,-95.80222393225192,building
IA,Pottawattamie County,Google,Google,129628.0,41.175545298870624,-95.80111944840714,building
IA,Pottawattamie County,Google,Google,134444.0,41.175553763698645,-95.79994803229256,building
IA,Pottawattamie County,Google,Google,174264.0,41.172634724638684,-95.80402364212968,building
IA,Pottawattamie County,Google,Google,174583.0,41.17264007794875,-95.80252143645,building
IA,Pottawattamie County,Google,Google,158241.0,41.172611429246636,-95.80114771933164,building
IA,Warren County,Microsoft,Microsoft,242270.0,41.496830374622895,-93.78699632249963,building
IA,Dallas County,Microsoft,Microsoft,90065.0,41.539813882963884,-93.82631357825983,building
IA,Dallas County,Microsoft,Microsoft,80538.0,41.53967044999998,-93.8286654,building
CA,Santa Clara County,,,108346.0,37.36113990617489,-121.94230618817129,building
MS,DeSoto County,xAI,xAI Macrohardrr,812955.0,34.993488022517546,-90.03416995680819,building
OR,Washington County,Flexential,Flexential Portland - Hillsboro 4 Expansion,20041.0,45.555390624476686,-122.94108717506809,building
OR,Washington County,Flexential,Flexential Portland - Hillsboro 5,180357.0,45.556424098133974,-122.93929618819855,building
TX,Bexar County,Quality Technology Services,QTS San Antonio II,140321.0,29.449156391167712,-98.65314491083072,building
CO,El Paso County,,T5@Colorado Springs,74307.0,38.786171875257594,-104.78853490056187,building
FL,Hillsborough County,Flexential,Flexential Tampa - North,30643.0,28.073855986618945,-82.3683379068176,building
VA,Loudoun County,Amazon Web Services,Amazon Web Services,96372.0,39.016744147071925,-77.4520006441272,building
VA,Loudoun County,Amazon Web Services,Amazon Web Services,96367.0,39.015885947927366,-77.45314512055347,building
VA,Loudoun County,Aligned,Aligned IAD02,208188.0,39.01041104637883,-77.47518884959037,building
VA,Prince William County,Quality Technology Services,QTS Manassas DC5,153531.0,38.75469273478202,-77.51744671852035,building
AZ,Maricopa County,Microsoft,PHX-11,248866.0,33.4090308699486,-112.36480339539561,building
NY,Rockland County,,,262772.0,41.052330011443395,-73.97183915632714,building
GA,Douglas County,Flexential,Flexential Atlanta - Douglasville 1,213895.0,33.73105742601047,-84.61608083370582,building
TN,Montgomery County,Google,Google,169733.0,36.6248303415674,-87.2635147826449,building
TN,Montgomery County,Google,SPC3A,169748.0,36.624302764012484,-87.2590265290958,building
VA,Loudoun County,Amazon Web Services,Amazon Web Services,132491.0,38.97955740277741,-77.41749032505928,building
NY,Niagara County,US Bitcoin,,61559.0,43.08205626882786,-79.03072271434743,building
PA,Montgomery County,TierPoint,TierPoint Valley Forge,62375.0,40.12187904296176,-75.42087693655776,building
OR,Washington County,Aligned Data Centers,,155423.0,45.55406422664085,-122.94931170416197,building
NV,Storey County,,,628883.0,39.5140677776482,-119.47551375007964,building
NV,Storey County,,,296544.0,39.5138704767209,-119.48485275029952,building
UT,Salt Lake County,Flexential,Flexential Salt Lake City - Fair Park,12565.0,40.76678608749764,-111.92029244660976,building
TX,Bexar County,,CyrusOne San Antonio IV,92543.0,29.470679240951167,-98.67062972016936,building
VA,Loudoun County,Equinix,Equinix Ashburn DC16,87843.0,39.0242572930251,-77.45232685892778,building
VA,Loudoun County,Microsoft,Microsoft IAD11,242344.0,38.9482582,-77.55591095,building
OR,Umatilla County,Amazon Web Services,Amazon PDX63,227376.0,45.90144982808185,-119.32052237898414,building
OR,Umatilla County,Amazon Web Services,Amazon PDX65,217425.0,45.9027633022617,-119.32049760781274,building
OR,Umatilla County,Amazon Web Services,Amazon PDX67,219900.0,45.903851035789124,-119.3204870220183,building
OR,Umatilla County,Amazon Web Services,Amazon PDX69,219735.0,45.90509435709569,-119.32016656483712,building
OR,Umatilla County,,,15313.0,45.91570984742483,-119.269980567306,building
VA,Loudoun County,,,242639.0,39.069647438118416,-77.56077132684031,building
VA,Loudoun County,,,247061.0,39.06965446912374,-77.55943345615457,building
VA,Henrico County,Meta,Meta Henrico Data Center,604696.0,37.4778453605085,-77.22645501283908,building
AZ,Maricopa County,Quality Technology Services,QTS,156513.0,33.46080637121097,-111.99712196256051,building
IL,Madison County,,,204.0,38.81056014128045,-89.94870327621571,building
VA,Fairfax County,CoreSite,CoreSite Reston Campus VA2,40517.0,38.951451442448395,-77.36400406995186,building
VA,Prince William County,Amazon Web Services,AWS IAD105,214270.0,38.74759587073946,-77.5194752905985,building
VA,Prince William County,Amazon Web Services,AWS IAD104,214258.0,38.74837383787123,-77.52070478985337,building
VA,Prince William County,Quality Technology Services,QTS Manassas DC1,123471.0,38.752517119624976,-77.51311070295142,building
MD,Howard County,,,112205.0,39.13368478512646,-76.85140714735189,building
OR,Crook County,,,455401.0,44.301672245304395,-120.89459613560575,building
OR,Crook County,,,241183.0,44.29928794606045,-120.8945946930765,building
OR,Washington County,Digital Realty,Digital Realty PDX11 Data Center,287848.0,45.56845928216204,-122.91996891388392,building
IL,DuPage County,UChicago Argonne LLC,Datacenter (386),12413.0,41.70713416599953,-87.97595597607389,building
OH,Franklin County,Amazon Web Services,Amazon Web Services,150776.0,40.10176651686653,-83.19958258131987,building
OH,Franklin County,Amazon Web Services,Amazon Web Services,150211.0,40.100768122803046,-83.19947533803379,building
OH,Franklin County,Amazon Web Services,Amazon Web Services,131786.0,40.09978649721721,-83.19926048317649,building
IL,DuPage County,NTT,NTT Chicago CH1,113535.0,41.98791937331649,-88.00726495550349,building
WI,Dunn County,West Wisconsin Telcom,,3368.0,44.87716527003878,-91.91999887344215,building
CA,Santa Clara County,CoreSite,CoreSite SV7,60989.0,37.376078768732455,-121.97305665058126,building
AL,Madison County,Meta,Meta Huntsville Data center,578342.0,34.84733377558844,-86.62691859725358,building
AL,Madison County,Meta,Meta Huntsville Data center,352651.0,34.84318221805603,-86.62886566501395,building
AL,Madison County,Meta,Meta Huntsville Data center,857148.0,34.84043159437722,-86.62884123877876,building
VA,Loudoun County,Amazon Web Services,Amazon Web Services,129566.0,38.97914744837003,-77.41990459432743,building
WA,Douglas County,Microsoft,Microsoft EAT03,235418.0,47.41832389915491,-120.20770997534775,building
WA,Douglas County,Microsoft,Microsoft EAT04,234834.0,47.41963656619163,-120.21382073697872,building
IA,Dallas County,Microsoft,Microsoft,250486.0,41.53499027432926,-93.86344403728756,building
VA,Loudoun County,Google,Google: Arcola 2,289889.0,38.94182145901596,-77.5274294136543,building
WA,Chelan County,,EAT14,241836.0,47.35949689999999,-120.16009074999997,building
WA,Chelan County,,EAT13,232237.0,47.35842569724621,-120.15997584201406,building
WA,Chelan County,,EAT12,248918.0,47.357432990996365,-120.15954622674231,building
TX,Dallas County,,,141788.0,32.894762294584496,-96.9819459407307,building
VA,Loudoun County,Amazon Web Services,Amazon IAD603,14733.0,38.981546018412864,-77.41935734962239,building
WY,Laramie County,,,29178.0,41.125398683893145,-104.90751610807837,building
WY,Laramie County,,,33657.0,41.126459737456805,-104.89953749541426,building
WY,Laramie County,,,51590.0,41.125410975069435,-104.90197773509112,building
WY,Laramie County,,,218419.0,41.12226602480487,-104.90814229879267,building
WY,Laramie County,,,216879.0,41.122246200000035,-104.90951695000003,building
PA,Montgomery County,Flexential,Flexential Philadelphia - Collegeville,110941.0,40.1522204464304,-75.4776289986927,building
VA,Loudoun County,Amazon Web Services,Amazon IAD86,150112.0,38.91725620000002,-77.49567435000002,building
VA,Prince William County,Amazon Web Services,Amazon IAD130,103128.0,38.7603606,-77.51930185000002,building
VA,Prince William County,Amazon Web Services,Amazon IAD131,104697.0,38.761104750000015,-77.518221,building
MO,Clay County,Meta,Meta Data Center,615937.0,39.32265087738015,-94.59806356903579,building
VA,Loudoun County,Quality Technology Services,QTS Ashburn-Shellhorn DC2,152471.0,38.99877155044578,-77.47426403834965,building
VA,Loudoun County,Quality Technology Services,QTS Ashburn Lockridge,153253.0,38.99535529659704,-77.45518313177938,building
VA,Loudoun County,Quality Technology Services,QTS Ashburn Lockridge,135570.0,38.99519863333693,-77.45688789968028,building
VA,Loudoun County,Amazon Web Services,Amazon IAD192,132942.0,38.989553545488135,-77.43480130037847,building
VA,Loudoun County,,,91264.0,39.01710248998641,-77.47326656169301,building
VA,Loudoun County,NTT,NTT Ashburn VA8 Data Centre,111241.0,39.02019007620964,-77.4755312625733,building
VA,Loudoun County,Databank,DataBank Ashburn IAD3,146234.0,39.017878448226135,-77.48182766953322,building
VA,Loudoun County,PowerHouse,PowerHouse ABX-1,131309.0,39.019577925475055,-77.45046549398683,building
VA,Loudoun County,,,158127.0,39.017947770701504,-77.45947386640835,building
NM,Valencia County,Meta,Meta,588490.0,34.82583964722383,-106.77888911377376,building
WA,Grant County,,,280235.0,47.24481076213176,-119.81798352546548,building
WA,Grant County,,,147278.0,47.24427568764932,-119.81481251571768,building
IA,Polk County,,Lightedge Des Moines 2,56626.0,41.66679862816312,-93.45595524429609,building
NV,Washoe County,,,89816.0,39.56971060119035,-119.53785941445163,building
NV,Washoe County,,,89816.0,39.57005260119037,-119.53709171445159,building
NV,Washoe County,,,89821.0,39.57059170772451,-119.53603404796114,building
NV,Washoe County,,,89824.0,39.57098620119756,-119.53531756445848,building
OH,Mahoning County,,Carrier Services Group,75379.0,41.04105972805057,-80.63309049267484,building
TN,Williamson County,Flexential,Flexential Nashville - Cool Springs,69261.0,35.95104065922935,-86.83338099257101,building
WI,Columbia County,,,361.0,43.63833310937913,-89.72140293849596,building
IL,Cook County,Aligned,Aligned Data Center - Chicago ORD-01,194551.0,41.9139830795587,-87.91746545917597,building
IL,Cook County,Aligned,Aligned Data Center - Chicago ORD-02,111422.0,41.912962227349745,-87.91749234720034,building
IL,Cook County,,,110471.0,42.02314332328065,-87.97218622177087,building
IL,Cook County,T5 Data Centers,T5 Chicago II,163237.0,42.02304232566213,-87.9755568761072,building
TX,Travis County,,Cortex supercomputer,427833.0,30.21539943051719,-97.61896045819654,building
VA,Prince William County,Amazon Web Services,AWS IAD106,205206.0,38.74697497614124,-77.51852811268893,building
OH,Licking County,Google,Google NBY-2,138878.0,40.059632811729564,-82.7645265791066,building
VA,Loudoun County,Amazon Web Services,Amazon Web Services,14235.0,38.94913486840782,-77.52358042930453,building
IA,Pottawattamie County,,,117949.0,41.2120989894466,-95.8779136643066,building
OR,Morrow County,Amazon Web Services,Amazon Web Services,213843.0,45.836184447374045,-119.69404769045515,building
TX,Tarrant County,,Novartis,42691.0,32.65123418028499,-97.31970940518491,building
CA,Santa Clara County,Equinix,Equinix SV11,76977.0,37.242605073791175,-121.78399863436228,building
VA,Prince William County,Amazon Web Services,Amazon IAD103,141914.0,38.73698426684808,-77.50407511238193,building
VA,Prince William County,CloudHQ,CloudHQ MCC3,122891.0,38.71497031079121,-77.49512778341932,building
AZ,Maricopa County,,CyrusOne PHX8,138766.0,33.2663435990947,-111.88328970110587,building
AZ,Maricopa County,,CyrusOne PHX3,107618.0,33.2719680563112,-111.8816271279076,building
AZ,Maricopa County,,CyrusOne PHX4,108957.0,33.2719371004119,-111.88328211336813,building
VA,Loudoun County,Vantage Data Centers,Vantage VA13,261859.0,39.00310829268217,-77.43985079530812,building
IA,Polk County,,Lightedge Des Moines 1,30078.0,41.667656864491406,-93.45548176410512,building
NE,Sarpy County,Yahoo,Yahoo,237691.0,41.18049998847463,-96.08489875254453,building
NM,Doña Ana County,CenturyLink,,31837.0,32.30965547570149,-106.72917107196325,building
NV,Clark County,Verizon,Verizon North Las Vegas,25096.0,36.2218934248516,-115.14705545021721,building
NE,Sarpy County,Google,Google,292941.0,41.13491994973449,-96.14407290155066,building
NE,Sarpy County,Google,Google,297438.0,41.13439326696251,-96.15590606496298,building
OH,Cuyahoga County,,Involta Independence,26393.0,41.36106237351998,-81.63280479258343,building
NY,Rockland County,Bloomberg,Bloomberg Data Center,182539.0,41.03627035133484,-73.98749370210892,building
NY,Rockland County,fifteenfortyseven Critical Systems Realty,fifteenfortyseven CSR ORNY1,151516.0,41.03448450165389,-73.9757644982069,building
OR,Washington County,Stack Infrastructure,Stack Infrastructure Portland 3 Data Center -Bld POR3b,91092.0,45.554215595099365,-122.93942745991953,building
OR,Washington County,Stack Infrastructure,Stack Infrastructure Portland 3 Data Center -Bld POR3c,93274.0,45.55421716095192,-122.94093896552698,building
VA,Fairfax County,Amazon Web Services,Amazon Web Services,120946.0,38.90434586959432,-77.452473393813,building
VA,Fairfax County,Amazon Web Services,Amazon Web Services,118988.0,38.90483706133366,-77.45475997209114,building
VA,Loudoun County,Amazon Web Services,Amazon Web Services,87645.0,38.91590467159763,-77.49055174501034,building
VA,Loudoun County,Amazon Web Services,Amazon Web Services,13879.0,38.91498995656131,-77.49097634813272,building
OH,Licking County,Amazon Web Services,Amazon Web Services CMH62,136329.0,40.092982786669765,-82.74763713531736,building
OH,Licking County,Amazon Web Services,Amazon Web Services,214329.0,40.0934404366977,-82.73215982824763,building
OH,Licking County,Amazon Web Services,Amazon Web Services,214261.0,40.09215827540276,-82.72755119697719,building
OH,Licking County,Amazon Web Services,Amazon Web Services,14223.0,40.09296534618707,-82.7264905371187,building
OH,Union County,Amazon Web Services,Amazon Web Services,218032.0,40.11625887515373,-83.2013911273757,building
OH,Union County,Amazon Web Services,,213349.0,40.11739966001163,-83.20208180967272,building
OH,Union County,Amazon Web Services,Amazon Web Services,13652.0,40.11904802104783,-83.20025962622704,building
OH,Franklin County,Amazon Web Services,Amazon Web Services,220580.0,40.04935753543046,-83.17546025578598,building
OH,Franklin County,Amazon Web Services,,217845.0,40.04813089281975,-83.17528384291239,building
OH,Franklin County,Amazon Web Services,Amazon Web Services,14456.0,40.047909740990015,-83.17754692253108,building
OH,Licking County,Google,Google NBY-3,284807.0,40.05795739964828,-82.76528496001424,building
OH,Franklin County,Google,Google NBY-4,294201.0,40.05934213387562,-82.77177555960161,building
OH,Licking County,Meta,Meta New Albany Data Center,608761.0,40.06037968652798,-82.75098831988083,building
OH,Franklin County,Google,Google,289874.0,39.85209795250889,-82.99487523055252,building
VA,Prince William County,Google,Google,289731.0,38.776122946527806,-77.58252359339745,building
OR,Morrow County,Amazon Web Services,Amazon Web Services,210570.0,45.85874995544384,-119.60509631942624,building
OR,Morrow County,Amazon Web Services,Amazon Web Services,211904.0,45.860083476262275,-119.6051336026182,building
OR,Morrow County,Amazon Web Services,Amazon Web Services,216528.0,45.86096942523693,-119.60515312099622,building
OR,Morrow County,Amazon Web Services,Amazon Web Services,13765.0,45.841481031847366,-119.65177679226485,building
OR,Umatilla County,Amazon Web Services,Amazon Web Services,216430.0,45.920636947215385,-119.23183081222601,building
OR,Umatilla County,Amazon Web Services,Amazon Web Services,211240.0,45.9206470959813,-119.22998114824706,building
OR,Umatilla County,Amazon Web Services,Amazon Web Services,216777.0,45.79777488423153,-119.3619587184748,building
OR,Umatilla County,Amazon Web Services,Amazon Web Services,216903.0,45.79916503597342,-119.36665800187097,building
OH,Fairfield County,Google,Google,289253.0,39.72401015856809,-82.69112739479371,building
VA,Prince William County,Amazon Web Services,Amazon Web Services,212702.0,38.74614582206582,-77.51721533092827,building
VA,Loudoun County,Amazon Web Services,Amazon Web Services,133944.0,38.92131351476423,-77.48579976439049,building
VA,Loudoun County,Amazon Web Services,Amazon Web Services,14683.0,38.99509407045496,-77.47107161262821,building
NE,Sarpy County,Meta,Meta Sarpy Data center,628560.0,41.12357296378109,-96.13289444126653,building
NE,Sarpy County,Meta,Meta Sarpy Data center,625288.0,41.11432923105231,-96.14283649198545,building
NE,Sarpy County,Meta,Meta Sarpy Data center,286253.0,41.11216326997935,-96.14155461414758,building
IA,Polk County,Meta,Meta,493366.0,41.67557150909467,-93.5096565416962,building
IA,Polk County,Meta,Meta,601076.0,41.67582284627278,-93.50603124094567,building
GA,Douglas County,Flexential,Flexential Atlanta - Douglasville 2,311176.0,33.73070270929537,-84.61123969275043,building
NV,Clark County,Switch,,241776.0,36.06402200703774,-115.22111212425773,building
WY,Laramie County,,Windbreak Cable,1114.0,41.1826012,-104.0684983,building
VA,Manassas city,,,95987.0,38.74043586769156,-77.50398435433107,building
IL,DuPage County,NTT,NTT Chicago CH2,115555.0,41.98896680922324,-88.00725702826433,building
OR,Crook County,,,275217.0,44.28575424129555,-120.86992102249843,building
VA,Loudoun County,Amazon Web Services,Amazon IAD214,113421.0,38.98652600473655,-77.43517573356029,building
VA,Loudoun County,Aligned,Aligned IAD03,79844.0,38.988620947227055,-77.4407518976137,building
VA,Loudoun County,Digital Realty,Digital Realty IAD55,85319.0,38.99226912345155,-77.43393215610236,building
OH,Summit County,,Involta-Akron,59427.0,41.05743106833096,-81.52197151224149,building
VA,Loudoun County,Amazon Web Services,Amazon Web Services,13569.0,38.94736148469126,-77.52022616293918,building
VA,Loudoun County,Amazon Web Services,Amazon Web Services,14079.0,38.98357495367283,-77.41752673202795,building
VA,Prince William County,Amazon Web Services,Amazon Web Services,129225.0,38.802897344984764,-77.62212719448706,building
VA,Prince William County,Amazon Web Services,Amazon Web Services,14507.0,38.74511981159702,-77.53309395325704,building
VA,Prince William County,Amazon Web Services,Amazon Web Services,14389.0,38.81459760136927,-77.65433143092383,building
VA,Prince William County,Amazon Web Services,Amazon Web Services,149332.0,38.81696823734034,-77.65215913587723,building
OH,Union County,Amazon Web Services,Amazon Web Services,233609.0,40.134189765429895,-83.21583364915696,building
OR,Umatilla County,Amazon Web Services,Amazon Web Services,225421.0,45.92059673606088,-119.22880463543319,building
OR,Umatilla County,Amazon Web Services,Amazon Web Services,217375.0,45.920560017544766,-119.2270042542689,building
OR,Umatilla County,Amazon Web Services,Amazon Web Services,16064.0,45.9195152860519,-119.22609033029622,building
OR,Umatilla County,Amazon Web Services,Amazon Web Services,218698.0,45.88251751383444,-119.34165178350064,building
OR,Morrow County,Amazon Web Services,Amazon Web Services,211930.0,45.86225295262973,-119.6051116853876,building
OR,Morrow County,Amazon Web Services,Amazon Web Services,12811.0,45.85803760695637,-119.60487161222808,building
OR,Morrow County,Amazon Web Services,Amazon Web Services,13923.0,45.84067029770688,-119.65130207688533,building
OR,Morrow County,Amazon Web Services,Amazon Web Services,212775.0,45.819930953631626,-119.63208588168696,building
GA,Forsyth County,,UPS Data Center,173693.0,34.10338317691206,-84.21497392803131,building
VA,Prince William County,,Iron Mountain VA-3,181174.0,38.775506874994484,-77.54520013834919,building
AZ,Maricopa County,Microsoft,Microsoft,238581.0,33.44634015327939,-112.37391953953676,building
VA,Prince William County,Google,Google,289621.0,38.77441652440621,-77.58562712878457,building
VA,Prince William County,Amazon Web Services,Amazon Web Services,127010.0,38.8018573600225,-77.62121027234691,building
VA,Prince William County,Amazon Web Services,Amazon Web Services,130170.0,38.80125678501301,-77.62048061393615,building
VA,Prince William County,,Iron Mountain VA-4,89044.0,38.7744233104295,-77.542221006685,building
VA,Prince William County,,Iron Mountain VA-5,106629.0,38.77304294737172,-77.54116863947974,building
VA,Prince William County,Quality Technology Services,QTS Manassas DC2,137971.0,38.75319464849555,-77.510797022767,building
VA,Prince William County,,,139592.0,38.75887522323461,-77.51665238010433,building
IA,Pottawattamie County,Google,Google,294718.0,41.17359488068721,-95.79220329232305,building
IA,Pottawattamie County,Google,Google,296835.0,41.17359749696005,-95.78867837050382,building
VA,Loudoun County,True North Data Solutions,42311 THUNDERBALL DR,40683.0,39.04255253735977,-77.53829966215025,building
VA,Loudoun County,True North Data Solutions,42255 THUNDERBALL DR,60458.0,39.04162316484261,-77.53922374256192,building
VA,Loudoun County,True North Data Solutions,42254 THUNDERBALL DR,77498.0,39.043501736046025,-77.54087430945884,building
TN,Sumner County,Meta,Meta Gallatin Data Center,626571.0,36.41186545180506,-86.3696613937615,building
CA,Stanislaus County,Yosemite Community College District,Modesto Junior College West Data Center,6017.0,37.66514737399912,-121.04003747173707,building
TX,Bexar County,GVTC,GVTC,445.0,29.686403017218183,-98.4626474985837,building
TX,Dallas County,,Stream Data Centers,280635.0,32.983668150898495,-96.65427329386148,building
VA,Loudoun County,,,130181.0,38.94801698960199,-77.55898682545464,building
VA,Loudoun County,,,130174.0,38.95006466965016,-77.5588703196787,building
VA,Prince William County,,Iron Mountain VA-6,181918.0,38.76814288515064,-77.53864812059993,building
MN,St. Louis County,,Ark Duluth Data Center,27162.0,46.82746659010468,-92.13043071415768,building
NC,Mecklenburg County,Flexential,Flexential Charlotte - North,62809.0,35.32975386789468,-80.76578188647244,building
VA,Loudoun County,Equinix,Equinix Ashburn DC6,70526.0,39.0151983465259,-77.45953796763716,building
VA,Loudoun County,Equinix,Equinix Ashburn DC4,101052.0,39.016407625012306,-77.46188735883209,building
TX,Bexar County,HEB,,36241.0,29.58014145470767,-98.54132736775503,building
IL,DeKalb County,Meta,,568454.0,41.888530419637654,-88.72185807567828,building
IL,DeKalb County,Meta,,568442.0,41.88928383081882,-88.73105377204604,building
IL,DeKalb County,Meta,,320184.0,41.89027498320847,-88.72635519584883,building
TN,Sumner County,Meta,Meta Gallatin Data Center,626568.0,36.41135065809846,-86.36601249128329,building
TN,Sumner County,Meta,Meta Gallatin Data Center,626683.0,36.406048674679994,-86.36660785878081,building
NE,Sarpy County,Google,Google,297414.0,41.1379099362148,-96.15143114563237,building
CA,Santa Clara County,,,124069.0,37.370642951035805,-121.97450722366924,building
CA,Santa Clara County,Vantage Data Centers,Vantage Santa Clara CA2,132031.0,37.364031831869895,-121.94684487603256,building
CA,Santa Clara County,Digital Realty,Digital Realty Silicon Valley SJC37,155689.0,37.37093636922018,-121.94721635315913,building
AZ,Maricopa County,Quality Technology Services,QTS,162484.0,33.4647469138073,-111.99753426956647,building
VA,Loudoun County,Digital Realty,Digital Realty Northern Virginia IAD44,399540.0,38.960855560492526,-77.49143164185463,building
IA,Warren County,Microsoft,Microsoft,247197.0,41.49580617483393,-93.78705539814347,building
IA,Warren County,Microsoft,Microsoft,247201.0,41.49474987483394,-93.78702059814333,building
IA,Dallas County,Apple,Apple,313804.0,41.61685111202472,-93.92440196310235,building
VA,Loudoun County,,,172204.0,38.94986181016144,-77.54950899938306,building
OH,Delaware County,,,307645.0,40.22452425311485,-83.04586008449152,building
SC,Horry County,,DC BLOX Myrtle Beach Cable Landing Station,91946.0,33.67458322071557,-78.94369603226835,building
NV,Storey County,,,390893.0,39.511519575508416,-119.48330528858907,building
VA,Loudoun County,,,200169.0,39.05842725,-77.54975705,building
VA,Loudoun County,,,153155.0,39.06601532367824,-77.55856949293646,building
NM,Valencia County,Meta,Meta,588461.0,34.82582320470535,-106.78246827131314,building
MN,Hennepin County,,DataBank,114648.0,45.1437113703307,-93.38712828956768,building
WA,Grant County,,Vantage WA13,252025.0,47.25252755351766,-119.81362252717348,building
WA,Grant County,,,119147.0,47.24364491437715,-119.86905124991449,building
VA,Fairfax County,,,135479.0,38.92277280296837,-77.42787142069763,building
VA,Fairfax County,,,130413.0,38.921124569062115,-77.42655352229487,building
VA,Fairfax County,,,132753.0,38.922691585310645,-77.42630675536711,building
TX,Bexar County,,Amazon,104910.0,29.450736237230853,-98.63871379534636,building
TX,Bexar County,,,64212.0,29.41845384304467,-98.78880785463375,building
CA,Santa Clara County,Csquare,Csquare SFO4,32249.0,37.37575523100505,-121.9562690917575,building
VA,Loudoun County,,,128835.0,39.00044576553985,-77.46077416515482,building
VA,Loudoun County,,,130571.0,38.99911304849632,-77.46086691545793,building
VA,Loudoun County,,Vantage VA2,187488.0,38.99795880942856,-77.43025351538097,building
CA,Santa Clara County,DataBank,DataBank Santa Clara SFO1,26781.0,37.407298682006804,-121.96595642203532,building
OR,Linn County,Stayton Cooperative Telephone Company,PTC,2521.0,44.775218793371785,-122.61593123751062,building
IA,Polk County,,,263940.0,41.51586405000001,-93.72031240000003,building
IA,Polk County,,,248069.0,41.51686365522525,-93.7197672448696,building
MO,Caldwell County,,CenturyLink,1433.0,39.74404823647734,-93.99737601906618,building
AZ,Maricopa County,,,241211.0,33.353230149555465,-111.67808965615373,building
OR,Umatilla County,Amazon Web Services,Amazon Web Services,218723.0,45.8795325502289,-119.3416356310324,building
OR,Umatilla County,Amazon Web Services,Amazon Web Services,218708.0,45.88252485310848,-119.33969006466042,building
OH,Licking County,,,95190.0,40.05924763232163,-82.76269811423298,building
IA,Dallas County,Microsoft,Microsoft,250490.0,41.533916274329265,-93.86343863728756,building
IA,Dallas County,Microsoft,Microsoft,250494.0,41.53283772406099,-93.86346169220273,building
IA,Dallas County,Microsoft,Microsoft,250498.0,41.531814124059714,-93.86344214220281,building
NV,Clark County,Flexential,Flexential Las Vegas - Downtown,439.0,36.1686438,-115.14314454999997,building
VA,Fauquier County,,,59703.0,38.7372126321264,-77.82624892674158,building
VA,Fauquier County,,,107125.0,38.73822200639397,-77.82580619052013,building
TN,Shelby County,,xAI Colossus,776966.0,35.05996022751711,-90.15645222063539,building
VA,Loudoun County,CloudHQ,,460596.0,39.00235749161782,-77.47199252636051,building
OH,Cuyahoga County,T5 Data Centers,T5@Cleveland,244723.0,41.44246938927116,-81.80215430146107,building
NY,Rockland County,Databank,Databank LGA3,197452.0,41.0399432453292,-73.98965093245329,building
NJ,Hudson County,CoreSite,CoreSite NY3,39679.0,40.784903829282456,-74.0653572574962,building
OH,Licking County,Amazon Web Services,Amazon Web Services,213519.0,40.10242870064432,-82.75012924342145,building
OH,Licking County,Amazon Web Services,Amazon Web Services,125656.0,40.101978172596574,-82.75191229428151,building
OH,Licking County,Amazon Web Services,Amazon Web Services,213118.0,40.09421858216259,-82.73211149807186,building
OH,Licking County,Amazon Web Services,Amazon Web Services,72426.0,40.094378258346175,-82.72928126559654,building
OH,Licking County,Amazon Web Services,Amazon Web Services,211441.0,40.09550172851647,-82.73200435284555,building
OH,Franklin County,Google,Google NBY-5,287008.0,40.056520013086974,-82.77204857797406,building
OH,Licking County,Google,Google NBY-6,287583.0,40.05392734236425,-82.76761079190555,building
OH,Licking County,Meta,Meta,365548.0,40.061496291638825,-82.74054460981615,building
OH,Licking County,Meta,Meta,304109.0,40.0652394102438,-82.74114938907012,building
OH,Union County,Amazon Web Services,Amazon Web Services,210421.0,40.13579696169231,-83.2126444652519,building
OH,Union County,Amazon Web Services,Amazon Web Services,156855.0,40.12007223714105,-83.19930886572853,building
OH,Union County,Amazon Web Services,Amazon Web Services,211969.0,40.119301477129774,-83.20321747536741,building
OH,Union County,Amazon Web Services,Amazon Web Services,216190.0,40.11811209756735,-83.2025228346525,building
OH,Franklin County,Amazon Web Services,Amazon Web Services,214085.0,40.05017565682124,-83.17552394635884,building
OH,Franklin County,Amazon Web Services,Amazon Web Services,211155.0,40.05152798952911,-83.17571626802344,building
OH,Franklin County,Amazon Web Services,Amazon Web Services,212842.0,40.01641809042479,-83.12585830317668,building
OH,Franklin County,Amazon Web Services,Amazon Web Services,217920.0,40.02101729436473,-83.12602357611672,building
OR,Morrow County,Amazon Web Services,Amazon Web Services,214042.0,45.85173141702391,-119.61966295662023,building
OR,Morrow County,Amazon Web Services,Amazon Web Services,210337.0,45.85310038647486,-119.61968497986284,building
OR,Morrow County,Amazon Web Services,Amazon Web Services,210662.0,45.818706815517416,-119.63200543121529,building
OR,Morrow County,Amazon Web Services,Amazon Web Services,215555.0,45.81869631520472,-119.63626874111483,building
OR,Morrow County,Amazon Web Services,Amazon Web Services,209033.0,45.819956578040134,-119.63628696247444,building
OR,Umatilla County,Amazon Web Services,Amazon Web Services,211502.0,45.80963736512278,-119.2686151324205,building
OR,Umatilla County,Amazon Web Services,Amazon Web Services,212806.0,45.808273441247415,-119.26861305294734,building
OR,Umatilla County,Amazon Web Services,Amazon Web Services,215405.0,45.799021058242246,-119.36173272208137,building
OR,Umatilla County,Amazon Web Services,Amazon Web Services,13837.0,45.799686801299124,-119.35844453141172,building
OR,Umatilla County,Amazon Web Services,Amazon Web Services,13867.0,45.797739077942104,-119.35891962466793,building
WY,Laramie County,Microsoft,CYS41 Datacenter,46211.0,41.124393458220666,-104.89701277767362,building
WY,Laramie County,Microsoft,CYS42 Datacenter,60368.0,41.12538272402973,-104.90891013794219,building
TN,Shelby County,xAI,xAI Macrohard Colossus 2,961601.0,34.9979830642327,-90.03486737801943,building
OK,Muskogee County,,,112466.0,35.56813484886287,-95.51241664415711,building
VA,Loudoun County,True North Data Solutions,TikTok Data Center,169768.0,39.044246922118255,-77.5379975659551,building
MN,Anoka County,Encompass,Encompass Minneapolis Facility,74101.0,45.13219704638402,-93.0956218186164,building
KS,Johnson County,,,86525.0,38.939199687887914,-94.86018510226674,building
OH,Franklin County,Oppidan,,89315.0,40.052672876687,-83.12742344695509,building
WY,Campbell County,,,5975.0,44.18923686708122,-105.61048019498959,building
MT,Custer County,State of Montana,State of Montana Data Center,8493.0,46.40689745773379,-105.82064474457155,building
NV,Clark County,Switch,Switch Las Vegas 14,223997.0,36.065207553853504,-115.22204497940987,building
NE,Douglas County,Google,Google,290161.0,41.33914157910512,-96.08466908023382,building
NE,Douglas County,Google,Google,290130.0,41.34193879771176,-96.08771929836605,building
NE,Douglas County,Google,Google,290105.0,41.34516238446051,-96.0935333108341,building
OH,Licking County,Quality Technology Services,QTS NAL 2 DC1,163319.0,40.05568366535114,-82.75637526095188,building
OH,Licking County,Quality Technology Services,QTS NAL 2 DC2,147657.0,40.05311989750025,-82.75657722933973,building
OH,Licking County,Quality Technology Services,QTS NAL1 DC2,226711.0,40.0635621194762,-82.7581691756085,building
OH,Licking County,Quality Technology Services,QTS NAL1 DC1,225116.0,40.06510846741736,-82.75805608703746,building
IL,DuPage County,,,169253.0,41.79538429154328,-88.24692281315461,building
TX,Ellis County,Google,Google,288830.0,32.538994298659915,-96.79316889691005,building
TX,Ellis County,,Compass Data Center,248978.0,32.545517886799026,-96.80209872124621,building
TX,Ellis County,,Compass Data Center,248985.0,32.54420538769838,-96.80208059265534,building
TX,Ellis County,,Compass Data Center,248988.0,32.54291258769838,-96.80208539265537,building
TX,Ellis County,,Compass Data Center,248989.0,32.54160198679904,-96.80209902124622,building
TX,Ellis County,,Compass Data Center,247998.0,32.540290135785206,-96.80210588289489,building
TX,Ellis County,,Compass Data Center,251939.0,32.542674285546774,-96.7936104165744,building
TX,Ellis County,,Compass Data Center,251912.0,32.54399251129116,-96.79361084564489,building
TX,Ellis County,,Compass Data Center,251911.0,32.545296960616135,-96.79364757128856,building
TX,Ellis County,,Compass Data Center,251923.0,32.54396526099955,-96.78850693867456,building
TX,Ellis County,,Compass Data Center,251941.0,32.545296629011204,-96.78849058154405,building
VA,Fairfax County,,,113584.0,38.9231008280449,-77.42497941792881,building
VA,Fairfax County,,,131768.0,38.93647913966246,-77.42469053771991,building
OH,Licking County,Google,Google NBY-7,175532.0,40.05393985319277,-82.7644472449865,building
OH,Licking County,Vantage,Vantage Building 1,245446.0,40.102497533899864,-82.74695373495189,building
OH,Licking County,Vantage,Vantage Building 2,237734.0,40.1005314666298,-82.74711627359511,building
OH,Licking County,Vantage,Vantage Building 3,222450.0,40.09876528217886,-82.74724322673228,building
WA,Grant County,Microsoft,Microsoft,143441.0,47.23859240575821,-119.8874117599458,building
TX,Bexar County,,,154443.0,29.449680284456736,-98.71438661884999,building
TX,Bexar County,,,154441.0,29.45093083480222,-98.71389142378717,building
TX,Bexar County,,,154439.0,29.452230533687697,-98.71404701659385,building
MO,Clay County,,,307414.0,39.322636646445524,-94.59492397936084,building
VA,Loudoun County,,CloudHQ LC3,241208.0,39.01121179777752,-77.4604049189824,building
TX,Tarrant County,"Aligned Data Centers, LLC",Alinged Data Center,188257.0,32.5498227,-97.07485525,building
VA,Loudoun County,,,149008.0,39.055994158481255,-77.54733846559553,building
VA,Loudoun County,,,106352.0,39.057819052300445,-77.54673254951018,building
VA,Loudoun County,,,200733.0,39.08219103273742,-77.56511220738112,building
IL,DuPage County,NTT,NTT Chicago CH3,83897.0,41.98691359120973,-88.00800375608797,building
IL,DuPage County,NTT,NTT Chicago CH4,101346.0,41.989095135556774,-88.00476482576028,building
VA,Prince William County,Microsoft,Microsoft Data Center 2,247070.0,38.7999561121435,-77.58337970391797,building
OH,Franklin County,,,261665.0,40.0207608710309,-83.12417578330202,building
OH,Franklin County,,,130027.0,40.02120157772031,-83.12318764307285,building
MN,Dakota County,,,328419.0,44.734758940871814,-93.06186047500336,building
MN,Dakota County,,,273743.0,44.73450831501008,-93.06488082711284,building
IA,Polk County,,,263944.0,41.514853050000035,-93.72088560000002,building
IA,Polk County,,,263950.0,41.51388770000002,-93.72140960000007,building
TX,Ward County,IONIC Digital,IONIC Digital Cedarvale,2238928.0,31.513473600851476,-103.44862074010058,building
ID,Ada County,,,311564.0,43.46314907384865,-116.26822782680375,building
ID,Ada County,,,374271.0,43.46334885324661,-116.27208493806933,building
KY,Floyd County,,East Kentucky Network Datacenter,15594.0,37.600176715919176,-82.67876276760288,building
AZ,Maricopa County,,,652528.0,33.34718733629449,-111.63246251765781,building
AZ,Maricopa County,,,652573.0,33.346322520383055,-111.62891661261797,building
AZ,Maricopa County,,,337459.0,33.3471688194501,-111.62596778710646,building
TX,Angelina County,,,12987.0,31.194175661247847,-94.79677175629334,building
TX,Ellis County,Google,Google,282284.0,32.44011676872513,-97.06091511449794,building
VA,Loudoun County,,,139936.0,39.05526149791236,-77.54482173507743,building
VA,Loudoun County,,,116829.0,39.05412168757841,-77.54599489144323,building
VA,Loudoun County,,,303500.0,39.051020518856305,-77.534749099506,building
CA,Santa Clara County,,EdgeCore Silicon Valley,80443.0,37.383718265058285,-121.96538823666978,building
CA,Santa Clara County,Stack Infrastructure,STACK SVY02,136083.0,37.36193156253162,-121.95374429778916,building
TX,Bexar County,Amazon Web Services,Amazon AWS SAT - 12807 Donop,110391.0,29.293005175209135,-98.39162546806105,building
TX,Dallas County,Prime,Prime DFW01-01,49683.0,32.837814080086716,-96.87984573909945,building
OH,Franklin County,,,100131.0,40.11581597460404,-83.00154872705717,building
VA,Prince William County,Google,Google,289592.0,38.779293093702876,-77.58633954266627,building
VA,Prince William County,Quality Technology Services,QTS Manassas DC1,128120.0,38.75255127695993,-77.51252254419992,building
WA,Grant County,,,504350.0,47.24017868634915,-119.86320668609059,building
TN,Montgomery County,Google,SPC4A,169749.0,36.624055064012495,-87.25691732909583,building
GA,Fayette County,Quality Technology Services,QTS,227238.0,33.44836059823734,-84.52265191460046,building
GA,Fayette County,Quality Technology Services,QTS,340589.0,33.45093180175275,-84.52361886309548,building
UT,Utah County,,,378788.0,40.26585617582069,-112.01942032378622,building
UT,Utah County,,,310201.0,40.26987561078708,-112.01945256665039,building
NC,Caldwell County,Google,Google Data Center,3407194.0,35.89473777653521,-81.54651452859923,campus
GA,Fulton County,,Hewlett-Packard,1294301.0,34.08222606296951,-84.26744994588022,campus
OR,Wasco County,Google,Google Data Center The Dalles Oregon,1487396.0,45.632047995353076,-121.20130224448495,campus
VA,Culpeper County,Equinix,Equinix CU2,1299936.0,38.45493688621746,-77.97818712588322,campus
GA,Douglas County,Google,Google Datacenter - Douglas County,2608502.0,33.750590251568525,-84.58522347659924,campus
GA,Fulton County,Ascent,Ascent - Atlanta Data Center,595317.0,34.05713671011005,-84.27302456721971,campus
VA,Mecklenburg County,Microsoft,Microsoft Boydton Data Center,11273954.0,36.685373746182414,-78.37655347287732,campus
VA,Henrico County,,Bank of America Data Center,2209960.0,37.495808632070116,-77.23828611324284,campus
OR,Wasco County,Google,Google Taylor Lake Data Center,1100932.0,45.638528924296914,-121.202403985479,campus
VA,Henrico County,Quality Technology Services,QTS Richmond Data Center,3801096.0,37.489000686077496,-77.24588646393086,campus
TX,Collin County,,DataBank Plano Data Center,375691.0,33.08756901859526,-96.81513069209801,campus
TX,Harris County,Skybox,Skybox Houston One,344540.0,29.802868419094107,-95.75545033081622,campus
NC,Cleveland County,,T5 Charlotte Campus,379990.0,35.25044990235114,-81.3950094320167,campus
OH,Franklin County,,STACK New Albany,563283.0,40.10635370025088,-82.80074775846535,campus
TN,Williamson County,,TierPoint,285740.0,35.924509677715555,-86.85568727430623,campus
TN,Williamson County,,,1834566.0,36.023218523487586,-86.79153217648155,campus
AL,Jefferson County,,Sungard Systems International,665569.0,33.404715620777765,-86.91145718784692,campus
VA,Frederick County,,Middletown Data Center,273198.0,39.01764444530546,-78.2909595094996,campus
VA,Harrisonburg city,,DBT Data - Harrisonburg Center,505755.0,38.46254477079144,-78.85679696643979,campus
NC,Union County,,,608141.0,35.179383200252616,-80.57017464542217,campus
WA,Thurston County,,Wave Broadband Tahoma Terra Facility,9139.0,46.94142447076906,-122.62504386289447,campus
IL,Cook County,,Microsoft Data Center - Hoffman Estates,2105271.0,42.07695199747091,-88.1338907662506,campus
KY,Hopkins County,,Dynamics Mining,442423.0,37.36299090152506,-87.5471213045226,campus
OH,Licking County,,Amazon New Albany: Jug and Beach Road,1524640.0,40.09907370356526,-82.75147401619341,campus
WY,Laramie County,MineOne,MineOne Wyoming Data Center,306030.0,41.125124439650214,-104.89498383887897,campus
TX,Hood County,Marathon Digital Holdings,MARA Data Center,1768886.0,32.34174517085673,-97.73122803047579,campus
SC,Aiken County,Meta,Meta Aiken Data Center,3608146.0,33.64227309895733,-81.84262691323264,campus
NV,Clark County,,Switch Las Vegas 12,484037.0,36.058130284991954,-115.21038851217781,campus
OH,Butler County,CyrusOne,CyrusOne Cincinnati-Hamilton CIN4,1543625.0,39.38523874090253,-84.56613129564519,campus
OH,Wood County,,Meta Bowling Green Data Center,21498189.0,41.465298334100325,-83.63835536201482,campus
ND,Dickey County,Applied Digital,Applied Digital / Ellendale Data Center,2706037.0,46.01354945716436,-98.57244089508006,campus
TX,Milam County,,Riot Rockdale,4357993.0,30.573314528927092,-97.08018500601314,campus
TX,Navarro County,,Riot Corsiana,11717820.0,31.96985918799176,-96.51328918440045,campus
KY,McCracken County,,Riot Kentucky,223516.0,37.08923909867606,-88.70305756267774,campus
WI,Dodge County,Meta,Meta Beaver Dam Data Center,18261491.0,43.51037433154012,-88.8165224545697,campus
WY,Laramie County,Meta,Meta Cheyenne Data Center,11352010.0,41.07790345548927,-104.8254975706002,campus
TN,Henry County,,Newrays Two LLC Mining,85491.0,36.32703160000001,-88.32007315000001,campus
MS,Madison County,,Amazon Canton Data Center,16581378.0,32.597993122334486,-90.09185227390665,campus
OR,Washington County,Quality Technology Services,QTS North HIL3 North Building,176342.0,45.57202756789792,-122.9184893000194,campus
OR,Washington County,Quality Technology Services,QTS North HIL3 South Building,215922.0,45.57007705864997,-122.91989791362839,campus
NV,Clark County,Lumen Technologies,CenturyLink,49212.0,36.14371621343318,-115.08338594607184,campus
AZ,Maricopa County,Iron Mountain,Iron Mountain AZP-2,463636.0,33.452140882709934,-111.97730491406357,campus
CA,San Diego County,,,13597.0,33.1536001,-117.23884634999999,campus
NJ,Somerset County,,,284322.0,40.5242144159655,-74.54801971539483,campus
NJ,Somerset County,,,259234.0,40.54333907888386,-74.53843497545729,campus
GA,Fulton County,,,174649.0,34.0609851881368,-84.27398204030496,campus
NE,Buffalo County,,Compute North,356125.0,40.725923473018604,-99.0383288220347,campus
AZ,Maricopa County,NTT,NTT PH1 Datacenter,3498780.0,33.353820995159516,-111.61234317803412,campus
AZ,Maricopa County,Iron Mountain,Iron Mountain AZP-1,1290579.0,33.4544875483157,-111.97645506709527,campus
