Hub,Trade Date,Delivery Start,Delivery End,High price $/MWh,Low price $/MWh,Price $/MWh,Change,Volume MWh,Trades,Counterparties
Indiana Hub RT Peak,2025-01-03,2025-01-06,2025-01-06,58.0,53.5,56.45,13.95,2400,3,5
Indiana Hub RT Peak,2025-01-08,2025-01-09,2025-01-09,47.6,47.6,47.6,-8.85,800,1,2
Indiana Hub RT Peak,2025-01-09,2025-01-10,2025-01-10,44.9,42.5,43.7,-3.9,1600,2,3
Indiana Hub RT Peak,2025-01-13,2025-01-14,2025-01-14,56.5,56.5,56.5,12.8,800,1,2
Indiana Hub RT Peak,2025-01-17,2025-01-20,2025-01-20,140.0,125.0,129.3,72.8,4000,5,8
Indiana Hub RT Peak,2025-01-20,2025-01-21,2025-01-21,150.0,150.0,150.0,20.7,800,1,2
Indiana Hub RT Peak,2025-01-21,2025-01-22,2025-01-22,100.0,100.0,100.0,-50.0,800,1,2
Indiana Hub RT Peak,2025-02-06,2025-02-07,2025-02-07,44.75,43.3,44.33,-19.67,3200,4,6
Indiana Hub RT Peak,2025-02-11,2025-02-12,2025-02-12,50.0,50.0,50.0,5.67,800,1,2
Indiana Hub RT Peak,2025-02-13,2025-02-14,2025-02-14,45.0,45.0,45.0,-5.0,800,1,2
Indiana Hub RT Peak,2025-02-20,2025-02-21,2025-02-21,82.0,80.0,81.0,-34.0,1600,2,3
Indiana Hub RT Peak,2025-03-13,2025-03-14,2025-03-14,40.5,40.5,40.5,-40.5,800,1,2
Indiana Hub RT Peak,2025-04-07,2025-04-08,2025-04-08,53.75,53.75,53.75,13.25,800,1,2
Indiana Hub RT Peak,2025-05-13,2025-05-14,2025-05-14,50.0,50.0,50.0,-3.75,800,1,2
Indiana Hub RT Peak,2025-06-13,2025-06-16,2025-06-16,43.75,43.75,43.75,0.25,800,1,2
Indiana Hub RT Peak,2025-06-17,2025-06-18,2025-06-18,49.0,48.0,48.33,4.58,2400,3,3
Indiana Hub RT Peak,2025-06-20,2025-06-23,2025-06-23,147.0,144.0,146.0,97.67,2400,3,5
Indiana Hub RT Peak,2025-06-23,2025-06-24,2025-06-24,190.0,180.0,184.78,38.78,7200,9,8
Indiana Hub RT Peak,2025-06-26,2025-06-27,2025-06-27,72.0,70.0,71.33,-7.75,2400,3,4
Indiana Hub RT Peak,2025-06-30,2025-07-01,2025-07-01,62.0,60.0,60.93,-10.4,6400,8,6
Indiana Hub RT Peak,2025-07-08,2025-07-09,2025-07-09,64.0,64.0,64.0,3.07,800,1,2
Indiana Hub RT Peak,2025-07-10,2025-07-11,2025-07-11,62.8,62.8,62.8,0.3,800,1,2
Indiana Hub RT Peak,2025-07-16,2025-07-17,2025-07-17,73.0,73.0,73.0,10.2,800,1,2
Indiana Hub RT Peak,2025-07-22,2025-07-23,2025-07-23,77.5,77.5,77.5,4.5,800,1,2
Indiana Hub RT Peak,2025-07-28,2025-07-29,2025-07-29,180.0,174.45,176.48,59.21,2400,3,2
Indiana Hub RT Peak,2025-07-29,2025-07-30,2025-07-30,112.0,105.0,107.3,-69.18,4000,5,6
Indiana Hub RT Peak,2025-08-04,2025-08-05,2025-08-05,50.0,50.0,50.0,-57.3,800,1,2
Indiana Hub RT Peak,2025-08-05,2025-08-06,2025-08-06,58.0,56.75,57.1,7.1,4000,5,4
Indiana Hub RT Peak,2025-08-07,2025-08-08,2025-08-08,56.75,54.0,56.0,-3.75,8000,10,7
Indiana Hub RT Peak,2025-08-12,2025-08-13,2025-08-13,65.0,65.0,65.0,9.0,1600,2,2
Indiana Hub RT Peak,2025-08-13,2025-08-14,2025-08-14,57.5,56.95,57.13,-7.87,2400,3,4
Indiana Hub RT Peak,2025-08-14,2025-08-15,2025-08-15,71.75,71.75,71.75,14.62,800,1,2
Indiana Hub RT Peak,2025-08-15,2025-08-18,2025-08-18,90.0,90.0,90.0,18.25,1600,2,3
Indiana Hub RT Peak,2025-08-18,2025-08-19,2025-08-19,65.75,64.25,65.31,-24.69,3200,4,6
Indiana Hub RT Peak,2025-09-16,2025-09-17,2025-09-17,55.0,55.0,55.0,14.5,800,1,2
Indiana Hub RT Peak,2025-09-18,2025-09-19,2025-09-19,52.0,50.0,50.79,-4.21,4800,6,6
Indiana Hub RT Peak,2025-09-24,2025-09-25,2025-09-25,56.25,56.25,56.25,5.46,800,1,2
Indiana Hub RT Peak,2025-09-25,2025-09-26,2025-09-26,54.6,53.0,53.57,-2.68,2400,3,4
Indiana Hub RT Peak,2025-09-26,2025-09-29,2025-09-29,83.5,83.5,83.5,29.93,800,1,2
Indiana Hub RT Peak,2025-10-14,2025-10-15,2025-10-15,54.75,54.75,54.75,-28.75,800,1,2
Indiana Hub RT Peak,2025-10-22,2025-10-23,2025-10-23,48.75,48.25,48.5,-6.25,1600,2,3
Indiana Hub RT Peak,2025-10-27,2025-10-28,2025-10-28,43.65,43.65,43.65,-4.85,800,1,2
Indiana Hub RT Peak,2025-11-17,2025-11-18,2025-11-18,59.65,59.65,59.65,16.0,1600,2,3
Indiana Hub RT Peak,2025-11-21,2025-11-24,2025-11-24,52.75,52.75,52.75,-6.9,800,1,2
Indiana Hub RT Peak,2025-12-03,2025-12-04,2025-12-04,73.0,73.0,73.0,20.25,800,1,2
Indiana Hub RT Peak,2025-12-18,2025-12-19,2025-12-19,48.15,48.15,48.15,-26.05,800,1,2
Mid C Peak,2024-12-26,2024-12-27,2024-12-28,32.0,26.0,28.72,-2.61,14400,17,11
Mid C Peak,2024-12-27,2024-12-30,2024-12-30,30.0,27.0,28.82,0.1,10800,27,13
Mid C Peak,2024-12-30,2024-12-31,2024-12-31,40.0,36.0,37.31,8.49,4800,12,10
Mid C Peak,2024-12-31,2025-01-02,2025-01-02,40.0,38.0,38.72,1.41,10000,24,14
Mid C Peak,2025-01-02,2025-01-03,2025-01-04,40.0,36.0,37.86,-0.86,14400,18,12
Mid C Peak,2025-01-03,2025-01-06,2025-01-06,40.0,37.5,39.08,1.22,9200,23,14
Mid C Peak,2025-01-06,2025-01-07,2025-01-07,48.75,45.0,46.22,7.14,14000,35,16
Mid C Peak,2025-01-07,2025-01-08,2025-01-08,40.0,37.0,38.43,-7.79,6000,15,11
Mid C Peak,2025-01-08,2025-01-09,2025-01-09,44.5,40.0,42.29,3.86,16400,39,13
Mid C Peak,2025-01-09,2025-01-10,2025-01-10,38.0,32.0,34.6,-7.69,22400,24,12
Mid C Peak,2025-01-10,2025-01-13,2025-01-13,58.0,52.0,53.42,18.82,10800,27,14
Mid C Peak,2025-01-13,2025-01-14,2025-01-14,54.0,51.0,52.48,-0.94,8000,20,12
Mid C Peak,2025-01-14,2025-01-15,2025-01-15,58.0,50.0,52.52,0.04,5200,13,11
Mid C Peak,2025-01-15,2025-01-16,2025-01-17,59.0,53.0,55.27,2.75,12000,15,13
Mid C Peak,2025-01-16,2025-01-18,2025-01-18,88.0,77.0,80.61,25.34,23600,59,22
Mid C Peak,2025-01-17,2025-01-20,2025-01-21,90.0,71.0,75.24,-5.37,28800,35,20
Mid C Peak,2025-01-21,2025-01-22,2025-01-22,62.0,56.5,57.3,-17.94,6400,16,14
Mid C Peak,2025-01-22,2025-01-23,2025-01-23,63.0,59.0,61.96,4.66,14000,31,16
Mid C Peak,2025-01-23,2025-01-24,2025-01-24,60.0,57.0,58.02,-3.94,30400,32,11
Mid C Peak,2025-01-24,2025-01-27,2025-01-27,63.0,59.0,61.26,3.24,17200,39,17
Mid C Peak,2025-01-27,2025-01-28,2025-01-28,64.0,59.0,60.67,-0.59,9200,23,16
Mid C Peak,2025-01-28,2025-01-29,2025-01-29,65.0,62.0,63.69,3.02,10400,23,15
Mid C Peak,2025-01-29,2025-01-30,2025-01-31,58.0,49.0,50.96,-12.73,27200,34,15
Mid C Peak,2025-01-30,2025-02-01,2025-02-01,55.0,43.0,50.19,-0.77,20400,50,18
Mid C Peak,2025-01-31,2025-02-03,2025-02-03,115.0,90.0,104.51,54.32,20400,50,24
Mid C Peak,2025-02-03,2025-02-04,2025-02-04,265.0,176.0,234.75,130.24,25600,64,24
Mid C Peak,2025-02-04,2025-02-05,2025-02-05,120.0,75.5,90.48,-144.27,12800,32,18
Mid C Peak,2025-02-05,2025-02-06,2025-02-06,100.0,80.0,84.69,-5.79,12400,31,19
Mid C Peak,2025-02-06,2025-02-07,2025-02-08,75.0,70.0,73.31,-11.38,45600,56,19
Mid C Peak,2025-02-07,2025-02-10,2025-02-10,150.0,90.0,109.59,36.28,14800,35,17
Mid C Peak,2025-02-10,2025-02-11,2025-02-11,111.0,73.0,84.97,-24.62,13600,34,20
Mid C Peak,2025-02-11,2025-02-12,2025-02-12,100.0,72.0,78.52,-6.45,13200,33,17
Mid C Peak,2025-02-12,2025-02-13,2025-02-14,66.0,55.0,61.72,-16.8,32000,40,18
Mid C Peak,2025-02-13,2025-02-15,2025-02-15,55.0,50.0,52.83,-8.89,12000,30,14
Mid C Peak,2025-02-14,2025-02-17,2025-02-18,50.0,45.0,46.97,-5.86,30400,38,18
Mid C Peak,2025-02-18,2025-02-19,2025-02-19,60.0,54.0,57.41,10.44,16400,41,16
Mid C Peak,2025-02-19,2025-02-20,2025-02-20,52.0,48.0,51.25,-6.16,8800,22,12
Mid C Peak,2025-02-20,2025-02-21,2025-02-22,48.0,44.0,46.29,-4.96,17600,22,12
Mid C Peak,2025-02-21,2025-02-24,2025-02-24,28.0,26.0,27.69,-18.6,25200,59,18
Mid C Peak,2025-02-24,2025-02-25,2025-02-25,24.0,21.75,23.21,-4.48,13200,30,18
Mid C Peak,2025-02-25,2025-02-26,2025-02-26,48.0,43.0,45.86,22.65,10000,25,16
Mid C Peak,2025-02-26,2025-02-27,2025-02-28,40.0,37.0,38.12,-7.74,12000,15,13
Mid C Peak,2025-02-27,2025-03-01,2025-03-01,40.0,34.0,38.1,-0.02,8800,22,11
Mid C Peak,2025-02-28,2025-03-03,2025-03-03,40.0,34.0,35.0,-3.1,21600,54,14
Mid C Peak,2025-03-03,2025-03-04,2025-03-04,48.0,45.0,46.32,11.32,4400,11,8
Mid C Peak,2025-03-04,2025-03-05,2025-03-05,55.0,50.0,53.92,7.6,7600,19,12
Mid C Peak,2025-03-05,2025-03-06,2025-03-06,55.0,49.0,52.5,-1.42,15200,38,17
Mid C Peak,2025-03-06,2025-03-07,2025-03-08,41.0,35.0,37.82,-14.68,32800,41,18
Mid C Peak,2025-03-07,2025-03-10,2025-03-10,42.0,36.0,40.74,2.92,13600,32,15
Mid C Peak,2025-03-10,2025-03-11,2025-03-11,60.0,55.0,57.19,16.45,8000,19,11
Mid C Peak,2025-03-11,2025-03-12,2025-03-12,58.75,56.5,57.76,0.57,7600,19,13
Mid C Peak,2025-03-12,2025-03-13,2025-03-13,37.5,35.0,36.26,-21.5,18800,45,16
Mid C Peak,2025-03-13,2025-03-14,2025-03-15,43.0,37.0,39.57,3.31,21600,26,14
Mid C Peak,2025-03-14,2025-03-17,2025-03-17,40.0,38.0,38.1,-1.47,13600,34,12
Mid C Peak,2025-03-17,2025-03-18,2025-03-18,42.0,38.0,40.26,2.16,12000,30,15
Mid C Peak,2025-03-18,2025-03-19,2025-03-19,61.0,55.0,56.78,16.52,17600,44,20
Mid C Peak,2025-03-19,2025-03-20,2025-03-20,35.0,32.0,33.77,-23.01,11200,28,12
Mid C Peak,2025-03-20,2025-03-21,2025-03-22,30.0,20.0,24.08,-9.69,9600,12,9
Mid C Peak,2025-03-21,2025-03-24,2025-03-24,28.0,24.0,24.89,0.81,16000,40,18
Mid C Peak,2025-03-24,2025-03-25,2025-03-25,29.5,27.5,28.24,3.35,9600,24,9
Mid C Peak,2025-03-25,2025-03-26,2025-03-26,26.0,22.0,24.03,-4.21,7600,19,12
Mid C Peak,2025-03-26,2025-03-27,2025-03-27,15.0,12.0,13.13,-10.9,16400,32,16
Mid C Peak,2025-03-27,2025-03-28,2025-03-29,7.5,5.0,6.57,-6.56,53600,64,16
Mid C Peak,2025-03-28,2025-03-31,2025-03-31,7.0,3.0,4.08,-2.49,20000,48,16
Mid C Peak,2025-03-31,2025-04-01,2025-04-01,14.0,4.0,8.64,4.56,18000,45,19
Mid C Peak,2025-04-01,2025-04-02,2025-04-02,18.5,8.0,16.05,7.41,24800,62,18
Mid C Peak,2025-04-02,2025-04-03,2025-04-03,36.0,24.0,31.14,15.09,32000,80,25
Mid C Peak,2025-04-03,2025-04-04,2025-04-05,33.0,28.0,31.16,0.02,49600,61,22
Mid C Peak,2025-04-04,2025-04-07,2025-04-07,20.0,14.0,14.97,-16.19,14800,37,19
Mid C Peak,2025-04-07,2025-04-08,2025-04-08,29.75,24.0,28.09,13.12,21600,53,20
Mid C Peak,2025-04-08,2025-04-09,2025-04-09,33.0,26.5,27.83,-0.26,17600,44,17
Mid C Peak,2025-04-09,2025-04-10,2025-04-10,36.0,30.0,33.68,5.85,18000,45,18
Mid C Peak,2025-04-10,2025-04-11,2025-04-12,16.0,13.0,14.57,-19.11,29600,34,15
Mid C Peak,2025-04-11,2025-04-14,2025-04-14,30.0,17.0,25.94,11.37,11200,28,15
Mid C Peak,2025-04-14,2025-04-15,2025-04-15,36.0,33.0,33.99,8.05,15600,39,19
Mid C Peak,2025-04-15,2025-04-16,2025-04-17,26.5,22.0,25.17,-8.82,34400,42,18
Mid C Peak,2025-04-17,2025-04-21,2025-04-21,25.0,16.0,22.19,2.14,19600,48,13
Mid C Peak,2025-04-21,2025-04-22,2025-04-22,39.0,35.0,37.55,15.36,14800,37,20
Mid C Peak,2025-04-22,2025-04-23,2025-04-23,43.0,38.0,40.37,2.82,16400,40,17
Mid C Peak,2025-04-23,2025-04-24,2025-04-24,39.0,36.5,37.06,-3.31,20400,50,21
Mid C Peak,2025-04-24,2025-04-25,2025-04-26,32.0,29.0,30.05,-7.01,26400,33,12
Mid C Peak,2025-04-25,2025-04-28,2025-04-28,24.0,21.5,22.48,-7.57,22400,56,18
Mid C Peak,2025-04-28,2025-04-29,2025-04-29,29.0,24.0,26.6,4.12,14400,36,14
Mid C Peak,2025-04-29,2025-04-30,2025-04-30,41.0,38.0,39.23,12.63,20400,49,19
Mid C Peak,2025-05-01,2025-05-02,2025-05-03,46.0,38.0,43.18,-3.79,37600,47,19
Mid C Peak,2025-05-02,2025-05-05,2025-05-05,49.0,45.0,46.82,3.64,25600,62,16
Mid C Peak,2025-05-05,2025-05-06,2025-05-06,51.0,47.0,48.15,1.33,12000,30,11
Mid C Peak,2025-05-06,2025-05-07,2025-05-07,45.0,38.0,42.2,-5.95,26400,66,18
Mid C Peak,2025-05-07,2025-05-08,2025-05-08,50.0,45.0,48.48,6.28,16400,41,15
Mid C Peak,2025-05-08,2025-05-09,2025-05-10,55.0,45.0,50.47,1.99,29600,37,16
Mid C Peak,2025-05-09,2025-05-12,2025-05-12,41.0,36.0,38.43,-12.04,31200,75,21
Mid C Peak,2025-05-12,2025-05-13,2025-05-13,27.25,25.0,26.59,-11.84,19600,49,12
Mid C Peak,2025-05-13,2025-05-14,2025-05-14,24.5,22.0,23.6,-2.99,17600,44,17
Mid C Peak,2025-05-15,2025-05-16,2025-05-17,39.0,34.0,37.09,9.19,21600,27,16
Mid C Peak,2025-05-16,2025-05-19,2025-05-19,32.0,29.25,30.35,-6.74,16400,41,19
Mid C Peak,2025-05-19,2025-05-20,2025-05-20,28.0,25.5,27.26,-3.09,18000,43,21
Mid C Peak,2025-05-20,2025-05-21,2025-05-21,48.0,40.0,44.51,17.25,14400,36,13
Mid C Peak,2025-05-21,2025-05-22,2025-05-23,40.0,38.0,39.21,-5.3,42400,53,16
Mid C Peak,2025-05-22,2025-05-24,2025-05-24,49.0,33.75,39.28,0.07,21200,53,17
Mid C Peak,2025-05-23,2025-05-27,2025-05-27,45.0,38.0,41.73,2.45,18400,43,15
Mid C Peak,2025-05-27,2025-05-28,2025-05-28,55.0,47.0,50.29,8.56,13600,34,16
Mid C Peak,2025-05-29,2025-05-30,2025-05-31,54.0,44.0,49.01,32.04,56800,70,22
Mid C Peak,2025-05-30,2025-06-02,2025-06-02,42.0,36.0,40.09,-8.92,16400,40,17
Mid C Peak,2025-06-02,2025-06-03,2025-06-03,47.0,42.0,46.18,6.09,16000,39,18
Mid C Peak,2025-06-03,2025-06-04,2025-06-04,46.0,44.0,44.94,-1.24,20800,49,17
Mid C Peak,2025-06-04,2025-06-05,2025-06-05,56.0,48.0,50.26,5.32,21200,53,21
Mid C Peak,2025-06-05,2025-06-06,2025-06-07,51.0,40.0,44.49,-5.77,52000,64,23
Mid C Peak,2025-06-06,2025-06-09,2025-06-09,97.0,75.0,85.45,40.96,25600,64,19
Mid C Peak,2025-06-09,2025-06-10,2025-06-10,70.0,60.0,61.87,-23.58,21600,54,20
Mid C Peak,2025-06-10,2025-06-11,2025-06-11,39.5,35.0,37.96,-23.91,18000,45,18
Mid C Peak,2025-06-12,2025-06-13,2025-06-14,30.0,25.0,28.6,-1.92,33600,36,15
Mid C Peak,2025-06-13,2025-06-16,2025-06-16,38.0,30.0,34.07,5.47,16800,42,19
Mid C Peak,2025-06-16,2025-06-17,2025-06-17,34.0,30.0,32.79,-1.28,16400,40,18
Mid C Peak,2025-06-17,2025-06-18,2025-06-18,39.0,35.0,37.23,4.44,19600,49,17
Mid C Peak,2025-06-18,2025-06-19,2025-06-20,40.0,35.0,37.21,-0.02,35200,44,19
Mid C Peak,2025-06-20,2025-06-21,2025-06-23,43.0,36.0,39.2,1.99,25600,32,16
Mid C Peak,2025-06-23,2025-06-24,2025-06-24,53.0,44.0,49.74,10.54,29200,73,24
Mid C Peak,2025-06-24,2025-06-25,2025-06-25,40.0,37.0,37.49,-12.25,21200,53,20
Mid C Peak,2025-06-26,2025-06-27,2025-06-28,39.5,36.0,37.34,1.69,36800,46,15
Mid C Peak,2025-06-27,2025-06-30,2025-06-30,85.0,66.0,70.19,32.85,28800,69,17
Mid C Peak,2025-06-30,2025-07-01,2025-07-01,88.0,62.0,70.7,0.51,33200,77,21
Mid C Peak,2025-07-01,2025-07-02,2025-07-03,36.0,29.0,31.02,-39.68,52000,63,22
Mid C Peak,2025-07-02,2025-07-05,2025-07-05,43.0,34.0,39.76,8.74,30400,71,22
Mid C Peak,2025-07-03,2025-07-07,2025-07-07,84.0,67.0,73.95,34.19,27600,62,20
Mid C Peak,2025-07-07,2025-07-08,2025-07-08,85.0,73.0,76.64,2.69,30400,75,22
Mid C Peak,2025-07-08,2025-07-09,2025-07-09,58.0,52.0,56.39,-20.25,35200,88,24
Mid C Peak,2025-07-10,2025-07-11,2025-07-12,62.0,51.0,56.35,0.02,62400,76,20
Mid C Peak,2025-07-11,2025-07-14,2025-07-14,61.0,56.0,57.15,0.8,25200,60,18
Mid C Peak,2025-07-14,2025-07-15,2025-07-15,61.0,57.0,58.68,1.53,20400,51,20
Mid C Peak,2025-07-15,2025-07-16,2025-07-16,85.0,65.0,72.96,14.28,27200,67,21
Mid C Peak,2025-07-16,2025-07-17,2025-07-17,58.0,53.0,54.77,-18.19,19600,48,19
Mid C Peak,2025-07-17,2025-07-18,2025-07-19,38.0,35.0,36.03,-18.74,47200,55,20
Mid C Peak,2025-07-18,2025-07-21,2025-07-21,53.0,40.0,50.37,14.34,21200,50,20
Mid C Peak,2025-07-21,2025-07-22,2025-07-22,55.0,44.0,47.39,-2.98,20800,49,19
Mid C Peak,2025-07-22,2025-07-23,2025-07-23,50.5,48.0,49.69,2.3,13600,32,18
Mid C Peak,2025-07-24,2025-07-25,2025-07-26,36.5,34.0,35.43,-5.37,48000,54,16
Mid C Peak,2025-07-25,2025-07-28,2025-07-28,61.0,55.0,57.66,22.23,11600,29,16
Mid C Peak,2025-07-28,2025-07-29,2025-07-29,77.0,67.0,74.64,16.98,20400,50,18
Mid C Peak,2025-07-29,2025-07-30,2025-07-30,63.25,52.0,55.66,-18.98,18400,46,18
Mid C Peak,2025-07-30,2025-07-31,2025-07-31,46.5,42.0,45.16,-10.5,14800,37,18
Mid C Peak,2025-07-31,2025-08-01,2025-08-02,40.0,36.0,38.83,-6.33,47200,59,19
Mid C Peak,2025-08-01,2025-08-04,2025-08-04,36.0,34.5,34.98,-3.85,18800,37,17
Mid C Peak,2025-08-04,2025-08-05,2025-08-05,38.0,35.5,37.33,2.35,13200,33,15
Mid C Peak,2025-08-05,2025-08-06,2025-08-06,35.0,31.5,32.67,-4.66,24800,56,20
Mid C Peak,2025-08-07,2025-08-08,2025-08-09,38.0,34.0,35.79,1.97,33600,42,17
Mid C Peak,2025-08-08,2025-08-11,2025-08-11,65.0,58.25,61.98,26.19,20800,50,17
Mid C Peak,2025-08-11,2025-08-12,2025-08-12,69.0,60.0,62.83,0.85,20000,49,21
Mid C Peak,2025-08-12,2025-08-13,2025-08-13,39.0,35.0,37.04,-25.79,11600,29,15
Mid C Peak,2025-08-13,2025-08-14,2025-08-14,37.75,32.0,35.34,-1.7,26400,64,14
Mid C Peak,2025-08-14,2025-08-15,2025-08-16,40.0,33.0,35.58,0.24,49600,62,18
Mid C Peak,2025-08-15,2025-08-18,2025-08-18,41.0,37.0,39.01,3.43,19600,47,18
Mid C Peak,2025-08-18,2025-08-19,2025-08-19,45.75,42.0,43.22,4.21,13600,33,14
Mid C Peak,2025-08-19,2025-08-20,2025-08-20,52.0,47.0,50.21,6.99,16400,41,16
Mid C Peak,2025-08-21,2025-08-22,2025-08-23,85.0,74.5,76.81,10.35,51200,62,19
Mid C Peak,2025-08-22,2025-08-25,2025-08-25,147.0,85.0,117.65,40.84,21600,54,26
Mid C Peak,2025-08-25,2025-08-26,2025-08-26,90.0,75.0,79.48,-38.17,30400,76,23
Mid C Peak,2025-08-26,2025-08-27,2025-08-27,50.0,45.5,48.27,-31.21,24400,61,16
Mid C Peak,2025-08-27,2025-08-28,2025-08-29,54.0,47.0,51.19,2.92,32000,40,18
Mid C Peak,2025-08-28,2025-08-30,2025-08-30,45.0,41.5,43.85,-7.34,10800,25,13
Mid C Peak,2025-08-29,2025-09-02,2025-09-02,100.0,70.0,74.6,30.75,42000,103,26
Mid C Peak,2025-09-02,2025-09-03,2025-09-03,78.0,70.0,73.95,-0.65,25600,63,22
Mid C Peak,2025-09-04,2025-09-05,2025-09-06,70.0,63.0,67.75,-8.22,25600,32,20
Mid C Peak,2025-09-05,2025-09-08,2025-09-08,53.0,50.0,52.3,-15.45,18400,45,21
Mid C Peak,2025-09-08,2025-09-09,2025-09-09,63.0,55.0,58.5,6.2,23600,59,19
Mid C Peak,2025-09-09,2025-09-10,2025-09-10,58.0,52.0,54.59,-3.91,20800,45,15
Mid C Peak,2025-09-10,2025-09-11,2025-09-11,53.0,50.0,52.05,-2.54,19600,46,17
Mid C Peak,2025-09-11,2025-09-12,2025-09-13,48.0,45.25,47.18,-4.87,36800,45,15
Mid C Peak,2025-09-12,2025-09-15,2025-09-15,50.0,40.0,46.37,-0.81,11600,27,15
Mid C Peak,2025-09-15,2025-09-16,2025-09-16,85.0,70.0,73.57,27.2,21600,53,18
Mid C Peak,2025-09-16,2025-09-17,2025-09-17,59.0,50.0,54.39,-19.18,22400,55,18
Mid C Peak,2025-09-18,2025-09-19,2025-09-20,48.0,42.0,45.24,-0.95,26400,33,14
Mid C Peak,2025-09-19,2025-09-22,2025-09-22,58.0,48.0,55.88,10.64,12800,32,15
Mid C Peak,2025-09-22,2025-09-23,2025-09-23,67.0,55.0,61.83,5.95,13200,33,17
Mid C Peak,2025-09-23,2025-09-24,2025-09-24,80.0,60.0,73.24,11.41,20000,50,19
Mid C Peak,2025-09-24,2025-09-25,2025-09-25,43.0,37.0,38.52,-34.72,20800,48,15
Mid C Peak,2025-09-25,2025-09-26,2025-09-27,48.0,43.0,46.66,8.14,24000,30,15
Mid C Peak,2025-09-26,2025-09-29,2025-09-29,51.0,47.0,48.95,2.29,22000,54,17
Mid C Peak,2025-09-29,2025-09-30,2025-09-30,51.0,46.0,49.51,0.56,18400,45,20
Mid C Peak,2025-09-30,2025-10-01,2025-10-01,50.0,38.0,41.92,-7.59,10400,26,16
Mid C Peak,2025-10-02,2025-10-03,2025-10-04,41.0,37.0,39.45,-3.98,28800,36,18
Mid C Peak,2025-10-03,2025-10-06,2025-10-06,48.25,44.0,45.75,6.3,21200,53,23
Mid C Peak,2025-10-06,2025-10-07,2025-10-07,46.0,44.0,45.18,-0.57,13600,33,15
Mid C Peak,2025-10-07,2025-10-08,2025-10-08,37.0,36.0,36.14,-9.04,24400,60,21
Mid C Peak,2025-10-08,2025-10-09,2025-10-09,48.0,46.0,46.67,10.53,22400,55,19
Mid C Peak,2025-10-09,2025-10-10,2025-10-11,38.0,35.0,36.12,-10.55,24800,29,17
Mid C Peak,2025-10-10,2025-10-13,2025-10-13,49.0,45.0,47.66,11.54,10000,24,12
Mid C Peak,2025-10-13,2025-10-14,2025-10-14,56.0,53.0,55.03,7.37,11200,26,17
Mid C Peak,2025-10-14,2025-10-15,2025-10-15,60.5,55.0,57.59,2.56,10400,26,15
Mid C Peak,2025-10-16,2025-10-17,2025-10-18,41.0,39.0,39.74,-6.68,22400,26,15
Mid C Peak,2025-10-17,2025-10-20,2025-10-20,55.0,51.0,52.79,13.05,13600,34,16
Mid C Peak,2025-10-20,2025-10-21,2025-10-21,57.5,46.0,54.43,1.64,16400,34,19
Mid C Peak,2025-10-21,2025-10-22,2025-10-22,50.0,47.0,47.4,-7.03,19200,47,17
Mid C Peak,2025-10-22,2025-10-23,2025-10-23,48.5,45.0,46.38,-1.02,11600,29,17
Mid C Peak,2025-10-23,2025-10-24,2025-10-25,42.0,38.0,39.39,-6.99,35200,44,18
Mid C Peak,2025-10-24,2025-10-27,2025-10-27,54.0,51.0,52.68,13.29,13600,33,18
Mid C Peak,2025-10-27,2025-10-28,2025-10-28,70.0,59.0,60.55,7.87,15200,38,17
Mid C Peak,2025-10-28,2025-10-29,2025-10-29,50.0,44.0,45.69,-14.86,14800,34,16
Mid C Peak,2025-10-30,2025-11-01,2025-11-01,30.0,21.0,24.88,-21.71,23200,54,17
Mid C Peak,2025-10-31,2025-11-03,2025-11-03,46.5,43.0,44.94,20.06,14000,34,19
Mid C Peak,2025-11-03,2025-11-04,2025-11-04,41.5,40.0,40.8,-4.14,17600,42,17
Mid C Peak,2025-11-04,2025-11-05,2025-11-05,39.0,34.0,36.74,-4.06,14800,36,16
Mid C Peak,2025-11-05,2025-11-06,2025-11-06,38.0,34.0,36.03,-0.71,11200,28,15
Mid C Peak,2025-11-06,2025-11-07,2025-11-08,34.5,32.0,33.92,-2.11,28000,35,15
Mid C Peak,2025-11-07,2025-11-10,2025-11-10,39.0,36.0,37.3,3.38,21200,47,17
Mid C Peak,2025-11-10,2025-11-11,2025-11-12,47.5,42.0,46.15,8.85,34400,43,15
Mid C Peak,2025-11-14,2025-11-17,2025-11-17,45.0,43.0,44.32,5.17,6800,17,10
Mid C Peak,2025-11-17,2025-11-18,2025-11-18,46.0,40.0,43.46,-0.86,19200,46,18
Mid C Peak,2025-11-18,2025-11-19,2025-11-19,54.0,47.0,51.27,7.81,12800,31,15
Mid C Peak,2025-11-19,2025-11-20,2025-11-20,58.5,53.25,55.21,3.94,13600,34,21
Mid C Peak,2025-11-20,2025-11-21,2025-11-22,47.5,44.0,45.69,-9.52,34400,42,14
Mid C Peak,2025-11-21,2025-11-24,2025-11-24,43.0,40.0,41.99,-3.7,13200,33,16
Mid C Peak,2025-11-24,2025-11-25,2025-11-26,56.0,54.0,55.46,13.47,10400,13,15
Mid C Peak,2025-11-25,2025-11-28,2025-11-29,53.0,48.0,51.75,-3.71,12800,16,11
Mid C Peak,2025-12-01,2025-12-02,2025-12-02,50.0,45.0,46.96,-8.61,14400,36,16
Mid C Peak,2025-12-02,2025-12-03,2025-12-03,57.0,53.75,54.95,7.99,8800,22,14
Mid C Peak,2025-12-03,2025-12-04,2025-12-04,43.5,41.0,42.69,-12.26,18400,46,19
Mid C Peak,2025-12-04,2025-12-05,2025-12-06,35.0,25.0,30.55,-12.14,69600,81,16
Mid C Peak,2025-12-05,2025-12-08,2025-12-08,35.0,28.0,30.29,-0.26,28000,66,15
Mid C Peak,2025-12-08,2025-12-09,2025-12-09,44.0,37.5,40.74,10.45,14800,30,16
Mid C Peak,2025-12-09,2025-12-10,2025-12-10,28.5,22.0,24.39,-16.35,23600,56,18
Mid C Peak,2025-12-11,2025-12-12,2025-12-13,30.0,26.5,27.55,1.88,28800,35,16
Mid C Peak,2025-12-12,2025-12-15,2025-12-15,22.0,17.0,19.12,-8.43,25200,60,18
Mid C Peak,2025-12-15,2025-12-16,2025-12-16,21.0,15.5,18.59,-0.53,26800,59,16
Mid C Peak,2025-12-16,2025-12-17,2025-12-17,15.0,12.0,13.76,-4.83,22400,56,17
Mid C Peak,2025-12-17,2025-12-18,2025-12-18,27.0,22.0,25.3,11.54,18800,47,17
Mid C Peak,2025-12-18,2025-12-19,2025-12-20,27.0,17.5,20.45,-4.85,51200,58,18
Mid C Peak,2025-12-19,2025-12-22,2025-12-22,27.5,24.5,25.93,5.48,20800,39,15
Mid C Peak,2025-12-22,2025-12-23,2025-12-24,26.5,22.0,23.97,-1.96,20800,25,16
Mid C Peak,2025-12-23,2025-12-26,2025-12-27,21.0,16.0,17.55,-6.42,40800,50,17
Nepool MH DA LMP Peak,2024-12-26,2024-12-27,2024-12-27,98.0,92.5,95.54,-57.91,9600,12,9
Nepool MH DA LMP Peak,2024-12-27,2024-12-30,2024-12-30,49.5,48.5,49.0,-46.54,4800,6,8
Nepool MH DA LMP Peak,2024-12-30,2024-12-31,2024-12-31,40.75,40.5,40.54,-8.46,4800,5,4
Nepool MH DA LMP Peak,2024-12-31,2025-01-02,2025-01-02,57.5,57.5,57.5,16.96,1600,2,3
Nepool MH DA LMP Peak,2025-01-02,2025-01-03,2025-01-03,90.0,82.0,83.39,25.89,29600,34,15
Nepool MH DA LMP Peak,2025-01-03,2025-01-06,2025-01-06,130.0,127.0,128.5,45.11,4800,6,8
Nepool MH DA LMP Peak,2025-01-06,2025-01-07,2025-01-07,166.0,162.0,164.88,36.38,19200,24,18
Nepool MH DA LMP Peak,2025-01-07,2025-01-08,2025-01-08,163.0,159.0,159.74,-5.14,15200,18,16
Nepool MH DA LMP Peak,2025-01-08,2025-01-09,2025-01-09,151.0,150.0,150.15,-9.59,16000,19,15
Nepool MH DA LMP Peak,2025-01-09,2025-01-10,2025-01-10,115.0,111.0,112.65,-37.5,11200,13,9
Nepool MH DA LMP Peak,2025-01-10,2025-01-13,2025-01-13,106.0,106.0,106.0,-6.65,800,1,2
Nepool MH DA LMP Peak,2025-01-13,2025-01-14,2025-01-14,123.5,122.0,122.67,16.67,7200,9,9
Nepool MH DA LMP Peak,2025-01-14,2025-01-15,2025-01-15,131.0,130.0,130.25,7.58,6400,8,10
Nepool MH DA LMP Peak,2025-01-15,2025-01-16,2025-01-16,144.0,138.0,140.23,9.98,19200,22,16
Nepool MH DA LMP Peak,2025-01-16,2025-01-17,2025-01-17,130.0,125.0,126.67,-13.56,2400,3,5
Nepool MH DA LMP Peak,2025-01-17,2025-01-20,2025-01-20,245.0,235.0,239.38,112.71,12800,16,12
Nepool MH DA LMP Peak,2025-01-20,2025-01-21,2025-01-21,275.0,255.0,268.33,28.95,12000,15,13
Nepool MH DA LMP Peak,2025-01-21,2025-01-22,2025-01-22,240.0,218.0,230.39,-37.94,36800,42,24
Nepool MH DA LMP Peak,2025-01-22,2025-01-23,2025-01-23,178.0,171.0,172.84,-57.55,28000,35,23
Nepool MH DA LMP Peak,2025-01-23,2025-01-24,2025-01-24,162.0,157.5,159.97,-12.87,12800,16,12
Nepool MH DA LMP Peak,2025-01-24,2025-01-27,2025-01-27,140.0,135.0,137.5,-22.47,4800,5,8
Nepool MH DA LMP Peak,2025-01-27,2025-01-28,2025-01-28,156.0,150.0,153.56,16.06,7200,9,12
Nepool MH DA LMP Peak,2025-01-28,2025-01-29,2025-01-29,148.0,142.0,144.46,-9.1,10400,11,14
Nepool MH DA LMP Peak,2025-01-29,2025-01-30,2025-01-30,152.0,146.0,147.77,3.31,17600,21,17
Nepool MH DA LMP Peak,2025-01-30,2025-01-31,2025-01-31,117.5,115.0,116.63,-31.14,15200,19,16
Nepool MH DA LMP Peak,2025-02-03,2025-02-04,2025-02-04,145.0,134.0,139.8,23.17,8000,10,10
Nepool MH DA LMP Peak,2025-02-04,2025-02-05,2025-02-05,165.0,159.0,162.47,22.67,12800,15,14
Nepool MH DA LMP Peak,2025-02-05,2025-02-06,2025-02-06,146.5,139.0,142.23,-20.24,12000,15,16
Nepool MH DA LMP Peak,2025-02-06,2025-02-07,2025-02-07,125.0,119.0,122.13,-20.1,27200,32,19
Nepool MH DA LMP Peak,2025-02-07,2025-02-10,2025-02-10,177.5,175.0,176.25,54.12,1600,2,3
Nepool MH DA LMP Peak,2025-02-10,2025-02-11,2025-02-11,176.0,174.0,174.87,-1.38,18400,23,17
Nepool MH DA LMP Peak,2025-02-11,2025-02-12,2025-02-12,172.0,167.0,169.18,-5.69,15200,19,16
Nepool MH DA LMP Peak,2025-02-12,2025-02-13,2025-02-13,149.0,148.0,148.57,-20.61,11200,14,15
Nepool MH DA LMP Peak,2025-02-13,2025-02-14,2025-02-14,155.0,148.0,150.37,1.8,15200,17,17
Nepool MH DA LMP Peak,2025-02-14,2025-02-17,2025-02-17,170.0,160.0,163.0,12.63,4000,5,8
Nepool MH DA LMP Peak,2025-02-17,2025-02-18,2025-02-18,180.0,176.0,179.42,16.42,14400,18,11
Nepool MH DA LMP Peak,2025-02-18,2025-02-19,2025-02-19,170.0,168.0,169.47,-9.95,12000,15,16
Nepool MH DA LMP Peak,2025-02-19,2025-02-20,2025-02-20,170.0,161.0,166.76,-2.71,13600,16,13
Nepool MH DA LMP Peak,2025-02-20,2025-02-21,2025-02-21,143.0,141.0,142.2,-24.56,12000,13,12
Nepool MH DA LMP Peak,2025-02-24,2025-02-25,2025-02-25,68.5,66.75,67.51,-74.69,23200,27,18
Nepool MH DA LMP Peak,2025-02-25,2025-02-26,2025-02-26,49.5,48.0,49.0,-18.51,11200,13,11
Nepool MH DA LMP Peak,2025-02-26,2025-02-27,2025-02-27,54.0,51.5,53.32,4.32,13600,16,15
Nepool MH DA LMP Peak,2025-02-27,2025-02-28,2025-02-28,46.25,45.5,45.84,-7.48,8800,9,13
Nepool MH DA LMP Peak,2025-02-28,2025-03-03,2025-03-03,110.0,106.0,108.33,62.49,4800,6,6
Nepool MH DA LMP Peak,2025-03-03,2025-03-04,2025-03-04,60.0,60.0,60.0,-48.33,3200,4,5
Nepool MH DA LMP Peak,2025-03-04,2025-03-05,2025-03-05,53.0,51.5,52.17,-7.83,12000,13,12
Nepool MH DA LMP Peak,2025-03-05,2025-03-06,2025-03-06,47.5,46.0,46.92,-5.25,17600,19,11
Nepool MH DA LMP Peak,2025-03-06,2025-03-07,2025-03-07,51.75,49.5,50.95,4.03,4000,5,6
Nepool MH DA LMP Peak,2025-03-10,2025-03-11,2025-03-11,43.0,41.5,42.38,-8.57,3200,3,4
Nepool MH DA LMP Peak,2025-03-11,2025-03-12,2025-03-12,46.0,46.0,46.0,3.62,1600,2,4
Nepool MH DA LMP Peak,2025-03-12,2025-03-13,2025-03-13,52.0,50.0,51.39,5.39,21600,23,18
Nepool MH DA LMP Peak,2025-03-13,2025-03-14,2025-03-14,41.5,40.5,41.07,-10.32,5600,4,5
Nepool MH DA LMP Peak,2025-03-17,2025-03-18,2025-03-18,42.0,41.0,41.54,0.47,5600,7,8
Nepool MH DA LMP Peak,2025-03-18,2025-03-19,2025-03-19,38.5,38.5,38.5,-3.04,8800,10,6
Nepool MH DA LMP Peak,2025-03-19,2025-03-20,2025-03-20,46.5,45.0,45.92,7.42,6400,8,8
Nepool MH DA LMP Peak,2025-03-20,2025-03-21,2025-03-21,40.0,40.0,40.0,-5.92,7200,4,5
Nepool MH DA LMP Peak,2025-03-25,2025-03-26,2025-03-26,47.0,47.0,47.0,7.0,800,1,2
Nepool MH DA LMP Peak,2025-03-26,2025-03-27,2025-03-27,41.0,40.0,40.67,-6.33,7200,9,7
Nepool MH DA LMP Peak,2025-03-31,2025-04-01,2025-04-01,42.5,42.0,42.15,1.48,24800,31,15
Nepool MH DA LMP Peak,2025-04-01,2025-04-02,2025-04-02,48.25,46.0,47.69,5.54,13600,15,9
Nepool MH DA LMP Peak,2025-04-02,2025-04-03,2025-04-03,47.75,45.0,46.25,-1.44,20000,22,17
Nepool MH DA LMP Peak,2025-04-03,2025-04-04,2025-04-04,38.0,37.5,37.69,-8.56,9600,11,11
Nepool MH DA LMP Peak,2025-04-07,2025-04-08,2025-04-08,72.0,59.0,68.38,30.69,13600,17,13
Nepool MH DA LMP Peak,2025-04-08,2025-04-09,2025-04-09,51.75,50.0,50.89,-17.49,16800,18,10
Nepool MH DA LMP Peak,2025-04-09,2025-04-10,2025-04-10,46.75,46.5,46.65,-4.24,21600,27,15
Nepool MH DA LMP Peak,2025-04-10,2025-04-11,2025-04-11,53.0,48.0,51.14,4.49,20800,24,16
Nepool MH DA LMP Peak,2025-04-14,2025-04-15,2025-04-15,44.75,44.0,44.25,-6.89,7200,6,9
Nepool MH DA LMP Peak,2025-04-15,2025-04-16,2025-04-16,42.65,41.0,41.79,-2.46,14400,15,11
Nepool MH DA LMP Peak,2025-04-17,2025-04-18,2025-04-18,35.25,35.25,35.25,0.75,1600,2,3
Nepool MH DA LMP Peak,2025-04-21,2025-04-22,2025-04-22,44.0,42.5,43.09,7.84,24800,30,13
Nepool MH DA LMP Peak,2025-04-22,2025-04-23,2025-04-23,37.5,35.5,35.93,-7.16,11200,10,8
Nepool MH DA LMP Peak,2025-04-23,2025-04-24,2025-04-24,34.5,34.5,34.5,-1.43,2400,3,3
Nepool MH DA LMP Peak,2025-04-24,2025-04-25,2025-04-25,34.0,34.0,34.0,-0.5,2400,3,5
Nepool MH DA LMP Peak,2025-04-25,2025-04-28,2025-04-28,35.0,35.0,35.0,1.0,1600,2,2
Nepool MH DA LMP Peak,2025-04-28,2025-04-29,2025-04-29,36.5,36.5,36.5,1.5,2400,3,4
Nepool MH DA LMP Peak,2025-04-29,2025-04-30,2025-04-30,37.5,37.25,37.38,0.88,1600,2,4
Nepool MH DA LMP Peak,2025-05-01,2025-05-02,2025-05-02,41.75,41.0,41.38,4.25,9600,12,12
Nepool MH DA LMP Peak,2025-05-02,2025-05-05,2025-05-05,46.0,44.0,44.86,3.48,8800,11,8
Nepool MH DA LMP Peak,2025-05-05,2025-05-06,2025-05-06,54.0,51.0,52.28,7.42,14400,17,11
Nepool MH DA LMP Peak,2025-05-06,2025-05-07,2025-05-07,49.0,46.5,48.02,-4.26,19200,13,9
Nepool MH DA LMP Peak,2025-05-07,2025-05-08,2025-05-08,43.0,41.0,41.78,-6.24,16000,20,10
Nepool MH DA LMP Peak,2025-05-08,2025-05-09,2025-05-09,48.0,46.0,46.47,4.69,18400,22,12
Nepool MH DA LMP Peak,2025-05-12,2025-05-13,2025-05-13,42.0,41.25,41.53,-4.94,7200,9,11
Nepool MH DA LMP Peak,2025-05-13,2025-05-14,2025-05-14,47.0,46.0,46.18,4.65,11200,13,13
Nepool MH DA LMP Peak,2025-05-15,2025-05-16,2025-05-16,46.0,43.0,44.2,-1.66,17600,21,13
Nepool MH DA LMP Peak,2025-05-16,2025-05-19,2025-05-19,37.0,37.0,37.0,-7.2,1600,2,2
Nepool MH DA LMP Peak,2025-05-19,2025-05-20,2025-05-20,33.0,31.0,32.03,-4.97,6400,8,7
Nepool MH DA LMP Peak,2025-05-20,2025-05-21,2025-05-21,34.5,34.0,34.09,2.06,13600,17,12
Nepool MH DA LMP Peak,2025-05-21,2025-05-22,2025-05-22,38.0,37.0,37.55,3.46,12800,15,13
Nepool MH DA LMP Peak,2025-05-22,2025-05-23,2025-05-23,33.75,33.0,33.3,-4.25,4000,5,7
Nepool MH DA LMP Peak,2025-05-23,2025-05-27,2025-05-27,30.0,30.0,30.0,-3.3,2400,3,3
Nepool MH DA LMP Peak,2025-05-27,2025-05-28,2025-05-28,38.25,38.25,38.25,8.25,800,1,2
Nepool MH DA LMP Peak,2025-05-29,2025-05-30,2025-05-30,34.25,34.0,34.2,-5.87,4000,5,6
Nepool MH DA LMP Peak,2025-05-30,2025-06-02,2025-06-02,32.0,32.0,32.0,-2.2,1600,2,2
Nepool MH DA LMP Peak,2025-06-02,2025-06-03,2025-06-03,30.75,30.0,30.5,-1.5,3200,4,4
Nepool MH DA LMP Peak,2025-06-03,2025-06-04,2025-06-04,47.5,46.0,46.68,16.18,28800,35,20
Nepool MH DA LMP Peak,2025-06-04,2025-06-05,2025-06-05,60.0,55.0,56.74,10.06,23200,27,24
Nepool MH DA LMP Peak,2025-06-05,2025-06-06,2025-06-06,44.25,40.0,41.17,-15.57,41600,49,16
Nepool MH DA LMP Peak,2025-06-09,2025-06-10,2025-06-10,35.5,34.75,35.18,-5.99,8000,8,5
Nepool MH DA LMP Peak,2025-06-10,2025-06-11,2025-06-11,34.25,32.5,33.1,-2.08,16000,18,12
Nepool MH DA LMP Peak,2025-06-12,2025-06-13,2025-06-13,31.5,31.5,31.5,-4.17,10400,11,8
Nepool MH DA LMP Peak,2025-06-13,2025-06-16,2025-06-16,30.0,30.0,30.0,-1.5,3200,4,4
Nepool MH DA LMP Peak,2025-06-16,2025-06-17,2025-06-17,37.0,35.5,35.95,5.95,4000,5,8
Nepool MH DA LMP Peak,2025-06-17,2025-06-18,2025-06-18,44.25,39.0,43.15,7.2,18400,22,13
Nepool MH DA LMP Peak,2025-06-18,2025-06-19,2025-06-19,59.5,55.5,56.84,13.69,20000,23,13
Nepool MH DA LMP Peak,2025-06-20,2025-06-23,2025-06-23,170.0,155.0,161.25,104.41,6400,8,10
Nepool MH DA LMP Peak,2025-06-23,2025-06-24,2025-06-24,195.0,185.0,188.62,27.37,10400,12,14
Nepool MH DA LMP Peak,2025-06-24,2025-06-25,2025-06-25,150.0,140.0,143.85,-44.77,17600,20,16
Nepool MH DA LMP Peak,2025-06-26,2025-06-27,2025-06-27,36.0,35.5,35.75,-6.83,12800,16,11
Nepool MH DA LMP Peak,2025-06-27,2025-06-30,2025-06-30,64.5,62.0,62.93,27.18,8800,11,10
Nepool MH DA LMP Peak,2025-06-30,2025-07-01,2025-07-01,67.5,64.75,66.08,3.15,8000,10,9
Nepool MH DA LMP Peak,2025-07-01,2025-07-02,2025-07-02,61.0,58.75,59.42,-6.66,15200,19,16
Nepool MH DA LMP Peak,2025-07-02,2025-07-03,2025-07-03,57.0,56.0,56.63,-2.79,4800,6,8
Nepool MH DA LMP Peak,2025-07-03,2025-07-07,2025-07-07,110.0,105.0,107.13,50.5,12000,15,17
Nepool MH DA LMP Peak,2025-07-07,2025-07-08,2025-07-08,112.0,108.0,109.89,2.76,7200,9,13
Nepool MH DA LMP Peak,2025-07-08,2025-07-09,2025-07-09,68.75,65.0,66.15,-43.74,14400,18,15
Nepool MH DA LMP Peak,2025-07-10,2025-07-11,2025-07-11,57.25,56.5,56.77,7.84,9600,11,13
Nepool MH DA LMP Peak,2025-07-11,2025-07-14,2025-07-14,77.5,76.0,76.5,19.73,4000,5,5
Nepool MH DA LMP Peak,2025-07-14,2025-07-15,2025-07-15,136.0,115.0,126.65,50.15,10400,13,15
Nepool MH DA LMP Peak,2025-07-15,2025-07-16,2025-07-16,186.0,180.0,184.37,57.72,16800,21,23
Nepool MH DA LMP Peak,2025-07-16,2025-07-17,2025-07-17,170.0,159.0,165.64,-18.73,34400,43,27
Nepool MH DA LMP Peak,2025-07-17,2025-07-18,2025-07-18,64.5,60.5,62.93,-102.71,14400,16,15
Nepool MH DA LMP Peak,2025-07-18,2025-07-21,2025-07-21,45.5,45.5,45.5,-17.43,800,1,2
Nepool MH DA LMP Peak,2025-07-21,2025-07-22,2025-07-22,43.5,41.5,43.09,-2.41,17600,22,20
Nepool MH DA LMP Peak,2025-07-22,2025-07-23,2025-07-23,55.0,52.5,53.17,10.08,15200,19,16
Nepool MH DA LMP Peak,2025-07-24,2025-07-25,2025-07-25,152.0,137.0,140.82,53.93,24000,30,21
Nepool MH DA LMP Peak,2025-07-28,2025-07-29,2025-07-29,175.0,168.0,171.03,30.21,13600,17,16
Nepool MH DA LMP Peak,2025-07-30,2025-07-31,2025-07-31,54.75,52.5,53.69,-117.34,26400,31,17
Nepool MH DA LMP Peak,2025-07-31,2025-08-01,2025-08-01,42.5,42.5,42.5,-11.19,6400,8,5
Nepool MH DA LMP Peak,2025-08-01,2025-08-04,2025-08-04,61.0,59.0,59.93,17.43,8800,11,8
Nepool MH DA LMP Peak,2025-08-04,2025-08-05,2025-08-05,58.0,57.0,57.63,-2.3,10400,13,12
Nepool MH DA LMP Peak,2025-08-05,2025-08-06,2025-08-06,52.5,51.25,51.92,-5.71,2400,3,6
Nepool MH DA LMP Peak,2025-08-07,2025-08-08,2025-08-08,52.0,51.5,51.9,1.12,8000,10,10
Nepool MH DA LMP Peak,2025-08-08,2025-08-11,2025-08-11,112.0,108.5,110.63,58.73,6400,8,10
Nepool MH DA LMP Peak,2025-08-11,2025-08-12,2025-08-12,170.0,158.0,164.4,53.77,16800,21,16
Nepool MH DA LMP Peak,2025-08-12,2025-08-13,2025-08-13,140.0,130.0,133.55,-30.85,30400,36,24
Nepool MH DA LMP Peak,2025-08-13,2025-08-14,2025-08-14,76.0,71.0,72.25,-61.3,4800,6,7
Nepool MH DA LMP Peak,2025-08-18,2025-08-19,2025-08-19,37.75,37.3,37.53,-34.72,8000,10,8
Nepool MH DA LMP Peak,2025-08-19,2025-08-20,2025-08-20,45.5,43.5,44.46,6.93,4800,6,7
Nepool MH DA LMP Peak,2025-08-21,2025-08-22,2025-08-22,41.5,39.0,40.07,-1.15,12000,15,10
Nepool MH DA LMP Peak,2025-08-22,2025-08-25,2025-08-25,45.5,45.5,45.5,5.43,800,1,2
Nepool MH DA LMP Peak,2025-08-25,2025-08-26,2025-08-26,33.0,32.0,32.25,-13.25,3200,4,5
Nepool MH DA LMP Peak,2025-08-26,2025-08-27,2025-08-27,30.5,29.5,29.95,-2.3,8800,11,7
Nepool MH DA LMP Peak,2025-08-27,2025-08-28,2025-08-28,28.0,28.0,28.0,-1.95,3200,4,5
Nepool MH DA LMP Peak,2025-08-28,2025-08-29,2025-08-29,31.5,31.5,31.5,3.5,800,1,2
Nepool MH DA LMP Peak,2025-09-02,2025-09-03,2025-09-03,38.5,37.0,37.43,5.93,8800,11,8
Nepool MH DA LMP Peak,2025-09-04,2025-09-05,2025-09-05,42.5,41.25,41.96,5.24,5600,7,10
Nepool MH DA LMP Peak,2025-09-05,2025-09-08,2025-09-08,44.0,39.0,41.9,-0.06,27200,33,18
Nepool MH DA LMP Peak,2025-09-08,2025-09-09,2025-09-09,36.4,33.75,35.21,-6.69,29600,35,17
Nepool MH DA LMP Peak,2025-09-09,2025-09-10,2025-09-10,36.5,35.95,36.34,1.13,11200,14,14
Nepool MH DA LMP Peak,2025-09-10,2025-09-11,2025-09-11,34.75,33.5,33.86,-2.48,16000,17,13
Nepool MH DA LMP Peak,2025-09-11,2025-09-12,2025-09-12,31.5,30.5,30.61,-3.25,11200,14,7
Nepool MH DA LMP Peak,2025-09-15,2025-09-16,2025-09-16,35.0,34.75,34.88,4.27,11200,14,10
Nepool MH DA LMP Peak,2025-09-16,2025-09-17,2025-09-17,37.75,36.25,37.26,2.38,14400,17,12
Nepool MH DA LMP Peak,2025-09-18,2025-09-19,2025-09-19,35.0,34.0,34.85,-4.14,33600,35,16
Nepool MH DA LMP Peak,2025-09-19,2025-09-22,2025-09-22,32.5,31.5,31.89,-2.96,11200,14,11
Nepool MH DA LMP Peak,2025-09-22,2025-09-23,2025-09-23,48.0,45.0,46.81,14.92,6400,7,9
Nepool MH DA LMP Peak,2025-09-23,2025-09-24,2025-09-24,45.5,45.0,45.14,-1.67,16000,15,16
Nepool MH DA LMP Peak,2025-09-24,2025-09-25,2025-09-25,47.5,46.5,46.91,1.77,11200,13,12
Nepool MH DA LMP Peak,2025-09-25,2025-09-26,2025-09-26,44.0,43.0,43.26,-3.65,18400,23,19
Nepool MH DA LMP Peak,2025-09-26,2025-09-29,2025-09-29,45.75,45.75,45.75,2.49,800,1,2
Nepool MH DA LMP Peak,2025-09-29,2025-09-30,2025-09-30,40.0,37.75,38.13,-7.62,23200,22,15
Nepool MH DA LMP Peak,2025-09-30,2025-10-01,2025-10-01,33.5,32.0,33.09,-5.04,36800,42,19
Nepool MH DA LMP Peak,2025-10-02,2025-10-03,2025-10-03,33.5,33.0,33.4,-1.98,23200,28,13
Nepool MH DA LMP Peak,2025-10-03,2025-10-06,2025-10-06,69.0,63.25,65.93,32.53,8800,11,12
Nepool MH DA LMP Peak,2025-10-06,2025-10-07,2025-10-07,56.0,52.25,54.25,-11.68,23200,24,19
Nepool MH DA LMP Peak,2025-10-07,2025-10-08,2025-10-08,44.0,42.5,43.34,-10.91,24000,26,22
Nepool MH DA LMP Peak,2025-10-08,2025-10-09,2025-10-09,35.75,34.75,35.43,-7.91,24000,26,17
Nepool MH DA LMP Peak,2025-10-09,2025-10-10,2025-10-10,33.55,33.5,33.53,-1.9,8800,9,7
Nepool MH DA LMP Peak,2025-10-13,2025-10-14,2025-10-14,41.0,38.25,39.61,6.08,15200,17,8
Nepool MH DA LMP Peak,2025-10-14,2025-10-15,2025-10-15,33.5,32.25,32.99,-6.62,23200,17,10
Nepool MH DA LMP Peak,2025-10-16,2025-10-17,2025-10-17,35.75,32.5,34.2,3.51,23200,29,11
Nepool MH DA LMP Peak,2025-10-17,2025-10-20,2025-10-20,44.0,43.0,43.5,9.3,2400,3,4
Nepool MH DA LMP Peak,2025-10-20,2025-10-21,2025-10-21,47.0,45.0,46.38,2.88,26400,31,16
Nepool MH DA LMP Peak,2025-10-21,2025-10-22,2025-10-22,53.0,51.0,52.03,5.65,13600,15,16
Nepool MH DA LMP Peak,2025-10-22,2025-10-23,2025-10-23,60.0,52.5,53.61,1.58,22400,28,13
Nepool MH DA LMP Peak,2025-10-23,2025-10-24,2025-10-24,54.0,50.5,53.07,-0.54,28000,34,17
Nepool MH DA LMP Peak,2025-10-24,2025-10-27,2025-10-27,52.0,50.0,50.94,-2.13,7200,9,7
Nepool MH DA LMP Peak,2025-10-27,2025-10-28,2025-10-28,56.0,52.5,53.77,2.83,10400,9,12
Nepool MH DA LMP Peak,2025-10-28,2025-10-29,2025-10-29,53.35,53.0,53.06,-0.71,4800,4,5
Nepool MH DA LMP Peak,2025-10-30,2025-10-31,2025-10-31,45.5,43.5,44.73,-8.17,8800,11,7
Nepool MH DA LMP Peak,2025-11-03,2025-11-04,2025-11-04,44.0,42.75,43.2,-1.53,20800,24,15
Nepool MH DA LMP Peak,2025-11-04,2025-11-05,2025-11-05,50.25,50.0,50.13,6.93,1600,2,3
Nepool MH DA LMP Peak,2025-11-05,2025-11-06,2025-11-06,53.0,50.5,51.99,1.86,27200,31,20
Nepool MH DA LMP Peak,2025-11-06,2025-11-07,2025-11-07,54.25,53.5,53.77,1.78,9600,11,10
Nepool MH DA LMP Peak,2025-11-07,2025-11-10,2025-11-10,67.0,65.0,66.17,12.4,14400,17,10
Nepool MH DA LMP Peak,2025-11-10,2025-11-11,2025-11-11,77.5,72.5,75.28,9.11,15200,18,16
Nepool MH DA LMP Peak,2025-11-11,2025-11-12,2025-11-12,69.0,64.5,66.39,-8.89,32000,40,22
Nepool MH DA LMP Peak,2025-11-14,2025-11-17,2025-11-17,66.0,66.0,66.0,3.19,6400,2,4
Nepool MH DA LMP Peak,2025-11-17,2025-11-18,2025-11-18,74.0,71.0,72.36,6.36,20000,25,17
Nepool MH DA LMP Peak,2025-11-18,2025-11-19,2025-11-19,72.5,70.0,70.89,-1.47,16800,21,13
Nepool MH DA LMP Peak,2025-11-19,2025-11-20,2025-11-20,80.5,78.0,79.14,8.25,14400,18,15
Nepool MH DA LMP Peak,2025-11-20,2025-11-21,2025-11-21,68.0,67.0,67.55,-11.59,4000,5,9
Nepool MH DA LMP Peak,2025-11-21,2025-11-24,2025-11-24,71.0,71.0,71.0,3.45,800,1,2
Nepool MH DA LMP Peak,2025-11-24,2025-11-25,2025-11-25,81.0,78.0,79.84,8.84,15200,19,11
Nepool MH DA LMP Peak,2025-11-25,2025-11-26,2025-11-26,82.0,78.5,78.88,-0.96,13600,16,12
Nepool MH DA LMP Peak,2025-12-01,2025-12-02,2025-12-02,127.0,118.0,124.28,45.4,18400,23,22
Nepool MH DA LMP Peak,2025-12-02,2025-12-03,2025-12-03,156.0,144.0,149.57,25.29,36800,43,27
Nepool MH DA LMP Peak,2025-12-03,2025-12-04,2025-12-04,192.0,185.0,189.27,39.7,17600,22,16
Nepool MH DA LMP Peak,2025-12-04,2025-12-05,2025-12-05,200.0,195.0,198.32,9.05,20000,25,22
Nepool MH DA LMP Peak,2025-12-05,2025-12-08,2025-12-08,215.0,215.0,215.0,16.68,4000,4,4
Nepool MH DA LMP Peak,2025-12-08,2025-12-09,2025-12-09,215.0,212.0,213.29,-1.71,5600,7,9
Nepool MH DA LMP Peak,2025-12-09,2025-12-10,2025-12-10,176.0,175.0,175.17,-38.12,4800,5,5
Nepool MH DA LMP Peak,2025-12-11,2025-12-12,2025-12-12,164.0,163.0,163.25,-13.47,9600,10,12
Nepool MH DA LMP Peak,2025-12-15,2025-12-16,2025-12-16,175.0,169.0,171.0,7.75,8800,10,9
Nepool MH DA LMP Peak,2025-12-16,2025-12-17,2025-12-17,108.0,90.0,96.28,-74.72,18400,22,19
Nepool MH DA LMP Peak,2025-12-17,2025-12-18,2025-12-18,55.0,54.0,54.91,-41.37,8800,9,6
Nepool MH DA LMP Peak,2025-12-18,2025-12-19,2025-12-19,67.0,65.0,65.61,10.7,7200,9,11
Nepool MH DA LMP Peak,2025-12-19,2025-12-22,2025-12-22,127.0,125.0,126.13,60.52,3200,3,5
Nepool MH DA LMP Peak,2025-12-22,2025-12-23,2025-12-23,84.0,84.0,84.0,-42.13,800,1,2
Nepool MH DA LMP Peak,2025-12-23,2025-12-24,2025-12-24,95.0,90.0,90.71,6.71,5600,7,6
NP15 EZ Gen DA LMP Peak,2025-01-14,2025-01-15,2025-01-15,57.25,53.0,55.13,2.13,800,2,4
NP15 EZ Gen DA LMP Peak,2025-01-16,2025-01-18,2025-01-18,78.0,75.0,77.5,22.37,3200,8,8
NP15 EZ Gen DA LMP Peak,2025-01-17,2025-01-20,2025-01-21,70.0,70.0,70.0,-7.5,3200,4,4
NP15 EZ Gen DA LMP Peak,2025-01-28,2025-01-29,2025-01-29,48.5,48.5,48.5,-21.5,400,1,2
NP15 EZ Gen DA LMP Peak,2025-01-29,2025-01-30,2025-01-31,47.0,47.0,47.0,-1.5,2400,3,2
NP15 EZ Gen DA LMP Peak,2025-02-03,2025-02-04,2025-02-04,67.0,65.0,66.0,19.0,1600,4,4
NP15 EZ Gen DA LMP Peak,2025-02-05,2025-02-06,2025-02-06,146.5,139.0,142.23,-20.24,12000,15,16
NP15 EZ Gen DA LMP Peak,2025-02-06,2025-02-07,2025-02-08,46.0,45.0,45.63,-12.4,3200,4,6
NP15 EZ Gen DA LMP Peak,2025-02-07,2025-02-10,2025-02-10,52.25,50.0,50.92,5.29,1200,3,4
NP15 EZ Gen DA LMP Peak,2025-02-10,2025-02-11,2025-02-11,50.5,50.0,50.28,-0.64,3600,9,5
NP15 EZ Gen DA LMP Peak,2025-02-11,2025-02-12,2025-02-12,62.5,60.0,60.82,10.54,6000,15,11
NP15 EZ Gen DA LMP Peak,2025-02-12,2025-02-13,2025-02-14,48.5,48.0,48.05,-12.77,8800,11,5
NP15 EZ Gen DA LMP Peak,2025-02-18,2025-02-19,2025-02-19,47.0,46.0,46.21,-1.84,2800,7,6
NP15 EZ Gen DA LMP Peak,2025-02-19,2025-02-20,2025-02-20,46.5,42.0,43.36,-2.85,7600,18,5
NP15 EZ Gen DA LMP Peak,2025-02-28,2025-03-03,2025-03-03,34.75,34.0,34.28,-9.08,3200,8,4
NP15 EZ Gen DA LMP Peak,2025-03-03,2025-03-04,2025-03-04,41.0,39.5,40.61,6.33,1600,4,5
NP15 EZ Gen DA LMP Peak,2025-03-07,2025-03-10,2025-03-10,39.0,39.0,39.0,-1.61,800,2,2
NP15 EZ Gen DA LMP Peak,2025-03-10,2025-03-11,2025-03-11,50.0,50.0,50.0,11.0,800,2,2
NP15 EZ Gen DA LMP Peak,2025-03-11,2025-03-12,2025-03-12,54.0,52.0,53.0,3.0,3200,8,7
NP15 EZ Gen DA LMP Peak,2025-03-19,2025-03-20,2025-03-20,24.95,21.25,23.53,-29.47,6000,15,5
NP15 EZ Gen DA LMP Peak,2025-03-20,2025-03-21,2025-03-22,24.0,24.0,24.0,0.47,800,1,2
NP15 EZ Gen DA LMP Peak,2025-03-21,2025-03-24,2025-03-24,29.05,27.5,28.1,4.1,1200,3,4
NP15 EZ Gen DA LMP Peak,2025-03-25,2025-03-26,2025-03-26,30.0,20.0,25.0,-3.1,800,2,2
NP15 EZ Gen DA LMP Peak,2025-03-31,2025-04-01,2025-04-01,16.0,16.0,16.0,-9.0,400,1,2
NP15 EZ Gen DA LMP Peak,2025-04-01,2025-04-02,2025-04-02,12.0,11.0,11.42,-4.58,2400,6,6
NP15 EZ Gen DA LMP Peak,2025-04-08,2025-04-09,2025-04-09,20.0,20.0,20.0,-0.5,1200,3,3
NP15 EZ Gen DA LMP Peak,2025-04-11,2025-04-14,2025-04-14,25.0,22.5,24.14,4.14,2800,7,6
NP15 EZ Gen DA LMP Peak,2025-04-14,2025-04-15,2025-04-15,28.0,28.0,28.0,3.86,3200,8,4
NP15 EZ Gen DA LMP Peak,2025-04-17,2025-04-21,2025-04-21,14.5,13.0,13.83,-14.17,1200,3,4
NP15 EZ Gen DA LMP Peak,2025-04-21,2025-04-22,2025-04-22,19.0,19.0,19.0,5.17,400,1,2
NP15 EZ Gen DA LMP Peak,2025-04-22,2025-04-23,2025-04-23,20.75,17.5,19.87,0.87,10400,26,13
NP15 EZ Gen DA LMP Peak,2025-04-23,2025-04-24,2025-04-24,21.0,21.0,21.0,1.13,800,2,3
NP15 EZ Gen DA LMP Peak,2025-04-24,2025-04-25,2025-04-26,20.5,19.0,19.67,-1.33,2400,3,4
NP15 EZ Gen DA LMP Peak,2025-05-02,2025-05-05,2025-05-05,27.0,27.0,27.0,3.47,400,1,2
NP15 EZ Gen DA LMP Peak,2025-05-06,2025-05-07,2025-05-07,23.0,22.0,22.5,-4.5,800,2,3
NP15 EZ Gen DA LMP Peak,2025-05-07,2025-05-08,2025-05-08,29.6,26.5,28.05,5.55,800,2,3
NP15 EZ Gen DA LMP Peak,2025-05-08,2025-05-09,2025-05-10,35.0,33.0,34.14,6.09,8800,11,7
NP15 EZ Gen DA LMP Peak,2025-05-12,2025-05-13,2025-05-13,17.75,17.75,17.75,-16.39,400,1,2
NP15 EZ Gen DA LMP Peak,2025-05-20,2025-05-21,2025-05-21,27.0,27.0,27.0,9.25,400,1,2
NP15 EZ Gen DA LMP Peak,2025-05-22,2025-05-24,2025-05-24,14.5,13.5,13.61,-13.39,3600,9,5
NP15 EZ Gen DA LMP Peak,2025-05-27,2025-05-28,2025-05-28,29.0,25.0,27.38,13.77,2400,6,7
NP15 EZ Gen DA LMP Peak,2025-05-29,2025-05-30,2025-05-31,43.0,43.0,43.0,16.0,4800,6,6
NP15 EZ Gen DA LMP Peak,2025-06-06,2025-06-09,2025-06-09,44.5,43.0,43.72,0.72,10000,24,13
NP15 EZ Gen DA LMP Peak,2025-06-17,2025-06-18,2025-06-18,36.0,36.0,36.0,9.0,800,2,2
NP15 EZ Gen DA LMP Peak,2025-06-18,2025-06-19,2025-06-20,26.0,26.0,26.0,-10.0,800,1,2
NP15 EZ Gen DA LMP Peak,2025-06-27,2025-06-30,2025-06-30,43.0,42.0,42.5,16.5,800,2,3
NP15 EZ Gen DA LMP Peak,2025-07-07,2025-07-08,2025-07-08,50.0,49.0,49.43,6.93,2800,7,6
NP15 EZ Gen DA LMP Peak,2025-07-10,2025-07-11,2025-07-12,41.0,41.0,41.0,-6.0,800,1,2
NP15 EZ Gen DA LMP Peak,2025-07-15,2025-07-16,2025-07-16,43.25,43.25,43.25,2.25,2400,6,5
NP15 EZ Gen DA LMP Peak,2025-07-21,2025-07-22,2025-07-22,34.0,33.0,33.42,-9.83,4800,11,8
NP15 EZ Gen DA LMP Peak,2025-07-28,2025-07-29,2025-07-29,41.5,41.0,41.29,7.87,2800,7,6
NP15 EZ Gen DA LMP Peak,2025-08-11,2025-08-12,2025-08-12,41.5,39.5,40.83,-0.46,2400,6,5
NP15 EZ Gen DA LMP Peak,2025-08-19,2025-08-20,2025-08-20,43.0,42.5,42.81,1.98,1600,4,5
NP15 EZ Gen DA LMP Peak,2025-08-21,2025-08-22,2025-08-23,53.5,53.0,53.17,0.92,2400,3,4
NP15 EZ Gen DA LMP Peak,2025-08-22,2025-08-25,2025-08-25,65.0,59.75,64.03,10.86,6400,13,14
NP15 EZ Gen DA LMP Peak,2025-08-25,2025-08-26,2025-08-26,48.5,48.25,48.42,-15.61,1200,3,4
NP15 EZ Gen DA LMP Peak,2025-08-27,2025-08-28,2025-08-29,41.5,41.5,41.5,-6.92,800,1,2
NP15 EZ Gen DA LMP Peak,2025-09-02,2025-09-03,2025-09-03,56.5,54.0,55.25,13.75,1600,4,5
NP15 EZ Gen DA LMP Peak,2025-09-08,2025-09-09,2025-09-09,43.0,42.0,42.15,-15.72,7200,12,9
NP15 EZ Gen DA LMP Peak,2025-09-09,2025-09-10,2025-09-10,40.75,40.0,40.38,-1.77,800,2,4
NP15 EZ Gen DA LMP Peak,2025-09-10,2025-09-11,2025-09-11,36.75,36.75,36.75,-3.63,400,1,2
NP15 EZ Gen DA LMP Peak,2025-09-16,2025-09-17,2025-09-17,53.0,53.0,53.0,16.25,400,1,2
NP15 EZ Gen DA LMP Peak,2025-09-19,2025-09-22,2025-09-22,49.5,49.5,49.5,-4.95,800,2,2
NP15 EZ Gen DA LMP Peak,2025-09-22,2025-09-23,2025-09-23,50.5,50.35,50.4,0.9,2400,6,5
NP15 EZ Gen DA LMP Peak,2025-09-23,2025-09-24,2025-09-24,49.0,49.0,49.0,-1.4,400,1,2
NP15 EZ Gen DA LMP Peak,2025-09-30,2025-10-01,2025-10-01,40.05,39.55,39.68,-9.32,1600,4,3
NP15 EZ Gen DA LMP Peak,2025-10-02,2025-10-03,2025-10-04,39.0,37.0,38.0,-6.17,1600,2,3
NP15 EZ Gen DA LMP Peak,2025-10-08,2025-10-09,2025-10-09,45.0,45.0,45.0,7.0,400,1,2
NP15 EZ Gen DA LMP Peak,2025-10-13,2025-10-14,2025-10-14,50.0,49.0,49.83,4.83,2400,5,5
NP15 EZ Gen DA LMP Peak,2025-10-16,2025-10-17,2025-10-18,38.0,38.0,38.0,-7.25,1600,2,2
NP15 EZ Gen DA LMP Peak,2025-10-20,2025-10-21,2025-10-21,46.0,44.25,45.82,7.82,8400,21,9
NP15 EZ Gen DA LMP Peak,2025-10-21,2025-10-22,2025-10-22,41.25,41.0,41.08,-4.74,1200,3,3
NP15 EZ Gen DA LMP Peak,2025-10-27,2025-10-28,2025-10-28,45.0,44.25,44.63,3.55,800,2,3
NP15 EZ Gen DA LMP Peak,2025-10-30,2025-11-01,2025-11-01,35.0,35.0,35.0,-9.63,4000,7,6
NP15 EZ Gen DA LMP Peak,2025-10-31,2025-11-03,2025-11-03,47.0,45.0,46.33,11.33,3600,9,7
NP15 EZ Gen DA LMP Peak,2025-11-03,2025-11-04,2025-11-04,50.5,49.5,49.68,3.35,4400,9,8
NP15 EZ Gen DA LMP Peak,2025-11-04,2025-11-05,2025-11-05,57.75,55.5,56.72,7.04,7600,19,9
NP15 EZ Gen DA LMP Peak,2025-11-05,2025-11-06,2025-11-06,51.0,50.75,50.82,-5.9,2000,5,4
NP15 EZ Gen DA LMP Peak,2025-11-06,2025-11-07,2025-11-08,42.5,41.0,41.75,-9.07,1600,2,4
NP15 EZ Gen DA LMP Peak,2025-11-18,2025-11-19,2025-11-19,55.0,55.0,55.0,-1.22,800,2,2
NP15 EZ Gen DA LMP Peak,2025-11-19,2025-11-20,2025-11-20,59.0,57.5,58.08,3.08,3600,9,7
NP15 EZ Gen DA LMP Peak,2025-11-20,2025-11-21,2025-11-22,52.0,52.0,52.0,-6.08,3200,3,3
NP15 EZ Gen DA LMP Peak,2025-11-21,2025-11-24,2025-11-24,50.5,49.0,49.75,-2.25,800,2,3
NP15 EZ Gen DA LMP Peak,2025-12-01,2025-12-02,2025-12-02,60.0,60.0,60.0,3.87,2800,7,5
NP15 EZ Gen DA LMP Peak,2025-12-02,2025-12-03,2025-12-03,61.5,60.5,60.85,0.85,4800,12,7
NP15 EZ Gen DA LMP Peak,2025-12-03,2025-12-04,2025-12-04,57.5,57.0,57.21,-3.64,2400,6,3
NP15 EZ Gen DA LMP Peak,2025-12-05,2025-12-08,2025-12-08,49.25,46.5,47.33,-9.88,9200,22,13
NP15 EZ Gen DA LMP Peak,2025-12-08,2025-12-09,2025-12-09,51.75,50.25,50.95,3.62,2000,5,5
NP15 EZ Gen DA LMP Peak,2025-12-09,2025-12-10,2025-12-10,44.0,44.0,44.0,-6.95,400,1,2
NP15 EZ Gen DA LMP Peak,2025-12-12,2025-12-15,2025-12-15,38.5,38.25,38.31,-0.69,1600,4,3
NP15 EZ Gen DA LMP Peak,2025-12-17,2025-12-18,2025-12-18,40.0,39.0,39.8,1.49,2000,5,4
Palo Verde Peak,2024-12-26,2024-12-27,2024-12-28,28.0,23.0,25.07,-5.03,5600,7,6
Palo Verde Peak,2024-12-27,2024-12-30,2024-12-30,25.0,22.0,23.13,-1.94,4800,12,7
Palo Verde Peak,2024-12-30,2024-12-31,2024-12-31,36.0,34.0,34.8,11.67,4000,10,7
Palo Verde Peak,2024-12-31,2025-01-02,2025-01-02,31.0,28.0,30.0,-4.8,5600,10,7
Palo Verde Peak,2025-01-02,2025-01-03,2025-01-04,31.0,28.0,29.05,-0.95,12000,15,10
Palo Verde Peak,2025-01-03,2025-01-06,2025-01-06,41.0,32.0,34.88,5.83,4800,11,7
Palo Verde Peak,2025-01-06,2025-01-07,2025-01-07,46.0,42.0,43.92,9.04,5200,13,7
Palo Verde Peak,2025-01-07,2025-01-08,2025-01-08,39.0,35.0,37.09,-6.83,4400,11,6
Palo Verde Peak,2025-01-08,2025-01-09,2025-01-09,39.0,36.0,38.2,1.11,6000,14,10
Palo Verde Peak,2025-01-09,2025-01-10,2025-01-10,29.0,25.0,26.13,-12.07,12000,15,10
Palo Verde Peak,2025-01-10,2025-01-13,2025-01-13,44.0,42.0,42.8,16.67,9200,22,14
Palo Verde Peak,2025-01-13,2025-01-14,2025-01-14,50.0,48.0,48.51,5.71,9600,23,8
Palo Verde Peak,2025-01-14,2025-01-15,2025-01-15,50.0,42.0,47.15,-1.36,5200,13,7
Palo Verde Peak,2025-01-15,2025-01-16,2025-01-17,34.25,32.0,32.24,-14.91,20800,21,12
Palo Verde Peak,2025-01-16,2025-01-18,2025-01-18,80.0,74.0,78.0,45.76,7600,19,11
Palo Verde Peak,2025-01-17,2025-01-20,2025-01-21,95.0,73.0,86.49,8.49,38400,45,17
Palo Verde Peak,2025-01-21,2025-01-22,2025-01-22,52.0,49.0,50.79,-35.7,9600,22,15
Palo Verde Peak,2025-01-22,2025-01-23,2025-01-23,45.5,42.0,44.76,-6.03,8400,19,13
Palo Verde Peak,2025-01-23,2025-01-24,2025-01-24,44.0,41.0,42.7,-2.06,12000,15,12
Palo Verde Peak,2025-01-24,2025-01-27,2025-01-27,46.0,46.0,46.0,3.3,5600,12,9
Palo Verde Peak,2025-01-27,2025-01-28,2025-01-28,55.0,48.0,52.31,6.31,12800,29,14
Palo Verde Peak,2025-01-28,2025-01-29,2025-01-29,55.0,51.5,53.13,0.82,11200,28,18
Palo Verde Peak,2025-01-29,2025-01-30,2025-01-31,40.0,35.0,37.67,-15.46,15200,19,13
Palo Verde Peak,2025-01-30,2025-02-01,2025-02-01,30.0,24.0,26.97,-10.7,6800,17,10
Palo Verde Peak,2025-01-31,2025-02-03,2025-02-03,41.0,34.0,35.47,8.5,11600,28,16
Palo Verde Peak,2025-02-03,2025-02-04,2025-02-04,37.0,31.0,33.7,-1.77,8000,19,13
Palo Verde Peak,2025-02-04,2025-02-05,2025-02-05,30.0,24.5,26.4,-7.3,10000,25,15
Palo Verde Peak,2025-02-05,2025-02-06,2025-02-06,35.0,26.0,28.38,1.98,6800,17,11
Palo Verde Peak,2025-02-06,2025-02-07,2025-02-08,24.0,18.0,20.77,-7.61,12000,15,11
Palo Verde Peak,2025-02-07,2025-02-10,2025-02-10,31.5,29.0,29.88,9.11,6400,15,10
Palo Verde Peak,2025-02-10,2025-02-11,2025-02-11,32.0,29.0,30.69,0.81,8400,20,10
Palo Verde Peak,2025-02-11,2025-02-12,2025-02-12,46.0,44.0,45.03,14.34,6400,15,11
Palo Verde Peak,2025-02-12,2025-02-13,2025-02-14,39.0,35.0,38.22,-6.81,13600,14,11
Palo Verde Peak,2025-02-13,2025-02-15,2025-02-15,33.0,28.0,31.21,-7.01,5600,14,10
Palo Verde Peak,2025-02-14,2025-02-17,2025-02-18,35.0,31.0,33.39,2.18,8800,11,12
Palo Verde Peak,2025-02-18,2025-02-19,2025-02-19,42.0,34.0,39.0,5.61,4800,11,9
Palo Verde Peak,2025-02-19,2025-02-20,2025-02-20,39.0,36.0,37.3,-1.7,2000,5,8
Palo Verde Peak,2025-02-20,2025-02-21,2025-02-22,25.0,22.0,24.38,-12.92,9600,12,12
Palo Verde Peak,2025-02-21,2025-02-24,2025-02-24,20.0,17.0,18.06,-6.32,7200,18,12
Palo Verde Peak,2025-02-24,2025-02-25,2025-02-25,18.5,16.0,17.13,-0.93,1600,4,6
Palo Verde Peak,2025-02-25,2025-02-26,2025-02-26,28.0,22.0,24.17,7.04,3600,9,9
Palo Verde Peak,2025-02-26,2025-02-27,2025-02-28,22.0,18.75,20.14,-4.03,7200,9,11
Palo Verde Peak,2025-02-27,2025-03-01,2025-03-01,17.0,15.0,15.56,-4.58,4800,11,9
Palo Verde Peak,2025-02-28,2025-03-03,2025-03-03,24.0,23.0,23.35,7.79,7600,16,8
Palo Verde Peak,2025-03-03,2025-03-04,2025-03-04,31.0,28.0,30.3,6.95,6000,15,12
Palo Verde Peak,2025-03-04,2025-03-05,2025-03-05,57.0,48.0,52.13,21.83,4000,10,12
Palo Verde Peak,2025-03-05,2025-03-06,2025-03-06,40.25,38.0,39.42,-12.71,2400,6,5
Palo Verde Peak,2025-03-06,2025-03-07,2025-03-08,29.75,25.0,27.63,-11.79,8000,9,8
Palo Verde Peak,2025-03-07,2025-03-10,2025-03-10,33.0,30.0,31.8,4.17,2000,5,6
Palo Verde Peak,2025-03-10,2025-03-11,2025-03-11,44.0,37.0,39.09,7.29,4400,10,8
Palo Verde Peak,2025-03-11,2025-03-12,2025-03-12,45.0,37.0,40.27,1.18,4400,10,10
Palo Verde Peak,2025-03-12,2025-03-13,2025-03-13,30.0,28.0,29.0,-11.27,800,2,2
Palo Verde Peak,2025-03-13,2025-03-14,2025-03-15,19.0,18.0,18.71,-10.29,11200,13,11
Palo Verde Peak,2025-03-14,2025-03-17,2025-03-17,25.5,22.5,23.88,5.17,3200,8,9
Palo Verde Peak,2025-03-17,2025-03-18,2025-03-18,17.0,12.0,14.36,-9.52,4400,11,9
Palo Verde Peak,2025-03-18,2025-03-19,2025-03-19,18.0,18.0,18.0,3.64,1600,4,6
Palo Verde Peak,2025-03-19,2025-03-20,2025-03-20,12.0,10.0,11.16,-6.84,4400,8,10
Palo Verde Peak,2025-03-20,2025-03-21,2025-03-22,10.0,8.0,8.38,-2.78,4800,6,5
Palo Verde Peak,2025-03-21,2025-03-24,2025-03-24,30.0,28.25,29.06,20.68,16400,38,13
Palo Verde Peak,2025-03-24,2025-03-25,2025-03-25,32.0,30.25,30.87,1.81,10800,19,12
Palo Verde Peak,2025-03-25,2025-03-26,2025-03-26,15.0,12.0,13.5,-17.37,1600,4,7
Palo Verde Peak,2025-03-26,2025-03-27,2025-03-27,17.0,15.0,16.0,2.5,2400,5,8
Palo Verde Peak,2025-03-27,2025-03-28,2025-03-29,10.0,9.75,9.88,-6.12,3200,4,5
Palo Verde Peak,2025-03-28,2025-03-31,2025-03-31,21.0,15.0,18.99,9.11,10800,26,13
Palo Verde Peak,2025-03-31,2025-04-01,2025-04-01,17.0,14.5,15.83,-3.16,1200,3,6
Palo Verde Peak,2025-04-01,2025-04-02,2025-04-02,15.25,15.0,15.17,-0.66,1200,3,4
Palo Verde Peak,2025-04-02,2025-04-03,2025-04-03,27.0,25.5,26.0,10.83,1200,3,5
Palo Verde Peak,2025-04-03,2025-04-04,2025-04-05,21.0,18.75,19.92,-6.08,15200,18,12
Palo Verde Peak,2025-04-04,2025-04-07,2025-04-07,26.5,24.0,25.63,5.71,4000,9,10
Palo Verde Peak,2025-04-07,2025-04-08,2025-04-08,22.5,22.0,22.17,-3.46,1200,3,5
Palo Verde Peak,2025-04-08,2025-04-09,2025-04-09,30.5,28.0,29.79,7.62,4800,12,10
Palo Verde Peak,2025-04-09,2025-04-10,2025-04-10,32.0,30.25,30.85,1.06,8400,21,13
Palo Verde Peak,2025-04-10,2025-04-11,2025-04-12,25.0,23.0,24.5,-6.35,10400,13,14
Palo Verde Peak,2025-04-11,2025-04-14,2025-04-14,28.5,26.0,27.67,3.17,3600,7,8
Palo Verde Peak,2025-04-14,2025-04-15,2025-04-15,35.0,32.0,33.83,6.16,15600,37,17
Palo Verde Peak,2025-04-15,2025-04-16,2025-04-17,30.5,29.5,30.01,-3.82,14400,18,13
Palo Verde Peak,2025-04-17,2025-04-21,2025-04-21,25.0,22.5,23.63,6.8,1600,4,7
Palo Verde Peak,2025-04-21,2025-04-22,2025-04-22,31.0,30.0,30.4,6.77,10000,24,14
Palo Verde Peak,2025-04-22,2025-04-23,2025-04-23,27.0,26.0,26.34,-4.06,10400,20,13
Palo Verde Peak,2025-04-23,2025-04-24,2025-04-24,36.0,34.0,35.44,9.1,6800,17,14
Palo Verde Peak,2025-04-24,2025-04-25,2025-04-26,27.0,26.5,26.9,-8.54,13600,16,11
Palo Verde Peak,2025-04-25,2025-04-28,2025-04-28,28.25,25.0,25.66,-1.24,3200,8,9
Palo Verde Peak,2025-04-28,2025-04-29,2025-04-29,26.0,26.0,26.0,0.34,400,1,2
Palo Verde Peak,2025-04-29,2025-04-30,2025-04-30,26.0,26.0,26.0,0.0,2000,5,6
Palo Verde Peak,2025-05-01,2025-05-02,2025-05-03,26.0,25.5,25.58,-7.72,4800,6,8
Palo Verde Peak,2025-05-02,2025-05-05,2025-05-05,27.0,25.0,25.67,0.09,1200,3,4
Palo Verde Peak,2025-05-05,2025-05-06,2025-05-06,33.25,30.0,32.21,6.54,2400,6,6
Palo Verde Peak,2025-05-06,2025-05-07,2025-05-07,29.0,22.5,25.25,-6.96,2400,6,5
Palo Verde Peak,2025-05-07,2025-05-08,2025-05-08,43.0,42.0,42.34,17.09,5600,14,10
Palo Verde Peak,2025-05-08,2025-05-09,2025-05-10,53.0,51.5,52.28,9.94,20000,19,14
Palo Verde Peak,2025-05-09,2025-05-12,2025-05-12,36.0,34.25,35.04,-17.24,5600,14,11
Palo Verde Peak,2025-05-12,2025-05-13,2025-05-13,19.5,16.0,18.67,-16.37,2400,6,7
Palo Verde Peak,2025-05-13,2025-05-14,2025-05-14,12.0,12.0,12.0,-6.67,400,1,2
Palo Verde Peak,2025-05-15,2025-05-16,2025-05-17,15.25,12.0,14.21,-3.59,9600,11,10
Palo Verde Peak,2025-05-16,2025-05-19,2025-05-19,14.0,5.0,11.01,-3.2,7200,16,13
Palo Verde Peak,2025-05-19,2025-05-20,2025-05-20,15.0,13.5,14.5,3.49,2000,5,8
Palo Verde Peak,2025-05-20,2025-05-21,2025-05-21,35.0,33.0,34.1,19.6,2000,5,9
Palo Verde Peak,2025-05-21,2025-05-22,2025-05-23,26.0,24.0,25.0,-9.1,3200,4,6
Palo Verde Peak,2025-05-22,2025-05-24,2025-05-24,14.0,12.75,13.5,-11.5,1600,4,6
Palo Verde Peak,2025-05-23,2025-05-27,2025-05-27,26.5,25.0,25.64,12.14,5600,14,8
Palo Verde Peak,2025-05-27,2025-05-28,2025-05-28,38.75,35.0,37.82,12.18,11600,27,14
Palo Verde Peak,2025-05-29,2025-05-30,2025-05-31,52.0,50.0,51.6,11.1,12000,15,7
Palo Verde Peak,2025-05-30,2025-06-02,2025-06-02,38.0,35.5,36.01,-15.59,9200,20,17
Palo Verde Peak,2025-06-02,2025-06-03,2025-06-03,41.75,37.0,39.6,3.59,8000,20,14
Palo Verde Peak,2025-06-03,2025-06-04,2025-06-04,42.0,39.0,40.87,1.27,6800,16,14
Palo Verde Peak,2025-06-04,2025-06-05,2025-06-05,41.0,39.5,40.11,-0.76,5600,14,10
Palo Verde Peak,2025-06-05,2025-06-06,2025-06-07,41.0,39.0,39.46,-0.65,16800,16,11
Palo Verde Peak,2025-06-06,2025-06-09,2025-06-09,52.0,48.75,50.57,11.11,8400,21,18
Palo Verde Peak,2025-06-09,2025-06-10,2025-06-10,52.0,50.0,51.17,0.6,7200,18,14
Palo Verde Peak,2025-06-10,2025-06-11,2025-06-11,42.0,40.0,40.77,-10.4,8400,19,11
Palo Verde Peak,2025-06-12,2025-06-13,2025-06-14,36.0,32.0,34.17,-3.31,4800,6,8
Palo Verde Peak,2025-06-13,2025-06-16,2025-06-16,42.25,40.0,41.75,7.58,2400,6,7
Palo Verde Peak,2025-06-16,2025-06-17,2025-06-17,35.0,35.0,35.0,-6.75,800,2,4
Palo Verde Peak,2025-06-17,2025-06-18,2025-06-18,49.0,45.0,47.34,12.34,5600,14,13
Palo Verde Peak,2025-06-18,2025-06-19,2025-06-20,40.0,38.0,39.25,-8.09,10400,13,12
Palo Verde Peak,2025-06-20,2025-06-21,2025-06-23,26.0,23.0,24.42,-14.83,4800,6,6
Palo Verde Peak,2025-06-23,2025-06-24,2025-06-24,35.0,33.0,34.54,10.12,5600,11,11
Palo Verde Peak,2025-06-24,2025-06-25,2025-06-25,40.0,37.0,39.42,4.88,7200,18,15
Palo Verde Peak,2025-06-26,2025-06-27,2025-06-28,39.0,37.0,38.69,2.75,12800,16,11
Palo Verde Peak,2025-06-27,2025-06-30,2025-06-30,55.0,54.0,54.81,16.12,6800,17,15
Palo Verde Peak,2025-06-30,2025-07-01,2025-07-01,60.0,56.5,58.23,3.42,4800,12,14
Palo Verde Peak,2025-07-01,2025-07-02,2025-07-03,48.0,42.75,45.07,-13.16,31200,36,18
Palo Verde Peak,2025-07-02,2025-07-05,2025-07-05,33.75,32.5,33.18,-11.89,6000,15,14
Palo Verde Peak,2025-07-03,2025-07-07,2025-07-07,62.0,60.0,61.33,28.15,7200,18,14
Palo Verde Peak,2025-07-07,2025-07-08,2025-07-08,70.0,67.0,67.76,6.43,8400,17,11
Palo Verde Peak,2025-07-08,2025-07-09,2025-07-09,66.0,64.5,65.14,-2.62,4400,11,8
Palo Verde Peak,2025-07-10,2025-07-11,2025-07-12,52.5,50.0,51.77,-12.89,8800,10,11
Palo Verde Peak,2025-07-11,2025-07-14,2025-07-14,54.75,52.0,53.58,1.81,4800,12,9
Palo Verde Peak,2025-07-14,2025-07-15,2025-07-15,53.5,49.75,51.67,-1.91,7600,19,12
Palo Verde Peak,2025-07-15,2025-07-16,2025-07-16,56.5,52.0,53.42,1.75,6400,13,10
Palo Verde Peak,2025-07-16,2025-07-17,2025-07-17,54.25,53.0,53.75,0.33,7200,18,12
Palo Verde Peak,2025-07-17,2025-07-18,2025-07-19,45.5,43.0,44.42,-9.33,12800,16,14
Palo Verde Peak,2025-07-18,2025-07-21,2025-07-21,50.25,49.0,49.84,5.42,6800,14,10
Palo Verde Peak,2025-07-21,2025-07-22,2025-07-22,47.0,45.0,46.07,-3.77,2800,7,9
Palo Verde Peak,2025-07-22,2025-07-23,2025-07-23,42.0,40.25,40.96,-5.11,2400,6,7
Palo Verde Peak,2025-07-24,2025-07-25,2025-07-26,30.0,29.75,29.9,-7.53,4000,5,6
Palo Verde Peak,2025-07-25,2025-07-28,2025-07-28,50.0,49.0,49.5,19.6,4400,11,8
Palo Verde Peak,2025-07-28,2025-07-29,2025-07-29,53.0,51.5,52.38,2.88,3200,7,7
Palo Verde Peak,2025-07-29,2025-07-30,2025-07-30,45.0,42.25,43.59,-8.79,2400,6,8
Palo Verde Peak,2025-07-30,2025-07-31,2025-07-31,45.5,44.0,44.6,1.01,4800,12,10
Palo Verde Peak,2025-07-31,2025-08-01,2025-08-02,37.5,37.0,37.28,-7.32,8000,10,10
Palo Verde Peak,2025-08-01,2025-08-04,2025-08-04,46.0,42.0,44.3,7.02,5600,14,11
Palo Verde Peak,2025-08-04,2025-08-05,2025-08-05,52.0,48.25,50.61,6.31,7600,19,12
Palo Verde Peak,2025-08-05,2025-08-06,2025-08-06,60.5,57.0,58.84,8.23,5600,14,10
Palo Verde Peak,2025-08-07,2025-08-08,2025-08-09,54.75,50.0,52.48,-6.47,8800,11,7
Palo Verde Peak,2025-08-08,2025-08-11,2025-08-11,53.0,52.0,52.8,0.32,2000,5,4
Palo Verde Peak,2025-08-11,2025-08-12,2025-08-12,52.75,52.0,52.56,-0.24,3200,7,8
Palo Verde Peak,2025-08-12,2025-08-13,2025-08-13,46.5,45.0,45.83,-6.73,1200,3,4
Palo Verde Peak,2025-08-13,2025-08-14,2025-08-14,45.0,43.5,44.21,-1.62,2400,5,7
Palo Verde Peak,2025-08-14,2025-08-15,2025-08-16,38.0,37.0,37.6,-6.61,4000,5,5
Palo Verde Peak,2025-08-15,2025-08-18,2025-08-18,43.0,43.0,43.0,5.4,4000,9,7
Palo Verde Peak,2025-08-18,2025-08-19,2025-08-19,49.25,47.0,48.85,5.85,5200,12,11
Palo Verde Peak,2025-08-19,2025-08-20,2025-08-20,59.25,55.5,58.56,9.71,6800,17,12
Palo Verde Peak,2025-08-21,2025-08-22,2025-08-23,67.0,65.75,66.67,-3.37,9600,12,12
Palo Verde Peak,2025-08-22,2025-08-25,2025-08-25,74.0,73.0,73.29,6.62,2800,6,5
Palo Verde Peak,2025-08-25,2025-08-26,2025-08-26,60.0,55.0,57.58,-15.71,3600,9,9
Palo Verde Peak,2025-08-26,2025-08-27,2025-08-27,48.0,44.0,46.0,-11.58,1600,4,4
Palo Verde Peak,2025-08-27,2025-08-28,2025-08-29,52.0,48.0,49.15,3.15,8000,10,7
Palo Verde Peak,2025-08-28,2025-08-30,2025-08-30,40.0,39.0,39.25,-9.9,1600,4,3
Palo Verde Peak,2025-08-29,2025-09-02,2025-09-02,59.0,56.75,57.83,18.58,3600,9,10
Palo Verde Peak,2025-09-02,2025-09-03,2025-09-03,64.0,60.0,62.03,4.2,3600,9,9
Palo Verde Peak,2025-09-04,2025-09-05,2025-09-06,38.75,37.0,37.55,-19.14,4000,5,9
Palo Verde Peak,2025-09-05,2025-09-08,2025-09-08,39.0,38.0,38.33,0.78,1200,3,4
Palo Verde Peak,2025-09-08,2025-09-09,2025-09-09,41.25,38.0,39.05,0.72,2000,5,5
Palo Verde Peak,2025-09-09,2025-09-10,2025-09-10,40.0,39.0,39.33,0.28,1200,2,4
Palo Verde Peak,2025-09-10,2025-09-11,2025-09-11,33.5,32.0,32.9,-6.43,2000,5,8
Palo Verde Peak,2025-09-11,2025-09-12,2025-09-13,30.0,28.25,29.42,-3.48,2400,3,5
Palo Verde Peak,2025-09-12,2025-09-15,2025-09-15,35.0,30.0,32.92,3.5,4800,12,13
Palo Verde Peak,2025-09-15,2025-09-16,2025-09-16,48.0,45.0,46.57,13.65,2800,7,9
Palo Verde Peak,2025-09-16,2025-09-17,2025-09-17,40.0,39.0,39.25,-7.32,1600,4,5
Palo Verde Peak,2025-09-18,2025-09-19,2025-09-20,37.5,37.0,37.08,-7.59,4800,6,7
Palo Verde Peak,2025-09-19,2025-09-22,2025-09-22,36.0,34.0,34.8,-2.28,2000,5,7
Palo Verde Peak,2025-09-22,2025-09-23,2025-09-23,40.0,40.0,40.0,5.2,1200,2,4
Palo Verde Peak,2025-09-23,2025-09-24,2025-09-24,43.5,43.0,43.33,3.33,1200,2,4
Palo Verde Peak,2025-09-24,2025-09-25,2025-09-25,35.0,32.0,33.93,-9.4,2800,7,8
Palo Verde Peak,2025-09-25,2025-09-26,2025-09-27,27.5,26.5,27.0,-6.93,7200,9,8
Palo Verde Peak,2025-09-26,2025-09-29,2025-09-29,28.0,24.5,26.21,-0.79,4800,12,9
Palo Verde Peak,2025-09-29,2025-09-30,2025-09-30,22.0,20.0,21.0,-5.21,2000,5,5
Palo Verde Peak,2025-09-30,2025-10-01,2025-10-01,22.0,20.0,20.88,-0.12,3200,7,7
Palo Verde Peak,2025-10-02,2025-10-03,2025-10-04,23.0,16.0,20.13,-3.75,6400,8,9
Palo Verde Peak,2025-10-03,2025-10-06,2025-10-06,22.0,18.0,20.5,0.37,1600,4,7
Palo Verde Peak,2025-10-06,2025-10-07,2025-10-07,30.0,29.0,29.5,9.0,2400,5,7
Palo Verde Peak,2025-10-07,2025-10-08,2025-10-08,33.0,30.0,31.4,1.9,4000,8,8
Palo Verde Peak,2025-10-08,2025-10-09,2025-10-09,55.0,48.0,53.59,22.19,10400,26,15
Palo Verde Peak,2025-10-09,2025-10-10,2025-10-11,36.0,30.0,33.25,-20.34,4000,5,5
Palo Verde Peak,2025-10-10,2025-10-13,2025-10-13,25.0,24.5,24.83,-8.42,1200,3,3
Palo Verde Peak,2025-10-13,2025-10-14,2025-10-14,25.5,24.0,24.75,-0.08,2800,7,6
Palo Verde Peak,2025-10-14,2025-10-15,2025-10-15,25.0,23.0,23.5,-1.25,1600,4,3
Palo Verde Peak,2025-10-16,2025-10-17,2025-10-18,20.0,15.0,16.75,-6.5,5600,7,8
Palo Verde Peak,2025-10-17,2025-10-20,2025-10-20,16.0,15.0,15.25,-1.5,1600,4,7
Palo Verde Peak,2025-10-20,2025-10-21,2025-10-21,32.0,24.0,27.33,12.08,1200,3,3
Palo Verde Peak,2025-10-21,2025-10-22,2025-10-22,34.0,28.0,30.18,2.85,2800,7,8
Palo Verde Peak,2025-10-22,2025-10-23,2025-10-23,25.0,24.0,24.11,-6.07,3600,7,10
Palo Verde Peak,2025-10-23,2025-10-24,2025-10-25,22.0,21.0,21.66,-2.45,6400,7,8
Palo Verde Peak,2025-10-24,2025-10-27,2025-10-27,30.0,28.0,28.92,7.26,2400,6,7
Palo Verde Peak,2025-10-27,2025-10-28,2025-10-28,34.0,33.0,33.4,4.48,2000,5,6
Palo Verde Peak,2025-10-28,2025-10-29,2025-10-29,40.0,33.0,35.08,1.68,2400,6,7
Palo Verde Peak,2025-10-30,2025-11-01,2025-11-01,20.0,16.0,16.9,-17.68,2000,5,7
Palo Verde Peak,2025-10-31,2025-11-03,2025-11-03,42.5,39.0,41.78,24.88,3200,8,8
Palo Verde Peak,2025-11-03,2025-11-04,2025-11-04,40.5,35.0,39.36,-2.42,5600,14,14
Palo Verde Peak,2025-11-04,2025-11-05,2025-11-05,37.25,36.0,36.56,-2.8,4800,12,11
Palo Verde Peak,2025-11-05,2025-11-06,2025-11-06,30.0,24.0,26.95,-9.61,4000,10,8
Palo Verde Peak,2025-11-06,2025-11-07,2025-11-08,20.0,17.0,18.8,-8.15,4000,5,5
Palo Verde Peak,2025-11-07,2025-11-10,2025-11-10,31.0,29.0,29.14,10.34,5600,11,8
Palo Verde Peak,2025-11-10,2025-11-11,2025-11-12,40.0,38.0,38.25,9.11,6400,8,7
Palo Verde Peak,2025-11-14,2025-11-17,2025-11-17,38.5,37.0,37.6,0.78,6000,13,8
Palo Verde Peak,2025-11-17,2025-11-18,2025-11-18,45.0,41.0,43.67,6.07,1200,3,5
Palo Verde Peak,2025-11-18,2025-11-19,2025-11-19,41.25,40.0,40.56,-3.11,1600,4,7
Palo Verde Peak,2025-11-19,2025-11-20,2025-11-20,47.5,46.0,46.5,5.94,2400,6,8
Palo Verde Peak,2025-11-20,2025-11-21,2025-11-22,40.0,39.5,39.9,-6.6,4000,5,6
Palo Verde Peak,2025-11-21,2025-11-24,2025-11-24,30.0,27.0,28.18,-11.72,4000,9,9
Palo Verde Peak,2025-11-24,2025-11-25,2025-11-26,35.0,35.0,35.0,6.82,800,1,2
Palo Verde Peak,2025-11-25,2025-11-28,2025-11-29,32.5,32.0,32.33,-2.67,2400,3,6
Palo Verde Peak,2025-12-01,2025-12-02,2025-12-02,36.0,36.0,36.0,-5.2,2400,6,5
Palo Verde Peak,2025-12-02,2025-12-03,2025-12-03,51.0,42.0,47.76,11.76,8400,20,14
Palo Verde Peak,2025-12-03,2025-12-04,2025-12-04,42.0,40.0,40.83,-6.93,1200,3,5
Palo Verde Peak,2025-12-04,2025-12-05,2025-12-06,36.0,32.0,33.25,-7.58,4800,6,9
Palo Verde Peak,2025-12-05,2025-12-08,2025-12-08,36.0,33.25,34.48,1.23,4400,10,11
Palo Verde Peak,2025-12-08,2025-12-09,2025-12-09,38.0,35.0,36.0,1.52,3200,8,10
Palo Verde Peak,2025-12-09,2025-12-10,2025-12-10,38.0,33.0,34.44,-1.56,3600,9,7
Palo Verde Peak,2025-12-11,2025-12-12,2025-12-13,30.0,25.75,27.41,0.49,6400,8,9
Palo Verde Peak,2025-12-12,2025-12-15,2025-12-15,28.5,26.0,26.39,-1.02,3600,9,8
Palo Verde Peak,2025-12-15,2025-12-16,2025-12-16,26.0,24.0,24.7,-1.69,2000,5,5
Palo Verde Peak,2025-12-16,2025-12-17,2025-12-17,26.0,25.0,25.38,0.68,1600,4,6
Palo Verde Peak,2025-12-17,2025-12-18,2025-12-18,26.75,25.0,25.75,0.37,3600,9,8
Palo Verde Peak,2025-12-18,2025-12-19,2025-12-20,20.5,20.0,20.1,-5.65,4000,5,6
Palo Verde Peak,2025-12-19,2025-12-22,2025-12-22,26.0,25.0,25.68,5.58,2800,7,9
Palo Verde Peak,2025-12-22,2025-12-23,2025-12-24,24.0,24.0,24.0,-1.68,2400,3,6
Palo Verde Peak,2025-12-23,2025-12-26,2025-12-27,22.5,22.25,22.4,-1.6,4000,5,8
PJM WH Real Time Peak,2024-12-26,2024-12-27,2024-12-27,32.0,32.0,32.0,-2.5,800,1,2
PJM WH Real Time Peak,2024-12-27,2024-12-30,2024-12-30,30.75,30.0,30.4,-1.6,13600,17,14
PJM WH Real Time Peak,2024-12-30,2024-12-31,2024-12-31,28.0,26.0,27.09,-3.31,16800,20,18
PJM WH Real Time Peak,2024-12-31,2025-01-02,2025-01-02,39.0,38.25,38.69,11.6,6400,8,10
PJM WH Real Time Peak,2025-01-02,2025-01-03,2025-01-03,40.75,40.0,40.5,1.81,8000,10,10
PJM WH Real Time Peak,2025-01-03,2025-01-06,2025-01-06,62.5,55.0,58.59,18.09,30400,38,23
PJM WH Real Time Peak,2025-01-06,2025-01-07,2025-01-07,83.5,70.0,76.24,17.65,80000,96,45
PJM WH Real Time Peak,2025-01-07,2025-01-08,2025-01-08,85.0,74.0,82.1,5.86,48000,60,34
PJM WH Real Time Peak,2025-01-08,2025-01-09,2025-01-09,84.0,68.25,72.38,-9.72,61600,76,43
PJM WH Real Time Peak,2025-01-09,2025-01-10,2025-01-10,56.0,53.5,54.28,-18.1,34400,36,32
PJM WH Real Time Peak,2025-01-10,2025-01-13,2025-01-13,50.25,49.0,49.57,-4.71,40800,47,30
PJM WH Real Time Peak,2025-01-13,2025-01-14,2025-01-14,64.25,56.0,61.39,11.82,43200,54,27
PJM WH Real Time Peak,2025-01-14,2025-01-15,2025-01-15,65.5,63.0,64.53,3.14,38400,48,28
PJM WH Real Time Peak,2025-01-15,2025-01-16,2025-01-16,60.0,53.5,56.08,-8.45,40800,48,31
PJM WH Real Time Peak,2025-01-16,2025-01-17,2025-01-17,46.75,42.5,44.72,-11.36,55200,69,34
PJM WH Real Time Peak,2025-01-17,2025-01-20,2025-01-20,190.0,129.65,163.2,118.48,65600,82,46
PJM WH Real Time Peak,2025-01-20,2025-01-21,2025-01-21,301.5,240.0,255.95,92.75,48800,60,37
PJM WH Real Time Peak,2025-01-21,2025-01-22,2025-01-22,217.45,175.0,196.69,-59.26,48800,61,42
PJM WH Real Time Peak,2025-01-22,2025-01-23,2025-01-23,93.0,82.5,87.42,-109.27,57600,71,37
PJM WH Real Time Peak,2025-01-23,2025-01-24,2025-01-24,63.0,61.0,61.67,-25.75,20800,26,21
PJM WH Real Time Peak,2025-01-24,2025-01-27,2025-01-27,46.0,44.0,44.69,-16.98,30400,35,23
PJM WH Real Time Peak,2025-01-27,2025-01-28,2025-01-28,37.5,37.0,37.22,-7.47,6400,8,9
PJM WH Real Time Peak,2025-01-28,2025-01-29,2025-01-29,35.45,33.3,34.11,-3.11,24800,31,23
PJM WH Real Time Peak,2025-01-29,2025-01-30,2025-01-30,39.0,38.0,38.42,4.31,7200,9,10
PJM WH Real Time Peak,2025-01-30,2025-01-31,2025-01-31,34.25,33.25,33.92,-4.5,15200,19,21
PJM WH Real Time Peak,2025-01-31,2025-02-03,2025-02-03,36.75,35.5,36.0,2.08,4000,5,6
PJM WH Real Time Peak,2025-02-03,2025-02-04,2025-02-04,41.35,37.95,39.48,3.48,24000,30,25
PJM WH Real Time Peak,2025-02-04,2025-02-05,2025-02-05,50.3,42.0,47.56,8.08,45600,55,33
PJM WH Real Time Peak,2025-02-05,2025-02-06,2025-02-06,45.0,41.95,43.17,-4.39,25600,32,21
PJM WH Real Time Peak,2025-02-06,2025-02-07,2025-02-07,41.0,38.0,38.96,-4.21,40800,49,29
PJM WH Real Time Peak,2025-02-07,2025-02-10,2025-02-10,52.0,49.5,51.09,12.13,12800,16,14
PJM WH Real Time Peak,2025-02-10,2025-02-11,2025-02-11,59.25,56.15,57.8,6.71,12000,15,18
PJM WH Real Time Peak,2025-02-11,2025-02-12,2025-02-12,62.0,59.75,60.93,3.13,24000,29,26
PJM WH Real Time Peak,2025-02-12,2025-02-13,2025-02-13,46.35,45.1,45.63,-15.3,12000,15,11
PJM WH Real Time Peak,2025-02-13,2025-02-14,2025-02-14,53.0,48.75,50.33,4.7,37600,46,32
PJM WH Real Time Peak,2025-02-14,2025-02-17,2025-02-17,77.0,62.0,65.82,15.49,36000,45,28
PJM WH Real Time Peak,2025-02-17,2025-02-18,2025-02-18,75.0,68.0,70.16,4.34,30400,38,26
PJM WH Real Time Peak,2025-02-18,2025-02-19,2025-02-19,104.5,92.4,96.23,26.07,24800,31,24
PJM WH Real Time Peak,2025-02-19,2025-02-20,2025-02-20,117.0,103.0,109.91,12.47,40800,51,28
PJM WH Real Time Peak,2025-02-20,2025-02-21,2025-02-21,74.25,71.0,72.18,-36.09,17600,22,18
PJM WH Real Time Peak,2025-02-21,2025-02-24,2025-02-24,47.5,46.0,46.91,-25.27,9600,12,13
PJM WH Real Time Peak,2025-02-24,2025-02-25,2025-02-25,40.0,37.5,38.18,-8.73,21600,27,23
PJM WH Real Time Peak,2025-02-25,2025-02-26,2025-02-26,35.75,35.2,35.45,-2.73,4800,6,11
PJM WH Real Time Peak,2025-02-26,2025-02-27,2025-02-27,36.95,36.0,36.39,0.94,7200,9,11
PJM WH Real Time Peak,2025-02-27,2025-02-28,2025-02-28,37.65,36.5,37.16,0.77,16000,20,19
PJM WH Real Time Peak,2025-02-28,2025-03-03,2025-03-03,54.6,53.5,54.14,16.98,7200,9,13
PJM WH Real Time Peak,2025-03-03,2025-03-04,2025-03-04,41.3,39.55,40.27,-13.87,20000,25,21
PJM WH Real Time Peak,2025-03-04,2025-03-05,2025-03-05,45.85,43.0,44.53,4.26,19200,24,20
PJM WH Real Time Peak,2025-03-05,2025-03-06,2025-03-06,52.0,48.5,49.76,5.23,22400,28,16
PJM WH Real Time Peak,2025-03-06,2025-03-07,2025-03-07,55.8,53.0,54.36,4.6,16000,20,21
PJM WH Real Time Peak,2025-03-07,2025-03-10,2025-03-10,50.5,49.0,49.67,-4.69,7200,9,7
PJM WH Real Time Peak,2025-03-10,2025-03-11,2025-03-11,42.0,41.0,41.52,-8.15,9600,12,14
PJM WH Real Time Peak,2025-03-11,2025-03-12,2025-03-12,45.0,43.0,43.72,2.2,13600,16,18
PJM WH Real Time Peak,2025-03-12,2025-03-13,2025-03-13,50.4,45.25,48.36,4.64,14400,18,17
PJM WH Real Time Peak,2025-03-13,2025-03-14,2025-03-14,49.0,46.75,47.62,-0.74,34400,42,36
PJM WH Real Time Peak,2025-03-14,2025-03-17,2025-03-17,47.6,43.75,46.54,-1.08,16800,21,17
PJM WH Real Time Peak,2025-03-17,2025-03-18,2025-03-18,52.0,46.8,48.85,2.31,19200,21,18
PJM WH Real Time Peak,2025-03-18,2025-03-19,2025-03-19,48.25,45.0,46.76,-2.09,19200,24,22
PJM WH Real Time Peak,2025-03-19,2025-03-20,2025-03-20,53.0,47.0,50.65,3.89,11200,14,20
PJM WH Real Time Peak,2025-03-20,2025-03-21,2025-03-21,51.0,47.0,49.34,-1.31,10400,13,15
PJM WH Real Time Peak,2025-03-21,2025-03-24,2025-03-24,49.0,49.0,49.0,-0.34,1600,2,3
PJM WH Real Time Peak,2025-03-24,2025-03-25,2025-03-25,58.0,55.95,56.63,7.63,10400,12,16
PJM WH Real Time Peak,2025-03-25,2025-03-26,2025-03-26,56.5,55.0,55.7,-0.93,9600,12,15
PJM WH Real Time Peak,2025-03-26,2025-03-27,2025-03-27,50.0,49.0,49.58,-6.12,17600,22,20
PJM WH Real Time Peak,2025-03-27,2025-03-28,2025-03-28,40.0,38.8,39.13,-10.45,12800,14,13
PJM WH Real Time Peak,2025-03-28,2025-03-31,2025-03-31,50.0,48.5,49.21,10.08,13600,15,15
PJM WH Real Time Peak,2025-03-31,2025-04-01,2025-04-01,45.5,43.8,44.6,-4.61,32000,39,25
PJM WH Real Time Peak,2025-04-01,2025-04-02,2025-04-02,45.5,42.5,43.88,-0.72,6400,8,14
PJM WH Real Time Peak,2025-04-02,2025-04-03,2025-04-03,53.0,46.0,51.15,7.27,13600,17,20
PJM WH Real Time Peak,2025-04-03,2025-04-04,2025-04-04,49.0,45.0,46.23,-4.92,21600,27,21
PJM WH Real Time Peak,2025-04-04,2025-04-07,2025-04-07,57.5,55.5,56.93,10.7,8800,11,13
PJM WH Real Time Peak,2025-04-07,2025-04-08,2025-04-08,74.0,69.5,72.1,15.17,26400,33,28
PJM WH Real Time Peak,2025-04-08,2025-04-09,2025-04-09,71.0,68.5,70.16,-1.94,22400,28,26
PJM WH Real Time Peak,2025-04-09,2025-04-10,2025-04-10,51.95,51.0,51.39,-18.77,13600,17,20
PJM WH Real Time Peak,2025-04-10,2025-04-11,2025-04-11,56.45,53.0,55.21,3.82,24800,31,21
PJM WH Real Time Peak,2025-04-11,2025-04-14,2025-04-14,52.5,51.5,52.31,-2.9,14400,18,16
PJM WH Real Time Peak,2025-04-14,2025-04-15,2025-04-15,56.85,49.0,54.3,1.99,24800,31,25
PJM WH Real Time Peak,2025-04-15,2025-04-16,2025-04-16,51.75,48.15,50.69,-3.61,30400,35,28
PJM WH Real Time Peak,2025-04-17,2025-04-18,2025-04-18,33.05,32.5,32.76,-9.36,4800,6,8
PJM WH Real Time Peak,2025-04-21,2025-04-22,2025-04-22,53.75,51.0,52.14,19.38,24000,30,32
PJM WH Real Time Peak,2025-04-22,2025-04-23,2025-04-23,44.0,41.0,42.59,-9.55,12000,15,15
PJM WH Real Time Peak,2025-04-23,2025-04-24,2025-04-24,49.5,46.0,48.16,5.57,6400,8,12
PJM WH Real Time Peak,2025-04-24,2025-04-25,2025-04-25,53.4,47.75,49.25,1.09,12000,15,16
PJM WH Real Time Peak,2025-04-25,2025-04-28,2025-04-28,48.0,45.0,46.48,-2.77,20800,24,23
PJM WH Real Time Peak,2025-04-28,2025-04-29,2025-04-29,51.0,47.5,48.9,2.42,20800,26,26
PJM WH Real Time Peak,2025-04-29,2025-04-30,2025-04-30,49.5,48.5,49.08,0.18,28000,33,23
PJM WH Real Time Peak,2025-05-01,2025-05-02,2025-05-02,57.25,52.5,55.1,9.73,16800,21,21
PJM WH Real Time Peak,2025-05-02,2025-05-05,2025-05-05,48.0,45.0,46.82,-8.28,12800,16,16
PJM WH Real Time Peak,2025-05-05,2025-05-06,2025-05-06,47.25,44.5,45.58,-1.24,37600,44,30
PJM WH Real Time Peak,2025-05-06,2025-05-07,2025-05-07,44.5,43.25,43.89,-1.69,13600,17,18
PJM WH Real Time Peak,2025-05-07,2025-05-08,2025-05-08,41.25,40.0,40.41,-3.48,11200,14,15
PJM WH Real Time Peak,2025-05-08,2025-05-09,2025-05-09,34.5,31.5,32.78,-7.63,16000,20,20
PJM WH Real Time Peak,2025-05-09,2025-05-12,2025-05-12,44.25,43.0,43.42,10.64,7200,9,12
PJM WH Real Time Peak,2025-05-12,2025-05-13,2025-05-13,47.5,45.5,46.24,2.82,8800,11,13
PJM WH Real Time Peak,2025-05-13,2025-05-14,2025-05-14,48.0,46.0,47.01,0.77,15200,19,15
PJM WH Real Time Peak,2025-05-15,2025-05-16,2025-05-16,73.0,68.25,71.3,13.5,37600,46,31
PJM WH Real Time Peak,2025-05-16,2025-05-19,2025-05-19,39.75,38.5,38.94,-32.36,9600,12,10
PJM WH Real Time Peak,2025-05-19,2025-05-20,2025-05-20,35.75,33.25,34.53,-4.41,18400,21,20
PJM WH Real Time Peak,2025-05-20,2025-05-21,2025-05-21,40.0,38.5,39.22,4.69,27200,32,20
PJM WH Real Time Peak,2025-05-21,2025-05-22,2025-05-22,36.05,34.0,35.87,-3.35,21600,27,17
PJM WH Real Time Peak,2025-05-22,2025-05-23,2025-05-23,33.0,31.95,32.55,-3.32,16000,20,17
PJM WH Real Time Peak,2025-05-23,2025-05-27,2025-05-27,35.0,34.75,34.88,2.33,1600,2,3
PJM WH Real Time Peak,2025-05-26,2025-05-27,2025-05-27,31.5,29.5,30.36,-4.52,8000,10,5
PJM WH Real Time Peak,2025-05-27,2025-05-28,2025-05-28,39.5,38.95,39.23,8.87,1600,2,3
PJM WH Real Time Peak,2025-05-29,2025-05-30,2025-05-30,37.25,36.4,36.68,-3.96,6400,8,9
PJM WH Real Time Peak,2025-05-30,2025-06-02,2025-06-02,34.75,32.0,33.3,-3.38,22400,26,20
PJM WH Real Time Peak,2025-06-02,2025-06-03,2025-06-03,32.0,29.5,30.58,-2.72,35200,44,27
PJM WH Real Time Peak,2025-06-03,2025-06-04,2025-06-04,47.15,45.0,46.08,15.5,24800,31,26
PJM WH Real Time Peak,2025-06-04,2025-06-05,2025-06-05,52.25,48.0,49.81,3.73,38400,48,32
PJM WH Real Time Peak,2025-06-05,2025-06-06,2025-06-06,46.75,45.5,46.1,-3.71,13600,17,11
PJM WH Real Time Peak,2025-06-06,2025-06-09,2025-06-09,37.2,36.35,36.83,-9.27,12800,16,13
PJM WH Real Time Peak,2025-06-09,2025-06-10,2025-06-10,41.0,38.05,39.55,2.72,9600,12,14
PJM WH Real Time Peak,2025-06-10,2025-06-11,2025-06-11,47.8,45.25,46.43,6.88,49600,56,30
PJM WH Real Time Peak,2025-06-12,2025-06-13,2025-06-13,47.0,45.0,45.89,-12.87,24000,29,22
PJM WH Real Time Peak,2025-06-13,2025-06-16,2025-06-16,38.0,37.0,37.43,-8.46,25600,27,22
PJM WH Real Time Peak,2025-06-16,2025-06-17,2025-06-17,50.0,47.0,48.95,11.52,20000,24,19
PJM WH Real Time Peak,2025-06-17,2025-06-18,2025-06-18,56.0,53.75,54.94,5.99,12800,16,17
PJM WH Real Time Peak,2025-06-18,2025-06-19,2025-06-19,56.5,52.5,54.2,-0.74,26400,32,29
PJM WH Real Time Peak,2025-06-19,2025-06-20,2025-06-20,39.75,37.6,38.9,-15.3,41600,48,23
PJM WH Real Time Peak,2025-06-20,2025-06-23,2025-06-23,211.35,199.0,203.65,164.75,39200,41,28
PJM WH Real Time Peak,2025-06-23,2025-06-24,2025-06-24,231.0,199.0,216.31,12.66,43200,54,31
PJM WH Real Time Peak,2025-06-24,2025-06-25,2025-06-25,220.0,169.25,188.9,-27.41,53600,66,39
PJM WH Real Time Peak,2025-06-26,2025-06-27,2025-06-27,50.0,47.0,49.24,-27.42,32000,38,26
PJM WH Real Time Peak,2025-06-27,2025-06-30,2025-06-30,70.0,66.05,68.79,19.55,18400,23,23
PJM WH Real Time Peak,2025-06-30,2025-07-01,2025-07-01,54.0,52.0,53.57,-15.22,27200,34,25
PJM WH Real Time Peak,2025-07-01,2025-07-02,2025-07-02,51.25,47.6,49.23,-4.34,27200,31,23
PJM WH Real Time Peak,2025-07-02,2025-07-03,2025-07-03,57.9,54.75,56.56,7.33,34400,43,26
PJM WH Real Time Peak,2025-07-03,2025-07-07,2025-07-07,83.0,81.0,82.0,25.44,4000,5,8
PJM WH Real Time Peak,2025-07-07,2025-07-08,2025-07-08,85.0,74.0,78.98,-3.02,18400,23,22
PJM WH Real Time Peak,2025-07-08,2025-07-09,2025-07-09,76.25,71.0,74.46,-4.52,36000,43,28
PJM WH Real Time Peak,2025-07-10,2025-07-11,2025-07-11,67.0,64.0,65.65,7.82,32000,40,24
PJM WH Real Time Peak,2025-07-11,2025-07-14,2025-07-14,70.0,65.5,67.63,1.98,29600,37,23
PJM WH Real Time Peak,2025-07-14,2025-07-15,2025-07-15,82.5,76.0,79.14,11.51,48800,61,30
PJM WH Real Time Peak,2025-07-15,2025-07-16,2025-07-16,89.0,84.75,87.68,8.54,43200,53,30
PJM WH Real Time Peak,2025-07-16,2025-07-17,2025-07-17,118.95,108.2,113.6,25.92,48000,60,37
PJM WH Real Time Peak,2025-07-17,2025-07-18,2025-07-18,64.05,62.0,63.1,-50.5,20000,25,21
PJM WH Real Time Peak,2025-07-18,2025-07-21,2025-07-21,58.25,56.6,57.44,-5.66,28800,34,18
PJM WH Real Time Peak,2025-07-21,2025-07-22,2025-07-22,50.0,47.0,48.16,-9.28,28800,35,21
PJM WH Real Time Peak,2025-07-22,2025-07-23,2025-07-23,59.0,56.5,56.98,8.82,35200,44,24
PJM WH Real Time Peak,2025-07-24,2025-07-25,2025-07-25,136.5,130.15,132.83,41.02,17600,22,23
PJM WH Real Time Peak,2025-07-25,2025-07-28,2025-07-28,145.85,140.0,142.66,9.83,6400,8,8
PJM WH Real Time Peak,2025-07-28,2025-07-29,2025-07-29,235.0,195.0,208.09,65.43,22400,28,22
PJM WH Real Time Peak,2025-07-29,2025-07-30,2025-07-30,195.0,180.0,190.96,-17.13,64000,78,37
PJM WH Real Time Peak,2025-07-30,2025-07-31,2025-07-31,63.9,59.5,61.13,-129.83,47200,45,27
PJM WH Real Time Peak,2025-07-31,2025-08-01,2025-08-01,40.75,38.3,39.65,-21.48,33600,42,32
PJM WH Real Time Peak,2025-08-01,2025-08-04,2025-08-04,46.25,44.8,45.79,6.14,15200,19,16
PJM WH Real Time Peak,2025-08-04,2025-08-05,2025-08-05,45.0,43.25,44.04,-1.75,31200,32,21
PJM WH Real Time Peak,2025-08-05,2025-08-06,2025-08-06,45.5,44.35,44.92,0.88,20800,25,22
PJM WH Real Time Peak,2025-08-07,2025-08-08,2025-08-08,45.75,44.75,45.34,-0.69,9600,12,13
PJM WH Real Time Peak,2025-08-08,2025-08-11,2025-08-11,67.5,64.5,65.96,20.62,43200,53,31
PJM WH Real Time Peak,2025-08-11,2025-08-12,2025-08-12,75.5,69.0,71.99,6.03,53600,67,45
PJM WH Real Time Peak,2025-08-12,2025-08-13,2025-08-13,68.5,63.0,64.98,-7.01,45600,56,32
PJM WH Real Time Peak,2025-08-13,2025-08-14,2025-08-14,67.4,63.5,65.82,0.84,28000,34,29
PJM WH Real Time Peak,2025-08-14,2025-08-15,2025-08-15,67.95,63.0,66.06,0.24,22400,28,22
PJM WH Real Time Peak,2025-08-15,2025-08-18,2025-08-18,76.5,74.0,75.15,9.09,24800,30,24
PJM WH Real Time Peak,2025-08-18,2025-08-19,2025-08-19,46.0,41.5,42.89,-32.26,24000,28,20
PJM WH Real Time Peak,2025-08-19,2025-08-20,2025-08-20,46.0,43.5,44.74,1.85,23200,24,21
PJM WH Real Time Peak,2025-08-21,2025-08-22,2025-08-22,36.0,34.0,34.72,-3.81,21600,27,18
PJM WH Real Time Peak,2025-08-22,2025-08-25,2025-08-25,36.5,35.25,35.86,1.14,16000,19,19
PJM WH Real Time Peak,2025-08-25,2025-08-26,2025-08-26,28.0,27.0,27.42,-8.44,20800,26,18
PJM WH Real Time Peak,2025-08-26,2025-08-27,2025-08-27,27.5,26.5,26.94,-0.48,17600,22,17
PJM WH Real Time Peak,2025-08-27,2025-08-28,2025-08-28,29.0,26.5,27.32,0.38,23200,29,18
PJM WH Real Time Peak,2025-08-28,2025-08-29,2025-08-29,30.3,27.5,28.57,1.25,40000,50,26
PJM WH Real Time Peak,2025-08-29,2025-09-02,2025-09-02,33.75,33.0,33.25,4.68,2400,3,6
PJM WH Real Time Peak,2025-09-02,2025-09-03,2025-09-03,34.5,32.0,33.46,0.21,17600,22,18
PJM WH Real Time Peak,2025-09-04,2025-09-05,2025-09-05,41.7,40.0,40.56,7.5,26400,33,30
PJM WH Real Time Peak,2025-09-05,2025-09-08,2025-09-08,31.05,29.55,30.5,-10.06,13600,17,16
PJM WH Real Time Peak,2025-09-08,2025-09-09,2025-09-09,34.0,32.25,33.38,2.88,11200,14,13
PJM WH Real Time Peak,2025-09-09,2025-09-10,2025-09-10,38.0,36.0,36.72,3.34,32000,38,23
PJM WH Real Time Peak,2025-09-10,2025-09-11,2025-09-11,46.25,43.2,44.92,8.2,13600,17,16
PJM WH Real Time Peak,2025-09-11,2025-09-12,2025-09-12,43.65,42.0,42.7,-2.22,24000,28,23
PJM WH Real Time Peak,2025-09-12,2025-09-15,2025-09-15,60.0,57.65,58.36,15.66,15200,19,16
PJM WH Real Time Peak,2025-09-15,2025-09-16,2025-09-16,47.0,43.75,45.8,-12.56,41600,52,35
PJM WH Real Time Peak,2025-09-16,2025-09-17,2025-09-17,46.1,44.0,44.96,-0.84,24000,30,26
PJM WH Real Time Peak,2025-09-18,2025-09-19,2025-09-19,63.6,60.15,61.93,5.4,32000,38,32
PJM WH Real Time Peak,2025-09-19,2025-09-22,2025-09-22,53.75,51.0,52.08,-9.85,19200,24,22
PJM WH Real Time Peak,2025-09-22,2025-09-23,2025-09-23,78.2,71.45,74.56,22.48,27200,32,35
PJM WH Real Time Peak,2025-09-23,2025-09-24,2025-09-24,68.0,62.0,63.17,-11.39,37600,46,28
PJM WH Real Time Peak,2025-09-24,2025-09-25,2025-09-25,69.0,67.0,68.23,5.06,28800,35,25
PJM WH Real Time Peak,2025-09-25,2025-09-26,2025-09-26,73.9,68.0,70.5,2.27,37600,46,32
PJM WH Real Time Peak,2025-09-26,2025-09-29,2025-09-29,84.25,83.0,83.3,12.8,16000,20,18
PJM WH Real Time Peak,2025-09-29,2025-09-30,2025-09-30,73.0,66.55,68.05,-15.25,27200,33,31
PJM WH Real Time Peak,2025-09-30,2025-10-01,2025-10-01,51.05,47.0,48.84,-19.21,65600,78,36
PJM WH Real Time Peak,2025-10-02,2025-10-03,2025-10-03,56.75,53.5,55.05,10.75,26400,33,28
PJM WH Real Time Peak,2025-10-03,2025-10-06,2025-10-06,98.5,95.0,96.88,41.83,12800,16,18
PJM WH Real Time Peak,2025-10-06,2025-10-07,2025-10-07,82.0,77.75,78.79,-18.09,32800,41,31
PJM WH Real Time Peak,2025-10-07,2025-10-08,2025-10-08,55.0,54.0,54.57,-24.22,23200,29,21
PJM WH Real Time Peak,2025-10-08,2025-10-09,2025-10-09,53.65,49.25,51.9,-2.67,46400,57,23
PJM WH Real Time Peak,2025-10-09,2025-10-10,2025-10-10,46.5,44.25,45.48,-6.42,18400,23,19
PJM WH Real Time Peak,2025-10-10,2025-10-13,2025-10-13,59.3,56.05,57.65,12.17,18400,22,22
PJM WH Real Time Peak,2025-10-13,2025-10-14,2025-10-14,62.0,59.5,61.28,3.63,16000,20,15
PJM WH Real Time Peak,2025-10-14,2025-10-15,2025-10-15,53.5,51.5,52.56,-8.72,19200,24,16
PJM WH Real Time Peak,2025-10-16,2025-10-17,2025-10-17,44.1,42.75,43.56,-1.52,8800,11,11
PJM WH Real Time Peak,2025-10-17,2025-10-20,2025-10-20,50.0,49.0,49.63,6.07,4800,6,6
PJM WH Real Time Peak,2025-10-20,2025-10-21,2025-10-21,53.0,50.25,51.58,1.95,22400,28,20
PJM WH Real Time Peak,2025-10-21,2025-10-22,2025-10-22,53.0,52.3,52.83,1.25,12800,15,15
PJM WH Real Time Peak,2025-10-22,2025-10-23,2025-10-23,60.0,58.0,58.78,5.95,16000,20,13
PJM WH Real Time Peak,2025-10-23,2025-10-24,2025-10-24,67.0,64.75,66.0,7.22,28000,35,21
PJM WH Real Time Peak,2025-10-24,2025-10-27,2025-10-27,64.1,61.35,62.43,-3.57,8800,11,13
PJM WH Real Time Peak,2025-10-27,2025-10-28,2025-10-28,67.75,62.15,64.83,2.4,27200,33,23
PJM WH Real Time Peak,2025-10-28,2025-10-29,2025-10-29,61.0,59.95,60.75,-4.08,19200,24,22
PJM WH Real Time Peak,2025-10-30,2025-10-31,2025-10-31,57.2,54.5,56.07,-8.09,38400,46,28
PJM WH Real Time Peak,2025-10-31,2025-11-03,2025-11-03,62.5,58.5,59.86,3.79,25600,31,21
PJM WH Real Time Peak,2025-11-03,2025-11-04,2025-11-04,55.25,53.5,54.53,-5.33,15200,19,13
PJM WH Real Time Peak,2025-11-04,2025-11-05,2025-11-05,47.5,45.0,46.37,-8.16,25600,31,23
PJM WH Real Time Peak,2025-11-05,2025-11-06,2025-11-06,53.5,52.45,52.88,6.51,12000,15,15
PJM WH Real Time Peak,2025-11-06,2025-11-07,2025-11-07,52.15,49.75,50.77,-2.11,18400,19,24
PJM WH Real Time Peak,2025-11-07,2025-11-10,2025-11-10,80.0,77.15,78.18,27.41,27200,34,27
PJM WH Real Time Peak,2025-11-10,2025-11-11,2025-11-11,93.0,89.0,91.08,12.9,32000,39,29
PJM WH Real Time Peak,2025-11-11,2025-11-12,2025-11-12,60.9,57.0,58.14,-32.94,36800,45,29
PJM WH Real Time Peak,2025-11-14,2025-11-17,2025-11-17,59.9,58.0,59.17,3.45,17600,22,19
PJM WH Real Time Peak,2025-11-17,2025-11-18,2025-11-18,75.0,67.65,68.92,9.75,19200,24,19
PJM WH Real Time Peak,2025-11-18,2025-11-19,2025-11-19,75.0,64.0,72.08,3.16,56000,66,36
PJM WH Real Time Peak,2025-11-19,2025-11-20,2025-11-20,80.0,65.0,71.44,-0.64,35200,40,26
PJM WH Real Time Peak,2025-11-20,2025-11-21,2025-11-21,66.55,59.0,63.71,-7.73,40800,51,28
PJM WH Real Time Peak,2025-11-21,2025-11-24,2025-11-24,53.0,50.0,51.54,-12.17,26400,32,20
PJM WH Real Time Peak,2025-11-24,2025-11-25,2025-11-25,49.0,46.0,46.83,-4.71,31200,39,18
PJM WH Real Time Peak,2025-11-25,2025-11-26,2025-11-26,42.0,37.0,38.71,-8.12,23200,28,19
PJM WH Real Time Peak,2025-11-28,2025-12-01,2025-12-01,73.0,71.0,72.25,20.11,4000,5,5
PJM WH Real Time Peak,2025-12-01,2025-12-02,2025-12-02,83.0,77.0,80.39,8.14,41600,51,35
PJM WH Real Time Peak,2025-12-02,2025-12-03,2025-12-03,78.25,71.25,74.76,-5.63,68000,80,42
PJM WH Real Time Peak,2025-12-03,2025-12-04,2025-12-04,79.5,72.8,75.32,0.56,31200,39,26
PJM WH Real Time Peak,2025-12-04,2025-12-05,2025-12-05,95.25,89.0,92.31,16.99,49600,62,37
PJM WH Real Time Peak,2025-12-05,2025-12-08,2025-12-08,110.0,100.0,104.95,12.64,28000,35,26
PJM WH Real Time Peak,2025-12-08,2025-12-09,2025-12-09,140.0,120.0,125.49,20.54,37600,47,24
PJM WH Real Time Peak,2025-12-09,2025-12-10,2025-12-10,85.95,72.5,80.99,-44.5,38400,47,31
PJM WH Real Time Peak,2025-12-11,2025-12-12,2025-12-12,90.45,83.0,88.32,-5.87,23200,29,22
PJM WH Real Time Peak,2025-12-12,2025-12-15,2025-12-15,175.0,167.0,170.08,81.76,16000,18,17
PJM WH Real Time Peak,2025-12-15,2025-12-16,2025-12-16,108.0,95.0,99.81,-70.27,62400,75,30
PJM WH Real Time Peak,2025-12-16,2025-12-17,2025-12-17,69.75,59.0,62.47,-37.34,24800,30,22
PJM WH Real Time Peak,2025-12-17,2025-12-18,2025-12-18,55.95,53.5,54.97,-7.5,12000,15,16
PJM WH Real Time Peak,2025-12-18,2025-12-19,2025-12-19,53.0,50.6,51.82,-3.15,35200,43,25
PJM WH Real Time Peak,2025-12-19,2025-12-22,2025-12-22,64.5,61.0,63.52,11.7,34400,42,23
PJM WH Real Time Peak,2025-12-22,2025-12-23,2025-12-23,50.5,44.55,46.98,-16.54,28000,35,31
PJM WH Real Time Peak,2025-12-23,2025-12-24,2025-12-24,34.95,34.0,34.42,-12.56,8000,10,7
SP15 EZ Gen DA LMP Peak,2024-12-26,2024-12-27,2024-12-28,35.0,34.5,34.95,-1.1,8000,10,7
SP15 EZ Gen DA LMP Peak,2024-12-27,2024-12-30,2024-12-30,31.5,30.0,30.73,-4.22,5200,13,8
SP15 EZ Gen DA LMP Peak,2024-12-31,2025-01-02,2025-01-02,41.0,39.0,39.63,8.9,3200,8,7
SP15 EZ Gen DA LMP Peak,2025-01-02,2025-01-03,2025-01-04,37.75,37.75,37.75,-1.88,800,1,2
SP15 EZ Gen DA LMP Peak,2025-01-03,2025-01-06,2025-01-06,40.0,40.0,40.0,2.25,5200,11,6
SP15 EZ Gen DA LMP Peak,2025-01-06,2025-01-07,2025-01-07,39.25,38.0,38.53,-1.47,7600,19,16
SP15 EZ Gen DA LMP Peak,2025-01-07,2025-01-08,2025-01-08,35.0,33.25,33.83,-4.7,16000,36,16
SP15 EZ Gen DA LMP Peak,2025-01-08,2025-01-09,2025-01-09,34.5,34.0,34.18,0.35,20400,46,20
SP15 EZ Gen DA LMP Peak,2025-01-09,2025-01-10,2025-01-10,30.0,27.75,28.41,-5.77,24800,29,20
SP15 EZ Gen DA LMP Peak,2025-01-10,2025-01-13,2025-01-13,40.0,38.5,39.13,10.72,12800,28,17
SP15 EZ Gen DA LMP Peak,2025-01-13,2025-01-14,2025-01-14,40.0,38.0,39.81,0.68,18000,38,15
SP15 EZ Gen DA LMP Peak,2025-01-14,2025-01-15,2025-01-15,40.5,39.5,40.1,0.29,21200,35,13
SP15 EZ Gen DA LMP Peak,2025-01-15,2025-01-16,2025-01-17,34.75,33.5,34.19,-5.91,7200,9,9
SP15 EZ Gen DA LMP Peak,2025-01-16,2025-01-18,2025-01-18,63.0,59.0,61.7,27.51,25600,53,21
SP15 EZ Gen DA LMP Peak,2025-01-17,2025-01-20,2025-01-21,80.0,55.0,59.93,-1.77,43200,54,21
SP15 EZ Gen DA LMP Peak,2025-01-21,2025-01-22,2025-01-22,37.5,37.0,37.4,-22.53,8000,14,16
SP15 EZ Gen DA LMP Peak,2025-01-22,2025-01-23,2025-01-23,37.0,36.5,36.94,-0.46,8800,21,14
SP15 EZ Gen DA LMP Peak,2025-01-23,2025-01-24,2025-01-24,39.25,38.5,38.94,2.0,40000,42,20
SP15 EZ Gen DA LMP Peak,2025-01-24,2025-01-27,2025-01-27,45.5,45.0,45.13,6.19,14800,26,13
SP15 EZ Gen DA LMP Peak,2025-01-27,2025-01-28,2025-01-28,44.0,42.5,43.46,-1.67,9600,21,12
SP15 EZ Gen DA LMP Peak,2025-01-28,2025-01-29,2025-01-29,40.0,38.5,39.27,-4.19,12400,29,21
SP15 EZ Gen DA LMP Peak,2025-01-29,2025-01-30,2025-01-31,36.5,35.0,35.93,-3.34,32800,38,20
SP15 EZ Gen DA LMP Peak,2025-01-30,2025-02-01,2025-02-01,25.0,24.95,24.99,-10.94,5200,13,10
SP15 EZ Gen DA LMP Peak,2025-01-31,2025-02-03,2025-02-03,40.0,38.0,39.1,14.11,17200,26,14
SP15 EZ Gen DA LMP Peak,2025-02-03,2025-02-04,2025-02-04,30.75,29.5,30.0,-9.1,3600,8,9
SP15 EZ Gen DA LMP Peak,2025-02-04,2025-02-05,2025-02-05,31.0,28.0,29.41,-0.59,10800,22,10
SP15 EZ Gen DA LMP Peak,2025-02-05,2025-02-06,2025-02-06,29.0,27.5,28.02,-1.39,29600,51,17
SP15 EZ Gen DA LMP Peak,2025-02-06,2025-02-07,2025-02-08,18.5,17.0,17.58,-10.44,16000,18,15
SP15 EZ Gen DA LMP Peak,2025-02-07,2025-02-10,2025-02-10,22.05,19.0,20.89,3.31,8400,15,12
SP15 EZ Gen DA LMP Peak,2025-02-10,2025-02-11,2025-02-11,20.0,18.25,18.83,-2.06,12000,30,14
SP15 EZ Gen DA LMP Peak,2025-02-11,2025-02-12,2025-02-12,49.0,42.0,47.12,28.29,34400,71,23
SP15 EZ Gen DA LMP Peak,2025-02-12,2025-02-13,2025-02-14,42.0,38.0,39.85,-7.27,104800,115,20
SP15 EZ Gen DA LMP Peak,2025-02-13,2025-02-15,2025-02-15,20.0,18.5,18.94,-20.91,13200,31,9
SP15 EZ Gen DA LMP Peak,2025-02-14,2025-02-17,2025-02-18,23.0,22.0,22.58,3.64,15200,18,11
SP15 EZ Gen DA LMP Peak,2025-02-18,2025-02-19,2025-02-19,29.0,26.5,27.94,5.36,12800,31,14
SP15 EZ Gen DA LMP Peak,2025-02-19,2025-02-20,2025-02-20,30.25,29.0,29.83,1.89,20400,42,15
SP15 EZ Gen DA LMP Peak,2025-02-20,2025-02-21,2025-02-22,23.0,21.0,21.95,-7.88,18400,17,12
SP15 EZ Gen DA LMP Peak,2025-02-21,2025-02-24,2025-02-24,19.5,18.0,19.02,-2.93,12400,26,11
SP15 EZ Gen DA LMP Peak,2025-02-24,2025-02-25,2025-02-25,10.0,9.0,9.27,-9.75,5600,11,6
SP15 EZ Gen DA LMP Peak,2025-02-25,2025-02-26,2025-02-26,20.0,18.0,18.6,9.33,6800,11,10
SP15 EZ Gen DA LMP Peak,2025-02-26,2025-02-27,2025-02-28,20.0,19.0,19.29,0.69,13600,17,13
SP15 EZ Gen DA LMP Peak,2025-02-27,2025-03-01,2025-03-01,3.0,0.0,2.88,-16.41,16800,30,16
SP15 EZ Gen DA LMP Peak,2025-02-28,2025-03-03,2025-03-03,14.0,11.0,11.88,9.0,29200,44,17
SP15 EZ Gen DA LMP Peak,2025-03-03,2025-03-04,2025-03-04,21.5,20.0,20.64,8.76,20000,34,19
SP15 EZ Gen DA LMP Peak,2025-03-04,2025-03-05,2025-03-05,45.0,40.0,42.92,22.28,33200,65,22
SP15 EZ Gen DA LMP Peak,2025-03-05,2025-03-06,2025-03-06,36.0,34.0,34.75,-8.17,9200,21,13
SP15 EZ Gen DA LMP Peak,2025-03-06,2025-03-07,2025-03-08,17.25,16.75,16.99,-17.76,21600,24,15
SP15 EZ Gen DA LMP Peak,2025-03-07,2025-03-10,2025-03-10,32.0,27.0,27.96,10.97,8400,14,14
SP15 EZ Gen DA LMP Peak,2025-03-10,2025-03-11,2025-03-11,46.0,38.0,43.25,15.29,10400,26,12
SP15 EZ Gen DA LMP Peak,2025-03-11,2025-03-12,2025-03-12,47.0,40.0,42.46,-0.79,10000,22,11
SP15 EZ Gen DA LMP Peak,2025-03-12,2025-03-13,2025-03-13,35.0,30.0,33.48,-8.98,8800,18,10
SP15 EZ Gen DA LMP Peak,2025-03-13,2025-03-14,2025-03-15,25.0,25.0,25.0,-8.48,3200,4,4
SP15 EZ Gen DA LMP Peak,2025-03-14,2025-03-17,2025-03-17,25.5,23.0,24.53,-0.47,4800,12,9
SP15 EZ Gen DA LMP Peak,2025-03-17,2025-03-18,2025-03-18,5.0,4.0,4.83,-19.7,5200,13,10
SP15 EZ Gen DA LMP Peak,2025-03-18,2025-03-19,2025-03-19,12.0,10.0,11.01,6.18,14400,33,13
SP15 EZ Gen DA LMP Peak,2025-03-19,2025-03-20,2025-03-20,2.0,0.25,1.42,-9.59,15200,36,20
SP15 EZ Gen DA LMP Peak,2025-03-20,2025-03-21,2025-03-22,3.0,2.0,2.6,1.18,4000,5,6
SP15 EZ Gen DA LMP Peak,2025-03-21,2025-03-24,2025-03-24,18.0,16.5,17.18,14.58,19600,44,16
SP15 EZ Gen DA LMP Peak,2025-03-24,2025-03-25,2025-03-25,19.0,18.0,18.25,1.07,9600,19,14
SP15 EZ Gen DA LMP Peak,2025-03-25,2025-03-26,2025-03-26,6.25,6.0,6.01,-12.24,12800,19,7
SP15 EZ Gen DA LMP Peak,2025-03-26,2025-03-27,2025-03-27,6.0,4.0,4.52,-1.49,13200,26,15
SP15 EZ Gen DA LMP Peak,2025-03-27,2025-03-28,2025-03-29,-4.5,-5.5,-5.23,-9.75,8800,11,10
SP15 EZ Gen DA LMP Peak,2025-03-28,2025-03-31,2025-03-31,6.0,5.0,5.56,10.79,4800,9,8
SP15 EZ Gen DA LMP Peak,2025-03-31,2025-04-01,2025-04-01,9.0,7.5,8.39,2.83,16800,35,12
SP15 EZ Gen DA LMP Peak,2025-04-01,2025-04-02,2025-04-02,4.0,3.0,3.57,-4.82,11600,21,13
SP15 EZ Gen DA LMP Peak,2025-04-02,2025-04-03,2025-04-03,17.25,16.0,16.87,13.3,16400,41,19
SP15 EZ Gen DA LMP Peak,2025-04-03,2025-04-04,2025-04-05,4.75,3.5,3.88,-12.99,16800,21,10
SP15 EZ Gen DA LMP Peak,2025-04-04,2025-04-07,2025-04-07,10.0,10.0,10.0,6.12,2800,7,7
SP15 EZ Gen DA LMP Peak,2025-04-07,2025-04-08,2025-04-08,7.0,6.25,6.5,-3.5,1200,3,3
SP15 EZ Gen DA LMP Peak,2025-04-08,2025-04-09,2025-04-09,13.5,12.0,12.77,6.27,8800,21,16
SP15 EZ Gen DA LMP Peak,2025-04-09,2025-04-10,2025-04-10,14.0,13.5,13.84,1.07,12000,23,12
SP15 EZ Gen DA LMP Peak,2025-04-10,2025-04-11,2025-04-12,6.75,6.0,6.12,-7.72,48800,59,23
SP15 EZ Gen DA LMP Peak,2025-04-11,2025-04-14,2025-04-14,11.0,9.75,10.43,4.31,24400,57,21
SP15 EZ Gen DA LMP Peak,2025-04-14,2025-04-15,2025-04-15,19.0,18.5,18.7,8.27,13200,30,13
SP15 EZ Gen DA LMP Peak,2025-04-15,2025-04-16,2025-04-17,14.5,13.5,14.01,-4.69,16000,16,13
SP15 EZ Gen DA LMP Peak,2025-04-17,2025-04-21,2025-04-21,8.0,6.0,6.97,-0.16,3600,9,9
SP15 EZ Gen DA LMP Peak,2025-04-21,2025-04-22,2025-04-22,12.0,11.0,11.35,4.38,15600,35,16
SP15 EZ Gen DA LMP Peak,2025-04-22,2025-04-23,2025-04-23,6.75,5.5,6.16,-5.19,39200,90,26
SP15 EZ Gen DA LMP Peak,2025-04-23,2025-04-24,2025-04-24,14.5,13.0,13.95,7.79,20800,44,24
SP15 EZ Gen DA LMP Peak,2025-04-24,2025-04-25,2025-04-26,11.0,8.0,9.02,-4.93,28000,33,17
SP15 EZ Gen DA LMP Peak,2025-04-25,2025-04-28,2025-04-28,10.5,9.0,9.82,0.8,8400,18,11
SP15 EZ Gen DA LMP Peak,2025-04-29,2025-04-30,2025-04-30,15.5,14.0,14.3,4.48,14800,31,11
SP15 EZ Gen DA LMP Peak,2025-05-01,2025-05-02,2025-05-03,11.5,10.0,10.72,-7.81,7200,9,11
SP15 EZ Gen DA LMP Peak,2025-05-02,2025-05-05,2025-05-05,28.25,26.0,27.9,17.18,21200,51,19
SP15 EZ Gen DA LMP Peak,2025-05-05,2025-05-06,2025-05-06,19.0,18.0,18.46,-9.44,5200,10,12
SP15 EZ Gen DA LMP Peak,2025-05-06,2025-05-07,2025-05-07,23.0,20.0,22.42,3.96,19200,46,20
SP15 EZ Gen DA LMP Peak,2025-05-07,2025-05-08,2025-05-08,29.5,27.0,28.33,5.91,18000,41,21
SP15 EZ Gen DA LMP Peak,2025-05-08,2025-05-09,2025-05-10,36.0,31.0,34.09,5.76,44800,50,19
SP15 EZ Gen DA LMP Peak,2025-05-09,2025-05-12,2025-05-12,26.0,20.0,20.42,-13.67,19200,42,17
SP15 EZ Gen DA LMP Peak,2025-05-12,2025-05-13,2025-05-13,13.0,12.0,12.45,-7.97,6000,13,14
SP15 EZ Gen DA LMP Peak,2025-05-13,2025-05-14,2025-05-14,10.0,5.5,6.37,-6.08,17200,29,17
SP15 EZ Gen DA LMP Peak,2025-05-15,2025-05-16,2025-05-17,3.0,2.5,2.53,-8.73,15200,19,9
SP15 EZ Gen DA LMP Peak,2025-05-16,2025-05-19,2025-05-19,10.0,8.0,9.23,6.7,8400,14,11
SP15 EZ Gen DA LMP Peak,2025-05-19,2025-05-20,2025-05-20,13.0,11.75,12.33,3.1,31200,72,25
SP15 EZ Gen DA LMP Peak,2025-05-20,2025-05-21,2025-05-21,19.5,16.0,18.2,5.87,22000,48,22
SP15 EZ Gen DA LMP Peak,2025-05-21,2025-05-22,2025-05-23,10.0,9.0,9.45,-8.75,15200,14,12
SP15 EZ Gen DA LMP Peak,2025-05-22,2025-05-24,2025-05-24,3.25,2.0,2.58,-6.87,17200,39,21
SP15 EZ Gen DA LMP Peak,2025-05-23,2025-05-27,2025-05-27,13.0,12.75,12.91,10.33,6000,12,10
SP15 EZ Gen DA LMP Peak,2025-05-27,2025-05-28,2025-05-28,20.75,18.0,19.35,6.44,14800,36,21
SP15 EZ Gen DA LMP Peak,2025-05-29,2025-05-30,2025-05-31,37.0,35.0,36.64,12.98,29600,36,23
SP15 EZ Gen DA LMP Peak,2025-05-30,2025-06-02,2025-06-02,24.0,20.0,20.27,-16.37,21600,48,22
SP15 EZ Gen DA LMP Peak,2025-06-02,2025-06-03,2025-06-03,23.75,22.5,23.36,3.09,17200,39,20
SP15 EZ Gen DA LMP Peak,2025-06-03,2025-06-04,2025-06-04,23.0,22.5,22.76,-0.6,28800,48,22
SP15 EZ Gen DA LMP Peak,2025-06-04,2025-06-05,2025-06-05,24.25,24.0,24.03,1.27,7200,17,13
SP15 EZ Gen DA LMP Peak,2025-06-05,2025-06-06,2025-06-07,24.0,22.0,22.82,-1.21,33600,38,16
SP15 EZ Gen DA LMP Peak,2025-06-06,2025-06-09,2025-06-09,32.25,28.0,31.29,8.47,31200,76,31
SP15 EZ Gen DA LMP Peak,2025-06-09,2025-06-10,2025-06-10,33.0,31.5,32.21,0.92,15600,34,24
SP15 EZ Gen DA LMP Peak,2025-06-10,2025-06-11,2025-06-11,24.0,23.0,23.54,-8.67,15600,35,22
SP15 EZ Gen DA LMP Peak,2025-06-12,2025-06-13,2025-06-14,16.5,14.75,15.42,-4.97,42400,48,20
SP15 EZ Gen DA LMP Peak,2025-06-13,2025-06-16,2025-06-16,27.0,24.75,25.51,10.09,15200,34,23
SP15 EZ Gen DA LMP Peak,2025-06-16,2025-06-17,2025-06-17,25.5,25.25,25.3,-0.21,12400,23,12
SP15 EZ Gen DA LMP Peak,2025-06-17,2025-06-18,2025-06-18,31.5,29.5,30.34,5.04,20000,33,22
SP15 EZ Gen DA LMP Peak,2025-06-18,2025-06-19,2025-06-20,20.5,19.75,20.13,-10.21,67200,72,22
SP15 EZ Gen DA LMP Peak,2025-06-20,2025-06-21,2025-06-23,10.0,9.5,9.57,-10.56,31200,37,11
SP15 EZ Gen DA LMP Peak,2025-06-23,2025-06-24,2025-06-24,18.75,18.0,18.25,8.68,2800,7,7
SP15 EZ Gen DA LMP Peak,2025-06-24,2025-06-25,2025-06-25,23.75,22.75,23.26,5.01,7200,12,10
SP15 EZ Gen DA LMP Peak,2025-06-26,2025-06-27,2025-06-28,28.25,28.0,28.05,-0.02,15200,15,10
SP15 EZ Gen DA LMP Peak,2025-06-27,2025-06-30,2025-06-30,35.75,34.0,35.18,7.13,19200,47,27
SP15 EZ Gen DA LMP Peak,2025-06-30,2025-07-01,2025-07-01,41.5,38.0,40.26,5.08,21600,49,27
SP15 EZ Gen DA LMP Peak,2025-07-01,2025-07-02,2025-07-03,32.0,27.0,29.16,-11.1,20800,26,18
SP15 EZ Gen DA LMP Peak,2025-07-02,2025-07-05,2025-07-05,19.75,18.5,19.29,-9.87,11200,22,13
SP15 EZ Gen DA LMP Peak,2025-07-03,2025-07-07,2025-07-07,46.0,42.0,42.81,23.52,21200,53,19
SP15 EZ Gen DA LMP Peak,2025-07-07,2025-07-08,2025-07-08,50.5,49.5,49.99,7.18,23200,57,21
SP15 EZ Gen DA LMP Peak,2025-07-08,2025-07-09,2025-07-09,51.0,47.0,48.67,-1.32,32400,66,26
SP15 EZ Gen DA LMP Peak,2025-07-10,2025-07-11,2025-07-12,37.25,36.25,36.95,-11.84,16800,21,16
SP15 EZ Gen DA LMP Peak,2025-07-11,2025-07-14,2025-07-14,39.0,37.9,38.49,1.54,7200,14,10
SP15 EZ Gen DA LMP Peak,2025-07-14,2025-07-15,2025-07-15,36.75,36.0,36.45,-2.04,9200,21,16
SP15 EZ Gen DA LMP Peak,2025-07-15,2025-07-16,2025-07-16,40.0,37.75,38.8,2.35,14400,31,26
SP15 EZ Gen DA LMP Peak,2025-07-16,2025-07-17,2025-07-17,40.25,39.0,39.31,0.51,23200,50,22
SP15 EZ Gen DA LMP Peak,2025-07-17,2025-07-18,2025-07-19,30.0,28.75,29.48,-9.83,20000,24,13
SP15 EZ Gen DA LMP Peak,2025-07-18,2025-07-21,2025-07-21,35.0,33.5,34.07,4.59,12400,25,15
SP15 EZ Gen DA LMP Peak,2025-07-21,2025-07-22,2025-07-22,31.5,29.25,30.29,-3.78,10800,22,15
SP15 EZ Gen DA LMP Peak,2025-07-22,2025-07-23,2025-07-23,30.0,29.25,29.73,-0.56,8000,18,11
SP15 EZ Gen DA LMP Peak,2025-07-24,2025-07-25,2025-07-26,20.0,18.75,19.07,-7.06,15200,17,15
SP15 EZ Gen DA LMP Peak,2025-07-25,2025-07-28,2025-07-28,33.5,32.75,32.96,13.89,9200,21,14
SP15 EZ Gen DA LMP Peak,2025-07-28,2025-07-29,2025-07-29,37.0,36.0,36.25,3.29,18800,44,19
SP15 EZ Gen DA LMP Peak,2025-07-29,2025-07-30,2025-07-30,30.0,29.5,29.73,-6.52,10800,23,15
SP15 EZ Gen DA LMP Peak,2025-07-30,2025-07-31,2025-07-31,32.0,30.5,31.4,1.67,10800,25,12
SP15 EZ Gen DA LMP Peak,2025-07-31,2025-08-01,2025-08-02,22.75,21.5,21.79,-9.61,13600,14,9
SP15 EZ Gen DA LMP Peak,2025-08-01,2025-08-04,2025-08-04,32.0,28.0,28.96,7.17,12400,30,17
SP15 EZ Gen DA LMP Peak,2025-08-04,2025-08-05,2025-08-05,36.0,34.0,35.29,6.33,21600,46,26
SP15 EZ Gen DA LMP Peak,2025-08-05,2025-08-06,2025-08-06,43.0,41.5,42.48,7.19,17200,41,25
SP15 EZ Gen DA LMP Peak,2025-08-07,2025-08-08,2025-08-09,40.0,39.0,39.38,-4.72,30400,33,18
SP15 EZ Gen DA LMP Peak,2025-08-08,2025-08-11,2025-08-11,40.0,38.0,38.9,-0.48,12400,29,13
SP15 EZ Gen DA LMP Peak,2025-08-11,2025-08-12,2025-08-12,36.5,35.0,35.54,-3.36,20000,45,18
SP15 EZ Gen DA LMP Peak,2025-08-12,2025-08-13,2025-08-13,32.5,31.0,32.01,-3.53,29200,56,23
SP15 EZ Gen DA LMP Peak,2025-08-13,2025-08-14,2025-08-14,32.5,31.0,31.76,-0.25,16400,26,23
SP15 EZ Gen DA LMP Peak,2025-08-14,2025-08-15,2025-08-16,26.0,25.0,25.18,-6.58,40800,45,23
SP15 EZ Gen DA LMP Peak,2025-08-15,2025-08-18,2025-08-18,32.0,30.0,31.33,6.15,9200,18,17
SP15 EZ Gen DA LMP Peak,2025-08-18,2025-08-19,2025-08-19,35.0,34.0,34.35,3.02,26000,52,25
SP15 EZ Gen DA LMP Peak,2025-08-19,2025-08-20,2025-08-20,44.5,43.0,44.01,9.66,25600,57,24
SP15 EZ Gen DA LMP Peak,2025-08-21,2025-08-22,2025-08-23,54.75,53.0,53.74,-3.09,26400,30,18
SP15 EZ Gen DA LMP Peak,2025-08-22,2025-08-25,2025-08-25,58.0,51.0,55.13,1.39,47600,102,34
SP15 EZ Gen DA LMP Peak,2025-08-25,2025-08-26,2025-08-26,50.5,47.5,48.13,-7.0,24000,51,19
SP15 EZ Gen DA LMP Peak,2025-08-26,2025-08-27,2025-08-27,42.5,39.5,40.25,-7.88,10400,23,16
SP15 EZ Gen DA LMP Peak,2025-08-27,2025-08-28,2025-08-29,43.0,39.5,41.25,1.0,110400,111,25
SP15 EZ Gen DA LMP Peak,2025-08-28,2025-08-30,2025-08-30,37.0,34.0,34.89,-6.36,17200,36,20
SP15 EZ Gen DA LMP Peak,2025-08-29,2025-09-02,2025-09-02,58.5,54.0,55.09,20.2,36400,78,25
SP15 EZ Gen DA LMP Peak,2025-09-02,2025-09-03,2025-09-03,56.0,50.0,52.13,-2.96,31200,67,27
SP15 EZ Gen DA LMP Peak,2025-09-04,2025-09-05,2025-09-06,36.0,34.0,34.75,-16.2,64800,57,29
SP15 EZ Gen DA LMP Peak,2025-09-05,2025-09-08,2025-09-08,31.0,29.5,30.27,-4.48,12400,27,17
SP15 EZ Gen DA LMP Peak,2025-09-08,2025-09-09,2025-09-09,30.0,29.5,29.98,-0.29,50800,105,24
SP15 EZ Gen DA LMP Peak,2025-09-09,2025-09-10,2025-09-10,27.0,26.0,26.55,-3.43,33600,46,20
SP15 EZ Gen DA LMP Peak,2025-09-10,2025-09-11,2025-09-11,25.5,23.75,24.11,-2.44,15600,26,13
SP15 EZ Gen DA LMP Peak,2025-09-11,2025-09-12,2025-09-13,23.25,23.0,23.02,-1.09,8800,9,7
SP15 EZ Gen DA LMP Peak,2025-09-12,2025-09-15,2025-09-15,36.0,35.0,35.09,12.07,30000,33,16
SP15 EZ Gen DA LMP Peak,2025-09-15,2025-09-16,2025-09-16,48.5,44.0,47.02,11.93,20800,45,20
SP15 EZ Gen DA LMP Peak,2025-09-16,2025-09-17,2025-09-17,46.0,45.0,45.07,-1.95,32000,57,21
SP15 EZ Gen DA LMP Peak,2025-09-18,2025-09-19,2025-09-20,38.0,36.0,36.84,-11.17,72000,63,19
SP15 EZ Gen DA LMP Peak,2025-09-19,2025-09-22,2025-09-22,41.0,39.0,39.66,2.82,31200,61,24
SP15 EZ Gen DA LMP Peak,2025-09-22,2025-09-23,2025-09-23,43.0,41.25,41.84,2.18,21200,47,20
SP15 EZ Gen DA LMP Peak,2025-09-23,2025-09-24,2025-09-24,42.0,40.0,40.7,-1.14,24400,47,23
SP15 EZ Gen DA LMP Peak,2025-09-24,2025-09-25,2025-09-25,32.0,31.0,31.4,-9.3,31600,57,25
SP15 EZ Gen DA LMP Peak,2025-09-25,2025-09-26,2025-09-27,30.5,29.0,29.54,-1.86,46400,46,20
SP15 EZ Gen DA LMP Peak,2025-09-26,2025-09-29,2025-09-29,30.0,29.0,29.75,0.21,1600,3,5
SP15 EZ Gen DA LMP Peak,2025-09-29,2025-09-30,2025-09-30,26.0,25.0,25.32,-4.43,23200,44,15
SP15 EZ Gen DA LMP Peak,2025-09-30,2025-10-01,2025-10-01,21.0,19.75,20.6,-4.72,11200,24,15
SP15 EZ Gen DA LMP Peak,2025-10-02,2025-10-03,2025-10-04,14.75,14.0,14.5,-6.88,4800,6,8
SP15 EZ Gen DA LMP Peak,2025-10-03,2025-10-06,2025-10-06,25.0,23.0,23.62,9.12,17200,36,18
SP15 EZ Gen DA LMP Peak,2025-10-06,2025-10-07,2025-10-07,29.0,27.75,28.47,4.85,3600,8,13
SP15 EZ Gen DA LMP Peak,2025-10-07,2025-10-08,2025-10-08,29.0,28.75,28.8,0.33,9200,18,18
SP15 EZ Gen DA LMP Peak,2025-10-08,2025-10-09,2025-10-09,42.0,40.0,41.27,12.47,10000,25,20
SP15 EZ Gen DA LMP Peak,2025-10-09,2025-10-10,2025-10-11,32.5,32.0,32.23,-9.04,21600,23,18
SP15 EZ Gen DA LMP Peak,2025-10-10,2025-10-13,2025-10-13,28.0,26.25,26.47,-5.76,6400,15,12
SP15 EZ Gen DA LMP Peak,2025-10-13,2025-10-14,2025-10-14,32.0,28.0,30.62,4.15,19600,39,25
SP15 EZ Gen DA LMP Peak,2025-10-14,2025-10-15,2025-10-15,21.75,20.0,21.32,-9.3,19200,46,23
SP15 EZ Gen DA LMP Peak,2025-10-16,2025-10-17,2025-10-18,21.0,20.0,20.26,-3.48,28000,31,17
SP15 EZ Gen DA LMP Peak,2025-10-17,2025-10-20,2025-10-20,23.5,21.5,22.37,2.11,12000,26,18
SP15 EZ Gen DA LMP Peak,2025-10-20,2025-10-21,2025-10-21,38.0,32.0,33.05,10.68,24000,50,23
SP15 EZ Gen DA LMP Peak,2025-10-21,2025-10-22,2025-10-22,25.0,24.5,24.55,-8.5,8000,19,14
SP15 EZ Gen DA LMP Peak,2025-10-22,2025-10-23,2025-10-23,28.5,28.0,28.06,3.51,9600,22,13
SP15 EZ Gen DA LMP Peak,2025-10-23,2025-10-24,2025-10-25,26.25,25.0,25.84,-2.22,18400,21,13
SP15 EZ Gen DA LMP Peak,2025-10-24,2025-10-27,2025-10-27,30.0,29.0,29.6,3.76,4000,10,14
SP15 EZ Gen DA LMP Peak,2025-10-27,2025-10-28,2025-10-28,36.5,34.0,35.83,6.23,8800,22,18
SP15 EZ Gen DA LMP Peak,2025-10-28,2025-10-29,2025-10-29,37.0,36.5,36.7,0.87,4400,11,8
SP15 EZ Gen DA LMP Peak,2025-10-30,2025-11-01,2025-11-01,25.0,24.0,24.32,-11.25,15200,25,16
SP15 EZ Gen DA LMP Peak,2025-10-31,2025-11-03,2025-11-03,33.0,30.0,32.05,7.73,10400,24,16
SP15 EZ Gen DA LMP Peak,2025-11-03,2025-11-04,2025-11-04,38.0,36.0,36.73,4.68,17200,36,20
SP15 EZ Gen DA LMP Peak,2025-11-04,2025-11-05,2025-11-05,38.0,37.5,37.69,0.96,18800,38,18
SP15 EZ Gen DA LMP Peak,2025-11-05,2025-11-06,2025-11-06,29.5,28.5,28.74,-8.95,14000,34,13
SP15 EZ Gen DA LMP Peak,2025-11-06,2025-11-07,2025-11-08,26.75,24.75,25.99,-2.75,31200,38,23
SP15 EZ Gen DA LMP Peak,2025-11-07,2025-11-10,2025-11-10,39.0,34.0,38.25,12.26,16000,37,18
SP15 EZ Gen DA LMP Peak,2025-11-10,2025-11-11,2025-11-12,44.5,40.0,43.48,5.23,23200,29,25
SP15 EZ Gen DA LMP Peak,2025-11-11,2025-11-13,2025-11-13,46.0,46.0,46.0,2.52,400,1,2
SP15 EZ Gen DA LMP Peak,2025-11-14,2025-11-17,2025-11-17,45.25,45.0,45.06,0.61,5200,11,7
SP15 EZ Gen DA LMP Peak,2025-11-17,2025-11-18,2025-11-18,46.0,45.0,45.14,0.08,3600,6,9
SP15 EZ Gen DA LMP Peak,2025-11-18,2025-11-19,2025-11-19,45.0,41.5,44.32,-0.82,15200,30,22
SP15 EZ Gen DA LMP Peak,2025-11-19,2025-11-20,2025-11-20,48.0,47.0,47.39,3.07,16000,33,21
SP15 EZ Gen DA LMP Peak,2025-11-20,2025-11-21,2025-11-22,45.0,44.5,44.7,-2.69,34400,39,26
SP15 EZ Gen DA LMP Peak,2025-11-21,2025-11-24,2025-11-24,37.0,36.5,36.95,-7.75,4400,2,4
SP15 EZ Gen DA LMP Peak,2025-11-24,2025-11-25,2025-11-26,38.0,37.0,37.41,0.46,8000,9,12
SP15 EZ Gen DA LMP Peak,2025-11-25,2025-11-28,2025-11-29,35.0,34.5,34.83,-2.58,22400,22,14
SP15 EZ Gen DA LMP Peak,2025-12-01,2025-12-02,2025-12-02,47.0,46.0,46.66,-1.09,18400,42,23
SP15 EZ Gen DA LMP Peak,2025-12-02,2025-12-03,2025-12-03,47.0,45.0,46.27,-0.39,24400,48,24
SP15 EZ Gen DA LMP Peak,2025-12-03,2025-12-04,2025-12-04,47.0,46.0,46.52,0.25,26400,63,24
SP15 EZ Gen DA LMP Peak,2025-12-04,2025-12-05,2025-12-06,40.0,38.0,38.52,-8.0,32800,33,16
SP15 EZ Gen DA LMP Peak,2025-12-05,2025-12-08,2025-12-08,43.5,41.75,42.12,3.6,11200,23,16
SP15 EZ Gen DA LMP Peak,2025-12-08,2025-12-09,2025-12-09,44.25,43.25,43.92,1.8,11200,25,12
SP15 EZ Gen DA LMP Peak,2025-12-09,2025-12-10,2025-12-10,40.75,39.0,40.06,-3.86,10400,24,14
SP15 EZ Gen DA LMP Peak,2025-12-11,2025-12-12,2025-12-13,36.5,35.0,35.95,0.09,20000,20,13
SP15 EZ Gen DA LMP Peak,2025-12-12,2025-12-15,2025-12-15,38.5,38.0,38.04,2.09,30800,53,19
SP15 EZ Gen DA LMP Peak,2025-12-15,2025-12-16,2025-12-16,33.5,32.25,33.1,-4.94,10000,25,12
SP15 EZ Gen DA LMP Peak,2025-12-16,2025-12-17,2025-12-17,28.75,27.5,28.08,-5.02,16000,38,16
SP15 EZ Gen DA LMP Peak,2025-12-17,2025-12-18,2025-12-18,36.0,34.5,35.04,6.96,22400,44,21
SP15 EZ Gen DA LMP Peak,2025-12-18,2025-12-19,2025-12-20,31.0,30.5,30.77,-4.27,17600,19,12
SP15 EZ Gen DA LMP Peak,2025-12-19,2025-12-22,2025-12-22,37.5,36.5,37.05,6.28,12000,26,14
SP15 EZ Gen DA LMP Peak,2025-12-22,2025-12-23,2025-12-24,38.25,37.5,37.78,0.73,22400,25,13
SP15 EZ Gen DA LMP Peak,2025-12-23,2025-12-26,2025-12-27,27.0,26.0,26.54,-11.24,20800,21,13
Indiana Hub RT Peak,2025-12-31,2026-01-02,2026-01-02,53.75,53.75,53.75,5.6,1600,2,3
Indiana Hub RT Peak,2026-01-22,2026-01-23,2026-01-23,120.0,120.0,120.0,66.25,800,1,2
Indiana Hub RT Peak,2026-01-23,2026-01-26,2026-01-26,335.0,325.0,330.0,210.0,1600,2,4
Indiana Hub RT Peak,2026-01-28,2026-01-29,2026-01-29,350.0,300.0,325.0,-5.0,2400,3,6
Indiana Hub RT Peak,2026-02-11,2026-02-12,2026-02-12,50.2,49.75,49.98,-275.02,1600,2,2
Indiana Hub RT Peak,2026-02-25,2026-02-26,2026-02-26,37.5,37.5,37.5,-12.48,800,1,2
Indiana Hub RT Peak,2026-03-03,2026-03-04,2026-03-04,45.75,45.5,45.63,8.13,1600,2,4
Indiana Hub RT Peak,2026-03-31,2026-04-01,2026-04-01,43.75,43.75,43.75,-1.88,1600,2,3
Indiana Hub RT Peak,2026-04-16,2026-04-17,2026-04-17,45.7,45.2,45.45,1.7,1600,2,2
Indiana Hub RT Peak,2026-04-22,2026-04-23,2026-04-23,49.5,48.95,49.21,3.76,3200,4,3
Indiana Hub RT Peak,2026-04-28,2026-04-29,2026-04-29,47.35,46.7,47.05,-2.16,2400,3,3
Indiana Hub RT Peak,2026-05-01,2026-05-04,2026-05-04,36.0,36.0,36.0,-11.05,800,1,2
Indiana Hub RT Peak,2026-05-04,2026-05-05,2026-05-05,39.0,39.0,39.0,3.0,800,1,2
Indiana Hub RT Peak,2026-05-22,2026-05-26,2026-05-26,58.0,57.0,57.67,18.67,2400,3,3
Indiana Hub RT Peak,2026-05-26,2026-05-27,2026-05-27,59.5,59.5,59.5,1.83,800,1,2
Indiana Hub RT Peak,2026-06-03,2026-06-04,2026-06-04,47.0,46.0,46.5,-13.0,1600,2,2
Indiana Hub RT Peak,2026-06-04,2026-06-05,2026-06-05,52.5,52.5,52.5,6.0,1600,2,3
Indiana Hub RT Peak,2026-06-08,2026-06-09,2026-06-09,73.5,73.25,73.38,20.88,1600,2,3
Indiana Hub RT Peak,2026-06-15,2026-06-16,2026-06-16,31.55,31.0,31.4,-59.6,3200,4,4
Indiana Hub RT Peak,2026-06-17,2026-06-18,2026-06-18,42.0,42.0,42.0,10.6,800,1,2
Indiana Hub RT Peak,2026-07-01,2026-07-02,2026-07-02,305.0,305.0,305.0,263.0,800,1,2
Indiana Hub RT Peak,2026-07-07,2026-07-08,2026-07-08,85.0,85.0,85.0,-220.0,800,1,2
Indiana Hub RT Peak,2026-07-09,2026-07-10,2026-07-10,98.0,95.5,96.76,-25.62,4800,6,4
Indiana Hub RT Peak,2026-07-10,2026-07-13,2026-07-13,96.0,91.0,93.64,-3.12,5600,7,5
Indiana Hub RT Peak,2026-07-13,2026-07-14,2026-07-14,135.0,135.0,135.0,41.36,4800,6,4
Indiana Hub RT Peak,2026-07-14,2026-07-15,2026-07-15,250.0,250.0,250.0,115.0,800,1,2
Indiana Hub RT Peak,2026-07-16,2026-07-17,2026-07-17,116.0,116.0,116.0,-134.0,800,1,2
Indiana Hub RT Peak,2026-07-27,2026-07-28,2026-07-28,70.0,70.0,70.0,-46.0,800,1,2
Indiana Hub RT Peak,2026-07-30,2026-07-31,2026-07-31,44.85,44.0,44.52,-25.48,4000,5,6
Indiana Hub RT Peak,2026-08-06,2026-08-07,2026-08-07,62.25,62.2,62.22,2.54,2400,3,4
Indiana Hub RT Peak,2026-08-10,2026-08-11,2026-08-11,80.8,80.8,80.8,18.58,800,1,2
Indiana Hub RT Peak,2026-08-13,2026-08-14,2026-08-14,59.35,58.0,58.8,-22.0,5600,7,2
Indiana Hub RT Peak,2026-08-14,2026-08-17,2026-08-17,70.75,69.75,70.25,11.45,1600,2,3
Mid C Peak,2025-12-26,2025-12-29,2025-12-29,27.0,25.0,26.54,8.99,16800,42,20
Mid C Peak,2025-12-29,2025-12-30,2025-12-30,30.0,26.0,28.01,1.47,18400,46,17
Mid C Peak,2025-12-30,2025-12-31,2025-12-31,32.5,30.0,31.13,3.12,11200,25,14
Mid C Peak,2025-12-31,2026-01-02,2026-01-02,28.0,25.0,26.58,-4.55,5200,13,12
Mid C Peak,2026-01-02,2026-01-03,2026-01-05,22.0,10.0,18.19,-8.39,20800,24,12
Mid C Peak,2026-01-05,2026-01-06,2026-01-06,25.0,17.0,20.66,2.47,13200,33,18
Mid C Peak,2026-01-06,2026-01-07,2026-01-07,26.0,20.0,23.16,2.5,19600,48,16
Mid C Peak,2026-01-08,2026-01-09,2026-01-10,22.0,19.0,20.08,1.34,46400,56,21
Mid C Peak,2026-01-09,2026-01-12,2026-01-12,19.0,16.0,17.04,-3.04,19600,48,16
Mid C Peak,2026-01-12,2026-01-13,2026-01-13,19.0,16.75,17.65,0.61,21600,52,19
Mid C Peak,2026-01-13,2026-01-14,2026-01-14,21.5,18.25,19.05,1.4,16800,42,23
Mid C Peak,2026-01-14,2026-01-15,2026-01-16,17.0,12.5,16.23,-2.82,31200,39,16
Mid C Peak,2026-01-15,2026-01-17,2026-01-17,16.0,13.0,13.72,-2.51,23200,57,19
Mid C Peak,2026-01-16,2026-01-19,2026-01-20,23.0,18.0,20.74,7.02,32800,41,17
Mid C Peak,2026-01-20,2026-01-21,2026-01-21,32.0,25.0,30.37,9.63,12000,29,17
Mid C Peak,2026-01-22,2026-01-23,2026-01-24,56.0,50.0,53.93,13.23,32800,40,21
Mid C Peak,2026-01-23,2026-01-26,2026-01-26,80.0,50.0,58.7,4.77,32800,80,19
Mid C Peak,2026-01-26,2026-01-27,2026-01-27,53.5,48.0,51.01,-7.69,13200,33,16
Mid C Peak,2026-01-27,2026-01-28,2026-01-28,40.0,37.5,38.31,-12.7,14000,35,13
Mid C Peak,2026-01-28,2026-01-29,2026-01-29,29.0,27.25,27.93,-10.38,23200,57,15
Mid C Peak,2026-01-29,2026-01-30,2026-01-31,24.5,20.0,22.95,-4.98,40000,50,16
Mid C Peak,2026-01-30,2026-02-02,2026-02-02,21.75,17.0,19.74,-3.21,13200,33,17
Mid C Peak,2026-02-02,2026-02-03,2026-02-03,24.25,20.0,22.33,2.59,6400,16,12
Mid C Peak,2026-02-03,2026-02-04,2026-02-04,23.0,21.0,21.69,-0.64,12000,30,16
Mid C Peak,2026-02-05,2026-02-06,2026-02-07,28.0,23.0,25.93,-0.91,42400,53,16
Mid C Peak,2026-02-06,2026-02-09,2026-02-09,22.25,21.0,21.71,-4.22,12800,32,18
Mid C Peak,2026-02-09,2026-02-10,2026-02-10,32.0,28.0,29.92,8.21,12400,29,15
Mid C Peak,2026-02-10,2026-02-11,2026-02-11,32.0,30.0,30.79,0.87,16400,41,16
Mid C Peak,2026-02-11,2026-02-12,2026-02-13,30.0,27.0,28.72,-2.07,32000,40,17
Mid C Peak,2026-02-12,2026-02-14,2026-02-14,30.0,25.5,28.85,0.13,16800,41,17
Mid C Peak,2026-02-13,2026-02-16,2026-02-17,34.0,30.5,32.08,3.23,26400,33,17
Mid C Peak,2026-02-17,2026-02-18,2026-02-18,30.0,23.5,25.21,-6.87,18800,47,18
Mid C Peak,2026-02-19,2026-02-20,2026-02-21,32.0,26.0,28.49,-1.61,23200,29,17
Mid C Peak,2026-02-20,2026-02-23,2026-02-23,22.0,20.5,21.3,-7.19,16800,42,15
Mid C Peak,2026-02-23,2026-02-24,2026-02-24,22.0,18.0,20.71,-0.59,20800,52,18
Mid C Peak,2026-02-24,2026-02-25,2026-02-25,14.0,8.75,9.73,-10.98,24800,62,18
Mid C Peak,2026-02-25,2026-02-26,2026-02-26,10.0,8.0,9.62,-0.11,13200,33,18
Mid C Peak,2026-02-26,2026-02-27,2026-02-28,18.0,14.5,16.66,7.04,15200,19,13
Mid C Peak,2026-02-27,2026-03-02,2026-03-02,21.0,18.0,20.4,3.74,9200,22,12
Mid C Peak,2026-03-02,2026-03-03,2026-03-03,14.0,12.75,13.61,-6.79,9600,24,12
Mid C Peak,2026-03-03,2026-03-04,2026-03-04,13.0,9.0,10.87,-2.74,16800,42,17
Mid C Peak,2026-03-05,2026-03-06,2026-03-07,6.5,-1.0,4.28,-3.49,48000,60,16
Mid C Peak,2026-03-06,2026-03-09,2026-03-09,8.0,5.0,6.23,1.95,17200,43,15
Mid C Peak,2026-03-09,2026-03-10,2026-03-10,17.75,17.0,17.43,11.2,11600,29,12
Mid C Peak,2026-03-10,2026-03-11,2026-03-11,13.0,9.5,11.03,-6.4,10000,23,14
Mid C Peak,2026-03-11,2026-03-12,2026-03-12,12.0,7.0,9.26,-1.77,12400,31,16
Mid C Peak,2026-03-12,2026-03-13,2026-03-14,10.0,9.0,9.24,-0.02,13600,17,11
Mid C Peak,2026-03-13,2026-03-16,2026-03-16,17.0,15.0,15.95,6.71,5600,14,12
Mid C Peak,2026-03-16,2026-03-17,2026-03-17,21.0,18.0,18.6,2.65,16400,40,14
Mid C Peak,2026-03-17,2026-03-18,2026-03-18,20.0,14.25,18.28,-0.32,18400,43,18
Mid C Peak,2026-03-19,2026-03-20,2026-03-21,3.5,1.5,2.62,-6.36,33600,42,17
Mid C Peak,2026-03-20,2026-03-23,2026-03-23,18.0,9.75,15.17,12.55,11200,28,17
Mid C Peak,2026-03-23,2026-03-24,2026-03-24,17.0,14.0,14.6,-0.57,10000,25,18
Mid C Peak,2026-03-24,2026-03-25,2026-03-25,8.0,3.5,4.94,-9.66,14800,37,16
Mid C Peak,2026-03-25,2026-03-26,2026-03-26,15.5,13.0,14.44,9.5,15600,39,17
Mid C Peak,2026-03-26,2026-03-27,2026-03-28,11.5,10.0,10.85,-3.59,31200,37,17
Mid C Peak,2026-03-27,2026-03-30,2026-03-30,15.5,10.0,14.14,3.29,16400,41,16
Mid C Peak,2026-03-30,2026-03-31,2026-03-31,25.0,21.0,22.96,8.82,13600,34,18
Mid C Peak,2026-03-31,2026-04-01,2026-04-02,8.5,6.25,7.5,-15.46,64000,79,17
Mid C Peak,2026-04-02,2026-04-06,2026-04-06,12.0,8.25,10.38,-1.07,20400,51,16
Mid C Peak,2026-04-06,2026-04-07,2026-04-07,5.0,-0.25,1.63,-8.75,24400,61,17
Mid C Peak,2026-04-07,2026-04-08,2026-04-08,18.0,14.0,16.26,14.63,16800,42,22
Mid C Peak,2026-04-08,2026-04-09,2026-04-09,14.5,13.25,13.73,-2.53,17600,44,17
Mid C Peak,2026-04-09,2026-04-10,2026-04-11,19.0,15.0,18.0,4.27,30400,37,21
Mid C Peak,2026-04-10,2026-04-13,2026-04-13,9.5,7.0,8.07,-9.93,12800,31,13
Mid C Peak,2026-04-13,2026-04-14,2026-04-14,11.5,8.0,9.81,1.74,20800,51,17
Mid C Peak,2026-04-14,2026-04-15,2026-04-15,15.0,11.0,13.44,3.63,17200,42,15
Mid C Peak,2026-04-16,2026-04-17,2026-04-18,20.0,17.0,18.52,7.06,34400,43,16
Mid C Peak,2026-04-17,2026-04-20,2026-04-20,12.5,10.0,10.79,-7.73,18400,46,18
Mid C Peak,2026-04-20,2026-04-21,2026-04-21,10.0,5.0,6.36,-4.43,19600,49,14
Mid C Peak,2026-04-21,2026-04-22,2026-04-22,6.5,3.0,4.99,-1.37,16400,41,16
Mid C Peak,2026-04-22,2026-04-23,2026-04-23,10.0,4.0,6.18,1.19,15600,39,19
Mid C Peak,2026-04-23,2026-04-24,2026-04-25,6.0,3.5,4.61,-1.57,40800,51,16
Mid C Peak,2026-04-24,2026-04-27,2026-04-27,10.0,6.0,8.58,3.97,15200,38,17
Mid C Peak,2026-04-27,2026-04-28,2026-04-28,7.0,4.0,6.02,-2.56,12800,32,18
Mid C Peak,2026-04-28,2026-04-29,2026-04-29,9.25,7.0,8.54,2.52,10800,27,14
Mid C Peak,2026-04-30,2026-05-01,2026-05-02,21.0,13.0,15.0,-3.64,48000,58,19
Mid C Peak,2026-05-01,2026-05-04,2026-05-04,30.0,15.0,23.1,8.1,21600,54,21
Mid C Peak,2026-05-04,2026-05-05,2026-05-05,28.0,20.5,25.35,2.25,22400,56,20
Mid C Peak,2026-05-05,2026-05-06,2026-05-06,28.0,19.0,22.53,-2.82,14400,36,20
Mid C Peak,2026-05-06,2026-05-07,2026-05-07,26.5,17.0,24.37,1.84,21200,53,17
Mid C Peak,2026-05-07,2026-05-08,2026-05-09,16.0,5.0,10.65,-13.72,18400,23,10
Mid C Peak,2026-05-08,2026-05-11,2026-05-11,35.75,29.0,32.57,21.92,19200,48,20
Mid C Peak,2026-05-11,2026-05-12,2026-05-12,45.0,30.0,37.06,4.49,16000,40,19
Mid C Peak,2026-05-12,2026-05-13,2026-05-13,5.0,0.0,1.45,-35.61,35600,86,19
Mid C Peak,2026-05-14,2026-05-15,2026-05-16,3.25,1.5,2.46,-0.26,44800,56,17
Mid C Peak,2026-05-15,2026-05-18,2026-05-18,19.0,10.0,13.91,11.45,18800,45,16
Mid C Peak,2026-05-18,2026-05-19,2026-05-19,10.0,6.5,7.31,-6.6,15600,39,17
Mid C Peak,2026-05-19,2026-05-20,2026-05-20,25.0,17.0,20.22,12.91,13200,33,17
Mid C Peak,2026-05-20,2026-05-21,2026-05-22,35.0,25.0,32.63,12.41,49600,62,21
Mid C Peak,2026-05-21,2026-05-23,2026-05-23,7.0,4.5,5.18,-27.45,18000,45,18
Mid C Peak,2026-05-22,2026-05-26,2026-05-26,10.75,5.0,8.07,2.89,21200,53,18
Mid C Peak,2026-05-26,2026-05-27,2026-05-27,17.5,14.0,16.41,8.34,20800,50,17
Mid C Peak,2026-05-28,2026-05-30,2026-05-30,7.0,-1.0,4.74,1.47,20400,49,19
Mid C Peak,2026-05-29,2026-06-01,2026-06-01,18.0,12.0,13.49,8.75,16400,41,20
Mid C Peak,2026-06-01,2026-06-02,2026-06-02,24.0,15.0,22.11,8.62,23600,59,20
Mid C Peak,2026-06-02,2026-06-03,2026-06-03,10.0,7.5,9.24,-12.87,19600,49,15
Mid C Peak,2026-06-03,2026-06-04,2026-06-04,8.5,6.0,7.59,-1.65,27600,68,19
Mid C Peak,2026-06-04,2026-06-05,2026-06-06,3.0,-1.0,0.13,-7.46,48000,59,20
Mid C Peak,2026-06-05,2026-06-08,2026-06-08,6.0,2.5,4.61,4.48,15600,39,17
Mid C Peak,2026-06-08,2026-06-09,2026-06-09,0.75,-2.0,-0.4,-5.01,22000,51,16
Mid C Peak,2026-06-09,2026-06-10,2026-06-10,5.75,2.0,3.78,4.18,23200,58,17
Mid C Peak,2026-06-11,2026-06-12,2026-06-13,13.0,8.0,10.57,-7.53,49600,61,20
Mid C Peak,2026-06-12,2026-06-15,2026-06-15,45.0,27.0,33.66,23.09,22400,53,22
Mid C Peak,2026-06-15,2026-06-16,2026-06-16,5.75,1.0,3.79,-29.87,19600,49,15
Mid C Peak,2026-06-16,2026-06-17,2026-06-18,21.0,14.0,17.19,13.4,27200,34,15
Mid C Peak,2026-06-17,2026-06-19,2026-06-20,17.0,13.0,14.92,-2.27,29600,37,13
Mid C Peak,2026-06-18,2026-06-22,2026-06-22,34.0,25.0,30.15,15.23,16800,42,17
Mid C Peak,2026-06-22,2026-06-23,2026-06-23,36.0,29.0,31.24,1.09,18800,46,19
Mid C Peak,2026-06-23,2026-06-24,2026-06-24,27.75,23.0,24.99,-6.25,18000,45,15
Mid C Peak,2026-06-25,2026-06-26,2026-06-27,9.5,3.5,5.44,-3.51,53600,64,21
Mid C Peak,2026-06-26,2026-06-29,2026-06-29,7.0,3.0,5.8,0.36,14800,37,17
Mid C Peak,2026-06-29,2026-06-30,2026-06-30,6.0,2.5,5.01,-0.79,18400,46,19
Mid C Peak,2026-06-30,2026-07-01,2026-07-02,10.0,4.0,7.47,2.46,46400,53,21
Mid C Peak,2026-07-01,2026-07-03,2026-07-03,17.0,10.0,13.51,6.04,17600,44,21
Mid C Peak,2026-07-02,2026-07-06,2026-07-06,41.0,28.0,38.37,24.86,31200,77,22
Mid C Peak,2026-07-06,2026-07-07,2026-07-07,40.0,39.0,39.82,1.45,22000,55,20
Mid C Peak,2026-07-07,2026-07-08,2026-07-08,34.0,28.0,31.55,-8.27,21200,52,20
Mid C Peak,2026-07-09,2026-07-10,2026-07-11,34.0,29.0,31.52,-0.3,26400,33,16
Mid C Peak,2026-07-10,2026-07-13,2026-07-13,55.0,46.0,51.78,20.26,31600,79,19
Mid C Peak,2026-07-13,2026-07-14,2026-07-14,65.0,52.0,58.72,6.94,19200,43,17
Mid C Peak,2026-07-14,2026-07-15,2026-07-15,75.0,66.6,71.14,12.42,26800,60,20
Mid C Peak,2026-07-15,2026-07-16,2026-07-16,50.0,41.5,43.61,-27.53,20800,48,17
Mid C Peak,2026-07-16,2026-07-17,2026-07-18,42.0,38.0,40.76,-2.85,43200,53,17
Mid C Peak,2026-07-17,2026-07-20,2026-07-20,74.25,63.5,68.68,27.92,28400,66,22
Mid C Peak,2026-07-20,2026-07-21,2026-07-21,100.0,93.0,97.81,29.13,21600,50,17
Mid C Peak,2026-07-21,2026-07-22,2026-07-22,100.0,87.0,90.14,-7.67,21200,51,16
Mid C Peak,2026-07-23,2026-07-24,2026-07-25,65.0,52.0,59.29,5.25,64800,77,20
Mid C Peak,2026-07-24,2026-07-27,2026-07-27,77.0,55.0,71.5,12.21,32800,77,18
Mid C Peak,2026-07-27,2026-07-28,2026-07-28,60.0,46.0,49.43,-22.07,16000,40,16
Mid C Peak,2026-07-28,2026-07-29,2026-07-29,70.0,59.0,65.49,16.06,22000,54,18
Mid C Peak,2026-07-29,2026-07-30,2026-07-31,67.0,63.5,65.12,-0.37,34400,43,19
Mid C Peak,2026-07-30,2026-08-01,2026-08-01,45.0,36.25,40.48,-24.64,16000,40,19
Mid C Peak,2026-07-31,2026-08-03,2026-08-03,78.0,70.0,75.75,35.27,33600,81,22
Mid C Peak,2026-08-03,2026-08-04,2026-08-04,150.0,110.0,130.89,55.14,34000,85,24
Mid C Peak,2026-08-04,2026-08-05,2026-08-05,125.0,95.0,101.34,-29.55,38400,95,24
Mid C Peak,2026-08-06,2026-08-07,2026-08-08,55.0,47.0,51.99,-26.15,48800,61,18
Mid C Peak,2026-08-07,2026-08-10,2026-08-10,68.0,54.75,61.82,9.83,30000,68,21
Mid C Peak,2026-08-10,2026-08-11,2026-08-11,67.0,52.0,58.88,-2.94,20400,49,20
Mid C Peak,2026-08-11,2026-08-12,2026-08-12,53.0,43.0,46.58,-12.3,13200,33,18
Mid C Peak,2026-08-12,2026-08-13,2026-08-13,65.0,59.5,62.13,15.55,23600,57,19
Mid C Peak,2026-08-13,2026-08-14,2026-08-15,55.5,51.0,52.81,-9.32,48000,60,21
Mid C Peak,2026-08-14,2026-08-17,2026-08-17,63.0,58.0,61.56,8.75,24800,60,20
Mid C Peak,2026-08-17,2026-08-18,2026-08-18,60.0,55.0,58.45,-3.11,23200,58,21
Mid C Peak,2026-08-18,2026-08-19,2026-08-19,79.0,63.5,69.13,10.68,27200,67,21
Nepool MH DA LMP Peak,2025-12-29,2025-12-30,2025-12-30,145.0,140.0,143.0,-17.0,7200,9,10
Nepool MH DA LMP Peak,2025-12-30,2025-12-31,2025-12-31,145.0,140.0,142.93,-0.07,14400,17,9
Nepool MH DA LMP Peak,2026-01-02,2026-01-05,2026-01-05,190.0,190.0,190.0,47.07,800,1,2
Nepool MH DA LMP Peak,2026-01-05,2026-01-06,2026-01-06,110.0,102.0,106.85,-83.15,8000,10,8
Nepool MH DA LMP Peak,2026-01-06,2026-01-07,2026-01-07,83.0,80.0,81.25,-25.6,6400,8,10
Nepool MH DA LMP Peak,2026-01-08,2026-01-09,2026-01-09,67.5,64.0,65.86,-6.07,8800,11,13
Nepool MH DA LMP Peak,2026-01-09,2026-01-12,2026-01-12,93.0,93.0,93.0,27.14,3200,4,4
Nepool MH DA LMP Peak,2026-01-12,2026-01-13,2026-01-13,69.5,68.0,68.46,-24.54,5600,7,10
Nepool MH DA LMP Peak,2026-01-13,2026-01-14,2026-01-14,69.0,68.75,68.88,0.42,1600,2,4
Nepool MH DA LMP Peak,2026-01-14,2026-01-15,2026-01-15,108.0,105.0,105.86,36.98,5600,7,9
Nepool MH DA LMP Peak,2026-01-15,2026-01-16,2026-01-16,100.0,95.5,97.64,-8.22,8800,10,11
Nepool MH DA LMP Peak,2026-01-16,2026-01-19,2026-01-19,120.0,120.0,120.0,22.36,800,1,2
Nepool MH DA LMP Peak,2026-01-19,2026-01-20,2026-01-20,145.0,140.0,143.14,23.14,23200,26,11
Nepool MH DA LMP Peak,2026-01-22,2026-01-23,2026-01-23,175.0,170.0,171.36,67.61,8800,11,9
Nepool MH DA LMP Peak,2026-01-23,2026-01-26,2026-01-26,315.0,310.0,312.5,141.14,6400,5,6
Nepool MH DA LMP Peak,2026-01-27,2026-01-28,2026-01-28,700.0,575.0,626.71,314.21,11200,13,11
Nepool MH DA LMP Peak,2026-01-28,2026-01-29,2026-01-29,375.0,350.0,366.25,-260.46,12800,15,13
Nepool MH DA LMP Peak,2026-01-29,2026-01-30,2026-01-30,330.0,290.0,303.94,-62.31,12800,16,14
Nepool MH DA LMP Peak,2026-01-30,2026-02-02,2026-02-02,250.0,235.0,240.0,-63.94,4000,5,6
Nepool MH DA LMP Peak,2026-02-02,2026-02-03,2026-02-03,225.0,215.0,218.36,-21.64,8800,11,8
Nepool MH DA LMP Peak,2026-02-03,2026-02-04,2026-02-04,208.0,199.0,202.27,-16.09,8800,11,6
Nepool MH DA LMP Peak,2026-02-05,2026-02-06,2026-02-06,220.0,190.0,199.54,-13.71,10400,13,14
Nepool MH DA LMP Peak,2026-02-06,2026-02-09,2026-02-09,310.0,300.0,305.43,105.89,11200,13,11
Nepool MH DA LMP Peak,2026-02-09,2026-02-10,2026-02-10,160.0,155.0,155.5,-149.93,17600,17,12
Nepool MH DA LMP Peak,2026-02-10,2026-02-11,2026-02-11,110.0,100.0,102.74,-52.76,23200,28,13
Nepool MH DA LMP Peak,2026-02-11,2026-02-12,2026-02-12,95.0,94.0,94.83,-7.91,4800,6,4
Nepool MH DA LMP Peak,2026-02-12,2026-02-13,2026-02-13,95.0,90.0,90.98,-3.85,16000,20,12
Nepool MH DA LMP Peak,2026-02-13,2026-02-16,2026-02-16,85.0,78.0,83.56,-7.42,6400,7,6
Nepool MH DA LMP Peak,2026-02-16,2026-02-17,2026-02-17,80.0,80.0,80.0,-3.56,2400,3,3
Nepool MH DA LMP Peak,2026-02-17,2026-02-18,2026-02-18,72.5,72.5,72.5,-7.5,1600,2,3
Nepool MH DA LMP Peak,2026-02-19,2026-02-20,2026-02-20,80.25,80.0,80.05,1.27,12000,13,9
Nepool MH DA LMP Peak,2026-02-20,2026-02-23,2026-02-23,100.0,89.0,93.18,13.13,17600,21,11
Nepool MH DA LMP Peak,2026-02-23,2026-02-24,2026-02-24,106.0,105.0,105.4,12.22,4000,5,6
Nepool MH DA LMP Peak,2026-02-24,2026-02-25,2026-02-25,80.0,77.5,78.33,-27.07,15200,19,11
Nepool MH DA LMP Peak,2026-02-25,2026-02-26,2026-02-26,63.5,61.7,62.39,-15.94,5600,6,9
Nepool MH DA LMP Peak,2026-02-26,2026-02-27,2026-02-27,55.0,52.0,53.15,-9.24,8000,9,10
Nepool MH DA LMP Peak,2026-02-27,2026-03-02,2026-03-02,120.0,110.0,115.83,62.68,4800,6,9
Nepool MH DA LMP Peak,2026-03-02,2026-03-03,2026-03-03,65.0,65.0,65.0,-50.83,1600,2,3
Nepool MH DA LMP Peak,2026-03-03,2026-03-04,2026-03-04,49.0,46.0,47.9,-17.1,8000,10,8
Nepool MH DA LMP Peak,2026-03-05,2026-03-06,2026-03-06,70.0,68.0,69.0,12.35,1600,2,4
Nepool MH DA LMP Peak,2026-03-09,2026-03-10,2026-03-10,39.5,38.5,39.0,-30.0,4800,6,8
Nepool MH DA LMP Peak,2026-03-10,2026-03-11,2026-03-11,42.0,42.0,42.0,3.0,800,1,2
Nepool MH DA LMP Peak,2026-03-11,2026-03-12,2026-03-12,43.0,42.5,42.75,0.75,3200,4,5
Nepool MH DA LMP Peak,2026-03-12,2026-03-13,2026-03-13,45.75,45.0,45.18,2.43,5600,7,9
Nepool MH DA LMP Peak,2026-03-13,2026-03-16,2026-03-16,51.0,50.0,50.33,5.15,2400,3,5
Nepool MH DA LMP Peak,2026-03-16,2026-03-17,2026-03-17,56.9,52.75,54.9,4.57,10400,13,9
Nepool MH DA LMP Peak,2026-03-17,2026-03-18,2026-03-18,69.0,65.5,67.2,12.3,4000,5,6
Nepool MH DA LMP Peak,2026-03-19,2026-03-20,2026-03-20,47.0,45.25,46.01,-4.58,11200,14,13
Nepool MH DA LMP Peak,2026-03-20,2026-03-23,2026-03-23,51.0,50.0,50.25,4.24,3200,4,5
Nepool MH DA LMP Peak,2026-03-23,2026-03-24,2026-03-24,46.75,46.75,46.75,-3.5,2400,3,3
Nepool MH DA LMP Peak,2026-03-24,2026-03-25,2026-03-25,41.0,39.75,40.19,-6.56,9600,12,11
Nepool MH DA LMP Peak,2026-03-25,2026-03-26,2026-03-26,35.25,33.65,34.44,-5.75,21600,25,12
Nepool MH DA LMP Peak,2026-03-30,2026-03-31,2026-03-31,36.25,36.0,36.09,1.65,13600,17,10
Nepool MH DA LMP Peak,2026-03-31,2026-04-01,2026-04-01,37.0,36.5,36.52,0.43,16800,18,10
Nepool MH DA LMP Peak,2026-04-02,2026-04-03,2026-04-03,36.0,35.25,35.5,-11.87,8800,9,9
Nepool MH DA LMP Peak,2026-04-06,2026-04-07,2026-04-07,58.25,57.5,57.87,22.37,16000,19,18
Nepool MH DA LMP Peak,2026-04-07,2026-04-08,2026-04-08,47.5,46.25,46.75,-11.12,8800,11,11
Nepool MH DA LMP Peak,2026-04-08,2026-04-09,2026-04-09,45.0,44.0,44.56,-2.19,15200,19,12
Nepool MH DA LMP Peak,2026-04-09,2026-04-10,2026-04-10,46.75,45.0,45.98,1.42,8000,10,12
Nepool MH DA LMP Peak,2026-04-13,2026-04-14,2026-04-14,54.25,53.5,53.78,7.8,20800,26,14
Nepool MH DA LMP Peak,2026-04-14,2026-04-15,2026-04-15,67.25,65.0,66.3,12.52,35200,42,23
Nepool MH DA LMP Peak,2026-04-16,2026-04-17,2026-04-17,51.5,49.0,50.29,-13.99,24800,27,21
Nepool MH DA LMP Peak,2026-04-17,2026-04-20,2026-04-20,50.75,49.0,49.95,-0.34,8000,10,11
Nepool MH DA LMP Peak,2026-04-20,2026-04-21,2026-04-21,55.75,53.0,54.4,4.45,25600,31,17
Nepool MH DA LMP Peak,2026-04-21,2026-04-22,2026-04-22,64.25,62.0,63.48,9.08,19200,23,19
Nepool MH DA LMP Peak,2026-04-22,2026-04-23,2026-04-23,44.0,43.5,43.94,-19.54,6400,8,11
Nepool MH DA LMP Peak,2026-04-23,2026-04-24,2026-04-24,43.25,43.0,43.08,-0.86,2400,3,5
Nepool MH DA LMP Peak,2026-04-24,2026-04-27,2026-04-27,49.0,49.0,49.0,5.92,1600,2,3
Nepool MH DA LMP Peak,2026-04-27,2026-04-28,2026-04-28,41.5,41.0,41.09,-7.91,6400,7,11
Nepool MH DA LMP Peak,2026-04-28,2026-04-29,2026-04-29,57.0,55.75,56.23,15.14,10400,13,12
Nepool MH DA LMP Peak,2026-04-30,2026-05-01,2026-05-01,45.0,44.0,44.29,-14.88,15200,17,13
Nepool MH DA LMP Peak,2026-05-01,2026-05-04,2026-05-04,44.0,44.0,44.0,-0.29,4800,6,8
Nepool MH DA LMP Peak,2026-05-04,2026-05-05,2026-05-05,52.0,50.0,51.09,7.09,20000,24,17
Nepool MH DA LMP Peak,2026-05-05,2026-05-06,2026-05-06,62.0,59.25,60.56,9.47,14400,17,17
Nepool MH DA LMP Peak,2026-05-06,2026-05-07,2026-05-07,48.0,48.0,48.0,-12.56,2400,3,4
Nepool MH DA LMP Peak,2026-05-07,2026-05-08,2026-05-08,47.5,45.25,45.93,-2.07,15200,19,15
Nepool MH DA LMP Peak,2026-05-08,2026-05-11,2026-05-11,52.0,52.0,52.0,6.07,2400,2,3
Nepool MH DA LMP Peak,2026-05-11,2026-05-12,2026-05-12,44.5,43.75,44.19,-7.81,6400,8,7
Nepool MH DA LMP Peak,2026-05-12,2026-05-13,2026-05-13,46.0,44.0,45.2,1.01,8000,10,13
Nepool MH DA LMP Peak,2026-05-14,2026-05-15,2026-05-15,45.5,43.5,44.98,-1.69,16800,21,11
Nepool MH DA LMP Peak,2026-05-15,2026-05-18,2026-05-18,55.0,50.0,52.5,7.52,14400,17,15
Nepool MH DA LMP Peak,2026-05-18,2026-05-19,2026-05-19,95.0,86.0,89.99,37.49,45600,57,26
Nepool MH DA LMP Peak,2026-05-19,2026-05-20,2026-05-20,80.5,78.0,79.09,-10.9,24800,29,17
Nepool MH DA LMP Peak,2026-05-20,2026-05-21,2026-05-21,43.5,40.0,41.33,-37.76,9600,12,10
Nepool MH DA LMP Peak,2026-05-21,2026-05-22,2026-05-22,34.0,33.0,33.55,-7.78,8000,10,7
Nepool MH DA LMP Peak,2026-05-22,2026-05-26,2026-05-26,46.0,46.0,46.0,12.45,800,1,2
Nepool MH DA LMP Peak,2026-05-26,2026-05-27,2026-05-27,52.5,52.0,52.29,6.29,16800,21,16
Nepool MH DA LMP Peak,2026-05-28,2026-05-29,2026-05-29,48.5,42.5,45.42,2.86,35200,43,23
Nepool MH DA LMP Peak,2026-05-29,2026-06-01,2026-06-01,44.0,44.0,44.0,-1.42,800,1,2
Nepool MH DA LMP Peak,2026-06-01,2026-06-02,2026-06-02,44.9,44.0,44.24,0.24,10400,12,11
Nepool MH DA LMP Peak,2026-06-02,2026-06-03,2026-06-03,51.0,48.0,48.92,4.68,10400,11,10
Nepool MH DA LMP Peak,2026-06-03,2026-06-04,2026-06-04,55.0,51.75,52.96,4.04,12000,15,13
Nepool MH DA LMP Peak,2026-06-04,2026-06-05,2026-06-05,57.0,56.0,56.37,3.41,5600,5,7
Nepool MH DA LMP Peak,2026-06-05,2026-06-08,2026-06-08,47.0,47.0,47.0,-9.37,4000,1,2
Nepool MH DA LMP Peak,2026-06-08,2026-06-09,2026-06-09,57.0,52.0,53.48,6.48,12000,15,12
Nepool MH DA LMP Peak,2026-06-09,2026-06-10,2026-06-10,61.5,60.75,61.09,7.61,18400,21,15
Nepool MH DA LMP Peak,2026-06-11,2026-06-12,2026-06-12,96.75,91.0,93.78,12.73,16000,20,13
Nepool MH DA LMP Peak,2026-06-15,2026-06-16,2026-06-16,48.25,47.3,47.68,-46.1,9600,12,12
Nepool MH DA LMP Peak,2026-06-17,2026-06-18,2026-06-18,55.0,54.0,54.58,6.9,12800,16,12
Nepool MH DA LMP Peak,2026-06-18,2026-06-19,2026-06-19,46.0,46.0,46.0,-8.58,3200,4,6
Nepool MH DA LMP Peak,2026-06-22,2026-06-23,2026-06-23,53.75,52.5,53.37,7.37,15200,19,13
Nepool MH DA LMP Peak,2026-06-23,2026-06-24,2026-06-24,48.0,47.0,47.18,-6.19,14400,17,15
Nepool MH DA LMP Peak,2026-06-25,2026-06-26,2026-06-26,56.5,56.5,56.5,3.5,800,1,2
Nepool MH DA LMP Peak,2026-06-29,2026-06-30,2026-06-30,79.0,76.0,76.9,20.4,9600,12,14
Nepool MH DA LMP Peak,2026-06-30,2026-07-01,2026-07-01,145.0,140.0,142.84,65.94,28000,32,21
Nepool MH DA LMP Peak,2026-07-01,2026-07-02,2026-07-02,265.0,250.0,257.47,114.63,12000,15,14
Nepool MH DA LMP Peak,2026-07-02,2026-07-03,2026-07-03,250.0,228.0,242.94,-14.53,6400,8,12
Nepool MH DA LMP Peak,2026-07-03,2026-07-06,2026-07-06,53.0,53.0,53.0,-189.94,2400,3,3
Nepool MH DA LMP Peak,2026-07-06,2026-07-07,2026-07-07,51.0,49.5,50.25,-2.75,1600,2,4
Nepool MH DA LMP Peak,2026-07-07,2026-07-08,2026-07-08,53.0,50.0,52.0,1.75,2400,3,6
Nepool MH DA LMP Peak,2026-07-09,2026-07-10,2026-07-10,73.5,73.0,73.19,3.8,6400,8,8
Nepool MH DA LMP Peak,2026-07-10,2026-07-13,2026-07-13,62.0,62.0,62.0,-11.19,4000,4,4
Nepool MH DA LMP Peak,2026-07-13,2026-07-14,2026-07-14,135.0,126.0,130.71,68.71,31200,35,21
Nepool MH DA LMP Peak,2026-07-14,2026-07-15,2026-07-15,185.0,174.0,179.07,48.36,24800,30,22
Nepool MH DA LMP Peak,2026-07-15,2026-07-16,2026-07-16,75.0,70.5,72.66,-106.41,29600,35,20
Nepool MH DA LMP Peak,2026-07-16,2026-07-17,2026-07-17,53.0,51.0,51.79,-20.87,9600,11,10
Nepool MH DA LMP Peak,2026-07-20,2026-07-21,2026-07-21,52.5,51.0,51.43,-0.36,14400,17,17
Nepool MH DA LMP Peak,2026-07-21,2026-07-22,2026-07-22,56.5,56.0,56.03,4.6,15200,18,15
Nepool MH DA LMP Peak,2026-07-23,2026-07-24,2026-07-24,47.1,47.0,47.03,2.08,5600,7,8
Nepool MH DA LMP Peak,2026-07-27,2026-07-28,2026-07-28,58.0,54.5,55.52,8.49,10400,13,12
Nepool MH DA LMP Peak,2026-07-28,2026-07-29,2026-07-29,52.0,50.5,51.31,-4.21,13600,17,12
Nepool MH DA LMP Peak,2026-07-29,2026-07-30,2026-07-30,47.0,47.0,47.0,-4.31,19200,18,12
Nepool MH DA LMP Peak,2026-07-30,2026-07-31,2026-07-31,52.0,50.75,51.2,4.2,13600,13,10
Nepool MH DA LMP Peak,2026-07-31,2026-08-03,2026-08-03,64.0,63.0,63.29,12.09,5600,7,6
Nepool MH DA LMP Peak,2026-08-03,2026-08-04,2026-08-04,52.5,50.25,50.89,-12.4,12000,15,10
Nepool MH DA LMP Peak,2026-08-04,2026-08-05,2026-08-05,60.0,59.0,59.6,8.71,4000,5,9
Nepool MH DA LMP Peak,2026-08-06,2026-08-07,2026-08-07,93.6,89.75,92.03,-1.19,16800,19,17
Nepool MH DA LMP Peak,2026-08-07,2026-08-10,2026-08-10,70.0,70.0,70.0,-22.03,800,1,2
Nepool MH DA LMP Peak,2026-08-10,2026-08-11,2026-08-11,58.2,57.5,57.9,-12.1,17600,20,12
Nepool MH DA LMP Peak,2026-08-11,2026-08-12,2026-08-12,53.0,52.0,52.28,-5.62,10400,13,10
Nepool MH DA LMP Peak,2026-08-12,2026-08-13,2026-08-13,52.95,52.45,52.72,0.44,12800,13,10
Nepool MH DA LMP Peak,2026-08-13,2026-08-14,2026-08-14,46.0,45.4,45.55,-7.17,6400,8,7
Nepool MH DA LMP Peak,2026-08-14,2026-08-17,2026-08-17,54.0,53.95,53.98,8.43,1600,2,3
Nepool MH DA LMP Peak,2026-08-17,2026-08-18,2026-08-18,58.0,57.2,57.35,3.37,4800,6,8
Nepool MH DA LMP Peak,2026-08-18,2026-08-19,2026-08-19,55.0,54.25,54.71,-2.64,11200,14,15
NP15 EZ Gen DA LMP Peak,2025-12-26,2025-12-29,2025-12-29,31.75,30.0,30.88,-8.92,800,2,4
NP15 EZ Gen DA LMP Peak,2026-01-05,2026-01-06,2026-01-06,35.5,35.0,35.06,4.18,10000,25,9
NP15 EZ Gen DA LMP Peak,2026-01-06,2026-01-07,2026-01-07,29.5,29.0,29.05,-6.01,8000,20,8
NP15 EZ Gen DA LMP Peak,2026-01-13,2026-01-14,2026-01-14,28.0,28.0,28.0,3.95,400,1,2
NP15 EZ Gen DA LMP Peak,2026-01-15,2026-01-17,2026-01-17,22.0,22.0,22.0,-6.0,1600,3,3
NP15 EZ Gen DA LMP Peak,2026-01-20,2026-01-21,2026-01-21,38.0,38.0,38.0,16.0,3200,8,4
NP15 EZ Gen DA LMP Peak,2026-01-22,2026-01-23,2026-01-24,54.0,54.0,54.0,11.87,3200,4,4
NP15 EZ Gen DA LMP Peak,2026-01-23,2026-01-26,2026-01-26,65.0,62.25,64.25,10.25,3600,9,9
NP15 EZ Gen DA LMP Peak,2026-01-26,2026-01-27,2026-01-27,53.0,52.0,52.75,-11.5,3200,7,4
NP15 EZ Gen DA LMP Peak,2026-01-30,2026-02-02,2026-02-02,27.25,27.25,27.25,-25.5,400,1,2
NP15 EZ Gen DA LMP Peak,2026-02-06,2026-02-09,2026-02-09,30.5,30.25,30.3,3.05,2000,5,3
NP15 EZ Gen DA LMP Peak,2026-02-11,2026-02-12,2026-02-13,32.75,32.0,32.38,2.08,4800,6,5
NP15 EZ Gen DA LMP Peak,2026-02-23,2026-02-24,2026-02-24,29.0,26.0,28.19,-4.19,1600,4,4
NP15 EZ Gen DA LMP Peak,2026-02-24,2026-02-25,2026-02-25,25.0,24.5,24.63,-3.56,1600,4,5
NP15 EZ Gen DA LMP Peak,2026-02-27,2026-03-02,2026-03-02,18.25,18.0,18.13,-6.5,800,2,3
NP15 EZ Gen DA LMP Peak,2026-03-02,2026-03-03,2026-03-03,22.75,22.5,22.53,4.4,4000,10,6
NP15 EZ Gen DA LMP Peak,2026-03-03,2026-03-04,2026-03-04,19.75,18.5,19.13,-3.4,11200,28,9
NP15 EZ Gen DA LMP Peak,2026-03-11,2026-03-12,2026-03-12,17.0,17.0,17.0,4.3,400,1,2
NP15 EZ Gen DA LMP Peak,2026-03-12,2026-03-13,2026-03-14,11.0,11.0,11.0,-6.0,8000,9,4
NP15 EZ Gen DA LMP Peak,2026-03-19,2026-03-20,2026-03-21,24.25,24.25,24.25,-2.13,800,1,2
NP15 EZ Gen DA LMP Peak,2026-03-20,2026-03-23,2026-03-23,34.75,33.5,34.25,10.0,1200,3,4
NP15 EZ Gen DA LMP Peak,2026-03-23,2026-03-24,2026-03-24,27.0,27.0,27.0,-7.25,400,1,2
NP15 EZ Gen DA LMP Peak,2026-03-30,2026-03-31,2026-03-31,30.5,30.5,30.5,3.5,800,2,3
NP15 EZ Gen DA LMP Peak,2026-03-31,2026-04-01,2026-04-02,16.5,16.5,16.5,-14.0,800,1,2
NP15 EZ Gen DA LMP Peak,2026-04-06,2026-04-07,2026-04-07,9.0,8.5,8.67,-7.83,1200,3,3
NP15 EZ Gen DA LMP Peak,2026-04-08,2026-04-09,2026-04-09,18.0,17.5,17.7,9.03,2000,5,4
NP15 EZ Gen DA LMP Peak,2026-04-20,2026-04-21,2026-04-21,24.0,23.0,23.67,5.97,1200,3,4
NP15 EZ Gen DA LMP Peak,2026-04-21,2026-04-22,2026-04-22,12.0,12.0,12.0,-11.67,800,2,2
NP15 EZ Gen DA LMP Peak,2026-04-22,2026-04-23,2026-04-23,10.0,8.0,8.38,-3.62,4800,12,7
NP15 EZ Gen DA LMP Peak,2026-04-23,2026-04-24,2026-04-25,6.0,6.0,6.0,-2.38,1600,2,2
NP15 EZ Gen DA LMP Peak,2026-04-24,2026-04-27,2026-04-27,8.5,8.5,8.5,2.5,400,1,2
NP15 EZ Gen DA LMP Peak,2026-05-08,2026-05-11,2026-05-11,33.5,33.5,33.5,25.0,800,2,2
NP15 EZ Gen DA LMP Peak,2026-05-11,2026-05-12,2026-05-12,27.5,27.5,27.5,-6.0,800,2,2
NP15 EZ Gen DA LMP Peak,2026-05-18,2026-05-19,2026-05-19,16.0,15.0,15.5,-12.0,1600,4,5
NP15 EZ Gen DA LMP Peak,2026-05-19,2026-05-20,2026-05-20,24.5,24.0,24.25,8.75,800,2,3
NP15 EZ Gen DA LMP Peak,2026-05-20,2026-05-21,2026-05-22,23.75,23.75,23.75,-0.5,800,1,2
NP15 EZ Gen DA LMP Peak,2026-05-28,2026-05-30,2026-05-30,5.0,5.0,5.0,-6.5,400,1,2
NP15 EZ Gen DA LMP Peak,2026-06-03,2026-06-04,2026-06-04,22.0,21.0,21.67,16.67,1200,3,5
NP15 EZ Gen DA LMP Peak,2026-06-18,2026-06-22,2026-06-22,20.0,20.0,20.0,-13.75,400,1,2
NP15 EZ Gen DA LMP Peak,2026-06-25,2026-06-26,2026-06-27,12.5,12.5,12.5,-7.5,800,1,2
NP15 EZ Gen DA LMP Peak,2026-07-07,2026-07-08,2026-07-08,29.0,28.0,28.5,16.0,800,2,2
NP15 EZ Gen DA LMP Peak,2026-07-09,2026-07-10,2026-07-11,28.5,28.0,28.25,-2.75,1600,2,3
NP15 EZ Gen DA LMP Peak,2026-07-13,2026-07-14,2026-07-14,51.0,48.0,49.75,21.5,1200,3,4
NP15 EZ Gen DA LMP Peak,2026-07-14,2026-07-15,2026-07-15,50.0,49.0,49.33,-0.42,1200,3,5
NP15 EZ Gen DA LMP Peak,2026-07-15,2026-07-16,2026-07-16,38.0,37.0,37.9,-11.43,4000,10,4
NP15 EZ Gen DA LMP Peak,2026-07-16,2026-07-17,2026-07-18,30.5,30.5,30.5,-7.4,800,1,2
NP15 EZ Gen DA LMP Peak,2026-07-17,2026-07-20,2026-07-20,43.5,43.5,43.5,13.0,400,1,2
NP15 EZ Gen DA LMP Peak,2026-07-20,2026-07-21,2026-07-21,58.75,58.0,58.25,14.75,5200,13,8
NP15 EZ Gen DA LMP Peak,2026-07-21,2026-07-22,2026-07-22,54.0,53.0,53.5,-4.75,7200,18,9
NP15 EZ Gen DA LMP Peak,2026-07-23,2026-07-24,2026-07-25,42.5,42.5,42.5,0.5,1600,2,2
NP15 EZ Gen DA LMP Peak,2026-07-24,2026-07-27,2026-07-27,50.0,50.0,50.0,7.5,400,1,2
NP15 EZ Gen DA LMP Peak,2026-07-27,2026-07-28,2026-07-28,40.5,40.5,40.5,-9.5,400,1,2
NP15 EZ Gen DA LMP Peak,2026-07-29,2026-07-30,2026-07-31,46.75,46.75,46.75,6.25,3200,4,2
NP15 EZ Gen DA LMP Peak,2026-08-03,2026-08-04,2026-08-04,61.0,55.25,58.02,11.27,6000,15,5
NP15 EZ Gen DA LMP Peak,2026-08-04,2026-08-05,2026-08-05,57.0,55.25,56.83,-1.19,5200,13,9
NP15 EZ Gen DA LMP Peak,2026-08-06,2026-08-07,2026-08-08,45.0,44.5,44.81,-7.34,12800,14,9
NP15 EZ Gen DA LMP Peak,2026-08-07,2026-08-10,2026-08-10,48.0,48.0,48.0,3.19,400,1,2
NP15 EZ Gen DA LMP Peak,2026-08-11,2026-08-12,2026-08-12,41.25,38.0,40.28,-7.72,3600,9,8
NP15 EZ Gen DA LMP Peak,2026-08-13,2026-08-14,2026-08-15,36.5,36.5,36.5,-3.78,1600,2,2
NP15 EZ Gen DA LMP Peak,2026-08-17,2026-08-18,2026-08-18,51.0,50.0,50.14,13.64,2800,7,6
NP15 EZ Gen DA LMP Peak,2026-08-18,2026-08-19,2026-08-19,49.75,48.0,48.75,-1.39,3200,8,8
Palo Verde Peak,2025-12-26,2025-12-29,2025-12-29,20.0,19.0,19.38,-3.02,3200,8,9
Palo Verde Peak,2025-12-29,2025-12-30,2025-12-30,26.0,26.0,26.0,6.62,800,2,4
Palo Verde Peak,2025-12-30,2025-12-31,2025-12-31,29.0,28.0,28.33,2.33,1200,3,4
Palo Verde Peak,2025-12-31,2026-01-02,2026-01-02,28.0,26.0,26.67,-1.66,1200,3,3
Palo Verde Peak,2026-01-02,2026-01-03,2026-01-05,28.0,27.0,27.44,0.77,3200,4,3
Palo Verde Peak,2026-01-05,2026-01-06,2026-01-06,28.0,26.0,27.28,-0.16,3600,9,6
Palo Verde Peak,2026-01-06,2026-01-07,2026-01-07,22.0,22.0,22.0,-5.28,3200,8,8
Palo Verde Peak,2026-01-08,2026-01-09,2026-01-10,22.0,20.0,21.25,-0.42,4800,6,6
Palo Verde Peak,2026-01-09,2026-01-12,2026-01-12,25.5,25.0,25.29,4.04,2800,6,5
Palo Verde Peak,2026-01-12,2026-01-13,2026-01-13,25.0,22.0,23.08,-2.21,2400,6,6
Palo Verde Peak,2026-01-13,2026-01-14,2026-01-14,21.25,20.0,20.61,-2.47,2800,7,7
Palo Verde Peak,2026-01-14,2026-01-15,2026-01-16,18.0,16.0,17.25,-3.36,3200,4,4
Palo Verde Peak,2026-01-15,2026-01-17,2026-01-17,16.0,15.0,15.56,-1.69,3200,8,7
Palo Verde Peak,2026-01-16,2026-01-19,2026-01-20,18.0,16.0,17.0,1.44,6400,8,7
Palo Verde Peak,2026-01-20,2026-01-21,2026-01-21,31.0,30.0,30.5,13.5,1600,3,2
Palo Verde Peak,2026-01-22,2026-01-23,2026-01-24,55.0,52.0,53.0,16.5,6400,8,8
Palo Verde Peak,2026-01-23,2026-01-26,2026-01-26,110.0,79.0,83.65,30.65,16000,40,19
Palo Verde Peak,2026-01-26,2026-01-27,2026-01-27,71.0,67.0,67.73,-15.92,5200,12,8
Palo Verde Peak,2026-01-27,2026-01-28,2026-01-28,55.0,50.0,50.49,-17.24,8400,21,8
Palo Verde Peak,2026-01-28,2026-01-29,2026-01-29,30.0,26.0,28.69,-21.8,3200,8,6
Palo Verde Peak,2026-01-29,2026-01-30,2026-01-31,20.5,18.0,19.22,-9.47,6400,8,7
Palo Verde Peak,2026-01-30,2026-02-02,2026-02-02,21.0,17.0,20.0,0.78,3200,8,5
Palo Verde Peak,2026-02-02,2026-02-03,2026-02-03,23.0,21.5,22.7,2.7,4000,8,8
Palo Verde Peak,2026-02-03,2026-02-04,2026-02-04,20.0,18.0,19.6,-3.1,4000,8,9
Palo Verde Peak,2026-02-05,2026-02-06,2026-02-07,23.0,21.75,22.06,-5.32,6400,7,7
Palo Verde Peak,2026-02-06,2026-02-09,2026-02-09,25.0,22.0,23.12,1.06,7600,19,10
Palo Verde Peak,2026-02-09,2026-02-10,2026-02-10,26.5,25.0,26.11,2.99,3600,9,5
Palo Verde Peak,2026-02-10,2026-02-11,2026-02-11,33.5,30.0,32.0,5.89,2000,3,4
Palo Verde Peak,2026-02-11,2026-02-12,2026-02-13,27.0,24.0,25.64,-6.36,11200,11,8
Palo Verde Peak,2026-02-12,2026-02-14,2026-02-14,22.0,22.0,22.0,-3.64,3600,5,5
Palo Verde Peak,2026-02-13,2026-02-16,2026-02-17,32.0,27.0,29.3,7.3,8800,10,9
Palo Verde Peak,2026-02-17,2026-02-18,2026-02-18,22.0,22.0,22.0,-7.3,3200,8,7
Palo Verde Peak,2026-02-19,2026-02-20,2026-02-21,20.0,18.0,18.42,-4.08,4800,6,6
Palo Verde Peak,2026-02-20,2026-02-23,2026-02-23,19.0,15.0,17.43,-0.99,2800,7,6
Palo Verde Peak,2026-02-23,2026-02-24,2026-02-24,12.0,8.0,10.18,-7.25,5600,14,9
Palo Verde Peak,2026-02-24,2026-02-25,2026-02-25,7.0,5.0,5.92,-4.26,4800,12,7
Palo Verde Peak,2026-02-25,2026-02-26,2026-02-26,12.0,8.0,9.95,4.03,2000,5,5
Palo Verde Peak,2026-02-26,2026-02-27,2026-02-28,14.0,9.5,10.96,1.01,9600,10,7
Palo Verde Peak,2026-02-27,2026-03-02,2026-03-02,14.0,10.0,11.1,0.14,5200,11,12
Palo Verde Peak,2026-03-02,2026-03-03,2026-03-03,13.25,11.0,12.75,1.65,5600,14,11
Palo Verde Peak,2026-03-03,2026-03-04,2026-03-04,17.0,15.0,15.75,3.0,1600,4,7
Palo Verde Peak,2026-03-05,2026-03-06,2026-03-07,3.75,3.0,3.45,-1.0,8000,8,8
Palo Verde Peak,2026-03-06,2026-03-09,2026-03-09,10.0,6.0,7.73,4.28,4400,9,11
Palo Verde Peak,2026-03-09,2026-03-10,2026-03-10,8.5,7.5,7.91,0.18,4400,11,8
Palo Verde Peak,2026-03-10,2026-03-11,2026-03-11,12.5,10.5,11.04,3.13,2800,7,9
Palo Verde Peak,2026-03-11,2026-03-12,2026-03-12,16.5,14.0,15.79,4.75,5200,13,11
Palo Verde Peak,2026-03-12,2026-03-13,2026-03-14,14.5,13.75,14.08,-1.71,9600,12,10
Palo Verde Peak,2026-03-13,2026-03-16,2026-03-16,30.0,30.0,30.0,15.92,1200,3,4
Palo Verde Peak,2026-03-16,2026-03-17,2026-03-17,34.0,32.5,33.25,3.25,1600,4,7
Palo Verde Peak,2026-03-17,2026-03-18,2026-03-18,42.0,30.0,38.59,5.34,16000,38,17
Palo Verde Peak,2026-03-19,2026-03-20,2026-03-21,37.0,27.0,32.29,-1.78,18400,23,13
Palo Verde Peak,2026-03-20,2026-03-23,2026-03-23,32.0,25.0,28.78,-3.51,7600,17,11
Palo Verde Peak,2026-03-23,2026-03-24,2026-03-24,33.0,32.5,32.75,3.97,800,2,4
Palo Verde Peak,2026-03-24,2026-03-25,2026-03-25,26.0,24.0,24.71,-8.04,2400,6,8
Palo Verde Peak,2026-03-25,2026-03-26,2026-03-26,23.0,20.5,21.71,-3.0,2800,7,8
Palo Verde Peak,2026-03-26,2026-03-27,2026-03-28,28.75,25.0,26.8,5.09,16000,18,11
Palo Verde Peak,2026-03-27,2026-03-30,2026-03-30,34.0,28.0,31.79,4.99,8000,20,12
Palo Verde Peak,2026-03-30,2026-03-31,2026-03-31,34.0,30.0,31.77,-0.02,5200,13,8
Palo Verde Peak,2026-03-31,2026-04-01,2026-04-02,16.25,9.0,11.47,-20.3,7200,9,6
Palo Verde Peak,2026-04-02,2026-04-06,2026-04-06,27.0,24.0,24.95,15.26,14800,32,17
Palo Verde Peak,2026-04-06,2026-04-07,2026-04-07,8.25,7.5,7.92,-17.03,2400,6,8
Palo Verde Peak,2026-04-07,2026-04-08,2026-04-08,13.0,12.5,12.75,4.83,1600,4,6
Palo Verde Peak,2026-04-08,2026-04-09,2026-04-09,20.0,14.0,17.06,4.31,3600,9,9
Palo Verde Peak,2026-04-09,2026-04-10,2026-04-11,11.0,9.25,10.03,-7.03,7200,8,8
Palo Verde Peak,2026-04-10,2026-04-13,2026-04-13,5.0,1.0,2.81,-7.22,6400,15,10
Palo Verde Peak,2026-04-13,2026-04-14,2026-04-14,7.5,2.5,6.08,3.27,3600,9,8
Palo Verde Peak,2026-04-14,2026-04-15,2026-04-15,9.0,9.0,9.0,2.92,1600,4,3
Palo Verde Peak,2026-04-16,2026-04-17,2026-04-18,7.0,5.0,5.3,-5.37,11200,14,8
Palo Verde Peak,2026-04-17,2026-04-20,2026-04-20,22.0,17.0,18.0,12.7,4000,9,7
Palo Verde Peak,2026-04-20,2026-04-21,2026-04-21,23.0,23.0,23.0,5.0,1200,3,3
Palo Verde Peak,2026-04-21,2026-04-22,2026-04-22,6.0,4.0,4.5,-18.5,2400,6,5
Palo Verde Peak,2026-04-22,2026-04-23,2026-04-23,3.0,1.5,2.33,-2.17,4000,10,8
Palo Verde Peak,2026-04-23,2026-04-24,2026-04-25,4.5,4.0,4.25,1.92,1600,2,3
Palo Verde Peak,2026-04-24,2026-04-27,2026-04-27,9.0,8.5,8.9,4.65,2000,5,5
Palo Verde Peak,2026-04-27,2026-04-28,2026-04-28,11.0,7.0,9.0,0.1,800,2,4
Palo Verde Peak,2026-04-28,2026-04-29,2026-04-29,17.0,17.0,17.0,8.0,1600,4,3
Palo Verde Peak,2026-04-30,2026-05-01,2026-05-02,19.0,19.0,19.0,1.5,8800,10,5
Palo Verde Peak,2026-05-01,2026-05-04,2026-05-04,24.0,20.0,21.33,2.33,1200,3,5
Palo Verde Peak,2026-05-04,2026-05-05,2026-05-05,19.0,16.0,17.5,-3.83,800,2,4
Palo Verde Peak,2026-05-05,2026-05-06,2026-05-06,18.0,18.0,18.0,0.5,1200,3,3
Palo Verde Peak,2026-05-06,2026-05-07,2026-05-07,22.0,18.5,20.64,2.64,2800,7,10
Palo Verde Peak,2026-05-07,2026-05-08,2026-05-09,25.25,20.0,23.85,3.21,18400,22,17
Palo Verde Peak,2026-05-08,2026-05-11,2026-05-11,46.0,43.0,44.49,20.64,14000,34,19
Palo Verde Peak,2026-05-11,2026-05-12,2026-05-12,45.25,42.0,44.37,-0.12,12400,29,15
Palo Verde Peak,2026-05-12,2026-05-13,2026-05-13,20.0,14.0,16.2,-28.17,5600,14,9
Palo Verde Peak,2026-05-14,2026-05-15,2026-05-16,10.0,9.5,9.88,-2.84,6400,8,7
Palo Verde Peak,2026-05-15,2026-05-18,2026-05-18,10.0,10.0,10.0,0.12,400,1,2
Palo Verde Peak,2026-05-18,2026-05-19,2026-05-19,10.0,10.0,10.0,0.0,400,1,2
Palo Verde Peak,2026-05-19,2026-05-20,2026-05-20,21.75,18.0,20.25,10.25,1200,3,5
Palo Verde Peak,2026-05-20,2026-05-21,2026-05-22,20.0,20.0,20.0,-0.25,4000,3,5
Palo Verde Peak,2026-05-21,2026-05-23,2026-05-23,14.0,13.0,13.5,-6.5,800,2,4
Palo Verde Peak,2026-05-22,2026-05-26,2026-05-26,11.0,9.5,9.88,-3.62,3200,8,7
Palo Verde Peak,2026-05-26,2026-05-27,2026-05-27,9.0,6.0,7.5,-2.38,1600,4,6
Palo Verde Peak,2026-05-28,2026-05-30,2026-05-30,10.75,9.0,9.96,2.46,2400,6,6
Palo Verde Peak,2026-05-29,2026-06-01,2026-06-01,26.5,25.5,26.23,16.27,4400,10,9
Palo Verde Peak,2026-06-01,2026-06-02,2026-06-02,25.0,24.0,24.75,-1.48,1600,4,6
Palo Verde Peak,2026-06-02,2026-06-03,2026-06-03,18.0,16.0,17.2,-7.55,2000,5,6
Palo Verde Peak,2026-06-03,2026-06-04,2026-06-04,26.0,25.0,25.4,8.2,2000,4,6
Palo Verde Peak,2026-06-04,2026-06-05,2026-06-06,20.5,20.0,20.17,-5.23,2400,3,4
Palo Verde Peak,2026-06-05,2026-06-08,2026-06-08,20.0,17.0,18.43,-1.74,2800,7,9
Palo Verde Peak,2026-06-08,2026-06-09,2026-06-09,22.0,20.0,20.98,2.55,4000,10,9
Palo Verde Peak,2026-06-09,2026-06-10,2026-06-10,25.0,24.0,24.63,3.65,1600,4,7
Palo Verde Peak,2026-06-11,2026-06-12,2026-06-13,31.0,22.5,25.13,-2.07,6400,7,8
Palo Verde Peak,2026-06-12,2026-06-15,2026-06-15,33.0,30.0,30.43,5.3,2800,7,9
Palo Verde Peak,2026-06-15,2026-06-16,2026-06-16,35.0,33.0,34.0,3.57,2000,5,6
Palo Verde Peak,2026-06-16,2026-06-17,2026-06-18,35.0,35.0,35.0,1.0,800,1,2
Palo Verde Peak,2026-06-17,2026-06-19,2026-06-20,24.0,21.0,22.25,-12.75,3200,4,4
Palo Verde Peak,2026-06-18,2026-06-22,2026-06-22,30.0,27.0,28.5,6.25,800,2,4
Palo Verde Peak,2026-06-22,2026-06-23,2026-06-23,40.0,40.0,40.0,11.5,400,1,2
Palo Verde Peak,2026-06-23,2026-06-24,2026-06-24,35.0,35.0,35.0,-5.0,800,2,4
Palo Verde Peak,2026-06-25,2026-06-26,2026-06-27,23.0,23.0,23.0,-7.07,2400,2,3
Palo Verde Peak,2026-06-26,2026-06-29,2026-06-29,12.0,12.0,12.0,-11.0,1200,2,4
Palo Verde Peak,2026-06-29,2026-06-30,2026-06-30,11.0,11.0,11.0,-1.0,400,1,2
Palo Verde Peak,2026-06-30,2026-07-01,2026-07-02,13.0,13.0,13.0,2.0,4000,5,8
Palo Verde Peak,2026-07-01,2026-07-03,2026-07-03,18.0,14.0,16.75,3.75,6800,6,9
Palo Verde Peak,2026-07-02,2026-07-06,2026-07-06,40.0,37.0,38.16,21.41,4400,11,13
Palo Verde Peak,2026-07-06,2026-07-07,2026-07-07,39.5,37.0,37.25,-0.91,4400,11,9
Palo Verde Peak,2026-07-07,2026-07-08,2026-07-08,37.0,35.75,36.68,-0.57,4000,9,10
Palo Verde Peak,2026-07-09,2026-07-10,2026-07-11,40.0,39.5,39.83,-1.74,2400,3,4
Palo Verde Peak,2026-07-10,2026-07-13,2026-07-13,55.0,49.0,51.0,11.17,1600,4,6
Palo Verde Peak,2026-07-13,2026-07-14,2026-07-14,61.0,54.0,57.33,6.33,2400,6,6
Palo Verde Peak,2026-07-14,2026-07-15,2026-07-15,64.75,63.0,63.92,6.59,1200,3,6
Palo Verde Peak,2026-07-15,2026-07-16,2026-07-16,52.0,44.0,46.5,-17.42,3200,8,10
Palo Verde Peak,2026-07-16,2026-07-17,2026-07-18,36.0,35.0,35.14,-11.36,5600,7,7
Palo Verde Peak,2026-07-17,2026-07-20,2026-07-20,50.0,48.0,48.75,13.61,3200,8,10
Palo Verde Peak,2026-07-20,2026-07-21,2026-07-21,71.5,65.0,67.98,19.23,4400,11,7
Palo Verde Peak,2026-07-21,2026-07-22,2026-07-22,71.0,70.0,70.5,2.52,2800,7,6
Palo Verde Peak,2026-07-23,2026-07-24,2026-07-25,66.0,62.75,63.89,0.2,5600,7,7
Palo Verde Peak,2026-07-24,2026-07-27,2026-07-27,78.0,73.75,76.16,12.27,3200,8,11
Palo Verde Peak,2026-07-27,2026-07-28,2026-07-28,76.0,72.25,74.4,-1.76,7200,18,14
Palo Verde Peak,2026-07-28,2026-07-29,2026-07-29,72.0,69.0,70.38,-4.02,4000,10,8
Palo Verde Peak,2026-07-29,2026-07-30,2026-07-31,68.25,65.75,66.43,-3.95,5600,6,5
Palo Verde Peak,2026-07-30,2026-08-01,2026-08-01,62.75,62.0,62.46,-3.97,2400,6,6
Palo Verde Peak,2026-07-31,2026-08-03,2026-08-03,80.0,75.0,76.82,14.36,4400,9,9
Palo Verde Peak,2026-08-03,2026-08-04,2026-08-04,73.0,71.0,71.69,-5.13,3600,9,8
Palo Verde Peak,2026-08-04,2026-08-05,2026-08-05,60.0,60.0,60.0,-11.69,1600,4,3
Palo Verde Peak,2026-08-06,2026-08-07,2026-08-08,59.0,59.0,59.0,-5.5,800,1,2
Palo Verde Peak,2026-08-07,2026-08-10,2026-08-10,62.0,62.0,62.0,3.0,400,1,2
Palo Verde Peak,2026-08-10,2026-08-11,2026-08-11,66.0,65.0,65.5,3.5,3200,8,8
Palo Verde Peak,2026-08-11,2026-08-12,2026-08-12,61.0,55.0,57.39,-8.11,4400,11,11
Palo Verde Peak,2026-08-12,2026-08-13,2026-08-13,57.5,56.0,56.67,-0.72,4800,12,6
Palo Verde Peak,2026-08-13,2026-08-14,2026-08-15,47.0,47.0,47.0,-9.67,7200,4,4
Palo Verde Peak,2026-08-14,2026-08-17,2026-08-17,61.0,60.0,60.18,13.18,2800,7,6
Palo Verde Peak,2026-08-17,2026-08-18,2026-08-18,68.0,63.0,65.17,4.99,2400,6,8
Palo Verde Peak,2026-08-18,2026-08-19,2026-08-19,68.0,68.0,68.0,2.83,1200,3,3
PJM WH Real Time Peak,2025-12-26,2025-12-29,2025-12-29,53.0,48.75,50.63,5.62,24800,30,21
PJM WH Real Time Peak,2025-12-29,2025-12-30,2025-12-30,66.0,59.0,62.89,12.26,13600,17,22
PJM WH Real Time Peak,2025-12-30,2025-12-31,2025-12-31,58.75,55.0,56.21,-6.68,16800,20,19
PJM WH Real Time Peak,2025-12-31,2026-01-02,2026-01-02,66.0,61.0,62.91,6.7,36800,45,25
PJM WH Real Time Peak,2026-01-02,2026-01-05,2026-01-05,57.75,54.8,56.05,-6.86,12800,16,21
PJM WH Real Time Peak,2026-01-05,2026-01-06,2026-01-06,39.0,36.75,37.49,-18.56,19200,23,14
PJM WH Real Time Peak,2026-01-06,2026-01-07,2026-01-07,33.0,32.0,32.58,-4.91,24000,30,21
PJM WH Real Time Peak,2026-01-08,2026-01-09,2026-01-09,31.25,30.25,30.73,-2.75,9600,12,13
PJM WH Real Time Peak,2026-01-09,2026-01-12,2026-01-12,43.0,41.25,42.6,11.87,8000,9,11
PJM WH Real Time Peak,2026-01-12,2026-01-13,2026-01-13,36.0,32.5,33.78,-8.82,33600,41,27
PJM WH Real Time Peak,2026-01-13,2026-01-14,2026-01-14,37.0,34.5,36.13,2.35,16000,20,21
PJM WH Real Time Peak,2026-01-14,2026-01-15,2026-01-15,67.95,57.0,62.9,26.77,52800,64,37
PJM WH Real Time Peak,2026-01-15,2026-01-16,2026-01-16,65.0,56.6,60.32,-2.58,31200,38,25
PJM WH Real Time Peak,2026-01-16,2026-01-19,2026-01-19,86.75,80.0,82.17,21.85,24000,30,24
PJM WH Real Time Peak,2026-01-19,2026-01-20,2026-01-20,106.5,100.0,103.55,21.38,14400,17,20
PJM WH Real Time Peak,2026-01-20,2026-01-21,2026-01-21,60.5,55.5,58.0,-45.55,22400,28,22
PJM WH Real Time Peak,2026-01-22,2026-01-23,2026-01-23,99.25,72.0,89.67,40.19,41600,52,28
PJM WH Real Time Peak,2026-01-23,2026-01-26,2026-01-26,444.0,390.0,412.84,323.17,27200,34,23
PJM WH Real Time Peak,2026-01-26,2026-01-27,2026-01-27,1375.0,899.0,1014.4,601.56,17600,22,19
PJM WH Real Time Peak,2026-01-27,2026-01-28,2026-01-28,705.0,460.0,569.86,-444.54,24800,29,21
PJM WH Real Time Peak,2026-01-28,2026-01-29,2026-01-29,585.0,445.0,482.08,-87.78,21600,27,16
PJM WH Real Time Peak,2026-01-29,2026-01-30,2026-01-30,435.0,320.0,370.26,-111.82,39200,49,29
PJM WH Real Time Peak,2026-01-30,2026-02-02,2026-02-02,233.0,175.0,196.23,-174.03,32000,40,23
PJM WH Real Time Peak,2026-02-02,2026-02-03,2026-02-03,120.0,110.0,113.47,-82.76,12000,15,15
PJM WH Real Time Peak,2026-02-03,2026-02-04,2026-02-04,97.0,87.0,92.25,-21.22,24800,29,27
PJM WH Real Time Peak,2026-02-05,2026-02-06,2026-02-06,158.0,117.5,131.58,-33.11,72000,89,41
PJM WH Real Time Peak,2026-02-06,2026-02-09,2026-02-09,280.0,190.0,218.96,87.38,30400,38,24
PJM WH Real Time Peak,2026-02-09,2026-02-10,2026-02-10,85.0,74.0,77.21,-141.75,30400,38,26
PJM WH Real Time Peak,2026-02-10,2026-02-11,2026-02-11,56.0,44.5,48.26,-28.95,57600,70,40
PJM WH Real Time Peak,2026-02-11,2026-02-12,2026-02-12,62.0,58.0,60.56,12.3,35200,40,23
PJM WH Real Time Peak,2026-02-12,2026-02-13,2026-02-13,59.75,57.5,58.83,-1.73,20000,24,20
PJM WH Real Time Peak,2026-02-13,2026-02-16,2026-02-16,45.45,44.0,44.81,-14.02,13600,17,17
PJM WH Real Time Peak,2026-02-16,2026-02-17,2026-02-17,46.0,44.0,45.02,0.21,12800,16,15
PJM WH Real Time Peak,2026-02-17,2026-02-18,2026-02-18,40.5,39.0,40.09,-4.93,16800,21,18
PJM WH Real Time Peak,2026-02-19,2026-02-20,2026-02-20,42.0,41.0,41.32,-1.98,18400,22,23
PJM WH Real Time Peak,2026-02-20,2026-02-23,2026-02-23,71.25,66.5,68.42,27.1,52000,62,33
PJM WH Real Time Peak,2026-02-23,2026-02-24,2026-02-24,72.5,68.1,70.75,2.33,38400,48,34
PJM WH Real Time Peak,2026-02-24,2026-02-25,2026-02-25,46.5,43.0,44.3,-26.45,32800,38,20
PJM WH Real Time Peak,2026-02-25,2026-02-26,2026-02-26,50.0,46.15,48.01,3.71,24800,31,22
PJM WH Real Time Peak,2026-02-26,2026-02-27,2026-02-27,38.25,37.0,37.64,-10.37,15200,19,14
PJM WH Real Time Peak,2026-02-27,2026-03-02,2026-03-02,67.75,61.25,65.08,27.44,16000,20,15
PJM WH Real Time Peak,2026-03-02,2026-03-03,2026-03-03,55.0,53.75,54.33,-10.75,17600,22,17
PJM WH Real Time Peak,2026-03-03,2026-03-04,2026-03-04,43.4,42.0,42.59,-11.74,24000,28,21
PJM WH Real Time Peak,2026-03-05,2026-03-06,2026-03-06,50.0,41.35,45.23,-6.55,22400,27,23
PJM WH Real Time Peak,2026-03-06,2026-03-09,2026-03-09,45.0,44.0,44.24,-0.99,13600,17,14
PJM WH Real Time Peak,2026-03-09,2026-03-10,2026-03-10,47.5,45.25,46.43,2.19,19200,22,14
PJM WH Real Time Peak,2026-03-10,2026-03-11,2026-03-11,61.5,53.0,55.93,9.5,24800,30,25
PJM WH Real Time Peak,2026-03-11,2026-03-12,2026-03-12,61.0,57.0,58.77,2.84,37600,47,25
PJM WH Real Time Peak,2026-03-12,2026-03-13,2026-03-13,57.0,55.0,55.73,-3.04,8000,10,12
PJM WH Real Time Peak,2026-03-13,2026-03-16,2026-03-16,80.0,65.0,72.17,16.44,20800,26,20
PJM WH Real Time Peak,2026-03-16,2026-03-17,2026-03-17,104.0,93.7,99.04,26.87,31200,38,26
PJM WH Real Time Peak,2026-03-17,2026-03-18,2026-03-18,105.0,97.0,100.31,1.27,36000,45,25
PJM WH Real Time Peak,2026-03-19,2026-03-20,2026-03-20,44.25,42.8,43.3,-19.57,23200,27,13
PJM WH Real Time Peak,2026-03-20,2026-03-23,2026-03-23,52.5,49.5,50.4,7.1,12000,15,9
PJM WH Real Time Peak,2026-03-23,2026-03-24,2026-03-24,66.0,65.0,65.61,15.21,8800,10,14
PJM WH Real Time Peak,2026-03-24,2026-03-25,2026-03-25,51.0,50.25,50.55,-15.06,12000,15,11
PJM WH Real Time Peak,2026-03-25,2026-03-26,2026-03-26,43.0,41.9,42.45,-8.1,8000,10,12
PJM WH Real Time Peak,2026-03-26,2026-03-27,2026-03-27,55.0,46.75,50.12,7.67,21600,27,21
PJM WH Real Time Peak,2026-03-27,2026-03-30,2026-03-30,59.75,55.85,58.5,8.38,9600,10,8
PJM WH Real Time Peak,2026-03-30,2026-03-31,2026-03-31,60.5,50.05,52.84,-5.66,39200,46,29
PJM WH Real Time Peak,2026-03-31,2026-04-01,2026-04-01,63.5,60.0,61.14,8.3,17600,21,16
PJM WH Real Time Peak,2026-04-02,2026-04-03,2026-04-03,51.3,50.0,50.26,-4.46,13600,17,15
PJM WH Real Time Peak,2026-04-06,2026-04-07,2026-04-07,58.75,54.0,55.94,5.68,21600,25,19
PJM WH Real Time Peak,2026-04-07,2026-04-08,2026-04-08,58.75,56.1,57.64,1.7,21600,26,19
PJM WH Real Time Peak,2026-04-08,2026-04-09,2026-04-09,48.45,44.95,47.01,-10.63,14400,18,13
PJM WH Real Time Peak,2026-04-10,2026-04-13,2026-04-13,62.0,57.45,60.1,13.09,44000,48,24
PJM WH Real Time Peak,2026-04-13,2026-04-14,2026-04-14,89.0,80.5,84.04,23.94,28000,35,28
PJM WH Real Time Peak,2026-04-14,2026-04-15,2026-04-15,125.0,116.75,120.06,36.02,24000,30,27
PJM WH Real Time Peak,2026-04-16,2026-04-17,2026-04-17,72.75,69.5,70.72,-53.81,25600,32,22
PJM WH Real Time Peak,2026-04-17,2026-04-20,2026-04-20,65.0,60.0,63.55,-7.17,52000,58,25
PJM WH Real Time Peak,2026-04-20,2026-04-21,2026-04-21,64.95,58.1,60.13,-3.42,42400,47,30
PJM WH Real Time Peak,2026-04-21,2026-04-22,2026-04-22,60.0,57.8,59.19,-0.94,25600,31,22
PJM WH Real Time Peak,2026-04-22,2026-04-23,2026-04-23,69.75,66.75,68.72,9.53,15200,19,19
PJM WH Real Time Peak,2026-04-23,2026-04-24,2026-04-24,79.0,73.95,75.7,6.98,19200,24,20
PJM WH Real Time Peak,2026-04-24,2026-04-27,2026-04-27,57.75,57.75,57.75,-17.95,1600,2,3
PJM WH Real Time Peak,2026-04-27,2026-04-28,2026-04-28,64.0,60.45,62.58,4.83,32000,38,28
PJM WH Real Time Peak,2026-04-28,2026-04-29,2026-04-29,88.0,72.0,82.31,19.73,31200,37,27
PJM WH Real Time Peak,2026-04-30,2026-05-01,2026-05-01,47.95,46.75,47.19,-7.11,22400,28,19
PJM WH Real Time Peak,2026-05-01,2026-05-04,2026-05-04,47.85,46.25,47.11,-0.08,12000,15,11
PJM WH Real Time Peak,2026-05-04,2026-05-05,2026-05-05,73.75,70.0,72.17,25.06,44800,52,31
PJM WH Real Time Peak,2026-05-05,2026-05-06,2026-05-06,66.0,62.6,63.81,-8.36,60000,67,28
PJM WH Real Time Peak,2026-05-06,2026-05-07,2026-05-07,49.9,48.5,49.12,-14.69,12000,15,12
PJM WH Real Time Peak,2026-05-07,2026-05-08,2026-05-08,43.25,42.0,42.69,-6.43,6400,8,9
PJM WH Real Time Peak,2026-05-08,2026-05-11,2026-05-11,49.5,48.5,48.95,6.26,4000,5,8
PJM WH Real Time Peak,2026-05-11,2026-05-12,2026-05-12,46.0,42.5,43.7,-5.25,15200,18,10
PJM WH Real Time Peak,2026-05-12,2026-05-13,2026-05-13,44.45,41.25,42.63,-1.07,19200,24,16
PJM WH Real Time Peak,2026-05-14,2026-05-15,2026-05-15,42.5,40.0,41.66,-4.91,10400,13,14
PJM WH Real Time Peak,2026-05-15,2026-05-18,2026-05-18,147.5,142.0,145.48,103.82,23200,29,21
PJM WH Real Time Peak,2026-05-18,2026-05-19,2026-05-19,259.75,212.5,228.78,83.3,32000,38,27
PJM WH Real Time Peak,2026-05-19,2026-05-20,2026-05-20,115.0,106.0,110.37,-118.41,26400,32,24
PJM WH Real Time Peak,2026-05-20,2026-05-21,2026-05-21,42.0,39.5,41.0,-69.37,17600,21,16
PJM WH Real Time Peak,2026-05-21,2026-05-22,2026-05-22,36.95,33.9,35.59,-5.41,13600,17,16
PJM WH Real Time Peak,2026-05-22,2026-05-26,2026-05-26,59.0,56.75,57.83,22.24,24000,27,17
PJM WH Real Time Peak,2026-05-26,2026-05-27,2026-05-27,66.5,60.0,61.48,3.65,52800,58,29
PJM WH Real Time Peak,2026-05-28,2026-05-29,2026-05-29,39.95,36.25,37.11,-8.44,6400,8,10
PJM WH Real Time Peak,2026-05-29,2026-06-01,2026-06-01,38.5,36.5,36.82,-0.29,23200,25,21
PJM WH Real Time Peak,2026-06-01,2026-06-02,2026-06-02,37.6,34.0,35.24,-1.58,73600,89,34
PJM WH Real Time Peak,2026-06-02,2026-06-03,2026-06-03,43.0,39.75,41.65,6.41,39200,46,28
PJM WH Real Time Peak,2026-06-03,2026-06-04,2026-06-04,57.5,55.0,56.32,14.67,15200,19,14
PJM WH Real Time Peak,2026-06-04,2026-06-05,2026-06-05,79.95,75.25,76.94,20.62,23200,25,21
PJM WH Real Time Peak,2026-06-05,2026-06-08,2026-06-08,61.25,55.05,57.72,-19.22,12800,16,19
PJM WH Real Time Peak,2026-06-08,2026-06-09,2026-06-09,70.0,62.85,65.57,7.85,15200,18,17
PJM WH Real Time Peak,2026-06-09,2026-06-10,2026-06-10,118.65,106.25,110.0,44.43,48800,60,29
PJM WH Real Time Peak,2026-06-11,2026-06-12,2026-06-12,190.0,153.05,166.84,5.09,72800,90,39
PJM WH Real Time Peak,2026-06-12,2026-06-15,2026-06-15,46.5,43.0,44.31,-122.53,12800,13,15
PJM WH Real Time Peak,2026-06-15,2026-06-16,2026-06-16,37.0,34.5,35.45,-8.86,23200,28,20
PJM WH Real Time Peak,2026-06-16,2026-06-17,2026-06-17,52.25,48.0,50.61,15.16,20800,26,23
PJM WH Real Time Peak,2026-06-17,2026-06-18,2026-06-18,125.0,110.0,120.54,69.93,56000,63,32
PJM WH Real Time Peak,2026-06-18,2026-06-19,2026-06-19,46.25,45.0,45.78,-74.76,24800,29,23
PJM WH Real Time Peak,2026-06-19,2026-06-22,2026-06-22,57.0,51.25,53.86,8.08,20800,24,18
PJM WH Real Time Peak,2026-06-22,2026-06-23,2026-06-23,49.0,45.5,47.56,-6.3,44800,51,20
PJM WH Real Time Peak,2026-06-23,2026-06-24,2026-06-24,44.0,41.75,42.83,-4.73,20000,25,15
PJM WH Real Time Peak,2026-06-25,2026-06-26,2026-06-26,63.0,60.5,62.72,2.52,24000,30,15
PJM WH Real Time Peak,2026-06-26,2026-06-29,2026-06-29,101.0,94.3,96.67,33.95,22400,26,23
PJM WH Real Time Peak,2026-06-29,2026-06-30,2026-06-30,148.0,123.0,134.37,37.7,74400,89,36
PJM WH Real Time Peak,2026-06-30,2026-07-01,2026-07-01,375.0,352.0,361.42,227.05,17600,21,23
PJM WH Real Time Peak,2026-07-01,2026-07-02,2026-07-02,625.0,550.0,574.04,212.62,20800,26,21
PJM WH Real Time Peak,2026-07-02,2026-07-03,2026-07-03,400.0,331.05,365.85,-208.19,29600,37,27
PJM WH Real Time Peak,2026-07-03,2026-07-06,2026-07-06,80.75,78.0,79.42,-286.43,18400,21,17
PJM WH Real Time Peak,2026-07-06,2026-07-07,2026-07-07,63.0,60.5,61.72,-17.7,16800,21,17
PJM WH Real Time Peak,2026-07-07,2026-07-08,2026-07-08,75.0,69.75,72.38,10.66,28800,31,20
PJM WH Real Time Peak,2026-07-09,2026-07-10,2026-07-10,115.0,108.55,112.45,-14.37,15200,19,18
PJM WH Real Time Peak,2026-07-10,2026-07-13,2026-07-13,100.0,88.0,90.21,-22.24,31200,36,23
PJM WH Real Time Peak,2026-07-13,2026-07-14,2026-07-14,175.0,145.0,150.82,60.61,45600,50,27
PJM WH Real Time Peak,2026-07-14,2026-07-15,2026-07-15,432.0,405.0,419.99,269.17,15200,19,25
PJM WH Real Time Peak,2026-07-15,2026-07-16,2026-07-16,359.0,310.0,338.79,-81.2,11200,14,18
PJM WH Real Time Peak,2026-07-16,2026-07-17,2026-07-17,105.0,89.85,99.94,-238.85,36800,38,31
PJM WH Real Time Peak,2026-07-17,2026-07-20,2026-07-20,75.0,68.0,69.97,-29.97,24000,29,17
PJM WH Real Time Peak,2026-07-20,2026-07-21,2026-07-21,67.65,60.0,64.23,-5.74,16000,18,21
PJM WH Real Time Peak,2026-07-21,2026-07-22,2026-07-22,63.75,60.0,62.49,-1.74,15200,17,17
PJM WH Real Time Peak,2026-07-23,2026-07-24,2026-07-24,42.0,36.5,39.31,-1.66,20000,24,21
PJM WH Real Time Peak,2026-07-24,2026-07-27,2026-07-27,111.0,100.65,105.9,66.59,36000,45,25
PJM WH Real Time Peak,2026-07-27,2026-07-28,2026-07-28,66.4,62.55,64.66,-41.24,35200,40,24
PJM WH Real Time Peak,2026-07-28,2026-07-29,2026-07-29,59.45,55.0,57.28,-7.38,27200,30,21
PJM WH Real Time Peak,2026-07-29,2026-07-30,2026-07-30,52.55,52.0,52.47,-4.81,10400,13,9
PJM WH Real Time Peak,2026-07-30,2026-07-31,2026-07-31,59.5,57.75,58.75,6.28,19200,19,17
PJM WH Real Time Peak,2026-07-31,2026-08-03,2026-08-03,58.0,54.85,55.39,-3.36,44000,36,24
PJM WH Real Time Peak,2026-08-03,2026-08-04,2026-08-04,70.4,62.0,65.5,10.11,41600,52,35
PJM WH Real Time Peak,2026-08-04,2026-08-05,2026-08-05,81.0,75.05,78.03,12.53,52800,66,35
PJM WH Real Time Peak,2026-08-06,2026-08-07,2026-08-07,139.0,128.5,133.92,-0.26,21600,26,20
PJM WH Real Time Peak,2026-08-07,2026-08-10,2026-08-10,135.0,130.0,131.3,-2.62,13600,17,18
PJM WH Real Time Peak,2026-08-10,2026-08-11,2026-08-11,72.0,67.0,69.66,-61.64,27200,34,22
PJM WH Real Time Peak,2026-08-11,2026-08-12,2026-08-12,62.8,58.25,59.61,-10.05,8000,10,13
PJM WH Real Time Peak,2026-08-12,2026-08-13,2026-08-13,78.0,74.0,75.91,16.3,16800,21,20
PJM WH Real Time Peak,2026-08-13,2026-08-14,2026-08-14,61.5,59.05,60.19,-15.72,15200,19,17
PJM WH Real Time Peak,2026-08-14,2026-08-17,2026-08-17,92.25,87.0,88.97,28.78,25600,32,19
PJM WH Real Time Peak,2026-08-17,2026-08-18,2026-08-18,72.5,70.2,71.58,-17.39,16000,20,14
PJM WH Real Time Peak,2026-08-18,2026-08-19,2026-08-19,75.05,71.15,73.72,2.14,32000,37,28
SP15 EZ Gen DA LMP Peak,2025-12-26,2025-12-29,2025-12-29,25.0,23.5,24.13,-2.41,7600,16,10
SP15 EZ Gen DA LMP Peak,2025-12-29,2025-12-30,2025-12-30,35.25,35.0,35.01,10.88,8400,19,12
SP15 EZ Gen DA LMP Peak,2025-12-30,2025-12-31,2025-12-31,39.5,38.0,38.99,3.98,7600,19,10
SP15 EZ Gen DA LMP Peak,2025-12-31,2026-01-02,2026-01-02,35.0,34.0,34.38,-4.61,16800,38,11
SP15 EZ Gen DA LMP Peak,2026-01-02,2026-01-03,2026-01-05,32.5,32.0,32.19,-2.19,9600,11,12
SP15 EZ Gen DA LMP Peak,2026-01-05,2026-01-06,2026-01-06,35.0,34.0,34.49,2.3,37200,74,25
SP15 EZ Gen DA LMP Peak,2026-01-06,2026-01-07,2026-01-07,25.65,23.0,25.06,-9.43,12400,26,15
SP15 EZ Gen DA LMP Peak,2026-01-08,2026-01-09,2026-01-10,22.0,21.75,21.9,-0.04,36800,25,17
SP15 EZ Gen DA LMP Peak,2026-01-09,2026-01-12,2026-01-12,26.5,26.0,26.18,4.28,9200,22,13
SP15 EZ Gen DA LMP Peak,2026-01-12,2026-01-13,2026-01-13,25.5,25.0,25.29,-0.89,4800,10,7
SP15 EZ Gen DA LMP Peak,2026-01-13,2026-01-14,2026-01-14,23.3,22.75,23.11,-2.18,9600,16,9
SP15 EZ Gen DA LMP Peak,2026-01-14,2026-01-15,2026-01-16,19.5,19.5,19.5,-3.61,10400,13,6
SP15 EZ Gen DA LMP Peak,2026-01-15,2026-01-17,2026-01-17,15.75,15.25,15.46,-4.04,13600,28,12
SP15 EZ Gen DA LMP Peak,2026-01-16,2026-01-19,2026-01-20,20.25,20.0,20.02,4.56,9600,12,6
SP15 EZ Gen DA LMP Peak,2026-01-20,2026-01-21,2026-01-21,37.0,36.5,36.59,16.57,11600,24,13
SP15 EZ Gen DA LMP Peak,2026-01-22,2026-01-23,2026-01-24,54.0,48.0,50.2,9.49,72000,87,22
SP15 EZ Gen DA LMP Peak,2026-01-23,2026-01-26,2026-01-26,85.0,65.0,72.24,22.04,36800,88,28
SP15 EZ Gen DA LMP Peak,2026-01-26,2026-01-27,2026-01-27,60.0,57.5,58.82,-13.42,22000,31,18
SP15 EZ Gen DA LMP Peak,2026-01-27,2026-01-28,2026-01-28,55.0,51.0,53.26,-5.56,41600,93,21
SP15 EZ Gen DA LMP Peak,2026-01-28,2026-01-29,2026-01-29,28.25,25.0,25.57,-27.69,18800,33,15
SP15 EZ Gen DA LMP Peak,2026-01-29,2026-01-30,2026-01-31,21.75,21.0,21.49,-4.08,35200,22,12
SP15 EZ Gen DA LMP Peak,2026-01-30,2026-02-02,2026-02-02,26.5,23.0,25.3,3.81,10000,18,13
SP15 EZ Gen DA LMP Peak,2026-02-02,2026-02-03,2026-02-03,20.75,20.6,20.72,-4.58,4000,10,7
SP15 EZ Gen DA LMP Peak,2026-02-03,2026-02-04,2026-02-04,23.0,21.5,22.5,1.78,2400,5,6
SP15 EZ Gen DA LMP Peak,2026-02-05,2026-02-06,2026-02-07,23.25,23.0,23.02,-4.53,48800,38,14
SP15 EZ Gen DA LMP Peak,2026-02-06,2026-02-09,2026-02-09,29.0,27.0,27.28,4.26,12000,28,12
SP15 EZ Gen DA LMP Peak,2026-02-09,2026-02-10,2026-02-10,32.5,31.75,32.04,4.76,20000,44,15
SP15 EZ Gen DA LMP Peak,2026-02-10,2026-02-11,2026-02-11,34.0,32.0,33.35,1.31,15200,26,14
SP15 EZ Gen DA LMP Peak,2026-02-11,2026-02-12,2026-02-13,25.5,24.0,24.66,-8.69,23200,28,17
SP15 EZ Gen DA LMP Peak,2026-02-12,2026-02-14,2026-02-14,19.0,18.25,18.65,-6.01,4800,12,9
SP15 EZ Gen DA LMP Peak,2026-02-13,2026-02-16,2026-02-17,35.5,32.75,33.8,15.15,66400,62,20
SP15 EZ Gen DA LMP Peak,2026-02-17,2026-02-18,2026-02-18,21.25,20.5,20.7,-13.1,4000,8,8
SP15 EZ Gen DA LMP Peak,2026-02-19,2026-02-20,2026-02-21,21.0,20.5,20.99,-6.35,32800,26,13
SP15 EZ Gen DA LMP Peak,2026-02-20,2026-02-23,2026-02-23,21.0,20.0,20.06,-0.93,12800,28,14
SP15 EZ Gen DA LMP Peak,2026-02-23,2026-02-24,2026-02-24,16.0,14.5,14.92,-5.14,12800,24,12
SP15 EZ Gen DA LMP Peak,2026-02-24,2026-02-25,2026-02-25,8.0,6.25,7.58,-7.34,6400,15,10
SP15 EZ Gen DA LMP Peak,2026-02-25,2026-02-26,2026-02-26,10.0,9.0,9.65,2.07,8000,20,8
SP15 EZ Gen DA LMP Peak,2026-02-26,2026-02-27,2026-02-28,12.5,11.0,12.12,2.47,45600,51,15
SP15 EZ Gen DA LMP Peak,2026-02-27,2026-03-02,2026-03-02,7.75,5.0,6.57,-5.55,24400,52,17
SP15 EZ Gen DA LMP Peak,2026-03-02,2026-03-03,2026-03-03,7.25,6.5,6.86,0.29,9200,18,10
SP15 EZ Gen DA LMP Peak,2026-03-03,2026-03-04,2026-03-04,7.25,6.0,6.54,-0.32,24000,57,19
SP15 EZ Gen DA LMP Peak,2026-03-05,2026-03-06,2026-03-07,3.5,2.0,2.09,-0.38,26400,33,13
SP15 EZ Gen DA LMP Peak,2026-03-06,2026-03-09,2026-03-09,7.5,7.0,7.17,5.08,1200,3,5
SP15 EZ Gen DA LMP Peak,2026-03-09,2026-03-10,2026-03-10,6.0,4.25,4.85,-2.32,10400,22,10
SP15 EZ Gen DA LMP Peak,2026-03-10,2026-03-11,2026-03-11,6.75,6.0,6.46,1.61,17600,29,14
SP15 EZ Gen DA LMP Peak,2026-03-11,2026-03-12,2026-03-12,13.75,12.5,13.06,6.6,9600,24,12
SP15 EZ Gen DA LMP Peak,2026-03-12,2026-03-13,2026-03-14,14.0,8.15,8.76,-4.3,14400,18,9
SP15 EZ Gen DA LMP Peak,2026-03-13,2026-03-16,2026-03-16,19.0,18.75,18.99,10.23,18000,37,16
SP15 EZ Gen DA LMP Peak,2026-03-16,2026-03-17,2026-03-17,23.5,21.0,22.94,3.95,40000,74,22
SP15 EZ Gen DA LMP Peak,2026-03-17,2026-03-18,2026-03-18,23.0,20.5,21.21,-1.73,15600,33,18
SP15 EZ Gen DA LMP Peak,2026-03-19,2026-03-20,2026-03-21,16.5,15.75,16.26,-5.19,29600,34,17
SP15 EZ Gen DA LMP Peak,2026-03-20,2026-03-23,2026-03-23,16.0,15.0,15.39,-0.87,7600,17,17
SP15 EZ Gen DA LMP Peak,2026-03-23,2026-03-24,2026-03-24,15.25,15.0,15.01,-0.38,14000,27,15
SP15 EZ Gen DA LMP Peak,2026-03-24,2026-03-25,2026-03-25,10.5,10.0,10.09,-4.92,6800,16,15
SP15 EZ Gen DA LMP Peak,2026-03-25,2026-03-26,2026-03-26,12.25,12.0,12.12,2.03,5200,13,12
SP15 EZ Gen DA LMP Peak,2026-03-26,2026-03-27,2026-03-28,14.5,14.0,14.15,2.03,24800,30,16
SP15 EZ Gen DA LMP Peak,2026-03-27,2026-03-30,2026-03-30,19.5,17.0,18.07,3.92,4400,11,10
SP15 EZ Gen DA LMP Peak,2026-03-30,2026-03-31,2026-03-31,25.5,24.75,25.08,7.01,20000,40,16
SP15 EZ Gen DA LMP Peak,2026-03-31,2026-04-01,2026-04-02,5.0,4.5,4.92,-20.16,50400,38,16
SP15 EZ Gen DA LMP Peak,2026-04-02,2026-04-06,2026-04-06,10.0,8.25,9.48,5.54,10000,21,14
SP15 EZ Gen DA LMP Peak,2026-04-06,2026-04-07,2026-04-07,1.5,1.0,1.33,-8.15,2400,6,8
SP15 EZ Gen DA LMP Peak,2026-04-07,2026-04-08,2026-04-08,1.5,1.0,1.07,-0.26,13200,24,17
SP15 EZ Gen DA LMP Peak,2026-04-08,2026-04-09,2026-04-09,9.5,9.0,9.35,8.28,6000,15,10
SP15 EZ Gen DA LMP Peak,2026-04-09,2026-04-10,2026-04-11,6.5,6.0,6.29,-3.06,10400,13,11
SP15 EZ Gen DA LMP Peak,2026-04-10,2026-04-13,2026-04-13,2.25,1.75,1.88,-4.41,1600,4,7
SP15 EZ Gen DA LMP Peak,2026-04-13,2026-04-14,2026-04-14,-0.5,-1.0,-0.72,-2.6,6400,13,7
SP15 EZ Gen DA LMP Peak,2026-04-14,2026-04-15,2026-04-15,1.0,0.5,0.63,1.35,2400,3,4
SP15 EZ Gen DA LMP Peak,2026-04-16,2026-04-17,2026-04-18,2.0,1.5,1.62,0.58,22400,26,14
SP15 EZ Gen DA LMP Peak,2026-04-17,2026-04-20,2026-04-20,4.0,3.5,3.75,2.13,3600,7,9
SP15 EZ Gen DA LMP Peak,2026-04-20,2026-04-21,2026-04-21,7.75,6.0,6.68,2.93,48800,66,19
SP15 EZ Gen DA LMP Peak,2026-04-21,2026-04-22,2026-04-22,-0.25,-1.0,-0.78,-7.46,7600,16,10
SP15 EZ Gen DA LMP Peak,2026-04-22,2026-04-23,2026-04-23,1.5,0.5,0.91,1.69,17600,35,14
SP15 EZ Gen DA LMP Peak,2026-04-23,2026-04-24,2026-04-25,-1.75,-3.0,-2.8,-3.71,12800,14,11
SP15 EZ Gen DA LMP Peak,2026-04-24,2026-04-27,2026-04-27,-1.5,-2.25,-1.77,1.03,4400,6,7
SP15 EZ Gen DA LMP Peak,2026-04-27,2026-04-28,2026-04-28,0.0,-1.0,-0.71,1.06,6800,16,13
SP15 EZ Gen DA LMP Peak,2026-04-28,2026-04-29,2026-04-29,3.5,2.5,2.71,3.42,27600,47,16
SP15 EZ Gen DA LMP Peak,2026-04-30,2026-05-01,2026-05-02,2.5,2.5,2.5,0.4,18400,21,14
SP15 EZ Gen DA LMP Peak,2026-05-01,2026-05-04,2026-05-04,7.0,5.0,5.75,3.25,6800,15,14
SP15 EZ Gen DA LMP Peak,2026-05-04,2026-05-05,2026-05-05,11.0,8.75,9.28,3.53,6000,11,8
SP15 EZ Gen DA LMP Peak,2026-05-05,2026-05-06,2026-05-06,5.0,4.0,4.52,-4.76,13200,21,14
SP15 EZ Gen DA LMP Peak,2026-05-06,2026-05-07,2026-05-07,2.75,2.0,2.2,-2.32,19200,34,19
SP15 EZ Gen DA LMP Peak,2026-05-07,2026-05-08,2026-05-09,-2.0,-3.0,-2.64,-4.84,20800,24,11
SP15 EZ Gen DA LMP Peak,2026-05-08,2026-05-11,2026-05-11,25.0,22.5,23.69,26.33,24800,47,16
SP15 EZ Gen DA LMP Peak,2026-05-11,2026-05-12,2026-05-12,19.5,18.5,19.03,-4.66,35600,80,24
SP15 EZ Gen DA LMP Peak,2026-05-12,2026-05-13,2026-05-13,0.0,-1.5,-1.09,-20.12,12800,21,13
SP15 EZ Gen DA LMP Peak,2026-05-14,2026-05-15,2026-05-16,-2.0,-2.75,-2.38,-3.39,12000,14,8
SP15 EZ Gen DA LMP Peak,2026-05-15,2026-05-18,2026-05-18,6.5,4.75,5.29,7.67,36800,79,22
SP15 EZ Gen DA LMP Peak,2026-05-18,2026-05-19,2026-05-19,4.0,3.25,3.81,-1.48,9600,23,14
SP15 EZ Gen DA LMP Peak,2026-05-19,2026-05-20,2026-05-20,7.0,6.0,6.84,3.03,12800,32,15
SP15 EZ Gen DA LMP Peak,2026-05-20,2026-05-21,2026-05-22,2.75,2.25,2.51,-4.33,20800,24,14
SP15 EZ Gen DA LMP Peak,2026-05-22,2026-05-26,2026-05-26,-2.0,-2.0,-2.0,-4.51,800,2,3
SP15 EZ Gen DA LMP Peak,2026-05-26,2026-05-27,2026-05-27,2.0,1.55,1.74,3.74,4000,8,8
SP15 EZ Gen DA LMP Peak,2026-05-28,2026-05-30,2026-05-30,-2.0,-3.0,-2.53,-4.78,4000,8,7
SP15 EZ Gen DA LMP Peak,2026-05-29,2026-06-01,2026-06-01,11.5,11.0,11.15,13.68,17600,26,11
SP15 EZ Gen DA LMP Peak,2026-06-01,2026-06-02,2026-06-02,8.0,7.75,7.93,-3.22,2800,5,6
SP15 EZ Gen DA LMP Peak,2026-06-02,2026-06-03,2026-06-03,7.0,7.0,7.0,-0.93,400,1,2
SP15 EZ Gen DA LMP Peak,2026-06-03,2026-06-04,2026-06-04,10.0,8.5,9.54,2.54,5200,10,12
SP15 EZ Gen DA LMP Peak,2026-06-04,2026-06-05,2026-06-06,5.5,4.0,4.56,-4.98,45600,26,12
SP15 EZ Gen DA LMP Peak,2026-06-05,2026-06-08,2026-06-08,2.75,2.25,2.58,-1.98,1200,3,3
SP15 EZ Gen DA LMP Peak,2026-06-08,2026-06-09,2026-06-09,3.75,3.75,3.75,1.17,12000,28,11
SP15 EZ Gen DA LMP Peak,2026-06-09,2026-06-10,2026-06-10,13.5,10.5,12.22,8.47,19600,42,21
SP15 EZ Gen DA LMP Peak,2026-06-11,2026-06-12,2026-06-13,12.25,11.0,11.95,-7.47,16800,21,10
SP15 EZ Gen DA LMP Peak,2026-06-12,2026-06-15,2026-06-15,17.5,17.0,17.15,5.2,8400,17,12
SP15 EZ Gen DA LMP Peak,2026-06-15,2026-06-16,2026-06-16,30.0,25.5,26.56,9.41,12800,31,21
SP15 EZ Gen DA LMP Peak,2026-06-16,2026-06-17,2026-06-18,17.0,15.0,16.47,-10.09,7200,9,9
SP15 EZ Gen DA LMP Peak,2026-06-17,2026-06-19,2026-06-20,4.75,3.0,4.13,-12.34,12800,15,14
SP15 EZ Gen DA LMP Peak,2026-06-18,2026-06-22,2026-06-22,16.5,15.5,16.15,12.02,5200,10,9
SP15 EZ Gen DA LMP Peak,2026-06-22,2026-06-23,2026-06-23,19.5,18.5,18.84,2.69,7600,19,15
SP15 EZ Gen DA LMP Peak,2026-06-23,2026-06-24,2026-06-24,21.5,20.25,20.93,2.09,5600,11,11
SP15 EZ Gen DA LMP Peak,2026-06-25,2026-06-26,2026-06-27,6.5,6.0,6.18,-5.99,13600,16,13
SP15 EZ Gen DA LMP Peak,2026-06-26,2026-06-29,2026-06-29,12.0,10.25,10.81,4.63,1600,4,7
SP15 EZ Gen DA LMP Peak,2026-06-30,2026-07-01,2026-07-02,3.0,0.0,2.15,-8.66,24000,28,18
SP15 EZ Gen DA LMP Peak,2026-07-01,2026-07-03,2026-07-03,4.0,3.75,3.83,1.68,6000,9,6
SP15 EZ Gen DA LMP Peak,2026-07-02,2026-07-06,2026-07-06,18.5,17.0,17.72,13.89,19200,37,20
SP15 EZ Gen DA LMP Peak,2026-07-06,2026-07-07,2026-07-07,26.0,25.25,25.72,8.0,12800,28,14
SP15 EZ Gen DA LMP Peak,2026-07-07,2026-07-08,2026-07-08,24.0,23.25,23.79,-1.93,16800,40,15
SP15 EZ Gen DA LMP Peak,2026-07-09,2026-07-10,2026-07-11,27.25,27.0,27.02,0.49,36000,35,16
SP15 EZ Gen DA LMP Peak,2026-07-10,2026-07-13,2026-07-13,41.0,36.0,38.91,11.89,20000,37,21
SP15 EZ Gen DA LMP Peak,2026-07-13,2026-07-14,2026-07-14,46.0,43.0,44.93,6.02,20800,45,21
SP15 EZ Gen DA LMP Peak,2026-07-14,2026-07-15,2026-07-15,48.0,47.0,47.35,2.42,8000,16,14
SP15 EZ Gen DA LMP Peak,2026-07-15,2026-07-16,2026-07-16,40.0,38.0,38.6,-8.75,26800,54,23
SP15 EZ Gen DA LMP Peak,2026-07-16,2026-07-17,2026-07-18,33.0,32.0,32.6,-6.0,32000,27,17
SP15 EZ Gen DA LMP Peak,2026-07-17,2026-07-20,2026-07-20,39.75,37.75,39.44,6.84,6800,12,9
SP15 EZ Gen DA LMP Peak,2026-07-20,2026-07-21,2026-07-21,52.5,51.0,51.97,12.53,21200,47,26
SP15 EZ Gen DA LMP Peak,2026-07-21,2026-07-22,2026-07-22,50.5,49.0,49.84,-2.13,30400,48,20
SP15 EZ Gen DA LMP Peak,2026-07-23,2026-07-24,2026-07-25,47.0,44.0,46.02,-2.36,25600,28,19
SP15 EZ Gen DA LMP Peak,2026-07-24,2026-07-27,2026-07-27,56.0,52.5,54.5,8.48,10000,25,15
SP15 EZ Gen DA LMP Peak,2026-07-27,2026-07-28,2026-07-28,51.25,50.0,50.41,-4.09,10800,23,19
SP15 EZ Gen DA LMP Peak,2026-07-28,2026-07-29,2026-07-29,53.0,49.5,50.94,0.53,7200,17,11
SP15 EZ Gen DA LMP Peak,2026-07-29,2026-07-30,2026-07-31,52.0,50.75,51.4,0.46,41600,41,20
SP15 EZ Gen DA LMP Peak,2026-07-30,2026-08-01,2026-08-01,45.0,43.0,44.47,-6.93,28400,61,19
SP15 EZ Gen DA LMP Peak,2026-07-31,2026-08-03,2026-08-03,51.5,50.0,50.89,6.42,14800,32,18
SP15 EZ Gen DA LMP Peak,2026-08-03,2026-08-04,2026-08-04,48.0,45.25,46.08,-4.81,21600,43,21
SP15 EZ Gen DA LMP Peak,2026-08-04,2026-08-05,2026-08-05,43.5,42.5,43.1,-2.98,14400,36,15
SP15 EZ Gen DA LMP Peak,2026-08-06,2026-08-07,2026-08-08,40.0,39.0,39.26,-6.64,37600,45,16
SP15 EZ Gen DA LMP Peak,2026-08-07,2026-08-10,2026-08-10,45.25,43.0,44.58,5.32,14800,31,16
SP15 EZ Gen DA LMP Peak,2026-08-10,2026-08-11,2026-08-11,48.0,47.0,47.76,3.18,12000,29,15
SP15 EZ Gen DA LMP Peak,2026-08-11,2026-08-12,2026-08-12,44.0,41.25,42.34,-5.42,22400,46,24
SP15 EZ Gen DA LMP Peak,2026-08-12,2026-08-13,2026-08-13,43.0,42.0,42.32,-0.02,24000,56,25
SP15 EZ Gen DA LMP Peak,2026-08-13,2026-08-14,2026-08-15,38.0,36.0,36.77,-5.55,54400,53,21
SP15 EZ Gen DA LMP Peak,2026-08-14,2026-08-17,2026-08-17,43.25,42.75,42.94,6.17,7200,17,11
SP15 EZ Gen DA LMP Peak,2026-08-17,2026-08-18,2026-08-18,45.0,44.5,44.64,1.7,6000,15,12
SP15 EZ Gen DA LMP Peak,2026-08-18,2026-08-19,2026-08-19,49.25,48.0,48.57,3.93,32000,66,27
