Last Updated Date,Project Name,Pipeline Operator Name,Project Type,Status,Completed Date,Year In Service Date,State(s),Beg_State,End_State,Region(s),Beg_Region,End_Region,Thru_Region,Cost (millions),Miles,Additional Capacity (MMcf/d),Pipeline Diameter (Inches),Pipeline Type,Authority,Docket Number,Crosses State Border,Notes,Demand Served,Website
2026-04-21 00:00:00.000,Alaska Nikiski LNG pipeline,Alaska Gasline Development Corp,New Pipeline,Applied,,2029.0,AK,AK,AK,Pacific,Pacific,Pacific,,10700.0,807.0,3300.0,42.0,Intrastate,FERC,CP17-178,No,"Gas pipeline from Prudhoe Bay to the Alaska LNG liquefaction terminal at Nikiski. Targeting a 2025 Final Investment Decision on the first construction phase, with initial gas delivery in 2029 and full LNG exports in the early 2030s. 8 Star Alaska LLC (Glenfarne 75% / AGDC 25%) filed with FERC 2/5/2026 with plans for early construction (camps, storage yards, access roads, bridge crossings) starting ~4/15/2026; construction mobilization ~June 2026; mechanical installation November 2026; mechanical completion targeted 2028. Cost reflects only the pipeline project.",LNG,Project website
2024-02-13 00:00:00.000,Algonquin Reliable Affordable Resilient Enhancement (formerly Project Maple),Algonquin Gas Transmission,Expansion,Pre-applied,,2029.0,"NY,CT,RI,MA",NY,MA,Northeast,Northeast,Northeast,,,,750.0,,Interstate,FERC,PF26-7-000,Yes,"Expansion of Enbridge's Algonquin system to deliver up to 750,000 Dth/d into New England. Capacity is split across two receipt points: up to 500,000 Dth/d scalable at Ramapo (NY, interconnect with Millennium) and up to 250,000 Dth/d at Salem (MA, interconnect with Maritimes & Northeast). Scope includes replacement with larger-diameter pipe where feasible, loop construction and added compression. Original Project Maple open season ended 11/17/2023; Enbridge entered FERC pre-filing (PF26-7-000) in March 2026 under the rebranded AGT Enhancement name. Target in-service November 2029.",,Open Season Announcement
2026-04-27 00:00:00.000,Algonquin Reliable Affordable Resilient Enhancement project,Enbridge,Expansion,Pre-applied,,2028.0,"MA,RI,CT",MA,CT,Northeast,Northeast,Northeast,,300.0,8.25,75.0,16.0,Interstate,FERC,PF26-7-000,Yes,"Upgrades targeted sections of the Algonquin Gas Transmission system within or adjacent to existing rights-of-way, with no new compressor stations. Includes replacement of approximately 8.25 miles of existing 16-inch transmission pipeline, with work planned in Mendon, Bellingham, Franklin, and Wrentham (MA) and Cumberland, Little Compton, Tiverton, and Burrillville (RI). FID reached September 2025.",,Project website
2026-04-21 00:00:00.000,Ameren-EMRT Big Hollow Project,Enable Mississippi River Transmission LLC,Lateral,Applied,,2028.0,"IL,MO",IL,MO,Midwest,Midwest,Midwest,,,9.6,200.0,20.0,Interstate,FERC,CP26-2,Yes,"9.6-mile 20-inch lateral from an interconnection at Mile Post 415.5 on EMRT's existing Mainline 2 (22-inch) and Mainline 3 (26-inch) in Monroe County, IL to the Big Hollow Energy Center site in Jefferson County, MO (on the site of the retired Rush Island coal plant). Supports an 800-MW gas-fired generation facility (with co-located 400-MW battery storage). Scope also includes a measurement and regulation station and appurtenant pipeline facilities (pig launcher, pig receiver, and hot taps on Mainlines 2 and 3). EMRT requested overall FERC approval by 11/1/2026 to meet a 4/1/2028 in-service date. Missouri PSC approved the Ameren project 2/11/2026. Environmental Assessment scheduled for release 4/10/2026; 90-day federal authorization decision deadline 7/9/2026.",Electric,Federal Register
2025-10-10 00:00:00.000,Apex,Targa Resources,New Pipeline,Approved/On Hold,,2027.0,TX,TX,TX,South Central,South Central,South Central,,2500.0,563.0,2000.0,42.0,Intrastate,TX RRC,,No,"Received a permit from TX RRC in 2023. This project will stretch southeast across TX, delivering natural gas from the Permian Basin (Midland) to the Beaumont/Port Arthur area and supporting projects in the Sabine River area. Due to competing pipelines, the in-service date could slip to 2027 or 2028.",LNG,Federal Register
2024-11-22 00:00:00.000,Appalachia to Market II & Armagh & Entriken HP Replacement Project,Texas Eastern Transmission,Upgrade,Construction,,2027.0,"PA,NJ",PA,NJ,Northeast,Northeast,Northeast,,368.0,2.0,55.0,36.0,Interstate,FERC,CP22-486,Yes,"Compressor station upgrades on the Texas Eastern (TETCO) system to increase firm deliveries to two New Jersey local distribution companies. Certificate issued 10/23/2023; construction commenced early 2024. Armagh Compressor Station targeted back in service November 2025. On 9/22/2025 Texas Eastern filed an extension request to complete construction and place the project in service by June 30, 2027.",,Project website
2026-04-27 00:00:00.000,Appalachia to Market III Project,"Texas Eastern Transmission, LP",New Pipeline,Approved,,2027.0,"DE,PA",DE,PA,Northeast,Northeast,Northeast,,42.2,2.0,32.0,36.0,Interstate,FERC,CP25-491,Yes,"Replaces 2 miles of 24-inch pipeline with 36-inch in Adams and York Counties, PA; retires one receiver site and constructs a new one; upgrades the Bedford County compressor station from 54,600 HP to 61,100 HP. FERC approved 2/25/2026; construction begins March 2027; in-service August 2027.",,Project website
2026-04-21 00:00:00.000,Appalachian Reliability Project,Eastern Gas Transmission and Storage,Expansion,Applied,,2028.0,"PA,OH",PA,OH,Northeast,Northeast,Northeast,,,3.9,550.0,,Interstate,FERC,CP25-528-000,Yes,"Approximately 3.9 miles of new pipeline plus modifications to existing compression and metering/regulation facilities in Armstrong, Greene, and Westmoreland Counties, PA, and Monroe County, OH. Adds a new receipt point in Armstrong County, PA for deliveries to Texas Eastern Pipeline (Westmoreland County, PA) and Rockies Express Pipeline (Monroe County, OH). FERC EA published 3/4/2026; public comment period through 3/30/2026.",,"Federal Register, https://aboutarp.com/"
2025-07-01 00:00:00.000,Aspire Energy Express,Aspire Energy Express LLC,New Pipeline,Announced,,2027.0,OH,OH,OH,Northeast,Northeast,Northeast,,10.0,,300.0,,Intrastate,,,No,Intrastate pipeline in central Ohio supplying a new fuel-cell facility that will provide behind-the-meter power to an AEP Ohio data center campus. Fuel cells to be installed for anchor customers Amazon Web Services and Cologix under an AEP – Bloom Energy supply arrangement. Agreement with AEP announced 7/8/2025.,Data Center,Press release
2026-04-21 00:00:00.000,Bakken East Pipeline Project,WBI Energy Transmission,New Pipeline,Pre-applied,,2029.0,ND,ND,ND,Mountain,Mountain,Mountain,,,350.0,1000.0,,Intrastate,,PF26-4,No,"Two-phase intrastate project. Phase 1 (36-inch or 42-inch): Watford City / McKenzie County to central ND (Washburn), targeting Nov 2029 in-service. Phase 2 (24, 30, or 36-inch): Washburn to Mapleton / Casselton near Fargo, targeting Nov 2030. Also extends from Jamestown to Ellendale via 90 miles of lateral pipeline plus new and modified compression, measurement, and interconnect facilities. FERC prefiling request (PF26-4) submitted 12/23/2025; binding open season held Feb 2026. The North Dakota Industrial Commission provided formal FERC support as anchor shipper.","Electric, Industrial, LDC",Project website
2026-04-21 00:00:00.000,Bakken xPress Project,Wyoming Interstate Company,Expansion,Construction,,2026.0,"ND,WY",ND,WY,Mountain,Mountain,Mountain,,,,300.0,,Interstate,FERC,CP23-545,Yes,"Transports gas from existing receipt points on Northern Border's system in McKenzie and Williams Counties, ND to the Fort Union / WIC Interconnect on WIC's Medicine Bow Lateral in Converse County, WY (Bakken xPress leased capacity from the Bison XPress Project). Combined with the TC Energy Bison XPress, provides transport capacity to the Cheyenne Hub by reversing flows on the idle Bison pipeline. WIC executed binding precedent agreements with Hess Trading Corp (100,000 Dth/d) and ONEOK Rockies Midstream (200,000 Dth/d). In-service slipped from March to May 2026 per N.D. Pipeline Authority (Dec 19, 2025 press briefing).",,Project website
2026-04-21 00:00:00.000,Bison Xpress Project,Northern Border Pipeline Co.,Expansion,Construction,,2026.0,"ND,MT,WY",ND,WY,Mountain,Mountain,Mountain,,555.0,,300.0,,Interstate,FERC,CP23-544,Yes,"Replaces / upgrades compression at three Northern Border Pipeline stations (Arnegard in McKenzie County, Manning in Dunn County, and Glen Ullin in Morton County, ND) and makes minor facility modifications on the idled Bison Pipeline across ND, MT, and WY to allow bidirectional flows. Leased capacity supports KMI's companion Bakken xPress Project (CP23-545) to deliver Bakken gas south to the Cheyenne Hub. Mechanical completion targeted April 2026; full 300,000 Dth/d in-service expected May 2026.",,Project website
2025-10-01 00:00:00.000,Black Bayou Gas Storage Project,"Black Bayou Energy Hub, LLC",New Pipeline,Approved,,2028.0,LA,LA,LA,South Central,South Central,South Central,,,,54.2,24.0,Intrastate,FERC,CP24-494-000,No,"Underground salt-dome natural gas storage facility in Cameron and Calcasieu Parishes, LA with four caverns and a combined working capacity of 34.7 Bcf, 2.0 Bcf/d peak deliverability, and 1.6 Bcf/d peak injection. Scope includes two looped 27-mile bi-directional 24-inch header pipelines interconnecting the storage caverns with 10 major interstate pipelines (Phase 1). FERC Certificate of Public Convenience and Necessity issued 10/1/2025. Project advancing toward FID. First two caverns targeted for service Q4 2028; final two by late 2030.",LNG/Storage,Federal Register
2026-04-21 00:00:00.000,Blackcomb Pipeline,Whitewater Midstream,New Pipeline,Construction,,2026.0,TX,TX,TX,South Central,South Central,South Central,,,365.0,2500.0,42.0,Intrastate,TX RRC,,No,"Permian-to-Gulf-Coast natural gas takeaway running from West Texas to the Agua Dulce hub in South Texas, supplying providing direct access to Gulf Coast markets and LNG export and Mexico markets. Supply sourced from Midland Basin gas processing plants and the Agua Blanca Pipeline in the Delaware Basin. FID reached 7/31/2024; in-service targeted Q3 2026.",LNG/Other,"Enbridge FID Announcement
https://blackcombpipeline.com/"
2025-07-10 00:00:00.000,Blackfin Pipeline,WhiteWater Midstream,New Pipeline,Construction,,2027.0,TX,TX,TX,South Central,South Central,South Central,,,193.0,3500.0,3648.0,Intrastate,TX RRC,,No,"Feb 2025 - The TX RRC approved two laterals: one 0.5-mile, 48-inch diameter lateral to Venture Global's CP Express Pipeline (supplying LNG to the CP2 LNG terminal), and another 0.2-mile, 42-inch diameter lateral in Austin County near the Matterhorn pipeline. Per TX RRC, construction started on 10/1/2024. The project includes the Blackfin Mainline (160.5 miles, 48-inch diameter) and Sheridan lateral (35.1 miles, 36-inch diameter), for which a permit was received in 2023 from TX RRC. The pipeline route extends from Colorado County to southern Jasper County, TX, is fully underwritten by transportation service agreements, and will move Permian Basin production to Gulf Coast markets. In-service date delayed do to a relocation of a compressor in the city of Conroe.",LNG/Other,Project website
2026-01-20 00:00:00.000,Borealis Project,Texas Gas Transmission,Expansion,Announced,,2030.0,OH,OH,KY,"Northeast, Midwest",Northeast,Midwest,,,265.0,2000.0,,Interstate,FERC,,Yes,"Greenfield east-west pipeline across Ohio from Clarington (a major Marcellus/Utica supply hub) to Lebanon, where it would interconnect with Boardwalk's Texas Gas Transmission system and with Rockies Express, Rover, Texas Eastern, Columbia Gas, and Eastern Gas Transmission. Paired with enhancements along the existing TGT system, the project would deliver up to 2 Bcf/d south/southwest all the way to the Gulf Coast, creating a direct Clarington-to-Transco Station 85 path when combined with the Kosciusko Junction project. Non-binding open season ran 4/1/2025 – 4/30/2025.","power, LNG, LDC",Project website
2025-10-20 00:00:00.000,Buffalo Run,Targa Resources,Expansion,Announced,,2028.0,TX,TX,TX,South Central,South Central,South Central,,,90.0,,,Intrastate,,,No,"Two-part project connecting Targa's Midland and Delaware intra-basin natural gas systems: a new 35-mile pipeline linking several Targa processing plants in the Permian Midland, plus a 55-mile conversion of an existing Targa pipeline to natural gas service. Combined with the Bull Run Extension, Buffalo Run expands connectivity to multiple markets including the Waha hub. Expected to be completed in stages with full completion in early 2028.",,Press release
2025-12-20 00:00:00.000,Bull Run Extension,Targa Resources,Expansion,Applied,,2028.0,TX,TX,TX,South Central,South Central,South Central,,,43.0,,42.0,Intrastate,FERC,CP26-34,No,"Extends Targa's existing 42-inch Bull Run Pipeline in the Delaware Basin by ~43 miles from Wildcat Junction Station in Winkler County, TX to the Waha market hub on the border of Reeves and Pecos Counties, TX. Supports a 750,000 Dth/d leased-capacity arrangement for Forza Pipeline LLC (companion interstate project in NM/TX) to move growing Delaware Basin residue gas to Waha for ultimate delivery to Texas utilities, industrial customers, and the LNG market. Joint application with Forza filed at FERC 12/3/2025. Service targeted Q2 2028.",,Federal Register
2026-01-16 00:00:00.000,Canyon Gas,Enbridge,Lateral,Announced,,2029.0,GOA,GOA,GOA,Gulf of America,Gulf of America,Gulf of America,,1000.0,60.0,125.0,12.0,Intrastate,FERC,,No,"Subsea 12-inch gas gathering line (Canyon Gathering System) supporting BP's sanctioned Kaskida and Tiber deepwater developments in the Keathley Canyon area (~250 miles SW of New Orleans). Connects subsea to Enbridge's existing Magnolia Gas Gathering Pipeline, which delivers to the downstream FERC-regulated Garden Banks Gas Pipeline. Paired with the 200,000 b/d Canyon Oil Pipeline System (crude). Original Kaskida sanction extended in Q3 2025 to also serve Tiber (extension cost $430M; total combined Canyon System project cost ~$1.0B).",Industrial,Earnings report
2026-04-21 00:00:00.000,Capital Area Project,Eastern Gas Transmission and Storage,Expansion,Applied,,2027.0,"PA,MD,VA",PA,VA,Northeast,Northeast,Northeast,,,0.0,68.0,,Interstate,FERC,CP25-29,Yes,"Adds compression at existing EGTS compressor stations to deliver an incremental 67,500 Dth/d of firm transportation from the Leidy interconnect with Transco in Clinton County, PA to Frederick County, MD and Loudoun County, VA. Scope: one 6,130-HP gas turbine at Centre Compressor Station (Centre County, PA); one 11,110-HP gas turbine at Chambersburg Compressor Station (Franklin County, PA); one 5,000-HP electric-driven unit at Leesburg Compressor Station (Loudoun County, VA); and gas cooler, header, and check-valve modifications at Finnefrock Compressor Station (Clinton County, PA). Fully subscribed by Washington Gas Light Company. FERC issued EA (finding of no significant impact) 8/8/2025; final decision by 11/6/2025; in-service targeted Q4 2027.","LDC, Electric",Project website
2026-04-21 00:00:00.000,Carnation Project,Texas Gas Transmission (Boardwalk),Expansion,Applied,,2027.0,OH,OH,OH,Northeast,Northeast,Northeast,,,0.0,170.0,,Interstate,FERC,CP26-16-000,No,"New 14,189 HP Solar Mars 100 compressor unit at Texas Gas's existing Crosby-Harrison Compressor Station in Hamilton County, Ohio, plus modifications to Mainline System Block Valve 64. Compressor-only; no new pipe. Adds 170,000 Dth/d of firm capacity to serve growing OH/KY/IN tri-state demand. Application filed 10/31/2025 in CP26-16; FERC Notice of Application 11/13/2025; scoping closed 1/2/2026.",Power / industrial (OH/KY/IN tri-state),Project website (Boardwalk Pipelines)
2026-04-21 00:00:00.000,CCPL Expansion Project (Corpus Christi Stage IV),Cheniere Corpus Christi Pipeline,Expansion,Applied,,2030.0,TX,TX,TX,South Central,South Central,South Central,,,26.0,3000.0,42.0,Interstate,FERC,"CP26-82, CP26-87",No,"Pipeline component of Cheniere's Corpus Christi Stage 4 LNG expansion: ~26 miles of new 42-inch pipeline adding up to 2.75 Bcf/d of feed-gas delivery to the CCL terminal. Supports 4 new liquefaction trains (~24 MTPA). Application filed 2/3/2026; pipeline docket CP26-87-000, LNG terminal docket CP26-82-000. Target in-service 4Q 2031; FERC approval sought by May 2027.",LNG,Project website
2026-04-27 00:00:00.000,Cedar Vale Compressor Station Project,Southern Star Central Gas Pipeline,Expansion,Approved,,2026.0,OK,OK,OK,South Central,South Central,South Central,,48.0,0.0,133.0,,Intrastate,FERC,CP25-19,No,"Installs a 6,091 HP compressor station in Osage County, OK. Adds 98,000 Dth/d of capacity in the delivery area plus 35,000 Dth/d in the production area. Binding open season sold 88,000 Dth/d (market area) and 20,000 Dth/d (production area), with remaining capacity bid by January 2025. Requested FERC approval by 12/1/2025; planned in-service 12/1/2026.","LDC, Electric",Federal Register
2026-04-21 00:00:00.000,Clarington Connector,EQT Corp.,New Pipeline,Announced,,2028.0,"OH,PA",OH,PA,Northeast,Northeast,Northeast,,,,400.0,,Intrastate,Ohio PUC,,Yes,"Proposed OH–PA pipeline to move Marcellus/Utica gas into Ohio for data-center and power demand; connects to Rover, REX and Nexus systems. Upsized 33% to 400 MMcf/d per EQT Q4 2025 earnings. Complements EQT's Oakgate pipeline (200 MMcf/d) and Pacific Coast compression. Target in-service 2028.",Electric,EQT earnings presentation
2026-04-21 00:00:00.000,Constitution Pipeline (Revival),Constitution Pipeline Co. LLC (Williams),New Pipeline,Pre-applied,,2028.0,"PA,NY",PA,NY,Northeast,Northeast,Northeast,,,125.0,650.0,30.0,Interstate,FERC,CP13-499-006,Yes,"125-mile, 30-inch Marcellus pipeline from Susquehanna County, PA to Schoharie County, NY; originally certificated in 2014 but shelved in 2020 after NY DEC 401 denial and an 8-year legal battle. Williams petitioned FERC 12/19/2025 (CP13-499-006) to reinstate the certificate; joint FERC NEPA scoping opened April 2026 for Constitution and the related Wright Interconnect. Target capacity up to 650,000 Dth/d from Appalachia to NY/New England markets. Williams targeting CPCN reinstatement Q3 2026 and in-service late 2027; Iroquois filing targets May 2028. NYSDEC actively contesting.",LDC,Project website
2026-04-21 00:00:00.000,CP Express Pipeline Project Phase 1,Venture Global,New Pipeline,Construction,,2027.0,"TX,LA",TX,LA,South Central,South Central,South Central,,,91.4,1800.0,2448.0,Interstate,FERC,CP22-22,Yes,"New 85.4-mile, 48-inch mainline plus a 6.0-mile, 24-inch lateral (Enable Gulf Run Lateral) connecting the CP2 LNG terminal in Cameron Parish, LA to the existing natural gas pipeline grid in east Texas and southwest Louisiana. Includes the 187,000-HP Moss Lake Compressor Station in Calcasieu Parish, LA. FERC issued original Authorization Order 6/27/2024 (CP22-21/CP22-22); Final Supplemental EIS issued 5/15/2025; FERC authorized construction of the Moss Lake Compressor Station in early December 2025. FID and financial close for CP2 LNG Phase 1 announced 7/27/2025. Firm transport on TC Louisiana Intrastate (1.4 TBtu/d expanding to 1.9 TBtu/d) secured to deliver Haynesville production into CP Express.",LNG,Project website
2026-04-21 00:00:00.000,CP Express Pipeline Project Phase II,Venture Global,New Pipeline,Construction,,2027.0,"TX,LA",TX,LA,South Central,South Central,South Central,,,,2200.0,,Interstate,FERC,CP22-22,Yes,Phase 2 scope: additional gas-fired compression at the Moss Lake Compressor Station (built in Phase 1) supporting full buildout of CP2 LNG. Shares FERC Authorization Order dated 6/27/2024 under docket CP22-22; Phase 1 FID and financial close reached 7/27/2025.,LNG,Press release
2026-04-21 00:00:00.000,Critical Energy Reliability Link Project,"Cheyenne Connector, LLC; East Cheyenne Gas Storage, LLC; Rockies Express Pipeline LLC",Expansion,Applied,,2028.0,CO,CO,CO,Mountain,Mountain,Mountain,,,160.0,150.0,,Interstate,FERC,CP25-539-000,No,"Expansion of the REX system to serve Colorado Springs Utilities (CSU) with up to 100,000 Dth/d of firm transportation plus 50,000 Dth/d of no-notice service. Scope: 152.7-mile pipeline plus a 7-mile pipeline and 0.3-mile interconnecting piping in Weld, Adams, Arapahoe, Elbert, and El Paso Counties, Colorado (pipe yard in Lincoln County); new 6,195-HP LaSalle Compressor Station; three new meter stations. Certificate application filed 8/15/2025.",,Project website
2026-04-21 00:00:00.000,Crossroads Expansion Project,Crossroads Pipeline Co. (TC Energy),Expansion,Announced,,2030.0,"OH,IN",IN,SD,Midwest,Midwest,Midwest,,,200.0,1500.0,,Interstate,FERC,,Yes,"Non-binding open season (2/9–3/20/2026) on the existing ~202-mile Crossroads system (Wood County, OH to Lake County, IN) to gauge interest in up to 1.5 Bcf/d of expansion. Scope would include pipeline loops/extensions, added compression, and leased capacity on ANR and Northern Border to serve data-center and power demand in northern IN/IL/IA/SD. Initial bids ~3x oversubscribed. Target in-service 11/1/2030 contingent on binding commitments.",Power/Data Centers,Project website
2025-10-10 00:00:00.000,Crow Creek Pipeline,Lower Valley Energy Coop,New Pipeline,Approved,,2026.0,"ID,WY",ID,WY,Mountain,Mountain,Mountain,,,49.0,2.0,12.0,Interstate,"FERC, USDA, Forest Service",CP20-461,Yes,"High-pressure pipeline between Montpelier, ID and Afton, WY, replacing overland trucking of liquefied natural gas into the Afton/Star Valley service area. Approximately 18 of the 49 total miles cross Caribou-Targhee National Forest lands (six inventoried roadless areas). Original Forest Service Record of Decision issued November 2019 was withdrawn in 2022 after litigation; Final Supplemental EIS issued December 2024, followed by Record of Decision. July 2025: U.S. District Court denied environmental-group request to halt construction.","LDC, Electric",Federal Infrastructure Project Permit
2025-10-10 00:00:00.000,CTPL Expansion Project,"Cheniere Creole Trail Pipeline, L.P",Expansion,Applied,,2031.0,LA,LA,LA,South Central,South Central,South Central,,,0.0,930.0,,Intrastate,FERC,CP25-506-000,No,"Compressor-only expansion of the existing 94.8-mile, 42-inch Creole Trail Pipeline. Scope: two 23,470-HP compressor packages at the existing Gillis Compressor Station (Beauregard Parish, LA); one 52,500-HP modular compressor package at the new greenfield Tarpon Compressor Station (Cameron Parish, LA); and a new 16-inch meter and flow-control run plus filter at an existing meter station within the SPLNG Terminal. Adds up to 0.9 Bcf/d of incremental firm transportation to Sabine Pass LNG in support of the Sabine Pass Stage 5 expansion. Filed jointly with Sabine Pass Stage V and Sabine Crossing Pipeline. FERC Draft EIS issued 4/8/2026.",,Project website
2026-03-10 17:54:12.945,Cumberland Project,Tennessee Gas Pipeline Co,Lateral,Construction,,2026.0,TN,TN,TN,Midwest,Midwest,Midwest,,,32.0,245.0,30.0,Intrastate,FERC,CP22-493,No,"New 32-mile, 30-inch lateral from Tennessee Gas Pipeline's existing Line 100-3/100-4 in Dickson County, TN to TVA's new Cumberland Combined Cycle Power Plant in Stewart County, TN (replacing the 2.5-GW Cumberland Fossil coal plant). Includes a new meter station, pressure regulation station, launcher/receiver, and mainline valves. Fully subscribed under a 20-year precedent agreement with TVA. Construction commenced late April 2025 after the Sixth Circuit rejected challenges to federal water quality and Section 404 permits on 4/4/2025 and lifted its stay. In-service targeted March 2026.",Electric,Project website
2024-10-28 00:00:00.000,Dalton Lateral Expansion II Project,"Transcontinental Gas Pipe Line Company, LLC",Expansion,Announced,,2029.0,GA,GA,GA,Southeast,Southeast,Southeast,,,115.0,460.0,,Intrastate,,,No,"Expansion of Transco's existing Dalton Lateral natural gas pipeline system within Zone 4, consisting of pipeline looping and added compression. Path runs from the Dalton Lateral Transfer Point near Compressor Station 115 in Coweta County, GA to the terminus at ~milepost 113 in Murray County, GA, with deliveries to existing and proposed interconnects along the route. Driven by load growth from Atlanta-area data center demand and industrial re-shoring. Anchor shipper precedent agreement executed before the binding open season. Binding open season ran 10/18/2024 – 11/7/2024 for up to 500,000 Dth/d. Proposed in-service 11/1/2029.",,Presentation
2026-04-27 00:00:00.000,Decatur Lateral Project,Rockies Express Pipeline LLC,New Pipeline,Approved,,2027.0,IL,IL,IL,Midwest,Midwest,Midwest,,,16.7,181.4,20.0,Interstate,FERC,CP25-94-000,No,"New 15.9-mile, 20-inch lateral plus a 0.8-mile, 20-inch ADM Spur and associated facilities in Macon County, IL. Delivers up to 181,400 Dth/d of firm natural gas transportation to two new points: the Broadwing Clean Energy Complex (a planned steam co-generation plant) and an existing ADM industrial facility in Decatur. Fully subscribed under 20-year binding agreements with Broadwing and ADM; open season in January 2025 attracted no additional bids. Supports ADM's transition away from coal-fired boilers to meet Illinois CEJA requirements. Construction targeted September 2026; in-service September 2027.",,Project website
2024-04-15 00:00:00.000,DeLa Express Project,DeLa Express LLC,New Pipeline,Pre-applied,,2028.0,"TX,LA",TX,LA,South Central,South Central,South Central,,,690.0,2000.0,42.0,Interstate,FERC,PF24-4,Yes,"Proposed 690-mile, 42-inch mainline plus five lateral pipelines (~60 miles combined) and six new compressor stations, transporting liquids-rich Permian natural gas from a point near Red Bluff in Loving County, TX to Moss Bluff in Calcasieu Parish, LA, serving US Gulf Coast LNG export markets and Moss Lake's affiliated Hackberry NGL export project. Over 95% of the route is co-located with or parallel to existing utility rights-of-way. FERC accepted DeLa Express into the pre-filing process 4/15/2024. Certificate application anticipated; in-service targeted July 2028. Moss Lake Partners is the parent; DeLa Express LLC has never previously built a pipeline.",LNG,FERC
2024-10-10 00:00:00.000,Delta Express Pipeline Project,Delta Express Pipeline LLC (Venture Global LNG),New Pipeline,On Hold,,,LA,LA,LA,South Central,South Central,South Central,,,281.0,2000.0,42.0,Interstate,FERC,PF19-4,No,"Associated with Delta LNG export project currently before FERC; two parallel 42 inch pipelines. As of July 2025, the Delta Express Pipeline Project and associated Delta LNG export terminal are no longer progressing. Venture Global redirected its focus to the Plaquemines Expansion in Plaquemines Parish. On June 10, 2025, Venture Global withdrew their pre-filing application for the Delta Express Pipeline Project and Delta LNG Terminal from the Federal Energy Regulatory Commission and indicated that they've placed both projects on hold.",LNG,Notice
2024-10-01 00:00:00.000,Donlin Gold Mine Pipeline,"Donlin Gold, LLC",New Pipeline,On Hold,,,AK,AK,AK,Pacific,Pacific,Pacific,,315.0,316.0,73.0,14.0,Intrastate,AK DNR,,No,"316-mile buried natural gas pipeline from Cook Inlet in Southcentral Alaska to the Donlin open-pit gold mine site in the Kuskokwim River region, crossing both state and federal (BLM) lands. Mine is jointly owned by NovaGold Resources and Paulson Advisers after Barrick Gold's April 2025 exit. Alaska Supreme Court upheld the state pipeline right-of-way and water-use permits 11/14/2025. U.S. District Court (June 2025) ordered the Army Corps and BLM to supplement their NEPA analysis to address risks of a catastrophic tailings-dam failure; permit-related construction barred until agencies reaffirm or modify their authorizations. Developer has committed to a 90-day notice before any such construction. Final investment decision on the integrated mine/pipeline project expected in 2027.",Industrial,State of Alaska
2026-04-21 00:00:00.000,Double E Pipeline Expansion,Double E Pipeline (Summit Midstream 70% / ExxonMobil 30%),Expansion,Announced,,2028.0,"NM,TX",NM,TX,"Mountain, South Central",Mountain,South Central,,,,800.0,,Interstate,FERC,,Yes,"Compression-only expansion of the existing 135-mi 42-inch Double E interstate pipeline from the northern Delaware Basin to Waha hub in West TX. Mainline compression expands capacity ~50% from 1.6 Bcf/d to ~2.4 Bcf/d. Now fully subscribed at existing capacity after Summit signed 540 MMcf/d of new long-term agreements (210 + 230 + 100 MMcf/d across multiple shippers, ramping 2026–2029). Adds new delivery points to Transwestern Central Pool, Hugh Brinson Pipeline and planned Desert Southwest Pipeline. Binding open season launched on 4Q25 earnings call; target in-service by end of 2028.",Power / LNG / industrial (Permian takeaway),Open Season Announcement
2026-01-16 00:00:00.000,Driftwood Line 200 and 300 Project Phase 1,Driftwood LNG Pipeline,New Pipeline,Construction,,2028.0,LA,LA,LA,South Central,South Central,South Central,,426.0,36.9,2400.0,42.0,Interstate,FERC,CP21-465,No,Dual 42-inch pipeline system south of the Driftwood / Woodside Louisiana LNG Terminal feed-gas corridor. Phase 1 scope: ~36.9 miles of Line 200 from Ragley (Beauregard Parish) south to a receiver facility near Carlyss (Calcasieu Parish); Line 300 mileposts 4.5–5.6 (1.1 miles); the Sempra Lateral and Transco Lateral; the Indian Bayou Compressor Station (initial 6 compressor units); 11 meter stations and associated MLV and pig launcher/receiver facilities. Full-system capacity of 4.6 Bcf/d average with 5.7 Bcf/d max seasonal. Moves Haynesville production to Lake Charles markets. Williams joined as a partner on Line 200. Construction start targeted 4Q 2026; Line 200 in-service 2Q 2028. Applicants filed 5/13/2025 FERC extension request pushing deadline to 12/31/2029 (prior extension was to 4/18/2029).,LNG,Project website
2026-01-16 00:00:00.000,Driftwood Line 200 and 300 Project Phase 2,Driftwood LNG Pipeline,New Pipeline,Approved,,2029.0,LA,LA,LA,South Central,South Central,South Central,,426.0,32.4,2200.0,42.0,Interstate,FERC,CP21-465,No,"Phase 2 scope: remainder of Line 300 (~31.3 miles of 42-inch pipeline adjacent to Line 200, Beauregard and Calcasieu Parishes); three additional compressor units at the Indian Bayou Compressor Station; associated MLV and pig launcher/receiver facilities for Line 300. Total Line 200 + Line 300 system cost ~$1.28 billion; combined design capacity 5.4 Bcf/d (5.7 Bcf/d max seasonal) to the Lake Charles market. Applicants filed 5/13/2025 FERC extension request pushing construction / in-service deadline to 12/31/2029.",LNG,FERC
2026-01-14 00:00:00.000,Driftwood Line 200 and 300 Project Phase 3,Driftwood LNG Pipeline,New Pipeline,Approved,,2029.0,LA,LA,LA,South Central,South Central,South Central,,426.0,69.3,1000.0,42.0,Interstate,FERC,CP21-465,No,"Phase 3 (final operational phase) places the remaining compressor units at Indian Bayou Compressor Station in service, bringing total system transportation capacity to 5.4 Bcf/d (5.7 Bcf/d max seasonal). Line 200 is ~36.9 miles and Line 300 is ~32.4 miles. Applicants filed 5/13/2025 FERC extension request pushing construction / in-service deadline to 12/31/2029.",LNG,Project website
2026-01-14 00:00:00.000,Driftwood LNG Pipeline,Driftwood LNG Pipeline,New Pipeline,Approved,,2029.0,LA,LA,LA,South Central,South Central,South Central,,,96.0,4000.0,364248.0,Interstate,FERC,"CP17-117
CP17-118",No,"Approximately 96-mile feedgas pipeline extending westward from an interconnect with Columbia Gulf Transmission ~4.5 miles south of Ville Platte, LA, traversing Evangeline, Acadia, Jefferson Davis, and Calcasieu Parishes to the Woodside Louisiana LNG terminal near Carlyss, LA. Interconnects with up to 14 existing interstate pipelines. FERC issued original certificate April 2019 (CP17-117 / CP17-118); 2024 Extension Order allowed completion by 4/18/2029. On 5/13/2025, Louisiana LNG Infrastructure and Driftwood Pipeline filed a further extension request to 12/31/2029. Woodside reached positive final investment decision on the foundation development (Phase 1, first three liquefaction trains and common infrastructure) on 4/29/2025.",LNG,Project website
2025-10-15 00:00:00.000,ECCC pipeline,Kinetik,New Pipeline,Construction,,2026.0,"NM,TX",NM,TX,"Mountain, South Central",Mountain,South Central,,,,150.0,,Intrastate,,,Yes,"Eddy County Culberson Connector (ECCC) connects the western portion of Kinetik's system between Eddy County, NM (Delaware North) and Culberson County, TX (Delaware South). Provides ~150 MMcf/d of rich-gas throughput capacity (expandable up to ~300 MMcf/d with system looping in Texas). Supports Kinetik's transition of the Delaware North system to primarily sour gas service by moving sweet, rich gas south, freeing up New Mexico processing capacity. Includes restart of the idled Sierra Grande processing facility with added compression. In-service targeted Q2 2026.",,Kinetik earnings 4Q 2025
2026-04-21 00:00:00.000,Eiger Express Pipeline,WhiteWater Midstream,New Pipeline,Approved,,2028.0,TX,TX,TX,South Central,South Central,South Central,,,450.0,3700.0,48.0,Intrastate,,,No,48-inch pipeline connecting the Permian Basin in West Texas to the Katy Hub. Upsized from the original 42-inch 2.5 Bcf/d design (sanctioned Aug 2025) to 48-inch 3.7 Bcf/d in Nov 2025; mid-2028 in-service retained. 100% contracted for a minimum of 10 years. WhiteWater leads; Oneok holds a 22% share with Enbridge and MPLX as additional partners.,LNG,Press release
2025-10-15 00:00:00.000,Elba Express Bridge Project (EEBP),Elba Express Company LLC,Expansion,Applied,,2030.0,"GA,SC",GA,SC,Southeast,Southeast,Southeast,,431.0,71.0,325.0,30.0,Intrastate,,,Yes,"Greenfield extension of Elba Express Company's existing system to serve a new gas-fired power plant in Colleton County, SC (the proposed Canadys plant, joint-ventured by Santee Cooper and Dominion Energy), along with growing residential and commercial load. Route originates at an interconnection in Screven County, GA and crosses the Savannah River into Hampton and Colleton Counties, SC. Scope includes new meter stations and related facilities, with optional future compression for expansion. Landowner survey notices sent in October 2025 to ~185 South Carolina landowners. EEC intends to file certificate application with FERC in Q1 2027.",,Project website
2026-04-27 00:00:00.000,Eunice Reliability and Lake Charles Supply Project,Texas Gas Transmission and Gulf South Pipeline Co,Expansion,Construction,,2027.0,LA,LA,LA,South Central,South Central,South Central,,72.8,0.0,120.0,,Interstate,FERC,CP24-468,No,"Modernization of Texas Gas Transmission's existing Eunice Compressor Station in Acadia Parish, LA: abandons four 1,100-HP and one 2,250-HP reciprocating compressor units and installs one 8,968-HP Solar T-70 and one 6,391-HP Solar T60 gas-fired turbine-driven units plus suction/discharge piping; and installs overpressure protection at the existing Woodlawn Junction / Valve Station in Jefferson Davis Parish, LA. Creates 120,000 Dth/d of new firm transportation capacity on Texas Gas that will be leased to Gulf South to serve Lake Charles-area customers including an electric utility and two gas marketers. Project under construction as of 9/2025.",Industrial/LNG,Project website
2026-04-21 00:00:00.000,Florida Gas Transmission Phase 9 Expansion,Florida Gas Transmission (Energy Transfer),Expansion,Announced,,2028.0,FL,FL,FL,Southeast,Southeast,Southeast,,,82.0,550.0,,Interstate,FERC,,No,"Phase 9 expansion of the FGT interstate system into Florida: pipeline looping plus new and upgraded compression. Addresses Florida's fast-rising power demand (FL is 2nd-largest U.S. electricity producer; ~75% gas-fired). Open season closed January 2026; interest exceeded planned capacity, leaving room for a future Phase 10. Co-owners KMI and Energy Transfer are advancing ~$700M of FGT expansions (Phase 9 included). Target in-service 2028.",Electric,Earnings report 2Q 2025
2026-04-21 00:00:00.000,Forza pipeline,Forza Pipeline LLC & Bull Run Pipeline LLC (Targa Resources),New Pipeline,Applied,,2028.0,"NM,TX",NM,TX,"Mountain, South Central",Mountain,South Central,,,36.0,750.0,36.0,Interstate,"FERC, USDA, Forest Service","CP26-34, CP26-35",Yes,"New 36-mile, 36-inch interstate natural gas pipeline (Line FZA-A) from the interconnection of residue outlet lines at Targa's Northern Delaware Red Hills Plant and planned Copperhead Plant (Desert Ram Junction, Lea County, NM) to Wildcat Junction Station in Winkler County, TX. Forza also leases 43 miles of capacity on the companion Bull Run Extension intrastate pipeline (CP26-35) from Wildcat Junction to the Waha market hub on the Reeves/Pecos County border. 750,000 Dth/d of design capacity, largely backed by precedent agreements, serving Texas utilities, industrials, and the growing LNG market. Joint application filed at FERC 12/3/2025; FERC scoping notice issued 2/2/2026; Targa/Bull Run filed a joint motion defending project need 1/27/2026. Service anticipated Q2 2028.",,Open Season Announcement
2025-07-01 00:00:00.000,Gillis Access Project Extension,TC Energy,Expansion,Approved,,2027.0,LA,LA,LA,South Central,South Central,South Central,,,39.0,1400.0,,Interstate,FERC,"CP26-33, CP25-521",No,Extension of TC Energy's 1.5 Bcf/d Gillis Access project (placed in service 2024) to bring additional Haynesville supplies from the Gillis Hub area into TC Energy's Louisiana Intrastate system. Connects Haynesville production to Louisiana industrial and LNG export markets. Permitting and stakeholder engagement ongoing as of 2025.,LNG,TC Energy Louisiana Intrastate page
2026-05-01 00:00:00.000,Gillis West,"Transcontinental Gas Pipe Line Company, LLC",Expansion,Announced,,2026.0,LA,LA,LA,South Central,South Central,South Central,,,0.0,115.0,,Interstate,FERC,"CP26-33, CP25-521",No,"Expansion of Transco's existing interstate system from Zone 3 to Zone 2, adding a new interconnect and associated facilities at the Gillis Hub area to increase delivery capability from Haynesville Shale supplies into Transco's mainline. Project utilizes existing Transco assets to the greatest extent possible. Provides additional flexibility between Haynesville takeaway projects and Gulf Coast LNG facilities. FERC is accepting comments on the pending application until June 26, 2026.",LNG,Williams Presentation
2025-12-15 00:00:00.000,Golden Pass Lateral,Golden Pass LNG Terminal LLC,Lateral,Approved,,2027.0,TX,TX,TX,South Central,South Central,South Central,,,0.22,2600.0,42.0,Interstate,FERC,"CP25-205-000, CP25-205-001",No,"Approximately 0.22 miles of 42-inch supply lateral plus a receipt interconnect, two meter station pads, and appurtenant facilities, all within the Golden Pass LNG property boundary in Jefferson County, TX. Designed to transport up to 2.6 million Dth/d (2.6 Bcf/d) to the terminal's feed-gas system. Two-phase construction: Phase I interconnects with the new 216-mile, 1.5 Bcf/d Trident Intrastate Pipeline (Kinder Morgan); Phase II will add a receipt point tie-in connecting to a future planned interstate header being developed by Kinder Morgan Louisiana Pipeline (KMLP). Original application (1.1-mile route) amended down to 0.22 miles; FERC Environmental Assessment issued 9/17/2025; Commission issued Order Amending Authorization December 2025.",LNG,Federal Register
2026-04-21 00:00:00.000,Golden Triangle (Spindletop) Storage Expansion,Golden Triangle Storage (Caliche Development Partners),Expansion,Approved,,2028.0,TX,TX,TX,South Central,South Central,South Central,,,,2200.0,,Interstate,FERC,CP25-167,No,"Storage expansion at Caliche's Spindletop salt-dome complex in Jefferson County, TX. Adds 4 new caverns (8, 10, 11, 12) and a 55,000 HP compressor. Adds 30.75 Bcf working + 24.2 Bcf base gas; total facility grows to >60 Bcf working across 8 caverns with up to 2.2 Bcf/d injection and 2.5 Bcf/d withdrawal. Planned interconnects with KMI Trident (early 2027) and ARM Mustang Express (late 2028) give direct access to multiple LNG export terminals. FERC CPCN issued 3/19/2026 (CP25-167); target in-service by 12/31/2028.",LNG / utility / industrial storage,Project website
2025-12-15 00:00:00.000,Great Basin Expansion Project,Great Basin Gas Transmission Co.,Expansion,Proposed,,2028.0,NV,NV,NV,Mountain,Mountain,Mountain,,1700.0,0.0,800.0,,Interstate,FERC,CP25-209-000,No,"Expansion of Great Basin Gas Transmission's existing 898-mile transmission system (formerly Paiute Pipeline, subsidiary of Southwest Gas), which stretches from the Idaho-Nevada border across northern Nevada to Reno-Sparks/Carson City and Lake Tahoe. Binding open season closed 5/28/2025, followed by supplemental open seasons (one closing 11/11/2025, a second closing December 2025) that together secured nearly 800 MMcf/d of binding precedent agreements (20-year minimum term). Separately, Great Basin filed FERC CP25-209-000 on 4/15/2025 for a smaller 2026 Expansion (~8,129 Dth/d) serving two existing shippers in Northern Nevada and Northern California; FERC EA issued 12/1/2025. Larger 2028 Expansion in pre-filing discussions with FERC.",,Federal Register
2025-07-01 00:00:00.000,Greater Philadelphia Expansion,"Texas Eastern Transmission, LP (subsidiary of Enbridge)",Expansion,On Hold,,,PA,PA,PA,Northeast,Northeast,Northeast,,,,475.0,,Interstate,FERC,CP22-494,No,"Proposed expansion of Texas Eastern's Philadelphia Lateral to deliver additional natural gas to markets in southeastern Pennsylvania and potentially southern New Jersey. Binding open season held March 2018. No substantive development activity has been reported since 2022, and Enbridge removed the project page from its website. Project effectively shelved.","Industrial, Electric",
2026-04-21 00:00:00.000,Green Chile Project,Energy Transfer (Transwestern),Expansion,Applied,,2026.0,NM,NM,NM,Mountain,Mountain,Mountain,,60.0,17.0,400.0,24.0,Intrastate,FERC,CP26-80,No,"17-mile pipeline in Doña Ana County, NM (Transwestern system) to deliver up to 400,000 Dth/d from El Paso Natural Gas to a new gas-fired power plant serving the Oracle/OpenAI “Project Jupiter” (Stargate) data center campus. Filed under NGA blanket authority 1/29/2026 (CP26-80). New Mexico State Land Office denied the original state-trust-land crossing in March 2026, forcing a reroute; FERC staff and environmental groups filed protests April 2026 challenging the blanket-certificate path. Target in-service August 2026.",Power / AI data center (Project Jupiter),Source NM news article (3/4/2026)
2026-04-21 00:00:00.000,Guardian Pipeline Project,DT Midstream,Expansion,Approved,,2028.0,"WI,IL",WI,IL,Midwest,Midwest,Midwest,,,0.0,537.0,,Interstate,,,Yes,"Expansion of the 260-mile interstate Guardian Pipeline (1.3 Bcf/d current capacity), which connects the Chicago Hub area to Wisconsin demand centers and interconnects with DT Midstream's Midwestern Gas Transmission and Vector Pipeline systems. Staged expansion: initial 210 MMcf/d (208,800 Dth/d) precedent agreements awarded July 2025 plus an additional 328,103 Dth/d awarded to five shippers in a second open season that closed 9/29/2025. Total expansion ~537,000 Dth/d under 20-year contracts, a roughly 40% boost to existing capacity. Scope involves new compression and looping. Estimated total investment $850–$930 million. Construction targeted to start late 2026; in-service target 11/1/2028. DT Midstream is separately pursuing a 400 MMcf/d westbound expansion of Vector Pipeline into Chicago.",,Press release
2025-01-22 00:00:00.000,Gulf Coast Express Expansion,Kinder Morgan Energy Partners,Expansion,Construction,,2026.0,TX,TX,TX,South Central,South Central,South Central,,455.0,0.0,570.0,,Intrastate,TX RRC,,No,"Compression-only expansion of the existing 500-mile, 2 Bcf/d Gulf Coast Express Pipeline, adding 570 MMcf/d of incremental capacity from the Waha hub in the Permian Basin to the Agua Dulce area in South Texas (bringing total GCX capacity to ~2.57 Bcf/d). $455 million project cost; KMI share ~$161 million. KMI and ArcLight Capital Partners each own 50% after Kinetik divested its 16% interest in June 2024. Fully subscribed under long-term throughput agreements. FID reached Q3 2024; construction underway; in-service targeted mid-2026.",LNG,"KM Press Release
https://www.kindermorgan.com/Operations/Projects/Gulf-Coast-Express-Expansion"
2026-04-21 00:00:00.000,Heartland Project,ANR Pipeline Company (subsidiary of TC Energy),Expansion,Approved,,2027.0,"IL,WI",IL,WI,Midwest,Midwest,Midwest,,902.0,69.0,473.0,12303642.0,Interstate,FERC,CP25-79,Yes,"ANR Pipeline expansion in Wisconsin and Illinois: 68.9 miles of new pipeline, 1.5 miles of replacement, three new compressor stations, two meter stations, and upgrades to existing infrastructure. Adds 473,000 Dth/d of firm transportation. Fully subscribed under 20-year precedent agreements with WEPCO (205,000 Dth/d), Wisconsin Power & Light (138,000 Dth/d), and Wisconsin Public Service (130,000 Dth/d). FERC issued certificate 1/22/2026; Request for Rehearing filed 2/23/2026. Construction targeted H2 2026; in-service Nov 2027.","LDC, Electric",Project website
2024-01-30 00:00:00.000,Hillabee Expansion Phase 3,"Transcontinental Gas Pipe Line Company, LLC",Expansion,Announced,,2027.0,AL,AL,AL,South Central,South Central,South Central,,15.0,13.0,106.0,42.0,Interstate,FERC,CP15-16,No,"Final phase of the staged Hillabee Expansion (Phase 1 in service July 2017, Phase 2 May 2020) supplying Sabel Trail Transmission under a long-term lease. Phase 3 scope: ~13 miles of 42-inch looping (Butler Loop in Choctaw County and Autauga Loop in Autauga/Chilton Counties, AL) plus Compressor Station 100 upgrades in Chilton County. Adds 106,000 Dth/d. FERC granted 2-year extension to 5/1/2023; expected 2026–2027 in-service pending further FERC extension.",,Williams Hillabee project fact sheet / map
2024-10-21 00:00:00.000,Holbrook Expansion Project,Cameron Interstate Pipeline,Expansion,Approved,,2027.0,LA,LA,LA,South Central,South Central,South Central,,90.0,0.0,1079.0,,Interstate,FERC,CP 24-1,No,"Compressor-only expansion at the existing Holbrook Compressor Station (Calcasieu Parish, LA) on the Cameron Interstate Pipeline. Adds one 42,000-HP gas-fired turbine unit in a new building, one new 5,350-HP unit at the existing northern compressor building, and a ~1,100-foot, 36-inch header tying into the existing CIP mainline. Provides up to 1,079,000 Dth/d of incremental firm transportation, primarily as feed gas to the Cameron LNG terminal. FERC EA issued April 2024; certificate authorized; construction scheduled to start 2026.",LNG,Project website
2026-01-20 00:00:00.000,Hugh Brinson Pipeline (formerly Warrior Pipeline) Phase I & II,Energy Transfer LP (via Hugh Brinson Pipeline LLC),New Pipeline,Construction,,2026.0,TX,TX,TX,South Central,South Central,South Central,,2700.0,442.0,2200.0,42.0,Intrastate,TX RRC,,No,"Intrastate natural gas pipeline formerly known as the Warrior Pipeline, renamed 12/6/2024 in honor of Hugh Brinson. Phase I: ~400 miles of 42-inch pipeline from Waha (West Texas) to Maypearl, TX (south of Dallas/Fort Worth), with 1.5 Bcf/d capacity, plus a 42-mile, 36-inch Midland Lateral connecting Energy Transfer and third-party processing plants in Martin and Midland Counties. Phase II adds compression to bring total capacity to ~2.2 Bcf/d. Connects to Energy Transfer's intrastate network and downstream hubs including Carthage and Katy. Combined Phase I + II cost ~$2.7 billion; fee-based commitments with investment-grade shippers. FID reached 12/6/2024; Phase I target in-service end of 2026; Phase II Q1 2027.",Electric/LNG,Press release
2025-10-15 00:00:00.000,Huntingdon Connector,Williams,Expansion,Construction,,2026.0,WA,WA,WA,Pacific,Pacific,Pacific,,,0.0,87.0,,Intrastate,,,No,"Expansion of Williams' Northwest Pipeline increasing capacity from the Sumas, WA receipt point to delivery points along the system in Washington. Northwest Pipeline plans a prior-notice application with FERC in 2026; Q4 2026 in-service target pending regulatory approval.",,Williams Presentation
2026-04-21 00:00:00.000,Intensity Pipeline Project,Intensity Infrastructure Partners,New Pipeline,Approved,,2029.0,ND,ND,ND,Mountain,Mountain,Mountain,,,344.0,1100.0,36.0,Intrastate,,,No,"Intensity Infrastructure Partners / Rainbow Energy Center partnership (announced June 2025). Phase I connects Bakken supply to Washburn, ND; Phase II extends from Washburn to Casselton near Fargo. Advanced to FID on Phase I on 1/6/2026 based on executed precedent agreements. Competes with WBI's Bakken East for North Dakota east-west gas takeaway.",,FID announcement
2026-04-27 00:00:00.000,Iroquois Expansion by Compression Project,Iroquois Pipeline Co,Expansion,Approved,,2028.0,"NY,CT",NY,CT,Northeast,Northeast,Northeast,,272.0,0.0,125.0,,Interstate,FERC,CP20-48,Yes,"Compressor-only expansion adding one new 12,000-HP unit plus cooling at each of the existing Athens (Greene County, NY), Dover (Dutchess County, NY), Brookfield (Fairfield County, CT), and Hanover (New Haven County, CT) stations. Serves Consolidated Edison and KeySpan Gas East (d/b/a National Grid). Construction has been blocked pending state air permits; NYSDEC issued Athens and Dover ASF permits 2/7/2025 (despite CLCPA inconsistency, citing reliability need) but CT DEEP air permits remain pending. Iroquois filed 10/28/2024 for extension to 3/25/2027; construction targeted fall 2026 / spring 2027, completed by 11/1/2027.","LDC, Electric",Iroquois
2026-04-21 00:00:00.000,Kelso-Beaver Reliability Project (Acquisition and Reliability Project),"Northwest Pipeline, LLC",Expansion,Applied,,2028.0,"OR,WA",OR,WA,Pacific,Pacific,Pacific,,,18.0,183.0,,Interstate,FERC,CP25-89,Yes,"Williams' Northwest Pipeline acquires the existing 18-mile FERC-regulated Kelso-Beaver (KB) pipeline from Portland General Electric, KB Pipeline Company, and B-R Pipeline and converts it to a designated lateral on the Northwest system. Adds a new 5,500-HP electric-motor-driven KB Compressor Station near Kelso (Cowlitz County, WA) and modifications to the existing KB Meter Station. Creates bidirectional capacity tied to NW Natural's Oregon-regulated North Mist underground storage facility (under its own expansion through Nov 2028). Companion abandonment docket CP25-90-000. FERC EA issued 8/27/2025 (FONSI); Williams targeting FERC final order by 3/1/2026 to support Q3 2028 in-service.",,Williams Kelso Beaver Reliability project page
2026-04-21 00:00:00.000,Kosciusko Junction Pipeline Project,"Gulf South Pipeline Company, LLC ; Texas Gas Transmission. LLC",Expansion,Announced,,2029.0,MS,MS,MS,South Central,South Central,South Central,,,112.0,1180.0,36.0,Interstate,FERC,"CP25-547, CP25-549",No,New pipeline plus compression. Joint filing across Gulf South and Texas Gas Transmission (companion dockets). Certificate application submitted to FERC 9/12/2025.,LNG/Other,FERC filing
2025-07-01 00:00:00.000,Lake Charles Expansion (Magnolia LNG),Kinder Morgan Louisiana PL Co,Reversal,Approved,,2029.0,LA,LA,LA,South Central,South Central,South Central,,202.0,0.0,1362.0,,Interstate,FERC,CP14-511,No,"Reversal of the existing Kinder Morgan Louisiana Pipeline (originally built for LNG imports) to deliver gas to the proposed Magnolia LNG export terminal (Glenfarne Group / Alder Midstream) near Lake Charles, LA. Pipeline project FERC-authorized in 2016; Magnolia LNG terminal also authorized but still pre-FID. On 1/15/2026 Magnolia filed a FERC extension request to 4/15/2031 to complete and place both the terminal and the pipeline reversal in service (prior deadline was 4/15/2026). Magnolia LNG is a mid-scale liquefaction facility with up to ~8.8 mtpa of export capacity.",LNG,FERC
2026-04-21 00:00:00.000,Line 31 Expansion Project,Enbridge (Texas Eastern),Expansion,Applied,,2028.0,MS,MS,MS,South Central,South Central,South Central,,131.0,11.8,125.0,36.0,Interstate,FERC,CP26-75,No,"10.2-mile 36-inch Line 31 loop parallel to existing Lines 14/18 plus a 1.6-mile 16-inch Line 14-P Lateral to Entergy Mississippi's planned Traceview Advanced Power Station, with a new Ridgeland Compressor Station (3 × 1,500 HP gas-driven units) and meter/regulator station — all in Madison County, MS. Adds 125,000 Dth/d of firm capacity. Application filed 1/23/2026 (CP26-75); total cost $131M. Construction planned 8/2027; target in-service 9/2028.",Electric,Project website
2026-04-21 00:00:00.000,Line Section 32 Project,WBI Energy Transmission Inc.,Expansion,Applied,,2028.0,ND,ND,ND,Mountain,Mountain,Mountain,,68.0,17.0,190.0,24.0,Interstate,FERC,CP26-158,No,"17-mile new 24-inch lateral off WBI's Line Section 32 plus modifications at the Elkhorn Creek interconnect with Northern Border Pipeline (bi-directional flow) in McKenzie/Williams Counties, ND. Adds 190,000 Dth/d of firm transport to Basin Electric's ~1,490 MW Bison Generation Station (two 745 MW combined-cycle units) being built near Epping. 20-year firm transport agreement executed Dec 2024. Application filed 3/31/2026 (CP26-158); total cost $68M; target in-service 10/1/2028.",Electric,Project website
2025-07-01 00:00:00.000,Louisiana Connector Amendment Project,Port Arthur Pipeline LLC,Expansion,Approved,,2027.0,LA,LA,LA,South Central,South Central,South Central,,88.897,0.0,70.0,,Interstate,FERC,"CP20-21
CP23-513-000 (amendment, 2023)",No,"Amendment to the Louisiana Connector Project (CP18-7): relocates a previously approved compressor station from Allen Parish to the new Beauregard Parish Compressor Station (MP 96.1 → MP 72.3), increases HP from 89,900 to 93,880 (four Solar Titan 130E units), and adds three new interconnects to Cameron Interstate Pipeline, Transco, and LA Storage. A follow-on amendment (CP23-513, filed 7/2023) made 38 minor route and construction-method modifications along the line. FERC EA issued 2/8/2024 (FONSI).",LNG,Project website
2026-01-14 00:00:00.000,Louisiana Connector- Port Arthur Pipeline,Port Arthur Pipeline LLC,New Pipeline,Construction,,2026.0,"LA,TX",LA,TX,South Central,South Central,South Central,,1207.0,77.0,2000.0,42.0,Interstate,FERC,"CP18-7
CP20-21
CP23-513",Yes,"72-mile, 42-inch interstate pipeline from Cameron/Calcasieu/Beauregard Parishes, LA and Orange/Jefferson Counties, TX to Sempra's Port Arthur LNG export terminal. Design capacity 2.0 Bcf/d. Original FERC certificate April 2019 (CP18-7); compressor-relocation amendment (CP20-21, October 2020); and route-modification amendment (CP23-513, February 2024 EA). Under construction alongside Port Arthur LNG Phase 1 (Trains 1 and 2, due 2027 and 2028); PALNG Phase 2 FID reached September 2025 (Trains 3 and 4 due 2030 and 2031).",LNG,Project website
2025-07-27 00:00:00.000,Magnum Gas Storage Project,"Magnum Gas Storage, LLC",New Pipeline,Applied,,2030.0,UT,UT,UT,Mountain,Mountain,Mountain,,,61.6,1200.0,36.0,Interstate,FERC,CP25-233-000,No,"2025 Amendment Project: underground salt-cavern natural gas storage and a ~61.6-mile, 36-inch bi-directional header pipeline in Millard, Juab, and Utah Counties, Utah, interconnecting with Kern River and Questar Pipeline near Goshen, UT. Amendment redesigns the two previously certificated caverns at 5.2 Bcf of working gas each and adds two new caverns (5.2 Bcf each), one additional brine disposal pond, and two new pipeline interconnections for a total of 20.8 Bcf of working gas capacity. Amendment application filed 4/21/2025 (CP25-233); FERC Environmental Assessment issued 12/30/2025 (FONSI).",Storage,Project website
2025-01-08 00:00:00.000,Marysville Connector Pipeline,Columbia Gas of Ohio,Expansion,Approved,,,OH,OH,OH,Northeast,Northeast,Northeast,,28.0,2.18,,12.0,Intrastate,OPSB,FERC Blanket Certificate Notification (under CP82-479-000,No,"New LDC supply line from Dublin to Marysville, OH serving growth in Union County and the U.S. Route 33 Smart Corridor. OPSB approved August 2020; 3-year extension granted June 2023. Ongoing land-rights litigation (Bailey agricultural easement). No construction updates since 2023; considered stalled / shelved.",LDC,OH PUC filing
2026-04-21 00:00:00.000,Maysville Expansion Project,Columbia Gulf Transmission,Expansion,Applied,,2029.0,KY,KY,KY,Midwest,Midwest,Midwest,,400.0,42.0,340.0,30.0,Interstate,FERC,CP26-25,No,"New 30-inch lateral off the existing Columbia Gulf Mainline in Rowan County, KY through Fleming and Mason Counties to a new North Maysville Delivery Meter Station at East Kentucky Power Cooperative's Hugh L. Spurlock Power Station (co-fire conversion). Includes a tie-in with bidirectional pig launcher/receiver, the new meter station, and three new mainline valves. Application filed 11/17/2025; FERC scoping notice 1/7/2026; EA targeted 8/11/2026; federal authorizations by November 2026.",Electric,Project website (TC Energy)
2024-01-30 00:00:00.000,Midwest Market Access Project,Southern Star Central Gas Pipeline,Expansion,On Hold,,,"OK,KS",OK,KS,South Central,South Central,South Central,,3.0,0.0,160.0,,Interstate,FERC,CP20-11,Yes,"Nonbinding open season project (2018–2019) to add compression at the existing Blackwell Compressor Station and along the Canadian Blackwell (CB) line to provide up to 160,000 Dth/d of incremental SCOOP/STACK takeaway into Southern Star's market area. Companion project to Southern Star's Southeast Expansion to NGPL. No FERC application filed; project effectively on hold.",,Open Season Announcement
2026-04-21 00:00:00.000,Midwestern Gas Transmission Expansion,Midwestern Gas Transmission Co. (DT Midstream),Expansion,Announced,,2029.0,"IL,TN",IL,TN,Midwest,Midwest,Midwest,,,,1500.0,,Interstate,FERC,,Yes,"Binding open season for up to 1.5 million Dth/d of expansion on Midwestern Gas Transmission (DT Midstream) from the Rockies Express interconnect in IL. Adds northbound and southbound firm capacity to serve power-generation and data-center load, plus backfill from ~35 GW of Upper Midwest coal plant retirements. Part of DTM's broader Midwest expansion push.",Electric,Press release
2026-04-21 00:00:00.000,Mississippi Crossing (MSX),"Tennessee Gas Pipeline Co., LLC (Kinder Morgan)",New Pipeline,Applied,,2028.0,"MS,AL",MS,AL,South Central,South Central,South Central,,1700.0,208.0,2100.0,3642.0,Interstate,FERC,CP25-514,Yes,"New 208-mile, 42- and 36-inch pipeline system from TGP's 100 Line near Greenville, MS (Washington County) to Butler, AL (Choctaw County) with interconnections to SNG and Transco. Includes ~199-mile mainline, ~7-mile CGT Lateral, ~2 miles of additional 30- and 36-inch laterals, three new compressor stations, one modified existing station, four new meter stations, and three overpressure protection facilities. KMI FID 12/19/2024; FERC application filed 6/30/2025; FAST-41 schedule set 12/31/2025; Draft EIS issued 1/30/2026 (FONSI, comments through 3/23/2026); Final EIS targeted 6/26/2026; Final Order targeted 7/31/2026. KMI (Kim Dang) has indicated in-service may accelerate from Q4 2028 to Q2 2028.","power, LNG, LDC",Project website
2025-07-16 00:00:00.000,MoGas Expansion Project,Spire MoGas Pipeline LLC,Expansion,Applied,,2026.0,MO,MO,MO,Midwest,Midwest,Midwest,,,0.0,75.0,,Interstate,FERC,CP25-513-000,No,Expansion of the existing ~263-mile MoGas interstate system in Missouri (no new mainline miles) to increase capacity serving Spire Missouri's growing St. Louis-area utility load. Companion filing with Spire STL Pipeline (merged 1/1/2026 into a single Spire MoGas Pipeline certificate). Application filed July 2025 under Docket CP25-513.,,Project website
2024-10-07 00:00:00.000,Mountain Valley Pipeline Interconnect Expansion,"Mountain Valley Pipeline, LLC (Equitrans Midstream)",Expansion,Announced,,2028.0,WV,WV,WV,Northeast,Northeast,Northeast,,125.0,,350.0,,Interstate,FERC,,No,Project increases outlet capacity on Stonewall lateral and MVP system. Stonewall system serves Marcellus and Utica shale plays in northern WV and southwestern PA. Project is underpinned by long-term contract with large privately held producer and provides customers with additional access to growing Mid-Atlantic markets. Construction expected to begin in 2026 with a targeted in-service date in 2028.,,"Company presentation, Nov 2024"
2025-12-15 00:00:00.000,Mountain Valley Pipeline Southgate Extension,"Mountain Valley Pipeline, LLC",Expansion,Approved,,2028.0,"VA,NC",VA,NC,"Northeast, Southeast",Northeast,Southeast,,524.0,31.3,550.0,30.0,Interstate,FERC,CP25-60,Yes,"Amended version of MVP Southgate (originally authorized June 2020 under CP19-14). Amendment reduces pipeline length from 75 miles to 31.3 miles, upsizes diameter from 16/24-inch to 30-inch, removes the Lambert Compressor Station, and increases firm capacity from 375,000 to 550,000 Dth/d. Route: Transco Zone 5 Compressor Station 165 in Pittsylvania County, VA to Rockingham County, NC. Application filed 2/3/2025; FERC issued order amending certificate December 2025. Virginia DEQ VWP Individual Permit issued 1/13/2026. Federal appeals court ordered a temporary stay of certain permits in early 2026.",,Project website
2026-01-20 00:00:00.000,Mustang Draw I and Mustang Draw II,Energy Transfer,Expansion,Proposed,,2026.0,TX,TX,TX,South Central,South Central,South Central,,,0.0,550.0,,Intrastate,,,No,Mustang Draw I and II gas processing plants in Energy Transfer's Midland Basin system. Processing/plant assets rather than transmission pipeline. Mustang Draw I Processing Plant: ~275 million cubic feet per day (MMcf/d). Mustang Draw II Processing Plant: 275-280 MMcf/d.,,Press release
2025-10-15 00:00:00.000,Mustang Express Pipeline,Arm Energy Holdings LLC,New Pipeline,Announced,,2029.0,TX,TX,TX,South Central,South Central,South Central,,2300.0,236.0,2500.0,42.0,Intrastate,,,No,Three segments: 55-mile Cougar Lateral (Tres Palacios Storage in Matagorda County to Katy Hub); 178-mile Mustang Mainline (Katy Hub to Port Arthur in Jefferson County); 3-mile Golden Triangle / Spindletop Storage Lateral near Port Arthur. Anchor shipper Sempra Infrastructure's Port Arthur LNG Phase 2. FID announced 10/9/2025 ($2.3B investment with PIMCO and co-investors); in-service targeted late 2028 / early 2029.,LNG,Press release
2026-04-21 00:00:00.000,MVP Boost Expansion,"Mountain Valley Pipeline, LLC",Expansion,Applied,,2028.0,"WV,VA",WV,VA,Northeast,Northeast,Northeast,,,0.0,600.0,,Interstate,FERC,CP26-14,Yes,"Compression-only expansion of the 303-mile MVP Mainline (Wetzel County, WV to Pittsylvania County, VA). Adds compression at three existing stations in Wetzel, Braxton, and Fayette Counties, WV, plus one new compressor station in Montgomery County, VA. Increases MVP Mainline capacity by 600 MDth/d (from 2.0 to 2.6 Bcf/d). Fully subscribed by investment-grade utility shippers: Duke Energy (275 MMcf/d), Public Service Company of North Carolina (125 MMcf/d), and Virginia Power (200 MMcf/d). MVP Mainline JV owned by EQT, NextEra, Consolidated Edison, AltaGas, and RGC Resources. Application filed 10/23/2025; construction targeted winter 2026-27; in-service mid-2028.",Power,MVP Boost project website
2026-04-21 00:00:00.000,MVP Southgate Project,"Mountain Valley Pipeline, LLC",New Pipeline,Construction,,2028.0,"VA,NC",VA,NC,"Northeast, Southeast",Northeast,Southeast,,370.0,31.1,550.0,30.0,Interstate,FERC,CP25-60,Yes,"Amendment to original 2020 certificate: route shortened from 75 to 31.3 miles, diameter increased from 16/24-inch to 30-inch, Lambert Compressor Station eliminated, capacity increased from 375,000 to 550,000 Dth/d. FERC issued amended certificate 12/18/2025; notice to proceed 3/23/2026. In March 2026, the 4th Circuit granted a temporary stay of the NC and VA Clean Water Act 401 certifications; construction voluntarily halted pending oral argument 4/28/2026.","LDC / power (PSNC Energy, Duke Energy Carolinas)",Project website
2026-04-21 00:00:00.000,Nash Energy Storage Hub (formerly Freeport Energy Storage Hub),Gulf Coast Midstream Partners LLC,New Pipeline,Announced,,2030.0,TX,TX,TX,South Central,South Central,South Central,,,,1500.0,,Intrastate,TX RRC,,No,"Salt-cavern storage hub at the Nash Salt Dome in Fort Bend County, TX (~30 mi SW of Houston) — formerly branded Freeport Energy Storage Hub (FRESSH/FRESH). Texas RRC approved 2 caverns in July 2025 with ~23 Bcf working gas capacity. Phase 1 targets 0.9 Bcf/d injection and 1.5 Bcf/d withdrawal with 7–10 bi-directional interconnects to 15+ inter/intrastate pipelines; potential expansion of up to 4 additional caverns for gas or NGLs. Gulf Coast Midstream Partners secured pre-FID growth capital from Black Bay Partners 4/7/2026. Non-binding open season planned Q3/Q4 2026; Phase 1 FID targeted Q1 2027; initial in-service mid-2030.",,Press release
2025-10-15 00:00:00.000,Naughton Coal-to-Gas Conversion,Williams (Northwest Pipeline),Expansion,Construction,,2026.0,WY,WY,WY,Mountain,Mountain,Mountain,,,0.0,98.0,,Intrastate,,,No,"Expansion on Northwest Pipeline's existing system to deliver year-round transportation to PacifiCorp's Naughton plant near Kemmerer, which is converting Units 1 & 2 from coal to natural gas. Coal operations ceased 12/31/2025; gas operations anticipated spring 2026.",power (PacifiCorp Naughton plant),"SEC filing, 2024 Annual Report"
2024-12-04 00:00:00.000,NGPL Gulf Coast Southbound Project (Phase III),Nat Gas P L Co of America,Reversal,On Hold,,,"IA,IL,MO,AR,TX",IA,TX,"Midwest, South Central",Midwest,South Central,,145.0,0.0,260.0,,Interstate,FERC,,Yes,"Phase III of Gulf Coast Southbound: incremental 260,000 Dth/d of firm southbound transport from new or existing interconnects in NGPL's Illinois and Iowa segments to Texas and Louisiana Gulf Coast markets. Compression-only (no new pipe miles). Phases I and II (460,000 + 300,000 Dth/d) were previously placed in service in 2018 and 2020/21. ",LNG,Open Season Announcement
2026-03-06 14:34:54.700,NKY Gate Enhancement Project,TC Energy (Columbia Gas Transmission),Expansion,Applied,,2028.0,"KY,OH",KY,OH,"Midwest, Northeast",Midwest,Northeast,,,31.0,0.0,,Interstate,FERC,CP26-19-000,Yes,"Replacement of 1950s-era infrastructure in northern Kentucky (Mason, Nicholas, Bracken, Pendleton and Campbell Counties) and Hamilton County, OH: abandon ~50 miles of aging pipe and construct ~31 miles of new pipe (mainly 25 mi of 36-inch plus 5 mi of 30-inch) with aboveground facility modifications. Reliability/safety project — no incremental capacity. Application filed 11/10/2025 (CP26-19); FERC scoping 1/5/2026; EA schedule issued 2/20/2026. Target in-service Q4 2028.",,Project website (TC Energy)
2025-10-15 00:00:00.000,North Extension Project,Natural Gas Pipeline Company of America LLC,Expansion,Applied,,2028.0,"IA,IL,WI",IA,WI,Midwest,Midwest,Midwest,,200.0,14.3,210.0,,Interstate,FERC,,Yes,"Expansion adding 210,000 Dth/d of firm transport from an existing Iowa-Illinois Zone receipt point to a new interconnect in NGPL's Market Delivery Zone, via construction of a new ~14-mile lateral extending the system into Wisconsin and acquisition of off-system leased capacity. Pre-arranged shipper holds 185,000 Dth/d. Target in-service window October 2028 to March 2029.",,Open Season Announcement
2026-01-20 00:00:00.000,Northeast Supply Enhancement Project,"Transcontinental Gas Pipe Line Company, LLC",Expansion,Construction,,2027.0,"PA,NJ,NY",PA,NY,Northeast,Northeast,Northeast,,926.5,37.1,400.0,42.0,Interstate,FERC,"CP17-101-007, CP20-49-001",Yes,"Expansion of Transco's mainline across PA/NJ/NY to deliver up to 400,000 Dth/d of firm capacity to National Grid LDCs in New York City. Scope includes compression additions in PA and NJ plus a 23.5-mile offshore pipeline segment across Raritan Bay and Lower New York Bay. FERC originally certificated in 2019; Transco allowed certificate to lapse in 2024 after NY/NJ Section 401 denials. FERC reissued the certificate 8/28/2025 on an expedited basis; NY DEC and NJ DEP reversed prior positions and granted Section 401 certifications on 11/7/2025. In-service target August 2028.",LDC (National Grid NYC),Project website
2026-04-27 00:00:00.000,Northern Loop Project,Columbia Gas of Ohio,Expansion,Approved/On Hold,,,OH,OH,OH,Northeast,Northeast,Northeast,,104.5,14.0,,24.0,Intrastate,OPSB,,No,"Final phase of a multi-phase distribution loop bringing gas from supplies on the east side of Franklin County to areas north and west of Columbus. Final phase loops from southern Delaware County to southeastern Union County to connect to Columbia's existing distribution system and support growth in Dublin, Jerome Township and Marysville.",LDC (residential/commercial/industrial growth north and west of Columbus),Project website
2026-04-21 00:00:00.000,Northwoods Project,ANR Pipeline Co. (TC Energy),Expansion,Pre-applied,,2029.0,"MI,WI",MI,WI,Midwest,Midwest,Midwest,,,92.0,390.0,36.0,Interstate,FERC,PF26-6,Yes,"92-mile 36-inch pipeline loop along ANR's mainline across Iron County, MI and Florence, Marinette, Oconto and Shawano Counties, WI, plus a new 4,700 HP Shawano County compressor station and two new meter stations in Calumet and Outagamie Counties, WI. Adds 390,000 Dth/d of firm capacity fully subscribed by an unaffiliated shipper. ANR entered FERC pre-filing 3/12/2026 (PF26-6). Schedule: formal FERC application Oct 2026, certificate Oct 2027, construction 2028, in-service 11/1/2029.",Electric,Project weblsite
2026-04-21 00:00:00.000,Nueva Era Dos Pipeline Project,Nueva Era Pipeline LLC,New Pipeline,Applied,,2027.0,"TX, MX",TX,MX,"South Central, Mexico",South Central,Mexico,,,0.68,1000.0,36.0,Interstate,FERC,CP25-527,Yes,"~3,603-foot (0.68-mile) 36-inch natural gas border-crossing facility in Maverick County, TX to the state of Coahuila, Mexico. Delivers up to 1 Bcf/d of gas to industrial customers in Mexico (companion expansion to the existing Nueva Era pipeline JV of Howard Energy Partners and Grupo Clisa). FERC Section 3 application filed 7/24/2025 (CP25-527); FERC EA issued February 2026. Target 2027 start-up.",Industrial / power (Mexico),Federal Register
2026-04-21 00:00:00.000,Oracle Data Center Laterals (Hugh Brinson / North Texas),Energy Transfer LP,Lateral,Part Completed (Phased Project),,2026.0,TX,TX,TX,South Central,South Central,South Central,,,,900.0,,Intrastate,TX RRC,,No,"Three laterals off Energy Transfer's North Texas system (sourced via Hugh Brinson) supplying Oracle's ~1,100-acre Abilene, TX Stargate campus (targeting ~1.2 GW at full build). Combined supply up to ~900 MMcf/d. First lateral in service early 2026; two more targeted mid-2026. Intrastate Texas (TX RRC).",Electric,Investor Presentation
2026-04-21 00:00:00.000,Parks Line Upgrade and Sorrento Station Project (PLUSS Project),"Gulf South Pipeline Company, LLC",Expansion,Approved,,2028.0,LA,LA,LA,South Central,South Central,South Central,,116.9,1.65,236.0,,Intrastate,FERC,CP25-54,No,"Two-part expansion adding 236,000 Dth/d of capacity: (1) replacement of 4.5 miles of non-contiguous 30-inch Index 330 pipeline segments in St. Martin Parish to restore MAOP on the Arnaudville-to-Parks line; and (2) construction of a new Sorrento Compressor Station in Ascension Parish housing a 12,510 hp Solar Mars 100 unit, plus 0.29-mi suction and discharge laterals and a 1.06-mi 20-inch delivery lateral to a customer facility. Approved by FERC 12/2/2025.",Power / industrial (southern Louisiana),Project website
2025-10-15 00:00:00.000,Pelican Pipeline,WhiteWater Midstream,New Pipeline,Construction,,2027.0,LA,LA,LA,South Central,South Central,South Central,,,170.0,2500.0,42.0,Intrastate,LA DNR,,No,"170-mile intrastate gathering pipeline from Williams, LA to the Gillis Hub near Ragley, LA, sourcing Haynesville supply for Gulf Coast and LNG markets. FID announced 10/31/2024 at 36-inch/1.75 Bcf/d. On 7/30/2025 WhiteWater upsized the design to 42-inch/2.5 Bcf/d. Target in-service first half 2027. Developed with FIC, Stonepeak and Trace Capital.",LNG / Gulf Coast markets,Press release
2026-04-21 00:00:00.000,Permian West Expansion,Kinder Morgan (El Paso Natural Gas),Expansion,Applied,,2027.0,TX,TX,TX,South Central,South Central,South Central,,31.5,9.0,82.0,30.0,Interstate,FERC,CP26-156,No,"9-mile, 30-inch loop of Line No. 1100 near Cornudas in Hudspeth County, TX, to add 82,229 Dth/d of firm westbound capacity from the Permian toward delivery points as far as Willcox, AZ. Filed 3/27/2026 (CP26-156) under EPNG's blanket authorization; protest/intervention deadline 6/5/2026. Target in-service 2027.",Industrial,Open Season Announcement
2026-04-21 00:00:00.000,Pine Prairie Energy Center Phase IV Storage Expansion,Pine Prairie Energy Center LLC (Williams),Expansion,Applied,,2028.0,LA,LA,LA,South Central,South Central,South Central,,,,500.0,,Interstate,FERC,CP25-533,No,"Phase IV expansion of Pine Prairie salt-dome storage in Evangeline Parish, LA. Adds a new ~10.8 Bcf working-gas cavern, 19,000 HP electric-motor compressor, short pipeline segments and auxiliary brine/filtration/dehydration facilities. Boosts injection capability +300 MMcf/d and withdrawal +500 MMcf/d. Application amends a prior 2018 certificate (vacating 2 of 7 previously approved caverns); restated total certified capacity ~87.2 Bcf (vs. 102.6 Bcf previously). Application filed in 2025 (CP25-533); FERC EA issued 1/23/2026 with no-significant-impact finding; final order expected by 6/1/2026; target in-service 10/1/2028.",Utility / industrial storage,eLibrary: CP25-533
2026-04-27 00:00:00.000,Pipeline Modifications Project (Lake Charles LNG),Trunkline Gas,Expansion,On Hold,,2031.0,"AR,MS,LA",AR,LA,South Central,South Central,South Central,,579.2,17.89,2600.0,,Interstate,FERC,"CP14-119-000
CP14-120-000
CP14-122-000",Yes,"Pipeline expansion supporting Energy Transfer's Lake Charles LNG export project: 11.44 miles of new pipeline plus 6.45 miles of loop, bi-directional flow piping modifications at Longville (LA), Pollock (LA), Shaw (MS) and Epps (LA) compressor stations, plus new/modified meter stations. Some facilities entered service Jan 2024. FERC granted a further extension on 5/8/2025 to 12/31/2031; project remains pending FID by Energy Transfer.",LNG,DOE status report
2025-10-28 00:00:00.000,Plantation North Expansion Gas Plant,KinderHawk,Expansion,Announced,,2027.0,LA,LA,LA,South Central,South Central,South Central,,500.0,0.0,1000.0,,Intrastate,,,No,The Plantation North Gas Plant is a proposed gas processing plant that would be located in northwest Louisiana. Gathering system expansion (~$500M) on KinderHawk in northwest Louisiana Haynesville to add incremental gathering and processing capacity tied to Gulf Coast LNG demand. Kinder Morgan targets full in-service by late 2026; phased incremental capacity through the year.,,KM 2Q 2025 Financial Results
2026-04-21 00:00:00.000,Pulaski Expansion Project,Columbia Gulf Transmission,Expansion,Applied,,2029.0,KY,KY,KY,Midwest,Midwest,Midwest,,400.0,41.0,260.0,30.0,Intrastate,FERC,CP26-11,No,~40-mile 30-inch pipeline extension from Columbia Gulf's mainline in Lincoln County to a new delivery meter station near East Kentucky Power Cooperative's John Sherman Cooper Power Station in Pulaski County. Supports EKPC's coal-to-gas conversion and a planned 745 MW combined-cycle unit at Cooper. Application filed 10/15/2025; FERC scoping November 2025.,Electric,Project website (TC Energy)
2026-03-06 14:34:16.700,REX Decatur Lateral Project,Rockies Express Pipeline LLC (Tallgrass),Lateral,Proposed,,2027.0,IL,IL,IL,Midwest,Midwest,Midwest,,,16.7,181.4,20.0,Intrastate,FERC,CP25-94,No,"New lateral on REX in Illinois consisting of a 15.9-mile and a 0.6-mile 20-inch pipeline, two meter stations, and ancillary facilities (interconnects, valves, pig launchers/receivers). Designed to add delivery capacity off the REX mainline. FERC issued favorable EA on 12/15/2025 (public availability notice 12/18/2025).",,Federal Register
2025-10-15 00:00:00.000,Ridgeline Expansion Project,East Tennessee Nat Gas Co,Expansion,Construction,,2026.0,TN,TN,TN,Midwest,Midwest,Midwest,,1105.0,122.2,300.0,30.0,Interstate,FERC,CP23-516-000 & CP23-516-001,No,"Looping 122.2 miles of 30-inch pipe on East Tennessee Natural Gas (ETNG) across eight counties (Trousdale, Smith, Jackson, Putnam, Overton, Fentress, Morgan, Roane) and a new 14,600 HP electric-driven Hartsville compressor station offset by an ~80-acre solar array. Adds 300,000 Dth/d of firm capacity plus up to 95,000 Dth/d of customized delivery to TVA's Kingston site, enabling replacement of retiring coal units with a new combined-cycle plant. FERC approved April 2025; Notice to Proceed issued 10/2/2025; construction began 10/21/2025; target in-service November 2026.",Power,Project website
2026-01-14 00:00:00.000,Rio Bravo Pipeline Project,Rio Bravo Pipeline Company (Enbridge),New Pipeline,Construction,,2026.0,TX,TX,TX,South Central,South Central,South Central,,2173.0,137.9,4500.0,,Interstate,FERC,"CP16-455, CP20-481, CP23-519",No,"Interstate pipeline system supplying 100% of feedstock natural gas to NextDecade's Rio Grande LNG export terminal in Brownsville. Consists of ~137 miles of new 48-inch and 42-inch pipelines from a new compressor station in Kleberg County to the Port of Brownsville in Cameron County, with booster stations at MP 19.7 (Texas Eastern interconnect) and MP 25.7 (Transco North Padre Island Lateral interconnect). Construction underway; target in-service second half of 2026.",LNG,FERC
2026-04-21 00:00:00.000,Rover-Bulger CS and Harmon Creek MS Expansion,Rover Pipeline LLC (Energy Transfer),Expansion,Construction,,2026.0,PA,PA,PA,Northeast,Northeast,Northeast,,22.0,,400.0,,Intrastate,FERC,CP25-12,No,"Expansion of Rover's existing Bulger Compressor Station (adding a 2,750 HP compressor unit) and Harmon Creek Receipt Meter Station (ultrasonic meter skid, flow control skid, filter separator) at MP 0 of the Burgettstown Lateral in Smith Township, Washington County, PA. Enables receipt of an additional 400,000 Dth/d for anchor shipper Range Resources. FERC approved 10/16/2025; construction began 12/1/2025.",Industrial / downstream markets (Range Resources shipper),"FERC application
https://www.govinfo.gov/content/pkg/FR-2024-11-21/pdf/2024-27139.pdf"
2026-01-20 00:00:00.000,Ryckman Creek Lateral Loop Project,Northwest Pipeline LLC (Williams),Lateral,Applied,,2026.0,WY,WY,WY,Mountain,Mountain,Mountain,,,6.75,30.0,12.0,Intrastate,,CP 26-18,No,"Blanket-certificate lateral loop on Northwest's system: 6.75 miles of 12-inch looping pipeline plus modifications to the Kemmerer 98-4 Valve Site and the Spire Double D Meter Station, all in Uinta County, WY. Adds 30,278 Dth/d of firm transportation to and from the Double D meter station, which interconnects with the Spire Storage facility. Target in-service Q4 2026.",Storage (Spire Storage),Project website
2025-03-08 00:00:00.000,Sabal Trail Project Phase III,"Sabal Trail Transmission (Enbridge, Duke Energy, NextEra)",Expansion,Approved,,2027.0,"AL,GA,FL",AL,FL,"South Central, Southeast",South Central,Southeast,,,,76.0,,Interstate,FERC,CP15-17-006,Yes,"Final phase of the original Sabal Trail certificate: installation of two additional compressor units (one each at two existing Sabal Trail compressor stations in Dougherty County, GA and Suwannee County, FL) adding 76,000 Dth/d of incremental capacity. Phases I and II (999,000 Dth/d) are in service. Over 94% of total pipeline capacity is subscribed. FERC granted a two-year extension of the in-service deadline to May 1, 2027.",Electric,Project website
2026-04-21 00:00:00.000,Sabine Crossing Pipeline,"Cheniere Energy (Sabine Crossing Pipeline, LLC)",New Pipeline,Pre-applied,,2031.0,"TX,LA",TX,LA,South Central,South Central,South Central,,,55.6,2500.0,48.0,Interstate,FERC,CP25-505,Yes,"55.6-mile, 48-inch interstate pipeline plus one new compressor station and six meter stations in Liberty, Chambers and Jefferson Counties, TX, running under the Sabine-Neches Waterway to Sabine Pass LNG in Cameron Parish, LA. Supports the Sabine Pass Stage 5 Expansion (two new LNG trains, ~14 Mtpa). Binding open season completed 5/2/2025; formal application filed June 2025; original CP24-75 withdrawn to optimize route. Pre-filing under PF23-2 closed; Draft EIS issued April 2026. Construction targeted to start end of 2025, commissioning June 2031.",LNG,Open Season Announcement
2026-04-27 00:00:00.000,Saguaro - Border Facility,"ONEOK (Saguaro Connector Pipeline, LLC)",Lateral,Approved,,2028.0,"TX,MX",TX,MX,"South Central, Mexico",South Central,Mexico,,9.5,0.1,,48.0,Interstate,FERC,CP23-29,Yes,"~1,000-foot, 48-inch Section 3 border-crossing facility beneath the Rio Grande in Hudspeth County, TX, interconnecting ONEOK's intrastate Saguaro Connector with Sierra Madre Pipeline in Chihuahua, Mexico. Design capacity 2.834 Bcf/d. FERC Order issued February 2024; D.C. Circuit denied petition for review in 2025. On 4/10/2026 Saguaro filed a request for extension of time citing delays in Mexico LNG off-take (Mexico Pacific) and ongoing commercial negotiations; construction not yet started.",,FERC Order
2026-04-21 00:00:00.000,Saguaro Connector Pipeline,"ONEOK (Saguaro Connector Pipeline, LLC)",New Pipeline,Approved,,2028.0,"TX,MX",TX,MX,"South Central, Mexico",South Central,Mexico,,,155.0,,48.0,Interstate,TX RRC,,Yes,"~155-mile, 48-inch Texas intrastate pipeline from ONEOK's WesTex Transmission system at the Waha Hub in Pecos County to the FERC-jurisdictional Border Facilities in Hudspeth County (Saguaro - Border Facility). Includes two new compressor stations and appurtenant facilities; design capacity ~2.8 Bcf/d. Regulated by Texas RRC; companion lateral to CP23-29 border crossing. Project delayed along with the border crossing pending final Mexico LNG off-take commitments.",,Federal Register
2025-10-15 00:00:00.000,Shippingport Lateral Project,National Fuel Gas Supply Corporation,Lateral,Applied,,2026.0,PA,PA,PA,Northeast,Northeast,Northeast,,57.3,7.26,205.0,24.0,Intrastate,FERC,CP25-541,No,"7.26 miles of 24-inch lateral off Line N with a new meter and regulator station in Beaver and Mercer Counties, PA, delivering 205,000 Dth/d of firm transportation to the new Shippingport Power Station (gas-fired conversion of the retired Bruce Mansfield coal plant). FERC received all required permits; on track for late 2026 in-service.",Power,FERC filing
2026-04-21 00:00:00.000,South Central Louisiana,"Florida Gas Transmission Company, LLC",Expansion,Approved,,2027.0,LA,LA,LA,South Central,South Central,South Central,,43.4,,75.0,,Intrastate,FERC,CP25-30,No,"Compression-only expansion adding 75,000 Dth/d of firm transportation capacity: new 15,900 HP gas-fired compressor unit at CS 8 (East Baton Rouge Parish), uprate of one 6,500→7,700 HP unit and re-wheeling of three existing units at CS 7.5 (St. Landry Parish), plus ~700 ft of new 30-inch suction/discharge header piping. Full capacity contracted to Tampa Electric under a 15-year precedent agreement. FERC approved 11/24/2025; contractual in-service 1/1/2027.",Power (Tampa Electric Company),Federal Register
2026-04-21 00:00:00.000,South Florida Reliability Project,Florida Gas Transmission (Energy Transfer),Expansion,Announced,,2030.0,FL,FL,FL,Southeast,Southeast,Southeast,,,37.0,,,Interstate,FERC,,No,"New lateral pipeline plus compression and metering running from Martin County to Palm Beach County, FL on the FGT system. Responds to prolonged price spikes seen during Winter Storm Fern. Open season closed January 2026. Target in-service 2030.",LDC,Energy Transfer Q4 2025 earnings release
2024-10-28 00:00:00.000,South Mississippi Project,Energy Transfer,New Pipeline,Announced,,2028.0,"TX,LA,MS",TX,MS,South Central,South Central,South Central,,,,2000.0,,Interstate,FERC,,Yes,"Planned expansion by Energy Transfer Interstate Holdings. Binding Open Season ran 10/17/2024–11/15/2024 for up to 2 Bcf/d of firm transport from the Carthage Hub (TX), Haynesville producing area and Perryville Hub to multiple Southeast markets including SONAT in Louisiana and FGT Zone 3 in Perry County, MS. Project would combine new large-diameter pipe, compression and meter facilities with possible lease/expansion on ETIH-affiliated systems (FGT, ETC Tiger, Gulf Run, Trunkline, Enable MRT, Enable Gas Transmission). No FERC application filed as of the latest public information.",,Open Season Announcement
2026-04-27 00:00:00.000,Southeast Compression Utility and Reliability Expansion (SECURE) Project,"Gulf South Pipeline Company, LLC",Expansion,Announced,,,"LA,MS",LA,MS,South Central,South Central,South Central,,261.0,0.0,280.0,,Intrastate,,CP25-219-000,Yes,"Compression-only expansion on Gulf South's system adding 280,000 Dth/d of firm transport for Southeast markets (including Southern Company and FPL). Scope: upgrades at existing Tallulah CS (Madison Parish, LA), Jasper CS and Forrest CS (MS); plus construction of a new compressor station in Hinds County, MS. Application filed 4/16/2025; FERC EA issued 1/2/2026.","Power / utility (Southern Cos., FPL)",Project website
2026-04-27 00:00:00.000,Southeast Supply Enhancement Project,Transcontinental Gas Pipeline,Expansion,Construction,,2027.0,"VA,NC,SC,GA,AL",VA,AL,"Northeast, South Central",Northeast,South Central,,1530.0,55.3,1600.0,42.0,Interstate,FERC,CP25-10,Yes,"55.3 miles of new 42-inch pipeline looping (26.8 mi in Pittsylvania County, VA – Eden Loop, and 28.5 mi in Rockingham, Guilford, Forsyth and Davidson Counties, NC – Salem Loop). Plus new/upgraded compressor units at Stations 165 (VA), 155 and 150 (NC); replacement units at Station 145 (NC); and compressor-station reversals/modifications at Station 135 (SC), Stations 120/125 (GA) and Station 105 (AL). Adds 1.6 MMDth/d of firm transport to relieve Zone 5 bottlenecks south of Station 165 and serve power, LDC and industrial demand across the Southeast. FERC CPCN issued 1/29/2026; Notice to Proceed 2/25/2026; target in-service end of 2027.","LDC, electric, industrial",Project website (Williams)
2026-04-21 00:00:00.000,Southern (South) System Expansion 4 (SSE4) Project,"Southern Natural Gas Co., LLC & Elba Express Co., LLC (Kinder Morgan)",Expansion,Applied,,2028.0,"MS,AL,GA,SC",MS,SC,"South Central, Southeast",South Central,Southeast,,3500.0,291.0,1323.0,,Interstate,FERC,CP25-517,Yes,"Brownfield expansion on Southern Natural Gas's South Mainline and Elba Express: pipeline looping along existing routes plus modifications to existing compressor stations and meter/regulator stations across MS, AL, GA and SC. Provides incremental firm transport from Rose Hill/Meridian, MS and Hartwell, GA to downstream Southeast markets including LDC and power customers. Phase 1 in-service late 2028; Phase 2 late 2029. Application filed 6/30/2025; Draft EIS 1/30/2026 (joint with Mississippi Crossing CP25-514); Final Order targeted 7/31/2026 per FAST-41 schedule.","LDC, Electric",Project website
2024-12-30 00:00:00.000,Spring Creek Gas Infrastructure Expansion Project,Southwest Gas,Expansion,Construction,,,NV,NV,NV,Mountain,Mountain,Mountain,,61.9,190.0,,,Intrastate,NVPUC,,No,"LDC expansion serving customers in Elko County, NV; 22-mile backbone with 168 miles of distribution pipeline connecting to the Ruby and Paiute pipelines. Phased construction: 2020–2023 initial service to schools, businesses and first residential tracts; 2024–2025 additional residential/commercial connections; 2025–2027 full coverage.",LDC,Spring Creek Gas
2026-01-09 00:00:00.000,System Alignment Project,East Tennessee Natural Gas (Enbridge),Upgrade,Construction,,2026.0,"TN,VA,NC",TN,NC,"Midwest, Southeast",Midwest,Southeast,,390.0,22.5,,24.0,Interstate,FERC,CP23-131,Yes,"Reliability-driven system realignment across parts of TN, VA and NC including 16.1 mi Boyds Creek Loop in Sevier County, TN (24-inch), 6.4 mi Bristol-to-Glade Spring pipe replacement in Washington County, VA (8-inch→24-inch), plus Draper Compressor Station and Rural Hall Compressor Station (Rockingham County, NC). Increases directional (east-to-west) capacity to reduce reliance on displacement and balance shifting shipper flows from Marcellus/Utica sources. FERC certificate 3/2024; Notice to Proceed 9/2024; construction began Sept 2024; target in-service August 2025.",,Enbridge SAP timeline
2026-04-21 00:00:00.000,Texas Access Project,Kinder Morgan Louisiana Pipeline LLC,Expansion,Applied,,2028.0,"TX,LA",TX,LA,South Central,South Central,South Central,,112.0,3.05,1300.0,48.0,Interstate,FERC,CP26-136,Yes,"3.05 miles of 48-inch mainline extension from Jefferson County, TX into Cameron Parish, LA, plus short 42/36-inch interconnects to Trident Intrastate, the Texas Header and KMLP's Leg 1 and Leg 2 pipelines; new Woodside Interconnect in Calcasieu Parish, LA; metering modifications at Sabine Pass Metering Facility. Enables up to 1.3 Bcf/d of Texas gas to reach Southwest Louisiana LNG corridor via existing system paths. Anchor shipper Woodside Louisiana LNG signed 20-year, 1,000,000 Dth/d binding precedent agreement. Application filed 3/6/2026; target partial in-service January 2028, full in-service April 2028.",LNG,Project website
2026-04-21 00:00:00.000,Texas Connector-Port Arthur Pipeline,Sempra Infrastructure (Port Arthur Pipeline),New Pipeline,Approved,,2028.0,TX,TX,TX,South Central,South Central,South Central,,,31.0,494.0,42.0,Intrastate,FERC,"CP17-21, CP24-512",No,"31 miles of 42-inch pipeline from a new Orangefield Compressor Station in Orange County, TX to the proposed Port Arthur LNG Phase 2 facility in Jefferson County, TX. FERC originally authorized April 2019 (CP17-21); amendment approved June 2025. Phase 2 LNG expansion (Trains 3 and 4, ~13 Mtpa) targeting FID in 2025; construction expected Q2 2026. Phase 2 trains projected for 2030/2031 in-service.",LNG,Project website
2026-01-20 00:00:00.000,Texas Gateway Project,Gulf South Pipeline Co. LLC,Expansion,Proposed,,2029.0,"TX,LA",TX,LA,South Central,South Central,South Central,,,155.0,1450.0,,Interstate,FERC,,Yes,"Approximately 155 miles of new greenfield pipeline from Gulf South's Carthage Header (TX) to Beauregard Parish, LA with new compression and metering, plus upgrades to the Index 129 pipeline in southeast TX including a new compressor station near Cleveland, TX. Minimum 1.45 Bcf/d capacity. Binding Open Season 10/31–12/30/2025; foundation shipper precedent agreement secured. Target in-service November 1, 2029. No FERC application filed as of the Open Season notice.",LNG,Project website
2026-04-21 00:00:00.000,Texas-Arkansas Power Project (TAPP),Kinder Morgan (NGPL),Expansion,Applied,,2028.0,"TX,AR",TX,AR,South Central,South Central,South Central,,,0.0,400.0,,Interstate,FERC,CP26-46,Yes,"Compression-only expansion (~40,964 HP, no new pipe) on NGPL's Gulf Coast Mainline in Randolph County, AR. Adds up to 400,000 Dth/d of firm transport under a precedent agreement with Arkansas Electric Cooperative Corporation (AECC) for its gas-fired plants in northern TX/AR. Application filed 12/18/2025 (CP26-46); FERC scoping 2/9/2026; EA schedule 3/12/2026.",Electric,KMI Texas-Arkansas Power project page
2026-01-16 00:00:00.000,Texas-Louisiana Expansion Project,NGPL (Kinder Morgan / Brookfield / ArcLight),Expansion,Construction,,2028.0,"TX,LA",TX,LA,South Central,South Central,South Central,,72.0,0.0,467.0,,Interstate,FERC,CP24-8,Yes,"Modifications and new compression at existing CS 302 (Montgomery County, TX) and CS 343 (Liberty County, TX) on NGPL's Louisiana Line. Creates 300,000 Dth/d of new eastbound firm transportation plus combines with existing unsubscribed capacity for up to 467,000 Dth/d. Shipper allocations: Devon Gas Services 242,000 Dth/d; EDF Trading NA 95,000 Dth/d; Delfin Midstream 80,000 Dth/d; Golden Pass LNG 50,000 Dth/d. FERC approved 11/21/2024; target in-service November 1, 2028.",Electric/LNG,Project website
2026-01-20 00:00:00.000,Tiger Pipeline Expansion Project,Energy Transfer,Lateral,Proposed,,2028.0,LA,LA,LA,South Central,South Central,South Central,,,12.0,1000.0,,Intrastate,,,No,"12-mile lateral expansion of Energy Transfer's Tiger Pipeline, with capacity of up to 1 Bcf/d, to supply Entergy Louisiana's planned 2×750 MW Titanium Advanced Power Station in Richland Parish (serving Meta's hyperscale data center and the local grid). Supported by a 20-year firm transportation agreement starting with 250,000 MMBtu/d in February 2028 through January 2048, with an option for Entergy to expand capacity.",Power (Entergy Louisiana – data center),Investor Presentation
2026-04-27 00:00:00.000,Tioga Pathway Expansion,National Fuel Gas Supply,Expansion,Construction,,2026.0,PA,PA,PA,Northeast,Northeast,Northeast,,100.0,20.0,190.0,,Intrastate,FERC,CP24-514,No,"Roughly 19.5 miles of new 20-inch pipeline (Line YM59) in Potter and Tioga Counties, PA, plus ~4 miles of Line Z20 replacement and the new McCutcheon Hill over-pressure protection station. Adds 190,000 Dth/d of firm transport from Tioga County production areas to interstate pipeline interconnects serving U.S. and Canadian markets. Fully subscribed under a 15-year agreement with affiliate Seneca Resources. FERC CPCN 5/5/2025; Notice to Proceed January 2026; target in-service late 2026.",,Investor Presentation 1Q 2026
2024-10-11 00:00:00.000,Tioga to Emerson Project,WBI Energy Transmission,New Pipeline,On Hold,,,"ND,MN",ND,MN,"Mountain, Midwest",Mountain,Midwest,,,330.0,600.0,24.0,Interstate,FERC,,Yes,"Proposed 330-mile 24-inch takeaway pipeline from the Bakken (Tioga, ND) to Emerson, MN with interconnects to Canadian/Midwest systems. Originally targeted 2023 in-service then pushed to 2025; no FERC application has advanced. WBI Energy's current Bakken takeaway focus is the separate Bakken East Pipeline (420-mile in-state ND route to Mapleton, 1 Bcf/d, phased 2029-2030) — Tioga to Emerson appears shelved.",,
2026-01-20 00:00:00.000,Transco Power Express Pipeline,Transcontinental Gas Pipe Line (Williams),Expansion,Announced,,2030.0,VA,VA,VA,Northeast,Northeast,Northeast,,,,950.0,,Intrastate,FERC,,No,"Proposed Transco expansion running north from Compressor Station 165 in Chatham, VA (Pittsylvania County) into Northern Virginia data-center markets; up to 950 MMcf/d of incremental capacity. Uses existing Transco rights-of-way and infrastructure with scalable compression, backed by a significant anchor customer commitment. In early development — no FERC pre-filing or application yet. Target in-service Q3 2030.",Power / data centers (Northern Virginia),1Q 2025 Financial Results
2026-01-20 00:00:00.000,Transco Wharton West project,Transcontinental Gas Pipe Line (Williams),Expansion,Proposed,,2026.0,TX,TX,TX,South Central,South Central,South Central,,,,310.0,,Intrastate,,,No,"Proposed Transco expansion in Texas adding firm capacity from Zone 2 to Zone 1 (Station 30 at Wharton, TX). Binding Open Season launched October 2025; project scope and commercial details still being finalized. Stays wholly in Texas.",,Press release
2026-04-21 00:00:00.000,Transwestern Desert Southwest pipeline expansion project,Energy Transfer (Transwestern),Expansion,Announced,,2029.0,"NM,AZ",NM,AZ,Mountain,Mountain,Mountain,,5600.0,516.0,2300.0,48.0,Interstate,FERC,,Yes,"Permian-to-Desert Southwest mainline expansion across TX/NM/AZ. Originally announced as 42-inch / 1.5 Bcf/d; upsized in December 2025 to 48-inch / up to 2.3 Bcf/d after strong open-season demand. Budget ~$5.6B; target in-service Q4 2029. Serves growing power demand in AZ/NM, including coal-to-gas conversions. Energy Transfer suspended Lake Charles LNG to reallocate capital to this and other pipeline projects.",Power / utility (AZ/NM),Press release
2026-04-27 00:00:00.000,Traverse Pipeline,WPC JV (WhiteWater/MPLX/Enbridge) + Targa,New Pipeline,Construction,,2027.0,TX,TX,TX,South Central,South Central,South Central,,,152.0,2400.0,42.0,Intrastate,TX RRC,,No,"160-mile 36-inch bi-directional intrastate pipeline between Agua Dulce (South Texas) and the Katy hub near Houston; up to 1.75 Bcf/d. Supplied from Whistler, Blackcomb and Matterhorn Express. Owned by the Blackcomb Pipeline JV (WPC 70%, Targa 17.5%, MPLX 12.5%); operated by WhiteWater. FID announced 4/3/2025; target in-service 2027.",,https://traversepipeline.com/
2026-04-21 00:00:00.000,Trident Intrastate Pipeline,Kinder Morgan,New Pipeline,Construction,,2027.0,TX,TX,TX,South Central,South Central,South Central,,1800.0,216.0,2000.0,42.0,Intrastate,TX RRC,,No,"216-mile 42-inch intrastate pipeline from Katy hub near Houston to the LNG/industrial corridor near Port Arthur, TX with ~2 Bcf/d of firm transport. Underpinned by long-term contracts including Golden Pass LNG; also connects to Golden Triangle Storage and will interconnect with KMI's Texas Access Project. Phase 1 in-service targeted early 2027; Phase 2 late 2028.",LNG,Project website
2026-04-27 00:00:00.000,TTC Connector Pipeline Project,"TTC Connector, LLC",New Pipeline,Announced,,2026.0,TX,TX,TX,South Central,South Central,South Central,,,25.0,300.0,20.0,Intrastate,FERC,CP25-525,No,"25-mile pipeline with an 11,000 HP compressor station (two 5,500 HP units) to move up to 300,000 Dth/d of low-nitrogen gas from Tres Palacios Gas Storage in Colorado County, TX to Gulf South's Coastal Bend Header for Freeport LNG, with optional delivery to Trunkline. Application filed 7/20/2025 in CP25-525; TTC requested a final order by 5/1/2026 for a September 2026 in-service.",LNG,Project website
2026-04-21 00:00:00.000,Vector Pipeline Expansion,Vector Pipeline (DT Midstream / Enbridge JV),Expansion,Applied,,2028.0,"IN,MI,IL",IN,IL,Midwest,Midwest,Midwest,,,,400.0,,Interstate,FERC,,Yes,~400 MMcf/d westbound expansion of the 348-mile Vector Pipeline (DTM/Enbridge JV) into the Chicago market. Binding open season closed January 2026 with sufficient commitments to advance. Driven by ~35 GW of Upper Midwest coal retirements plus data-center load. Target in-service late 2028.,Power / data centers (Chicago market),Project website
2026-04-21 00:00:00.000,Ventura to Farmington A-line Replacement and Northern Lights 2027 Expansion Project,Northern Natural Gas Company,Expansion,Applied,,2027.0,"IA,MN",IA,MN,Midwest,Midwest,Midwest,,,46.0,79.0,,Interstate,FERC,CP26-130-000,Yes,"Combined Northern Natural filing covering two projects in IA and MN: (1) Ventura-to-Farmington A-line Abandonment and Capacity Replacement — abandons ~131 miles of vintage 16-inch pipe and replaces with ~18 miles of new 30/36-inch segments across Hancock/Worth Counties, IA and multiple MN counties; (2) Northern Lights 2027 Expansion — ~28 miles of pipeline extensions plus uprate of the Hugo Compressor Station to meet customer firm-transport demand for LDC winter service. Application filed 3/2/2026 (CP26-130); FERC scoping 4/15/2026; order sought by 2/4/2027; target in-service 11/1/2027 (Faribault M500 D-line extension 11/1/2028; abandonment 2029).",LDC,Project website
2026-04-21 00:00:00.000,Viola Project,Southern Star Central Gas Pipeline,Expansion,Applied,,2028.0,KS,KS,KS,South Central,South Central,South Central,,117.8,19.3,116.0,16.0,Interstate,FERC,CP26-74,No,"19.3 miles of new 16-inch Line UA in Sumner County, KS, plus the new 12,375 HP Wellington Compressor Station, an Evergy Meter Setting and a flow-control installation. Supplies firm transport up to 116,296 Dth/d to Evergy Kansas Central's planned 710 MW Viola combined-cycle plant. Application filed 1/21/2026 (CP26-74); FERC scoping 3/4/2026; EA schedule 4/7/2026. Target in-service 2028.",Power (Evergy – Viola Plant),Southern Star Newsroom
2026-04-21 00:00:00.000,Waha to Mexico (Wahalajara System Expansion),ESENTIA Energy Systems,Expansion,Construction,,2027.0,"TX, MX",TX,MX,"South Central, Mexico",South Central,Mexico,,,,300.0,,Cross-border,DOE/Presidential Permit,,Yes,"Three-phase expansion of the Wahalajara cross-border system, which currently moves ~1.3 Bcf/d from the Waha header ~2,000 km across northern Mexico to Guadalajara. Total expansion +300 MMcf/d (~50% uplift to ~2 Bcf/d). Phase 1 (+150 MMcf/d) reached FID Sept 2025, fully sold, expected start Q1 2027. Phase 2 adds new 15 MW turbo-compression at San Juan CS (Chihuahua) and Aguascalientes CS via Siemens Energy; equipment arriving 2027, start early-to-mid 2028. Phase 3 (loops plus two new compressor stations) targeted 2029–2030. Cross-border infrastructure — Mexican portion not FERC-regulated; U.S. export authorization via DOE/Presidential Permit.",Mexico industrial/power generation,Press release
2025-10-28 00:00:00.000,Western Massachusetts Natural Gas Reliability Project,Eversource,New Pipeline,Announced/On Hold,,,MA,MA,MA,Northeast,Northeast,Northeast,,33.0,5.3,,,Intrastate,MA EFSB / DPU,,No,"5.3 miles of new 16-inch intrastate pipe in Longmeadow and Springfield, MA, connecting a new TGP meter/point-of-delivery station in Longmeadow to Eversource's Bliss Street Regulator Station. Redundancy for ~58,000 LDC customers in Greater Springfield currently served by a single aged pipeline. Under MA EFSB (Docket EFSB 22-05 / DPU 22-69) and MEPA review since 2022; faced climate-justice opposition and 2023 MEPA request for more-thorough alternatives analysis. Construction not expected before 2029.",LDC (Greater Springfield),Project website
2026-04-21 00:00:00.000,White Castle Energy Hub Storage Project,White Castle Energy Hub LLC,New Pipeline,Announced,,2028.0,LA,LA,LA,South Central,South Central,South Central,,,,1300.0,,Intrastate,LA PSC,,No,"Up to 40 Bcf of high-deliverability salt-cavern storage at White Castle in Iberville Parish, LA. Phase I: 20 Bcf across 3 existing caverns with 480 MMcf/d injection / 900 MMcf/d withdrawal (target Q3 2028); interconnects with Louisiana Intrastate Gas, Acadian, SNG Zone 0 and Texas Eastern Zone ELA. Phase II: 20 Bcf across 2 new caverns (target 2030); adds interconnects with Gulf South, FGT Chacahoula Lateral, Boardwalk and Energy Transfer. Services include firm, interruptible, no-notice, hub and wheeling. Open season closed 3/4/2026.",,Project website
2026-04-27 00:00:00.000,Wild Trail project,Williams (Northwest Pipeline),Expansion,Approved,,2027.0,UT,UT,UT,Mountain,Mountain,Mountain,,,0.0,82.955,,Interstate,FERC,CP25-497-000,Yes,"New Daggett Compressor Station (one 11,110 HP low-NOx gas turbine unit) adjacent to the existing Clay Basin Meter Station in Daggett County, UT on Williams' interstate Northwest Pipeline, plus ~24-inch suction/discharge yard piping. Adds ~57,955 Dth/d of new firm northbound transport from Wild Horse Receipt Point to Kern River Muddy Creek and Ignacio delivery points, with another 25,000 Dth/d of existing southbound capacity contracted (~83 Mdth/d total). Serves Piceance Basin supply into Rockies/Western U.S. markets, including coal-to-gas power demand. Application filed 5/21/2025; FERC EA 12/15/2025; target in-service late 2027.","Power / utility (Rockies, West)",Project website
2026-04-21 00:00:00.000,Wright Interconnect Project,Iroquois Gas Transmission,Expansion,Pre-applied,,2028.0,NY,NY,NY,Northeast,Northeast,Northeast,,152.0,,650.0,,Interstate,FERC,CP13-502-003,No,"Companion to Constitution: Iroquois petitioned FERC 2/17/2026 (CP13-502-003) to reinstate a previously vacated certificate for a new interconnection between Constitution and the Iroquois mainline/Tennessee Gas Pipeline. Iroquois would lease the 650,000 Dth/d capacity to Constitution for 15 years. FERC joint NEPA scoping opened April 2026. Target in-service May 2028.",LDC,Project website
2026-04-21 00:00:00.000,WT-0 Compressor Station Project,Energy Transfer (Transwestern),Expansion,Approved,,2026.0,NM,NM,NM,Mountain,Mountain,Mountain,,52.0,0.0,80.0,,Interstate,FERC,CP25-37,No,"New ~13,220 HP WT-0 Compressor Station in Chaves County, NM on Transwestern's West Texas Lateral, plus metering facilities and a tie-in to an existing 24-inch dual lateral. Adds 80,000 Dth/d of firm transport from West Texas Lateral Central Zone receipts to the Transwestern Panhandle Lateral (northbound capacity raised to 830,000 Dth/d system-wide). Application filed 12/20/2024 (CP25-37); FERC EA 8/1/2025; federal authorization deadline 10/30/2025.",Power / utility markets,Federal Register
