Pipeline Type,Entity ID,Entity Name,Plant ID,Plant Name,Plant State,County,Balancing Authority Code,Sector,Generator ID,Nameplate Capacity (MW),Net Summer Capacity (MW),Net Winter Capacity (MW),Technology,Technology Group,Energy Source Code,Prime Mover Code,Expected Month,Expected Year,Status,Latitude,Longitude
Addition,65815,Sunraycer Assets I LLC,66342.0,Gaia Hybrid,TX,Navarro,ERCO,IPP Non-CHP,GAIAS,152.7,152.7,152.7,Solar Photovoltaic,Solar,SUN,PV,,,(OP) Operating,32.160767,-96.19527
Addition,65043,Madison Energy Investments LLC,63677.0,Sturbridge Road Solar,MA,Worcester,ISNE,IPP Non-CHP,STURB,5.0,5.0,5.0,Solar Photovoltaic,Solar,SUN,PV,6.0,2026.0,"(TS) Construction complete, but not yet in commercial operation",42.174611,-72.01786
Addition,65869,Prologis Logistics Services Incorporated,68118.0,Addison 11-SLCHI404,IL,DuPage,PJM,IPP Non-CHP,CH404,1.6,1.6,1.6,Solar Photovoltaic,Solar,SUN,PV,6.0,2026.0,"(TS) Construction complete, but not yet in commercial operation",41.930327,-88.04848
Addition,65869,Prologis Logistics Services Incorporated,68130.0,Des Plaines 11-SLCHI211,IL,Cook,PJM,IPP Non-CHP,CH211,1.6,1.6,1.6,Solar Photovoltaic,Solar,SUN,PV,6.0,2026.0,"(TS) Construction complete, but not yet in commercial operation",42.015,-87.915
Addition,65869,Prologis Logistics Services Incorporated,68237.0,South Bay Dis Ctr 20-SLLAX512,CA,Los Angeles,CISO,IPP Non-CHP,LA512,1.3,1.3,1.3,Solar Photovoltaic,Solar,SUN,PV,6.0,2026.0,"(TS) Construction complete, but not yet in commercial operation",33.84038,-118.2287
Addition,65869,Prologis Logistics Services Incorporated,68238.0,Commerce Distribution Center 4-SLLAX113,CA,Los Angeles,CISO,IPP Non-CHP,LA113,1.2,1.2,1.2,Solar Photovoltaic,Solar,SUN,PV,6.0,2026.0,"(TS) Construction complete, but not yet in commercial operation",33.98049,-118.1582
Addition,66742,Evans Creek Energy Storage LLC,68334.0,Evans Creek Energy Storage Project,TX,Val Verde,ERCO,IPP Non-CHP,EVCRK,103.0,103.0,103.0,Batteries,Battery storage,MWH,BA,6.0,2026.0,"(U) Under construction, less than or equal to 50 percent complete",29.746007,-101.1406
Addition,65043,Madison Energy Investments LLC,68392.0,IL2 - W109,IL,Will,PJM,IPP Non-CHP,IL2PV,4.9,4.9,4.9,Solar Photovoltaic,Solar,SUN,PV,6.0,2026.0,"(U) Under construction, less than or equal to 50 percent complete",41.470454,-88.02366
Addition,66950,Lydian Energy,68580.0,Headcamp BESS,TX,Pecos,ERCO,IPP Non-CHP,MHB,150.0,150.0,150.0,Batteries,Battery storage,MWH,BA,6.0,2026.0,"(U) Under construction, less than or equal to 50 percent complete",30.916058,-102.8553
Addition,65869,Prologis Logistics Services Incorporated,68788.0,JFC Slauson - SLLAX071,CA,Los Angeles,CISO,IPP Non-CHP,LA071,1.2,1.2,1.2,Solar Photovoltaic,Solar,SUN,PV,6.0,2026.0,"(TS) Construction complete, but not yet in commercial operation",33.981421,-118.1361
Addition,65869,Prologis Logistics Services Incorporated,68789.0,South Bay Dis Ctr 12 - SLLAX104,CA,Los Angeles,CISO,IPP Non-CHP,LA104,1.2,1.2,1.2,Solar Photovoltaic,Solar,SUN,PV,6.0,2026.0,"(U) Under construction, less than or equal to 50 percent complete",33.842873,-118.2245
Addition,65869,Prologis Logistics Services Incorporated,68790.0,Dominguez - SLLAX512,CA,Los Angeles,CISO,IPP Non-CHP,LA512,1.3,1.3,1.3,Solar Photovoltaic,Solar,SUN,PV,6.0,2026.0,"(TS) Construction complete, but not yet in commercial operation",33.84038,-118.2287
Addition,65869,Prologis Logistics Services Incorporated,68793.0,Bandini - SLLAX710,CA,Los Angeles,CISO,IPP Non-CHP,LA710,1.3,1.3,1.3,Solar Photovoltaic,Solar,SUN,PV,6.0,2026.0,"(TS) Construction complete, but not yet in commercial operation",33.983566,-118.1348
Addition,67127,"Big Sampson Wind Project, LLC",68873.0,Big Sampson Wind,TX,Crockett,ERCO,IPP Non-CHP,BIGS,265.0,265.0,265.0,Onshore Wind Turbine,Wind,WND,WT,6.0,2026.0,"(TS) Construction complete, but not yet in commercial operation",30.981883,-101.8505
Addition,67299,Sypert Branch Solar LLC,69150.0,Sypert Branch Solar,TX,Milam,ERCO,IPP Non-CHP,SYPRT,293.9,260.0,260.0,Solar Photovoltaic,Solar,SUN,PV,6.0,2026.0,"(U) Under construction, less than or equal to 50 percent complete",30.877895,-97.1944
Addition,65869,Prologis Logistics Services Incorporated,69436.0,Prologis Portside 2509 - SLSAV502,GA,Chatham,SOCO,IPP Non-CHP,SA502,2.2,2.2,2.2,Solar Photovoltaic,Solar,SUN,PV,6.0,2026.0,"(TS) Construction complete, but not yet in commercial operation",32.122059,-81.17755
Addition,65869,Prologis Logistics Services Incorporated,69437.0,Lathrop 4 - SLCVA204,CA,San Joaquin,CISO,IPP Non-CHP,BA204,2.0,2.0,2.0,Batteries,Battery storage,MWH,BA,6.0,2026.0,"(TS) Construction complete, but not yet in commercial operation",37.809438,-121.283
Addition,65869,Prologis Logistics Services Incorporated,69437.0,Lathrop 4 - SLCVA204,CA,San Joaquin,CISO,IPP Non-CHP,CV204,1.4,1.4,1.4,Solar Photovoltaic,Solar,SUN,PV,6.0,2026.0,"(TS) Construction complete, but not yet in commercial operation",37.809438,-121.283
Addition,67336,"Elawan Pitts Dudik Solar II, LLC",69674.0,Pitts Dudik Solar II,TX,Hill,ERCO,IPP Non-CHP,PDII,30.4,30.4,30.4,Solar Photovoltaic,Solar,SUN,PV,6.0,2026.0,"(TS) Construction complete, but not yet in commercial operation",31.891711,-96.87922
Addition,65869,Prologis Logistics Services Incorporated,69891.0,Torrance Dis Ctr 2 - SLLAX100,CA,Los Angeles,CISO,IPP Non-CHP,LA100,1.4,1.4,1.4,Solar Photovoltaic,Solar,SUN,PV,6.0,2026.0,"(TS) Construction complete, but not yet in commercial operation",33.84516,-118.3164
Addition,67827,Pescara 1 Solar LLC,70010.0,Pescara 1,NY,Orleans,NYIS,IPP Non-CHP,167,4.9,4.9,4.9,Solar Photovoltaic,Solar,SUN,PV,6.0,2026.0,"(U) Under construction, less than or equal to 50 percent complete",43.304517,-78.2196
Addition,67828,Pescara 2 Solar LLC,70011.0,Pescara 2,NY,Orleans,NYIS,IPP Non-CHP,168,4.9,4.9,4.9,Solar Photovoltaic,Solar,SUN,PV,6.0,2026.0,"(U) Under construction, less than or equal to 50 percent complete",43.30713,-78.22121
Addition,65869,Prologis Logistics Services Incorporated,70012.0,Redlands DC 9 - sline609,CA,San Bernardino,CISO,IPP Non-CHP,BA609,2.4,2.4,2.4,Batteries,Battery storage,MWH,BA,6.0,2026.0,"(U) Under construction, less than or equal to 50 percent complete",34.083141,-117.2035
Addition,65869,Prologis Logistics Services Incorporated,70012.0,Redlands DC 9 - sline609,CA,San Bernardino,CISO,IPP Non-CHP,IN609,2.6,2.6,2.6,Solar Photovoltaic,Solar,SUN,PV,6.0,2026.0,"(U) Under construction, less than or equal to 50 percent complete",34.083141,-117.2035
Addition,65869,Prologis Logistics Services Incorporated,70095.0,Perris DC 5 - sline015,CA,Riverside,CISO,IPP Non-CHP,IN015,1.6,1.6,1.6,Solar Photovoltaic,Solar,SUN,PV,6.0,2026.0,"(U) Under construction, less than or equal to 50 percent complete",33.850185,-117.2322
Addition,67885,CVE US PA New Alexandria 185 LLC,70120.0,New Alexandria - PA 0185 (Weimer),PA,Westmoreland,PJM,IPP Non-CHP,185,3.0,3.0,3.0,Solar Photovoltaic,Solar,SUN,PV,6.0,2026.0,"(U) Under construction, less than or equal to 50 percent complete",40.40255,-79.42805
Addition,67886,CVE US VA Petersburg 224 LLC,70123.0,Petersburg - VA 0224 (Murphy),VA,Chesterfield,PJM,IPP Non-CHP,224,2.6,2.6,2.6,Solar Photovoltaic,Solar,SUN,PV,6.0,2026.0,"(U) Under construction, less than or equal to 50 percent complete",37.24348,-77.43647
Addition,20880,City of Wisner (NE),2316.0,Wisner,NE,Cuming,SWPP,Electric Utility,6,1.5,1.5,1.5,Petroleum Liquids,Other thermal,DFO,IC,7.0,2026.0,"(TS) Construction complete, but not yet in commercial operation",41.988069,-96.91599
Addition,56953,"Bos Dairy, LLC",57625.0,"Bos Dairy, LLC",IN,Jasper,MISO,Industrial Non-CHP,BOS5,1.0,0.9,0.9,Natural Gas Internal Combustion Engine,Natural gas,NG,IC,7.0,2026.0,"(TS) Construction complete, but not yet in commercial operation",41.1153,-87.2328
Addition,60796,91MC 8me LLC,61167.0,Aratina Solar Center 1B,CA,San Bernardino,CISO,IPP Non-CHP,91MC8,80.0,80.0,80.0,Solar Photovoltaic,Solar,SUN,PV,7.0,2026.0,"(TS) Construction complete, but not yet in commercial operation",34.987952,-117.5716
Addition,60796,91MC 8me LLC,61167.0,Aratina Solar Center 1B,CA,San Bernardino,CISO,IPP Non-CHP,BESS,50.0,50.0,50.0,Batteries,Battery storage,MWH,BA,7.0,2026.0,"(TS) Construction complete, but not yet in commercial operation",34.987952,-117.5716
Addition,62646,"Painter Energy Storage, LLC",62729.0,Painter Energy Storage,CA,Santa Barbara,CISO,IPP Non-CHP,PAIN1,10.0,10.0,10.0,Batteries,Battery storage,MWH,BA,7.0,2026.0,"(TS) Construction complete, but not yet in commercial operation",34.41,-119.515
Addition,62664,"Lock 14 Hydro Partners, LLC",62749.0,Heidelberg Hydroelectric Project,KY,Lee,PJM,IPP Non-CHP,1,0.6,0.6,0.6,Conventional Hydroelectric,Hydro,WAT,HY,7.0,2026.0,"(TS) Construction complete, but not yet in commercial operation",37.552399,-83.77001
Addition,62664,"Lock 14 Hydro Partners, LLC",62749.0,Heidelberg Hydroelectric Project,KY,Lee,PJM,IPP Non-CHP,2,0.6,0.6,0.6,Conventional Hydroelectric,Hydro,WAT,HY,7.0,2026.0,"(TS) Construction complete, but not yet in commercial operation",37.552399,-83.77001
Addition,62664,"Lock 14 Hydro Partners, LLC",62749.0,Heidelberg Hydroelectric Project,KY,Lee,PJM,IPP Non-CHP,3,0.2,0.2,0.2,Conventional Hydroelectric,Hydro,WAT,HY,7.0,2026.0,"(TS) Construction complete, but not yet in commercial operation",37.552399,-83.77001
Addition,62664,"Lock 14 Hydro Partners, LLC",62749.0,Heidelberg Hydroelectric Project,KY,Lee,PJM,IPP Non-CHP,4,0.2,0.2,0.2,Conventional Hydroelectric,Hydro,WAT,HY,7.0,2026.0,"(TS) Construction complete, but not yet in commercial operation",37.552399,-83.77001
Addition,62664,"Lock 14 Hydro Partners, LLC",62749.0,Heidelberg Hydroelectric Project,KY,Lee,PJM,IPP Non-CHP,5,0.6,0.6,0.6,Conventional Hydroelectric,Hydro,WAT,HY,7.0,2026.0,"(TS) Construction complete, but not yet in commercial operation",37.552399,-83.77001
Addition,62664,"Lock 14 Hydro Partners, LLC",62749.0,Heidelberg Hydroelectric Project,KY,Lee,PJM,IPP Non-CHP,6,0.6,0.6,0.6,Conventional Hydroelectric,Hydro,WAT,HY,7.0,2026.0,"(TS) Construction complete, but not yet in commercial operation",37.552399,-83.77001
Addition,63257,"Solar Carver 1, LLC",63541.0,Solar Carver 1 Hybrid,MA,Plymouth,ISNE,IPP Non-CHP,BCRV1,2.0,2.0,2.0,Batteries,Battery storage,MWH,BA,7.0,2026.0,"(V) Under construction, more than 50 percent complete",41.824474,-70.75292
Addition,63257,"Solar Carver 1, LLC",63541.0,Solar Carver 1 Hybrid,MA,Plymouth,ISNE,IPP Non-CHP,SCRV1,2.0,2.0,2.0,Solar Photovoltaic,Solar,SUN,PV,7.0,2026.0,"(V) Under construction, more than 50 percent complete",41.824474,-70.75292
Addition,61222,174 Power Global Corp.,63798.0,Atlas,AZ,La Paz,AZPS,IPP Non-CHP,ATL01,300.0,300.0,300.0,Solar Photovoltaic,Solar,SUN,PV,7.0,2026.0,"(V) Under construction, more than 50 percent complete",33.94345,-113.7917
Addition,67192,RWE Clean Energy,64202.0,"Big Star Solar, LLC (Hybrid)",TX,Bastrop,ERCO,IPP Non-CHP,BGSTB,80.0,80.0,80.0,Batteries,Battery storage,MWH,BA,7.0,2026.0,"(TS) Construction complete, but not yet in commercial operation",29.894053,-97.27054
Addition,63969,"Placid Solar, LLC",64346.0,Highland Solar South,FL,Highlands,FPC,IPP Non-CHP,9999,74.9,74.9,74.9,Solar Photovoltaic,Solar,SUN,PV,7.0,2026.0,"(V) Under construction, more than 50 percent complete",27.2664,-81.4082
Addition,56201,Engie North America,64531.0,Noosa Energy Storage LLC,CA,San Joaquin,CISO,IPP Non-CHP,KOV4A,99.0,99.0,99.0,Batteries,Battery storage,MWH,BA,7.0,2026.0,"(U) Under construction, less than or equal to 50 percent complete",37.756292,-121.1481
Addition,64266,"Blue Jay Solar I, LLC",64672.0,"Blue Jay Solar I, LLC",TX,Grimes,ERCO,IPP Non-CHP,BLUJS,210.0,210.0,210.0,Solar Photovoltaic,Solar,SUN,PV,7.0,2026.0,"(TS) Construction complete, but not yet in commercial operation",30.705329,-96.06983
Addition,64438,"Enel Green Power Roseland Solar, LLC",65028.0,"Roseland Solar Project, LLC",TX,Falls,ERCO,IPP Non-CHP,ROSES,500.0,500.0,500.0,Solar Photovoltaic,Solar,SUN,PV,7.0,2026.0,"(TS) Construction complete, but not yet in commercial operation",31.461242,-96.82493
Addition,5248,Dominion Energy Inc.,65043.0,Dulles Solar and Storage,VA,Loudoun,PJM,Electric Utility,DUSO,100.0,100.0,100.0,Solar Photovoltaic,Solar,SUN,PV,7.0,2026.0,"(V) Under construction, more than 50 percent complete",38.95,-77.5
Addition,67192,RWE Clean Energy,65338.0,Union Ridge Solar,OH,Montgomery,PJM,IPP Non-CHP,UNIS1,108.0,108.0,108.0,Solar Photovoltaic,Solar,SUN,PV,7.0,2026.0,"(TS) Construction complete, but not yet in commercial operation",39.984126,-82.6413
Addition,56201,Engie North America,65870.0,Castor,TX,Brazoria,ERCO,IPP Non-CHP,CASTR,200.0,200.0,200.0,Batteries,Battery storage,MWH,BA,7.0,2026.0,"(U) Under construction, less than or equal to 50 percent complete",29.150279,-95.65118
Addition,61012,AES Distributed Energy,66066.0,AES Waiawa Phase 2 Solar,HI,Honolulu,HECO,IPP Non-CHP,WAIBA,30.0,30.0,30.0,Batteries,Battery storage,MWH,BA,7.0,2026.0,"(V) Under construction, more than 50 percent complete",21.43026,-157.9779
Addition,61012,AES Distributed Energy,66066.0,AES Waiawa Phase 2 Solar,HI,Honolulu,HECO,IPP Non-CHP,WAIPV,30.0,30.0,30.0,Solar Photovoltaic,Solar,SUN,PV,7.0,2026.0,"(V) Under construction, more than 50 percent complete",21.43026,-157.9779
Addition,65815,Sunraycer Assets I LLC,66342.0,Gaia Hybrid,TX,Navarro,ERCO,IPP Non-CHP,GAIAB,76.8,76.8,76.8,Batteries,Battery storage,MWH,BA,7.0,2026.0,"(TS) Construction complete, but not yet in commercial operation",32.160767,-96.19527
Addition,67466,"Nexus Renewable Power, LLC",66390.0,MRG Goody Solar Project Hybrid,TX,Lamar,ERCO,IPP Non-CHP,GDYES,50.4,50.4,50.4,Batteries,Battery storage,MWH,BA,7.0,2026.0,"(V) Under construction, more than 50 percent complete",33.639193,-95.62905
Addition,67466,"Nexus Renewable Power, LLC",66390.0,MRG Goody Solar Project Hybrid,TX,Lamar,ERCO,IPP Non-CHP,GDYPV,170.8,170.8,170.8,Solar Photovoltaic,Solar,SUN,PV,7.0,2026.0,"(V) Under construction, more than 50 percent complete",33.639193,-95.62905
Addition,65564,"Catalyze Dallas 7750 Dynasty Drive Microgrid, LLC",66516.0,TX Dallas 7750 Dynasty Drive,TX,Dallas,ERCO,IPP Non-CHP,19500,2.3,2.3,2.3,Solar Photovoltaic,Solar,SUN,PV,7.0,2026.0,"(TS) Construction complete, but not yet in commercial operation",32.652269,-96.75577
Addition,60025,Greenbacker Renewable Energy Corporation,66768.0,Hogs Bay,ME,Hancock,ISNE,IPP Non-CHP,694,2.0,2.0,2.0,Solar Photovoltaic,Solar,SUN,PV,7.0,2026.0,"(V) Under construction, more than 50 percent complete",44.57579,-68.19965
Addition,65761,"Lighthouse Arthur Kill, LLC",66785.0,Elevate Arthur Kill,NY,Richmond,NYIS,IPP Non-CHP,ELVAK,15.1,15.1,15.1,Batteries,Battery storage,MWH,BA,7.0,2026.0,"(V) Under construction, more than 50 percent complete",40.590066,-74.19836
Addition,65777,Urban Grid Solar,66843.0,Morgnec Solar,MD,Kent,PJM,IPP Non-CHP,MORG1,55.8,55.8,55.8,Solar Photovoltaic,Solar,SUN,PV,7.0,2026.0,"(V) Under construction, more than 50 percent complete",39.2299,-76.0525
Addition,65805,"GulfStar Power, LLC",66871.0,"GulfStar Power, LLC",TX,Wharton,ERCO,IPP Non-CHP,SOLAR,451.6,451.6,451.6,Solar Photovoltaic,Solar,SUN,PV,7.0,2026.0,"(TS) Construction complete, but not yet in commercial operation",29.191296,-95.96752
Addition,65819,"Ables Springs Solar, LLC",66905.0,Ables Springs Solar & Storage,TX,Kaufman,ERCO,IPP Non-CHP,SOLAR,151.0,151.0,151.0,Solar Photovoltaic,Solar,SUN,PV,7.0,2026.0,"(TS) Construction complete, but not yet in commercial operation",32.819566,-96.18484
Addition,65829,"Hill Solar 1, LLC",66912.0,Hill Solar 1,TX,Hill,ERCO,IPP Non-CHP,HS1,405.0,405.0,405.0,Solar Photovoltaic,Solar,SUN,PV,7.0,2026.0,"(TS) Construction complete, but not yet in commercial operation",32.139,-97.06
Addition,65831,"Danish Fields Solar, LLC",66914.0,"Danish Fields Solar, LLC",TX,Wharton,ERCO,IPP Non-CHP,DAN,600.0,600.0,600.0,Solar Photovoltaic,Solar,SUN,PV,7.0,2026.0,"(TS) Construction complete, but not yet in commercial operation",29.013637,-96.22054
Addition,65832,"Cottonwood Bayou Solar, LLC",66915.0,Cottonwood Bayou Solar,TX,Brazoria,ERCO,IPP Non-CHP,CTW,350.0,350.0,350.0,Solar Photovoltaic,Solar,SUN,PV,7.0,2026.0,"(TS) Construction complete, but not yet in commercial operation",29.263123,-95.258
Addition,66002,"Pastoria Solar Energy Company, LLC",67105.0,Pastoria Solar,CA,Kern,CISO,IPP Non-CHP,CPP01,105.2,105.2,105.2,Solar Photovoltaic,Solar,SUN,PV,7.0,2026.0,"(TS) Construction complete, but not yet in commercial operation",34.955231,-118.8642
Addition,61950,Terra-Gen Operating Co-Solar,67510.0,"Lockhart Solar PV IV, LLC",CA,San Bernardino,CISO,IPP Non-CHP,LOC4,80.0,80.0,80.0,Solar Photovoltaic,Solar,SUN,PV,7.0,2026.0,"(TS) Construction complete, but not yet in commercial operation",35.031908,-117.3379
Addition,66367,"Pittsburg RV & Boat Storage, LLC",67770.0,Pittsburg RV Solar,CA,Contra Costa,CISO,Commercial Non-CHP,30200,2.8,2.9,2.9,Solar Photovoltaic,Solar,SUN,PV,7.0,2026.0,"(TS) Construction complete, but not yet in commercial operation",38.01155,-121.8453
Addition,66413,Ray Ranch Solar LLC,67837.0,Ray Ranch Solar,TX,Goliad,ERCO,IPP Non-CHP,RAYRS,255.2,255.2,255.2,Solar Photovoltaic,Solar,SUN,PV,7.0,2026.0,"(TS) Construction complete, but not yet in commercial operation",28.628,-97.724
Addition,66449,"Potter Solar, LLC",67876.0,Potter Solar,PA,Potter,PJM,IPP Non-CHP,ENX35,35.0,35.0,35.0,Solar Photovoltaic,Solar,SUN,PV,7.0,2026.0,"(V) Under construction, more than 50 percent complete",41.837559,-78.04845
Addition,66544,"Foley Solar, LLC",68002.0,"Foley Solar, LLC",AL,Baldwin,SOCO,IPP Non-CHP,FOLEY,80.0,80.0,80.0,Solar Photovoltaic,Solar,SUN,PV,7.0,2026.0,"(TS) Construction complete, but not yet in commercial operation",30.377488,-87.72751
Addition,50123,"Leeward Asset Management, LLC",68009.0,Saltbranch 2,OK,Mayes,SWPP,IPP Non-CHP,SB12,73.0,73.0,73.0,Solar Photovoltaic,Solar,SUN,PV,7.0,2026.0,"(V) Under construction, more than 50 percent complete",36.331569,-95.22931
Addition,60059,ZGlobal Inc,68018.0,Merced BESS,CA,Merced,CISO,IPP Non-CHP,MRCDB,3.0,3.0,3.0,Batteries,Battery storage,MWH,BA,7.0,2026.0,"(TS) Construction complete, but not yet in commercial operation",36.989396,-120.8775
Addition,66576,Chillingham Solar LLC,68065.0,Chillingham Solar,TX,Bell,ERCO,IPP Non-CHP,CHILS,350.0,350.0,350.0,Solar Photovoltaic,Solar,SUN,PV,7.0,2026.0,"(TS) Construction complete, but not yet in commercial operation",31.006,-97.262
Addition,58468,Dominion Renewable Energy,68070.0,Alberta Solar,VA,Brunswick,PJM,Electric Utility,ALBER,3.0,3.0,3.0,Solar Photovoltaic,Solar,SUN,PV,7.0,2026.0,"(U) Under construction, less than or equal to 50 percent complete",36.841728,-77.91051
Addition,66586,"SR Cherry Valley, LLC",68097.0,SR Cherry Valley,AR,Cross,MISO,IPP Non-CHP,CHERR,4.8,4.8,4.8,Solar Photovoltaic,Solar,SUN,PV,7.0,2026.0,"(TS) Construction complete, but not yet in commercial operation",35.372893,-90.7708
Addition,65869,Prologis Logistics Services Incorporated,68132.0,Elk Grove 1-SLCHI701,IL,Cook,PJM,IPP Non-CHP,CH701,1.7,1.7,1.7,Solar Photovoltaic,Solar,SUN,PV,7.0,2026.0,"(V) Under construction, more than 50 percent complete",42.010416,-87.958
Addition,65869,Prologis Logistics Services Incorporated,68139.0,McCook 2-SLCHI102,IL,Cook,PJM,IPP Non-CHP,CH102,2.0,2.0,2.0,Solar Photovoltaic,Solar,SUN,PV,7.0,2026.0,"(TS) Construction complete, but not yet in commercial operation",41.803083,-87.81935
Addition,65869,Prologis Logistics Services Incorporated,68142.0,Northlake 3-SLCHI303,IL,Cook,PJM,IPP Non-CHP,CH303,1.6,1.6,1.6,Solar Photovoltaic,Solar,SUN,PV,7.0,2026.0,"(U) Under construction, less than or equal to 50 percent complete",41.918532,-87.9093
Addition,66642,City of Little Rock - (AR),68208.0,City of Little Rock Solar Array,AR,Pulaski,MISO,Electric Utility,LRZBR,4.9,4.9,3.7,Solar Photovoltaic,Solar,SUN,PV,7.0,2026.0,"(U) Under construction, less than or equal to 50 percent complete",34.69761,-92.21437
Addition,66653,"SR Adamsville, LLC",68224.0,SR Adamsville,TN,McNairy,TVA,IPP Non-CHP,ADAMV,25.0,25.0,25.0,Solar Photovoltaic,Solar,SUN,PV,7.0,2026.0,"(TS) Construction complete, but not yet in commercial operation",35.256025,-88.36971
Addition,66667,"SR Sequatchie, LLC",68254.0,SR Sequatchie,TN,Sequatchie,TVA,IPP Non-CHP,SEQUA,8.0,8.0,8.0,Solar Photovoltaic,Solar,SUN,PV,7.0,2026.0,"(V) Under construction, more than 50 percent complete",35.412666,-85.3278
Addition,20421,Western Minnesota Mun Pwr Agny,68277.0,Brookings Solar,SD,Brookings,SWPP,Electric Utility,1,4.9,4.9,4.9,Solar Photovoltaic,Solar,SUN,PV,7.0,2026.0,"(U) Under construction, less than or equal to 50 percent complete",44.340596,-96.72945
Addition,64904,AES Clean Energy,68388.0,AES Rt 5 Solar CSG,NY,Genesee,NYIS,IPP Non-CHP,RT5SS,5.0,4.9,1.0,Solar Photovoltaic,Solar,SUN,PV,7.0,2026.0,"(V) Under construction, more than 50 percent complete",42.97347,-78.01527
Addition,803,Arizona Public Service Co,68397.0,Ironwood Solar,AZ,Yuma,AZPS,Electric Utility,I168M,168.0,168.0,168.0,Solar Photovoltaic,Solar,SUN,PV,7.0,2026.0,"(TS) Construction complete, but not yet in commercial operation",32.915556,-113.5778
Addition,66217,Copia Power,68466.0,Centennial Flats,AZ,La Paz,AZPS,IPP Non-CHP,CFB2,89.0,89.0,89.0,Batteries,Battery storage,MWH,BA,7.0,2026.0,"(U) Under construction, less than or equal to 50 percent complete",33.588334,-113.5283
Addition,66217,Copia Power,68466.0,Centennial Flats,AZ,La Paz,AZPS,IPP Non-CHP,CFPV2,166.7,166.7,166.7,Solar Photovoltaic,Solar,SUN,PV,7.0,2026.0,"(U) Under construction, less than or equal to 50 percent complete",33.588334,-113.5283
Addition,66829,"Hill Solar II, LLC",68481.0,Hill Solar II,TX,Hill,ERCO,IPP Non-CHP,HS2,200.0,200.0,200.0,Solar Photovoltaic,Solar,SUN,PV,7.0,2026.0,"(TS) Construction complete, but not yet in commercial operation",32.115203,-97.06783
Addition,67192,RWE Clean Energy,68499.0,"Crowned Heron 1 - Storage, LLC",TX,Fort Bend,ERCO,IPP Non-CHP,CWHBA,150.0,150.0,150.0,Batteries,Battery storage,MWH,BA,7.0,2026.0,"(TS) Construction complete, but not yet in commercial operation",29.482231,-95.61892
Addition,67192,RWE Clean Energy,68500.0,"Crowned Heron 2 - Storage, LLC",TX,Fort Bend,ERCO,IPP Non-CHP,CWH2,150.0,150.0,150.0,Batteries,Battery storage,MWH,BA,7.0,2026.0,"(TS) Construction complete, but not yet in commercial operation",29.482673,-95.61996
Addition,60059,ZGlobal Inc,68518.0,Merced 2 BESS,CA,Merced,CISO,IPP Non-CHP,MRC2B,2.0,2.0,2.0,Batteries,Battery storage,MWH,BA,7.0,2026.0,"(TS) Construction complete, but not yet in commercial operation",37.000929,-120.6648
Addition,66950,Lydian Energy,68581.0,Mendoza Trail BESS,TX,Crane,ERCO,IPP Non-CHP,MTB,200.0,200.0,200.0,Batteries,Battery storage,MWH,BA,7.0,2026.0,"(U) Under construction, less than or equal to 50 percent complete",31.19371,-102.3159
Addition,66950,Lydian Energy,68582.0,Pintail BESS,TX,San Patricio,ERCO,IPP Non-CHP,PPB,200.0,200.0,200.0,Batteries,Battery storage,MWH,BA,7.0,2026.0,"(U) Under construction, less than or equal to 50 percent complete",28.04268,-97.44014
Addition,60520,SoCore Energy LLC,68597.0,Mingoville PV I,PA,Centre,PJM,IPP Non-CHP,PV1,3.0,3.0,3.0,Solar Photovoltaic,Solar,SUN,PV,7.0,2026.0,"(U) Under construction, less than or equal to 50 percent complete",40.902,-77.685
Addition,60520,SoCore Energy LLC,68598.0,Mingoville PV II,PA,Centre,PJM,IPP Non-CHP,PV1,2.0,2.0,2.0,Solar Photovoltaic,Solar,SUN,PV,7.0,2026.0,"(U) Under construction, less than or equal to 50 percent complete",40.902,-77.685
Addition,67018,64NB 8me LLC,68661.0,Aratina Solar Center 1A,CA,San Bernardino,CISO,IPP Non-CHP,64BES,75.0,75.0,75.0,Batteries,Battery storage,MWH,BA,7.0,2026.0,"(TS) Construction complete, but not yet in commercial operation",34.987952,-117.5716
Addition,67018,64NB 8me LLC,68661.0,Aratina Solar Center 1A,CA,San Bernardino,CISO,IPP Non-CHP,64NB8,120.0,120.0,120.0,Solar Photovoltaic,Solar,SUN,PV,7.0,2026.0,"(TS) Construction complete, but not yet in commercial operation",34.987952,-117.5716
Addition,67723,"Choctaw Fields Solar Project, LLC",68786.0,Choctaw Fields Solar Project,OK,Choctaw,SWPP,IPP Non-CHP,USMNC,85.0,85.0,85.0,Solar Photovoltaic,Solar,SUN,PV,7.0,2026.0,"(TS) Construction complete, but not yet in commercial operation",34.030703,-95.32214
Addition,67083,"1000 Mile Solar, LLC",68847.0,1000 Mile Solar,TX,Yoakum,SWPP,IPP Non-CHP,PV1,300.0,300.0,300.0,Solar Photovoltaic,Solar,SUN,PV,7.0,2026.0,"(TS) Construction complete, but not yet in commercial operation",33.02248,-102.7089
Addition,67160,Padua 3,68914.0,Padua 3,TX,Bexar,ERCO,IPP Non-CHP,12343,200.0,200.0,200.0,Batteries,Battery storage,MWH,BA,7.0,2026.0,"(TS) Construction complete, but not yet in commercial operation",29.325064,-98.32562
Addition,62842,"Lightsource Renewable Energy Asset Management, LLC",68938.0,"Juliet Energy Project, LLC",OH,Wood,PJM,IPP Non-CHP,OHJE1,50.0,50.0,50.0,Solar Photovoltaic,Solar,SUN,PV,7.0,2026.0,"(V) Under construction, more than 50 percent complete",41.343803,-83.81598
Addition,67179,"Border Basin, LLC",68968.0,Border Basin Solar,OH,Hancock,PJM,IPP Non-CHP,ENX37,120.0,120.0,120.0,Solar Photovoltaic,Solar,SUN,PV,7.0,2026.0,"(V) Under construction, more than 50 percent complete",41.107431,-83.5722
Addition,67185,Ridge Farm Renewables LLC PV,68973.0,Ridge Farm Renewables LLC PV,IL,Vermilion,MISO,IPP Non-CHP,13359,4.0,4.0,3.8,Solar Photovoltaic,Solar,SUN,PV,7.0,2026.0,"(U) Under construction, less than or equal to 50 percent complete",39.891889,-87.6647
Addition,65539,Pivot Energy,69052.0,MDD109-NCBP BLDG 11-Manekin,MD,Prince Georges,PJM,IPP Non-CHP,MD11,2.4,2.4,2.4,Solar Photovoltaic,Solar,SUN,PV,7.0,2026.0,"(V) Under construction, more than 50 percent complete",38.8739,-76.7342
Addition,65539,Pivot Energy,69053.0,ILL060-Sangamon-Atchison,IL,Sangamon,MISO,IPP Non-CHP,IL60,2.0,2.0,2.0,Solar Photovoltaic,Solar,SUN,PV,7.0,2026.0,"(V) Under construction, more than 50 percent complete",39.849909,-89.29994
Addition,65539,Pivot Energy,69064.0,"NCBP TWELVE, LLC",MD,Prince Georges,PJM,IPP Non-CHP,NC12,1.2,1.2,1.2,Solar Photovoltaic,Solar,SUN,PV,7.0,2026.0,"(V) Under construction, more than 50 percent complete",38.8713,-76.7339
Addition,17650,Southern Power Co,69101.0,Millers Branch Solar,TX,Haskell,ERCO,IPP Non-CHP,MLB02,180.0,180.0,180.0,Solar Photovoltaic,Solar,SUN,PV,7.0,2026.0,"(V) Under construction, more than 50 percent complete",33.22132,-99.58652
Addition,49893,Invenergy Services LLC,69111.0,Trade Post Solar,IN,Sullivan,PJM,IPP Non-CHP,TRADE,200.0,200.0,200.0,Solar Photovoltaic,Solar,SUN,PV,7.0,2026.0,"(V) Under construction, more than 50 percent complete",39.238271,-87.51133
Addition,67294,"Deer Creek Solar I, LLC",69121.0,Deer Creek Hybrid,CA,Tulare,CISO,IPP Non-CHP,DERBA,51.4,50.0,50.0,Batteries,Battery storage,MWH,BA,7.0,2026.0,"(TS) Construction complete, but not yet in commercial operation",35.965,-119.07
Addition,67294,"Deer Creek Solar I, LLC",69121.0,Deer Creek Hybrid,CA,Tulare,CISO,IPP Non-CHP,DERPV,51.4,50.0,50.0,Solar Photovoltaic,Solar,SUN,PV,7.0,2026.0,"(TS) Construction complete, but not yet in commercial operation",35.965,-119.07
Addition,67298,"Anson Solar Center 2, LLC",69149.0,Anson 2 Solar,TX,Jones,ERCO,IPP Non-CHP,ANSN2,218.5,200.0,200.0,Solar Photovoltaic,Solar,SUN,PV,7.0,2026.0,"(V) Under construction, more than 50 percent complete",32.805609,-99.91901
Addition,61194,Generate Capital,69180.0,Cold Springs,NY,Onondaga,NYIS,IPP Non-CHP,11254,5.0,5.0,5.0,Solar Photovoltaic,Solar,SUN,PV,7.0,2026.0,"(V) Under construction, more than 50 percent complete",43.137912,-76.27779
Addition,61194,Generate Capital,69182.0,KA 340,IL,Kankakee,PJM,IPP Non-CHP,11225,5.0,5.0,5.0,Solar Photovoltaic,Solar,SUN,PV,7.0,2026.0,"(V) Under construction, more than 50 percent complete",41.245,-87.753
Addition,67337,"ESTX-PLD-HOUSTON2, LLC",69200.0,SAHARA BESS (SOHO BESS),TX,Brazoria,ERCO,IPP Non-CHP,SOHO1,204.4,204.4,204.4,Batteries,Battery storage,MWH,BA,7.0,2026.0,"(TS) Construction complete, but not yet in commercial operation",29.452067,-95.30828
Addition,67337,"ESTX-PLD-HOUSTON2, LLC",69200.0,SAHARA BESS (SOHO BESS),TX,Brazoria,ERCO,IPP Non-CHP,SOHO2,204.3,204.3,204.3,Batteries,Battery storage,MWH,BA,7.0,2026.0,"(TS) Construction complete, but not yet in commercial operation",29.452067,-95.30828
Addition,61194,Generate Capital,69202.0,KE109,IL,Kendall,PJM,IPP Non-CHP,11203,3.5,3.5,3.5,Solar Photovoltaic,Solar,SUN,PV,7.0,2026.0,"(TS) Construction complete, but not yet in commercial operation",41.64804,-88.58344
Addition,61194,Generate Capital,69203.0,KN07,IL,Kane,PJM,IPP Non-CHP,11227,5.0,5.0,5.0,Solar Photovoltaic,Solar,SUN,PV,7.0,2026.0,"(V) Under construction, more than 50 percent complete",41.87528,-88.42583
Addition,61194,Generate Capital,69208.0,Route 14-1,NY,Ontario,NYIS,IPP Non-CHP,11036,5.0,5.0,5.0,Solar Photovoltaic,Solar,SUN,PV,7.0,2026.0,"(V) Under construction, more than 50 percent complete",43.041852,-76.98501
Addition,61194,Generate Capital,69209.0,Route 14-2,NY,Ontario,NYIS,IPP Non-CHP,11037,5.0,5.0,5.0,Solar Photovoltaic,Solar,SUN,PV,7.0,2026.0,"(V) Under construction, more than 50 percent complete",43.042769,-76.9809
Addition,61194,Generate Capital,69217.0,Thoroman,IL,Adams,MISO,IPP Non-CHP,11219,2.5,2.5,2.5,Solar Photovoltaic,Solar,SUN,PV,7.0,2026.0,"(V) Under construction, more than 50 percent complete",40.029221,-90.93622
Addition,61194,Generate Capital,69220.0,West Genesee,NY,Onondaga,NYIS,IPP Non-CHP,11253,2.9,2.9,2.9,Solar Photovoltaic,Solar,SUN,PV,7.0,2026.0,"(V) Under construction, more than 50 percent complete",43.165134,-76.41876
Addition,67331,"Dunkirk Solar One, LLC",69229.0,"Dunkirk Solar One, LLC",NY,Chautauqua,NYIS,IPP Non-CHP,21687,5.0,5.0,5.0,Solar Photovoltaic,Solar,SUN,PV,7.0,2026.0,"(V) Under construction, more than 50 percent complete",42.497778,-79.30389
Addition,67335,"ATLAS Solar Manager, LLC",69237.0,"ATLAS Solar V, LLC",AZ,La Paz,CISO,IPP Non-CHP,ATL5,200.0,200.0,200.0,Solar Photovoltaic,Solar,SUN,PV,7.0,2026.0,"(TS) Construction complete, but not yet in commercial operation",33.573225,-113.5773
Addition,67347,Harlingen ESS Assets LLC,69252.0,Harlingen #1 BESS 1,TX,Cameron,ERCO,IPP Non-CHP,HABA1,10.0,10.0,10.0,Batteries,Battery storage,MWH,BA,7.0,2026.0,"(V) Under construction, more than 50 percent complete",26.206111,-97.70842
Addition,67348,Edinburg ESS Assets LLC,69253.0,North Edinburg BESS 1,TX,Hidalgo,ERCO,IPP Non-CHP,NEBA1,10.0,10.0,10.0,Batteries,Battery storage,MWH,BA,7.0,2026.0,"(V) Under construction, more than 50 percent complete",26.347194,-98.18844
Addition,67356,"RPC Merchant, LLC",69269.0,Pyote Gas,TX,Ward,ERCO,IPP Non-CHP,PYOT1,2.5,2.5,2.5,Natural Gas Internal Combustion Engine,Natural gas,NG,IC,7.0,2026.0,"(TS) Construction complete, but not yet in commercial operation",31.453114,-103.096
Addition,67356,"RPC Merchant, LLC",69269.0,Pyote Gas,TX,Ward,ERCO,IPP Non-CHP,PYOT2,2.5,2.5,2.5,Natural Gas Internal Combustion Engine,Natural gas,NG,IC,7.0,2026.0,"(TS) Construction complete, but not yet in commercial operation",31.453114,-103.096
Addition,67356,"RPC Merchant, LLC",69269.0,Pyote Gas,TX,Ward,ERCO,IPP Non-CHP,PYOT3,2.5,2.5,2.5,Natural Gas Internal Combustion Engine,Natural gas,NG,IC,7.0,2026.0,"(TS) Construction complete, but not yet in commercial operation",31.453114,-103.096
Addition,67356,"RPC Merchant, LLC",69269.0,Pyote Gas,TX,Ward,ERCO,IPP Non-CHP,PYOT4,2.5,2.5,2.5,Natural Gas Internal Combustion Engine,Natural gas,NG,IC,7.0,2026.0,"(TS) Construction complete, but not yet in commercial operation",31.453114,-103.096
Addition,67372,"Dunkirk Solar Two, LLC",69274.0,Dunkirk Solar Two,NY,Chautauqua,NYIS,IPP Non-CHP,21687,4.8,4.8,4.8,Solar Photovoltaic,Solar,SUN,PV,7.0,2026.0,"(V) Under construction, more than 50 percent complete",42.497778,-79.30389
Addition,67381,Three W Solar LLC,69283.0,Three W Solar,TX,Hill,ERCO,Commercial Non-CHP,TWPV1,110.9,110.9,110.9,Solar Photovoltaic,Solar,SUN,PV,7.0,2026.0,"(TS) Construction complete, but not yet in commercial operation",32.032404,-97.21424
Addition,67382,Project Lynx - Giga Texas Energy,69286.0,Project Lynx,TX,Nueces,ERCO,IPP Non-CHP,LYNX,125.0,125.0,125.0,Batteries,Battery storage,MWH,BA,7.0,2026.0,"(TS) Construction complete, but not yet in commercial operation",27.729157,-97.73308
Addition,67365,RE Desert Bloom LLC,69290.0,Desert Bloom,AZ,Maricopa,DOPD,IPP Non-CHP,DSBLM,150.0,150.0,150.0,Batteries,Battery storage,MWH,BA,7.0,2026.0,"(TS) Construction complete, but not yet in commercial operation",33.70299,-112.3219
Addition,56990,NJR Clean Energy Ventures Corporation,69291.0,Esky Solar,NJ,Gloucester,PJM,IPP Non-CHP,ESKY1,7.0,7.0,7.0,Solar Photovoltaic,Solar,SUN,PV,7.0,2026.0,"(TS) Construction complete, but not yet in commercial operation",39.71,-75.2
Addition,67411,"Apple Infra, LLC",69318.0,Apple BESS,TX,Ector,ERCO,IPP Non-CHP,APPLE,9.9,9.9,9.9,Batteries,Battery storage,MWH,BA,7.0,2026.0,"(V) Under construction, more than 50 percent complete",31.675697,-102.3638
Addition,67414,Elm St Infra LLC,69322.0,Elm Street BESS,TX,Reeves,ERCO,IPP Non-CHP,ELMST,9.9,9.9,9.9,Batteries,Battery storage,MWH,BA,7.0,2026.0,"(TS) Construction complete, but not yet in commercial operation",31.427531,-103.4994
Addition,67416,Buda Infra LLC,69324.0,Buda BESS,TX,Hays,ERCO,IPP Non-CHP,BUDA,9.9,9.9,9.9,Batteries,Battery storage,MWH,BA,7.0,2026.0,"(TS) Construction complete, but not yet in commercial operation",30.075567,-97.85101
Addition,67413,County Rd Infra LLC,69422.0,County Road BESS,TX,Reeves,ERCO,IPP Non-CHP,CTRD,9.9,9.9,9.9,Batteries,Battery storage,MWH,BA,7.0,2026.0,"(TS) Construction complete, but not yet in commercial operation",31.40078,-103.4944
Addition,49893,Invenergy Services LLC,69478.0,Lazbuddie Wind Energy LLC,TX,Parmer,SWPP,IPP Non-CHP,LZBDE,265.0,265.0,265.0,Onshore Wind Turbine,Wind,WND,WT,7.0,2026.0,"(V) Under construction, more than 50 percent complete",34.5589,-102.6826
Addition,67504,"Marubeni Power International, Inc.",69510.0,Cotulla BESS 1,TX,La Salle,ERCO,IPP Non-CHP,COTUL,9.9,9.9,9.9,Batteries,Battery storage,MWH,BA,7.0,2026.0,"(V) Under construction, more than 50 percent complete",28.442298,-99.25255
Addition,67504,"Marubeni Power International, Inc.",69511.0,Palmview BESS,TX,Hidalgo,ERCO,IPP Non-CHP,PALMV,9.9,9.9,9.9,Batteries,Battery storage,MWH,BA,7.0,2026.0,"(V) Under construction, more than 50 percent complete",26.23833,-98.36946
Addition,67504,"Marubeni Power International, Inc.",69512.0,SE Edinburg BESS,TX,Hidalgo,ERCO,IPP Non-CHP,SEEDI,9.9,9.9,9.9,Batteries,Battery storage,MWH,BA,7.0,2026.0,"(V) Under construction, more than 50 percent complete",26.288269,-98.14674
Addition,67510,"Catalyze National City Terminal Avenue Microgrid, LLC",69533.0,CA National City Terminal Ave,CA,San Diego,CISO,IPP Non-CHP,21938,1.1,1.1,1.1,Solar Photovoltaic,Solar,SUN,PV,7.0,2026.0,"(V) Under construction, more than 50 percent complete",32.654,-117.119
Addition,60531,Standard Solar,69555.0,Citrine NJ - West Pkwy,NJ,Morris,PJM,IPP Non-CHP,WESTP,2.3,2.3,2.3,Solar Photovoltaic,Solar,SUN,PV,7.0,2026.0,"(TS) Construction complete, but not yet in commercial operation",40.980949,-74.30712
Addition,60531,Standard Solar,69558.0,Pluma - SLT Grant,NM,Grant,PNM,IPP Non-CHP,GRANT,4.8,4.8,4.8,Solar Photovoltaic,Solar,SUN,PV,7.0,2026.0,"(TS) Construction complete, but not yet in commercial operation",32.762349,-108.1793
Addition,60531,Standard Solar,69592.0,NL NY- Pulaski,NY,Orange,NYIS,IPP Non-CHP,PSKBS,2.5,2.5,2.5,Batteries,Battery storage,MWH,BA,7.0,2026.0,"(TS) Construction complete, but not yet in commercial operation",41.334309,-74.40401
Addition,60531,Standard Solar,69592.0,NL NY- Pulaski,NY,Orange,NYIS,IPP Non-CHP,PSKPV,2.5,2.5,2.5,Solar Photovoltaic,Solar,SUN,PV,7.0,2026.0,"(TS) Construction complete, but not yet in commercial operation",41.334309,-74.40401
Addition,67558,"Greater Bryant G Solar, LLC",69628.0,GBG SOLAR,TX,Midland,ERCO,Industrial Non-CHP,GBPV1,22.2,17.7,17.7,Solar Photovoltaic,Solar,SUN,PV,7.0,2026.0,"(TS) Construction complete, but not yet in commercial operation",31.92835,-102.1617
Addition,65539,Pivot Energy,69767.0,NCBP Seven,MD,Prince Georges,PJM,IPP Non-CHP,NCBP7,2.4,2.4,2.4,Solar Photovoltaic,Solar,SUN,PV,7.0,2026.0,"(V) Under construction, more than 50 percent complete",38.8692,-76.7368
Addition,60531,Standard Solar,69790.0,Elizabeth Metropolitan Logistics Center,NJ,Union,PJM,IPP Non-CHP,EZMLC,1.2,1.2,1.2,Solar Photovoltaic,Solar,SUN,PV,7.0,2026.0,"(TS) Construction complete, but not yet in commercial operation",40.68403,-74.20623
Addition,67735,Matrix Renewables,69806.0,"Gaskell West Storage 1, LLC",CA,Kern,CISO,IPP Non-CHP,GWBS1,21.6,21.6,21.6,Batteries,Battery storage,MWH,BA,7.0,2026.0,"(V) Under construction, more than 50 percent complete",34.833541,-118.5469
Addition,65677,Dimension Energy LLC,69833.0,Bayonne Solar 2 LLC,NJ,Hudson,PJM,IPP Non-CHP,BAYO2,2.1,2.1,2.1,Solar Photovoltaic,Solar,SUN,PV,7.0,2026.0,"(V) Under construction, more than 50 percent complete",40.666289,-74.10646
Addition,65677,Dimension Energy LLC,69835.0,Starke Solar LLC,NJ,Bergen,PJM,IPP Non-CHP,STARK,2.5,2.5,2.5,Solar Photovoltaic,Solar,SUN,PV,7.0,2026.0,"(V) Under construction, more than 50 percent complete",40.835227,-74.07352
Addition,65677,Dimension Energy LLC,69838.0,"Paris Solar, LLC",IL,Macoupin,MISO,IPP Non-CHP,PARIS,5.0,5.0,5.0,Solar Photovoltaic,Solar,SUN,PV,7.0,2026.0,"(U) Under construction, less than or equal to 50 percent complete",39.486016,-89.78921
Addition,65677,Dimension Energy LLC,69840.0,CVE US IL Ridge Farm 324 LLC,IL,Vermilion,MISO,IPP Non-CHP,RIDGF,2.5,2.5,2.5,Solar Photovoltaic,Solar,SUN,PV,7.0,2026.0,"(U) Under construction, less than or equal to 50 percent complete",39.902845,-87.69748
Addition,65677,Dimension Energy LLC,69846.0,"Gerstenschlager Family Solar 1, LLC",IL,Jackson,MISO,IPP Non-CHP,GRST1,5.0,5.0,5.0,Solar Photovoltaic,Solar,SUN,PV,7.0,2026.0,"(TS) Construction complete, but not yet in commercial operation",37.74351,-89.29814
Addition,67766,USS Swank Solar LLC,69886.0,USS Swank Solar,IL,Henry,PJM,IPP Non-CHP,USSWA,1.0,1.0,1.0,Solar Photovoltaic,Solar,SUN,PV,7.0,2026.0,"(V) Under construction, more than 50 percent complete",41.1615,-90.0285
Addition,67754,"Coast Energy Holdings, LLC",69896.0,7999 Gateway Solar,CA,Alameda,CISO,IPP Non-CHP,7999G,4.6,4.6,4.6,Solar Photovoltaic,Solar,SUN,PV,7.0,2026.0,"(U) Under construction, less than or equal to 50 percent complete",37.5215,-122.0397
Addition,61194,Generate Capital,69950.0,Allium,IL,Livingston,PJM,IPP Non-CHP,11135,5.0,5.0,5.0,Solar Photovoltaic,Solar,SUN,PV,7.0,2026.0,"(V) Under construction, more than 50 percent complete",40.819503,-88.63028
Addition,3046,Duke Energy Progress - (NC),69988.0,Warsaw 2 Energy Storage,NC,Duplin,CPLE,Electric Utility,WBA2,11.0,10.1,10.1,Batteries,Battery storage,MWH,BA,7.0,2026.0,"(V) Under construction, more than 50 percent complete",35.003702,-78.1165
Addition,67847,Kearsarge Grissom LLC,70051.0,Kearsarge Grissom,NH,Sullivan,ISNE,IPP Non-CHP,GRISS,4.0,4.0,4.0,Solar Photovoltaic,Solar,SUN,PV,7.0,2026.0,"(U) Under construction, less than or equal to 50 percent complete",43.344697,-72.37781
Addition,67842,Ferrovial Energy US,70052.0,Misae Solar IV LLC,TX,Leon,ERCO,IPP Non-CHP,LEON,209.0,209.0,209.0,Solar Photovoltaic,Solar,SUN,PV,7.0,2026.0,"(TS) Construction complete, but not yet in commercial operation",31.443072,-95.75183
Addition,65539,Pivot Energy,70099.0,Pivot Energy IL 7 LLC,IL,Logan,MISO,IPP Non-CHP,IL007,1.4,1.4,1.4,Solar Photovoltaic,Solar,SUN,PV,7.0,2026.0,"(V) Under construction, more than 50 percent complete",40.268856,-89.23746
Addition,67915,Steger Road Solar 1 LLC,70182.0,Steger,IL,Cook,PJM,IPP Non-CHP,PV1,2.0,2.0,2.0,Solar Photovoltaic,Solar,SUN,PV,7.0,2026.0,"(V) Under construction, more than 50 percent complete",41.4701,-87.5793
Addition,67913,"11601 Copenhagen Ct, LLC",70185.0,Copenhagen Ct,IL,Cook,PJM,IPP Non-CHP,PV1,3.5,3.5,3.5,Solar Photovoltaic,Solar,SUN,PV,7.0,2026.0,"(U) Under construction, less than or equal to 50 percent complete",41.939381,-87.91775
Addition,11018,Lincoln Electric System,70226.0,2nd & N BESS,NE,Lancaster,SWPP,Electric Utility,1,3.0,3.0,2.9,Batteries,Battery storage,MWH,BA,7.0,2026.0,"(V) Under construction, more than 50 percent complete",40.812617,-96.71879
Addition,67449,"East Point Energy, LLC",70232.0,"Evergreen Energy Center, LLC",VA,Loudon,PJM,IPP Non-CHP,EVERG,20.0,20.0,20.0,Batteries,Battery storage,MWH,BA,7.0,2026.0,"(V) Under construction, more than 50 percent complete",39.044885,-77.58191
Addition,67934,CVE US NY Riverhead 215 LLC,70242.0,Riverhead - CVE,NY,Suffolk,NYIS,IPP Non-CHP,215,4.9,4.9,4.9,Solar Photovoltaic,Solar,SUN,PV,7.0,2026.0,"(U) Under construction, less than or equal to 50 percent complete",40.94233,-72.71824
Addition,67934,CVE US NY Riverhead 215 LLC,70242.0,Riverhead - CVE,NY,Suffolk,NYIS,IPP Non-CHP,216,4.0,4.0,4.0,Batteries,Battery storage,MWH,BA,7.0,2026.0,"(U) Under construction, less than or equal to 50 percent complete",40.94233,-72.71824
Addition,807,Arkansas Electric Coop Corp,201.0,Thomas Fitzhugh,AR,Franklin,SWPP,Electric Utility,4,69.3,46.5,46.5,Natural Gas Fired Combustion Turbine,Natural gas,NG,GT,8.0,2026.0,"(TS) Construction complete, but not yet in commercial operation",35.462382,-93.80493
Addition,5860,Empire District Electric Co,1239.0,Riverton,KS,Cherokee,SWPP,Electric Utility,13,13.5,13.6,13.6,Natural Gas Fired Combustion Turbine,Natural gas,NG,GT,8.0,2026.0,"(V) Under construction, more than 50 percent complete",37.072616,-94.6987
Addition,5860,Empire District Electric Co,1239.0,Riverton,KS,Cherokee,SWPP,Electric Utility,14,13.5,13.6,13.6,Natural Gas Fired Combustion Turbine,Natural gas,NG,GT,8.0,2026.0,"(V) Under construction, more than 50 percent complete",37.072616,-94.6987
Addition,20069,City of Wamego - (KS),1328.0,Wamego,KS,Pottawatomie,SWPP,Electric Utility,G10,3.0,3.0,3.0,Petroleum Liquids,Other thermal,DFO,IC,8.0,2026.0,"(V) Under construction, more than 50 percent complete",39.1992,-96.3086
Addition,20069,City of Wamego - (KS),1328.0,Wamego,KS,Pottawatomie,SWPP,Electric Utility,G11,3.0,3.0,3.0,Petroleum Liquids,Other thermal,DFO,IC,8.0,2026.0,"(V) Under construction, more than 50 percent complete",39.1992,-96.3086
Addition,20069,City of Wamego - (KS),1328.0,Wamego,KS,Pottawatomie,SWPP,Electric Utility,G12,3.0,3.0,3.0,Petroleum Liquids,Other thermal,DFO,IC,8.0,2026.0,"(V) Under construction, more than 50 percent complete",39.1992,-96.3086
Addition,14600,Payson City Corporation,7408.0,Payson,UT,Utah,PACE,Electric Utility,86-3C,2.4,2.1,2.1,Natural Gas Internal Combustion Engine,Natural gas,NG,IC,8.0,2026.0,"(V) Under construction, more than 50 percent complete",40.06084,-111.7302
Addition,14600,Payson City Corporation,7408.0,Payson,UT,Utah,PACE,Electric Utility,86-4C,2.4,2.1,2.1,Natural Gas Internal Combustion Engine,Natural gas,NG,IC,8.0,2026.0,"(V) Under construction, more than 50 percent complete",40.06084,-111.7302
Addition,14600,Payson City Corporation,7408.0,Payson,UT,Utah,PACE,Electric Utility,86-5C,2.4,2.1,2.1,Natural Gas Internal Combustion Engine,Natural gas,NG,IC,8.0,2026.0,"(V) Under construction, more than 50 percent complete",40.06084,-111.7302
Addition,14600,Payson City Corporation,7408.0,Payson,UT,Utah,PACE,Electric Utility,86-6C,2.4,2.1,2.1,Natural Gas Internal Combustion Engine,Natural gas,NG,IC,8.0,2026.0,"(V) Under construction, more than 50 percent complete",40.06084,-111.7302
Addition,14600,Payson City Corporation,7408.0,Payson,UT,Utah,PACE,Electric Utility,86-7C,2.4,2.1,2.1,Natural Gas Internal Combustion Engine,Natural gas,NG,IC,8.0,2026.0,"(V) Under construction, more than 50 percent complete",40.06084,-111.7302
Addition,14600,Payson City Corporation,7408.0,Payson,UT,Utah,PACE,Electric Utility,86-8C,2.4,2.1,2.1,Natural Gas Internal Combustion Engine,Natural gas,NG,IC,8.0,2026.0,"(V) Under construction, more than 50 percent complete",40.06084,-111.7302
Addition,13491,New York University,54808.0,New York University Central Plant,NY,New York,NYIS,Commercial Non-CHP,GR1,2.6,2.6,2.6,Natural Gas Internal Combustion Engine,Natural gas,NG,IC,8.0,2026.0,"(V) Under construction, more than 50 percent complete",40.7899,-73.9233
Addition,24008,University of Oregon,54950.0,Univ of Oregon Central Power Station,OR,Lane,BPAT,Commercial CHP,DG4,3.0,3.0,3.0,Petroleum Liquids,Other thermal,DFO,IC,8.0,2026.0,"(TS) Construction complete, but not yet in commercial operation",44.048333,-123.0739
Addition,13157,City of Omaha - (NE),55027.0,Papillion Creek Wastewater,NE,Sarpy,SWPP,Commercial CHP,1600B,2.5,2.4,2.5,Natural Gas Internal Combustion Engine,Natural gas,NG,IC,8.0,2026.0,"(V) Under construction, more than 50 percent complete",41.0772,-95.87
Addition,13157,City of Omaha - (NE),55027.0,Papillion Creek Wastewater,NE,Sarpy,SWPP,Commercial CHP,1600C,2.5,2.4,2.5,Natural Gas Internal Combustion Engine,Natural gas,NG,IC,8.0,2026.0,"(V) Under construction, more than 50 percent complete",41.0772,-95.87
Addition,13157,City of Omaha - (NE),55027.0,Papillion Creek Wastewater,NE,Sarpy,SWPP,Commercial CHP,1600D,2.5,2.4,2.5,Natural Gas Internal Combustion Engine,Natural gas,NG,IC,8.0,2026.0,"(V) Under construction, more than 50 percent complete",41.0772,-95.87
Addition,63873,Lincoln Medical and Mental Health Center,64291.0,Lincoln Medical and Mental Health Center,NY,Bronx,NYIS,Commercial Non-CHP,B4,1.0,1.0,1.0,Petroleum Liquids,Other thermal,DFO,IC,8.0,2026.0,"(U) Under construction, less than or equal to 50 percent complete",40.816971,-73.92411
Addition,64967,Contour Global,64745.0,Black Hollow Sun,CO,Weld,PSCO,IPP Non-CHP,BHS02,107.0,107.0,107.0,Solar Photovoltaic,Solar,SUN,PV,8.0,2026.0,"(V) Under construction, more than 50 percent complete",40.616742,-104.8489
Addition,65588,Mammoth South LLC,66545.0,Mammoth South Solar Project,IN,Pulaski,PJM,IPP Non-CHP,MMTHS,300.0,300.0,300.0,Solar Photovoltaic,Solar,SUN,PV,8.0,2026.0,"(V) Under construction, more than 50 percent complete",41.095334,-86.69157
Addition,65587,Mammoth Central LLC,66546.0,Mammoth Central Solar Project,IN,Pulaski,PJM,IPP Non-CHP,MMTHC,300.0,300.0,300.0,Solar Photovoltaic,Solar,SUN,PV,8.0,2026.0,"(U) Under construction, less than or equal to 50 percent complete",41.090899,-86.71283
Addition,55937,Entergy Texas Inc.,66621.0,Orange County Advanced Power Station,TX,Orange,MISO,Electric Utility,1A,453.0,396.6,428.3,Natural Gas Fired Combined Cycle,Natural gas,NG,CT,8.0,2026.0,"(V) Under construction, more than 50 percent complete",30.025251,-93.87134
Addition,55937,Entergy Texas Inc.,66621.0,Orange County Advanced Power Station,TX,Orange,MISO,Electric Utility,1B,453.0,396.6,428.3,Natural Gas Fired Combined Cycle,Natural gas,NG,CT,8.0,2026.0,"(V) Under construction, more than 50 percent complete",30.025251,-93.87134
Addition,55937,Entergy Texas Inc.,66621.0,Orange County Advanced Power Station,TX,Orange,MISO,Electric Utility,1C,400.0,365.0,360.6,Natural Gas Fired Combined Cycle,Natural gas,NG,CA,8.0,2026.0,"(V) Under construction, more than 50 percent complete",30.025251,-93.87134
Addition,65739,"Lake Iris Solar, LLC",66745.0,Lake Iris Solar Project,MI,St Clair,MISO,IPP Non-CHP,LIS1,95.6,95.6,95.6,Solar Photovoltaic,Solar,SUN,PV,8.0,2026.0,"(U) Under construction, less than or equal to 50 percent complete",43.084749,-82.68715
Addition,65823,"Myrtle Solar, LLC",66910.0,"Myrtle Solar, LLC",TX,Brazoria,ERCO,IPP Non-CHP,MYR,313.0,313.0,313.0,Solar Photovoltaic,Solar,SUN,PV,8.0,2026.0,"(TS) Construction complete, but not yet in commercial operation",29.228486,-95.42744
Addition,66127,Howard University,67265.0,CHP Plant,DC,District of Columbia,PJM,IPP CHP,CTG-1,5.7,5.3,5.3,Natural Gas Fired Combustion Turbine,Natural gas,NG,GT,8.0,2026.0,"(V) Under construction, more than 50 percent complete",38.92033,-77.021
Addition,61060,Cypress Creek Renewables,67654.0,Destiny Storage,TX,Harris,ERCO,IPP Non-CHP,DESTS,200.0,200.0,200.0,Batteries,Battery storage,MWH,BA,8.0,2026.0,"(U) Under construction, less than or equal to 50 percent complete",29.887194,-95.02366
Addition,61060,Cypress Creek Renewables,67666.0,Sundance (CO),CO,Elbert,PSCO,IPP Non-CHP,SUNBA,50.0,50.0,50.0,Batteries,Battery storage,MWH,BA,8.0,2026.0,"(U) Under construction, less than or equal to 50 percent complete",39.414779,-104.4481
Addition,61060,Cypress Creek Renewables,67666.0,Sundance (CO),CO,Elbert,PSCO,IPP Non-CHP,SUNDN,74.9,74.9,74.9,Solar Photovoltaic,Solar,SUN,PV,8.0,2026.0,"(U) Under construction, less than or equal to 50 percent complete",39.414779,-104.4481
Addition,66344,Kingstree West 115 LLC,67723.0,Kingstree West 115,SC,Williamsburg,CPLE,IPP Non-CHP,SOLAR,74.9,74.9,74.9,Solar Photovoltaic,Solar,SUN,PV,8.0,2026.0,"(V) Under construction, more than 50 percent complete",33.693976,-79.95404
Addition,66446,"Clermont Solar, LLC",67870.0,Clermont Solar,PA,McKean,PJM,IPP Non-CHP,ENX34,120.0,120.0,120.0,Solar Photovoltaic,Solar,SUN,PV,8.0,2026.0,"(U) Under construction, less than or equal to 50 percent complete",41.656025,-78.56731
Addition,803,Arizona Public Service Co,67964.0,Agave,AZ,Maricopa,AZPS,Electric Utility,A400M,150.0,150.0,150.0,Batteries,Battery storage,MWH,BA,8.0,2026.0,"(TS) Construction complete, but not yet in commercial operation",33.32389,-112.8397
Addition,66543,"Old Hayneville Solar, LLC",68001.0,"Old Hayneville Solar, LLC",AL,Montgomery,SOCO,IPP Non-CHP,OLHAY,80.0,80.0,80.0,Solar Photovoltaic,Solar,SUN,PV,8.0,2026.0,"(TS) Construction complete, but not yet in commercial operation",32.317562,-86.41123
Addition,50123,"Leeward Asset Management, LLC",68007.0,Saltbranch Solar 1,OK,Mayes,SWPP,IPP Non-CHP,SLTB1,73.0,73.0,73.0,Solar Photovoltaic,Solar,SUN,PV,8.0,2026.0,"(V) Under construction, more than 50 percent complete",36.331569,-95.22931
Addition,6455,"Duke Energy Florida, LLC",68052.0,Bailey Mill Solar,FL,Jefferson,FPC,Electric Utility,PV1,74.9,74.9,74.9,Solar Photovoltaic,Solar,SUN,PV,8.0,2026.0,"(U) Under construction, less than or equal to 50 percent complete",30.409127,-83.93336
Addition,58468,Dominion Renewable Energy,68074.0,Cerulean Solar,VA,Richmond,PJM,Electric Utility,CERUL,62.0,62.0,62.0,Solar Photovoltaic,Solar,SUN,PV,8.0,2026.0,"(V) Under construction, more than 50 percent complete",37.867194,-76.58987
Addition,65869,Prologis Logistics Services Incorporated,68120.0,Bensenville 13-SLCHI513,IL,DuPage,PJM,IPP Non-CHP,CH513,1.4,1.4,1.4,Solar Photovoltaic,Solar,SUN,PV,8.0,2026.0,"(U) Under construction, less than or equal to 50 percent complete",41.987884,-87.95258
Addition,65869,Prologis Logistics Services Incorporated,68122.0,Bensenville 2-SLCHI526,IL,DuPage,PJM,IPP Non-CHP,CH526,1.9,1.9,1.9,Solar Photovoltaic,Solar,SUN,PV,8.0,2026.0,"(U) Under construction, less than or equal to 50 percent complete",41.971289,-87.95462
Addition,65869,Prologis Logistics Services Incorporated,68135.0,Franklin Park 2-SLCHI802,IL,Cook,PJM,IPP Non-CHP,CH802,1.2,1.2,1.2,Solar Photovoltaic,Solar,SUN,PV,8.0,2026.0,"(V) Under construction, more than 50 percent complete",41.946509,-87.85944
Addition,65869,Prologis Logistics Services Incorporated,68140.0,Melrose Park 2-SLCHI547,IL,Cook,PJM,IPP Non-CHP,CH547,3.0,3.0,3.0,Solar Photovoltaic,Solar,SUN,PV,8.0,2026.0,"(U) Under construction, less than or equal to 50 percent complete",41.9809,-87.8633
Addition,66635,"Rio Lago Solar, LLC",68155.0,Rio Lago Solar,TX,Bandera,ERCO,IPP Non-CHP,RIOLA,123.0,123.0,123.0,Solar Photovoltaic,Solar,SUN,PV,8.0,2026.0,"(TS) Construction complete, but not yet in commercial operation",29.756134,-99.09524
Addition,66631,"Rocky Forge Wind, LLC",68197.0,Rocky Forge Wind,VA,Botetourt,PJM,IPP Non-CHP,ROCKY,78.0,78.0,78.0,Onshore Wind Turbine,Wind,WND,WT,8.0,2026.0,"(V) Under construction, more than 50 percent complete",37.710827,-79.7196
Addition,66782,"Brazoria Solar i, LLC",68410.0,Brazoria Solar I,TX,Brazoria,ERCO,IPP Non-CHP,BRAZ,125.0,125.0,125.0,Solar Photovoltaic,Solar,SUN,PV,8.0,2026.0,"(TS) Construction complete, but not yet in commercial operation",29.138777,-95.37108
Addition,66782,"Brazoria Solar i, LLC",68410.0,Brazoria Solar I,TX,Brazoria,ERCO,IPP Non-CHP,BRAZ2,125.0,125.0,125.0,Solar Photovoltaic,Solar,SUN,PV,8.0,2026.0,"(TS) Construction complete, but not yet in commercial operation",29.138777,-95.37108
Addition,65043,Madison Energy Investments LLC,68439.0,NorCal FPV 1,CA,Alameda,CISO,Industrial Non-CHP,17184,10.0,10.0,7.0,Solar Photovoltaic,Solar,SUN,PV,8.0,2026.0,"(V) Under construction, more than 50 percent complete",37.6778,-121.8275
Addition,66798,"Imperator Solar, LLC",68465.0,Imperator Solar,CA,Kern,CISO,Industrial Non-CHP,22324,2.0,2.0,1.3,Solar Photovoltaic,Solar,SUN,PV,8.0,2026.0,"(TS) Construction complete, but not yet in commercial operation",35.4932,-119.1659
Addition,7140,Georgia Power Co,68512.0,McGrau Ford Battery Storage Facility,GA,Cherokee,SOCO,Electric Utility,1,265.0,265.0,265.0,Batteries,Battery storage,MWH,BA,8.0,2026.0,"(U) Under construction, less than or equal to 50 percent complete",34.324977,-84.3289
Addition,7140,Georgia Power Co,68512.0,McGrau Ford Battery Storage Facility,GA,Cherokee,SOCO,Electric Utility,2,265.0,265.0,265.0,Batteries,Battery storage,MWH,BA,8.0,2026.0,"(U) Under construction, less than or equal to 50 percent complete",34.324977,-84.3289
Addition,58764,"Origis Energy USA, Inc",68592.0,Rockhound A,TX,Ector,ERCO,IPP Non-CHP,OERHA,245.0,245.0,245.0,Solar Photovoltaic,Solar,SUN,PV,8.0,2026.0,"(TS) Construction complete, but not yet in commercial operation",31.723088,-102.5196
Addition,58764,"Origis Energy USA, Inc",68593.0,Rockhound C,TX,Ector,ERCO,IPP Non-CHP,OERHC,61.0,61.0,61.0,Solar Photovoltaic,Solar,SUN,PV,8.0,2026.0,"(TS) Construction complete, but not yet in commercial operation",31.723088,-102.5196
Addition,58764,"Origis Energy USA, Inc",68594.0,Rockhound D,TX,Ector,ERCO,IPP Non-CHP,OERHD,28.0,28.0,28.0,Solar Photovoltaic,Solar,SUN,PV,8.0,2026.0,"(TS) Construction complete, but not yet in commercial operation",31.6859,-102.518
Addition,67225,"Canyon Peak Power, LLC",68741.0,Canyon Peak Power Station,CO,Arapahoe,WACM,IPP Non-CHP,CPP_1,26.1,22.2,27.6,Natural Gas Fired Combustion Turbine,Natural gas,NG,GT,8.0,2026.0,"(V) Under construction, more than 50 percent complete",39.622946,-104.4508
Addition,67225,"Canyon Peak Power, LLC",68741.0,Canyon Peak Power Station,CO,Arapahoe,WACM,IPP Non-CHP,CPP_2,26.1,22.2,27.6,Natural Gas Fired Combustion Turbine,Natural gas,NG,GT,8.0,2026.0,"(V) Under construction, more than 50 percent complete",39.622946,-104.4508
Addition,67225,"Canyon Peak Power, LLC",68741.0,Canyon Peak Power Station,CO,Arapahoe,WACM,IPP Non-CHP,CPP_3,26.1,22.2,27.6,Natural Gas Fired Combustion Turbine,Natural gas,NG,GT,8.0,2026.0,"(V) Under construction, more than 50 percent complete",39.622946,-104.4508
Addition,67225,"Canyon Peak Power, LLC",68741.0,Canyon Peak Power Station,CO,Arapahoe,WACM,IPP Non-CHP,CPP_4,26.1,22.2,27.6,Natural Gas Fired Combustion Turbine,Natural gas,NG,GT,8.0,2026.0,"(V) Under construction, more than 50 percent complete",39.622946,-104.4508
Addition,67225,"Canyon Peak Power, LLC",68741.0,Canyon Peak Power Station,CO,Arapahoe,WACM,IPP Non-CHP,CPP_5,26.1,22.2,27.6,Natural Gas Fired Combustion Turbine,Natural gas,NG,GT,8.0,2026.0,"(V) Under construction, more than 50 percent complete",39.622946,-104.4508
Addition,67225,"Canyon Peak Power, LLC",68741.0,Canyon Peak Power Station,CO,Arapahoe,WACM,IPP Non-CHP,CPP_6,26.1,22.2,27.6,Natural Gas Fired Combustion Turbine,Natural gas,NG,GT,8.0,2026.0,"(V) Under construction, more than 50 percent complete",39.622946,-104.4508
Addition,67582,"Intersect USA, LLC",68759.0,Quantum BESS,TX,Haskell,ERCO,IPP Non-CHP,IPQ1B,422.4,323.6,323.6,Batteries,Battery storage,MWH,BA,8.0,2026.0,"(V) Under construction, more than 50 percent complete",33.0121,-99.5604
Addition,67582,"Intersect USA, LLC",68760.0,Quantum Solar,TX,Haskell,ERCO,IPP Non-CHP,IPQ1S,362.8,320.6,320.6,Solar Photovoltaic,Solar,SUN,PV,8.0,2026.0,"(V) Under construction, more than 50 percent complete",33.0129,-99.5604
Addition,67582,"Intersect USA, LLC",68761.0,Quantum II BESS,TX,Haskell,ERCO,IPP Non-CHP,IPQ2B,422.4,323.6,323.6,Batteries,Battery storage,MWH,BA,8.0,2026.0,"(V) Under construction, more than 50 percent complete",33.135,-99.5719
Addition,67582,"Intersect USA, LLC",68762.0,Quantum II Solar,TX,Haskell,ERCO,IPP Non-CHP,IPQ2S,362.8,320.6,320.6,Solar Photovoltaic,Solar,SUN,PV,8.0,2026.0,"(V) Under construction, more than 50 percent complete",33.1377,-99.57
Addition,67069,NY CDG 009 LLC,68783.0,NY CDG 009,NY,Suffolk,NYIS,IPP Non-CHP,NY009,1.0,1.0,0.5,Solar Photovoltaic,Solar,SUN,PV,8.0,2026.0,"(V) Under construction, more than 50 percent complete",40.808538,-72.95773
Addition,66800,"NorCal FPV 1, LLC",68787.0,NorCal FPV 1 (Pond 2),CA,Alameda,CISO,IPP Non-CHP,23889,1.8,1.8,1.3,Solar Photovoltaic,Solar,SUN,PV,8.0,2026.0,"(V) Under construction, more than 50 percent complete",37.6779,-121.8276
Addition,67095,"Bell 1 Solar, LLC",68851.0,Hermes Solar PV,TX,Bell,ERCO,IPP Non-CHP,HSPV1,100.4,100.0,100.0,Solar Photovoltaic,Solar,SUN,PV,8.0,2026.0,"(V) Under construction, more than 50 percent complete",30.989842,-97.14982
Addition,65654,Birch Creek Development,68929.0,"Ruby Solar, LLC",IL,Clinton,MISO,IPP Non-CHP,RUBY,50.0,50.0,50.0,Solar Photovoltaic,Solar,SUN,PV,8.0,2026.0,"(V) Under construction, more than 50 percent complete",38.595759,-89.16983
Addition,67175,"SV CSG Naplate, LLC",68936.0,SV CSG Naplate,IL,LaSalle,MISO,IPP Non-CHP,NAP1,3.9,3.9,3.9,Solar Photovoltaic,Solar,SUN,PV,8.0,2026.0,"(V) Under construction, more than 50 percent complete",41.332158,-88.88482
Addition,15466,Public Service Co of Colorado,68982.0,Singing Grass Wind,CO,Kit Carson,PSCO,Electric Utility,SGG01,603.0,600.0,600.0,Onshore Wind Turbine,Wind,WND,WT,8.0,2026.0,"(U) Under construction, less than or equal to 50 percent complete",39.201143,-102.8576
Addition,61194,Generate Capital,69175.0,Arlington 2,IL,Bureau,MISO,IPP Non-CHP,11239,4.5,4.5,4.5,Solar Photovoltaic,Solar,SUN,PV,8.0,2026.0,"(V) Under construction, more than 50 percent complete",41.454503,-89.29475
Addition,61194,Generate Capital,69178.0,Cherry Solar 1,IL,Bureau,MISO,IPP Non-CHP,11237,5.0,5.0,5.0,Solar Photovoltaic,Solar,SUN,PV,8.0,2026.0,"(V) Under construction, more than 50 percent complete",41.450314,-89.22483
Addition,64904,AES Clean Energy,69197.0,Halifax County Solar,NC,Halifax,PJM,IPP Non-CHP,HALIF,80.0,80.0,80.0,Solar Photovoltaic,Solar,SUN,PV,8.0,2026.0,"(U) Under construction, less than or equal to 50 percent complete",36.2537,-77.6884
Addition,67335,"ATLAS Solar Manager, LLC",69238.0,"ATLAS Solar VI, LLC",AZ,La Paz,CISO,IPP Non-CHP,ATL6,100.0,100.0,100.0,Solar Photovoltaic,Solar,SUN,PV,8.0,2026.0,"(U) Under construction, less than or equal to 50 percent complete",33.579227,-113.5742
Addition,67357,"Vertus Energy Storage, LLC",69255.0,Vertus Energy Storage Plant,TX,Galveston,ERCO,IPP Non-CHP,VESP1,200.0,200.0,200.0,Batteries,Battery storage,MWH,BA,8.0,2026.0,"(U) Under construction, less than or equal to 50 percent complete",29.392994,-95.03924
Addition,67448,"Honeycomb Solar Holdco, LLC",69351.0,Honeycomb Solar and Storage,TX,Bee,ERCO,IPP Non-CHP,HNYBS,76.5,76.5,76.5,Batteries,Battery storage,MWH,BA,8.0,2026.0,"(V) Under construction, more than 50 percent complete",28.184344,-97.77169
Addition,67448,"Honeycomb Solar Holdco, LLC",69351.0,Honeycomb Solar and Storage,TX,Bee,ERCO,IPP Non-CHP,HNYPV,74.8,74.8,74.8,Solar Photovoltaic,Solar,SUN,PV,8.0,2026.0,"(V) Under construction, more than 50 percent complete",28.184344,-97.77169
Addition,67419,Middle Road Solar Partners LLC,69371.0,Middle Road Solar Partners,PA,Dauphin,PJM,IPP Non-CHP,HALIF,2.5,2.5,2.5,Solar Photovoltaic,Solar,SUN,PV,8.0,2026.0,"(V) Under construction, more than 50 percent complete",40.516,-76.937
Addition,67423,Lysander III PV LLC,69375.0,Lysander III PV,NY,Onondaga,NYIS,IPP Non-CHP,LYSAN,2.4,2.4,2.4,Solar Photovoltaic,Solar,SUN,PV,8.0,2026.0,"(V) Under construction, more than 50 percent complete",43.219759,-76.38847
Addition,5416,"Duke Energy Carolinas, LLC",69404.0,Craggy Energy Storage,NC,Buncombe,CPLW,Electric Utility,CRAGB,30.5,30.5,30.5,Batteries,Battery storage,MWH,BA,8.0,2026.0,"(V) Under construction, more than 50 percent complete",35.641793,-82.60868
Addition,67488,Bocanova Power II LLC,69423.0,Bocanova Energy Storage II,TX,Brazoria,ERCO,IPP Non-CHP,BCNV2,150.0,150.0,150.0,Batteries,Battery storage,MWH,BA,8.0,2026.0,"(V) Under construction, more than 50 percent complete",29.435422,-95.2511
Addition,3046,Duke Energy Progress - (NC),69429.0,Asheville BESS,NC,Buncombe,CPLW,Electric Utility,AVLB1,17.3,17.3,17.3,Batteries,Battery storage,MWH,BA,8.0,2026.0,"(U) Under construction, less than or equal to 50 percent complete",35.472139,-82.54163
Addition,67494,On Energy Storage,69457.0,Mesquite Clean Energy Center (BESS),TX,Cameron,ERCO,IPP Non-CHP,MEBA1,10.1,10.1,10.1,Batteries,Battery storage,MWH,BA,8.0,2026.0,"(TS) Construction complete, but not yet in commercial operation",26.098447,-97.82261
Addition,67495,New Hickory Solar LLC,69507.0,New Hickory Solar,TX,Jackson,ERCO,IPP Non-CHP,NHKRY,206.0,206.0,206.0,Solar Photovoltaic,Solar,SUN,PV,8.0,2026.0,"(V) Under construction, more than 50 percent complete",29.069747,-96.8782
Addition,56990,NJR Clean Energy Ventures Corporation,69516.0,Hamms Landfill,NJ,Sussex,PJM,IPP Non-CHP,HAMM,6.0,6.0,6.0,Solar Photovoltaic,Solar,SUN,PV,8.0,2026.0,"(V) Under construction, more than 50 percent complete",41.1015,-74.6706
Addition,67489,Walden Renewables Development LLC,69535.0,Nutes Solar,NH,Strafford,ISNE,IPP Non-CHP,NS1,20.0,20.0,20.0,Solar Photovoltaic,Solar,SUN,PV,8.0,2026.0,"(U) Under construction, less than or equal to 50 percent complete",43.375125,-71.023
Addition,67522,Holyoke MA BESS 1 LLC,69551.0,Holyoke MA BESS 1,MA,Hampden,ISNE,IPP Non-CHP,90915,5.0,5.0,5.0,Batteries,Battery storage,MWH,BA,8.0,2026.0,"(U) Under construction, less than or equal to 50 percent complete",42.16774,-72.64898
Addition,60531,Standard Solar,69554.0,BPL NJ - Belmont,NJ,Somerset,PJM,IPP Non-CHP,BELMO,1.8,1.8,1.8,Solar Photovoltaic,Solar,SUN,PV,8.0,2026.0,"(TS) Construction complete, but not yet in commercial operation",40.530503,-74.54493
Addition,67192,RWE Clean Energy,69578.0,"Casey Fork Solar, LLC",IL,Jefferson,MISO,IPP Non-CHP,CFSPV,150.0,150.0,150.0,Solar Photovoltaic,Solar,SUN,PV,8.0,2026.0,"(TS) Construction complete, but not yet in commercial operation",38.452,-88.876
Addition,59122,The Medical Center Company,69593.0,MCCo BESS Generating Facility,OH,Cuyahoga,PJM,IPP Non-CHP,1,3.9,3.9,3.9,Batteries,Battery storage,MWH,BA,8.0,2026.0,"(V) Under construction, more than 50 percent complete",41.3026,-81.3604
Addition,59122,The Medical Center Company,69593.0,MCCo BESS Generating Facility,OH,Cuyahoga,PJM,IPP Non-CHP,2,3.9,3.9,3.9,Batteries,Battery storage,MWH,BA,8.0,2026.0,"(V) Under construction, more than 50 percent complete",41.3026,-81.3604
Addition,59122,The Medical Center Company,69593.0,MCCo BESS Generating Facility,OH,Cuyahoga,PJM,IPP Non-CHP,3,3.9,3.9,3.9,Batteries,Battery storage,MWH,BA,8.0,2026.0,"(V) Under construction, more than 50 percent complete",41.3026,-81.3604
Addition,59122,The Medical Center Company,69593.0,MCCo BESS Generating Facility,OH,Cuyahoga,PJM,IPP Non-CHP,4,3.9,3.9,3.9,Batteries,Battery storage,MWH,BA,8.0,2026.0,"(V) Under construction, more than 50 percent complete",41.3026,-81.3604
Addition,67543,Essex VT BESS 1 LLC,69602.0,Essex VT BESS 1,VT,Chittenden,ISNE,IPP Non-CHP,90918,16.0,16.0,16.0,Batteries,Battery storage,MWH,BA,8.0,2026.0,"(U) Under construction, less than or equal to 50 percent complete",44.483701,-73.10717
Addition,67542,Ipswich MA BESS 1 LLC,69603.0,Ipswich MA BESS 1,MA,Essex,ISNE,IPP Non-CHP,90917,5.0,5.0,5.0,Batteries,Battery storage,MWH,BA,8.0,2026.0,"(U) Under construction, less than or equal to 50 percent complete",42.716353,-70.84202
Addition,65173,United States Solar Corporation,69616.0,USS Lyndon Solar LLC,IL,Whiteside,PJM,IPP Non-CHP,USLYN,1.0,1.0,1.0,Solar Photovoltaic,Solar,SUN,PV,8.0,2026.0,"(V) Under construction, more than 50 percent complete",41.659472,-89.92079
Addition,62759,Geronimo Power,69647.0,"Jackson County Solar, LLC",MI,Jackson,MISO,IPP Non-CHP,JCKSN,125.0,125.0,125.0,Solar Photovoltaic,Solar,SUN,PV,8.0,2026.0,"(V) Under construction, more than 50 percent complete",42.281921,-84.65668
Addition,67619,"Balboa Avenue I Solar Project 2023, LLC",69711.0,L3 Harris San Diego,CA,San Diego,CISO,IPP Non-CHP,6672,1.6,1.6,1.6,Solar Photovoltaic,Solar,SUN,PV,8.0,2026.0,"(V) Under construction, more than 50 percent complete",32.822588,-117.1352
Addition,67646,"Meister Avenue Branchburg Solar Project 2024, LLC",69753.0,50 Meister Ave,NJ,Somerset,PJM,IPP Non-CHP,13790,1.5,1.5,1.5,Solar Photovoltaic,Solar,SUN,PV,8.0,2026.0,"(V) Under construction, more than 50 percent complete",40.600337,-74.69818
Addition,67729,Cartwright Solar II LLC,69782.0,Cartwright Solar II,OR,Crook,BPAT,IPP Non-CHP,CW216,17.6,17.6,17.6,Solar Photovoltaic,Solar,SUN,PV,8.0,2026.0,"(TS) Construction complete, but not yet in commercial operation",44.244,-120.938
Addition,20069,City of Wamego - (KS),69783.0,Public Works Generation,KS,Pottawatomie,SWPP,Electric Utility,PW13,3.0,3.0,3.0,Petroleum Liquids,Other thermal,DFO,IC,8.0,2026.0,"(V) Under construction, more than 50 percent complete",39.196782,-96.29131
Addition,60531,Standard Solar,69791.0,BPL NJ - Union Distribution Center,NJ,Union,PJM,IPP Non-CHP,NJUDC,1.5,1.5,1.5,Solar Photovoltaic,Solar,SUN,PV,8.0,2026.0,"(TS) Construction complete, but not yet in commercial operation",40.6834,-74.2422
Addition,67719,Northern Sun LLC,69797.0,Northern Sun,MN,Rice,MISO,IPP Non-CHP,POPL,1.0,1.0,1.0,Solar Photovoltaic,Solar,SUN,PV,8.0,2026.0,"(V) Under construction, more than 50 percent complete",44.309422,-93.23834
Addition,65677,Dimension Energy LLC,69828.0,"Mexico PV, LLC",NY,Oswego,NYIS,IPP Non-CHP,MEXIC,4.5,4.5,4.5,Solar Photovoltaic,Solar,SUN,PV,8.0,2026.0,"(V) Under construction, more than 50 percent complete",43.429675,-76.16547
Addition,65677,Dimension Energy LLC,69834.0,Avon CSG 2 LLC,NY,Livingston,NYIS,IPP Non-CHP,AVON2,4.1,4.1,4.1,Solar Photovoltaic,Solar,SUN,PV,8.0,2026.0,"(TS) Construction complete, but not yet in commercial operation",42.885817,-77.71431
Addition,65677,Dimension Energy LLC,69841.0,"Bluestar Solar Project, LLC",IL,Montgomery,MISO,IPP Non-CHP,BLUST,5.0,5.0,5.0,Solar Photovoltaic,Solar,SUN,PV,8.0,2026.0,"(U) Under construction, less than or equal to 50 percent complete",39.150212,-89.45092
Addition,65677,Dimension Energy LLC,69842.0,Carneys Point Solar 1 LLC,NJ,Salem,PJM,IPP Non-CHP,CARN1,3.0,3.0,3.0,Solar Photovoltaic,Solar,SUN,PV,8.0,2026.0,"(U) Under construction, less than or equal to 50 percent complete",39.685579,-75.41956
Addition,65677,Dimension Energy LLC,69844.0,"Horseshoe Solar Project, LLC",IL,Montgomery,MISO,IPP Non-CHP,HORSE,5.0,5.0,5.0,Solar Photovoltaic,Solar,SUN,PV,8.0,2026.0,"(V) Under construction, more than 50 percent complete",39.14706,-89.4426
Addition,65677,Dimension Energy LLC,69848.0,Spillertown CSG 1 LLC,IL,Williamson,MISO,IPP Non-CHP,SPIL1,5.0,5.0,5.0,Solar Photovoltaic,Solar,SUN,PV,8.0,2026.0,"(V) Under construction, more than 50 percent complete",37.761959,-88.9226
Addition,65677,Dimension Energy LLC,69855.0,"Pomfret PV, LLC",NY,Chautauqua,NYIS,IPP Non-CHP,POMFR,3.0,3.0,3.0,Solar Photovoltaic,Solar,SUN,PV,8.0,2026.0,"(TS) Construction complete, but not yet in commercial operation",42.447083,-79.35516
Addition,15466,Public Service Co of Colorado,69873.0,Cheyenne Ridge II,CO,Cheyenne,PSCO,Electric Utility,CRW02,438.0,438.0,438.0,Onshore Wind Turbine,Wind,WND,WT,8.0,2026.0,"(U) Under construction, less than or equal to 50 percent complete",38.997719,-102.3593
Addition,60531,Standard Solar,70046.0,OER IL - Groundhog,IL,McHenry,PJM,IPP Non-CHP,GNDHG,2.0,2.0,2.0,Solar Photovoltaic,Solar,SUN,PV,8.0,2026.0,"(TS) Construction complete, but not yet in commercial operation",42.282505,-88.38802
Addition,65539,Pivot Energy,70100.0,Pivot Energy IL 70 LLC,IL,Boone,PJM,IPP Non-CHP,IL070,5.0,5.0,5.0,Solar Photovoltaic,Solar,SUN,PV,8.0,2026.0,"(V) Under construction, more than 50 percent complete",42.227709,-88.8679
Addition,65539,Pivot Energy,70101.0,Pivot Energy PPA 29 LLC,CA,Placer,CISO,IPP Non-CHP,PA29B,0.1,0.1,0.1,Batteries,Battery storage,MWH,BA,8.0,2026.0,"(V) Under construction, more than 50 percent complete",38.828466,-121.3049
Addition,65539,Pivot Energy,70101.0,Pivot Energy PPA 29 LLC,CA,Placer,CISO,IPP Non-CHP,PPA29,2.2,2.2,2.2,Solar Photovoltaic,Solar,SUN,PV,8.0,2026.0,"(V) Under construction, more than 50 percent complete",38.828466,-121.3049
Addition,65539,Pivot Energy,70103.0,Pivot Solar 43 LLC,CO,Adams,PSCO,IPP Non-CHP,PS43,3.5,3.5,3.5,Solar Photovoltaic,Solar,SUN,PV,8.0,2026.0,"(V) Under construction, more than 50 percent complete",39.748549,-104.6673
Addition,65539,Pivot Energy,70104.0,Pivot Solar 53 LLC,CO,Adams,PSCO,IPP Non-CHP,PS53,4.0,4.0,4.0,Solar Photovoltaic,Solar,SUN,PV,8.0,2026.0,"(V) Under construction, more than 50 percent complete",39.748549,-104.6673
Addition,60531,Standard Solar,70227.0,AC IL - Lockport East,IL,Will,PJM,IPP Non-CHP,LOCKE,3.1,3.1,3.1,Solar Photovoltaic,Solar,SUN,PV,8.0,2026.0,"(TS) Construction complete, but not yet in commercial operation",41.6044,-88.0603
Addition,60531,Standard Solar,70228.0,AC IL - Lockport West,IL,Will,PJM,IPP Non-CHP,LOCKW,3.4,3.4,3.4,Solar Photovoltaic,Solar,SUN,PV,8.0,2026.0,"(TS) Construction complete, but not yet in commercial operation",41.5944,-88.0624
Addition,7490,Grand River Dam Authority,165.0,GREC,OK,Mayes,SWPP,Electric Utility,4,594.0,416.0,436.0,Natural Gas Fired Combustion Turbine,Natural gas,NG,GT,9.0,2026.0,"(TS) Construction complete, but not yet in commercial operation",36.190278,-95.2894
Addition,7140,Georgia Power Co,708.0,Hammond,GA,Floyd,SOCO,Electric Utility,5,57.5,57.5,57.5,Batteries,Battery storage,MWH,BA,9.0,2026.0,"(U) Under construction, less than or equal to 50 percent complete",34.2528,-85.3456
Addition,3355,City of Chanute (KS),1267.0,Chanute 1,KS,Neosho,SWPP,Electric Utility,15,2.2,2.0,2.0,Petroleum Liquids,Other thermal,DFO,IC,9.0,2026.0,"(V) Under construction, more than 50 percent complete",37.683333,-95.45472
Addition,3355,City of Chanute (KS),1267.0,Chanute 1,KS,Neosho,SWPP,Electric Utility,16,2.2,2.0,2.0,Petroleum Liquids,Other thermal,DFO,IC,9.0,2026.0,"(V) Under construction, more than 50 percent complete",37.683333,-95.45472
Addition,3355,City of Chanute (KS),1267.0,Chanute 1,KS,Neosho,SWPP,Electric Utility,17,2.2,2.0,2.0,Petroleum Liquids,Other thermal,DFO,IC,9.0,2026.0,"(V) Under construction, more than 50 percent complete",37.683333,-95.45472
Addition,6775,Village of Freeport - (NY),2678.0,Plant No 1 Freeport,NY,Nassau,NYIS,Electric Utility,ENG13,3.0,3.0,3.0,Landfill Gas,Other renewables,LFG,IC,9.0,2026.0,"(U) Under construction, less than or equal to 50 percent complete",40.6561,-73.5922
Addition,12303,Merck & Co Inc-West Point,52149.0,West Point (PA),PA,Montgomery,PJM,Industrial CHP,GEN21,2.5,2.5,2.5,Natural Gas Internal Combustion Engine,Natural gas,NG,IC,9.0,2026.0,"(V) Under construction, more than 50 percent complete",40.217963,-75.29882
Addition,5416,"Duke Energy Carolinas, LLC",60434.0,Baxter Creek Solar,NC,Davie,DUK,IPP Non-CHP,PV1,30.0,30.0,30.0,Solar Photovoltaic,Solar,SUN,PV,9.0,2026.0,"(V) Under construction, more than 50 percent complete",35.8653,-80.57
Addition,63243,"Solar Carver 3, LLC",63506.0,Solar Carver 3 Hybrid,MA,Plymouth,ISNE,IPP Non-CHP,BCRV3,1.0,1.0,1.0,Batteries,Battery storage,MWH,BA,9.0,2026.0,"(V) Under construction, more than 50 percent complete",41.84206,-70.7699
Addition,63243,"Solar Carver 3, LLC",63506.0,Solar Carver 3 Hybrid,MA,Plymouth,ISNE,IPP Non-CHP,SCRV3,1.0,1.0,1.0,Solar Photovoltaic,Solar,SUN,PV,9.0,2026.0,"(V) Under construction, more than 50 percent complete",41.84206,-70.7699
Addition,57313,Tesla Inc.,64098.0,Tesla Reno GigaFactory,NV,Storey,NEVP,Industrial Non-CHP,3,1.0,1.0,1.0,Solar Photovoltaic,Solar,SUN,PV,9.0,2026.0,"(TS) Construction complete, but not yet in commercial operation",39.539511,-119.4392
Addition,63806,26SB 8me LLC,64209.0,Bellefield 2 Solar & Energy Storage Farm,CA,Kern,CISO,IPP Non-CHP,26SBA,500.0,500.0,500.0,Solar Photovoltaic,Solar,SUN,PV,9.0,2026.0,"(V) Under construction, more than 50 percent complete",35.017779,-118.0687
Addition,5248,Dominion Energy Inc.,65043.0,Dulles Solar and Storage,VA,Loudoun,PJM,Electric Utility,DUST,50.0,50.0,50.0,Batteries,Battery storage,MWH,BA,9.0,2026.0,"(V) Under construction, more than 50 percent complete",38.95,-77.5
Addition,67786,Naturgy Solar Operation USA LLC,65050.0,Mark Center Solar Project,OH,Defiance,PJM,IPP Non-CHP,MRC1,90.0,90.0,90.0,Solar Photovoltaic,Solar,SUN,PV,9.0,2026.0,"(U) Under construction, less than or equal to 50 percent complete",41.288044,-84.61132
Addition,57313,Tesla Inc.,65070.0,Austin TX GigaFactory,TX,Travis,ERCO,Industrial Non-CHP,A04,2.3,2.3,2.3,Solar Photovoltaic,Solar,SUN,PV,9.0,2026.0,"(TS) Construction complete, but not yet in commercial operation",30.22021,-97.61968
Addition,57313,Tesla Inc.,65072.0,Fremont CA AutoFactory,CA,Alameda,CISO,Industrial Non-CHP,GA3,1.5,1.5,1.5,Solar Photovoltaic,Solar,SUN,PV,9.0,2026.0,"(U) Under construction, less than or equal to 50 percent complete",37.49254,-121.9446
Addition,57313,Tesla Inc.,65072.0,Fremont CA AutoFactory,CA,Alameda,CISO,Industrial Non-CHP,GVSRS,0.5,0.5,0.5,Solar Photovoltaic,Solar,SUN,PV,9.0,2026.0,"(V) Under construction, more than 50 percent complete",37.49254,-121.9446
Addition,57313,Tesla Inc.,65072.0,Fremont CA AutoFactory,CA,Alameda,CISO,Industrial Non-CHP,STAMP,1.4,1.4,1.4,Solar Photovoltaic,Solar,SUN,PV,9.0,2026.0,"(TS) Construction complete, but not yet in commercial operation",37.49254,-121.9446
Addition,57313,Tesla Inc.,65072.0,Fremont CA AutoFactory,CA,Alameda,CISO,Industrial Non-CHP,VSRS,0.4,0.4,0.4,Solar Photovoltaic,Solar,SUN,PV,9.0,2026.0,"(TS) Construction complete, but not yet in commercial operation",37.49254,-121.9446
Addition,57313,Tesla Inc.,65130.0,City of Bowie,MD,Prince Georges,PJM,IPP Non-CHP,PV2,2.0,2.0,2.0,Solar Photovoltaic,Solar,SUN,PV,9.0,2026.0,"(U) Under construction, less than or equal to 50 percent complete",38.904641,-76.68877
Addition,65076,"HEN Infrastructure, L.L.C.",65834.0,Saddleback BESS2,TX,Reeves,ERCO,IPP Non-CHP,SDBTD,9.9,9.9,9.9,All Other,Other,OTH,IC,9.0,2026.0,"(V) Under construction, more than 50 percent complete",31.332883,-103.4984
Addition,56201,Engie North America,65880.0,Zeya,TX,Galveston,ERCO,IPP Non-CHP,ZEYA,250.0,250.0,250.0,Batteries,Battery storage,MWH,BA,9.0,2026.0,"(U) Under construction, less than or equal to 50 percent complete",29.388758,-94.94793
Addition,65093,"RPCA Storage 1, LLC",65897.0,Industrial Parkway Storage,CA,Santa Barbara,CISO,IPP Non-CHP,INPKY,9.8,9.8,9.8,Batteries,Battery storage,MWH,BA,9.0,2026.0,"(V) Under construction, more than 50 percent complete",34.907345,-120.4465
Addition,65329,"Yaupon Solar, LLC",66216.0,Yaupon Solar Project (Hybrid),TX,Milam,ERCO,IPP Non-CHP,SOL,200.0,200.0,200.0,Solar Photovoltaic,Solar,SUN,PV,9.0,2026.0,"(V) Under construction, more than 50 percent complete",31.0444,-96.8514
Addition,5248,Dominion Energy Inc.,66313.0,Moon Corner Solar,VA,Richmond,PJM,Electric Utility,MOCO,60.0,60.0,60.0,Solar Photovoltaic,Solar,SUN,PV,9.0,2026.0,"(U) Under construction, less than or equal to 50 percent complete",37.89,-76.54
Addition,65451,Grizzly Ridge Solar LLC,66410.0,Grizzly Ridge Solar,TX,Hamilton,ERCO,IPP Non-CHP,596,10.0,10.0,10.0,Batteries,Battery storage,MWH,BA,9.0,2026.0,"(TS) Construction complete, but not yet in commercial operation",31.738177,-98.21374
Addition,61978,Convergent Energy and Power LP,66497.0,Bensonhurst Energy Storage 1 LLC,NY,Kings,ISNE,IPP Non-CHP,BHBA1,5.0,5.0,5.0,Batteries,Battery storage,MWH,BA,9.0,2026.0,"(U) Under construction, less than or equal to 50 percent complete",40.636787,-73.93435
Addition,65682,"IP Aramis, LLC",66678.0,Aramis I Solar Project,CA,Alameda,CISO,IPP Non-CHP,IPAR1,100.0,100.0,100.0,Solar Photovoltaic,Solar,SUN,PV,9.0,2026.0,"(U) Under construction, less than or equal to 50 percent complete",37.749678,-121.7661
Addition,65682,"IP Aramis, LLC",66678.0,Aramis I Solar Project,CA,Alameda,CISO,IPP Non-CHP,IPARB,100.0,100.0,100.0,Batteries,Battery storage,MWH,BA,9.0,2026.0,"(U) Under construction, less than or equal to 50 percent complete",37.749678,-121.7661
Addition,65741,"Hart Solar Partners, LLC",66778.0,Hart Solar Project,MI,Oceana,MISO,IPP Non-CHP,HS1,120.0,120.0,120.0,Solar Photovoltaic,Solar,SUN,PV,9.0,2026.0,"(U) Under construction, less than or equal to 50 percent complete",43.692866,-86.32097
Addition,66149,"Magic Mountain Parkway Solar Project 2023, LLC",67283.0,Six Flags Magic Mountain,CA,Los Angeles,CISO,IPP Non-CHP,6569,10.0,10.0,10.0,Solar Photovoltaic,Solar,SUN,PV,9.0,2026.0,"(V) Under construction, more than 50 percent complete",34.428209,-118.5993
Addition,66149,"Magic Mountain Parkway Solar Project 2023, LLC",67283.0,Six Flags Magic Mountain,CA,Los Angeles,CISO,IPP Non-CHP,6569B,2.0,2.0,2.0,Batteries,Battery storage,MWH,BA,9.0,2026.0,"(V) Under construction, more than 50 percent complete",34.428209,-118.5993
Addition,65654,Birch Creek Development,67552.0,Elm Flats Solar,TX,Navarro,ERCO,IPP Non-CHP,ELMBA,50.0,50.0,50.0,Batteries,Battery storage,MWH,BA,9.0,2026.0,"(U) Under construction, less than or equal to 50 percent complete",32.113579,-96.30476
Addition,65654,Birch Creek Development,67552.0,Elm Flats Solar,TX,Navarro,ERCO,IPP Non-CHP,ELMFL,125.0,125.0,125.0,Solar Photovoltaic,Solar,SUN,PV,9.0,2026.0,"(U) Under construction, less than or equal to 50 percent complete",32.113579,-96.30476
Addition,67549,38DN Asset Management LLC ,67637.0,Gillard,IL,Grundy,PJM,IPP Non-CHP,GILLD,5.0,5.0,5.0,Solar Photovoltaic,Solar,SUN,PV,9.0,2026.0,"(U) Under construction, less than or equal to 50 percent complete",41.19401,-88.29454
Addition,17470,PUD No 1 of Snohomish County - (WA),67669.0,Arlington Battery Energy Storage System,WA,Snohomish,BPAT,Electric Utility,ABESS,25.0,25.0,25.0,Batteries,Battery storage,MWH,BA,9.0,2026.0,"(U) Under construction, less than or equal to 50 percent complete",48.15617,-122.1437
Addition,66358,Russell Pacific LLC,67749.0,Pistachio Road 1726-WD,CA,Kern,CISO,IPP Non-CHP,TWISS,4.8,4.8,4.8,Solar Photovoltaic,Solar,SUN,PV,9.0,2026.0,"(V) Under construction, more than 50 percent complete",35.70789,-119.8917
Addition,66552,Blue Moon Energy LLC,68000.0,Blue Moon,KY,Harrison,PJM,IPP Non-CHP,BLUMN,70.0,70.0,70.0,Solar Photovoltaic,Solar,SUN,PV,9.0,2026.0,"(V) Under construction, more than 50 percent complete",38.37118,-84.2578
Addition,50123,"Leeward Asset Management, LLC",68006.0,Mayes County Solar,OK,Mayes,SWPP,IPP Non-CHP,MYS,101.5,101.5,101.5,Solar Photovoltaic,Solar,SUN,PV,9.0,2026.0,"(V) Under construction, more than 50 percent complete",36.290054,-95.42654
Addition,66726,Nimbus Wind Farm LLC,68319.0,Nimbus Wind Farm,AR,Carroll,MISO,IPP Non-CHP,NIM,183.0,183.0,183.0,Onshore Wind Turbine,Wind,WND,WT,9.0,2026.0,"(TS) Construction complete, but not yet in commercial operation",36.27118,-93.40682
Addition,66718,Atlas VIII LLC,68323.0,Atlas VIII,AZ,La Paz,CISO,IPP Non-CHP,ALT8A,210.0,210.0,210.0,Batteries,Battery storage,MWH,BA,9.0,2026.0,"(V) Under construction, more than 50 percent complete",33.582903,-113.5769
Addition,64904,AES Clean Energy,68389.0,AES Glengarry Farms Solar CSG,NY,Franklin,NYIS,IPP Non-CHP,GLENG,5.0,4.9,1.0,Solar Photovoltaic,Solar,SUN,PV,9.0,2026.0,"(V) Under construction, more than 50 percent complete",44.9183,-74.1477
Addition,66217,Copia Power,68466.0,Centennial Flats,AZ,La Paz,AZPS,IPP Non-CHP,CFB3,89.0,89.0,89.0,Batteries,Battery storage,MWH,BA,9.0,2026.0,"(U) Under construction, less than or equal to 50 percent complete",33.588334,-113.5283
Addition,66217,Copia Power,68466.0,Centennial Flats,AZ,La Paz,AZPS,IPP Non-CHP,CFPV3,166.7,166.7,166.7,Solar Photovoltaic,Solar,SUN,PV,9.0,2026.0,"(U) Under construction, less than or equal to 50 percent complete",33.588334,-113.5283
Addition,20856,Wisconsin Power & Light Co,68502.0,Vienna Walbec Customer Hosted,WI,Dane,MISO,Electric Utility,PV1,1.4,1.4,1.4,Solar Photovoltaic,Solar,SUN,PV,9.0,2026.0,"(V) Under construction, more than 50 percent complete",43.208435,-89.41019
Addition,66781,Mammoth Central II LLC,68514.0,Mammoth Central II Solar Facility,IN,Pulaski,PJM,IPP Non-CHP,MC201,300.0,300.0,300.0,Solar Photovoltaic,Solar,SUN,PV,9.0,2026.0,"(U) Under construction, less than or equal to 50 percent complete",41.090053,-86.69398
Addition,66917,"East Avenue Q Solar Project 2022, LLC",68541.0,Palmdale Water District HQ,CA,Los Angeles,CISO,IPP Non-CHP,7169,1.7,1.7,1.7,Solar Photovoltaic,Solar,SUN,PV,9.0,2026.0,"(V) Under construction, more than 50 percent complete",34.587916,-118.0931
Addition,66945,"South Springfield Avenue Solar Project 2022, LLC",68571.0,"Lowe's - 1440 - Rockford, IL RDC (POI 1)",IL,Winnebago,MISO,IPP Non-CHP,7481,2.3,2.3,2.3,Solar Photovoltaic,Solar,SUN,PV,9.0,2026.0,"(V) Under construction, more than 50 percent complete",42.239075,-89.13187
Addition,66946,"South Springfield Avenue II Solar Project 2022, LLC",68572.0,"Lowe's - 1440 - Rockford, IL RDC (POI 2)",IL,Winnebago,MISO,IPP Non-CHP,7824,2.3,2.3,2.3,Solar Photovoltaic,Solar,SUN,PV,9.0,2026.0,"(V) Under construction, more than 50 percent complete",42.239075,-89.13187
Addition,58764,"Origis Energy USA, Inc",68672.0,Chalan,CA,Kern,CISO,IPP Non-CHP,CHA_B,25.0,25.0,25.0,Batteries,Battery storage,MWH,BA,9.0,2026.0,"(V) Under construction, more than 50 percent complete",35.7803,-119.911
Addition,58764,"Origis Energy USA, Inc",68672.0,Chalan,CA,Kern,CISO,IPP Non-CHP,OECHA,64.9,64.9,64.9,Solar Photovoltaic,Solar,SUN,PV,9.0,2026.0,"(V) Under construction, more than 50 percent complete",35.7803,-119.911
Addition,67038,"IP Easley, LLC",68758.0,Easley Solar,CA,Riverside,CISO,IPP Non-CHP,IPEA1,290.0,290.0,290.0,Solar Photovoltaic,Solar,SUN,PV,9.0,2026.0,"(V) Under construction, more than 50 percent complete",33.722655,-115.326
Addition,67517,Dolet Hills Solar,68785.0,Dolet Hills Solar,LA,DeSoto,MISO,Electric Utility,DHS1,240.0,240.0,240.0,Solar Photovoltaic,Solar,SUN,PV,9.0,2026.0,"(V) Under construction, more than 50 percent complete",31.95595,-93.62641
Addition,5109,DTE Electric Company,68850.0,Gratiot Solar Park,MI,Gratiot,MISO,Electric Utility,GRTSP,50.0,50.0,50.0,Solar Photovoltaic,Solar,SUN,PV,9.0,2026.0,"(TS) Construction complete, but not yet in commercial operation",43.436999,-84.49845
Addition,67096,"Bell 1 Storage, LLC",68852.0,Hermes Storage BESS,TX,Bell,ERCO,IPP Non-CHP,HSBE1,100.4,100.0,100.0,Batteries,Battery storage,MWH,BA,9.0,2026.0,"(V) Under construction, more than 50 percent complete",30.981595,-97.1429
Addition,67097,Limewood Bell Renewables LLC,68853.0,Limewood Bell Renewables Solar,TX,Bell,ERCO,IPP Non-CHP,LMWOD,204.0,204.0,204.0,Solar Photovoltaic,Solar,SUN,PV,9.0,2026.0,"(TS) Construction complete, but not yet in commercial operation",31.129365,-97.26139
Addition,67114,Santa Teresa Solar,68866.0,Santa Teresa Solar,NM,Dona Ana,EPE,IPP Non-CHP,SAN,150.0,150.0,150.0,Batteries,Battery storage,MWH,BA,9.0,2026.0,"(V) Under construction, more than 50 percent complete",31.805525,-106.6989
Addition,67114,Santa Teresa Solar,68866.0,Santa Teresa Solar,NM,Dona Ana,EPE,IPP Non-CHP,STS,150.0,150.0,150.0,Solar Photovoltaic,Solar,SUN,PV,9.0,2026.0,"(TS) Construction complete, but not yet in commercial operation",31.805525,-106.6989
Addition,67182,Ho-Fel Solar LLC,68970.0,Ho-Fel Solar,VA,Isle of Wight,PJM,IPP Non-CHP,HOFEL,50.2,50.2,50.2,Solar Photovoltaic,Solar,SUN,PV,9.0,2026.0,"(TS) Construction complete, but not yet in commercial operation",36.673032,-76.88201
Addition,67196,"Gonzaga Ridge Battery Facility, LLC",68980.0,Gonzaga Ridge Battery Facility,CA,Merced,CISO,IPP Non-CHP,GRBF,51.8,51.8,51.8,Batteries,Battery storage,MWH,BA,9.0,2026.0,"(V) Under construction, more than 50 percent complete",37.065806,-121.1929
Addition,67197,"Gonzaga Ridge Wind Farm, LLC",68981.0,Gonzaga Ridge Wind Farm,CA,Merced,CISO,IPP Non-CHP,GRWF1,40.3,40.3,40.3,Onshore Wind Turbine,Wind,WND,WT,9.0,2026.0,"(V) Under construction, more than 50 percent complete",37.065806,-121.1294
Addition,67197,"Gonzaga Ridge Wind Farm, LLC",68981.0,Gonzaga Ridge Wind Farm,CA,Merced,CISO,IPP Non-CHP,GRWF2,34.6,34.6,34.6,Onshore Wind Turbine,Wind,WND,WT,9.0,2026.0,"(V) Under construction, more than 50 percent complete",37.065806,-121.1294
Addition,67197,"Gonzaga Ridge Wind Farm, LLC",68981.0,Gonzaga Ridge Wind Farm,CA,Merced,CISO,IPP Non-CHP,GRWF3,57.9,57.9,57.9,Onshore Wind Turbine,Wind,WND,WT,9.0,2026.0,"(V) Under construction, more than 50 percent complete",37.065806,-121.1294
Addition,67202,"Hubbard Wind II, LLC",69010.0,Hubbard Wind II,TX,Hill,ERCO,IPP Non-CHP,5111,304.5,304.5,304.5,Onshore Wind Turbine,Wind,WND,WT,9.0,2026.0,"(V) Under construction, more than 50 percent complete",31.972743,-96.91386
Addition,58509,"Affordable Solar Silver City, LLC",69105.0,SLO-2,NM,Sandoval,PNM,IPP Non-CHP,SLO-2,5.0,5.0,5.0,Solar Photovoltaic,Solar,SUN,PV,9.0,2026.0,"(V) Under construction, more than 50 percent complete",35.363052,-106.631
Addition,5416,"Duke Energy Carolinas, LLC",69144.0,Baxter Creek Solar,NC,Davie,CPLE,Electric Utility,PV1,30.0,30.0,30.0,Solar Photovoltaic,Solar,SUN,PV,9.0,2026.0,"(V) Under construction, more than 50 percent complete",35.865502,-80.55309
Addition,67304,"BT Cantwell Solar, LLC",69151.0,Arroyo Storage,TX,Cameron,ERCO,IPP Non-CHP,ARY_B,180.0,180.0,180.0,Batteries,Battery storage,MWH,BA,9.0,2026.0,"(TS) Construction complete, but not yet in commercial operation",26.264311,-97.61156
Addition,61194,Generate Capital,69174.0,Arlington 1,IL,Bureau,MISO,IPP Non-CHP,11238,4.5,4.5,4.5,Solar Photovoltaic,Solar,SUN,PV,9.0,2026.0,"(V) Under construction, more than 50 percent complete",41.454037,-89.29509
Addition,61194,Generate Capital,69176.0,Bonacci 1,IL,Champaign,MISO,IPP Non-CHP,11218,2.5,2.5,2.5,Solar Photovoltaic,Solar,SUN,PV,9.0,2026.0,"(V) Under construction, more than 50 percent complete",40.083997,-88.16215
Addition,61194,Generate Capital,69177.0,Bonacci 2,IL,Champaign,MISO,IPP Non-CHP,11218,2.5,2.5,2.5,Solar Photovoltaic,Solar,SUN,PV,9.0,2026.0,"(V) Under construction, more than 50 percent complete",40.083997,-88.16215
Addition,61194,Generate Capital,69181.0,Hillview,NY,Warren,NYIS,IPP Non-CHP,11150,5.0,5.0,5.0,Solar Photovoltaic,Solar,SUN,PV,9.0,2026.0,"(V) Under construction, more than 50 percent complete",43.29864,-73.56023
Addition,5416,"Duke Energy Carolinas, LLC",69195.0,Longtown Energy Storage,SC,Fairfield,DUK,Electric Utility,LONTB,4.5,4.5,4.5,Batteries,Battery storage,MWH,BA,9.0,2026.0,"(V) Under construction, more than 50 percent complete",34.416433,-80.86814
Addition,67313,Ellomay USA Inc,69262.0,Hillsboro Solar Project,TX,Hill,ERCO,IPP Non-CHP,HILL1,5.0,5.0,5.0,Solar Photovoltaic,Solar,SUN,PV,9.0,2026.0,"(V) Under construction, more than 50 percent complete",32.029636,-97.14555
Addition,67313,Ellomay USA Inc,69262.0,Hillsboro Solar Project,TX,Hill,ERCO,IPP Non-CHP,HILL2,5.0,5.0,5.0,Solar Photovoltaic,Solar,SUN,PV,9.0,2026.0,"(V) Under construction, more than 50 percent complete",32.029636,-97.14555
Addition,67373,"SL Ashville, LLC",69275.0,SL Ashville,NY,Chautauqua,NYIS,IPP Non-CHP,23210,3.8,3.8,3.8,Solar Photovoltaic,Solar,SUN,PV,9.0,2026.0,"(V) Under construction, more than 50 percent complete",42.071667,-79.41167
Addition,67374,"SL Ashville 2, LLC",69276.0,SL Ashville 2,NY,Chautauqua,NYIS,IPP Non-CHP,23219,4.3,4.3,4.3,Solar Photovoltaic,Solar,SUN,PV,9.0,2026.0,"(V) Under construction, more than 50 percent complete",42.071667,-79.41167
Addition,15466,Public Service Co of Colorado,69293.0,Waterton Solar I,CO,Douglas,PSCO,Electric Utility,WTS1,4.0,4.0,4.0,Solar Photovoltaic,Solar,SUN,PV,9.0,2026.0,"(U) Under construction, less than or equal to 50 percent complete",39.5,-105.07
Addition,60531,Standard Solar,69305.0,Enterprise MN - Fitzthum,MN,Stearns,MISO,IPP Non-CHP,FITZH,1.0,1.0,1.0,Solar Photovoltaic,Solar,SUN,PV,9.0,2026.0,"(V) Under construction, more than 50 percent complete",45.644581,-94.22744
Addition,67391,"SL Pembroke, LLC",69309.0,SL Pembroke,NY,Genesee,NYIS,IPP Non-CHP,23215,4.0,4.0,4.0,Solar Photovoltaic,Solar,SUN,PV,9.0,2026.0,"(V) Under construction, more than 50 percent complete",43.028056,-78.45694
Addition,67392,"SL Pembroke 2, LLC",69310.0,SL Pembroke 2,NY,Genesee,NYIS,IPP Non-CHP,23220,5.0,5.0,5.0,Solar Photovoltaic,Solar,SUN,PV,9.0,2026.0,"(V) Under construction, more than 50 percent complete",43.028056,-78.45694
Addition,67421,Little Falls PV LLC,69373.0,Little Falls PV,NY,Herkimer,NYIS,IPP Non-CHP,LITTL,2.5,2.5,2.5,Solar Photovoltaic,Solar,SUN,PV,9.0,2026.0,"(V) Under construction, more than 50 percent complete",42.98791,-74.86305
Addition,67434,Mallory South PV II LLC,69384.0,Mallory South PV II,NY,Oswego,NYIS,IPP Non-CHP,MALL2,5.0,5.0,5.0,Solar Photovoltaic,Solar,SUN,PV,9.0,2026.0,"(V) Under construction, more than 50 percent complete",43.2669,-76.137
Addition,66950,Lydian Energy,69424.0,Faraday Energy Storage,UT,Utah,PACE,IPP Non-CHP,FBS1,150.0,150.0,150.0,Batteries,Battery storage,MWH,BA,9.0,2026.0,"(U) Under construction, less than or equal to 50 percent complete",40.082,-112.069
Addition,3046,Duke Energy Progress - (NC),69444.0,Elm City BESS,NC,Wilson,CPLE,Electric Utility,ECB1,20.0,20.0,20.0,Batteries,Battery storage,MWH,BA,9.0,2026.0,"(V) Under construction, more than 50 percent complete",35.789717,-77.85501
Addition,67490,"SL Brockport, LLC",69473.0,SL Brockport,NY,Monroe,NYIS,IPP Non-CHP,23211,4.3,4.3,4.3,Solar Photovoltaic,Solar,SUN,PV,9.0,2026.0,"(V) Under construction, more than 50 percent complete",43.201111,-77.89806
Addition,67523,Danville VA BESS 2 LLC,69552.0,Danville VA BESS 2,VA,Pittsylvania,PJM,IPP Non-CHP,90916,11.0,11.0,11.0,Batteries,Battery storage,MWH,BA,9.0,2026.0,"(U) Under construction, less than or equal to 50 percent complete",36.6052,-79.4358
Addition,67524,Minneola Solar,69562.0,Minneola Solar,CA,San Bernardino,CISO,IPP Non-CHP,MINNE,3.0,3.0,3.0,Solar Photovoltaic,Solar,SUN,PV,9.0,2026.0,"(U) Under construction, less than or equal to 50 percent complete",34.846914,-116.7698
Addition,67535,"Kaufman Solar, LLC",69585.0,Kaufman Solar,TX,Kaufman,ERCO,IPP Non-CHP,5568,200.0,200.0,200.0,Solar Photovoltaic,Solar,SUN,PV,9.0,2026.0,"(V) Under construction, more than 50 percent complete",32.536696,-96.22112
Addition,67540,"Amiscope Nordhoff, LP",69591.0,20525 Nordhoff PV (North),CA,Los Angeles,LDWP,IPP Non-CHP,20525,1.9,1.9,1.9,Solar Photovoltaic,Solar,SUN,PV,9.0,2026.0,"(TS) Construction complete, but not yet in commercial operation",34.235572,-118.5811
Addition,15466,Public Service Co of Colorado,69620.0,Waterton Solar II,CO,Douglas,PSCO,Electric Utility,WTS2,4.0,4.0,4.0,Solar Photovoltaic,Solar,SUN,PV,9.0,2026.0,"(U) Under construction, less than or equal to 50 percent complete",39.5,-105.07
Addition,67585,Maricopa Solar,69684.0,Maricopa Solar,AZ,Maricopa,AZPS,IPP Non-CHP,70124,550.0,550.0,550.0,Solar Photovoltaic,Solar,SUN,PV,9.0,2026.0,"(U) Under construction, less than or equal to 50 percent complete",33.46303,-113.1101
Addition,67585,Maricopa Solar,69684.0,Maricopa Solar,AZ,Maricopa,AZPS,IPP Non-CHP,70125,550.0,550.0,550.0,Batteries,Battery storage,MWH,BA,9.0,2026.0,"(U) Under construction, less than or equal to 50 percent complete",33.46303,-113.1101
Addition,67628,"King Mountain Solar, LLC",69755.0,King Mountain Solar,TX,Upton,ERCO,IPP Non-CHP,5568,175.0,175.0,175.0,Solar Photovoltaic,Solar,SUN,PV,9.0,2026.0,"(V) Under construction, more than 50 percent complete",31.235934,-102.1229
Addition,67629,"SL Dunkirk, LLC",69756.0,SL Dunkirk,NY,Chautauqua,NYIS,IPP Non-CHP,23212,5.0,5.0,5.0,Solar Photovoltaic,Solar,SUN,PV,9.0,2026.0,"(V) Under construction, more than 50 percent complete",42.463685,-79.34316
Addition,65539,Pivot Energy,69766.0,Kalaeloa Home Lands Solar,HI,Honolulu,HECO,IPP Non-CHP,KHLS,1.7,1.7,1.7,Solar Photovoltaic,Solar,SUN,PV,9.0,2026.0,"(V) Under construction, more than 50 percent complete",21.310594,-158.0863
Addition,49893,Invenergy Services LLC,69778.0,Hashknife Energy Center LLC,AZ,Navajo,AZPS,IPP Non-CHP,HK1SO,275.0,275.0,275.0,Solar Photovoltaic,Solar,SUN,PV,9.0,2026.0,"(V) Under construction, more than 50 percent complete",34.574259,-110.4946
Addition,49893,Invenergy Services LLC,69778.0,Hashknife Energy Center LLC,AZ,Navajo,AZPS,IPP Non-CHP,HK1ST,275.0,275.0,275.0,Batteries,Battery storage,MWH,BA,9.0,2026.0,"(V) Under construction, more than 50 percent complete",34.574259,-110.4946
Addition,65869,Prologis Logistics Services Incorporated,69786.0,Stockton 9 - slcva209,CA,San Joaquin,CISO,IPP Non-CHP,CV209,1.0,1.0,1.0,Solar Photovoltaic,Solar,SUN,PV,9.0,2026.0,"(U) Under construction, less than or equal to 50 percent complete",37.89233,-121.2667
Addition,67720,Stellar Renewable Power,69793.0,Henderson County Solar,KY,Henderson,MISO,IPP Non-CHP,HEPV1,51.1,50.0,50.0,Solar Photovoltaic,Solar,SUN,PV,9.0,2026.0,"(U) Under construction, less than or equal to 50 percent complete",37.799412,-87.62325
Addition,65677,Dimension Energy LLC,69847.0,Spillertown CSG 2 LLC,IL,Williamson,MISO,IPP Non-CHP,SPIL2,5.0,5.0,5.0,Solar Photovoltaic,Solar,SUN,PV,9.0,2026.0,"(V) Under construction, more than 50 percent complete",37.771487,-88.91635
Addition,65677,Dimension Energy LLC,69852.0,"McCray Solar 1, LLC",IL,Bond,MISO,IPP Non-CHP,MCCR1,5.0,5.0,5.0,Solar Photovoltaic,Solar,SUN,PV,9.0,2026.0,"(U) Under construction, less than or equal to 50 percent complete",38.892269,-89.41314
Addition,65677,Dimension Energy LLC,69854.0,"TJA-NY-1806 Perth Rd Galway, LLC",NY,Saratoga,NYIS,IPP Non-CHP,GLWAY,3.3,3.3,3.3,Solar Photovoltaic,Solar,SUN,PV,9.0,2026.0,"(TS) Construction complete, but not yet in commercial operation",43.017403,-74.05131
Addition,67170,"Pastoria Power, LLC",69858.0,Pastoria Power Bank,CA,Kern,CISO,IPP Non-CHP,GEN1,80.0,80.0,80.0,Batteries,Battery storage,MWH,BA,9.0,2026.0,"(TS) Construction complete, but not yet in commercial operation",34.959,-118.8559
Addition,67764,AP Solar 4 LLC,69877.0,Charger Solar,TX,Refugio,ERCO,IPP Non-CHP,CHPV1,394.4,394.4,394.4,Solar Photovoltaic,Solar,SUN,PV,9.0,2026.0,"(U) Under construction, less than or equal to 50 percent complete",28.416661,-97.03519
Addition,64904,AES Clean Energy,69964.0,Baldy Mesa Storage,CA,San Bernardino,CISO,IPP Non-CHP,BALBE,50.0,50.0,50.0,Batteries,Battery storage,MWH,BA,9.0,2026.0,"(V) Under construction, more than 50 percent complete",34.6029,-117.449
Addition,67820,Novel Gertken Solar LLC,69983.0,Novel Gertken Solar LLC,MN,Stearns,MISO,IPP Non-CHP,GRTKN,1.0,1.0,1.0,Solar Photovoltaic,Solar,SUN,PV,9.0,2026.0,"(V) Under construction, more than 50 percent complete",45.618191,-94.4891
Addition,65677,Dimension Energy LLC,70002.0,Macedon CSG LLC,NY,Wayne,NYIS,IPP Non-CHP,MACED,5.0,5.0,5.0,Solar Photovoltaic,Solar,SUN,PV,9.0,2026.0,"(U) Under construction, less than or equal to 50 percent complete",43.083573,-77.26768
Addition,67864,"Alligator Creek Solar, LLC",70084.0,Alligator Creek Solar,GA,Wheeler,SOCO,IPP Non-CHP,AC,80.0,80.0,80.0,Solar Photovoltaic,Solar,SUN,PV,9.0,2026.0,"(V) Under construction, more than 50 percent complete",38.1703,-89.5532
Addition,67891,CVE US NY Westhampton 243 LLC,70134.0,Westhampton - NY 0243 (Giaquinto 1),NY,Suffolk,NYIS,IPP Non-CHP,243,5.0,5.0,5.0,Solar Photovoltaic,Solar,SUN,PV,9.0,2026.0,"(U) Under construction, less than or equal to 50 percent complete",40.83636,-72.69044
Addition,64904,AES Clean Energy,70176.0,Kieser,IL,McLean,MISO,IPP Non-CHP,KIESE,5.0,5.0,5.0,Solar Photovoltaic,Solar,SUN,PV,9.0,2026.0,"(U) Under construction, less than or equal to 50 percent complete",40.4396,-89.0078
Addition,64904,AES Clean Energy,70177.0,Allen CSG,IL,Peoria,MISO,IPP Non-CHP,ALLEN,5.0,5.0,5.0,Solar Photovoltaic,Solar,SUN,PV,9.0,2026.0,"(U) Under construction, less than or equal to 50 percent complete",40.9166,-89.5273
Addition,65539,Pivot Energy,70196.0,"DEL022-30423B Thorogoods Rd, LLC",DE,Sussex,PJM,IPP Non-CHP,DEL22,2.0,2.0,2.0,Solar Photovoltaic,Solar,SUN,PV,9.0,2026.0,"(V) Under construction, more than 50 percent complete",38.569503,-75.26468
Addition,65539,Pivot Energy,70198.0,"CF IL Solar Marigold Lane, Flora2 LLC",IL,Clay,MISO,IPP Non-CHP,FLOR2,2.0,2.0,2.0,Solar Photovoltaic,Solar,SUN,PV,9.0,2026.0,"(V) Under construction, more than 50 percent complete",38.632489,-88.43829
Addition,65539,Pivot Energy,70201.0,Pivot Solar 50 LLC,CO,Weld,PSCO,IPP Non-CHP,PS50,4.0,4.0,4.0,Solar Photovoltaic,Solar,SUN,PV,9.0,2026.0,"(V) Under construction, more than 50 percent complete",40.3657,-104.6336
Addition,65539,Pivot Energy,70202.0,Pivot Solar 56 LLC,CO,Weld,PSCO,IPP Non-CHP,PS56,3.6,3.6,3.6,Solar Photovoltaic,Solar,SUN,PV,9.0,2026.0,"(V) Under construction, more than 50 percent complete",40.350547,-104.7226
Addition,65539,Pivot Energy,70205.0,Bureau Solar 2 LLC,IL,Bureau,MISO,IPP Non-CHP,BURS2,2.5,2.5,2.5,Solar Photovoltaic,Solar,SUN,PV,9.0,2026.0,"(V) Under construction, more than 50 percent complete",41.463853,-89.46756
Addition,65539,Pivot Energy,70206.0,Pivot Solar 57 LLC,CO,Mesa,PSCO,IPP Non-CHP,PS57,2.0,2.0,2.0,Solar Photovoltaic,Solar,SUN,PV,9.0,2026.0,"(V) Under construction, more than 50 percent complete",39.051557,-108.4522
Addition,65539,Pivot Energy,70207.0,Pivot Solar 60 LLC,CO,Weld,PSCO,IPP Non-CHP,PS60,1.1,1.1,1.1,Solar Photovoltaic,Solar,SUN,PV,9.0,2026.0,"(V) Under construction, more than 50 percent complete",40.474398,-104.623
Addition,9418,City of Iola - (KS),1291.0,Iola,KS,Allen,SWPP,Electric Utility,17,2.0,2.0,2.0,Petroleum Liquids,Other thermal,DFO,IC,10.0,2026.0,"(U) Under construction, less than or equal to 50 percent complete",37.923076,-95.42557
Addition,9418,City of Iola - (KS),1291.0,Iola,KS,Allen,SWPP,Electric Utility,18,2.0,2.0,2.0,Petroleum Liquids,Other thermal,DFO,IC,10.0,2026.0,"(U) Under construction, less than or equal to 50 percent complete",37.923076,-95.42557
Addition,9418,City of Iola - (KS),1291.0,Iola,KS,Allen,SWPP,Electric Utility,19,2.0,2.0,2.0,Petroleum Liquids,Other thermal,DFO,IC,10.0,2026.0,"(U) Under construction, less than or equal to 50 percent complete",37.923076,-95.42557
Addition,9418,City of Iola - (KS),1291.0,Iola,KS,Allen,SWPP,Electric Utility,20,2.0,2.0,2.0,Petroleum Liquids,Other thermal,DFO,IC,10.0,2026.0,"(U) Under construction, less than or equal to 50 percent complete",37.923076,-95.42557
Addition,14063,Oklahoma Gas & Electric Co,2951.0,Horseshoe Lake,OK,Oklahoma,SWPP,Electric Utility,11,224.0,224.0,224.0,Natural Gas Fired Combustion Turbine,Natural gas,NG,GT,10.0,2026.0,"(V) Under construction, more than 50 percent complete",35.50866,-97.17969
Addition,14063,Oklahoma Gas & Electric Co,2951.0,Horseshoe Lake,OK,Oklahoma,SWPP,Electric Utility,12,224.0,224.0,224.0,Natural Gas Fired Combustion Turbine,Natural gas,NG,GT,10.0,2026.0,"(V) Under construction, more than 50 percent complete",35.50866,-97.17969
Addition,13809,NorthWestern Energy - (SD),3338.0,Aberdeen CT,SD,Brown,SWPP,Electric Utility,3,16.0,15.0,15.0,Natural Gas Fired Combustion Turbine,Natural gas,NG,GT,10.0,2026.0,"(V) Under construction, more than 50 percent complete",45.429884,-98.49396
Addition,13809,NorthWestern Energy - (SD),3338.0,Aberdeen CT,SD,Brown,SWPP,Electric Utility,4,16.0,15.0,15.0,Natural Gas Fired Combustion Turbine,Natural gas,NG,GT,10.0,2026.0,"(V) Under construction, more than 50 percent complete",45.429884,-98.49396
Addition,27075,San Diego County Water Auth,56615.0,Rancho Penasquitos,CA,San Diego,CISO,IPP Non-CHP,G200,4.3,4.1,2.3,Conventional Hydroelectric,Hydro,WAT,HY,10.0,2026.0,"(U) Under construction, less than or equal to 50 percent complete",32.93695,-117.1137
Addition,59726,"Windhub Solar B, LLC",59969.0,"Windhub Solar B, LLC",CA,Kern,CISO,IPP Non-CHP,GEN01,26.4,26.4,26.4,Solar Photovoltaic,Solar,SUN,PV,10.0,2026.0,"(V) Under construction, more than 50 percent complete",35.0133,-118.2698
Addition,62760,EDPR CA Solar Park VI LLC,62892.0,EDPR CA Solar Park VI LLC (CA) Hybrid,CA,Fresno,CISO,IPP Non-CHP,SONR2,40.0,40.0,40.0,Batteries,Battery storage,MWH,BA,10.0,2026.0,"(U) Under construction, less than or equal to 50 percent complete",36.62543,-120.3789
Addition,62760,EDPR CA Solar Park VI LLC,62892.0,EDPR CA Solar Park VI LLC (CA) Hybrid,CA,Fresno,CISO,IPP Non-CHP,SONRI,201.0,200.0,200.0,Solar Photovoltaic,Solar,SUN,PV,10.0,2026.0,"(U) Under construction, less than or equal to 50 percent complete",36.62543,-120.3789
Addition,60025,Greenbacker Renewable Energy Corporation,64163.0,Hecate Energy Cider Solar LLC,NY,Genesee,NYIS,IPP Non-CHP,11111,557.0,557.0,557.0,Solar Photovoltaic,Solar,SUN,PV,10.0,2026.0,"(U) Under construction, less than or equal to 50 percent complete",43.097336,-78.23041
Addition,65079,Solar Proponent LLC,65855.0,Tehuacana Creek Solar,TX,Navarro,ERCO,IPP Non-CHP,TE1PV,836.8,836.8,836.8,Solar Photovoltaic,Solar,SUN,PV,10.0,2026.0,(L) Regulatory approvals pending. Not under construction,31.914062,-96.41347
Addition,65308,Cattlemen Solar Park LLC,66168.0,Cattlemen Solar Park,TX,Milam,ERCO,IPP Non-CHP,GEN01,240.0,240.0,240.0,Solar Photovoltaic,Solar,SUN,PV,10.0,2026.0,"(TS) Construction complete, but not yet in commercial operation",31.045676,-96.85863
Addition,62842,"Lightsource Renewable Energy Asset Management, LLC",66559.0,Jones City 1 Solar,TX,Jones,ERCO,IPP Non-CHP,TXJC1,215.0,215.0,215.0,Solar Photovoltaic,Solar,SUN,PV,10.0,2026.0,"(V) Under construction, more than 50 percent complete",32.781168,-100.0065
Addition,65728,Brenneman Solar LLC,66744.0,Brenneman Solar Project,GA,Macon,SEPA,IPP Non-CHP,BRNMN,150.0,150.0,150.0,Solar Photovoltaic,Solar,SUN,PV,10.0,2026.0,(T) Regulatory approvals received. Not under construction,32.28,-83.99
Addition,62842,"Lightsource Renewable Energy Asset Management, LLC",66893.0,Jones City 2 Solar,TX,Jones,ERCO,IPP Non-CHP,TXJC2,185.0,185.0,185.0,Solar Photovoltaic,Solar,SUN,PV,10.0,2026.0,"(V) Under construction, more than 50 percent complete",32.794928,-99.99293
Addition,50123,"Leeward Asset Management, LLC",66960.0,Blackford Solar,IN,Blackford,PJM,IPP Non-CHP,BLKSL,150.0,150.0,150.0,Solar Photovoltaic,Solar,SUN,PV,10.0,2026.0,"(V) Under construction, more than 50 percent complete",40.41608,-85.25979
Addition,66427,McDowell Creek Solar LLC,67857.0,McDowell Creek Solar LLC,NC,Mecklenburg,DUK,IPP Non-CHP,MCDOW,2.0,2.0,2.0,Solar Photovoltaic,Solar,SUN,PV,10.0,2026.0,"(V) Under construction, more than 50 percent complete",35.394168,-80.94389
Addition,66524,Cattlemen Solar Park II LLC,67976.0,Cattlemen Solar II,TX,Milam,ERCO,IPP Non-CHP,GEN01,200.0,200.0,200.0,Solar Photovoltaic,Solar,SUN,PV,10.0,2026.0,"(TS) Construction complete, but not yet in commercial operation",31.083559,-96.85732
Addition,66579,Cape HoldCo LLC,68068.0,Cape Generating Station,UT,Beaver,LDWP,IPP Non-CHP,CP1G1,43.0,30.0,33.0,Geothermal,Other renewables,GEO,BT,10.0,2026.0,"(TS) Construction complete, but not yet in commercial operation",38.506706,-112.9175
Addition,65869,Prologis Logistics Services Incorporated,68126.0,Bensenville Ind Park 2-SLCHI402,IL,DuPage,PJM,IPP Non-CHP,CH402,1.1,1.1,1.1,Solar Photovoltaic,Solar,SUN,PV,10.0,2026.0,"(U) Under construction, less than or equal to 50 percent complete",41.983957,-87.95383
Addition,65869,Prologis Logistics Services Incorporated,68127.0,Bensenville Ind Park 4-SLCHI424,IL,Cook,PJM,IPP Non-CHP,CH424,1.7,1.7,1.7,Solar Photovoltaic,Solar,SUN,PV,10.0,2026.0,"(V) Under construction, more than 50 percent complete",41.983893,-87.95172
Addition,65869,Prologis Logistics Services Incorporated,68143.0,Northlake 4-SLCHI304,IL,Cook,PJM,IPP Non-CHP,CH304,1.4,1.4,1.4,Solar Photovoltaic,Solar,SUN,PV,10.0,2026.0,"(U) Under construction, less than or equal to 50 percent complete",41.92302,-87.91646
Addition,65803,"Raven Storage, LLC",68149.0,Raven Storage,TX,Wharton,ERCO,IPP Non-CHP,RAVEB,100.0,100.0,100.0,Batteries,Battery storage,MWH,BA,10.0,2026.0,"(U) Under construction, less than or equal to 50 percent complete",29.575617,-96.08872
Addition,66870,"Delaware Ave Solar, LLC",68195.0,Delaware Ave Solar,DE,Kent,PJM,IPP Non-CHP,DEAVE,4.0,4.0,4.0,Solar Photovoltaic,Solar,SUN,PV,10.0,2026.0,"(V) Under construction, more than 50 percent complete",38.930578,-75.57075
Addition,66669,"Solar Star 3, LLC",68240.0,Solar Star 3,CA,Kern,CISO,IPP Non-CHP,SS3BT,23.0,23.0,23.0,Batteries,Battery storage,MWH,BA,10.0,2026.0,"(V) Under construction, more than 50 percent complete",34.84166,-118.4551
Addition,66669,"Solar Star 3, LLC",68240.0,Solar Star 3,CA,Kern,CISO,IPP Non-CHP,SS3PV,24.0,24.0,24.0,Solar Photovoltaic,Solar,SUN,PV,10.0,2026.0,"(V) Under construction, more than 50 percent complete",34.84166,-118.4551
Addition,66670,"Solar Star 4, LLC",68241.0,Solar Star 4,CA,Kern,CISO,IPP Non-CHP,SS4BT,23.0,23.0,23.0,Batteries,Battery storage,MWH,BA,10.0,2026.0,"(V) Under construction, more than 50 percent complete",34.84166,-118.4551
Addition,66670,"Solar Star 4, LLC",68241.0,Solar Star 4,CA,Kern,CISO,IPP Non-CHP,SS4PV,24.0,24.0,24.0,Solar Photovoltaic,Solar,SUN,PV,10.0,2026.0,"(V) Under construction, more than 50 percent complete",34.84166,-118.4551
Addition,66728,"Show Me State Solar, LLC",68325.0,Show Me State Solar,MO,Callaway,MISO,IPP Non-CHP,SMS,250.0,250.0,250.0,Solar Photovoltaic,Solar,SUN,PV,10.0,2026.0,"(V) Under construction, more than 50 percent complete",38.958702,-91.94479
Addition,66815,Tidwell Prairie IIA LLC,68425.0,Tidwell Prairie II,TX,Robertson,ERCO,IPP Non-CHP,TWPII,200.0,200.0,200.0,Batteries,Battery storage,MWH,BA,10.0,2026.0,"(V) Under construction, more than 50 percent complete",31.103064,-96.66494
Addition,66831,Key Energy Storage LLC,68461.0,Key Energy Storage,CA,Fresno,CISO,IPP Non-CHP,KEYBA,75.0,75.0,75.0,Batteries,Battery storage,MWH,BA,10.0,2026.0,"(U) Under construction, less than or equal to 50 percent complete",36.13681,-120.1312
Addition,66849,VESI 37 LLC,68495.0,Bird Dog Energy Storage,TX,San Patricio,ERCO,IPP Non-CHP,BDOG1,60.0,60.0,60.0,Batteries,Battery storage,MWH,BA,10.0,2026.0,"(V) Under construction, more than 50 percent complete",28.158672,-97.86231
Addition,60059,ZGlobal Inc,68519.0,Madena 3,CA,Yuba,CISO,IPP Non-CHP,MDNA3,3.9,3.9,3.9,Batteries,Battery storage,MWH,BA,10.0,2026.0,"(U) Under construction, less than or equal to 50 percent complete",39.026009,-121.5441
Addition,66977,"Las Virgenes Road Solar Project 2022, LLC",68600.0,Las Virgenes MWD - Composting Plant,CA,Los Angeles,CISO,IPP Non-CHP,7236B,0.5,0.5,0.5,Batteries,Battery storage,MWH,BA,10.0,2026.0,"(V) Under construction, more than 50 percent complete",34.126481,-118.6981
Addition,66977,"Las Virgenes Road Solar Project 2022, LLC",68600.0,Las Virgenes MWD - Composting Plant,CA,Los Angeles,CISO,IPP Non-CHP,7236G,0.9,0.9,0.9,Solar Photovoltaic,Solar,SUN,PV,10.0,2026.0,"(V) Under construction, more than 50 percent complete",34.126481,-118.6981
Addition,67176,"Kifer Energy Storage, LLC",68953.0,Kifer BESS 1,CA,Santa Clara,CISO,IPP Non-CHP,KB1,50.0,50.0,50.0,Batteries,Battery storage,MWH,BA,10.0,2026.0,"(U) Under construction, less than or equal to 50 percent complete",37.376214,-121.952
Addition,67187,Washington Street Solar 1 LLC,68975.0,Washington Street Solar 1 LLC,IL,Mclean,MISO,IPP Non-CHP,17340,5.0,5.0,4.8,Solar Photovoltaic,Solar,SUN,PV,10.0,2026.0,"(U) Under construction, less than or equal to 50 percent complete",40.477287,-89.04986
Addition,65539,Pivot Energy,69035.0,Pivot Solar 36,CO,Weld,WACM,IPP Non-CHP,PI36,5.0,5.0,5.0,Solar Photovoltaic,Solar,SUN,PV,10.0,2026.0,"(V) Under construction, more than 50 percent complete",40.346119,-104.7314
Addition,15466,Public Service Co of Colorado,69040.0,Arroyo Solar,CO,Pueblo,PSCO,Electric Utility,ARY1,335.0,335.0,335.0,Solar Photovoltaic,Solar,SUN,PV,10.0,2026.0,"(U) Under construction, less than or equal to 50 percent complete",38.161657,-104.5488
Addition,67271,Duff Solar Park LLC,69156.0,Duff Solar Park,IN,Dubois,MISO,IPP Non-CHP,GEN01,100.0,100.0,100.0,Solar Photovoltaic,Solar,SUN,PV,10.0,2026.0,"(V) Under construction, more than 50 percent complete",38.31341,-87.02063
Addition,67288,"SV CSG Diel 1, LLC",69159.0,SV CSG Diel 1,IL,Richland,MISO,IPP Non-CHP,DIEL,5.0,5.0,5.0,Solar Photovoltaic,Solar,SUN,PV,10.0,2026.0,"(U) Under construction, less than or equal to 50 percent complete",38.70762,-88.22238
Addition,5416,"Duke Energy Carolinas, LLC",69196.0,Nebo Energy Storage,NC,Burke,DUK,Electric Utility,NEBOB,2.7,2.7,2.7,Batteries,Battery storage,MWH,BA,10.0,2026.0,"(U) Under construction, less than or equal to 50 percent complete",35.791718,-81.85104
Addition,61194,Generate Capital,69204.0,Little Creek,IL,McDonough,MISO,IPP Non-CHP,11241,4.0,4.0,4.0,Solar Photovoltaic,Solar,SUN,PV,10.0,2026.0,"(V) Under construction, more than 50 percent complete",40.564286,-90.88035
Addition,61194,Generate Capital,69205.0,Lodi I,NY,Schuyler,NYIS,IPP Non-CHP,11249,5.0,5.0,5.0,Solar Photovoltaic,Solar,SUN,PV,10.0,2026.0,"(V) Under construction, more than 50 percent complete",42.588337,-76.84425
Addition,61194,Generate Capital,69206.0,Lodi II,NY,Schuyler,NYIS,IPP Non-CHP,11250,5.0,5.0,5.0,Solar Photovoltaic,Solar,SUN,PV,10.0,2026.0,"(V) Under construction, more than 50 percent complete",42.586527,-76.84413
Addition,61194,Generate Capital,69207.0,Osman Trust,IL,McHenry,PJM,IPP Non-CHP,11215,4.5,4.5,4.5,Solar Photovoltaic,Solar,SUN,PV,10.0,2026.0,"(V) Under construction, more than 50 percent complete",42.267124,-88.45245
Addition,67333,GoldenMax Energy Inc,69226.0,Knapp BESS,TX,Scurry,ERCO,IPP Non-CHP,KNBA1,10.0,10.0,10.0,Batteries,Battery storage,MWH,BA,10.0,2026.0,"(V) Under construction, more than 50 percent complete",32.6913,-101.0515
Addition,67356,"RPC Merchant, LLC",69271.0,Staghorn Gas,TX,Ward,ERCO,IPP Non-CHP,STAG1,3.3,3.3,3.3,Natural Gas Internal Combustion Engine,Natural gas,NG,IC,10.0,2026.0,"(V) Under construction, more than 50 percent complete",31.457838,-103.0847
Addition,67356,"RPC Merchant, LLC",69271.0,Staghorn Gas,TX,Ward,ERCO,IPP Non-CHP,STAG2,3.3,3.3,3.3,Natural Gas Internal Combustion Engine,Natural gas,NG,IC,10.0,2026.0,"(V) Under construction, more than 50 percent complete",31.457838,-103.0847
Addition,67356,"RPC Merchant, LLC",69271.0,Staghorn Gas,TX,Ward,ERCO,IPP Non-CHP,STAG3,3.3,3.3,3.3,Natural Gas Internal Combustion Engine,Natural gas,NG,IC,10.0,2026.0,"(V) Under construction, more than 50 percent complete",31.457838,-103.0847
Addition,67401,Regis Escondido LLC,69332.0,Regis Escondido,TX,Maverick,ERCO,IPP Non-CHP,ESCON,9.9,9.9,9.9,Batteries,Battery storage,MWH,BA,10.0,2026.0,"(TS) Construction complete, but not yet in commercial operation",28.730681,-100.4746
Addition,67417,Bartell South PV I LLC,69369.0,Bartell South PV I,NY,Onondaga,NYIS,IPP Non-CHP,BARTE,3.0,3.0,3.0,Solar Photovoltaic,Solar,SUN,PV,10.0,2026.0,"(V) Under construction, more than 50 percent complete",43.208874,-76.12219
Addition,67420,Knox II PV LLC,69372.0,Knox II PV,NY,Albany,NYIS,IPP Non-CHP,KNOXS,5.0,5.0,5.0,Solar Photovoltaic,Solar,SUN,PV,10.0,2026.0,"(V) Under construction, more than 50 percent complete",42.67591,-74.07563
Addition,67425,New Freedom Solar Partners LLC,69377.0,New Freedom Solar Partners,PA,York,PJM,IPP Non-CHP,NEWFR,2.5,2.5,2.5,Solar Photovoltaic,Solar,SUN,PV,10.0,2026.0,"(V) Under construction, more than 50 percent complete",36.745,-76.696
Addition,67433,Mallory South PV I LLC,69383.0,Mallory South PV I,NY,Oswego,NYIS,IPP Non-CHP,MALL1,5.0,5.0,5.0,Solar Photovoltaic,Solar,SUN,PV,10.0,2026.0,"(V) Under construction, more than 50 percent complete",43.2669,-76.137
Addition,5109,DTE Electric Company,69465.0,City of Detroit Castle Solar,MI,Wayne,MISO,Electric Utility,CSTSP,10.0,10.0,10.0,Solar Photovoltaic,Solar,SUN,PV,10.0,2026.0,"(V) Under construction, more than 50 percent complete",42.411333,-83.01867
Addition,5109,DTE Electric Company,69471.0,Cold Creek Solar Park,MI,Branch,MISO,Electric Utility,CLCSP,100.0,100.0,100.0,Solar Photovoltaic,Solar,SUN,PV,10.0,2026.0,"(TS) Construction complete, but not yet in commercial operation",41.938,-85.003
Addition,67491,"NYSolar06, LLC",69472.0,NYSolar06,NY,Erie,NYIS,IPP Non-CHP,18198,3.5,3.5,3.5,Solar Photovoltaic,Solar,SUN,PV,10.0,2026.0,"(V) Under construction, more than 50 percent complete",43.021667,-78.98806
Addition,67560,"Big Muddy Solar Project, LLC",69629.0,Big Muddy Solar,IL,Jackson,MISO,IPP Non-CHP,BIGM1,95.0,95.0,95.0,Solar Photovoltaic,Solar,SUN,PV,10.0,2026.0,"(V) Under construction, more than 50 percent complete",37.86,-89.3
Addition,67597,"Mallard Energy Storage, LLC",69681.0,Mallard Energy Storage,TX,Collin,ERCO,IPP Non-CHP,DRAKE,250.0,250.0,250.0,Batteries,Battery storage,MWH,BA,10.0,2026.0,"(U) Under construction, less than or equal to 50 percent complete",33.064274,-96.45051
Addition,67621,"South Fowler Avenue Solar Project 2023, LLC",69713.0,Sanger USD - Sanger West HS,CA,Fresno,CISO,IPP Non-CHP,9985B,0.5,0.5,0.5,Batteries,Battery storage,MWH,BA,10.0,2026.0,"(V) Under construction, more than 50 percent complete",36.709291,-119.6814
Addition,67621,"South Fowler Avenue Solar Project 2023, LLC",69713.0,Sanger USD - Sanger West HS,CA,Fresno,CISO,IPP Non-CHP,9985C,0.9,0.9,0.9,Solar Photovoltaic,Solar,SUN,PV,10.0,2026.0,"(V) Under construction, more than 50 percent complete",36.709291,-119.6814
Addition,65677,Dimension Energy LLC,69837.0,"Falconhead Solar, LLC",IL,Will,PJM,IPP Non-CHP,FALCH,5.0,5.0,5.0,Solar Photovoltaic,Solar,SUN,PV,10.0,2026.0,"(U) Under construction, less than or equal to 50 percent complete",41.43149,-87.63821
Addition,67771,USS Fletcher Solar LLC,69888.0,USS Fletcher Solar,NM,Hidalgo,PNM,IPP Non-CHP,USFLE,1.7,1.7,1.7,Solar Photovoltaic,Solar,SUN,PV,10.0,2026.0,"(U) Under construction, less than or equal to 50 percent complete",32.366814,-108.6934
Addition,67720,Stellar Renewable Power,69925.0,Stellar Wright BESS,CA,Merced,CISO,IPP Non-CHP,SWBA1,84.8,80.0,80.0,Batteries,Battery storage,MWH,BA,10.0,2026.0,"(U) Under construction, less than or equal to 50 percent complete",37.007998,-120.9637
Addition,66783,"OneEnergy, Inc.",69932.0,Castle Rock Lake Solar,WI,Juneau,MISO,IPP Non-CHP,CSTLO,4.5,4.5,4.5,Solar Photovoltaic,Solar,SUN,PV,10.0,2026.0,"(V) Under construction, more than 50 percent complete",43.972048,-90.06761
Addition,67811,"Rumble Solar, LLC",69968.0,Rumble Solar,OK,Grady,SWPP,IPP Non-CHP,RUS,250.0,250.0,250.0,Solar Photovoltaic,Solar,SUN,PV,10.0,2026.0,"(U) Under construction, less than or equal to 50 percent complete",35.338721,-97.98901
Addition,65677,Dimension Energy LLC,70025.0,Cincinnati CSG 1 LLC,IL,Tazewell,MISO,IPP Non-CHP,CINC1,5.0,5.0,5.0,Solar Photovoltaic,Solar,SUN,PV,10.0,2026.0,"(U) Under construction, less than or equal to 50 percent complete",40.526203,-89.63886
Addition,65677,Dimension Energy LLC,70026.0,Cincinnati CSG 2 LLC,IL,Tazewell,MISO,IPP Non-CHP,CINC2,5.0,5.0,5.0,Solar Photovoltaic,Solar,SUN,PV,10.0,2026.0,"(U) Under construction, less than or equal to 50 percent complete",40.526203,-89.63886
Addition,65677,Dimension Energy LLC,70027.0,Cortland CSG 2 LLC,NY,Cortland,NYIS,IPP Non-CHP,CORT2,5.0,5.0,5.0,Solar Photovoltaic,Solar,SUN,PV,10.0,2026.0,"(U) Under construction, less than or equal to 50 percent complete",42.54409,-75.99276
Addition,65677,Dimension Energy LLC,70031.0,"Zebrawood Solar, LLC",IL,Hancock,MISO,IPP Non-CHP,ZEBRA,2.5,2.5,2.5,Solar Photovoltaic,Solar,SUN,PV,10.0,2026.0,"(U) Under construction, less than or equal to 50 percent complete",40.613821,-91.28497
Addition,67862,CVE US PA Dayton 404 LLC,70082.0,Dayton - PA 0404 (Good East),PA,Armstrong,PJM,IPP Non-CHP,404,2.5,2.5,2.5,Solar Photovoltaic,Solar,SUN,PV,10.0,2026.0,"(U) Under construction, less than or equal to 50 percent complete",40.89056,-79.27027
Addition,65539,Pivot Energy,70102.0,Pivot Solar 33 LLC,CO,Weld,PSCO,IPP Non-CHP,PS33,5.0,5.0,5.0,Solar Photovoltaic,Solar,SUN,PV,10.0,2026.0,"(V) Under construction, more than 50 percent complete",40.32508,-104.731
Addition,67890,CVE US VA Patterson 426 LLC,70132.0,Waynesboro - VA 0426 (Patterson B),VA,Augusta,PJM,IPP Non-CHP,426,5.0,5.0,5.0,Solar Photovoltaic,Solar,SUN,PV,10.0,2026.0,"(U) Under construction, less than or equal to 50 percent complete",38.14701,-78.87457
Addition,67908,CVE US PA Jones 429 LLC,70170.0,Jones - PA 0429 (Rhodes South),PA,Elk,PJM,IPP Non-CHP,429,3.0,3.0,3.0,Solar Photovoltaic,Solar,SUN,PV,10.0,2026.0,"(U) Under construction, less than or equal to 50 percent complete",41.56421,-78.69733
Addition,67449,"East Point Energy, LLC",70231.0,"Bethlehem Energy Center, LLC - (VA)",VA,Prince William,PJM,IPP Non-CHP,BETHL,20.0,20.0,20.0,Batteries,Battery storage,MWH,BA,10.0,2026.0,"(U) Under construction, less than or equal to 50 percent complete",38.781889,-77.5426
Addition,67449,"East Point Energy, LLC",70233.0,"Railroad Energy Center, LLC",VA,Prince William,PJM,IPP Non-CHP,RAILR,20.0,20.0,20.0,Batteries,Battery storage,MWH,BA,10.0,2026.0,"(U) Under construction, less than or equal to 50 percent complete",38.781689,-77.54202
Addition,7294,City of Glendale - (CA),377.0,Grayson,CA,Los Angeles,LDWP,Electric Utility,10,75.0,75.0,75.0,Batteries,Battery storage,MWH,BA,11.0,2026.0,"(TS) Construction complete, but not yet in commercial operation",34.1556,-118.2782
Addition,7294,City of Glendale - (CA),377.0,Grayson,CA,Los Angeles,LDWP,Electric Utility,11,18.8,18.4,18.4,Natural Gas Internal Combustion Engine,Natural gas,NG,IC,11.0,2026.0,"(TS) Construction complete, but not yet in commercial operation",34.1556,-118.2782
Addition,7294,City of Glendale - (CA),377.0,Grayson,CA,Los Angeles,LDWP,Electric Utility,12,18.8,18.4,18.4,Natural Gas Internal Combustion Engine,Natural gas,NG,IC,11.0,2026.0,"(TS) Construction complete, but not yet in commercial operation",34.1556,-118.2782
Addition,7294,City of Glendale - (CA),377.0,Grayson,CA,Los Angeles,LDWP,Electric Utility,13,18.8,18.4,18.4,Natural Gas Internal Combustion Engine,Natural gas,NG,IC,11.0,2026.0,"(TS) Construction complete, but not yet in commercial operation",34.1556,-118.2782
Addition,34359,Curators of the University of Missouri,50969.0,MU Combined Heat and Power Plant,MO,Boone,MISO,Commercial CHP,GEN10,9.0,8.0,8.0,Natural Gas Steam Turbine,Natural gas,NG,ST,11.0,2026.0,"(V) Under construction, more than 50 percent complete",38.9461,-92.3328
Addition,61713,B & K Solar,62181.0,B & K Solar,SC,Darlington,CPLE,IPP Non-CHP,23,74.9,74.9,74.9,Solar Photovoltaic,Solar,SUN,PV,11.0,2026.0,"(V) Under construction, more than 50 percent complete",34.423425,-80.06213
Addition,63331,"Organic Energy Solutions, Inc.",63622.0,OES Biogas Power,CA,San Bernardino,CISO,IPP CHP,OES01,1.3,1.3,1.3,Other Waste Biomass,Other renewables,OBG,IC,11.0,2026.0,"(TS) Construction complete, but not yet in commercial operation",34.17325,-117.3464
Addition,63331,"Organic Energy Solutions, Inc.",63622.0,OES Biogas Power,CA,San Bernardino,CISO,IPP CHP,OES02,1.3,1.3,1.3,Other Waste Biomass,Other renewables,OBG,IC,11.0,2026.0,"(TS) Construction complete, but not yet in commercial operation",34.17325,-117.3464
Addition,63488,"Shady Hills Energy Center, LLC",63802.0,Shady Hills Combined Cycle Facility,FL,Pasco,FPC,IPP Non-CHP,G001,612.0,538.3,574.5,Natural Gas Fired Combined Cycle,Natural gas,NG,CS,11.0,2026.0,"(V) Under construction, more than 50 percent complete",28.366667,-82.55833
Addition,63806,26SB 8me LLC,64209.0,Bellefield 2 Solar & Energy Storage Farm,CA,Kern,CISO,IPP Non-CHP,26SBB,500.0,500.0,500.0,Batteries,Battery storage,MWH,BA,11.0,2026.0,"(V) Under construction, more than 50 percent complete",35.017779,-118.0687
Addition,66027,Orsted Wind Power North America LLC,65500.0,Revolution Wind,RI,Washington,ISNE,IPP Non-CHP,REVWD,715.0,715.0,715.0,Offshore Wind Turbine,Wind,WND,WS,11.0,2026.0,"(V) Under construction, more than 50 percent complete",41.15217,-71.07783
Addition,61012,AES Distributed Energy,66002.0,AES Mountain View Solar,HI,Honolulu,HECO,IPP Non-CHP,MVSBA,7.0,7.0,7.0,Batteries,Battery storage,MWH,BA,11.0,2026.0,"(V) Under construction, more than 50 percent complete",21.45799,-158.1767
Addition,61012,AES Distributed Energy,66002.0,AES Mountain View Solar,HI,Honolulu,HECO,IPP Non-CHP,MVSPV,7.0,7.0,7.0,Solar Photovoltaic,Solar,SUN,PV,11.0,2026.0,"(V) Under construction, more than 50 percent complete",21.45799,-158.1767
Addition,65512,Catalyze Bloomington 2551 S Lilac Avenue Microgrid LLC,66475.0,CA Bloomington 2551 S Lilac Avenue Micro,CA,San Bernardino,CISO,IPP Non-CHP,18263,1.5,1.5,1.5,Solar Photovoltaic,Solar,SUN,PV,11.0,2026.0,"(V) Under construction, more than 50 percent complete",34.05523,-117.3778
Addition,65512,Catalyze Bloomington 2551 S Lilac Avenue Microgrid LLC,66475.0,CA Bloomington 2551 S Lilac Avenue Micro,CA,San Bernardino,CISO,IPP Non-CHP,B8263,1.5,1.5,1.5,Batteries,Battery storage,MWH,BA,11.0,2026.0,"(V) Under construction, more than 50 percent complete",34.05523,-117.3778
Addition,65559,Catalyze Riverside 2356 Fleetwood Drive Microgrid LLC,66511.0,CA Riverside 2356 Fleetwood Dr.,CA,Riverside,CISO,IPP Non-CHP,18262,2.0,2.0,2.0,Solar Photovoltaic,Solar,SUN,PV,11.0,2026.0,"(V) Under construction, more than 50 percent complete",34.012142,-117.3811
Addition,65559,Catalyze Riverside 2356 Fleetwood Drive Microgrid LLC,66511.0,CA Riverside 2356 Fleetwood Dr.,CA,Riverside,CISO,IPP Non-CHP,B8262,2.0,2.0,2.0,Batteries,Battery storage,MWH,BA,11.0,2026.0,"(V) Under construction, more than 50 percent complete",34.012142,-117.3811
Addition,66076,"Sun Ridge Solar, LLC",67215.0,Sun Ridge Solar,VA,Rockingham,PJM,IPP Non-CHP,ENX25,50.0,50.0,50.0,Solar Photovoltaic,Solar,SUN,PV,11.0,2026.0,"(V) Under construction, more than 50 percent complete",38.314898,-78.74463
Addition,66145,"Highland Ave Solar 1, LLC",67279.0,Borrego - Highland Ave,MA,Bristol,ISNE,IPP Non-CHP,6572,5.0,5.0,5.0,Solar Photovoltaic,Solar,SUN,PV,11.0,2026.0,"(U) Under construction, less than or equal to 50 percent complete",41.661525,-71.05998
Addition,66145,"Highland Ave Solar 1, LLC",67279.0,Borrego - Highland Ave,MA,Bristol,ISNE,IPP Non-CHP,6572B,5.0,5.0,5.0,Batteries,Battery storage,MWH,BA,11.0,2026.0,"(U) Under construction, less than or equal to 50 percent complete",41.661525,-71.05998
Addition,67549,38DN Asset Management LLC ,67643.0,Solitude,IL,LaSalle,PJM,IPP Non-CHP,SOLIT,5.0,5.0,5.0,Solar Photovoltaic,Solar,SUN,PV,11.0,2026.0,"(U) Under construction, less than or equal to 50 percent complete",41.130185,-89.04407
Addition,11479,Madison Gas & Electric Co,68054.0,Sunnyside Solar Energy Center,WI,Dane,MISO,Electric Utility,SNSB,40.0,40.0,40.0,Batteries,Battery storage,MWH,BA,11.0,2026.0,"(V) Under construction, more than 50 percent complete",42.985244,-89.43607
Addition,11479,Madison Gas & Electric Co,68054.0,Sunnyside Solar Energy Center,WI,Dane,MISO,Electric Utility,SNSS,20.0,20.0,20.0,Solar Photovoltaic,Solar,SUN,PV,11.0,2026.0,"(V) Under construction, more than 50 percent complete",42.985244,-89.43607
Addition,65869,Prologis Logistics Services Incorporated,68141.0,Northlake 2-SLCHI302,IL,Cook,PJM,IPP Non-CHP,CH302,1.6,1.6,1.6,Solar Photovoltaic,Solar,SUN,PV,11.0,2026.0,"(U) Under construction, less than or equal to 50 percent complete",41.9118,-87.9081
Addition,66718,Atlas VIII LLC,68323.0,Atlas VIII,AZ,La Paz,CISO,IPP Non-CHP,ALT8B,172.4,172.4,172.4,Batteries,Battery storage,MWH,BA,11.0,2026.0,"(V) Under construction, more than 50 percent complete",33.582903,-113.5769
Addition,66812,Callisto II Energy Center LLC,68422.0,Callisto II Energy Center,TX,Harris,ERCO,IPP Non-CHP,CALII,400.0,400.0,400.0,Batteries,Battery storage,MWH,BA,11.0,2026.0,"(U) Under construction, less than or equal to 50 percent complete",29.645345,-95.45025
Addition,66874,"Excelsior Energy Center, LLC",68507.0,Excelsior Energy Center,NY,Genesee,NYIS,IPP Non-CHP,EEC,280.0,280.0,280.0,Solar Photovoltaic,Solar,SUN,PV,11.0,2026.0,"(U) Under construction, less than or equal to 50 percent complete",43.064852,-78.07681
Addition,60059,ZGlobal Inc,68520.0,Madena 4,CA,Placer,CISO,IPP Non-CHP,MNDA4,5.0,5.0,5.0,Batteries,Battery storage,MWH,BA,11.0,2026.0,"(U) Under construction, less than or equal to 50 percent complete",38.977582,-121.3765
Addition,66919,"East Avenue South Solar Project 2022, LLC",68542.0,Palmdale Water District 6MG Tank,CA,Los Angeles,CISO,IPP Non-CHP,7170B,0.3,0.3,0.3,Batteries,Battery storage,MWH,BA,11.0,2026.0,"(V) Under construction, more than 50 percent complete",34.558047,-118.1187
Addition,66919,"East Avenue South Solar Project 2022, LLC",68542.0,Palmdale Water District 6MG Tank,CA,Los Angeles,CISO,IPP Non-CHP,7170G,1.0,1.0,1.0,Solar Photovoltaic,Solar,SUN,PV,11.0,2026.0,"(V) Under construction, more than 50 percent complete",34.558047,-118.1187
Addition,66950,Lydian Energy,68578.0,AC Ranch I,NM,Lea,SWPP,IPP Non-CHP,AC1S,75.0,75.0,75.0,Solar Photovoltaic,Solar,SUN,PV,11.0,2026.0,(L) Regulatory approvals pending. Not under construction,32.732263,-103.2748
Addition,65654,Birch Creek Development,68926.0,"Blue Jay Road Solar, LLC",MO,Ralls,MISO,IPP Non-CHP,BLUEJ,60.0,60.0,60.0,Solar Photovoltaic,Solar,SUN,PV,11.0,2026.0,"(U) Under construction, less than or equal to 50 percent complete",39.380782,-91.53206
Addition,67172,"SV CSG Corbell, LLC",68933.0,SV CSG Corbell,IL,Williamson,MISO,IPP Non-CHP,CORB,2.0,2.0,2.0,Solar Photovoltaic,Solar,SUN,PV,11.0,2026.0,"(TS) Construction complete, but not yet in commercial operation",37.758343,-89.05748
Addition,67174,SV CSG Roxana 1 LLC,68935.0,SV CSG Roxana 1,IL,Madison,MISO,IPP Non-CHP,ROX1,2.5,2.5,2.5,Solar Photovoltaic,Solar,SUN,PV,11.0,2026.0,"(U) Under construction, less than or equal to 50 percent complete",38.836055,-90.03685
Addition,67217,"ATLAS Solar II, LLC",69054.0,ATLAS II,AZ,La Paz,CISO,IPP Non-CHP,ALT2,100.0,100.0,100.0,Solar Photovoltaic,Solar,SUN,PV,11.0,2026.0,"(V) Under construction, more than 50 percent complete",33.582903,-113.5769
Addition,67302,Apache Hill Energy Center,69155.0,Apache Hill Energy Center,TX,Hood,ERCO,IPP Non-CHP,AHBA1,200.0,200.0,200.0,Batteries,Battery storage,MWH,BA,11.0,2026.0,"(V) Under construction, more than 50 percent complete",32.380005,-97.72782
Addition,61194,Generate Capital,69218.0,Vienna,NY,Oneida,NYIS,IPP Non-CHP,11247,5.0,5.0,5.0,Solar Photovoltaic,Solar,SUN,PV,11.0,2026.0,"(U) Under construction, less than or equal to 50 percent complete",43.23835,-75.69039
Addition,67309,Napa Junction RV Storage LLC,69222.0,American Canyon RV Boat Storage,CA,Napa,CISO,Commercial Non-CHP,5381,1.9,1.9,1.9,Solar Photovoltaic,Solar,SUN,PV,11.0,2026.0,"(V) Under construction, more than 50 percent complete",38.198033,-122.257
Addition,67035,Prologis Logistics Services Incorporated BESS,69246.0,BESS TX Camarine - BSHOU001,TX,Harris,ERCO,IPP Non-CHP,BSOU1,9.9,9.9,9.9,Batteries,Battery storage,MWH,BA,11.0,2026.0,"(U) Under construction, less than or equal to 50 percent complete",29.86648,-95.43066
Addition,3046,Duke Energy Progress - (NC),69357.0,Asheville Solar,NC,Buncombe,CPLW,Electric Utility,PV1,9.5,9.5,9.5,Solar Photovoltaic,Solar,SUN,PV,11.0,2026.0,"(V) Under construction, more than 50 percent complete",35.470591,-82.54223
Addition,67463,Barton Branch IA LLC,69392.0,Barton Branch IA,TX,Robertson,ERCO,IPP Non-CHP,BBIA,200.0,200.0,200.0,Batteries,Battery storage,MWH,BA,11.0,2026.0,"(U) Under construction, less than or equal to 50 percent complete",31.103064,-96.66494
Addition,67587,"Golden Fields Solar VI, LLC",69648.0,Rosamond South II,CA,Kern,CISO,IPP Non-CHP,BSBA2,48.0,48.0,48.0,Batteries,Battery storage,MWH,BA,11.0,2026.0,"(V) Under construction, more than 50 percent complete",34.852326,-118.4312
Addition,67587,"Golden Fields Solar VI, LLC",69648.0,Rosamond South II,CA,Kern,CISO,IPP Non-CHP,RSBA,92.0,92.0,92.0,Batteries,Battery storage,MWH,BA,11.0,2026.0,"(V) Under construction, more than 50 percent complete",34.852326,-118.4312
Addition,67581,"IEP Tejas Verde, LLC",69665.0,Orchard BESS,TX,Fort Bend,ERCO,IPP Non-CHP,ORCH,10.0,10.0,10.0,Batteries,Battery storage,MWH,BA,11.0,2026.0,"(TS) Construction complete, but not yet in commercial operation",29.539579,-95.95732
Addition,67724,"Cardinal Investment Company, Inc.",69780.0,Oystercatcher Solar,TX,Ellis,ERCO,IPP Non-CHP,OCPV1,197.0,197.0,197.0,Solar Photovoltaic,Solar,SUN,PV,11.0,2026.0,"(V) Under construction, more than 50 percent complete",32.192556,-96.91867
Addition,65869,Prologis Logistics Services Incorporated,69785.0,Stockton 1 - slcva801,CA,San Joaquin,CISO,IPP Non-CHP,CV801,1.0,1.0,1.0,Solar Photovoltaic,Solar,SUN,PV,11.0,2026.0,"(U) Under construction, less than or equal to 50 percent complete",37.93997,-121.2265
Addition,67734,ENGIE Distributed Renewables Development LLC,69807.0,Windsor Locks,CT,Hartford,ISNE,IPP Non-CHP,WNSRL,1.8,1.8,1.8,Solar Photovoltaic,Solar,SUN,PV,11.0,2026.0,"(U) Under construction, less than or equal to 50 percent complete",41.928086,-72.68693
Addition,67742,"SV CSG Angelly 1, LLC",69811.0,SV CSG Angelly 1,IL,Saline,MISO,IPP Non-CHP,ANGEL,3.6,3.6,3.6,Solar Photovoltaic,Solar,SUN,PV,11.0,2026.0,"(U) Under construction, less than or equal to 50 percent complete",37.7164,-88.5303
Addition,67744,"Argenta Solar, LLC",69813.0,Argenta Solar,IL,Macon,MISO,IPP Non-CHP,ARGEN,1.5,1.5,1.5,Solar Photovoltaic,Solar,SUN,PV,11.0,2026.0,"(U) Under construction, less than or equal to 50 percent complete",39.989915,-88.81196
Addition,67746,"SV CSG Kingston Solar 1, LLC",69815.0,SV CSG Kingston Solar 1,IL,DeKalb,PJM,IPP Non-CHP,KINGS,5.0,5.0,5.0,Solar Photovoltaic,Solar,SUN,PV,11.0,2026.0,"(U) Under construction, less than or equal to 50 percent complete",42.0971,-88.7318
Addition,67494,On Energy Storage,69865.0,Columbus Clean Energy Center (BESS),TX,Colorado,ERCO,IPP Non-CHP,CLBA1,10.1,10.1,10.1,Batteries,Battery storage,MWH,BA,11.0,2026.0,"(V) Under construction, more than 50 percent complete",29.6789,-96.53042
Addition,67782,East Bernard LLC,69903.0,East Bernard,TX,Wharton,ERCO,IPP Non-CHP,EBERN,9.5,9.5,9.5,Batteries,Battery storage,MWH,BA,11.0,2026.0,"(V) Under construction, more than 50 percent complete",29.52854,-96.07052
Addition,67783,Pledger LLC,69904.0,Pledger,TX,Wharton,ERCO,IPP Non-CHP,PLEDG,9.5,9.5,9.5,Batteries,Battery storage,MWH,BA,11.0,2026.0,"(V) Under construction, more than 50 percent complete",29.187719,-95.91223
Addition,66783,"OneEnergy, Inc.",69931.0,Bjorn,WI,Barron,MISO,IPP Non-CHP,BJORN,5.0,5.0,5.0,Solar Photovoltaic,Solar,SUN,PV,11.0,2026.0,"(U) Under construction, less than or equal to 50 percent complete",45.395931,-91.881
Addition,66783,"OneEnergy, Inc.",69933.0,Clark Solar-Longwood,WI,Clark,MISO,IPP Non-CHP,CLARK,2.5,2.5,2.5,Solar Photovoltaic,Solar,SUN,PV,11.0,2026.0,"(V) Under construction, more than 50 percent complete",44.928616,-90.65894
Addition,66783,"OneEnergy, Inc.",69937.0,Mondovi,WI,Buffalo,MISO,IPP Non-CHP,MNDVI,3.0,3.0,3.0,Solar Photovoltaic,Solar,SUN,PV,11.0,2026.0,"(U) Under construction, less than or equal to 50 percent complete",44.569282,-91.70856
Addition,66783,"OneEnergy, Inc.",69939.0,Spooner,WI,Washburn,MISO,IPP Non-CHP,SPOON,2.3,2.3,2.3,Solar Photovoltaic,Solar,SUN,PV,11.0,2026.0,"(U) Under construction, less than or equal to 50 percent complete",45.84628,-91.8634
Addition,64366,Terra-Gen Operating Co-Hybrid,69956.0,Sanborn Hybrid 3,CA,Kern,CISO,IPP Non-CHP,S10BS,210.0,210.0,210.0,Batteries,Battery storage,MWH,BA,11.0,2026.0,"(U) Under construction, less than or equal to 50 percent complete",34.996,-118.114
Addition,64366,Terra-Gen Operating Co-Hybrid,69956.0,Sanborn Hybrid 3,CA,Kern,CISO,IPP Non-CHP,S10PV,210.0,210.0,210.0,Solar Photovoltaic,Solar,SUN,PV,11.0,2026.0,"(U) Under construction, less than or equal to 50 percent complete",34.996,-118.114
Addition,64366,Terra-Gen Operating Co-Hybrid,69956.0,Sanborn Hybrid 3,CA,Kern,CISO,IPP Non-CHP,S8,55.0,55.0,55.0,Solar Photovoltaic,Solar,SUN,PV,11.0,2026.0,"(U) Under construction, less than or equal to 50 percent complete",34.996,-118.114
Addition,64366,Terra-Gen Operating Co-Hybrid,69956.0,Sanborn Hybrid 3,CA,Kern,CISO,IPP Non-CHP,S9,103.0,103.0,103.0,Solar Photovoltaic,Solar,SUN,PV,11.0,2026.0,"(U) Under construction, less than or equal to 50 percent complete",34.996,-118.114
Addition,65677,Dimension Energy LLC,70030.0,Fabius CSG LLC,NY,Onondaga,NYIS,IPP Non-CHP,FABIU,5.0,5.0,5.0,Solar Photovoltaic,Solar,SUN,PV,11.0,2026.0,"(U) Under construction, less than or equal to 50 percent complete",42.830007,-76.06217
Addition,67859,CVE US PA BUCKINGHAM 151 LLC,70079.0,Buckingham - PA 0151 (Crea),PA,Wayne,PJM,IPP Non-CHP,151,3.0,3.0,3.0,Solar Photovoltaic,Solar,SUN,PV,11.0,2026.0,"(U) Under construction, less than or equal to 50 percent complete",41.86605,-78.42275
Addition,67861,CVE US PA Dayton 379 LLC,70081.0,CVE US PA Dayton 379,PA,Armstrong,PJM,IPP Non-CHP,379,3.0,3.0,3.0,Solar Photovoltaic,Solar,SUN,PV,11.0,2026.0,"(U) Under construction, less than or equal to 50 percent complete",40.89056,-79.27027
Addition,67863,CVE US PA Jones 399 LLC,70083.0,Jones - PA 0399 (Rhodes),PA,Elk,PJM,IPP Non-CHP,399,3.0,3.0,3.0,Solar Photovoltaic,Solar,SUN,PV,11.0,2026.0,"(U) Under construction, less than or equal to 50 percent complete",41.564214,-78.69733
Addition,67869,"Delaware Ranch Solar, LLC",70093.0,Wallace Solar - (TX),TX,Culberson,ERCO,Industrial Non-CHP,WSPV1,36.0,36.0,36.0,Solar Photovoltaic,Solar,SUN,PV,11.0,2026.0,"(TS) Construction complete, but not yet in commercial operation",31.917641,-104.3148
Addition,67866,"Pike Solar, LLC",70108.0,PIKE Solar,IL,Fayette,MISO,IPP Non-CHP,PIKE,18.0,18.0,18.0,Solar Photovoltaic,Solar,SUN,PV,11.0,2026.0,"(U) Under construction, less than or equal to 50 percent complete",38.9577,-89.169
Addition,67889,CVE US VA Suffolk 141 LLC,70130.0,Suffolk - VA 0141 (Johnson South),VA,Suffolk City,TVA,IPP Non-CHP,141,5.0,5.0,5.0,Solar Photovoltaic,Solar,SUN,PV,11.0,2026.0,"(U) Under construction, less than or equal to 50 percent complete",36.70257,-76.79211
Addition,67901,Swenson Solar LLC,70135.0,Swenson Solar,TX,Stonewall,ERCO,IPP Non-CHP,SWNSN,600.0,600.0,600.0,Solar Photovoltaic,Solar,SUN,PV,11.0,2026.0,"(U) Under construction, less than or equal to 50 percent complete",32.985403,-100.0292
Addition,67909,CVE US PA Kane 187 LLC,70171.0,Wetmore - PA 0187 (Chittester),PA,McKean,PJM,IPP Non-CHP,187,3.0,3.0,3.0,Solar Photovoltaic,Solar,SUN,PV,11.0,2026.0,"(U) Under construction, less than or equal to 50 percent complete",41.66753,-78.73295
Addition,7140,Georgia Power Co,728.0,Yates,GA,Coweta,SOCO,Electric Utility,8,482.8,418.4,441.5,Natural Gas Fired Combustion Turbine,Natural gas,NG,GT,12.0,2026.0,"(V) Under construction, more than 50 percent complete",33.4622,-84.8986
Addition,1512,City of Belleville - (KS),1263.0,Belleville,KS,Republic,SWPP,Electric Utility,9,3.0,3.0,3.0,Petroleum Liquids,Other thermal,DFO,IC,12.0,2026.0,"(U) Under construction, less than or equal to 50 percent complete",39.832769,-97.63204
Addition,7570,Great River Energy,2038.0,Cambridge CT Hybrid,MN,Isanti,MISO,Electric Utility,BA1,1.5,1.2,1.2,Batteries,Battery storage,MWH,BA,12.0,2026.0,"(U) Under construction, less than or equal to 50 percent complete",45.601,-93.2081
Addition,18642,Tennessee Valley Authority,3399.0,Cumberland (TN),TN,Stewart,TVA,Electric Utility,CTG1,454.8,372.9,409.3,Natural Gas Fired Combined Cycle,Natural gas,NG,CT,12.0,2026.0,"(U) Under construction, less than or equal to 50 percent complete",36.3903,-87.6539
Addition,18642,Tennessee Valley Authority,3399.0,Cumberland (TN),TN,Stewart,TVA,Electric Utility,STG1,323.0,296.6,305.2,Natural Gas Fired Combined Cycle,Natural gas,NG,CA,12.0,2026.0,"(U) Under construction, less than or equal to 50 percent complete",36.3903,-87.6539
Addition,20856,Wisconsin Power & Light Co,4050.0,Edgewater,WI,Sheboygan,MISO,Electric Utility,BESS1,99.0,99.0,99.0,Batteries,Battery storage,MWH,BA,12.0,2026.0,"(U) Under construction, less than or equal to 50 percent complete",43.715142,-87.70586
Addition,19545,"Black Hills Power, Inc.",55478.0,Lange Generating Station,SD,Pennington,WACM,Electric Utility,IC01,16.6,16.3,16.3,Natural Gas Internal Combustion Engine,Natural gas,NG,IC,12.0,2026.0,"(U) Under construction, less than or equal to 50 percent complete",44.1218,-103.2641
Addition,19545,"Black Hills Power, Inc.",55478.0,Lange Generating Station,SD,Pennington,WACM,Electric Utility,IC02,16.6,16.3,16.3,Natural Gas Internal Combustion Engine,Natural gas,NG,IC,12.0,2026.0,"(U) Under construction, less than or equal to 50 percent complete",44.1218,-103.2641
Addition,19545,"Black Hills Power, Inc.",55478.0,Lange Generating Station,SD,Pennington,WACM,Electric Utility,IC03,16.6,16.3,16.3,Natural Gas Internal Combustion Engine,Natural gas,NG,IC,12.0,2026.0,"(U) Under construction, less than or equal to 50 percent complete",44.1218,-103.2641
Addition,19545,"Black Hills Power, Inc.",55478.0,Lange Generating Station,SD,Pennington,WACM,Electric Utility,IC04,16.6,16.3,16.3,Natural Gas Internal Combustion Engine,Natural gas,NG,IC,12.0,2026.0,"(U) Under construction, less than or equal to 50 percent complete",44.1218,-103.2641
Addition,19545,"Black Hills Power, Inc.",55478.0,Lange Generating Station,SD,Pennington,WACM,Electric Utility,IC05,16.6,16.3,16.3,Natural Gas Internal Combustion Engine,Natural gas,NG,IC,12.0,2026.0,"(U) Under construction, less than or equal to 50 percent complete",44.1218,-103.2641
Addition,19545,"Black Hills Power, Inc.",55478.0,Lange Generating Station,SD,Pennington,WACM,Electric Utility,IC06,16.6,16.3,16.3,Natural Gas Internal Combustion Engine,Natural gas,NG,IC,12.0,2026.0,"(U) Under construction, less than or equal to 50 percent complete",44.1218,-103.2641
Addition,56101,AMERESCO Ox Mountain Energy LLC,56895.0,Ameresco Ox Mountain,CA,San Mateo,CISO,IPP Non-CHP,7,3.0,2.8,2.8,Landfill Gas,Other renewables,LFG,IC,12.0,2026.0,(L) Regulatory approvals pending. Not under construction,37.5,-122.4
Addition,58135,Ecos Energy LLC,61037.0,Apple Hill Solar,VT,Bennington,ISNE,IPP Non-CHP,APPL,2.0,2.0,2.0,Solar Photovoltaic,Solar,SUN,PV,12.0,2026.0,"(U) Under construction, less than or equal to 50 percent complete",42.9077,-73.2041
Addition,49893,Invenergy Services LLC,62954.0,Alle-Catt Wind Energy LLC,NY,Allegany,NYIS,IPP Non-CHP,GEN1,340.0,340.0,340.0,Onshore Wind Turbine,Wind,WND,WT,12.0,2026.0,"(V) Under construction, more than 50 percent complete",42.262038,-78.20154
Addition,49893,Invenergy Services LLC,63028.0,Tip Top Solar Energy Center LLC,NM,Lea,SWPP,IPP Non-CHP,GEN1,220.0,220.0,220.0,Solar Photovoltaic,Solar,SUN,PV,12.0,2026.0,"(V) Under construction, more than 50 percent complete",32.133136,-103.3235
Addition,62936,TREX US Red Holly LLC,63202.0,TREX US Red Holly,TX,Lynn,ERCO,IPP Non-CHP,701,250.0,250.0,250.0,Solar Photovoltaic,Solar,SUN,PV,12.0,2026.0,(L) Regulatory approvals pending. Not under construction,32.952,-101.737
Addition,66777,"McCrae Wind Energy II, LLC",63342.0,McCrae Wind Energy II,TX,Glasscock,ERCO,IPP Non-CHP,BKII,162.1,162.1,162.1,Onshore Wind Turbine,Wind,WND,WT,12.0,2026.0,"(TS) Construction complete, but not yet in commercial operation",31.754037,-101.6752
Addition,63140,"Three Rivers Solar Power, LLC",63386.0,"Three Rivers Solar Power, LLC",ME,Hancock,ISNE,IPP Non-CHP,3RIVS,100.0,100.0,100.0,Solar Photovoltaic,Solar,SUN,PV,12.0,2026.0,"(V) Under construction, more than 50 percent complete",44.711644,-68.11
Addition,63501,"Panther Grove Wind, LLC",63818.0,"Panther Grove Wind, LLC",IL,Woodford,PJM,IPP Non-CHP,78787,423.0,423.0,423.0,Onshore Wind Turbine,Wind,WND,WT,12.0,2026.0,"(U) Under construction, less than or equal to 50 percent complete",40.7129,-89.1706
Addition,63792,Hornet Solar LLC,64167.0,Hornet Solar,NC,Gaston,DUK,IPP Non-CHP,GEN,73.0,73.0,73.0,Solar Photovoltaic,Solar,SUN,PV,12.0,2026.0,"(TS) Construction complete, but not yet in commercial operation",35.387,-81.029
Addition,63825,45MG 8me LLC,64215.0,Aratina Solar Center 2,CA,Kern,CISO,IPP Non-CHP,45MGA,150.0,150.0,150.0,Solar Photovoltaic,Solar,SUN,PV,12.0,2026.0,"(V) Under construction, more than 50 percent complete",35.062965,-118.0878
Addition,63825,45MG 8me LLC,64215.0,Aratina Solar Center 2,CA,Kern,CISO,IPP Non-CHP,45MGB,113.0,113.0,113.0,Batteries,Battery storage,MWH,BA,12.0,2026.0,"(U) Under construction, less than or equal to 50 percent complete",35.062965,-118.0878
Addition,18642,Tennessee Valley Authority,64255.0,Vonore Battery Energy Storage System,TN,Monroe,TVA,Electric Utility,VBESS,20.0,20.0,20.0,Batteries,Battery storage,MWH,BA,12.0,2026.0,"(U) Under construction, less than or equal to 50 percent complete",35.61543,-84.27489
Addition,64457,"VCP Realty, LLC",65045.0,Emery Shute Solar One,ME,Waldo,ISNE,IPP Non-CHP,VCP14,1.0,1.0,1.0,Solar Photovoltaic,Solar,SUN,PV,12.0,2026.0,"(V) Under construction, more than 50 percent complete",44.535591,-68.86433
Addition,17609,Southern California Edison Co,65458.0,Anode (Springville) BESS,CA,Tulare,CISO,Electric Utility,ANOD1,112.5,112.5,112.5,Batteries,Battery storage,MWH,BA,12.0,2026.0,"(TS) Construction complete, but not yet in commercial operation",36.107903,-118.9409
Addition,17609,Southern California Edison Co,65458.0,Anode (Springville) BESS,CA,Tulare,CISO,Electric Utility,ANOD2,112.5,112.5,112.5,Batteries,Battery storage,MWH,BA,12.0,2026.0,"(TS) Construction complete, but not yet in commercial operation",36.107903,-118.9409
Addition,65076,"HEN Infrastructure, L.L.C.",65811.0,Coyote Springs (TX),TX,Reeves,ERCO,IPP Non-CHP,CYSTD,9.9,9.9,9.9,Petroleum Liquids,Other thermal,DFO,IC,12.0,2026.0,(T) Regulatory approvals received. Not under construction,31.39471,-103.6303
Addition,66007,"NY Pulteney I, LLC",65828.0,Chidsey Hill Road Solar,NY,Steuben,NYIS,IPP Non-CHP,1666,3.0,3.0,3.0,Solar Photovoltaic,Solar,SUN,PV,12.0,2026.0,"(V) Under construction, more than 50 percent complete",42.573062,-77.16598
Addition,65815,Sunraycer Assets I LLC,66341.0,Eagle Springs Hybrid,TX,Delta,ERCO,IPP Non-CHP,EGSB,55.1,55.1,55.1,Batteries,Battery storage,MWH,BA,12.0,2026.0,"(U) Under construction, less than or equal to 50 percent complete",33.433264,-95.57444
Addition,65815,Sunraycer Assets I LLC,66341.0,Eagle Springs Hybrid,TX,Delta,ERCO,IPP Non-CHP,EGSS,110.1,110.1,110.1,Solar Photovoltaic,Solar,SUN,PV,12.0,2026.0,"(U) Under construction, less than or equal to 50 percent complete",33.433264,-95.57444
Addition,65594,EnerSmart Storage,66552.0,EnerSmart Mesa Heights Sub Station,CA,San Diego,CISO,IPP Non-CHP,MH162,3.0,3.0,3.0,Batteries,Battery storage,MWH,BA,12.0,2026.0,"(U) Under construction, less than or equal to 50 percent complete",32.82412,-117.1513
Addition,66061,BQ Energy Development,66658.0,Nottingham Solar,OH,Harrison,PJM,IPP Non-CHP,NOTT,100.0,100.0,100.0,Solar Photovoltaic,Solar,SUN,PV,12.0,2026.0,"(U) Under construction, less than or equal to 50 percent complete",40.189455,-81.04111
Addition,65764,"Lighthouse Pier S, LLC",66787.0,Elevate Pier S,CA,Los Angeles,CISO,IPP Non-CHP,ELVPS,70.0,70.0,70.0,Batteries,Battery storage,MWH,BA,12.0,2026.0,(L) Regulatory approvals pending. Not under construction,33.764993,-118.2237
Addition,64872,"Distributed Solar Development, LLC",66830.0,Harrah's Atlantic City - POI 1 (Meeting,NJ,Atlantic,PJM,IPP Non-CHP,P5376,2.3,2.3,2.3,Solar Photovoltaic,Solar,SUN,PV,12.0,2026.0,"(U) Under construction, less than or equal to 50 percent complete",39.384389,-74.42627
Addition,50123,"Leeward Asset Management, LLC",66968.0,Blackford Wind,IN,Blackford,PJM,IPP Non-CHP,BFW00,200.0,200.0,200.0,Onshore Wind Turbine,Wind,WND,WT,12.0,2026.0,"(V) Under construction, more than 50 percent complete",40.402078,-85.30058
Addition,66012,"SR Marshall, LLC",67134.0,"SR Marshall, LLC",MS,Marshall,TVA,IPP Non-CHP,MARSH,4.8,4.8,4.8,Solar Photovoltaic,Solar,SUN,PV,12.0,2026.0,"(V) Under construction, more than 50 percent complete",34.959526,-89.58856
Addition,924,"Associated Electric Coop, Inc",67262.0,Ripley Energy Center,OK,Payne,AECI,Electric Utility,RP1,419.0,411.4,444.5,Natural Gas Fired Combustion Turbine,Natural gas,NG,GT,12.0,2026.0,"(V) Under construction, more than 50 percent complete",36.116,-96.902
Addition,15399,Avangrid Power LLC,67347.0,Osagrove Flats Wind,IL,LaSalle,PJM,IPP Non-CHP,OF1,150.0,150.0,150.0,Onshore Wind Turbine,Wind,WND,WT,12.0,2026.0,"(U) Under construction, less than or equal to 50 percent complete",40.941383,-88.97152
Addition,66189,"Throckmorton Wind, LLC",67356.0,Throckmorton Wind,TX,Haskell,ERCO,IPP Non-CHP,6794,225.6,225.6,225.6,Onshore Wind Turbine,Wind,WND,WT,12.0,2026.0,"(V) Under construction, more than 50 percent complete",33.213466,-99.47612
Addition,66188,"Vaca Del Sol, LLC",67357.0,Tiger Solar,TX,Jones,ERCO,IPP Non-CHP,4666,250.0,250.0,250.0,Solar Photovoltaic,Solar,SUN,PV,12.0,2026.0,"(V) Under construction, more than 50 percent complete",32.796921,-99.88089
Addition,66186,"Funston Solar, LLC",67359.0,Funston Solar,TX,Jones,ERCO,IPP Non-CHP,4666,350.0,350.0,350.0,Solar Photovoltaic,Solar,SUN,PV,12.0,2026.0,"(V) Under construction, more than 50 percent complete",32.783669,-99.72019
Addition,66300,NY CDG Genesee 1 LLC,67609.0,NY ELBA 7195 OAK ORCHARD RD - Genesee 1,NY,Genesee,NYIS,IPP Non-CHP,21599,5.0,5.0,5.0,Solar Photovoltaic,Solar,SUN,PV,12.0,2026.0,"(U) Under construction, less than or equal to 50 percent complete",43.064414,-78.18456
Addition,5109,DTE Electric Company,67755.0,Little Trout Solar,MI,Presque Isle,MISO,Electric Utility,LTRSP,150.0,150.0,150.0,Solar Photovoltaic,Solar,SUN,PV,12.0,2026.0,"(V) Under construction, more than 50 percent complete",45.334045,-83.75117
Addition,5109,DTE Electric Company,67759.0,Trenton Channel Energy Center,MI,Wayne,MISO,Electric Utility,TCHEC,220.0,220.0,220.0,Batteries,Battery storage,MWH,BA,12.0,2026.0,"(V) Under construction, more than 50 percent complete",42.124423,-83.18571
Addition,4254,Consumers Energy Co - (MI),67998.0,Karn Solar Energy Center,MI,Bay,MISO,Electric Utility,KSEC,80.0,80.0,80.0,Solar Photovoltaic,Solar,SUN,PV,12.0,2026.0,"(U) Under construction, less than or equal to 50 percent complete",43.644996,-83.84007
Addition,4254,Consumers Energy Co - (MI),67999.0,Spring Creek Agri-Energy Center,MI,Calhoun,MISO,Electric Utility,SCAEC,140.0,140.0,140.0,Solar Photovoltaic,Solar,SUN,PV,12.0,2026.0,"(U) Under construction, less than or equal to 50 percent complete",42.2024,-85.23803
Addition,50123,"Leeward Asset Management, LLC",68089.0,Twelvemile Solar 3,OK,Mayes,SWPP,IPP Non-CHP,TS03,200.0,200.0,200.0,Solar Photovoltaic,Solar,SUN,PV,12.0,2026.0,"(U) Under construction, less than or equal to 50 percent complete",36.331569,-95.22931
Addition,65869,Prologis Logistics Services Incorporated,68124.0,Bensenville Ind Park 11,IL,DuPage,PJM,IPP Non-CHP,CH411,1.2,1.2,1.2,Solar Photovoltaic,Solar,SUN,PV,12.0,2026.0,"(U) Under construction, less than or equal to 50 percent complete",41.986194,-87.94525
Addition,65869,Prologis Logistics Services Incorporated,68133.0,Elk Grove 51-SLCHI151,IL,DuPage,PJM,IPP Non-CHP,CH151,1.4,1.4,1.4,Solar Photovoltaic,Solar,SUN,PV,12.0,2026.0,"(U) Under construction, less than or equal to 50 percent complete",42.00096,-87.95782
Addition,65869,Prologis Logistics Services Incorporated,68144.0,Northlake 5-SLCHI305,IL,Cook,PJM,IPP Non-CHP,CH305,2.5,2.5,2.5,Solar Photovoltaic,Solar,SUN,PV,12.0,2026.0,"(V) Under construction, more than 50 percent complete",41.929004,-87.91716
Addition,66869,"Rifle Range Road Solar, LLC",68196.0,Rifle Range Road Solar,DE,Sussex,PJM,IPP Non-CHP,RIFPV,4.0,4.0,4.0,Solar Photovoltaic,Solar,SUN,PV,12.0,2026.0,"(U) Under construction, less than or equal to 50 percent complete",38.725699,-75.57144
Addition,66655,"SR Bacon, LLC",68226.0,SR Bacon,GA,Bacon,SOCO,IPP Non-CHP,BACON,85.0,85.0,85.0,Solar Photovoltaic,Solar,SUN,PV,12.0,2026.0,"(V) Under construction, more than 50 percent complete",31.511392,-82.33683
Addition,66657,"SR Denmark, LLC",68229.0,SR Denmark,TN,Madison,TVA,IPP Non-CHP,DEMRK,42.0,42.0,42.0,Solar Photovoltaic,Solar,SUN,PV,12.0,2026.0,"(V) Under construction, more than 50 percent complete",35.563633,-88.93254
Addition,66658,"SR Des Arc, LLC",68230.0,SR Des Arc,AR,Prairie,MISO,IPP Non-CHP,DESAR,4.8,4.8,4.8,Solar Photovoltaic,Solar,SUN,PV,12.0,2026.0,"(U) Under construction, less than or equal to 50 percent complete",34.977439,-91.52516
Addition,65869,Prologis Logistics Services Incorporated,68236.0,South Bay Dis Ctr 6-SLLAX680,CA,Los Angeles,CISO,IPP Non-CHP,LA680,1.3,1.3,1.3,Solar Photovoltaic,Solar,SUN,PV,12.0,2026.0,"(U) Under construction, less than or equal to 50 percent complete",33.8439,-118.2242
Addition,66661,SR Georgetown. LLC,68247.0,SR Georgetown,SC,Georgetown,DUK,IPP Non-CHP,GRGTN,50.0,50.0,50.0,Solar Photovoltaic,Solar,SUN,PV,12.0,2026.0,"(U) Under construction, less than or equal to 50 percent complete",33.333354,-79.51325
Addition,66665,"SR Quincy Valley, LLC",68252.0,SR Quincy Valley,WA,Grant,GCPD,IPP Non-CHP,QUVAL,130.0,130.0,130.0,Solar Photovoltaic,Solar,SUN,PV,12.0,2026.0,"(U) Under construction, less than or equal to 50 percent complete",47.27998,-119.7046
Addition,66666,"SR Rochelle I, LLC",68253.0,SR Rochelle I,GA,Wilcox,SOCO,IPP Non-CHP,ROCH1,90.0,90.0,90.0,Solar Photovoltaic,Solar,SUN,PV,12.0,2026.0,"(V) Under construction, more than 50 percent complete",31.923234,-83.45427
Addition,66672,"SR South Bastrop, LLC",68256.0,SR South Bastrop,LA,Morehouse,MISO,IPP Non-CHP,SBAST,4.8,4.8,4.8,Solar Photovoltaic,Solar,SUN,PV,12.0,2026.0,"(U) Under construction, less than or equal to 50 percent complete",32.747456,-91.91091
Addition,66673,"SR Winnsboro, LLC",68257.0,SR Winnsboro,LA,Franklin,MISO,IPP Non-CHP,WINN,4.8,4.8,4.8,Solar Photovoltaic,Solar,SUN,PV,12.0,2026.0,"(U) Under construction, less than or equal to 50 percent complete",32.159745,-91.67586
Addition,14232,Otter Tail Power Co,68340.0,Solway Solar,MN,Beltrami,MISO,Electric Utility,1,50.0,50.0,50.0,Solar Photovoltaic,Solar,SUN,PV,12.0,2026.0,"(U) Under construction, less than or equal to 50 percent complete",47.546501,-95.13
Addition,66736,"GREE bn, LLC",68341.0,Greenwater BESS,WA,Pierce,PSEI,IPP Non-CHP,GREE,200.0,200.0,200.0,Batteries,Battery storage,MWH,BA,12.0,2026.0,"(U) Under construction, less than or equal to 50 percent complete",47.236485,-122.2271
Addition,66729,"Industrial Bravo Project, LLC",68380.0,Isaac Solar,TX,Matagorda,ERCO,IPP Non-CHP,ISCPV,51.4,50.0,50.0,Solar Photovoltaic,Solar,SUN,PV,12.0,2026.0,"(U) Under construction, less than or equal to 50 percent complete",28.797223,-95.93717
Addition,66818,301AK 8me LLC,68452.0,Kitt Solar,AZ,Pinal,AZPS,IPP Non-CHP,KITTB,100.0,100.0,100.0,Batteries,Battery storage,MWH,BA,12.0,2026.0,"(V) Under construction, more than 50 percent complete",32.73353,-111.5691
Addition,66818,301AK 8me LLC,68452.0,Kitt Solar,AZ,Pinal,AZPS,IPP Non-CHP,KITTS,100.0,100.0,100.0,Solar Photovoltaic,Solar,SUN,PV,12.0,2026.0,"(V) Under construction, more than 50 percent complete",32.73353,-111.5691
Addition,66901,"Greer Solar, LLC",68515.0,Greer Solar Plant,MS,Washington,MISO,IPP Non-CHP,GREER,200.0,200.0,200.0,Solar Photovoltaic,Solar,SUN,PV,12.0,2026.0,"(U) Under construction, less than or equal to 50 percent complete",33.115544,-90.83077
Addition,4254,Consumers Energy Co - (MI),68745.0,Sunfish Solar 2,MI,Calhoun,MISO,Electric Utility,SS2,360.0,360.0,360.0,Solar Photovoltaic,Solar,SUN,PV,12.0,2026.0,"(U) Under construction, less than or equal to 50 percent complete",42.24653,-85.00559
Addition,67123,"NY Union I, LLC",68869.0,Watson 1,NY,Broome,NYIS,IPP Non-CHP,PV1,4.8,4.8,4.8,Solar Photovoltaic,Solar,SUN,PV,12.0,2026.0,"(U) Under construction, less than or equal to 50 percent complete",42.124945,-75.99177
Addition,67124,"NY Union II, LLC",68870.0,Watson 2,NY,Broome,NYIS,IPP Non-CHP,PV1,4.9,4.9,4.9,Solar Photovoltaic,Solar,SUN,PV,12.0,2026.0,"(U) Under construction, less than or equal to 50 percent complete",42.124945,-75.99177
Addition,67152,CDH Vidal LLC,68907.0,Vidal Energy Center,CA,San Bernardino,CISO,IPP Non-CHP,1,160.0,160.0,160.0,Batteries,Battery storage,MWH,BA,12.0,2026.0,"(V) Under construction, more than 50 percent complete",34.084796,-114.4707
Addition,67152,CDH Vidal LLC,68907.0,Vidal Energy Center,CA,San Bernardino,CISO,IPP Non-CHP,2,160.0,160.0,160.0,Solar Photovoltaic,Solar,SUN,PV,12.0,2026.0,"(V) Under construction, more than 50 percent complete",34.084796,-114.4707
Addition,67167,Enterprise BESS LLC,68923.0,Enterprise BESS,CA,San Diego,CISO,IPP Non-CHP,ENTB,54.1,52.0,52.0,Batteries,Battery storage,MWH,BA,12.0,2026.0,(T) Regulatory approvals received. Not under construction,33.12181,-117.1174
Addition,67173,SV CSG East St Louis LLC,68934.0,SV CSG East St Louis,IL,St Clair,MISO,IPP Non-CHP,EAST1,5.0,5.0,5.0,Solar Photovoltaic,Solar,SUN,PV,12.0,2026.0,"(U) Under construction, less than or equal to 50 percent complete",38.6056,-90.0705
Addition,66571,Clenera DevCo LLC,68940.0,Country Acres Clean Power LLC,CA,Placer,BANC,IPP Non-CHP,CABS,172.0,172.0,172.0,Batteries,Battery storage,MWH,BA,12.0,2026.0,"(V) Under construction, more than 50 percent complete",38.751744,-121.4221
Addition,66571,Clenera DevCo LLC,68940.0,Country Acres Clean Power LLC,CA,Placer,BANC,IPP Non-CHP,CAPV,344.0,344.0,344.0,Solar Photovoltaic,Solar,SUN,PV,12.0,2026.0,"(U) Under construction, less than or equal to 50 percent complete",38.751744,-121.4221
Addition,67221,Joppa BESS LLC,69025.0,Pulaski Solar,IL,Pulaski,GLHB,IPP Non-CHP,PLSKI,417.4,405.0,405.0,Solar Photovoltaic,Solar,SUN,PV,12.0,2026.0,"(V) Under construction, more than 50 percent complete",37.264918,-88.9524
Addition,67192,RWE Clean Energy,69027.0,"Stoneridge Solar, LLC",TX,Milam,ERCO,IPP Non-CHP,SSBA,100.0,100.0,100.0,Batteries,Battery storage,MWH,BA,12.0,2026.0,"(TS) Construction complete, but not yet in commercial operation",30.569447,-97.11043
Addition,17650,Southern Power Co,69101.0,Millers Branch Solar,TX,Haskell,ERCO,IPP Non-CHP,MLB03,132.0,132.0,132.0,Solar Photovoltaic,Solar,SUN,PV,12.0,2026.0,"(U) Under construction, less than or equal to 50 percent complete",33.22132,-99.58652
Addition,67272,"RPCA Solar 8, LLC",69137.0,Althea Avenue Solar,CA,Fresno,CISO,IPP Non-CHP,ALP2,3.9,3.9,3.9,Solar Photovoltaic,Solar,SUN,PV,12.0,2026.0,"(TS) Construction complete, but not yet in commercial operation",36.893121,-120.6569
Addition,67305,Backbone BESS LLC,69167.0,Backbone Creek BESS,TX,Burnet,ERCO,IPP Non-CHP,BCKBN,121.0,121.0,121.0,Batteries,Battery storage,MWH,BA,12.0,2026.0,"(U) Under construction, less than or equal to 50 percent complete",30.550207,-98.25687
Addition,67311,"SPPM Operating, LLC",69211.0,San Pedro Public Market (SPPM),CA,Los Angeles,LDWP,IPP Non-CHP,PV1,1.2,1.2,1.2,Solar Photovoltaic,Solar,SUN,PV,12.0,2026.0,"(U) Under construction, less than or equal to 50 percent complete",33.731297,-118.2795
Addition,61677,Sol Systems,69245.0,Nightfall Solar,TX,Uvalde,ERCO,IPP Non-CHP,NTFL,180.0,180.0,180.0,Solar Photovoltaic,Solar,SUN,PV,12.0,2026.0,"(U) Under construction, less than or equal to 50 percent complete",29.259299,-99.72513
Addition,67356,"RPC Merchant, LLC",69268.0,Coyanosa Gas,TX,Pecos,ERCO,IPP Non-CHP,COYA1,2.5,2.5,2.5,Natural Gas Internal Combustion Engine,Natural gas,NG,IC,12.0,2026.0,"(U) Under construction, less than or equal to 50 percent complete",31.275177,-103.1126
Addition,67356,"RPC Merchant, LLC",69268.0,Coyanosa Gas,TX,Pecos,ERCO,IPP Non-CHP,COYA2,2.5,2.5,2.5,Natural Gas Internal Combustion Engine,Natural gas,NG,IC,12.0,2026.0,"(U) Under construction, less than or equal to 50 percent complete",31.275177,-103.1126
Addition,67356,"RPC Merchant, LLC",69268.0,Coyanosa Gas,TX,Pecos,ERCO,IPP Non-CHP,COYA3,2.5,2.5,2.5,Natural Gas Internal Combustion Engine,Natural gas,NG,IC,12.0,2026.0,"(U) Under construction, less than or equal to 50 percent complete",31.275177,-103.1126
Addition,67356,"RPC Merchant, LLC",69268.0,Coyanosa Gas,TX,Pecos,ERCO,IPP Non-CHP,COYA4,2.5,2.5,2.5,Natural Gas Internal Combustion Engine,Natural gas,NG,IC,12.0,2026.0,"(U) Under construction, less than or equal to 50 percent complete",31.275177,-103.1126
Addition,67361,"Enbridge Solar (Sequoia II), LLC",69272.0,Enbridge Solar (Sequoia II),TX,Callahan,ERCO,IPP Non-CHP,SEQII,415.0,415.0,350.0,Solar Photovoltaic,Solar,SUN,PV,12.0,2026.0,"(V) Under construction, more than 50 percent complete",32.341078,-99.17308
Addition,67370,Gunnar Reliability Project LLC,69277.0,Gunnar Reliability Project,TX,Hidalgo,ERCO,IPP Non-CHP,GR001,150.0,150.0,150.0,Batteries,Battery storage,MWH,BA,12.0,2026.0,"(U) Under construction, less than or equal to 50 percent complete",26.315571,-98.14851
Addition,67389,Duffy Energy Storage LLC,69295.0,Duffy BESS,TX,Matagorda,ERCO,IPP Non-CHP,DFBSS,235.9,235.9,235.9,Batteries,Battery storage,MWH,BA,12.0,2026.0,"(V) Under construction, more than 50 percent complete",28.854592,-96.08606
Addition,67405,Regis Leakey LLC,69338.0,Regis Leakey,TX,Real,ERCO,IPP Non-CHP,LEAKY,9.9,9.9,9.9,Batteries,Battery storage,MWH,BA,12.0,2026.0,"(V) Under construction, more than 50 percent complete",29.681012,-99.76172
Addition,67407,Regis Medina LLC,69340.0,Regis Medina,TX,Bandera,ERCO,IPP Non-CHP,MEDIN,9.9,9.9,9.9,Batteries,Battery storage,MWH,BA,12.0,2026.0,"(V) Under construction, more than 50 percent complete",29.807877,-99.25467
Addition,18454,Tampa Electric Co,69461.0,Keene Branch Solar,FL,Hillsborough,TEC,Electric Utility,1,74.5,74.5,74.5,Solar Photovoltaic,Solar,SUN,PV,12.0,2026.0,"(V) Under construction, more than 50 percent complete",27.658706,-82.2657
Addition,49893,Invenergy Services LLC,69477.0,Pleasant Prairie Solar Energy LLC,OH,Franklin,PJM,IPP Non-CHP,PLSNT,200.0,200.0,200.0,Solar Photovoltaic,Solar,SUN,PV,12.0,2026.0,"(V) Under construction, more than 50 percent complete",39.944801,-83.20397
Addition,49893,Invenergy Services LLC,69479.0,Koshkonong Solar Energy Center LLC,WI,Dane,MISO,IPP Non-CHP,KSHKS,300.0,300.0,300.0,Solar Photovoltaic,Solar,SUN,PV,12.0,2026.0,"(V) Under construction, more than 50 percent complete",42.976875,-89.07209
Addition,67487,"Piedra Solar, LLC",69496.0,Piedra Solar,TX,Freestone,ERCO,IPP Non-CHP,PDRA,280.0,280.0,280.0,Solar Photovoltaic,Solar,SUN,PV,12.0,2026.0,"(U) Under construction, less than or equal to 50 percent complete",31.648989,-96.34517
Addition,67486,Star Light Energy Center,69497.0,Star Light Energy Center,NM,Valencia,PNM,IPP Non-CHP,SLB,100.0,100.0,100.0,Batteries,Battery storage,MWH,BA,12.0,2026.0,"(U) Under construction, less than or equal to 50 percent complete",34.739572,-106.7928
Addition,67486,Star Light Energy Center,69497.0,Star Light Energy Center,NM,Valencia,PNM,IPP Non-CHP,SLS,100.0,100.0,100.0,Solar Photovoltaic,Solar,SUN,PV,12.0,2026.0,"(U) Under construction, less than or equal to 50 percent complete",34.739572,-106.7928
Addition,67485,"Buena Vista Energy Center III, LLC",69517.0,Buena Vista Energy Center III,NM,Otero,EPE,IPP Non-CHP,BV3BA,100.0,100.0,100.0,Batteries,Battery storage,MWH,BA,12.0,2026.0,"(U) Under construction, less than or equal to 50 percent complete",32.06659,-106.2853
Addition,67485,"Buena Vista Energy Center III, LLC",69517.0,Buena Vista Energy Center III,NM,Otero,EPE,IPP Non-CHP,BV3SO,100.0,100.0,100.0,Solar Photovoltaic,Solar,SUN,PV,12.0,2026.0,"(U) Under construction, less than or equal to 50 percent complete",32.06659,-106.2853
Addition,18454,Tampa Electric Co,69522.0,Brewster Solar,FL,Polk,TEC,Electric Utility,1,42.7,42.7,42.7,Solar Photovoltaic,Solar,SUN,PV,12.0,2026.0,"(U) Under construction, less than or equal to 50 percent complete",27.74188,-81.96187
Addition,18454,Tampa Electric Co,69523.0,Mattaniah Solar,FL,Polk,TEC,Electric Utility,1,52.0,52.0,52.0,Solar Photovoltaic,Solar,SUN,PV,12.0,2026.0,"(U) Under construction, less than or equal to 50 percent complete",27.893214,-82.04614
Addition,67507,"Windy Lane Energy Center, LLC",69524.0,Windy Lane Energy Center,NM,De Baca,PNM,IPP Non-CHP,WLB,68.0,68.0,68.0,Batteries,Battery storage,MWH,BA,12.0,2026.0,"(U) Under construction, less than or equal to 50 percent complete",34.587619,-104.0312
Addition,67507,"Windy Lane Energy Center, LLC",69524.0,Windy Lane Energy Center,NM,De Baca,PNM,IPP Non-CHP,WLS,90.0,90.0,90.0,Solar Photovoltaic,Solar,SUN,PV,12.0,2026.0,"(U) Under construction, less than or equal to 50 percent complete",34.587619,-104.0312
Addition,67511,"Torrecillas Energy Storage, LLC",69534.0,Torrecillas Energy Storage,TX,Webb,ERCO,IPP Non-CHP,TOR_B,9.9,9.9,9.9,Batteries,Battery storage,MWH,BA,12.0,2026.0,"(V) Under construction, more than 50 percent complete",27.618936,-98.83924
Addition,67515,Rock Creek Solar LLC,69540.0,Rock Creek Solar,IA,Clinton,MISO,IPP Non-CHP,RCS01,150.0,150.0,150.0,Solar Photovoltaic,Solar,SUN,PV,12.0,2026.0,"(U) Under construction, less than or equal to 50 percent complete",41.771603,-90.35751
Addition,67519,FRP Forest Trail Solar LLC,69548.0,FRP Forest Trail Solar,FL,Duval,JEA,IPP Non-CHP,SFE,50.0,50.0,50.0,Solar Photovoltaic,Solar,SUN,PV,12.0,2026.0,"(U) Under construction, less than or equal to 50 percent complete",30.440764,-81.83423
Addition,67520,Dry Lake East Energy Center,69549.0,Dry Lake East Energy Center,NV,Clark,NEVP,IPP Non-CHP,DLE1,200.0,200.0,200.0,Solar Photovoltaic,Solar,SUN,PV,12.0,2026.0,"(U) Under construction, less than or equal to 50 percent complete",36.401094,-114.8652
Addition,67192,RWE Clean Energy,69579.0,"Honey Mesquite Wind, LLC",TX,Sterling,ERCO,IPP Non-CHP,HMWT,180.5,180.5,180.5,Onshore Wind Turbine,Wind,WND,WT,12.0,2026.0,"(V) Under construction, more than 50 percent complete",32.030383,-101.1672
Addition,67536,"Great Plains Solar, LLC",69586.0,"Great Plains Solar, LLC",IL,Perry,MISO,IPP Non-CHP,GPS,100.0,100.0,100.0,Solar Photovoltaic,Solar,SUN,PV,12.0,2026.0,"(U) Under construction, less than or equal to 50 percent complete",38.177944,-89.55289
Addition,67192,RWE Clean Energy,69588.0,"Yellow Cat Wind, LLC",TX,Navarro,ERCO,IPP Non-CHP,YCWT,270.0,270.0,270.0,Onshore Wind Turbine,Wind,WND,WT,12.0,2026.0,"(V) Under construction, more than 50 percent complete",32.07,-96.83
Addition,67537,"Switchgrass Plains Solar, LLC",69594.0,"Switchgrass Plains Solar, LLC",IL,Fayette,MISO,IPP Non-CHP,SPS,100.0,100.0,100.0,Solar Photovoltaic,Solar,SUN,PV,12.0,2026.0,"(U) Under construction, less than or equal to 50 percent complete",39.172414,-89.05787
Addition,67546,BNB Tennyson Solar LLC,69605.0,Tennyson Solar,TX,Coke,ERCO,IPP Non-CHP,TENN,150.0,150.0,150.0,Solar Photovoltaic,Solar,SUN,PV,12.0,2026.0,"(U) Under construction, less than or equal to 50 percent complete",31.726229,-100.2771
Addition,67557,FRP Miller Solar LLC,69626.0,FRP Miller Solar,FL,Duval,JEA,IPP Non-CHP,BMF,50.0,50.0,50.0,Batteries,Battery storage,MWH,BA,12.0,2026.0,"(U) Under construction, less than or equal to 50 percent complete",30.320634,-81.91274
Addition,67557,FRP Miller Solar LLC,69626.0,FRP Miller Solar,FL,Duval,JEA,IPP Non-CHP,SMF,74.5,74.5,74.5,Solar Photovoltaic,Solar,SUN,PV,12.0,2026.0,"(U) Under construction, less than or equal to 50 percent complete",30.320634,-81.91274
Addition,67717,"Northern Divide Energy Storage, LLC",69809.0,Northern Divide Energy Storage,ND,Burke,SWPP,IPP Non-CHP,5756,100.0,100.0,100.0,Batteries,Battery storage,MWH,BA,12.0,2026.0,"(U) Under construction, less than or equal to 50 percent complete",48.769875,-102.7678
Addition,67494,On Energy Storage,69864.0,Colorado Clean Energy Center (BESS),TX,Colorado,ERCO,IPP Non-CHP,COBA1,10.1,10.1,10.1,Batteries,Battery storage,MWH,BA,12.0,2026.0,"(V) Under construction, more than 50 percent complete",29.649,-96.51519
Addition,67494,On Energy Storage,69866.0,Matagorda Clean Energy Center (BESS),TX,Matagorda,ERCO,IPP Non-CHP,MGBA1,10.1,10.1,10.1,Batteries,Battery storage,MWH,BA,12.0,2026.0,"(V) Under construction, more than 50 percent complete",28.99489,-96.12536
Addition,13683,North Carolina El Member Corp,69870.0,Parkwood BESS,NC,Union,DUK,Electric Utility,BAT1,11.6,11.6,11.6,Batteries,Battery storage,MWH,BA,12.0,2026.0,"(V) Under construction, more than 50 percent complete",34.891701,-80.63255
Addition,13683,North Carolina El Member Corp,69871.0,Tanglewood BESS,NC,Pasquotank,PJM,Electric Utility,BAT1,3.9,3.9,3.9,Batteries,Battery storage,MWH,BA,12.0,2026.0,"(V) Under construction, more than 50 percent complete",36.272111,-76.30127
Addition,13683,North Carolina El Member Corp,69872.0,Windsor BESS,NC,Bertie,PJM,Electric Utility,BAT1,3.9,3.9,3.9,Batteries,Battery storage,MWH,BA,12.0,2026.0,"(V) Under construction, more than 50 percent complete",36.025838,-76.98179
Addition,67718,"Emmons-Logan Energy Storage, LLC",69878.0,Emmons-Logan Energy Storage,ND,Emmons,MISO,IPP Non-CHP,5869,140.0,140.0,140.0,Batteries,Battery storage,MWH,BA,12.0,2026.0,"(U) Under construction, less than or equal to 50 percent complete",46.372883,-99.9784
Addition,64260,Nextera Energy Resources,69879.0,Ninnescah Flats Solar,KS,Pratt,SWPP,IPP Non-CHP,N3884,201.6,201.6,201.6,Solar Photovoltaic,Solar,SUN,PV,12.0,2026.0,"(U) Under construction, less than or equal to 50 percent complete",37.628817,-98.59311
Addition,67767,USS Hermanas Solar LLC,69881.0,USS Hermanas Solar,NM,Luna,PNM,IPP Non-CHP,USHER,3.3,3.3,3.3,Solar Photovoltaic,Solar,SUN,PV,12.0,2026.0,"(U) Under construction, less than or equal to 50 percent complete",32.210444,-107.8114
Addition,67768,USS Middle Solar LLC,69882.0,USS Middle Solar,IL,Grundy,PJM,IPP Non-CHP,USMID,5.0,5.0,5.0,Solar Photovoltaic,Solar,SUN,PV,12.0,2026.0,"(U) Under construction, less than or equal to 50 percent complete",41.413923,-88.44451
Addition,67769,USS Jornada Solar LLC,69883.0,USS Jornada Solar,NM,Dona Ana,PNM,IPP Non-CHP,USJOR,5.0,5.0,5.0,Solar Photovoltaic,Solar,SUN,PV,12.0,2026.0,"(U) Under construction, less than or equal to 50 percent complete",32.431485,-106.6832
Addition,67770,USS Meadow Lake Solar LLC,69884.0,USS Meadow Lake Solar,NM,Valencia,PNM,IPP Non-CHP,USMED,3.0,3.0,3.0,Solar Photovoltaic,Solar,SUN,PV,12.0,2026.0,"(U) Under construction, less than or equal to 50 percent complete",34.79756,-106.6542
Addition,67765,USS Mourning Lane,69885.0,USS Mourning,IL,Schuyler,PJM,IPP Non-CHP,USMOU,2.0,2.0,2.0,Solar Photovoltaic,Solar,SUN,PV,12.0,2026.0,"(U) Under construction, less than or equal to 50 percent complete",40.160741,-90.59832
Addition,67772,USS Gold Solar LLC,69889.0,USS Gold Solar,NM,Luna,PNM,IPP Non-CHP,USGOL,4.3,4.3,4.3,Solar Photovoltaic,Solar,SUN,PV,12.0,2026.0,"(U) Under construction, less than or equal to 50 percent complete",32.26144,-107.7778
Addition,12670,Missouri Jnt Muni.Pwr Elec. Ut. Comm.,69890.0,Marshall Energy Center,MO,Saline,SWPP,IPP Non-CHP,UNIT1,23.1,19.9,22.3,Natural Gas Fired Combustion Turbine,Natural gas,NG,GT,12.0,2026.0,"(U) Under construction, less than or equal to 50 percent complete",39.12358,-93.20592
Addition,12670,Missouri Jnt Muni.Pwr Elec. Ut. Comm.,69890.0,Marshall Energy Center,MO,Saline,SWPP,IPP Non-CHP,UNIT2,23.1,19.9,22.3,Natural Gas Fired Combustion Turbine,Natural gas,NG,GT,12.0,2026.0,"(U) Under construction, less than or equal to 50 percent complete",39.12358,-93.20592
Addition,66783,"OneEnergy, Inc.",69934.0,Falun,WI,Burnett,MISO,IPP Non-CHP,FALUN,2.5,2.5,2.5,Solar Photovoltaic,Solar,SUN,PV,12.0,2026.0,"(U) Under construction, less than or equal to 50 percent complete",45.779061,-92.5306
Addition,66783,"OneEnergy, Inc.",69935.0,Gilman,WI,Chippewa,MISO,IPP Non-CHP,GILMN,3.8,3.8,3.8,Solar Photovoltaic,Solar,SUN,PV,12.0,2026.0,"(U) Under construction, less than or equal to 50 percent complete",45.119204,-90.87405
Addition,66783,"OneEnergy, Inc.",69936.0,Kalmar,MN,Olmsted,MISO,IPP Non-CHP,KALMR,2.5,2.5,2.5,Solar Photovoltaic,Solar,SUN,PV,12.0,2026.0,"(U) Under construction, less than or equal to 50 percent complete",44.024642,-92.578
Addition,66783,"OneEnergy, Inc.",69938.0,Ringe,MN,Olmsted,MISO,IPP Non-CHP,RINGE,2.5,2.5,2.5,Solar Photovoltaic,Solar,SUN,PV,12.0,2026.0,"(U) Under construction, less than or equal to 50 percent complete",44.107842,-92.40043
Addition,66783,"OneEnergy, Inc.",69940.0,Teeple Creek,IA,Allamakee,MISO,IPP Non-CHP,TEEPL,2.5,2.5,2.5,Solar Photovoltaic,Solar,SUN,PV,12.0,2026.0,"(U) Under construction, less than or equal to 50 percent complete",43.234672,-91.50468
Addition,67799,Spindle Battery LLC,69946.0,Spindle BESS,CO,Weld,PSCO,IPP Non-CHP,SBA,199.0,199.0,199.0,Batteries,Battery storage,MWH,BA,12.0,2026.0,"(V) Under construction, more than 50 percent complete",40.092401,-104.9012
Addition,67790,EDPR Scarlet III LLC,69947.0,EDPR Scarlet III,CA,Fresno,CISO,IPP Non-CHP,GEN05,70.0,70.0,70.0,Batteries,Battery storage,MWH,BA,12.0,2026.0,"(U) Under construction, less than or equal to 50 percent complete",36.608742,-120.3511
Addition,67812,"Panhandle Solar, LLC",69969.0,Panhandle Solar,OK,Texas,SWPP,IPP Non-CHP,PAS,102.0,102.0,102.0,Solar Photovoltaic,Solar,SUN,PV,12.0,2026.0,"(U) Under construction, less than or equal to 50 percent complete",36.609029,-101.4743
Addition,65677,Dimension Energy LLC,69996.0,Penn Hemlock Solar LLC,PA,Snyder,PJM,IPP Non-CHP,HEMLK,3.0,3.0,3.0,Solar Photovoltaic,Solar,SUN,PV,12.0,2026.0,"(U) Under construction, less than or equal to 50 percent complete",40.693001,-77.10099
Addition,65677,Dimension Energy LLC,69997.0,Fast Ave Solar LLC,IL,Tazewell,MISO,IPP Non-CHP,FASTA,5.0,5.0,5.0,Solar Photovoltaic,Solar,SUN,PV,12.0,2026.0,"(U) Under construction, less than or equal to 50 percent complete",40.534803,-89.28959
Addition,65677,Dimension Energy LLC,70001.0,"Harper Creek Solar, LLC",IL,Jefferson,MISO,IPP Non-CHP,HARPC,5.0,5.0,5.0,Solar Photovoltaic,Solar,SUN,PV,12.0,2026.0,"(U) Under construction, less than or equal to 50 percent complete",38.301552,-88.91451
Addition,65677,Dimension Energy LLC,70004.0,Monroe Route 35 Solar LLC,PA,Juniata,PJM,IPP Non-CHP,MONRO,3.0,3.0,3.0,Solar Photovoltaic,Solar,SUN,PV,12.0,2026.0,"(U) Under construction, less than or equal to 50 percent complete",40.685584,-77.13704
Addition,65677,Dimension Energy LLC,70006.0,Perry Route 104 Solar LLC,PA,Snyder,PJM,IPP Non-CHP,PERRR,3.0,3.0,3.0,Solar Photovoltaic,Solar,SUN,PV,12.0,2026.0,"(U) Under construction, less than or equal to 50 percent complete",40.740172,-77.01011
Addition,67867,"Snapdragon Solar, LLC",70090.0,"Snapdragon Solar, LLC",IL,Perry,MISO,IPP Non-CHP,SNPDR,28.0,28.0,28.0,Solar Photovoltaic,Solar,SUN,PV,12.0,2026.0,"(V) Under construction, more than 50 percent complete",38.1703,-89.5532
Addition,12341,MidAmerican Energy Co,70107.0,Mills Solar Project,IA,Mills,MISO,Electric Utility,MSP,50.0,50.0,50.0,Solar Photovoltaic,Solar,SUN,PV,12.0,2026.0,"(U) Under construction, less than or equal to 50 percent complete",41.033333,-95.45192
Addition,64904,AES Clean Energy,70109.0,Jasmine,CA,Kern,CISO,IPP Non-CHP,JASMI,70.0,70.0,70.0,Solar Photovoltaic,Solar,SUN,PV,12.0,2026.0,"(V) Under construction, more than 50 percent complete",35.1006,-119.1187
Addition,67912,"Dry Land Prairie Energy Storage, LLC",70137.0,Dry Land Prairie Energy Storage,CO,Cheyenne,PSCO,IPP Non-CHP,DL250,250.0,250.0,250.0,Batteries,Battery storage,MWH,BA,12.0,2026.0,(T) Regulatory approvals received. Not under construction,38.99974,-102.4943
Addition,67929,"Weld Energy Storage, LLC",70188.0,Weld Energy Storage,CO,Weld,SWPP,IPP Non-CHP,WES01,100.0,100.0,100.0,Batteries,Battery storage,MWH,BA,12.0,2026.0,(L) Regulatory approvals pending. Not under construction,40.613467,-104.8467
Addition,67449,"East Point Energy, LLC",70234.0,"Reid Energy Center, LLC",VA,Prince William,PJM,IPP Non-CHP,REID,20.0,20.0,20.0,Batteries,Battery storage,MWH,BA,12.0,2026.0,(L) Regulatory approvals pending. Not under construction,38.729874,-77.59242
Addition,17833,City Utilities of Springfield - (MO),2161.0,James River Power Station,MO,Greene,SWPP,Electric Utility,BAT1,31.0,31.0,31.0,Batteries,Battery storage,MWH,BA,1.0,2027.0,"(U) Under construction, less than or equal to 50 percent complete",37.108611,-93.26194
Addition,17833,City Utilities of Springfield - (MO),7903.0,McCartney,MO,Greene,SWPP,Electric Utility,MGS3,48.9,47.4,47.4,Natural Gas Fired Combustion Turbine,Natural gas,NG,GT,1.0,2027.0,"(U) Under construction, less than or equal to 50 percent complete",37.248431,-93.17084
Addition,17833,City Utilities of Springfield - (MO),7903.0,McCartney,MO,Greene,SWPP,Electric Utility,MGS4,48.9,47.4,47.4,Natural Gas Fired Combustion Turbine,Natural gas,NG,GT,1.0,2027.0,"(U) Under construction, less than or equal to 50 percent complete",37.248431,-93.17084
Addition,17833,City Utilities of Springfield - (MO),7903.0,McCartney,MO,Greene,SWPP,Electric Utility,MGS5,48.9,47.4,47.4,Natural Gas Fired Combustion Turbine,Natural gas,NG,GT,1.0,2027.0,"(U) Under construction, less than or equal to 50 percent complete",37.248431,-93.17084
Addition,34691,Ormat Nevada Inc,61912.0,McGinness Hills 3,NV,Lander,NEVP,IPP Non-CHP,MHSOL,14.0,14.0,7.0,Solar Photovoltaic,Solar,SUN,PV,1.0,2027.0,(T) Regulatory approvals received. Not under construction,39.5963,-116.8942
Addition,63793,Bear Branch Solar LLC,64168.0,Bear Branch Solar,NC,Stokes,DUK,IPP Non-CHP,GEN,34.5,34.5,34.5,Solar Photovoltaic,Solar,SUN,PV,1.0,2027.0,"(V) Under construction, more than 50 percent complete",36.340427,-80.12974
Addition,63869,"SE Athos II, LLC",64290.0,"SE Athos II, LLC",CA,Riverside,CISO,IPP Non-CHP,ATH1N,100.0,100.0,100.0,Batteries,Battery storage,MWH,BA,1.0,2027.0,"(U) Under construction, less than or equal to 50 percent complete",33.751283,-115.355
Addition,63869,"SE Athos II, LLC",64290.0,"SE Athos II, LLC",CA,Riverside,CISO,IPP Non-CHP,ATH1S,102.3,102.3,102.3,Batteries,Battery storage,MWH,BA,1.0,2027.0,"(U) Under construction, less than or equal to 50 percent complete",33.751283,-115.355
Addition,63869,"SE Athos II, LLC",64290.0,"SE Athos II, LLC",CA,Riverside,CISO,IPP Non-CHP,ATHB2,200.0,200.0,200.0,Batteries,Battery storage,MWH,BA,1.0,2027.0,"(U) Under construction, less than or equal to 50 percent complete",33.751283,-115.355
Addition,5248,Dominion Energy Inc.,64550.0,Coastal Virginia Offshore Wind (CVOW) Commercial Project,VA,,PJM,Electric Utility,CVOWC,2640.0,2640.0,2640.0,Offshore Wind Turbine,Wind,WND,WS,1.0,2027.0,"(U) Under construction, less than or equal to 50 percent complete",36.907956,-75.34907
Addition,64953,"Putnam Meadow Solar Station, LLC",65710.0,Putnam Meadow Solar Station,CT,Windham,ISNE,IPP Non-CHP,PTNM,4.0,4.0,4.0,Solar Photovoltaic,Solar,SUN,PV,1.0,2027.0,(L) Regulatory approvals pending. Not under construction,41.902261,-71.91154
Addition,65561,"TJA 540R Main St. Acushnet, LLC",66513.0,MA Acushnet 540R Main St,MA,Bristol,ISNE,IPP Non-CHP,18229,4.0,4.0,4.0,Solar Photovoltaic,Solar,SUN,PV,1.0,2027.0,(L) Regulatory approvals pending. Not under construction,41.702987,-70.8888
Addition,65561,"TJA 540R Main St. Acushnet, LLC",66513.0,MA Acushnet 540R Main St,MA,Bristol,ISNE,IPP Non-CHP,B8229,2.0,2.0,2.0,Batteries,Battery storage,MWH,BA,1.0,2027.0,(L) Regulatory approvals pending. Not under construction,41.702987,-70.8888
Addition,63004,Abundant Solar Power Inc.,67223.0,USNY - Markham Hollow Rd - 001,NY,Onondaga,NYIS,IPP Non-CHP,SUNYF,20.0,20.0,20.0,Solar Photovoltaic,Solar,SUN,PV,1.0,2027.0,"(P) Planned for installation, but regulatory approvals not initiated",42.78368,-76.07633
Addition,66266,Form Energy Inc.,67565.0,East Road Storage Project,CA,Mendocino,CISO,IPP Non-CHP,CEC01,1.5,1.5,1.5,Batteries,Battery storage,MWH,BA,1.0,2027.0,(T) Regulatory approvals received. Not under construction,39.25,-123.196
Addition,66525,"Quaker Creek Farm Solar, LLC",67977.0,Quaker Creek Farm Solar,NC,Alamance,DUK,IPP Non-CHP,QUACR,34.9,34.9,34.9,Solar Photovoltaic,Solar,SUN,PV,1.0,2027.0,(T) Regulatory approvals received. Not under construction,36.156688,-79.32292
Addition,66579,Cape HoldCo LLC,68068.0,Cape Generating Station,UT,Beaver,LDWP,IPP Non-CHP,CP1G2,43.0,30.0,33.0,Geothermal,Other renewables,GEO,BT,1.0,2027.0,"(TS) Construction complete, but not yet in commercial operation",38.506706,-112.9175
Addition,66579,Cape HoldCo LLC,68068.0,Cape Generating Station,UT,Beaver,LDWP,IPP Non-CHP,CP1G3,43.0,30.0,33.0,Geothermal,Other renewables,GEO,BT,1.0,2027.0,"(V) Under construction, more than 50 percent complete",38.506706,-112.9175
Addition,65869,Prologis Logistics Services Incorporated,68123.0,Bensenville Ind Park 10-SLCHI410,IL,DuPage,PJM,IPP Non-CHP,CH410,1.2,1.2,1.2,Solar Photovoltaic,Solar,SUN,PV,1.0,2027.0,"(V) Under construction, more than 50 percent complete",41.984507,-87.94587
Addition,66816,Voyager Energy Storage LLC,68426.0,Voyager Energy Storage,MI,Washtenaw,MISO,IPP Non-CHP,VOYGR,100.0,100.0,100.0,Batteries,Battery storage,MWH,BA,1.0,2027.0,"(U) Under construction, less than or equal to 50 percent complete",42.153167,-83.8333
Addition,66918,"Mountain Street Solar Project 2019, LLC",68543.0,Town of Sharon Portfolio -Mt St Landfill,MA,Norfolk,ISNE,IPP Non-CHP,3850B,5.7,5.7,5.7,Batteries,Battery storage,MWH,BA,1.0,2027.0,"(V) Under construction, more than 50 percent complete",42.102685,-71.15906
Addition,66918,"Mountain Street Solar Project 2019, LLC",68543.0,Town of Sharon Portfolio -Mt St Landfill,MA,Norfolk,ISNE,IPP Non-CHP,3850G,5.0,5.0,5.0,Solar Photovoltaic,Solar,SUN,PV,1.0,2027.0,"(V) Under construction, more than 50 percent complete",42.102685,-71.15906
Addition,6452,Florida Power & Light Co,68828.0,Tangelo,FL,Okeechobee,FPL,Electric Utility,1,74.5,74.5,74.5,Solar Photovoltaic,Solar,SUN,PV,1.0,2027.0,"(U) Under construction, less than or equal to 50 percent complete",27.507993,-80.73651
Addition,6452,Florida Power & Light Co,68834.0,Hendry,FL,Hendry,FPL,Electric Utility,1,74.5,74.5,74.5,Solar Photovoltaic,Solar,SUN,PV,1.0,2027.0,"(U) Under construction, less than or equal to 50 percent complete",26.410345,-81.03189
Addition,67166,"MC Solar, LLC",68930.0,MC Solar,PA,Mercer,PJM,IPP Non-CHP,ENX36,50.0,50.0,50.0,Solar Photovoltaic,Solar,SUN,PV,1.0,2027.0,(L) Regulatory approvals pending. Not under construction,41.412805,-80.43245
Addition,67171,Overnight Solar LLC,68932.0,Overnight Solar,CA,San Bernardino,CISO,IPP Non-CHP,OSBA,150.0,150.0,150.0,Batteries,Battery storage,MWH,BA,1.0,2027.0,"(U) Under construction, less than or equal to 50 percent complete",35.016197,-117.357
Addition,67171,Overnight Solar LLC,68932.0,Overnight Solar,CA,San Bernardino,CISO,IPP Non-CHP,OSPV,150.0,150.0,150.0,Solar Photovoltaic,Solar,SUN,PV,1.0,2027.0,"(U) Under construction, less than or equal to 50 percent complete",35.016197,-117.357
Addition,67464,Pamela Heights I Energy Center LLC,69393.0,Pamela Heights I Energy Center,TX,Harris,ERCO,IPP Non-CHP,PHIEC,100.0,100.0,100.0,Batteries,Battery storage,MWH,BA,1.0,2027.0,"(U) Under construction, less than or equal to 50 percent complete",29.645345,-95.45021
Addition,67315,Waxwing Solar,69427.0,Waxwing Solar CSG,CO,Pueblo,PSCO,IPP Non-CHP,WAXWI,3.0,3.0,3.0,Solar Photovoltaic,Solar,SUN,PV,1.0,2027.0,"(U) Under construction, less than or equal to 50 percent complete",38.2963,-104.5525
Addition,67500,BT Amador Storage LLC,69520.0,Amador BESS,TX,Van Zandt,ERCO,IPP Non-CHP,AMDRB,220.0,220.0,220.0,Batteries,Battery storage,MWH,BA,1.0,2027.0,"(V) Under construction, more than 50 percent complete",32.479347,-96.0321
Addition,60531,Standard Solar,69560.0,Sunrise Magnolia DE,DE,Kent,PJM,IPP Non-CHP,MAGNO,3.0,3.0,3.0,Solar Photovoltaic,Solar,SUN,PV,1.0,2027.0,"(V) Under construction, more than 50 percent complete",39.071366,-75.49303
Addition,65869,Prologis Logistics Services Incorporated,69609.0,San Leandro 10 - sleba702,CA,Alameda,CISO,IPP Non-CHP,EB702,1.0,1.0,1.0,Solar Photovoltaic,Solar,SUN,PV,1.0,2027.0,"(U) Under construction, less than or equal to 50 percent complete",37.71422,-122.182
Addition,9209,Illinois Rural Electric Coop,69724.0,Pike County Solar,IL,Pike,MISO,Electric Utility,PIKE,1.0,1.0,1.0,Solar Photovoltaic,Solar,SUN,PV,1.0,2027.0,(T) Regulatory approvals received. Not under construction,39.6189,-90.8461
Addition,67745,"SV CSG Sun Trust Solar, LLC",69814.0,SV CSG Sun Trust Solar,IL,Kane,PJM,IPP Non-CHP,SUNSO,5.0,5.0,5.0,Solar Photovoltaic,Solar,SUN,PV,1.0,2027.0,(T) Regulatory approvals received. Not under construction,42.0969,-88.3865
Addition,65654,Birch Creek Development,69977.0,Blue Branch Solar,IL,Johnson,MISO,IPP Non-CHP,BBPV,25.0,25.0,25.0,Solar Photovoltaic,Solar,SUN,PV,1.0,2027.0,"(U) Under construction, less than or equal to 50 percent complete",37.467778,-88.96889
Addition,65677,Dimension Energy LLC,70009.0,"Willis Solar 1, LLC - (IL)",IL,Macoupin,MISO,IPP Non-CHP,WILL1,5.0,5.0,5.0,Solar Photovoltaic,Solar,SUN,PV,1.0,2027.0,"(U) Under construction, less than or equal to 50 percent complete",39.118354,-89.84199
Addition,67844,WEC: City of Milwaukee - Airport Expansion,70048.0,City of Milwaukee- Airport Expansion,WI,Milwaukee,MISO,IPP Non-CHP,AIREX,4.6,4.6,4.6,Solar Photovoltaic,Solar,SUN,PV,1.0,2027.0,"(U) Under construction, less than or equal to 50 percent complete",42.930271,-87.88801
Addition,67865,"Murch Solar, LLC",70089.0,"Murch Solar, LLC",MI,Van Buren,PJM,IPP Non-CHP,MURCH,85.0,85.0,85.0,Solar Photovoltaic,Solar,SUN,PV,1.0,2027.0,"(U) Under construction, less than or equal to 50 percent complete",42.401,-86.03
Addition,67868,"Two Blues Solar, LLC",70092.0,"Two Blues Solar, LLC",IL,Perry,MISO,IPP Non-CHP,2BLUE,40.0,40.0,40.0,Solar Photovoltaic,Solar,SUN,PV,1.0,2027.0,"(V) Under construction, more than 50 percent complete",38.1633,-89.37
Addition,67905,CVE US PA Latrobe 408 LLC,70167.0,Latrobe - PA 0408 (Soccerhound B),PA,Clearfield,PJM,IPP Non-CHP,408,1.0,1.0,1.0,Solar Photovoltaic,Solar,SUN,PV,1.0,2027.0,"(U) Under construction, less than or equal to 50 percent complete",40.25174,-79.35354
Addition,61716,Big Fork Solar,62184.0,Big Fork Solar,SC,Barnwell,SCEG,IPP Non-CHP,27,74.9,74.9,74.9,Batteries,Battery storage,MWH,BA,2.0,2027.0,(T) Regulatory approvals received. Not under construction,33.135275,-81.23911
Addition,64077,JVR Energy Park LLC,64428.0,JVR Energy Park LLC,CA,San Diego,CISO,IPP Non-CHP,JVR1A,90.0,90.0,90.0,Solar Photovoltaic,Solar,SUN,PV,2.0,2027.0,(L) Regulatory approvals pending. Not under construction,32.625903,-116.1749
Addition,64077,JVR Energy Park LLC,64428.0,JVR Energy Park LLC,CA,San Diego,CISO,IPP Non-CHP,JVR1B,70.0,70.0,70.0,Batteries,Battery storage,MWH,BA,2.0,2027.0,"(P) Planned for installation, but regulatory approvals not initiated",32.625903,-116.1749
Addition,61222,174 Power Global Corp.,64744.0,Turkey Creek Solar Project,CO,Pueblo,WACM,IPP Non-CHP,TC001,200.0,200.0,200.0,Solar Photovoltaic,Solar,SUN,PV,2.0,2027.0,"(P) Planned for installation, but regulatory approvals not initiated",38.382137,-104.9141
Addition,64377,"Novel Blilie Solar, LLC",64865.0,Novel Blilie Solar LLC,MN,Wilkin,MISO,IPP Non-CHP,BLILE,1.0,1.0,1.0,Solar Photovoltaic,Solar,SUN,PV,2.0,2027.0,"(U) Under construction, less than or equal to 50 percent complete",46.630077,-96.75811
Addition,65677,Dimension Energy LLC,67639.0,Leatherleaf,NY,Genesee,NYIS,IPP Non-CHP,LLEAF,5.0,5.0,5.0,Solar Photovoltaic,Solar,SUN,PV,2.0,2027.0,(L) Regulatory approvals pending. Not under construction,43.048657,-78.03491
Addition,66542,"Piney Woods Solar, LLC",67995.0,Piney Woods Solar,TX,Walker,MISO,IPP Non-CHP,PWS,150.0,150.0,150.0,Solar Photovoltaic,Solar,SUN,PV,2.0,2027.0,"(V) Under construction, more than 50 percent complete",30.718683,-95.66965
Addition,65869,Prologis Logistics Services Incorporated,68137.0,Glendale Heights 10-SLCHI910,IL,DuPage,PJM,IPP Non-CHP,CH910,1.3,1.3,1.3,Solar Photovoltaic,Solar,SUN,PV,2.0,2027.0,"(U) Under construction, less than or equal to 50 percent complete",41.929422,-88.07008
Addition,67110,"Tracy Renewable Energy, LLC",68855.0,Tracy Renewable Power Plant,CA,San Joaquin,CISO,IPP Non-CHP,TRP01,5.0,3.0,3.0,Other Waste Biomass,Other renewables,AB,ST,2.0,2027.0,"(U) Under construction, less than or equal to 50 percent complete",37.77158,-121.4251
Addition,61194,Generate Capital,69215.0,Sommer,IL,Massac,MISO,IPP Non-CHP,11216,2.0,2.0,2.0,Solar Photovoltaic,Solar,SUN,PV,2.0,2027.0,"(U) Under construction, less than or equal to 50 percent complete",37.205915,-88.8179
Addition,67538,"Beekman PV I, LLC",69589.0,Beekman Solar,LA,Morehouse,MISO,IPP Non-CHP,BEEK1,206.8,185.0,185.0,Solar Photovoltaic,Solar,SUN,PV,2.0,2027.0,"(U) Under construction, less than or equal to 50 percent complete",32.989386,-91.94288
Addition,67547,"Monarch Creek Wind, LLC",69606.0,"Monarch Creek Wind, LLC",TX,Throckmorton,ERCO,IPP Non-CHP,7496,287.6,287.6,287.6,Onshore Wind Turbine,Wind,WND,WT,2.0,2027.0,"(U) Under construction, less than or equal to 50 percent complete",33.183899,-99.42239
Addition,67632,FE Taft LLC,69723.0,Taft BESS,MA,Worcester,ISNE,IPP Non-CHP,BESS1,200.0,200.0,200.0,Batteries,Battery storage,MWH,BA,2.0,2027.0,"(V) Under construction, more than 50 percent complete",42.03383,-71.60374
Addition,7294,City of Glendale - (CA),69749.0,Scholl Canyon,CA,Los Angeles,LDWP,Electric Utility,U1,3.0,2.8,2.8,Landfill Gas,Other renewables,LFG,IC,2.0,2027.0,"(V) Under construction, more than 50 percent complete",34.15638,-118.1927
Addition,7294,City of Glendale - (CA),69749.0,Scholl Canyon,CA,Los Angeles,LDWP,Electric Utility,U2,3.0,2.8,2.8,Landfill Gas,Other renewables,LFG,IC,2.0,2027.0,"(V) Under construction, more than 50 percent complete",34.15638,-118.1927
Addition,7294,City of Glendale - (CA),69749.0,Scholl Canyon,CA,Los Angeles,LDWP,Electric Utility,U3,3.0,2.8,2.8,Landfill Gas,Other renewables,LFG,IC,2.0,2027.0,"(V) Under construction, more than 50 percent complete",34.15638,-118.1927
Addition,7294,City of Glendale - (CA),69749.0,Scholl Canyon,CA,Los Angeles,LDWP,Electric Utility,U4,3.0,2.8,2.8,Landfill Gas,Other renewables,LFG,IC,2.0,2027.0,"(V) Under construction, more than 50 percent complete",34.15638,-118.1927
Addition,67702,Ryan Storage LLC,69770.0,Ryan Storage,TX,Coryell,ERCO,IPP Non-CHP,BRS,50.0,50.0,50.0,Batteries,Battery storage,MWH,BA,2.0,2027.0,"(U) Under construction, less than or equal to 50 percent complete",31.53576,-97.79874
Addition,67743,"SV CSG Brownstown 1, LLC",69812.0,SV CSG Brownstown 1,IL,Fayette,MISO,IPP Non-CHP,BROWN,1.0,1.0,1.0,Solar Photovoltaic,Solar,SUN,PV,2.0,2027.0,"(U) Under construction, less than or equal to 50 percent complete",38.971573,-89.01849
Addition,67781,Hockley LLC,69902.0,Hockley,TX,Harris,ERCO,IPP Non-CHP,HOCKL,9.9,9.9,9.9,Batteries,Battery storage,MWH,BA,2.0,2027.0,"(V) Under construction, more than 50 percent complete",30.021964,-95.84826
Addition,67775,Roccasecca BESS LLC,69965.0,Roccasecca BESS LLC,NV,Clark,CISO,IPP Non-CHP,RS,126.5,126.5,126.5,Batteries,Battery storage,MWH,BA,2.0,2027.0,"(V) Under construction, more than 50 percent complete",35.83,-115.0128
Addition,65677,Dimension Energy LLC,70008.0,West Perry Planing Mill Road Solar LLC,PA,Snyder,PJM,IPP Non-CHP,WPERR,3.0,3.0,3.0,Solar Photovoltaic,Solar,SUN,PV,2.0,2027.0,"(U) Under construction, less than or equal to 50 percent complete",40.689203,-77.14223
Addition,67836,"SL Portland Community, LLC",70018.0,"SL Portland Community, LLC",NY,Chautauqua,NYIS,IPP Non-CHP,23216,3.5,3.5,3.5,Solar Photovoltaic,Solar,SUN,PV,2.0,2027.0,"(U) Under construction, less than or equal to 50 percent complete",42.383832,-79.4718
Addition,67837,"SL Portland Community 2, LLC",70019.0,"SL Portland Community 2, LLC",NY,Chautauqua,NYIS,IPP Non-CHP,23221,3.8,3.8,3.8,Solar Photovoltaic,Solar,SUN,PV,2.0,2027.0,"(U) Under construction, less than or equal to 50 percent complete",42.37773,-79.45972
Addition,67856,CVE US PA Bigler 436 LLC,70076.0,Bigler - PA 0436 (Flango 2),PA,Clearfield,PJM,IPP Non-CHP,436,3.0,3.0,3.0,Solar Photovoltaic,Solar,SUN,PV,2.0,2027.0,"(U) Under construction, less than or equal to 50 percent complete",40.80344,-78.42252
Addition,67897,"Clay Creek Energy, LLC",70115.0,Fort Lyon Solar,CO,Bent,WACM,IPP Non-CHP,GEN1,1.8,1.8,1.8,Solar Photovoltaic,Solar,SUN,PV,2.0,2027.0,(L) Regulatory approvals pending. Not under construction,38.081,-103.133
Addition,67897,"Clay Creek Energy, LLC",70116.0,La Junta Solar,CO,Otero,WACM,IPP Non-CHP,GEN1,4.8,4.8,4.8,Solar Photovoltaic,Solar,SUN,PV,2.0,2027.0,(L) Regulatory approvals pending. Not under construction,38.038,-103.5237
Addition,67897,"Clay Creek Energy, LLC",70117.0,Lamar Solar,CO,Prowers,WACM,IPP Non-CHP,GEN1,4.8,4.8,4.8,Solar Photovoltaic,Solar,SUN,PV,2.0,2027.0,(L) Regulatory approvals pending. Not under construction,38.043192,-102.5922
Addition,67897,"Clay Creek Energy, LLC",70118.0,Trinidad Solar,CO,Las Animas,WACM,IPP Non-CHP,GEN1,1.8,1.8,1.8,Solar Photovoltaic,Solar,SUN,PV,2.0,2027.0,(L) Regulatory approvals pending. Not under construction,37.185879,-104.4924
Addition,67898,"Raceway Solar, LLC",70119.0,Raceway Solar - (CO),CO,Morgan,SWPP,IPP Non-CHP,GEN1,7.0,7.0,7.0,Solar Photovoltaic,Solar,SUN,PV,2.0,2027.0,(L) Regulatory approvals pending. Not under construction,40.262222,-103.8292
Addition,67906,CVE US PA Monroe 485 LLC,70168.0,Monroe - PA 0485 (Lawrence),PA,Clarion,PJM,IPP Non-CHP,485,2.4,2.4,2.4,Solar Photovoltaic,Solar,SUN,PV,2.0,2027.0,"(U) Under construction, less than or equal to 50 percent complete",41.11339,-79.4146
Addition,67907,CVE US PA Monroe 486 LLC,70169.0,Monroe - PA 0486 (Acey),PA,Clarion,PJM,IPP Non-CHP,486,3.0,3.0,3.0,Solar Photovoltaic,Solar,SUN,PV,2.0,2027.0,"(U) Under construction, less than or equal to 50 percent complete",41.13178,-79.4476
Addition,5416,"Duke Energy Carolinas, LLC",70223.0,Turnpike Solar Plant,FL,Osceola,FPC,Electric Utility,TPSP1,74.9,74.9,74.9,Solar Photovoltaic,Solar,SUN,PV,2.0,2027.0,"(V) Under construction, more than 50 percent complete",28.063296,-81.22305
Addition,59774,Crawfordsville Energy LLC,1024.0,Crawfordsville Power Plant,IN,Montgomery,MISO,IPP Non-CHP,8,16.3,16.3,16.3,Natural Gas Fired Combined Cycle,Natural gas,NG,CS,3.0,2027.0,(T) Regulatory approvals received. Not under construction,40.048889,-86.8992
Addition,65792,"ITT Energy Tech Partners, LLC",52021.0,ITT Cogen Facility,IL,Cook,PJM,Commercial CHP,GEN3,4.1,4.1,4.1,Natural Gas Internal Combustion Engine,Natural gas,NG,IC,3.0,2027.0,(T) Regulatory approvals received. Not under construction,41.83442,-87.62847
Addition,65792,"ITT Energy Tech Partners, LLC",52021.0,ITT Cogen Facility,IL,Cook,PJM,Commercial CHP,GEN4,4.1,4.1,4.1,Natural Gas Internal Combustion Engine,Natural gas,NG,IC,3.0,2027.0,(T) Regulatory approvals received. Not under construction,41.83442,-87.62847
Addition,7349,"Golden Spread Electric Cooperative, Inc",58835.0,Elk Station,TX,Hale,SWPP,Electric Utility,ELK4,199.8,201.0,210.0,Natural Gas Fired Combustion Turbine,Natural gas,NG,GT,3.0,2027.0,"(U) Under construction, less than or equal to 50 percent complete",33.865,-101.8433
Addition,65470,"Lock+ Hydro Friends Fund XLII, LLC",59091.0,Braddock Lock and Dam,PA,Allegheny,PJM,IPP Non-CHP,GEN1,5.3,5.3,5.3,Conventional Hydroelectric,Hydro,WAT,HY,3.0,2027.0,(L) Regulatory approvals pending. Not under construction,40.388889,-79.85889
Addition,67705,"Enbridge Wind (Easter), LLC",59971.0,Easter,TX,Castro,ERCO,IPP Non-CHP,ESTR1,152.0,152.0,152.0,Onshore Wind Turbine,Wind,WND,WT,3.0,2027.0,"(U) Under construction, less than or equal to 50 percent complete",34.668882,-102.3517
Addition,61751,Juniper Solar,62234.0,Juniper Solar,SC,Chesterfield,CPLE,IPP Non-CHP,48,74.9,74.9,74.9,Solar Photovoltaic,Solar,SUN,PV,3.0,2027.0,(T) Regulatory approvals received. Not under construction,34.638189,-79.86121
Addition,63528,"Westlands Grape, LLC",63851.0,Grape,CA,Kings,CISO,IPP Non-CHP,GRAPE,246.4,246.4,246.4,Solar Photovoltaic,Solar,SUN,PV,3.0,2027.0,(T) Regulatory approvals received. Not under construction,36.145687,-119.9051
Addition,61514,"Agilitas Energy, Inc.",64171.0,Tygart Hydropower,WV,Taylor,PJM,IPP Non-CHP,1,10.0,3.0,10.0,Conventional Hydroelectric,Hydro,WAT,HY,3.0,2027.0,(L) Regulatory approvals pending. Not under construction,39.279354,-80.00891
Addition,61514,"Agilitas Energy, Inc.",64171.0,Tygart Hydropower,WV,Taylor,PJM,IPP Non-CHP,2,10.0,3.0,10.0,Conventional Hydroelectric,Hydro,WAT,HY,3.0,2027.0,(L) Regulatory approvals pending. Not under construction,39.279354,-80.00891
Addition,61514,"Agilitas Energy, Inc.",64171.0,Tygart Hydropower,WV,Taylor,PJM,IPP Non-CHP,3,10.0,3.0,10.0,Conventional Hydroelectric,Hydro,WAT,HY,3.0,2027.0,(L) Regulatory approvals pending. Not under construction,39.279354,-80.00891
Addition,64934,"Chiquito Grid, LLC",65655.0,"Chiquito Grid, LLC",CA,Riverside,CISO,IPP Non-CHP,HECHQ,80.0,80.0,80.0,Batteries,Battery storage,MWH,BA,3.0,2027.0,"(P) Planned for installation, but regulatory approvals not initiated",33.58549,-117.2545
Addition,67189,Clear Fork,65842.0,Clear Fork Creek Solar and BESS SLF,TX,Wilson,ERCO,IPP Non-CHP,CFCBS,600.0,600.0,600.0,Batteries,Battery storage,MWH,BA,3.0,2027.0,"(U) Under construction, less than or equal to 50 percent complete",29.263568,-97.78055
Addition,67189,Clear Fork,65842.0,Clear Fork Creek Solar and BESS SLF,TX,Wilson,ERCO,IPP Non-CHP,CFCPV,600.0,600.0,600.0,Solar Photovoltaic,Solar,SUN,PV,3.0,2027.0,"(U) Under construction, less than or equal to 50 percent complete",29.263568,-97.78055
Addition,67721,Crossvine Solar 1 LLC,66441.0,Crossvine Solar,IN,Dubois,MISO,IPP Non-CHP,INCV1,100.0,100.0,100.0,Solar Photovoltaic,Solar,SUN,PV,3.0,2027.0,"(U) Under construction, less than or equal to 50 percent complete",38.264271,-87.00189
Addition,66061,BQ Energy Development,66657.0,Steubenville Solar,OH,Jefferson,PJM,IPP Non-CHP,STEUB,43.0,43.0,43.0,Solar Photovoltaic,Solar,SUN,PV,3.0,2027.0,"(P) Planned for installation, but regulatory approvals not initiated",40.351722,-80.67036
Addition,65144,"Samsung C&T Renewables, LLC",66672.0,"Stark Solar, LLC",OH,Stark,PJM,IPP Non-CHP,AG239,150.0,150.0,150.0,Solar Photovoltaic,Solar,SUN,PV,3.0,2027.0,"(P) Planned for installation, but regulatory approvals not initiated",40.852661,-81.15701
Addition,62842,"Lightsource Renewable Energy Asset Management, LLC",66893.0,Jones City 2 Solar,TX,Jones,ERCO,IPP Non-CHP,TXJS2,200.0,200.0,200.0,Batteries,Battery storage,MWH,BA,3.0,2027.0,"(V) Under construction, more than 50 percent complete",32.794928,-99.99293
Addition,66121,Rock Rose Energy Storage LLC,67249.0,Rock Rose Energy Storage,TX,Fort Bend,ERCO,IPP Non-CHP,RRES,200.0,200.0,200.0,Batteries,Battery storage,MWH,BA,3.0,2027.0,"(U) Under construction, less than or equal to 50 percent complete",29.395241,-95.73535
Addition,65144,"Samsung C&T Renewables, LLC",67918.0,"Dios BESS, LLC",TX,Jackson,ERCO,IPP Non-CHP,DIOS,201.6,201.6,201.6,Batteries,Battery storage,MWH,BA,3.0,2027.0,"(P) Planned for installation, but regulatory approvals not initiated",29.012998,-96.5051
Addition,58468,Dominion Renewable Energy,68073.0,Blue Ridge Solar,VA,Pittsylvania,PJM,Electric Utility,BLUER,95.0,95.0,95.0,Solar Photovoltaic,Solar,SUN,PV,3.0,2027.0,"(U) Under construction, less than or equal to 50 percent complete",36.790101,-79.42875
Addition,65869,Prologis Logistics Services Incorporated,68138.0,Internationale Ctr 11-SLCHI321,IL,DuPage,PJM,IPP Non-CHP,CH321,1.8,1.8,1.8,Solar Photovoltaic,Solar,SUN,PV,3.0,2027.0,"(U) Under construction, less than or equal to 50 percent complete",41.70053,-88.02744
Addition,67927,"Grears Corner Solar, LLC",68211.0,Grears Corner Solar,DE,New Castle,PJM,IPP Non-CHP,GRER,4.0,4.0,4.0,Solar Photovoltaic,Solar,SUN,PV,3.0,2027.0,(L) Regulatory approvals pending. Not under construction,39.380083,-75.70611
Addition,67926,"Maryland Line Road Solar, LLC",68212.0,Maryland Line Road Solar,DE,New Castle,PJM,IPP Non-CHP,MDLN,2.5,2.5,2.5,Solar Photovoltaic,Solar,SUN,PV,3.0,2027.0,(L) Regulatory approvals pending. Not under construction,39.372,-75.763
Addition,61514,"Agilitas Energy, Inc.",68215.0,Braley Hill North Solar,MA,Plymouth,ISNE,IPP Non-CHP,BRAES,5.0,5.0,5.0,Batteries,Battery storage,MWH,BA,3.0,2027.0,(L) Regulatory approvals pending. Not under construction,41.776,-70.904
Addition,61514,"Agilitas Energy, Inc.",68215.0,Braley Hill North Solar,MA,Plymouth,ISNE,IPP Non-CHP,BRAPV,5.0,5.0,5.0,Solar Photovoltaic,Solar,SUN,PV,3.0,2027.0,(L) Regulatory approvals pending. Not under construction,41.776,-70.904
Addition,66646,"ReWild Renewables, LLC",68217.0,Featherbed Lane South Solar,MA,Plymouth,ISNE,IPP Non-CHP,FEAES,1.0,1.0,1.0,Batteries,Battery storage,MWH,BA,3.0,2027.0,(L) Regulatory approvals pending. Not under construction,41.761,-70.896
Addition,66646,"ReWild Renewables, LLC",68217.0,Featherbed Lane South Solar,MA,Plymouth,ISNE,IPP Non-CHP,FEAPV,1.0,1.0,1.0,Solar Photovoltaic,Solar,SUN,PV,3.0,2027.0,(L) Regulatory approvals pending. Not under construction,41.761,-70.896
Addition,66646,"ReWild Renewables, LLC",68218.0,Randall Lane Solar,MA,Plymouth,ISNE,IPP Non-CHP,RANES,5.0,5.0,5.0,Batteries,Battery storage,MWH,BA,3.0,2027.0,(L) Regulatory approvals pending. Not under construction,41.663,-70.844
Addition,66646,"ReWild Renewables, LLC",68218.0,Randall Lane Solar,MA,Plymouth,ISNE,IPP Non-CHP,RANPV,5.0,5.0,5.0,Solar Photovoltaic,Solar,SUN,PV,3.0,2027.0,(L) Regulatory approvals pending. Not under construction,41.663,-70.844
Addition,61514,"Agilitas Energy, Inc.",68219.0,Snipatuit Road Solar,MA,Plymouth,ISNE,IPP Non-CHP,SNIES,4.0,4.0,4.0,Batteries,Battery storage,MWH,BA,3.0,2027.0,(L) Regulatory approvals pending. Not under construction,41.768,-70.882
Addition,61514,"Agilitas Energy, Inc.",68219.0,Snipatuit Road Solar,MA,Plymouth,ISNE,IPP Non-CHP,SNIPV,4.0,4.0,4.0,Solar Photovoltaic,Solar,SUN,PV,3.0,2027.0,(L) Regulatory approvals pending. Not under construction,41.768,-70.882
Addition,66716,"ATLAS BESS IV, LLC",68321.0,Atlas BESS IV LLC,AZ,La Paz,CISO,IPP Non-CHP,ALT4,150.0,150.0,150.0,Batteries,Battery storage,MWH,BA,3.0,2027.0,"(V) Under construction, more than 50 percent complete",33.582903,-113.5769
Addition,66786,Gatsby Energy Storage LLC,68428.0,Gatsby Energy Storage Project,TX,Pecos,ERCO,IPP Non-CHP,GTSBY,103.4,103.4,103.4,Batteries,Battery storage,MWH,BA,3.0,2027.0,"(U) Under construction, less than or equal to 50 percent complete",30.664176,-101.7801
Addition,65869,Prologis Logistics Services Incorporated,68792.0,Fordyce - SLLAX680,CA,Los Angeles,CISO,IPP Non-CHP,LA680,1.3,1.3,1.3,Solar Photovoltaic,Solar,SUN,PV,3.0,2027.0,"(U) Under construction, less than or equal to 50 percent complete",33.8439,-118.2242
Addition,67105,CP Tully Five LLC,68860.0,Tully 5,NY,Onondaga,NYIS,IPP Non-CHP,PV1,2.0,2.0,2.0,Solar Photovoltaic,Solar,SUN,PV,3.0,2027.0,"(P) Planned for installation, but regulatory approvals not initiated",42.810918,-76.12014
Addition,67140,Eagle Creek Solar Park LLC,68898.0,Eagle Creek Solar Park LLC,MI,Saginaw,MISO,IPP Non-CHP,ECS1,120.0,120.0,120.0,Solar Photovoltaic,Solar,SUN,PV,3.0,2027.0,(L) Regulatory approvals pending. Not under construction,43.308523,-84.21895
Addition,67218,"ATLAS SOLAR IV, LLC",69055.0,ATLAS SOLAR IV,AZ,La Paz,CISO,IPP Non-CHP,ALTS4,300.0,300.0,300.0,Solar Photovoltaic,Solar,SUN,PV,3.0,2027.0,"(V) Under construction, more than 50 percent complete",33.582903,-113.5769
Addition,67310,"Roscoe Boulevard Operating, LLC",69242.0,AB Van Nuys,CA,Los Angeles,LDWP,IPP Non-CHP,PV1,1.6,1.6,1.6,Solar Photovoltaic,Solar,SUN,PV,3.0,2027.0,"(P) Planned for installation, but regulatory approvals not initiated",34.220959,-118.4768
Addition,67383,"Singer Solar, LLC",69299.0,Singer Solar,LA,Beauregard,MISO,IPP Non-CHP,4519,300.0,300.0,300.0,Solar Photovoltaic,Solar,SUN,PV,3.0,2027.0,"(P) Planned for installation, but regulatory approvals not initiated",30.694644,-93.33381
Addition,6455,"Duke Energy Florida, LLC",69356.0,Powerline Energy Storage,FL,Citrus,FPC,Electric Utility,PWLNB,100.0,100.0,100.0,Batteries,Battery storage,MWH,BA,3.0,2027.0,"(P) Planned for installation, but regulatory approvals not initiated",28.96684,-82.61751
Addition,49893,Invenergy Services LLC,69779.0,Hashknife Energy Center II LLC,AZ,Navajo,AZPS,IPP Non-CHP,HK2SO,200.0,200.0,200.0,Solar Photovoltaic,Solar,SUN,PV,3.0,2027.0,"(V) Under construction, more than 50 percent complete",34.574259,-110.4946
Addition,49893,Invenergy Services LLC,69779.0,Hashknife Energy Center II LLC,AZ,Navajo,AZPS,IPP Non-CHP,HK2ST,200.0,200.0,200.0,Batteries,Battery storage,MWH,BA,3.0,2027.0,"(V) Under construction, more than 50 percent complete",34.574259,-110.4946
Addition,67738,Fermi America,69799.0,Project Matador Gas Plant (PMG),TX,Carson,ERCO,IPP Non-CHP,FBG01,50.0,49.4,49.4,Natural Gas Fired Combined Cycle,Natural gas,NG,CT,3.0,2027.0,(T) Regulatory approvals received. Not under construction,35.283762,-101.569
Addition,67738,Fermi America,69799.0,Project Matador Gas Plant (PMG),TX,Carson,ERCO,IPP Non-CHP,FBG02,50.0,49.4,49.4,Natural Gas Fired Combined Cycle,Natural gas,NG,CT,3.0,2027.0,(T) Regulatory approvals received. Not under construction,35.283762,-101.569
Addition,67738,Fermi America,69799.0,Project Matador Gas Plant (PMG),TX,Carson,ERCO,IPP Non-CHP,FBG03,50.0,49.4,49.4,Natural Gas Fired Combined Cycle,Natural gas,NG,CT,3.0,2027.0,(T) Regulatory approvals received. Not under construction,35.283762,-101.569
Addition,67738,Fermi America,69799.0,Project Matador Gas Plant (PMG),TX,Carson,ERCO,IPP Non-CHP,FBG04,50.0,49.4,49.4,Natural Gas Fired Combined Cycle,Natural gas,NG,CT,3.0,2027.0,(T) Regulatory approvals received. Not under construction,35.283762,-101.569
Addition,67738,Fermi America,69799.0,Project Matador Gas Plant (PMG),TX,Carson,ERCO,IPP Non-CHP,FBG05,50.0,49.4,49.4,Natural Gas Fired Combined Cycle,Natural gas,NG,CT,3.0,2027.0,(T) Regulatory approvals received. Not under construction,35.283762,-101.569
Addition,67738,Fermi America,69799.0,Project Matador Gas Plant (PMG),TX,Carson,ERCO,IPP Non-CHP,FBG06,50.0,49.4,49.4,Natural Gas Fired Combined Cycle,Natural gas,NG,CT,3.0,2027.0,(T) Regulatory approvals received. Not under construction,35.283762,-101.569
Addition,67738,Fermi America,69799.0,Project Matador Gas Plant (PMG),TX,Carson,ERCO,IPP Non-CHP,G6B01,40.0,38.7,38.7,Natural Gas Fired Combustion Turbine,Natural gas,NG,GT,3.0,2027.0,(T) Regulatory approvals received. Not under construction,35.283762,-101.569
Addition,67738,Fermi America,69799.0,Project Matador Gas Plant (PMG),TX,Carson,ERCO,IPP Non-CHP,G6B02,40.0,38.7,38.7,Natural Gas Fired Combustion Turbine,Natural gas,NG,GT,3.0,2027.0,(T) Regulatory approvals received. Not under construction,35.283762,-101.569
Addition,67738,Fermi America,69799.0,Project Matador Gas Plant (PMG),TX,Carson,ERCO,IPP Non-CHP,G6B03,40.0,38.7,38.7,Natural Gas Fired Combustion Turbine,Natural gas,NG,GT,3.0,2027.0,(T) Regulatory approvals received. Not under construction,35.283762,-101.569
Addition,67738,Fermi America,69799.0,Project Matador Gas Plant (PMG),TX,Carson,ERCO,IPP Non-CHP,TM001,18.9,18.0,18.0,Natural Gas Fired Combustion Turbine,Natural gas,NG,GT,3.0,2027.0,"(P) Planned for installation, but regulatory approvals not initiated",35.283762,-101.569
Addition,67738,Fermi America,69799.0,Project Matador Gas Plant (PMG),TX,Carson,ERCO,IPP Non-CHP,TM002,18.9,18.0,18.0,Natural Gas Fired Combustion Turbine,Natural gas,NG,GT,3.0,2027.0,"(P) Planned for installation, but regulatory approvals not initiated",35.283762,-101.569
Addition,67738,Fermi America,69799.0,Project Matador Gas Plant (PMG),TX,Carson,ERCO,IPP Non-CHP,TM003,18.9,18.0,18.0,Natural Gas Fired Combustion Turbine,Natural gas,NG,GT,3.0,2027.0,"(P) Planned for installation, but regulatory approvals not initiated",35.283762,-101.569
Addition,67738,Fermi America,69799.0,Project Matador Gas Plant (PMG),TX,Carson,ERCO,IPP Non-CHP,TM004,18.9,18.0,18.0,Natural Gas Fired Combustion Turbine,Natural gas,NG,GT,3.0,2027.0,"(P) Planned for installation, but regulatory approvals not initiated",35.283762,-101.569
Addition,67738,Fermi America,69799.0,Project Matador Gas Plant (PMG),TX,Carson,ERCO,IPP Non-CHP,TM005,18.9,18.0,18.0,Natural Gas Fired Combustion Turbine,Natural gas,NG,GT,3.0,2027.0,"(P) Planned for installation, but regulatory approvals not initiated",35.283762,-101.569
Addition,67738,Fermi America,69799.0,Project Matador Gas Plant (PMG),TX,Carson,ERCO,IPP Non-CHP,TM006,18.9,18.0,18.0,Natural Gas Fired Combustion Turbine,Natural gas,NG,GT,3.0,2027.0,"(P) Planned for installation, but regulatory approvals not initiated",35.283762,-101.569
Addition,67738,Fermi America,69799.0,Project Matador Gas Plant (PMG),TX,Carson,ERCO,IPP Non-CHP,TM007,18.9,18.0,18.0,Natural Gas Fired Combustion Turbine,Natural gas,NG,GT,3.0,2027.0,"(P) Planned for installation, but regulatory approvals not initiated",35.283762,-101.569
Addition,67734,ENGIE Distributed Renewables Development LLC,69805.0,Rockford Plant 7,IL,Winnebago,PJM,IPP Non-CHP,RFRD7,1.5,1.5,1.5,Solar Photovoltaic,Solar,SUN,PV,3.0,2027.0,"(U) Under construction, less than or equal to 50 percent complete",42.232527,-89.02408
Addition,62836,Navisun LLC,69859.0,Murphysboro 1,IL,Jackson,PJM,IPP Non-CHP,MURP1,5.0,5.0,5.0,Solar Photovoltaic,Solar,SUN,PV,3.0,2027.0,(T) Regulatory approvals received. Not under construction,37.794585,-89.35141
Addition,62836,Navisun LLC,69860.0,Murphysboro 2,IL,Jackson,PJM,IPP Non-CHP,MURP2,1.3,1.3,1.3,Solar Photovoltaic,Solar,SUN,PV,3.0,2027.0,(T) Regulatory approvals received. Not under construction,37.794585,-89.35141
Addition,62836,Navisun LLC,69861.0,Norris City 2,IL,White,PJM,IPP Non-CHP,NORR2,3.2,3.2,3.2,Solar Photovoltaic,Solar,SUN,PV,3.0,2027.0,(T) Regulatory approvals received. Not under construction,38.020585,-88.27321
Addition,62759,Geronimo Power,69887.0,"Portage Solar, LLC",WI,Portage,MISO,IPP Non-CHP,PRTGS,250.0,250.0,250.0,Solar Photovoltaic,Solar,SUN,PV,3.0,2027.0,(T) Regulatory approvals received. Not under construction,44.456358,-89.54401
Addition,65677,Dimension Energy LLC,69998.0,Franklin White Church Road Solar LLC,PA,Snyder,PJM,IPP Non-CHP,WHTCH,3.0,3.0,3.0,Solar Photovoltaic,Solar,SUN,PV,3.0,2027.0,"(U) Under construction, less than or equal to 50 percent complete",40.780457,-77.08402
Addition,65677,Dimension Energy LLC,69999.0,Greenwood Bottom Road Solar LLC,PA,Columbia,PJM,IPP Non-CHP,GREEB,3.0,3.0,3.0,Solar Photovoltaic,Solar,SUN,PV,3.0,2027.0,"(U) Under construction, less than or equal to 50 percent complete",41.117527,-76.48308
Addition,65677,Dimension Energy LLC,70000.0,Greenwood Route 254 Solar LLC,PA,Columbia,PJM,IPP Non-CHP,GREER,3.0,3.0,3.0,Solar Photovoltaic,Solar,SUN,PV,3.0,2027.0,"(U) Under construction, less than or equal to 50 percent complete",41.130477,-76.51152
Addition,65677,Dimension Energy LLC,70003.0,Madison Taylor Road Solar LLC,PA,Columbia,PJM,IPP Non-CHP,TAYLR,3.0,3.0,3.0,Solar Photovoltaic,Solar,SUN,PV,3.0,2027.0,"(U) Under construction, less than or equal to 50 percent complete",41.112516,-76.538
Addition,65677,Dimension Energy LLC,70029.0,East Windsor Solar 1 LLC,NJ,Mercer,PJM,IPP Non-CHP,EWIN1,1.4,1.4,1.4,Solar Photovoltaic,Solar,SUN,PV,3.0,2027.0,(T) Regulatory approvals received. Not under construction,40.274397,-74.50169
Addition,67835,White Tank Energy Storage LLC,70033.0,White Tank Energy Storage,AZ,Maricopa,AZPS,IPP Non-CHP,WT001,100.0,100.0,100.0,Batteries,Battery storage,MWH,BA,3.0,2027.0,"(U) Under construction, less than or equal to 50 percent complete",33.498,-112.3176
Addition,67857,CVE US PA Bigler 437 LLC,70077.0,Bigler - PA 0437 (Flango 3),PA,Clearfield,PJM,IPP Non-CHP,437,3.0,3.0,3.0,Solar Photovoltaic,Solar,SUN,PV,3.0,2027.0,"(U) Under construction, less than or equal to 50 percent complete",40.80344,-78.42275
Addition,67858,CVE US PA Bigler 438 LLC,70078.0,Bigler - PA 0438 (Flango 4),PA,Clearfield,PJM,IPP Non-CHP,438,2.0,2.0,2.0,Solar Photovoltaic,Solar,SUN,PV,3.0,2027.0,"(U) Under construction, less than or equal to 50 percent complete",40.80344,-78.42275
Addition,67725,"TerraForm Power Operating, LLC",70203.0,Bealeton Solar,VA,Fauquier,PJM,IPP Non-CHP,GEN1,14.2,14.0,14.0,Solar Photovoltaic,Solar,SUN,PV,3.0,2027.0,(L) Regulatory approvals pending. Not under construction,38.555832,-77.77828
Addition,14519,Pasco County - (FL),50666.0,Pasco Cnty Solid Waste Resource Recovery,FL,Pasco,FPC,IPP Non-CHP,GEN2,17.0,15.0,15.0,Municipal Solid Waste,Other renewables,MSW,ST,4.0,2027.0,"(U) Under construction, less than or equal to 50 percent complete",28.3681,-82.5583
Addition,64904,AES Clean Energy,64349.0,Armadillo Solar Center,TX,Navarro,ERCO,IPP Non-CHP,6666,175.0,175.0,175.0,Solar Photovoltaic,Solar,SUN,PV,4.0,2027.0,"(U) Under construction, less than or equal to 50 percent complete",32.00014,-96.2027
Addition,65079,Solar Proponent LLC,65853.0,Banita Creek- Spindlepop Solar,TX,Nacogdoches,ERCO,IPP Non-CHP,MIDPV,609.1,609.1,609.1,Solar Photovoltaic,Solar,SUN,PV,4.0,2027.0,(L) Regulatory approvals pending. Not under construction,31.5552,-94.7919
Addition,65092,"Springwater Solar, LLC",65900.0,"Springwater Solar, LLC",OH,Madison,PJM,IPP Non-CHP,SPRIN,155.0,155.0,155.0,Solar Photovoltaic,Solar,SUN,PV,4.0,2027.0,(L) Regulatory approvals pending. Not under construction,39.82972,-83.2498
Addition,59365,Capital Power Corporation,67195.0,Maple Leaf Solar,NC,Johnston,DUK,IPP Non-CHP,GEN,73.0,73.0,73.0,Solar Photovoltaic,Solar,SUN,PV,4.0,2027.0,(T) Regulatory approvals received. Not under construction,35.595,-78.317
Addition,17612,Bear Valley Electric Service,67257.0,Bear Valley Battery Plant,CA,San Bernardino,CISO,Electric Utility,BVEB1,5.0,5.0,5.0,Batteries,Battery storage,MWH,BA,4.0,2027.0,"(P) Planned for installation, but regulatory approvals not initiated",34.25,-116.86
Addition,17166,Sierra Pacific Power Co,67978.0,Sierra Solar Hybrid,NV,Churchill,NEVP,Electric Utility,SSPV1,400.0,400.0,400.0,Solar Photovoltaic,Solar,SUN,PV,4.0,2027.0,"(V) Under construction, more than 50 percent complete",39.8536,-119.0394
Addition,65869,Prologis Logistics Services Incorporated,68119.0,Aurora 7-SLCHI307,IL,Kane,PJM,IPP Non-CHP,CH307,1.9,1.9,1.9,Solar Photovoltaic,Solar,SUN,PV,4.0,2027.0,"(U) Under construction, less than or equal to 50 percent complete",41.79698,-88.26809
Addition,65869,Prologis Logistics Services Incorporated,68121.0,Bensenville 14-SLCHI414,IL,DuPage,PJM,IPP Non-CHP,CH414,1.3,1.3,1.3,Solar Photovoltaic,Solar,SUN,PV,4.0,2027.0,"(V) Under construction, more than 50 percent complete",41.982829,-87.94589
Addition,65869,Prologis Logistics Services Incorporated,68129.0,Cicero 3-SLCHI603,IL,Cook,PJM,IPP Non-CHP,CH603,1.9,1.9,1.9,Solar Photovoltaic,Solar,SUN,PV,4.0,2027.0,"(U) Under construction, less than or equal to 50 percent complete",41.86464,-87.75757
Addition,66607,"Belltown Power Texas 2, LLC",68168.0,Kahla Storage,TX,Leon,ERCO,IPP Non-CHP,KAHBA,200.9,200.9,200.9,Batteries,Battery storage,MWH,BA,4.0,2027.0,(L) Regulatory approvals pending. Not under construction,31.325705,-96.26071
Addition,66622,"Firelands Wind, LLC",68186.0,Firelands Wind,OH,Huron,PJM,IPP Non-CHP,FIRE,297.0,297.0,297.0,Onshore Wind Turbine,Wind,WND,WT,4.0,2027.0,"(U) Under construction, less than or equal to 50 percent complete",41.210325,-82.77908
Addition,66715,"Yuma bn, LLC",68328.0,Pioneer Clean Energy Center,AZ,Yuma,AZPS,IPP Non-CHP,ORCH1,300.0,300.0,300.0,Solar Photovoltaic,Solar,SUN,PV,4.0,2027.0,"(U) Under construction, less than or equal to 50 percent complete",32.549081,-114.5974
Addition,66715,"Yuma bn, LLC",68328.0,Pioneer Clean Energy Center,AZ,Yuma,AZPS,IPP Non-CHP,ORCH2,300.0,300.0,300.0,Batteries,Battery storage,MWH,BA,4.0,2027.0,"(U) Under construction, less than or equal to 50 percent complete",32.549081,-114.5974
Addition,66831,Key Energy Storage LLC,68461.0,Key Energy Storage,CA,Fresno,CISO,IPP Non-CHP,KEYBB,190.0,190.0,190.0,Batteries,Battery storage,MWH,BA,4.0,2027.0,(T) Regulatory approvals received. Not under construction,36.13681,-120.1312
Addition,66831,Key Energy Storage LLC,68461.0,Key Energy Storage,CA,Fresno,CISO,IPP Non-CHP,KEYBC,35.0,35.0,35.0,Batteries,Battery storage,MWH,BA,4.0,2027.0,(T) Regulatory approvals received. Not under construction,36.13681,-120.1312
Addition,66942,"SR Tullahoma, LLC",68568.0,SR Tullahoma,TN,Moore,TVA,IPP Non-CHP,TULLA,200.0,200.0,200.0,Solar Photovoltaic,Solar,SUN,PV,4.0,2027.0,"(V) Under construction, more than 50 percent complete",35.360002,-86.27532
Addition,66976,Pelicans Jaw Solar LLC,68607.0,Pelicans Jaw Hybrid Solar,CA,Kern,CISO,IPP Non-CHP,PJBS1,238.5,238.5,238.5,Batteries,Battery storage,MWH,BA,4.0,2027.0,"(TS) Construction complete, but not yet in commercial operation",35.765183,-119.7436
Addition,66976,Pelicans Jaw Solar LLC,68607.0,Pelicans Jaw Hybrid Solar,CA,Kern,CISO,IPP Non-CHP,PLJW1,440.0,440.0,440.0,Solar Photovoltaic,Solar,SUN,PV,4.0,2027.0,"(V) Under construction, more than 50 percent complete",35.765183,-119.7436
Addition,6452,Florida Power & Light Co,68824.0,Middle Lake,FL,Madison,FPL,Electric Utility,1,74.5,74.5,74.5,Solar Photovoltaic,Solar,SUN,PV,4.0,2027.0,"(U) Under construction, less than or equal to 50 percent complete",30.380511,-83.34074
Addition,6452,Florida Power & Light Co,68829.0,Ambersweet,FL,Indian River,FPL,Electric Utility,1,74.5,74.5,74.5,Solar Photovoltaic,Solar,SUN,PV,4.0,2027.0,"(U) Under construction, less than or equal to 50 percent complete",27.567468,-80.62782
Addition,6452,Florida Power & Light Co,68832.0,County Line,FL,DeSoto,FPL,Electric Utility,1,74.5,74.5,74.5,Solar Photovoltaic,Solar,SUN,PV,4.0,2027.0,"(U) Under construction, less than or equal to 50 percent complete",27.110556,-81.80083
Addition,67165,"Beavertail Solar, LLC",68917.0,Beavertail Solar,MO,Henry,SPA,IPP Non-CHP,BS,400.0,400.0,400.0,Solar Photovoltaic,Solar,SUN,PV,4.0,2027.0,"(U) Under construction, less than or equal to 50 percent complete",38.311814,-93.93546
Addition,67168,Panoche BESS LLC,68924.0,Iron BESS,CA,Fresno,CISO,IPP Non-CHP,IROB,59.5,57.0,57.0,Batteries,Battery storage,MWH,BA,4.0,2027.0,"(U) Under construction, less than or equal to 50 percent complete",36.652653,-120.5783
Addition,65539,Pivot Energy,69034.0,Pivot Energy Minnesota Solar 2,MN,Kandiyohi,MISO,IPP Non-CHP,PMI2,1.0,1.0,1.0,Solar Photovoltaic,Solar,SUN,PV,4.0,2027.0,"(V) Under construction, more than 50 percent complete",44.935059,-95.19906
Addition,66571,Clenera DevCo LLC,69059.0,Crimson Orchard Solar and BESS,ID,Elmore,IPCO,IPP Non-CHP,COBA,100.0,100.0,100.0,Batteries,Battery storage,MWH,BA,4.0,2027.0,(L) Regulatory approvals pending. Not under construction,43.181239,-115.7465
Addition,66571,Clenera DevCo LLC,69059.0,Crimson Orchard Solar and BESS,ID,Elmore,IPCO,IPP Non-CHP,COPV,100.0,100.0,100.0,Solar Photovoltaic,Solar,SUN,PV,4.0,2027.0,(L) Regulatory approvals pending. Not under construction,43.181239,-115.7465
Addition,67287,"SV CSG Reeder Solar, LLC",69158.0,SV CSG Reeder Solar,IL,Knox,MISO,IPP Non-CHP,REEDR,5.0,5.0,5.0,Solar Photovoltaic,Solar,SUN,PV,4.0,2027.0,"(U) Under construction, less than or equal to 50 percent complete",40.92886,-90.49347
Addition,15399,Avangrid Power LLC,69294.0,Oregon Trail Solar,OR,Gilliam,BPAT,IPP Non-CHP,OTS,41.0,41.0,41.0,Solar Photovoltaic,Solar,SUN,PV,4.0,2027.0,"(U) Under construction, less than or equal to 50 percent complete",45.553436,-120.1861
Addition,67428,NAPS - Hastings LLC,69385.0,Hastings Generating Facility,MI,Barry,MISO,IPP Non-CHP,GEN1,1.6,1.6,1.6,Landfill Gas,Other renewables,LFG,IC,4.0,2027.0,(T) Regulatory approvals received. Not under construction,42.67856,-85.29629
Addition,12698,Evergy Missouri West,69481.0,Foxtrot Solar Energy LLC,MO,Jasper,SWPP,Electric Utility,FXTRT,107.0,107.0,107.0,Solar Photovoltaic,Solar,SUN,PV,4.0,2027.0,"(U) Under construction, less than or equal to 50 percent complete",37.352,-94.606
Addition,67499,San Gabriel Project LLC,69509.0,Gabriel,CA,Los Angeles,CISO,IPP Non-CHP,1,400.0,400.0,400.0,Batteries,Battery storage,MWH,BA,4.0,2027.0,(T) Regulatory approvals received. Not under construction,34.11,-117.97
Addition,67747,"SV CSG Wilson School Solar, LLC",69816.0,SV CSG Wilson School Solar,IL,Kane,PJM,IPP Non-CHP,WILSN,5.0,5.0,5.0,Solar Photovoltaic,Solar,SUN,PV,4.0,2027.0,(T) Regulatory approvals received. Not under construction,42.053991,-88.35269
Addition,67749,"SV CSG North Creek 1, LLC",69818.0,SV CSG North Creek 1,IL,Livingston,PJM,IPP Non-CHP,NCREK,2.1,2.1,2.1,Solar Photovoltaic,Solar,SUN,PV,4.0,2027.0,(T) Regulatory approvals received. Not under construction,40.916213,-88.60821
Addition,67756,"Madden Creek Solar, LLC",69825.0,Madden Creek Solar,IL,Piatt,MISO,IPP Non-CHP,MADCR,5.0,5.0,5.0,Solar Photovoltaic,Solar,SUN,PV,4.0,2027.0,(T) Regulatory approvals received. Not under construction,40.201889,-88.46611
Addition,67754,"Coast Energy Holdings, LLC",69895.0,Gateway#1&2 (Newark CA),CA,Alameda,CISO,IPP Non-CHP,Gy1a2,1.1,1.1,1.1,Solar Photovoltaic,Solar,SUN,PV,4.0,2027.0,"(P) Planned for installation, but regulatory approvals not initiated",37.540903,-122.0617
Addition,67802,"Watertown Solar, LLC",69945.0,Watertown Solar,MI,Sanilac,MISO,IPP Non-CHP,WTRTN,154.0,154.0,154.0,Solar Photovoltaic,Solar,SUN,PV,4.0,2027.0,"(U) Under construction, less than or equal to 50 percent complete",43.399794,-82.81425
Addition,65815,Sunraycer Assets I LLC,70021.0,Staccato BESS,TX,Fayette,ERCO,IPP Non-CHP,STACB,200.5,200.5,200.5,Batteries,Battery storage,MWH,BA,4.0,2027.0,"(U) Under construction, less than or equal to 50 percent complete",30.053062,-96.92122
Addition,67833,"North Star Energy Storage, LLC",70035.0,"North Star Energy Storage, LLC",MN,Chisago,MISO,IPP Non-CHP,NSES,80.0,80.0,80.0,Batteries,Battery storage,MWH,BA,4.0,2027.0,"(U) Under construction, less than or equal to 50 percent complete",45.480911,-92.90814
Addition,64904,AES Clean Energy,70109.0,Jasmine,CA,Kern,CISO,IPP Non-CHP,JASBE,64.4,64.4,64.4,Batteries,Battery storage,MWH,BA,4.0,2027.0,"(V) Under construction, more than 50 percent complete",35.1006,-119.1187
Addition,5416,"Duke Energy Carolinas, LLC",70222.0,Lonesome Camp Solar Plant,FL,Osceola,FPC,Electric Utility,LCSP1,74.9,74.9,74.9,Solar Photovoltaic,Solar,SUN,PV,4.0,2027.0,"(V) Under construction, more than 50 percent complete",28.079121,-81.24029
Addition,17718,Southwestern Public Service Co,70259.0,Cunningham Solar II,NM,Lea,SWPP,Electric Utility,CHCS2,196.0,196.0,196.0,Solar Photovoltaic,Solar,SUN,PV,4.0,2027.0,(T) Regulatory approvals received. Not under construction,32.786412,-103.3507
Addition,10171,Kentucky Utilities Co,1355.0,E W Brown,KY,Mercer,LGEE,Electric Utility,BESS,125.0,125.0,125.0,Batteries,Battery storage,MWH,BA,5.0,2027.0,"(U) Under construction, less than or equal to 50 percent complete",37.78831,-84.71257
Addition,6738,Franklin Heating Station,54224.0,Franklin Heating Station,MN,Olmsted,MISO,Commercial CHP,CTG1,7.5,7.3,7.3,Natural Gas Fired Combined Cycle,Natural gas,NG,CT,5.0,2027.0,"(U) Under construction, less than or equal to 50 percent complete",44.020576,-92.4656
Addition,6738,Franklin Heating Station,54224.0,Franklin Heating Station,MN,Olmsted,MISO,Commercial CHP,EG11,3.4,3.4,3.4,Petroleum Liquids,Other thermal,DFO,IC,5.0,2027.0,"(U) Under construction, less than or equal to 50 percent complete",44.020576,-92.4656
Addition,6738,Franklin Heating Station,54224.0,Franklin Heating Station,MN,Olmsted,MISO,Commercial CHP,EG12,3.4,3.4,3.4,Petroleum Liquids,Other thermal,DFO,IC,5.0,2027.0,"(U) Under construction, less than or equal to 50 percent complete",44.020576,-92.4656
Addition,6738,Franklin Heating Station,54224.0,Franklin Heating Station,MN,Olmsted,MISO,Commercial CHP,EG13,3.4,3.4,3.4,Petroleum Liquids,Other thermal,DFO,IC,5.0,2027.0,"(U) Under construction, less than or equal to 50 percent complete",44.020576,-92.4656
Addition,6738,Franklin Heating Station,54224.0,Franklin Heating Station,MN,Olmsted,MISO,Commercial CHP,EG14,3.4,3.4,3.4,Petroleum Liquids,Other thermal,DFO,IC,5.0,2027.0,"(U) Under construction, less than or equal to 50 percent complete",44.020576,-92.4656
Addition,6738,Franklin Heating Station,54224.0,Franklin Heating Station,MN,Olmsted,MISO,Commercial CHP,EG15,3.4,3.4,3.4,Petroleum Liquids,Other thermal,DFO,IC,5.0,2027.0,"(U) Under construction, less than or equal to 50 percent complete",44.020576,-92.4656
Addition,13491,New York University,54808.0,New York University Central Plant,NY,New York,NYIS,Commercial Non-CHP,STG1,2.9,1.8,2.4,Natural Gas Fired Combined Cycle,Natural gas,NG,CA,5.0,2027.0,"(P) Planned for installation, but regulatory approvals not initiated",40.7899,-73.9233
Addition,63260,Cobb Electric Membership Corporation,63535.0,Solar BESS Hybrid,GA,Cobb,SOCO,IPP Non-CHP,GEN02,2.0,2.0,2.0,Natural Gas Fired Combustion Turbine,Natural gas,NG,GT,5.0,2027.0,"(U) Under construction, less than or equal to 50 percent complete",33.979348,-84.55613
Addition,63260,Cobb Electric Membership Corporation,63535.0,Solar BESS Hybrid,GA,Cobb,SOCO,IPP Non-CHP,GEN03,2.0,2.0,2.0,Natural Gas Fired Combustion Turbine,Natural gas,NG,GT,5.0,2027.0,"(U) Under construction, less than or equal to 50 percent complete",33.979348,-84.55613
Addition,63260,Cobb Electric Membership Corporation,63535.0,Solar BESS Hybrid,GA,Cobb,SOCO,IPP Non-CHP,GEN04,2.0,2.0,2.0,Natural Gas Fired Combustion Turbine,Natural gas,NG,GT,5.0,2027.0,"(U) Under construction, less than or equal to 50 percent complete",33.979348,-84.55613
Addition,66347,"Placid Solar II, LLC",64345.0,Highland Solar North,FL,Highlands,FPC,IPP Non-CHP,1112,74.9,74.9,74.9,Solar Photovoltaic,Solar,SUN,PV,5.0,2027.0,(L) Regulatory approvals pending. Not under construction,27.2821,-81.4256
Addition,65265,Repsol Renewables NA,64981.0,Pecan Prairie South Solar,TX,Leon,ERCO,IPP Non-CHP,CPSS1,132.9,132.9,132.9,Solar Photovoltaic,Solar,SUN,PV,5.0,2027.0,"(U) Under construction, less than or equal to 50 percent complete",31.05001,-96.221
Addition,65265,Repsol Renewables NA,64999.0,Pecan Prairie North Solar,TX,Leon,ERCO,IPP Non-CHP,CPNS1,324.1,324.1,324.1,Solar Photovoltaic,Solar,SUN,PV,5.0,2027.0,"(U) Under construction, less than or equal to 50 percent complete",31.13718,-96.26925
Addition,65079,Solar Proponent LLC,65854.0,Rowdy Creek Solar and BESS,TX,Lamar,ERCO,IPP Non-CHP,RDYPV,700.0,700.0,700.0,Solar Photovoltaic,Solar,SUN,PV,5.0,2027.0,(L) Regulatory approvals pending. Not under construction,33.75694,-95.6458
Addition,65777,Urban Grid Solar,66852.0,Hillsboro Solar 3,AL,Lawrence,TVA,IPP Non-CHP,HILL3,200.0,200.0,200.0,Solar Photovoltaic,Solar,SUN,PV,5.0,2027.0,(L) Regulatory approvals pending. Not under construction,34.669883,-87.2332
Addition,65814,Innovative Solar 245 LLC,66891.0,Indigo Solar & Storage,TX,Fisher,ERCO,IPP Non-CHP,245BS,180.0,180.0,180.0,Batteries,Battery storage,MWH,BA,5.0,2027.0,"(P) Planned for installation, but regulatory approvals not initiated",32.628061,-100.236
Addition,65814,Innovative Solar 245 LLC,66891.0,Indigo Solar & Storage,TX,Fisher,ERCO,IPP Non-CHP,IS245,150.0,150.0,150.0,Solar Photovoltaic,Solar,SUN,PV,5.0,2027.0,"(P) Planned for installation, but regulatory approvals not initiated",32.628061,-100.236
Addition,66509,Red River Clean Energy,68078.0,Chisme Solar and Storage,TX,Brown,ERCO,IPP Non-CHP,CHIBS,146.0,146.0,146.0,Batteries,Battery storage,MWH,BA,5.0,2027.0,"(U) Under construction, less than or equal to 50 percent complete",31.568929,-98.82195
Addition,66509,Red River Clean Energy,68078.0,Chisme Solar and Storage,TX,Brown,ERCO,IPP Non-CHP,CHIPV,147.0,147.0,147.0,Solar Photovoltaic,Solar,SUN,PV,5.0,2027.0,"(U) Under construction, less than or equal to 50 percent complete",31.568929,-98.82195
Addition,66607,"Belltown Power Texas 2, LLC",68173.0,Sandford Solar and Storage,TX,Wise,ERCO,IPP Non-CHP,SANBT,100.9,100.9,100.9,Batteries,Battery storage,MWH,BA,5.0,2027.0,(L) Regulatory approvals pending. Not under construction,33.30726,-97.52777
Addition,66607,"Belltown Power Texas 2, LLC",68173.0,Sandford Solar and Storage,TX,Wise,ERCO,IPP Non-CHP,SANPV,126.2,126.2,126.2,Solar Photovoltaic,Solar,SUN,PV,5.0,2027.0,(L) Regulatory approvals pending. Not under construction,33.30726,-97.52777
Addition,66646,"ReWild Renewables, LLC",68216.0,Cushman Road Solar,MA,Plymouth,ISNE,IPP Non-CHP,CUSES,3.0,3.0,3.0,Batteries,Battery storage,MWH,BA,5.0,2027.0,(L) Regulatory approvals pending. Not under construction,41.732,-70.875
Addition,66646,"ReWild Renewables, LLC",68216.0,Cushman Road Solar,MA,Plymouth,ISNE,IPP Non-CHP,CUSPV,3.0,3.0,3.0,Solar Photovoltaic,Solar,SUN,PV,5.0,2027.0,(L) Regulatory approvals pending. Not under construction,41.732,-70.875
Addition,65869,Prologis Logistics Services Incorporated,68235.0,Romeoville 34 - SLCHI234 - BSCHI234,IL,Will,PJM,IPP Non-CHP,C34BB,0.5,0.5,0.5,Batteries,Battery storage,MWH,BA,5.0,2027.0,"(U) Under construction, less than or equal to 50 percent complete",41.597,-88.11
Addition,67048,"Greenlia Solar Power Misae III, LLC",68769.0,Greenalia Solar Power Misae III,TX,Childress,ERCO,IPP Non-CHP,M3GSP,169.6,169.6,169.6,Solar Photovoltaic,Solar,SUN,PV,5.0,2027.0,(T) Regulatory approvals received. Not under construction,34.203488,-100.0404
Addition,61060,Cypress Creek Renewables,68812.0,Stevens Mill Solar,NC,Wayne,CPLE,IPP Non-CHP,STVML,80.0,80.0,80.0,Solar Photovoltaic,Solar,SUN,PV,5.0,2027.0,(L) Regulatory approvals pending. Not under construction,35.35546,-78.1192
Addition,67102,"Bloomfield Solar, LLC",68863.0,Bloomfield Solar,NY,Saratoga,NYIS,IPP Non-CHP,PV1,5.0,5.0,5.0,Solar Photovoltaic,Solar,SUN,PV,5.0,2027.0,"(P) Planned for installation, but regulatory approvals not initiated",42.989691,-73.88121
Addition,67462,"FGE Goodnight II, LLC",69403.0,Goodnight Wind II,TX,Armstrong,ERCO,IPP Non-CHP,GOOD2,265.5,265.5,265.5,Onshore Wind Turbine,Wind,WND,WT,5.0,2027.0,"(U) Under construction, less than or equal to 50 percent complete",34.937162,-101.4339
Addition,67514,Middle River Power,69539.0,Tracy BESS,CA,San Joaquin,CISO,IPP Non-CHP,TRAB,40.0,40.0,40.0,Batteries,Battery storage,MWH,BA,5.0,2027.0,"(U) Under construction, less than or equal to 50 percent complete",37.711459,-121.4895
Addition,67539,"Hollis Creek PV I, LLC",69590.0,Hollis Creek Solar,LA,Sabine,MISO,IPP Non-CHP,HC1,220.0,200.0,200.0,Solar Photovoltaic,Solar,SUN,PV,5.0,2027.0,"(U) Under construction, less than or equal to 50 percent complete",31.661627,-93.47361
Addition,12698,Evergy Missouri West,69631.0,Sunflower Sky Energy Center,KS,Wilson,SWPP,Electric Utility,SFS01,65.0,65.0,65.0,Solar Photovoltaic,Solar,SUN,PV,5.0,2027.0,"(U) Under construction, less than or equal to 50 percent complete",37.502223,-95.64868
Addition,67602,Permian Power I LLC,69689.0,Vast Sands Power,TX,Ward,ERCO,IPP Non-CHP,CT11,440.0,440.0,440.0,Natural Gas Fired Combustion Turbine,Natural gas,NG,GT,5.0,2027.0,"(U) Under construction, less than or equal to 50 percent complete",31.584096,-102.958
Addition,67602,Permian Power I LLC,69689.0,Vast Sands Power,TX,Ward,ERCO,IPP Non-CHP,CT12,440.0,440.0,440.0,Natural Gas Fired Combustion Turbine,Natural gas,NG,GT,5.0,2027.0,"(U) Under construction, less than or equal to 50 percent complete",31.584096,-102.958
Addition,67734,ENGIE Distributed Renewables Development LLC,69819.0,Trenton Solar - (OH),OH,Butler,PJM,IPP Non-CHP,TRNTN,9.5,9.5,9.5,Solar Photovoltaic,Solar,SUN,PV,5.0,2027.0,"(U) Under construction, less than or equal to 50 percent complete",39.455321,-84.46788
Addition,62759,Geronimo Power,69874.0,"Bee Hollow Solar, LLC",IL,St Clair,MISO,IPP Non-CHP,BHSF,150.0,150.0,150.0,Solar Photovoltaic,Solar,SUN,PV,5.0,2027.0,"(U) Under construction, less than or equal to 50 percent complete",38.323,-89.75
Addition,67780,Weirs Creek Solar LLC,69929.0,Weirs Creek,KY,Hopkins,MISO,IPP Non-CHP,WC001,150.0,150.0,150.0,Solar Photovoltaic,Solar,SUN,PV,5.0,2027.0,"(U) Under construction, less than or equal to 50 percent complete",37.423648,-87.69048
Addition,67809,"Foxtail Flats Solar, LLC",69967.0,"Foxtail Flats Solar, LLC",NM,San Juan,PNM,IPP Non-CHP,FTB,80.0,80.0,80.0,Batteries,Battery storage,MWH,BA,5.0,2027.0,"(U) Under construction, less than or equal to 50 percent complete",36.8685,-108.277
Addition,65677,Dimension Energy LLC,70005.0,Penn Shoofly Solar LLC,PA,Columbia,PJM,IPP Non-CHP,SHOOF,3.0,3.0,3.0,Solar Photovoltaic,Solar,SUN,PV,5.0,2027.0,(T) Regulatory approvals received. Not under construction,41.115059,-76.4738
Addition,67855,CVE US PA Bigler 409 LLC,70075.0,Bigler - PA 0409 (Flango 1),PA,Clearfield,PJM,IPP Non-CHP,409,3.0,3.0,3.0,Solar Photovoltaic,Solar,SUN,PV,5.0,2027.0,"(U) Under construction, less than or equal to 50 percent complete",40.803436,-78.42275
Addition,13781,Northern States Power Co - Minnesota,70098.0,Blue Lake BESS,MN,Scott,MISO,Electric Utility,BEB,135.5,135.5,135.5,Batteries,Battery storage,MWH,BA,5.0,2027.0,"(U) Under construction, less than or equal to 50 percent complete",44.786793,-93.4269
Addition,2634,City of Bushnell - (IL),935.0,Bushnell,IL,McDonough,MISO,Electric Utility,8,2.5,2.5,2.5,Petroleum Liquids,Other thermal,DFO,IC,6.0,2027.0,"(U) Under construction, less than or equal to 50 percent complete",40.548586,-90.51381
Addition,11249,Louisville Gas & Electric Co,1364.0,Mill Creek (KY),KY,Jefferson,LGEE,Electric Utility,5,740.0,645.0,660.0,Natural Gas Fired Combined Cycle,Natural gas,NG,CS,6.0,2027.0,"(V) Under construction, more than 50 percent complete",38.0525,-85.9103
Addition,58597,"Enviromission, Inc",58652.0,La Paz Solar Tower,AZ,La Paz,WALC,IPP Non-CHP,1,200.0,200.0,200.0,Solar Thermal without Energy Storage,Solar,SUN,OT,6.0,2027.0,"(P) Planned for installation, but regulatory approvals not initiated",33.917222,-114.2675
Addition,59319,"Cotton Solar, LLC",59572.0,Cotton Solar,SC,Dillon,CPLE,IPP Non-CHP,PV1,16.0,16.0,16.0,Solar Photovoltaic,Solar,SUN,PV,6.0,2027.0,(T) Regulatory approvals received. Not under construction,34.455,-79.41028
Addition,64994,SolRiver Capital LLC,59596.0,Rhubarb One SC,SC,Marion,CPLE,IPP Non-CHP,PV1,9.6,9.6,9.6,Solar Photovoltaic,Solar,SUN,PV,6.0,2027.0,(L) Regulatory approvals pending. Not under construction,34.151111,-79.41
Addition,62698,SunEast Skyline Solar LLC,62816.0,SunEast Skyline Solar Project,NY,Oneida,NYIS,IPP Non-CHP,Q670,20.0,20.0,20.0,Solar Photovoltaic,Solar,SUN,PV,6.0,2027.0,"(P) Planned for installation, but regulatory approvals not initiated",43.063069,-75.45195
Addition,60281,"Altus Power America Management, LLC",62823.0,SunEast Dog Corners Solar Project,NY,Cayuga,NYIS,IPP Non-CHP,Q584,20.0,20.0,20.0,Solar Photovoltaic,Solar,SUN,PV,6.0,2027.0,"(V) Under construction, more than 50 percent complete",42.744301,-76.66531
Addition,60281,"Altus Power America Management, LLC",63862.0,SunEast Valley Solar Project,NY,Tioga,NYIS,IPP Non-CHP,Q#828,20.0,20.0,20.0,Solar Photovoltaic,Solar,SUN,PV,6.0,2027.0,"(U) Under construction, less than or equal to 50 percent complete",42.083795,-76.2477
Addition,60281,"Altus Power America Management, LLC",63901.0,SunEast Flat Hill Solar Project,NY,Herkimer,NYIS,IPP Non-CHP,Q#865,20.0,20.0,20.0,Solar Photovoltaic,Solar,SUN,PV,6.0,2027.0,"(V) Under construction, more than 50 percent complete",43.044363,-74.79632
Addition,63678,SunEast Manchester Solar LLC,64037.0,SunEast Manchester Solar Project,NY,Ontario,NYIS,IPP Non-CHP,Q#913,20.0,20.0,20.0,Solar Photovoltaic,Solar,SUN,PV,6.0,2027.0,(T) Regulatory approvals received. Not under construction,42.958318,-77.19503
Addition,57416,"Acciona Energy USA Global, LLC",64658.0,"AEUG Fleming Solar, LLC",KY,Fleming,PJM,IPP Non-CHP,AFS,188.5,188.5,188.5,Solar Photovoltaic,Solar,SUN,PV,6.0,2027.0,"(U) Under construction, less than or equal to 50 percent complete",38.429925,-83.77156
Addition,64514,"Royalston Solar One, LLC",65136.0,Royalston Solar One,MA,Worcester,ISNE,IPP Non-CHP,VCPS1,2.5,2.5,2.5,Batteries,Battery storage,MWH,BA,6.0,2027.0,"(P) Planned for installation, but regulatory approvals not initiated",42.668365,-72.18581
Addition,61222,174 Power Global Corp.,65141.0,Boulder Solar III LLC,NV,Clark,NEVP,IPP Non-CHP,BS301,128.0,128.0,128.0,Solar Photovoltaic,Solar,SUN,PV,6.0,2027.0,"(P) Planned for installation, but regulatory approvals not initiated",35.838769,-114.9642
Addition,61222,174 Power Global Corp.,65141.0,Boulder Solar III LLC,NV,Clark,NEVP,IPP Non-CHP,BS3ES,128.0,128.0,128.0,Batteries,Battery storage,MWH,BA,6.0,2027.0,"(P) Planned for installation, but regulatory approvals not initiated",35.838769,-114.9642
Addition,64607,Salt City Solar LLC,65302.0,Salt City Solar Project - Hybrid,OH,Ross,PJM,IPP Non-CHP,BESS,12.5,12.5,12.5,Batteries,Battery storage,MWH,BA,6.0,2027.0,"(P) Planned for installation, but regulatory approvals not initiated",39.41473,-82.96285
Addition,64609,ENGIE Solidago Solar LLC,65304.0,ENGIE Solidago Solar Project - Hybrid,DE,New Castle,PJM,IPP Non-CHP,BESS,12.5,12.5,12.5,Batteries,Battery storage,MWH,BA,6.0,2027.0,"(P) Planned for installation, but regulatory approvals not initiated",39.395187,-75.7535
Addition,64610,"Powells Creek Farm Solar, LLC",65305.0,Powells Creek Solar - Hybrid,VA,Halifax,PJM,IPP Non-CHP,BESS,17.5,17.5,17.5,Batteries,Battery storage,MWH,BA,6.0,2027.0,"(P) Planned for installation, but regulatory approvals not initiated",36.55467,-79.0286
Addition,64612,"Sunnybrook Farm Solar, LLC",65307.0,Sunnybrook Solar Project - Hybrid,VA,Halifax,PJM,IPP Non-CHP,SUNB,12.5,12.5,12.5,Batteries,Battery storage,MWH,BA,6.0,2027.0,"(P) Planned for installation, but regulatory approvals not initiated",36.798717,-78.83961
Addition,65144,"Samsung C&T Renewables, LLC",65964.0,"Ursa Solar, LLC",WI,Columbia,MISO,IPP Non-CHP,URSA,200.0,200.0,200.0,Solar Photovoltaic,Solar,SUN,PV,6.0,2027.0,"(P) Planned for installation, but regulatory approvals not initiated",43.504285,-89.11314
Addition,5248,Dominion Energy Inc.,66315.0,Clover Creek Solar,VA,Halifax,PJM,Electric Utility,CCSO,77.2,77.2,77.2,Solar Photovoltaic,Solar,SUN,PV,6.0,2027.0,"(U) Under construction, less than or equal to 50 percent complete",36.816641,-78.69262
Addition,65144,"Samsung C&T Renewables, LLC",66671.0,"Conez Solar, LLC",GA,Emanuel,SOCO,IPP Non-CHP,CONEZ,150.0,150.0,150.0,Solar Photovoltaic,Solar,SUN,PV,6.0,2027.0,"(P) Planned for installation, but regulatory approvals not initiated",32.458353,-82.39457
Addition,65777,Urban Grid Solar,66850.0,Beaver Creek Solar,PA,Franklin,PJM,IPP Non-CHP,BEAC1,34.2,34.2,34.2,Solar Photovoltaic,Solar,SUN,PV,6.0,2027.0,(L) Regulatory approvals pending. Not under construction,40.086625,-77.66283
Addition,12796,Monongahela Power Co,66901.0,Wylie Ridge Solar,WV,Hancock,PJM,Electric Utility,WRS,8.4,8.4,8.4,Solar Photovoltaic,Solar,SUN,PV,6.0,2027.0,(L) Regulatory approvals pending. Not under construction,40.452683,-80.57255
Addition,65967,"Iron Belt Energy Storage Project, LLC",67059.0,Iron Belt,TX,Borden,ERCO,IPP Non-CHP,1,400.0,400.0,400.0,Batteries,Battery storage,MWH,BA,6.0,2027.0,"(P) Planned for installation, but regulatory approvals not initiated",32.5557,-101.6601
Addition,65144,"Samsung C&T Renewables, LLC",67581.0,Cairos Solar and Storage,TX,Kinney,ERCO,IPP Non-CHP,CIRSA,153.3,153.3,153.3,Solar Photovoltaic,Solar,SUN,PV,6.0,2027.0,"(P) Planned for installation, but regulatory approvals not initiated",29.269974,-100.1975
Addition,65144,"Samsung C&T Renewables, LLC",67581.0,Cairos Solar and Storage,TX,Kinney,ERCO,IPP Non-CHP,CIRSB,77.3,77.3,77.3,Batteries,Battery storage,MWH,BA,6.0,2027.0,"(P) Planned for installation, but regulatory approvals not initiated",29.269974,-100.1975
Addition,65815,Sunraycer Assets I LLC,67674.0,Lupinus Storage 3,TX,Franklin,ERCO,IPP Non-CHP,LUPE3,50.9,50.9,50.9,Batteries,Battery storage,MWH,BA,6.0,2027.0,"(U) Under construction, less than or equal to 50 percent complete",33.3015,-95.2548
Addition,66318,"Zeta Solar, LLC",67676.0,Zeta Solar & Storage,CA,Merced,CISO,IPP Non-CHP,GEN01,75.0,75.0,75.0,Solar Photovoltaic,Solar,SUN,PV,6.0,2027.0,"(U) Under construction, less than or equal to 50 percent complete",36.911894,-120.8101
Addition,66318,"Zeta Solar, LLC",67676.0,Zeta Solar & Storage,CA,Merced,CISO,IPP Non-CHP,GEN02,75.0,75.0,75.0,Batteries,Battery storage,MWH,BA,6.0,2027.0,"(U) Under construction, less than or equal to 50 percent complete",36.911894,-120.8101
Addition,66380,Gransolar Texas Twenty Two LLC,67782.0,RedSun PV and BESS,TX,Burnet,ERCO,IPP Non-CHP,GS22B,84.0,84.0,84.0,Batteries,Battery storage,MWH,BA,6.0,2027.0,(L) Regulatory approvals pending. Not under construction,30.784886,-98.20217
Addition,66380,Gransolar Texas Twenty Two LLC,67782.0,RedSun PV and BESS,TX,Burnet,ERCO,IPP Non-CHP,GS22P,84.0,84.0,84.0,Solar Photovoltaic,Solar,SUN,PV,6.0,2027.0,(L) Regulatory approvals pending. Not under construction,30.784886,-98.20217
Addition,66426,Dill Holdings LLC,67858.0,Dill Holdings LLC,NC,Iredell,DUK,IPP Non-CHP,DILL1,10.0,10.0,10.0,Solar Photovoltaic,Solar,SUN,PV,6.0,2027.0,"(U) Under construction, less than or equal to 50 percent complete",35.966645,-80.71882
Addition,65144,"Samsung C&T Renewables, LLC",67917.0,"Champaign BESS, LLC",TX,Glasscock,ERCO,IPP Non-CHP,CHMPN,202.7,202.7,202.7,Batteries,Battery storage,MWH,BA,6.0,2027.0,"(P) Planned for installation, but regulatory approvals not initiated",31.871567,-101.7384
Addition,50123,"Leeward Asset Management, LLC",68086.0,South Branch Solar,OH,Hancock,PJM,IPP Non-CHP,SBS,115.0,115.0,115.0,Solar Photovoltaic,Solar,SUN,PV,6.0,2027.0,(L) Regulatory approvals pending. Not under construction,41.128477,-83.51517
Addition,66616,"Fremont Solar, LLC",68153.0,Fremont Solar,UT,Iron,PACE,IPP Non-CHP,BA1,198.0,198.0,198.0,Batteries,Battery storage,MWH,BA,6.0,2027.0,"(U) Under construction, less than or equal to 50 percent complete",37.9789,-112.7761
Addition,66616,"Fremont Solar, LLC",68153.0,Fremont Solar,UT,Iron,PACE,IPP Non-CHP,PV1,99.0,99.0,99.0,Solar Photovoltaic,Solar,SUN,PV,6.0,2027.0,"(U) Under construction, less than or equal to 50 percent complete",37.9789,-112.7761
Addition,66606,"Templeton Wind Energy Center, LLC",68179.0,Templeton Wind,IN,Benton,MISO,Electric Utility,TEMPW,200.2,200.2,200.2,Onshore Wind Turbine,Wind,WND,WT,6.0,2027.0,(T) Regulatory approvals received. Not under construction,40.519676,-87.15039
Addition,66620,"Coles Wind, LLC",68184.0,Coles Wind,IL,Coles,MISO,IPP Non-CHP,COLES,300.0,300.0,300.0,Onshore Wind Turbine,Wind,WND,WT,6.0,2027.0,(T) Regulatory approvals received. Not under construction,39.605953,-88.18026
Addition,66796,Empire Offshore Wind LLC,68443.0,Empire Wind 1,NY,Kings,NYIS,IPP Non-CHP,EMP01,810.0,810.0,810.0,Offshore Wind Turbine,Wind,WND,WS,6.0,2027.0,"(U) Under construction, less than or equal to 50 percent complete",40.32,-73.42
Addition,66819,Kentucky Municipal Energy Agency,68453.0,KYMEA Energy Center I,KY,Hopkins,LGEE,Electric Utility,1,18.8,18.8,18.8,Natural Gas Internal Combustion Engine,Natural gas,NG,IC,6.0,2027.0,"(U) Under construction, less than or equal to 50 percent complete",37.319733,-87.55111
Addition,66819,Kentucky Municipal Energy Agency,68453.0,KYMEA Energy Center I,KY,Hopkins,LGEE,Electric Utility,2,18.8,18.8,18.8,Natural Gas Internal Combustion Engine,Natural gas,NG,IC,6.0,2027.0,"(U) Under construction, less than or equal to 50 percent complete",37.319733,-87.55111
Addition,66819,Kentucky Municipal Energy Agency,68453.0,KYMEA Energy Center I,KY,Hopkins,LGEE,Electric Utility,3,18.8,18.8,18.8,Natural Gas Internal Combustion Engine,Natural gas,NG,IC,6.0,2027.0,"(U) Under construction, less than or equal to 50 percent complete",37.319733,-87.55111
Addition,66819,Kentucky Municipal Energy Agency,68453.0,KYMEA Energy Center I,KY,Hopkins,LGEE,Electric Utility,4,18.8,18.8,18.8,Natural Gas Internal Combustion Engine,Natural gas,NG,IC,6.0,2027.0,"(U) Under construction, less than or equal to 50 percent complete",37.319733,-87.55111
Addition,66933,"SR Magnolia, LLC",68559.0,SR Magnolia,MS,Monroe,TVA,IPP Non-CHP,MAGNA,160.0,160.0,160.0,Solar Photovoltaic,Solar,SUN,PV,6.0,2027.0,(T) Regulatory approvals received. Not under construction,33.856467,-88.67488
Addition,67057,Chalk Bluff Solar Energy LLC,68772.0,Chalk Bluff Solar,AR,St Francis,MISO,IPP Non-CHP,CHALK,450.0,450.0,450.0,Solar Photovoltaic,Solar,SUN,PV,6.0,2027.0,"(U) Under construction, less than or equal to 50 percent complete",35.051606,-90.43254
Addition,67141,Clover Creek Solar Project LLC d/b/a New Frontiers Solar Park,68897.0,New Frontiers Solar,KY,Breckinridge,MISO,IPP Non-CHP,PVSI,100.0,100.0,100.0,Solar Photovoltaic,Solar,SUN,PV,6.0,2027.0,(L) Regulatory approvals pending. Not under construction,37.79502,-86.5068
Addition,67169,Midway BESS LLC,68925.0,Midway BESS,CA,Fresno,CISO,IPP Non-CHP,MIDB,124.6,119.9,119.9,Batteries,Battery storage,MWH,BA,6.0,2027.0,"(U) Under construction, less than or equal to 50 percent complete",36.652653,-120.5783
Addition,67223,Glenarm BESS LLC,69024.0,Glenarm BESS Plant,CA,Los Angeles,CISO,Electric Utility,GLNB1,25.0,25.0,25.0,Batteries,Battery storage,MWH,BA,6.0,2027.0,(L) Regulatory approvals pending. Not under construction,34.12739,-118.1477
Addition,66571,Clenera DevCo LLC,69060.0,Snowflake A Solar and BESS,AZ,Navajo,AZPS,IPP Non-CHP,SNFA,475.0,475.0,475.0,Solar Photovoltaic,Solar,SUN,PV,6.0,2027.0,(L) Regulatory approvals pending. Not under construction,34.998055,-110.1255
Addition,66571,Clenera DevCo LLC,69060.0,Snowflake A Solar and BESS,AZ,Navajo,AZPS,IPP Non-CHP,SNFBA,475.0,475.0,475.0,Batteries,Battery storage,MWH,BA,6.0,2027.0,(L) Regulatory approvals pending. Not under construction,34.998055,-110.1255
Addition,5416,"Duke Energy Carolinas, LLC",69148.0,Allen 2 BESS,NC,Gaston,DUK,Electric Utility,BESS1,167.0,167.0,167.0,Batteries,Battery storage,MWH,BA,6.0,2027.0,"(P) Planned for installation, but regulatory approvals not initiated",35.192096,-81.01013
Addition,67307,Freshwater Solar LLC,69169.0,"Freshwater Solar, LLC",MI,Montcalm,MISO,IPP Non-CHP,FWS,200.0,200.0,200.0,Solar Photovoltaic,Solar,SUN,PV,6.0,2027.0,"(U) Under construction, less than or equal to 50 percent complete",43.338197,-85.04013
Addition,5109,DTE Electric Company,69463.0,Beecher Solar Park,MI,Lenawee,MISO,Electric Utility,BCRSP,80.0,80.0,80.0,Solar Photovoltaic,Solar,SUN,PV,6.0,2027.0,"(U) Under construction, less than or equal to 50 percent complete",41.923,-83.917
Addition,67498,Marici Project LLC,69508.0,Marici,CA,Los Angeles,CISO,IPP Non-CHP,1,400.0,400.0,400.0,Batteries,Battery storage,MWH,BA,6.0,2027.0,(L) Regulatory approvals pending. Not under construction,34.007751,-117.9462
Addition,67526,"Blacks Creek Energy Center, LLC",69553.0,Blacks Creek Solar,ID,Ada,IPCO,IPP Non-CHP,BCS,400.0,400.0,400.0,Solar Photovoltaic,Solar,SUN,PV,6.0,2027.0,"(U) Under construction, less than or equal to 50 percent complete",43.499,-116.1918
Addition,67797,"SV CSG Manteno, LLC",69948.0,SV CSG Manteno,IL,Kankakee,PJM,IPP Non-CHP,MANTB,5.0,5.0,5.0,Batteries,Battery storage,MWH,BA,6.0,2027.0,(T) Regulatory approvals received. Not under construction,41.221257,-87.88186
Addition,67797,"SV CSG Manteno, LLC",69948.0,SV CSG Manteno,IL,Kankakee,PJM,IPP Non-CHP,MANTO,5.0,5.0,5.0,Solar Photovoltaic,Solar,SUN,PV,6.0,2027.0,(T) Regulatory approvals received. Not under construction,41.221257,-87.88186
Addition,67798,"SV CSG Bloomington, LLC",69949.0,SV CSG Bloomington,IL,McLean,MISO,IPP Non-CHP,BLOMB,5.0,5.0,5.0,Batteries,Battery storage,MWH,BA,6.0,2027.0,(T) Regulatory approvals received. Not under construction,40.465889,-89.03208
Addition,67798,"SV CSG Bloomington, LLC",69949.0,SV CSG Bloomington,IL,McLean,MISO,IPP Non-CHP,BLOOM,5.0,5.0,5.0,Solar Photovoltaic,Solar,SUN,PV,6.0,2027.0,(T) Regulatory approvals received. Not under construction,40.465889,-89.03208
Addition,67809,"Foxtail Flats Solar, LLC",69967.0,"Foxtail Flats Solar, LLC",NM,San Juan,PNM,IPP Non-CHP,FTS,170.0,170.0,170.0,Solar Photovoltaic,Solar,SUN,PV,6.0,2027.0,"(U) Under construction, less than or equal to 50 percent complete",36.8685,-108.277
Addition,65677,Dimension Energy LLC,70007.0,Richmond Road Solar LLC,VA,James City,PJM,IPP Non-CHP,RICHR,5.0,5.0,5.0,Solar Photovoltaic,Solar,SUN,PV,6.0,2027.0,(T) Regulatory approvals received. Not under construction,37.39976,-76.82053
Addition,67845,Sierra Solar LLC,70049.0,Sierra Solar,AZ,Mohave,WALC,IPP Non-CHP,NUCPV,25.0,25.0,25.0,Solar Photovoltaic,Solar,SUN,PV,6.0,2027.0,(T) Regulatory approvals received. Not under construction,35.129649,-114.0803
Addition,67848,"South Platte Storage, LLC",70053.0,South Platte Storage,CO,Morgan,PSCO,IPP Non-CHP,SP250,250.0,250.0,250.0,Batteries,Battery storage,MWH,BA,6.0,2027.0,(T) Regulatory approvals received. Not under construction,40.12,-103.42
Addition,60059,ZGlobal Inc,70105.0,Gardenia 1,CA,Kings,CISO,IPP Non-CHP,GDNAB,3.0,3.0,3.0,Batteries,Battery storage,MWH,BA,6.0,2027.0,"(P) Planned for installation, but regulatory approvals not initiated",35.790785,-119.8777
Addition,60059,ZGlobal Inc,70105.0,Gardenia 1,CA,Kings,CISO,IPP Non-CHP,GDNAS,3.0,3.0,3.0,Solar Photovoltaic,Solar,SUN,PV,6.0,2027.0,"(P) Planned for installation, but regulatory approvals not initiated",35.790785,-119.8777
Addition,60059,ZGlobal Inc,70106.0,Jade Solar 3,CA,Madera,CISO,IPP Non-CHP,JADEB,1.5,1.5,1.5,Batteries,Battery storage,MWH,BA,6.0,2027.0,"(P) Planned for installation, but regulatory approvals not initiated",37.056528,-119.9805
Addition,60059,ZGlobal Inc,70106.0,Jade Solar 3,CA,Madera,CISO,IPP Non-CHP,JADES,1.5,1.5,1.5,Solar Photovoltaic,Solar,SUN,PV,6.0,2027.0,"(P) Planned for installation, but regulatory approvals not initiated",37.056528,-119.9805
Addition,67884,CVE US PA New Alexandria 363 LLC,70114.0,New Alexandria  - PA 0363 (Weimer North),PA,Westmoreland,PJM,IPP Non-CHP,363,1.5,1.5,1.5,Solar Photovoltaic,Solar,SUN,PV,6.0,2027.0,"(U) Under construction, less than or equal to 50 percent complete",40.40255,-79.42806
Addition,67887,CVE US PA Roulette 467 LLC,70126.0,Roulette - PA 0467,PA,Potter,PJM,IPP Non-CHP,467,2.6,2.6,2.6,Solar Photovoltaic,Solar,SUN,PV,6.0,2027.0,"(U) Under construction, less than or equal to 50 percent complete",41.777,-78.1995
Addition,67888,CVE US PA Roulette 479 LLC,70128.0,Roulette - PA 0479,PA,Potter,PJM,IPP Non-CHP,479,1.1,1.1,1.1,Solar Photovoltaic,Solar,SUN,PV,6.0,2027.0,"(U) Under construction, less than or equal to 50 percent complete",41.777,-78.1995
Addition,67919,"Romero Energy Center, LLC",70193.0,Romero Energy Center,AZ,Maricopa,AZPS,IPP Non-CHP,REC01,225.0,225.0,225.0,Batteries,Battery storage,MWH,BA,6.0,2027.0,"(U) Under construction, less than or equal to 50 percent complete",33.509114,-113.008
Addition,67895,Concho County Solar 1 LLC,70200.0,Lucy Solar,TX,Concho,ERCO,IPP Non-CHP,64205,351.3,351.3,351.3,Solar Photovoltaic,Solar,SUN,PV,6.0,2027.0,"(TS) Construction complete, but not yet in commercial operation",31.472348,-99.99328
Addition,67931,"NY Fallsburg II, LLC",70210.0,Cypert - Fallsburg I,NY,Sullivan,NYIS,IPP Non-CHP,PV1,5.0,5.0,5.0,Solar Photovoltaic,Solar,SUN,PV,6.0,2027.0,"(P) Planned for installation, but regulatory approvals not initiated",41.783296,-74.60056
Addition,67937,PF Onsite Generation LLC,70240.0,PF Onsite BESS,PA,Luzerne,PJM,IPP Non-CHP,PFNON,21.0,21.0,21.0,Batteries,Battery storage,MWH,BA,6.0,2027.0,(L) Regulatory approvals pending. Not under construction,40.918616,-76.07934
Addition,16572,Salt River Project,56948.0,Coolidge Generation Station,AZ,Pinal,SRP,Electric Utility,COE19,49.5,42.0,48.0,Natural Gas Fired Combustion Turbine,Natural gas,NG,GT,7.0,2027.0,"(U) Under construction, less than or equal to 50 percent complete",32.917399,-111.5033
Addition,16572,Salt River Project,56948.0,Coolidge Generation Station,AZ,Pinal,SRP,Electric Utility,COE20,49.5,42.0,48.0,Natural Gas Fired Combustion Turbine,Natural gas,NG,GT,7.0,2027.0,"(U) Under construction, less than or equal to 50 percent complete",32.917399,-111.5033
Addition,16572,Salt River Project,56948.0,Coolidge Generation Station,AZ,Pinal,SRP,Electric Utility,COE21,49.5,42.0,48.0,Natural Gas Fired Combustion Turbine,Natural gas,NG,GT,7.0,2027.0,"(U) Under construction, less than or equal to 50 percent complete",32.917399,-111.5033
Addition,16572,Salt River Project,56948.0,Coolidge Generation Station,AZ,Pinal,SRP,Electric Utility,COE22,49.5,42.0,48.0,Natural Gas Fired Combustion Turbine,Natural gas,NG,GT,7.0,2027.0,"(U) Under construction, less than or equal to 50 percent complete",32.917399,-111.5033
Addition,16572,Salt River Project,56948.0,Coolidge Generation Station,AZ,Pinal,SRP,Electric Utility,COE23,49.5,42.0,48.0,Natural Gas Fired Combustion Turbine,Natural gas,NG,GT,7.0,2027.0,"(U) Under construction, less than or equal to 50 percent complete",32.917399,-111.5033
Addition,16572,Salt River Project,56948.0,Coolidge Generation Station,AZ,Pinal,SRP,Electric Utility,COE24,49.5,42.0,48.0,Natural Gas Fired Combustion Turbine,Natural gas,NG,GT,7.0,2027.0,"(U) Under construction, less than or equal to 50 percent complete",32.917399,-111.5033
Addition,10071,Kauai Island Utility Cooperative,58639.0,KRS I Anahola Solar Hybrid,HI,Kauai,,Electric Utility,BESS8,12.0,12.0,12.0,Batteries,Battery storage,MWH,BA,7.0,2027.0,"(P) Planned for installation, but regulatory approvals not initiated",22.131667,-159.3031
Addition,10071,Kauai Island Utility Cooperative,58640.0,KRS II Koloa Solar,HI,Kauai,,Electric Utility,BESS7,12.0,12.0,12.0,Batteries,Battery storage,MWH,BA,7.0,2027.0,"(P) Planned for installation, but regulatory approvals not initiated",21.900833,-159.45
Addition,67192,RWE Clean Energy,61511.0,Burt County Wind,NE,Burt,SWPP,IPP Non-CHP,BCNE,75.0,75.0,75.0,Onshore Wind Turbine,Wind,WND,WT,7.0,2027.0,(L) Regulatory approvals pending. Not under construction,41.886,-96.345
Addition,61166,Green Power Energy LLC,61592.0,Cody Road Wind Farm,NY,Madison,NYIS,IPP Non-CHP,WT4,2.4,2.4,2.4,Onshore Wind Turbine,Wind,WND,WT,7.0,2027.0,"(U) Under construction, less than or equal to 50 percent complete",42.967145,-75.75592
Addition,61166,Green Power Energy LLC,61592.0,Cody Road Wind Farm,NY,Madison,NYIS,IPP Non-CHP,WT5,2.4,2.4,2.4,Onshore Wind Turbine,Wind,WND,WT,7.0,2027.0,"(U) Under construction, less than or equal to 50 percent complete",42.967145,-75.75592
Addition,62936,TREX US Red Holly LLC,63202.0,TREX US Red Holly,TX,Lynn,ERCO,IPP Non-CHP,701-S,50.0,50.0,50.0,Batteries,Battery storage,MWH,BA,7.0,2027.0,(L) Regulatory approvals pending. Not under construction,32.952,-101.737
Addition,63463,"Palomino Solar, LLC",63784.0,Palomino Solar,OH,Highland,PJM,IPP Non-CHP,PLMNO,200.0,200.0,200.0,Solar Photovoltaic,Solar,SUN,PV,7.0,2027.0,"(U) Under construction, less than or equal to 50 percent complete",39.2158,-83.7771
Addition,63524,Freepoint Commodities LLC,63846.0,Raceway Solar,DE,Kent,PJM,IPP Non-CHP,RACE,50.0,50.0,50.0,Solar Photovoltaic,Solar,SUN,PV,7.0,2027.0,"(U) Under construction, less than or equal to 50 percent complete",38.909956,-75.58819
Addition,63527,"Westlands Cherry, LLC",63850.0,Cherry,CA,Kings,CISO,IPP Non-CHP,BESS2,110.0,110.0,110.0,Batteries,Battery storage,MWH,BA,7.0,2027.0,(T) Regulatory approvals received. Not under construction,36.122457,-119.9232
Addition,63527,"Westlands Cherry, LLC",63850.0,Cherry,CA,Kings,CISO,IPP Non-CHP,CHERY,249.7,249.7,249.7,Solar Photovoltaic,Solar,SUN,PV,7.0,2027.0,(T) Regulatory approvals received. Not under construction,36.122457,-119.9232
Addition,64176,FPS Potic Solar LLC,64541.0,Potic Solar,NY,Greene,NYIS,IPP Non-CHP,1,4.9,4.9,4.9,Solar Photovoltaic,Solar,SUN,PV,7.0,2027.0,(L) Regulatory approvals pending. Not under construction,42.29559,-73.9012
Addition,64267,Big Creek Solar LLC,64670.0,Big Creek Solar LLC,AR,Lee,MISO,IPP Non-CHP,KOV4A,400.0,400.0,400.0,Solar Photovoltaic,Solar,SUN,PV,7.0,2027.0,"(U) Under construction, less than or equal to 50 percent complete",34.870404,-117.9656
Addition,64476,"Hope Solar One, LLC",65060.0,Hope Solar One,RI,Providence,ISNE,IPP Non-CHP,VCP02,3.5,3.5,3.5,Solar Photovoltaic,Solar,SUN,PV,7.0,2027.0,"(P) Planned for installation, but regulatory approvals not initiated",41.729285,-71.63759
Addition,64726,"Rivers Electric, LLC",65399.0,Mill Pond Hydro,NY,Greene,NYIS,IPP Non-CHP,U3,0.5,0.5,0.5,Conventional Hydroelectric,Hydro,WAT,HY,7.0,2027.0,"(P) Planned for installation, but regulatory approvals not initiated",42.252975,-73.89795
Addition,65690,Premium Energy Holdings,66685.0,Whale Rock Pumped Storage Hydro Project,CA,San Luis Obispo,CISO,IPP Non-CHP,WH001,200.0,200.0,200.0,Hydroelectric Pumped Storage,Battery storage,WAT,PS,7.0,2027.0,"(P) Planned for installation, but regulatory approvals not initiated",35.454196,-120.8671
Addition,65690,Premium Energy Holdings,66685.0,Whale Rock Pumped Storage Hydro Project,CA,San Luis Obispo,CISO,IPP Non-CHP,WH002,200.0,200.0,200.0,Hydroelectric Pumped Storage,Battery storage,WAT,PS,7.0,2027.0,"(P) Planned for installation, but regulatory approvals not initiated",35.454196,-120.8671
Addition,65690,Premium Energy Holdings,66685.0,Whale Rock Pumped Storage Hydro Project,CA,San Luis Obispo,CISO,IPP Non-CHP,WH003,200.0,200.0,200.0,Hydroelectric Pumped Storage,Battery storage,WAT,PS,7.0,2027.0,"(P) Planned for installation, but regulatory approvals not initiated",35.454196,-120.8671
Addition,66108,"Hinds Solar, LLC",67231.0,"Hinds Solar, LLC",MS,Hinds,MISO,IPP Non-CHP,HS,150.0,150.0,150.0,Solar Photovoltaic,Solar,SUN,PV,7.0,2027.0,"(U) Under construction, less than or equal to 50 percent complete",32.416186,-90.38886
Addition,924,"Associated Electric Coop, Inc",67263.0,Turney Energy Center,MO,Clinton,AECI,Electric Utility,TN1,419.0,411.4,444.0,Natural Gas Fired Combustion Turbine,Natural gas,NG,GT,7.0,2027.0,"(U) Under construction, less than or equal to 50 percent complete",39.615,-94.351
Addition,64904,AES Clean Energy,67324.0,Somerset Solar LLC,NY,Niagara,NYIS,IPP Non-CHP,NYSOM,100.0,125.0,125.0,Solar Photovoltaic,Solar,SUN,PV,7.0,2027.0,"(P) Planned for installation, but regulatory approvals not initiated",43.352072,-78.61036
Addition,66027,Orsted Wind Power North America LLC,67435.0,Sunrise Wind,NY,Suffolk,NYIS,IPP Non-CHP,SRWND,924.0,924.0,924.0,Offshore Wind Turbine,Wind,WND,WS,7.0,2027.0,"(U) Under construction, less than or equal to 50 percent complete",40.977859,-71.04454
Addition,64545,Vesper Energy Development LLC,67575.0,TX Nazareth Solar,TX,Swisher,ERCO,IPP Non-CHP,NZRTH,201.0,201.0,201.0,Solar Photovoltaic,Solar,SUN,PV,7.0,2027.0,(T) Regulatory approvals received. Not under construction,34.49,-101.97
Addition,61060,Cypress Creek Renewables,67645.0,Varnsen,IL,Winnebago,MISO,IPP Non-CHP,TWNDA,5.0,5.0,5.0,Solar Photovoltaic,Solar,SUN,PV,7.0,2027.0,(L) Regulatory approvals pending. Not under construction,42.315822,-89.31315
Addition,61060,Cypress Creek Renewables,67657.0,Hanson,TX,Coleman,ERCO,IPP Non-CHP,HANSO,396.0,396.0,396.0,Solar Photovoltaic,Solar,SUN,PV,7.0,2027.0,(L) Regulatory approvals pending. Not under construction,31.690367,-99.51389
Addition,65986,"Gransolar Texas Three, LLC",67774.0,Pecan BESS,TX,Leon,ERCO,IPP Non-CHP,GRS3,157.1,157.1,157.1,Batteries,Battery storage,MWH,BA,7.0,2027.0,(L) Regulatory approvals pending. Not under construction,31.078667,-96.22328
Addition,50123,"Leeward Asset Management, LLC",68039.0,Elisabeth Solar,AZ,Yuma,CISO,IPP Non-CHP,ELISA,350.0,350.0,350.0,Solar Photovoltaic,Solar,SUN,PV,7.0,2027.0,(L) Regulatory approvals pending. Not under construction,32.95453,-113.4954
Addition,66750,Abeja Solar Farm LLC,68347.0,Abeja Solar Farm,TX,Bee,ERCO,IPP Non-CHP,ABPV1,200.0,200.0,200.0,Solar Photovoltaic,Solar,SUN,PV,7.0,2027.0,"(P) Planned for installation, but regulatory approvals not initiated",28.288244,-97.84019
Addition,66751,Alamo City ESS LLC,68348.0,Alamo City ESS,TX,Bexar,ERCO,IPP Non-CHP,ACESS,200.0,200.0,200.0,Batteries,Battery storage,MWH,BA,7.0,2027.0,"(P) Planned for installation, but regulatory approvals not initiated",29.345305,-98.31948
Addition,66752,Avant Prairie ESS LLC,68349.0,Avant Prairie ESS,TX,Freestone,ERCO,IPP Non-CHP,AVBS1,200.0,200.0,200.0,Batteries,Battery storage,MWH,BA,7.0,2027.0,"(P) Planned for installation, but regulatory approvals not initiated",31.625891,-96.12222
Addition,66754,Bravo ESS LLC,68350.0,Bravo ESS,TX,Zapata,ERCO,IPP Non-CHP,BESS1,200.0,200.0,200.0,Batteries,Battery storage,MWH,BA,7.0,2027.0,"(P) Planned for installation, but regulatory approvals not initiated",27.285037,-99.41187
Addition,66755,Clairemont Solar LLC,68351.0,Clairemont Solar,TX,Kent,ERCO,IPP Non-CHP,CLAPV,500.0,500.0,500.0,Solar Photovoltaic,Solar,SUN,PV,7.0,2027.0,"(P) Planned for installation, but regulatory approvals not initiated",33.371565,-100.9758
Addition,66757,La Salle ESS LLC,68353.0,La Salle ESS,TX,LaSalle,ERCO,IPP Non-CHP,LSBS1,500.0,500.0,500.0,Batteries,Battery storage,MWH,BA,7.0,2027.0,"(P) Planned for installation, but regulatory approvals not initiated",28.094701,-99.05554
Addition,66758,La Salle Solar LLC,68354.0,La Salle Solar,TX,LaSalle,ERCO,IPP Non-CHP,LSPV1,500.0,500.0,500.0,Solar Photovoltaic,Solar,SUN,PV,7.0,2027.0,"(P) Planned for installation, but regulatory approvals not initiated",28.092519,-99.05701
Addition,66759,Lazy U ESS 1 LLC,68355.0,Lazy U ESS 1,TX,Hardeman,ERCO,IPP Non-CHP,LUBA1,250.0,250.0,250.0,Batteries,Battery storage,MWH,BA,7.0,2027.0,"(P) Planned for installation, but regulatory approvals not initiated",34.265496,-99.87214
Addition,67700,"Pepper Solar Farm, LLC",68359.0,Pepper Solar Farm,TX,McLennan,ERCO,IPP Non-CHP,OCPSF,120.0,120.0,120.0,Solar Photovoltaic,Solar,SUN,PV,7.0,2027.0,"(P) Planned for installation, but regulatory approvals not initiated",31.678359,-97.04595
Addition,66764,Prost ESS LLC,68360.0,Prost ESS,TX,Austin,ERCO,IPP Non-CHP,PRESS,200.0,200.0,200.0,Batteries,Battery storage,MWH,BA,7.0,2027.0,"(P) Planned for installation, but regulatory approvals not initiated",29.957853,-96.53331
Addition,66765,Rush ESS LLC,68361.0,Rush ESS,TX,Bexar,ERCO,IPP Non-CHP,RUESS,200.0,200.0,200.0,Batteries,Battery storage,MWH,BA,7.0,2027.0,"(P) Planned for installation, but regulatory approvals not initiated",29.307639,-98.29673
Addition,66767,SunShiner ESS LLC,68363.0,SunShiner ESS,TX,Zavala,ERCO,IPP Non-CHP,SSESS,200.0,200.0,200.0,Batteries,Battery storage,MWH,BA,7.0,2027.0,"(P) Planned for installation, but regulatory approvals not initiated",28.937123,-99.83407
Addition,66768,Tex-Bar ESS LLC,68364.0,Tex-Bar ESS,TX,Madison,ERCO,IPP Non-CHP,TBESS,200.0,200.0,200.0,Batteries,Battery storage,MWH,BA,7.0,2027.0,"(P) Planned for installation, but regulatory approvals not initiated",30.930573,-96.03037
Addition,66935,"SR Middleton, LLC",68561.0,SR Middleton,TN,Hardeman,TVA,IPP Non-CHP,MIDDN,55.0,55.0,55.0,Solar Photovoltaic,Solar,SUN,PV,7.0,2027.0,(T) Regulatory approvals received. Not under construction,35.176939,-88.87867
Addition,6452,Florida Power & Light Co,68830.0,Catfish,FL,Okeechobee,FPL,Electric Utility,1,74.5,74.5,74.5,Solar Photovoltaic,Solar,SUN,PV,7.0,2027.0,"(U) Under construction, less than or equal to 50 percent complete",27.277731,-80.78854
Addition,6452,Florida Power & Light Co,68831.0,Cocoplum,FL,Hendry,FPL,Electric Utility,1,74.5,74.5,74.5,Solar Photovoltaic,Solar,SUN,PV,7.0,2027.0,"(U) Under construction, less than or equal to 50 percent complete",26.762027,-81.1907
Addition,6452,Florida Power & Light Co,68833.0,Hardwood Hammock,FL,Walton,FPL,Electric Utility,1,74.5,74.5,74.5,Solar Photovoltaic,Solar,SUN,PV,7.0,2027.0,"(U) Under construction, less than or equal to 50 percent complete",27.282662,-81.77522
Addition,6452,Florida Power & Light Co,68836.0,Maple Trail,FL,Baker,FPL,Electric Utility,1,74.5,74.5,74.5,Solar Photovoltaic,Solar,SUN,PV,7.0,2027.0,"(U) Under construction, less than or equal to 50 percent complete",30.314392,-82.18501
Addition,67154,Imperial Sun Solar LLC,68909.0,Imperial Sun Solar,CA,Imperial,IID,IPP Non-CHP,ISSBA,100.0,100.0,100.0,Batteries,Battery storage,MWH,BA,7.0,2027.0,(L) Regulatory approvals pending. Not under construction,32.6851,-115.2977
Addition,67154,Imperial Sun Solar LLC,68909.0,Imperial Sun Solar,CA,Imperial,IID,IPP Non-CHP,ISSPV,100.0,100.0,100.0,Solar Photovoltaic,Solar,SUN,PV,7.0,2027.0,(L) Regulatory approvals pending. Not under construction,32.6851,-115.2977
Addition,67157,Flint,68911.0,Flint,OH,Franklin,PJM,IPP Non-CHP,27288,200.0,200.0,200.0,Batteries,Battery storage,MWH,BA,7.0,2027.0,"(U) Under construction, less than or equal to 50 percent complete",40.09639,-82.73361
Addition,5416,"Duke Energy Carolinas, LLC",69194.0,Maiden Creek Battery,NC,Catawba,DUK,Electric Utility,MCBA,50.0,50.0,50.0,Batteries,Battery storage,MWH,BA,7.0,2027.0,"(U) Under construction, less than or equal to 50 percent complete",35.613673,-81.18707
Addition,67516,Vaca Dixon BESS LLC,69541.0,Vaca BESS,CA,Solano,CISO,IPP Non-CHP,VACB,59.5,57.0,57.0,Batteries,Battery storage,MWH,BA,7.0,2027.0,(L) Regulatory approvals pending. Not under construction,38.398379,-121.924
Addition,67579,Heritage Solar LLC,69660.0,El Patrimonio,TX,Bexar,ERCO,IPP Non-CHP,HS,150.0,150.0,150.0,Solar Photovoltaic,Solar,SUN,PV,7.0,2027.0,(L) Regulatory approvals pending. Not under construction,29.240499,-98.51006
Addition,63524,Freepoint Commodities LLC,69667.0,Fair Haven Solar,VT,Rutland,ISNE,IPP Non-CHP,FHS1,20.0,20.0,20.0,Solar Photovoltaic,Solar,SUN,PV,7.0,2027.0,(T) Regulatory approvals received. Not under construction,43.636,-73.279
Addition,67616,"Camino Ramon BR 3-GG Solar Project 2020, LLC",69706.0,Bishop Ranch - BR 3-GG,CA,Contra Costa,CISO,IPP Non-CHP,4149B,0.6,0.6,0.6,Batteries,Battery storage,MWH,BA,7.0,2027.0,"(V) Under construction, more than 50 percent complete",37.767242,-121.9582
Addition,67616,"Camino Ramon BR 3-GG Solar Project 2020, LLC",69706.0,Bishop Ranch - BR 3-GG,CA,Contra Costa,CISO,IPP Non-CHP,4149C,1.1,1.1,1.1,Solar Photovoltaic,Solar,SUN,PV,7.0,2027.0,"(V) Under construction, more than 50 percent complete",37.767242,-121.9582
Addition,67616,"Camino Ramon BR 3-GG Solar Project 2020, LLC",69706.0,Bishop Ranch - BR 3-GG,CA,Contra Costa,CISO,IPP Non-CHP,4149R,0.2,0.2,0.2,Solar Photovoltaic,Solar,SUN,PV,7.0,2027.0,"(V) Under construction, more than 50 percent complete",37.767242,-121.9582
Addition,67617,"Camino Ramon BR 3-HH Solar Project 2020, LLC",69708.0,Bishop Ranch - BR 3-HH,CA,Contra Costa,CISO,IPP Non-CHP,4150B,0.6,0.6,0.6,Batteries,Battery storage,MWH,BA,7.0,2027.0,"(V) Under construction, more than 50 percent complete",37.766297,-121.9582
Addition,67617,"Camino Ramon BR 3-HH Solar Project 2020, LLC",69708.0,Bishop Ranch - BR 3-HH,CA,Contra Costa,CISO,IPP Non-CHP,4150C,0.6,0.6,0.6,Solar Photovoltaic,Solar,SUN,PV,7.0,2027.0,"(V) Under construction, more than 50 percent complete",37.766297,-121.9582
Addition,67617,"Camino Ramon BR 3-HH Solar Project 2020, LLC",69708.0,Bishop Ranch - BR 3-HH,CA,Contra Costa,CISO,IPP Non-CHP,4150R,0.2,0.2,0.2,Solar Photovoltaic,Solar,SUN,PV,7.0,2027.0,"(V) Under construction, more than 50 percent complete",37.766297,-121.9582
Addition,67618,"Camino Ramon BR 3-FF Solar Project 2020, LLC",69710.0,Bishop Ranch - BR 3-FF,CA,Contra Costa,CISO,IPP Non-CHP,4148B,0.6,0.6,0.6,Batteries,Battery storage,MWH,BA,7.0,2027.0,"(V) Under construction, more than 50 percent complete",37.768388,-121.959
Addition,67618,"Camino Ramon BR 3-FF Solar Project 2020, LLC",69710.0,Bishop Ranch - BR 3-FF,CA,Contra Costa,CISO,IPP Non-CHP,4148C,0.6,0.6,0.6,Solar Photovoltaic,Solar,SUN,PV,7.0,2027.0,"(V) Under construction, more than 50 percent complete",37.768388,-121.959
Addition,67618,"Camino Ramon BR 3-FF Solar Project 2020, LLC",69710.0,Bishop Ranch - BR 3-FF,CA,Contra Costa,CISO,IPP Non-CHP,4148R,0.2,0.2,0.2,Solar Photovoltaic,Solar,SUN,PV,7.0,2027.0,"(V) Under construction, more than 50 percent complete",37.768388,-121.959
Addition,5580,"East Kentucky Power Coop, Inc",69741.0,Cooperative Solar Two-Fayette,KY,Fayette,PJM,Electric Utility,PV2,40.0,40.0,40.0,Solar Photovoltaic,Solar,SUN,PV,7.0,2027.0,(T) Regulatory approvals received. Not under construction,38.035403,-84.31579
Addition,67748,"SV CSG St Anne 1, LLC",69817.0,SV CSG St Anne 1,IL,Kankakee,PJM,IPP Non-CHP,SANNE,5.0,5.0,5.0,Solar Photovoltaic,Solar,SUN,PV,7.0,2027.0,(T) Regulatory approvals received. Not under construction,41.041,-87.6999
Addition,67808,"Four Mile Mesa Solar, LLC",69966.0,"Four Mile Mesa Solar, LLC",NM,San Juan,PNM,IPP Non-CHP,FMM,100.0,100.0,100.0,Solar Photovoltaic,Solar,SUN,PV,7.0,2027.0,"(U) Under construction, less than or equal to 50 percent complete",36.8685,-108.277
Addition,67808,"Four Mile Mesa Solar, LLC",69966.0,"Four Mile Mesa Solar, LLC",NM,San Juan,PNM,IPP Non-CHP,FMMS,100.0,100.0,100.0,Batteries,Battery storage,MWH,BA,7.0,2027.0,(T) Regulatory approvals received. Not under construction,36.8685,-108.277
Addition,13478,"Entergy New Orleans, LLC",69992.0,Sherwood Forest BESS,LA,Orleans,MISO,Electric Utility,BA1,7.7,7.7,7.7,Batteries,Battery storage,MWH,BA,7.0,2027.0,"(P) Planned for installation, but regulatory approvals not initiated",30.01266,-89.94403
Addition,18525,City of Tecumseh - (NE),2308.0,Tecumseh,NE,Johnson,SWPP,Electric Utility,6,2.1,2.1,2.1,Petroleum Liquids,Other thermal,DFO,IC,8.0,2027.0,(T) Regulatory approvals received. Not under construction,40.3664,-96.19
Addition,18525,City of Tecumseh - (NE),2308.0,Tecumseh,NE,Johnson,SWPP,Electric Utility,7,2.1,2.1,2.1,Petroleum Liquids,Other thermal,DFO,IC,8.0,2027.0,(T) Regulatory approvals received. Not under construction,40.3664,-96.19
Addition,65079,Solar Proponent LLC,65851.0,Hollow Branch Creek,TX,Madison,ERCO,IPP Non-CHP,HB2PV,460.0,460.0,460.0,Solar Photovoltaic,Solar,SUN,PV,8.0,2027.0,(L) Regulatory approvals pending. Not under construction,31.061726,-96.05606
Addition,65476,"Gransolar Texas Eight, LLC",66397.0,Tokio Solar,TX,McLennan,ERCO,IPP Non-CHP,TOKIO,170.4,168.0,168.0,Solar Photovoltaic,Solar,SUN,PV,8.0,2027.0,"(P) Planned for installation, but regulatory approvals not initiated",31.427419,-97.31086
Addition,66385,Gransolar Texas Ten LLC,67788.0,Payne Battlecreek Solar,TX,Hill,ERCO,IPP Non-CHP,GRS10,85.0,85.0,85.0,Solar Photovoltaic,Solar,SUN,PV,8.0,2027.0,(L) Regulatory approvals pending. Not under construction,31.852503,-96.75536
Addition,64904,AES Clean Energy,68040.0,Sycamore Cross Solar,VA,Isle of Wight,PJM,IPP Non-CHP,SYCAM,208.2,208.2,208.2,Solar Photovoltaic,Solar,SUN,PV,8.0,2027.0,"(P) Planned for installation, but regulatory approvals not initiated",37.017425,-76.74399
Addition,66632,"Two Rivers Solar, LLC",68198.0,Two Rivers Solar,TX,Milam,ERCO,IPP Non-CHP,TRS,214.0,214.0,214.0,Solar Photovoltaic,Solar,SUN,PV,8.0,2027.0,"(P) Planned for installation, but regulatory approvals not initiated",30.868487,-96.7357
Addition,66731,BrightNight Power,68367.0,Pepper Hammock Solar and Storage,GA,Wayne,SOCO,IPP Non-CHP,PEHA1,1200.0,1200.0,1200.0,Solar Photovoltaic,Solar,SUN,PV,8.0,2027.0,(L) Regulatory approvals pending. Not under construction,31.331,-81.759
Addition,66938,"SR Puryear, LLC",68564.0,SR Puryear,TN,Henry,TVA,IPP Non-CHP,PURYR,50.0,50.0,50.0,Solar Photovoltaic,Solar,SUN,PV,8.0,2027.0,(T) Regulatory approvals received. Not under construction,36.449856,-88.30107
Addition,67151,"Pine Forest Solar I, LLC",68906.0,Pine Forest Solar I,TX,Hopkins,DOPD,IPP Non-CHP,PFBA2,200.0,200.0,200.0,Batteries,Battery storage,MWH,BA,8.0,2027.0,"(U) Under construction, less than or equal to 50 percent complete",33.100779,-95.39229
Addition,57416,"Acciona Energy USA Global, LLC",69004.0,Adelite Storage Project LLC,TX,Milam,ERCO,IPP Non-CHP,ADELI,230.0,230.0,230.0,Batteries,Battery storage,MWH,BA,8.0,2027.0,(T) Regulatory approvals received. Not under construction,30.622383,-97.2105
Addition,66571,Clenera DevCo LLC,69058.0,CO Bar C Solar and BESS,AZ,Coconino,AZPS,IPP Non-CHP,CBCBA,206.0,206.0,206.0,Batteries,Battery storage,MWH,BA,8.0,2027.0,"(P) Planned for installation, but regulatory approvals not initiated",35.636594,-111.8835
Addition,66571,Clenera DevCo LLC,69058.0,CO Bar C Solar and BESS,AZ,Coconino,AZPS,IPP Non-CHP,CBCPV,206.0,206.0,206.0,Solar Photovoltaic,Solar,SUN,PV,8.0,2027.0,"(P) Planned for installation, but regulatory approvals not initiated",35.636594,-111.8835
Addition,5109,DTE Electric Company,69464.0,Cedar Field Solar Park,MI,Gladwin,MISO,Electric Utility,CDFSP,145.0,145.0,145.0,Solar Photovoltaic,Solar,SUN,PV,8.0,2027.0,"(U) Under construction, less than or equal to 50 percent complete",43.95,-84.55
Addition,2220,Brigham City Corporation,69668.0,Brigham City Gas,UT,Box Elder,PACE,Electric Utility,BCIC1,2.5,2.5,2.5,Natural Gas Internal Combustion Engine,Natural gas,NG,IC,8.0,2027.0,(T) Regulatory approvals received. Not under construction,41.507163,-112.0027
Addition,2220,Brigham City Corporation,69668.0,Brigham City Gas,UT,Box Elder,PACE,Electric Utility,BCIC2,2.5,2.5,2.5,Natural Gas Internal Combustion Engine,Natural gas,NG,IC,8.0,2027.0,(T) Regulatory approvals received. Not under construction,41.507163,-112.0027
Addition,2220,Brigham City Corporation,69668.0,Brigham City Gas,UT,Box Elder,PACE,Electric Utility,BCIC3,2.5,2.5,2.5,Natural Gas Internal Combustion Engine,Natural gas,NG,IC,8.0,2027.0,(T) Regulatory approvals received. Not under construction,41.507163,-112.0027
Addition,5580,"East Kentucky Power Coop, Inc",69742.0,Cooperative Solar Three-Marion,KY,Marion,PJM,Electric Utility,PV3,96.0,96.0,96.0,Solar Photovoltaic,Solar,SUN,PV,8.0,2027.0,(T) Regulatory approvals received. Not under construction,37.605113,-85.24824
Addition,67625,Kerrville Public Utility Board Public Facility Corp,69760.0,Rock Island Generating,TX,Colorado,ERCO,Electric Utility,RIG1,20.3,19.9,19.9,Natural Gas Internal Combustion Engine,Natural gas,NG,IC,8.0,2027.0,(L) Regulatory approvals pending. Not under construction,29.55068,-96.53675
Addition,67625,Kerrville Public Utility Board Public Facility Corp,69760.0,Rock Island Generating,TX,Colorado,ERCO,Electric Utility,RIG2,20.3,19.9,19.9,Natural Gas Internal Combustion Engine,Natural gas,NG,IC,8.0,2027.0,(L) Regulatory approvals pending. Not under construction,29.55068,-96.53675
Addition,67625,Kerrville Public Utility Board Public Facility Corp,69760.0,Rock Island Generating,TX,Colorado,ERCO,Electric Utility,RIG3,20.3,19.9,19.9,Natural Gas Internal Combustion Engine,Natural gas,NG,IC,8.0,2027.0,(L) Regulatory approvals pending. Not under construction,29.55068,-96.53675
Addition,67625,Kerrville Public Utility Board Public Facility Corp,69760.0,Rock Island Generating,TX,Colorado,ERCO,Electric Utility,RIG4,20.3,19.9,19.9,Natural Gas Internal Combustion Engine,Natural gas,NG,IC,8.0,2027.0,(L) Regulatory approvals pending. Not under construction,29.55068,-96.53675
Addition,67625,Kerrville Public Utility Board Public Facility Corp,69760.0,Rock Island Generating,TX,Colorado,ERCO,Electric Utility,RIG5,20.3,19.9,19.9,Natural Gas Internal Combustion Engine,Natural gas,NG,IC,8.0,2027.0,(L) Regulatory approvals pending. Not under construction,29.55068,-96.53675
Addition,67625,Kerrville Public Utility Board Public Facility Corp,69760.0,Rock Island Generating,TX,Colorado,ERCO,Electric Utility,RIG6,20.3,19.9,19.9,Natural Gas Internal Combustion Engine,Natural gas,NG,IC,8.0,2027.0,(L) Regulatory approvals pending. Not under construction,29.55068,-96.53675
Addition,67750,"Grace Orchard Interconnection, LLC",69820.0,Grace Energy Center,CA,Riverside,CISO,IPP Non-CHP,GRA1,500.0,500.0,500.0,Solar Photovoltaic,Solar,SUN,PV,8.0,2027.0,(L) Regulatory approvals pending. Not under construction,33.653564,-114.696
Addition,65654,Birch Creek Development,69978.0,Station Solar,IL,Mercer,MISO,IPP Non-CHP,STPV,40.0,40.0,40.0,Solar Photovoltaic,Solar,SUN,PV,8.0,2027.0,"(U) Under construction, less than or equal to 50 percent complete",41.0777,-90.55
Addition,67917,RE Cobalt LLC,70178.0,Cobalt,CA,Riverside,CISO,IPP Non-CHP,CBLT,250.0,250.0,250.0,Solar Photovoltaic,Solar,SUN,PV,8.0,2027.0,(T) Regulatory approvals received. Not under construction,33.571,-118.1789
Addition,13143,Board of Water Electric & Communications,1167.0,Muscatine Plant #1,IA,Muscatine,MISO,Electric Utility,10,35.0,32.6,40.0,Natural Gas Fired Combustion Turbine,Natural gas,NG,GT,9.0,2027.0,(T) Regulatory approvals received. Not under construction,41.3917,-91.0569
Addition,6667,Ergon Refining Inc,54918.0,Ergon Refining Vicksburg,MS,Warren,MISO,Industrial CHP,TM02,7.9,7.9,7.9,Natural Gas Fired Combustion Turbine,Natural gas,NG,GT,9.0,2027.0,"(U) Under construction, less than or equal to 50 percent complete",32.388271,-90.90834
Addition,6667,Ergon Refining Inc,54918.0,Ergon Refining Vicksburg,MS,Warren,MISO,Industrial CHP,TM03,7.9,7.9,7.9,Natural Gas Fired Combustion Turbine,Natural gas,NG,GT,9.0,2027.0,"(U) Under construction, less than or equal to 50 percent complete",32.388271,-90.90834
Addition,64952,"Turner Meadow Solar Station, LLC",65709.0,Turner Meadow Solar Station,ME,Androscoggin,ISNE,IPP Non-CHP,TRNR,19.8,19.8,19.8,Solar Photovoltaic,Solar,SUN,PV,9.0,2027.0,(T) Regulatory approvals received. Not under construction,44.229478,-70.28027
Addition,65644,Fish Lake Geothermal LLC,66618.0,Fish Lake Geothermal,NV,Esmeralda,NEVP,IPP Non-CHP,FL1,3.3,2.1,2.3,Geothermal,Other renewables,GEO,ST,9.0,2027.0,"(P) Planned for installation, but regulatory approvals not initiated",37.860925,-118.0341
Addition,65644,Fish Lake Geothermal LLC,66618.0,Fish Lake Geothermal,NV,Esmeralda,NEVP,IPP Non-CHP,FL2,3.3,2.9,3.1,Geothermal,Other renewables,GEO,ST,9.0,2027.0,"(P) Planned for installation, but regulatory approvals not initiated",37.860925,-118.0341
Addition,65644,Fish Lake Geothermal LLC,66618.0,Fish Lake Geothermal,NV,Esmeralda,NEVP,IPP Non-CHP,FL3,4.7,3.4,3.6,Geothermal,Other renewables,GEO,ST,9.0,2027.0,"(P) Planned for installation, but regulatory approvals not initiated",37.860925,-118.0341
Addition,65644,Fish Lake Geothermal LLC,66618.0,Fish Lake Geothermal,NV,Esmeralda,NEVP,IPP Non-CHP,FL4,6.2,4.3,4.5,Geothermal,Other renewables,GEO,ST,9.0,2027.0,"(P) Planned for installation, but regulatory approvals not initiated",37.860925,-118.0341
Addition,65644,Fish Lake Geothermal LLC,66618.0,Fish Lake Geothermal,NV,Esmeralda,NEVP,IPP Non-CHP,FL5,9.0,6.8,7.0,Geothermal,Other renewables,GEO,ST,9.0,2027.0,"(P) Planned for installation, but regulatory approvals not initiated",37.860925,-118.0341
Addition,65715,Strata Clean Energy,66703.0,Austin Creek Solar,IL,Adams,MISO,IPP Non-CHP,11103,140.0,140.0,140.0,Solar Photovoltaic,Solar,SUN,PV,9.0,2027.0,"(P) Planned for installation, but regulatory approvals not initiated",39.790103,-91.31508
Addition,65715,Strata Clean Energy,66706.0,Patoka Solar,IN,Posey,MISO,IPP Non-CHP,11101,250.0,250.0,250.0,Solar Photovoltaic,Solar,SUN,PV,9.0,2027.0,"(P) Planned for installation, but regulatory approvals not initiated",38.14033,-87.77567
Addition,65715,Strata Clean Energy,66707.0,Prairie Oak Solar,IL,Shelby,MISO,IPP Non-CHP,11102,250.0,250.0,250.0,Solar Photovoltaic,Solar,SUN,PV,9.0,2027.0,"(P) Planned for installation, but regulatory approvals not initiated",39.542799,-89.03153
Addition,65815,Sunraycer Assets I LLC,66895.0,"Lupinus Solar 1, LLC",TX,Franklin,ERCO,IPP Non-CHP,LP1BA,83.0,83.0,83.0,Batteries,Battery storage,MWH,BA,9.0,2027.0,"(P) Planned for installation, but regulatory approvals not initiated",30.303385,-95.25692
Addition,65815,Sunraycer Assets I LLC,66895.0,"Lupinus Solar 1, LLC",TX,Franklin,ERCO,IPP Non-CHP,LP1PV,165.0,165.0,165.0,Solar Photovoltaic,Solar,SUN,PV,9.0,2027.0,"(P) Planned for installation, but regulatory approvals not initiated",30.303385,-95.25692
Addition,61060,Cypress Creek Renewables,67663.0,Scotch Grove Solar,NC,Scotland,CPLE,IPP Non-CHP,SGROV,80.0,80.0,80.0,Solar Photovoltaic,Solar,SUN,PV,9.0,2027.0,(L) Regulatory approvals pending. Not under construction,34.84957,-79.44656
Addition,66369,Mission Clean Energy Devco LLC,67768.0,Cumbia Energy Center,TX,Nueces,ERCO,IPP Non-CHP,CECBA,200.0,200.0,200.0,Batteries,Battery storage,MWH,BA,9.0,2027.0,"(P) Planned for installation, but regulatory approvals not initiated",27.739083,-97.44955
Addition,66382,Gransolar Texas Eleven LLC,67784.0,Vial BESS,TX,Hill,ERCO,IPP Non-CHP,GRS11,141.4,141.4,141.4,Batteries,Battery storage,MWH,BA,9.0,2027.0,(L) Regulatory approvals pending. Not under construction,31.953772,-97.06248
Addition,66384,"GRS BESS Texas Seven, LLC",67798.0,Steelhead Energy Storage,TX,Fannin,ERCO,IPP Non-CHP,GRS7,193.7,190.1,190.1,Batteries,Battery storage,MWH,BA,9.0,2027.0,(L) Regulatory approvals pending. Not under construction,33.633102,-96.15789
Addition,66607,"Belltown Power Texas 2, LLC",68176.0,Willis Storage,TX,Rains,ERCO,IPP Non-CHP,WILBA,176.1,176.1,176.1,Batteries,Battery storage,MWH,BA,9.0,2027.0,(L) Regulatory approvals pending. Not under construction,32.870406,-95.74785
Addition,66663,"SR Horus, LLC",68249.0,SR Horus,KY,Simpson,TVA,IPP Non-CHP,METTR,79.7,79.7,79.7,Solar Photovoltaic,Solar,SUN,PV,9.0,2027.0,"(U) Under construction, less than or equal to 50 percent complete",36.661,-86.534
Addition,66731,BrightNight Power,68369.0,Starfire Mountain Solar,KY,Perry,PJM,IPP Non-CHP,STMO,410.0,410.0,410.0,Solar Photovoltaic,Solar,SUN,PV,9.0,2027.0,(L) Regulatory approvals pending. Not under construction,37.4119,-83.1206
Addition,64904,AES Clean Energy,68473.0,Brookside Solar,NY,Franklin,NYIS,IPP Non-CHP,BROOK,100.0,100.0,100.0,Solar Photovoltaic,Solar,SUN,PV,9.0,2027.0,(L) Regulatory approvals pending. Not under construction,44.932,-74.1302
Addition,67148,Cedar Range LLC,68901.0,Cedar Range Solar,TX,Hopkins,ERCO,IPP Non-CHP,PVCLA,150.0,150.0,150.0,Solar Photovoltaic,Solar,SUN,PV,9.0,2027.0,(L) Regulatory approvals pending. Not under construction,33.057483,-95.82701
Addition,67184,Gilman Solar LLC PV,68972.0,Gilman Solar LLC,IL,Iroquois,MISO,IPP Non-CHP,11253,4.5,4.5,4.3,Solar Photovoltaic,Solar,SUN,PV,9.0,2027.0,"(U) Under construction, less than or equal to 50 percent complete",40.764392,-87.99916
Addition,57416,"Acciona Energy USA Global, LLC",69110.0,Coneflower Storage Project LLC,TX,Chambers,ERCO,IPP Non-CHP,CONEF,170.9,170.9,170.9,Batteries,Battery storage,MWH,BA,9.0,2027.0,(L) Regulatory approvals pending. Not under construction,29.8547,-94.9254
Addition,3046,Duke Energy Progress - (NC),69119.0,New Hill 1 Battery,NC,Wake,CPLE,Electric Utility,NHBA1,56.0,56.0,56.0,Batteries,Battery storage,MWH,BA,9.0,2027.0,"(U) Under construction, less than or equal to 50 percent complete",35.659692,-78.94412
Addition,66509,Red River Clean Energy,69120.0,Resaca Oasis Storage,TX,Cameron,ERCO,IPP Non-CHP,RESBS,200.7,200.7,200.7,Batteries,Battery storage,MWH,BA,9.0,2027.0,(T) Regulatory approvals received. Not under construction,25.978783,-97.37263
Addition,67289,SV CSG Ottawa 1 LLC,69160.0,SV CSG Ottawa 1,IL,LaSalle,MISO,IPP Non-CHP,OTTA1,3.0,3.0,3.0,Solar Photovoltaic,Solar,SUN,PV,9.0,2027.0,(L) Regulatory approvals pending. Not under construction,41.340799,-88.77689
Addition,5109,DTE Electric Company,69466.0,City of Detroit Greenfield,MI,Wayne,MISO,Electric Utility,GRESP,7.0,7.0,7.0,Solar Photovoltaic,Solar,SUN,PV,9.0,2027.0,"(U) Under construction, less than or equal to 50 percent complete",42.420589,-83.09909
Addition,58468,Dominion Renewable Energy,69474.0,Sweet Sue Solar,VA,King William,PJM,IPP Non-CHP,SWTSU,74.8,74.8,74.8,Solar Photovoltaic,Solar,SUN,PV,9.0,2027.0,"(V) Under construction, more than 50 percent complete",37.762,-77.191
Addition,49893,Invenergy Services LLC,69480.0,High Noon Solar Energy LLC,WI,Columbia,MISO,IPP Non-CHP,HGHNN,300.0,300.0,300.0,Solar Photovoltaic,Solar,SUN,PV,9.0,2027.0,"(U) Under construction, less than or equal to 50 percent complete",43.35326,-89.34738
Addition,67630,Energizar Storage LLC,69721.0,Energizar BESS,MA,Suffolk,ISNE,IPP Non-CHP,BESS1,250.0,250.0,250.0,Batteries,Battery storage,MWH,BA,9.0,2027.0,(L) Regulatory approvals pending. Not under construction,42.39556,-71.02218
Addition,67738,Fermi America,69799.0,Project Matador Gas Plant (PMG),TX,Carson,ERCO,IPP Non-CHP,F1G01,260.0,242.7,242.7,Natural Gas Fired Combined Cycle,Natural gas,NG,CT,9.0,2027.0,"(P) Planned for installation, but regulatory approvals not initiated",35.283762,-101.569
Addition,67738,Fermi America,69799.0,Project Matador Gas Plant (PMG),TX,Carson,ERCO,IPP Non-CHP,F1G02,260.0,242.7,242.7,Natural Gas Fired Combined Cycle,Natural gas,NG,CT,9.0,2027.0,"(P) Planned for installation, but regulatory approvals not initiated",35.283762,-101.569
Addition,67738,Fermi America,69799.0,Project Matador Gas Plant (PMG),TX,Carson,ERCO,IPP Non-CHP,F1G03,260.0,242.7,242.7,Natural Gas Fired Combined Cycle,Natural gas,NG,CT,9.0,2027.0,"(P) Planned for installation, but regulatory approvals not initiated",35.283762,-101.569
Addition,67738,Fermi America,69799.0,Project Matador Gas Plant (PMG),TX,Carson,ERCO,IPP Non-CHP,F2G01,260.0,242.7,242.7,Natural Gas Fired Combined Cycle,Natural gas,NG,CT,9.0,2027.0,"(P) Planned for installation, but regulatory approvals not initiated",35.283762,-101.569
Addition,67738,Fermi America,69799.0,Project Matador Gas Plant (PMG),TX,Carson,ERCO,IPP Non-CHP,F2G02,260.0,242.7,242.7,Natural Gas Fired Combined Cycle,Natural gas,NG,CT,9.0,2027.0,"(P) Planned for installation, but regulatory approvals not initiated",35.283762,-101.569
Addition,67738,Fermi America,69799.0,Project Matador Gas Plant (PMG),TX,Carson,ERCO,IPP Non-CHP,F2G03,260.0,242.7,242.7,Natural Gas Fired Combined Cycle,Natural gas,NG,CT,9.0,2027.0,"(P) Planned for installation, but regulatory approvals not initiated",35.283762,-101.569
Addition,67734,ENGIE Distributed Renewables Development LLC,69804.0,Menard 1,IL,Menard,MISO,IPP Non-CHP,MEPV1,2.8,2.8,2.8,Solar Photovoltaic,Solar,SUN,PV,9.0,2027.0,"(U) Under construction, less than or equal to 50 percent complete",40.089,-89.723
Addition,67741,"SV CSG Mahomet, LLC",69810.0,SV CSG Mahomet,IL,Champaign,MISO,IPP Non-CHP,MAHOM,3.5,3.5,3.5,Solar Photovoltaic,Solar,SUN,PV,9.0,2027.0,(L) Regulatory approvals pending. Not under construction,40.193189,-88.37984
Addition,67740,"SV CSG South Roxana, LLC",69821.0,SV CSG South Roxana,IL,Madison,MISO,IPP Non-CHP,SROX,5.0,5.0,5.0,Solar Photovoltaic,Solar,SUN,PV,9.0,2027.0,(L) Regulatory approvals pending. Not under construction,38.811582,-90.0515
Addition,67777,"HQCA Energy Solutions, LLC",69894.0,E 1300 Street Solar LLC,IL,Henry,MISO,IPP Non-CHP,13PV1,5.0,5.0,5.0,Solar Photovoltaic,Solar,SUN,PV,9.0,2027.0,(L) Regulatory approvals pending. Not under construction,41.310529,-90.18478
Addition,67778,"Milford Solar Phase II, LLC",69930.0,Milford Solar Phase II,UT,Beaver,LDWP,IPP Non-CHP,MS2,310.0,310.0,310.0,Solar Photovoltaic,Solar,SUN,PV,9.0,2027.0,"(U) Under construction, less than or equal to 50 percent complete",38.522442,-113.0148
Addition,67814,"Corazon Energy Storage, LLC",69974.0,Corazon Energy Storage,NM,Bernalillo,PNM,IPP Non-CHP,CRZN1,150.0,150.0,150.0,Batteries,Battery storage,MWH,BA,9.0,2027.0,(T) Regulatory approvals received. Not under construction,35.003482,-106.742
Addition,65677,Dimension Energy LLC,69994.0,Montour Tower Drive Solar LLC,PA,Columbia,PJM,IPP Non-CHP,MONTR,3.0,3.0,3.0,Solar Photovoltaic,Solar,SUN,PV,9.0,2027.0,(T) Regulatory approvals received. Not under construction,40.981975,-76.52315
Addition,67838,Pinopolis BESS LLC,70020.0,Pinopolis BESS,SC,Berkeley,SC,IPP Non-CHP,1,300.0,300.0,300.0,Batteries,Battery storage,MWH,BA,9.0,2027.0,"(P) Planned for installation, but regulatory approvals not initiated",33.246764,-79.98517
Addition,49893,Invenergy Services LLC,70023.0,Edgecombe Solar LLC,NC,Edgecombe,PJM,IPP Non-CHP,EDGCM,75.0,75.0,75.0,Solar Photovoltaic,Solar,SUN,PV,9.0,2027.0,"(U) Under construction, less than or equal to 50 percent complete",35.949381,-77.65926
Addition,63599,Pure Hedge LLC,50736.0,Pure Hedge LLC,CT,Windham,ISNE,IPP Non-CHP,FSS13,20.0,20.0,20.0,Batteries,Battery storage,MWH,BA,10.0,2027.0,"(U) Under construction, less than or equal to 50 percent complete",41.712448,-71.82225
Addition,63599,Pure Hedge LLC,50736.0,Pure Hedge LLC,CT,Windham,ISNE,IPP Non-CHP,FSS17,70.0,70.0,70.0,Solar Photovoltaic,Solar,SUN,PV,10.0,2027.0,"(U) Under construction, less than or equal to 50 percent complete",41.712448,-71.82225
Addition,803,Arizona Public Service Co,55455.0,Red Hawk,AZ,Maricopa,SRP,Electric Utility,CT10,49.0,45.0,49.0,Natural Gas Fired Combustion Turbine,Natural gas,NG,GT,10.0,2027.0,"(U) Under construction, less than or equal to 50 percent complete",33.334562,-112.8406
Addition,803,Arizona Public Service Co,55455.0,Red Hawk,AZ,Maricopa,SRP,Electric Utility,CT3,49.0,45.0,49.0,Natural Gas Fired Combustion Turbine,Natural gas,NG,GT,10.0,2027.0,"(U) Under construction, less than or equal to 50 percent complete",33.334562,-112.8406
Addition,803,Arizona Public Service Co,55455.0,Red Hawk,AZ,Maricopa,SRP,Electric Utility,CT4,49.0,45.0,49.0,Natural Gas Fired Combustion Turbine,Natural gas,NG,GT,10.0,2027.0,"(U) Under construction, less than or equal to 50 percent complete",33.334562,-112.8406
Addition,803,Arizona Public Service Co,55455.0,Red Hawk,AZ,Maricopa,SRP,Electric Utility,CT5,49.0,45.0,49.0,Natural Gas Fired Combustion Turbine,Natural gas,NG,GT,10.0,2027.0,"(U) Under construction, less than or equal to 50 percent complete",33.334562,-112.8406
Addition,803,Arizona Public Service Co,55455.0,Red Hawk,AZ,Maricopa,SRP,Electric Utility,CT6,49.0,45.0,49.0,Natural Gas Fired Combustion Turbine,Natural gas,NG,GT,10.0,2027.0,"(U) Under construction, less than or equal to 50 percent complete",33.334562,-112.8406
Addition,803,Arizona Public Service Co,55455.0,Red Hawk,AZ,Maricopa,SRP,Electric Utility,CT7,49.0,45.0,49.0,Natural Gas Fired Combustion Turbine,Natural gas,NG,GT,10.0,2027.0,"(U) Under construction, less than or equal to 50 percent complete",33.334562,-112.8406
Addition,803,Arizona Public Service Co,55455.0,Red Hawk,AZ,Maricopa,SRP,Electric Utility,CT8,49.0,45.0,49.0,Natural Gas Fired Combustion Turbine,Natural gas,NG,GT,10.0,2027.0,"(U) Under construction, less than or equal to 50 percent complete",33.334562,-112.8406
Addition,803,Arizona Public Service Co,55455.0,Red Hawk,AZ,Maricopa,SRP,Electric Utility,CT9,49.0,45.0,49.0,Natural Gas Fired Combustion Turbine,Natural gas,NG,GT,10.0,2027.0,"(U) Under construction, less than or equal to 50 percent complete",33.334562,-112.8406
Addition,66881,Hills Solar NY LLC,62895.0,SunEast Hills Solar Project,NY,Herkimer,NYIS,IPP Non-CHP,Q581,20.0,20.0,20.0,Solar Photovoltaic,Solar,SUN,PV,10.0,2027.0,(T) Regulatory approvals received. Not under construction,43.068296,-74.84923
Addition,63492,"West River Solar, LLC",63806.0,"West River Solar, LLC",NC,Guilford,DUK,IPP Non-CHP,PGR28,40.0,40.0,40.0,Solar Photovoltaic,Solar,SUN,PV,10.0,2027.0,"(U) Under construction, less than or equal to 50 percent complete",36.043671,-79.64174
Addition,66879,Grassy Knoll Solar NY LLC,63863.0,SunEast Grassy Knoll Solar Project,NY,Herkimer,NYIS,IPP Non-CHP,Q#885,20.0,20.0,20.0,Solar Photovoltaic,Solar,SUN,PV,10.0,2027.0,(T) Regulatory approvals received. Not under construction,43.065379,-74.84372
Addition,65124,Plum Nellie Wind Farm LLC,65948.0,Plum Nellie Wind Farm LLC,KS,Cloud,SWPP,IPP Non-CHP,PNW01,201.6,201.6,201.6,Onshore Wind Turbine,Wind,WND,WT,10.0,2027.0,"(P) Planned for installation, but regulatory approvals not initiated",39.376786,-97.55649
Addition,65475,"Gransolar Texas Fifteen, LLC",66396.0,Naduah Solar,TX,Limestone,ERCO,IPP Non-CHP,NDUAH,102.3,77.6,77.6,Solar Photovoltaic,Solar,SUN,PV,10.0,2027.0,"(P) Planned for installation, but regulatory approvals not initiated",31.521467,-96.67385
Addition,66905,HEC Renewable Energy America LLC,66401.0,OCI Hillsboro,TX,Hill,ERCO,IPP Non-CHP,OHLPV,200.0,200.0,200.0,Solar Photovoltaic,Solar,SUN,PV,10.0,2027.0,"(P) Planned for installation, but regulatory approvals not initiated",31.941,-97.021
Addition,50123,"Leeward Asset Management, LLC",67173.0,Hoosier Line Solar,IN,White,PJM,IPP Non-CHP,HLW00,180.0,180.0,180.0,Solar Photovoltaic,Solar,SUN,PV,10.0,2027.0,"(P) Planned for installation, but regulatory approvals not initiated",40.851153,-86.94475
Addition,66950,Lydian Energy,67222.0,Yellow Viking Solar,TX,Somervell,ERCO,IPP Non-CHP,1,170.0,170.0,170.0,Solar Photovoltaic,Solar,SUN,PV,10.0,2027.0,(L) Regulatory approvals pending. Not under construction,32.31664,-97.62889
Addition,66254,"Greenalia Solar Power Leitrim, LLC",67544.0,Leitrim Solar Park,TX,Hill,ERCO,IPP Non-CHP,LEGSP,91.2,91.2,91.2,Solar Photovoltaic,Solar,SUN,PV,10.0,2027.0,(T) Regulatory approvals received. Not under construction,31.79623,-97.20278
Addition,19436,Union Electric Co - (MO),67576.0,Castle Bluff Energy Center,MO,St Louis,MISO,Electric Utility,1,216.0,175.0,181.0,Natural Gas Fired Combustion Turbine,Natural gas,NG,GT,10.0,2027.0,"(P) Planned for installation, but regulatory approvals not initiated",38.4017,-90.3358
Addition,19436,Union Electric Co - (MO),67576.0,Castle Bluff Energy Center,MO,St Louis,MISO,Electric Utility,2,216.0,175.0,181.0,Natural Gas Fired Combustion Turbine,Natural gas,NG,GT,10.0,2027.0,"(P) Planned for installation, but regulatory approvals not initiated",38.4017,-90.3358
Addition,19436,Union Electric Co - (MO),67576.0,Castle Bluff Energy Center,MO,St Louis,MISO,Electric Utility,3,216.0,175.0,181.0,Natural Gas Fired Combustion Turbine,Natural gas,NG,GT,10.0,2027.0,"(P) Planned for installation, but regulatory approvals not initiated",38.4017,-90.3358
Addition,61060,Cypress Creek Renewables,67665.0,South Davidson,NC,Davidson,DUK,IPP Non-CHP,SDAVI,80.0,80.0,80.0,Solar Photovoltaic,Solar,SUN,PV,10.0,2027.0,(L) Regulatory approvals pending. Not under construction,35.618203,-80.10797
Addition,66447,Gladys Solar LLC,67871.0,Gladys Solar LLC,VA,Campbell,PJM,IPP Non-CHP,ENX29,60.4,60.4,60.4,Solar Photovoltaic,Solar,SUN,PV,10.0,2027.0,"(P) Planned for installation, but regulatory approvals not initiated",37.143719,-79.14207
Addition,66509,Red River Clean Energy,67956.0,Concho Pearl Solar and Storage,TX,Concho,ERCO,IPP Non-CHP,CONBS,162.4,162.4,162.4,Batteries,Battery storage,MWH,BA,10.0,2027.0,(T) Regulatory approvals received. Not under construction,31.465492,-99.93435
Addition,66509,Red River Clean Energy,67956.0,Concho Pearl Solar and Storage,TX,Concho,ERCO,IPP Non-CHP,CONPV,171.9,171.9,171.9,Solar Photovoltaic,Solar,SUN,PV,10.0,2027.0,(T) Regulatory approvals received. Not under construction,31.465492,-99.93435
Addition,66530,"Sandersville Solar, LLC",67988.0,Sandersville Solar,GA,Washington,SOCO,IPP Non-CHP,PGR28,50.0,50.0,50.0,Solar Photovoltaic,Solar,SUN,PV,10.0,2027.0,(L) Regulatory approvals pending. Not under construction,32.987105,-82.75254
Addition,64545,Vesper Energy Development LLC,68030.0,Red Hollow Renewable Energy,TX,Archer,ERCO,IPP Non-CHP,RDHLW,300.0,300.0,300.0,Solar Photovoltaic,Solar,SUN,PV,10.0,2027.0,"(P) Planned for installation, but regulatory approvals not initiated",33.564936,-98.612
Addition,64545,Vesper Energy Development LLC,68030.0,Red Hollow Renewable Energy,TX,Archer,ERCO,IPP Non-CHP,RHLWB,300.0,300.0,300.0,Batteries,Battery storage,MWH,BA,10.0,2027.0,"(P) Planned for installation, but regulatory approvals not initiated",33.564936,-98.612
Addition,66568,"Alabama Creek Solar, LLC",68057.0,Alabama Creek Solar,AL,Dallas,SOCO,IPP Non-CHP,BAMA1,80.0,80.0,80.0,Solar Photovoltaic,Solar,SUN,PV,10.0,2027.0,(T) Regulatory approvals received. Not under construction,32.315548,-87.22312
Addition,66630,"Riverstone Solar, LLC",68194.0,Riverstone Solar,VA,Buckingham,PJM,IPP Non-CHP,RIVER,149.5,149.5,149.5,Solar Photovoltaic,Solar,SUN,PV,10.0,2027.0,(T) Regulatory approvals received. Not under construction,37.72839,-78.45188
Addition,66686,"FRON bn, LLC",68293.0,Frontier Solar,KY,Washington,LGEE,IPP Non-CHP,FRON,120.0,120.0,120.0,Solar Photovoltaic,Solar,SUN,PV,10.0,2027.0,(T) Regulatory approvals received. Not under construction,37.605063,-85.24822
Addition,66741,Lotus Solar LLC,68337.0,Lotus Solar,SC,Darlington,CPLE,IPP Non-CHP,LOTUS,75.0,75.0,75.0,Solar Photovoltaic,Solar,SUN,PV,10.0,2027.0,(T) Regulatory approvals received. Not under construction,34.447832,-80.10356
Addition,66836,"Mustang Creek Solar I, LLC",68478.0,Darkwood Solar,TX,Comanche,ERCO,IPP Non-CHP,DRK,150.7,150.7,150.7,Solar Photovoltaic,Solar,SUN,PV,10.0,2027.0,(L) Regulatory approvals pending. Not under construction,31.928528,-98.4241
Addition,66950,Lydian Energy,68583.0,Rock N' Roll,TX,Brazoria,ERCO,IPP Non-CHP,RRB,250.0,250.0,250.0,Batteries,Battery storage,MWH,BA,10.0,2027.0,(L) Regulatory approvals pending. Not under construction,29.299371,-95.42218
Addition,6452,Florida Power & Light Co,68825.0,Pinecone,FL,Calhoun,FPL,Electric Utility,1,74.5,74.5,74.5,Solar Photovoltaic,Solar,SUN,PV,10.0,2027.0,"(U) Under construction, less than or equal to 50 percent complete",30.439415,-85.25499
Addition,6452,Florida Power & Light Co,68826.0,Saddle,FL,Calhoun,FPL,Electric Utility,1,74.5,74.5,74.5,Solar Photovoltaic,Solar,SUN,PV,10.0,2027.0,"(U) Under construction, less than or equal to 50 percent complete",30.439415,-85.25499
Addition,6452,Florida Power & Light Co,68827.0,Spanish Moss,FL,St Lucie,FPL,Electric Utility,1,74.5,74.5,74.5,Solar Photovoltaic,Solar,SUN,PV,10.0,2027.0,"(U) Under construction, less than or equal to 50 percent complete",27.509782,-80.56447
Addition,6452,Florida Power & Light Co,68835.0,Joshua Creek,FL,DeSoto,FPL,Electric Utility,1,74.5,74.5,74.5,Solar Photovoltaic,Solar,SUN,PV,10.0,2027.0,"(U) Under construction, less than or equal to 50 percent complete",27.282662,-81.77522
Addition,67146,Badger State Solar LLC,68900.0,Badger State Solar LLC,WI,Jefferson,MISO,IPP Non-CHP,BSS,149.0,149.0,149.0,Solar Photovoltaic,Solar,SUN,PV,10.0,2027.0,"(V) Under construction, more than 50 percent complete",43.012287,-88.86356
Addition,67453,"Red Egret, LLC",69364.0,Red Egret,TX,Galveston,ERCO,IPP Non-CHP,REDEG,300.0,300.0,300.0,Batteries,Battery storage,MWH,BA,10.0,2027.0,"(U) Under construction, less than or equal to 50 percent complete",29.4229,-95.0049
Addition,67532,"Chester Solar Technology Park, LLC",69582.0,"Chester Solar Technology Park, LLC",VA,Chesterfield,PJM,IPP Non-CHP,CSTP,160.0,160.0,160.0,Solar Photovoltaic,Solar,SUN,PV,10.0,2027.0,(L) Regulatory approvals pending. Not under construction,37.317,-77.466
Addition,67592,Lucky 7 Solar Farm LLC,69687.0,Lucky 7 Solar Farm LLC,TX,Hopkins,ERCO,IPP Non-CHP,L7SF,100.0,100.0,100.0,Solar Photovoltaic,Solar,SUN,PV,10.0,2027.0,"(U) Under construction, less than or equal to 50 percent complete",33.082,-95.721
Addition,67750,"Grace Orchard Interconnection, LLC",69820.0,Grace Energy Center,CA,Riverside,CISO,IPP Non-CHP,GRA2,500.0,500.0,500.0,Batteries,Battery storage,MWH,BA,10.0,2027.0,(L) Regulatory approvals pending. Not under construction,33.653564,-114.696
Addition,62759,Geronimo Power,69981.0,"Grant Solar, LLC",SD,McCook,MISO,IPP Non-CHP,GRNTS,99.0,99.0,99.0,Solar Photovoltaic,Solar,SUN,PV,10.0,2027.0,(L) Regulatory approvals pending. Not under construction,43.550003,-97.26738
Addition,67704,"Cone Renewable Energy Project, LLC",60272.0,"Cone Renewable Energy Project, LLC",TX,Crosby,ERCO,IPP Non-CHP,WT1,150.0,150.0,150.0,Onshore Wind Turbine,Wind,WND,WT,11.0,2027.0,(L) Regulatory approvals pending. Not under construction,33.8093,-101.3424
Addition,61729,Culpepper Solar,62221.0,Culpepper Solar,SC,Darlington,CPLE,IPP Non-CHP,33,74.9,74.9,74.9,Solar Photovoltaic,Solar,SUN,PV,11.0,2027.0,(T) Regulatory approvals received. Not under construction,34.465864,-79.96044
Addition,61808,Rollins Solar,62295.0,Rollins Solar,SC,Darlington,CPLE,IPP Non-CHP,67,74.9,74.9,74.9,Solar Photovoltaic,Solar,SUN,PV,11.0,2027.0,(T) Regulatory approvals received. Not under construction,34.353572,-80.01618
Addition,61809,Ross Solar,62296.0,Ross Solar,SC,Darlington,CPLE,IPP Non-CHP,68,74.9,74.9,74.9,Solar Photovoltaic,Solar,SUN,PV,11.0,2027.0,(T) Regulatory approvals received. Not under construction,34.444756,-79.85173
Addition,61831,Shorthorn Solar,62310.0,Shorthorn Solar,SC,Lee,CPLE,IPP Non-CHP,74,60.0,60.0,60.0,Solar Photovoltaic,Solar,SUN,PV,11.0,2027.0,(T) Regulatory approvals received. Not under construction,34.246975,-80.15782
Addition,67011,"Lock 11 Hydro Partners, LLC",62390.0,KY No. 11 L&D Hydroelectric Project,KY,Estill,PJM,IPP Non-CHP,6,0.6,0.6,0.6,Conventional Hydroelectric,Hydro,WAT,HY,11.0,2027.0,(T) Regulatory approvals received. Not under construction,37.78401,-84.10329
Addition,67011,"Lock 11 Hydro Partners, LLC",62390.0,KY No. 11 L&D Hydroelectric Project,KY,Estill,PJM,IPP Non-CHP,NA1,0.6,0.6,0.6,Conventional Hydroelectric,Hydro,WAT,HY,11.0,2027.0,(T) Regulatory approvals received. Not under construction,37.78401,-84.10329
Addition,67011,"Lock 11 Hydro Partners, LLC",62390.0,KY No. 11 L&D Hydroelectric Project,KY,Estill,PJM,IPP Non-CHP,NA2,0.6,0.6,0.6,Conventional Hydroelectric,Hydro,WAT,HY,11.0,2027.0,(T) Regulatory approvals received. Not under construction,37.78401,-84.10329
Addition,67011,"Lock 11 Hydro Partners, LLC",62390.0,KY No. 11 L&D Hydroelectric Project,KY,Estill,PJM,IPP Non-CHP,NA3,0.2,0.2,0.2,Conventional Hydroelectric,Hydro,WAT,HY,11.0,2027.0,(T) Regulatory approvals received. Not under construction,37.78401,-84.10329
Addition,67011,"Lock 11 Hydro Partners, LLC",62390.0,KY No. 11 L&D Hydroelectric Project,KY,Estill,PJM,IPP Non-CHP,NA4,0.2,0.2,0.2,Conventional Hydroelectric,Hydro,WAT,HY,11.0,2027.0,(T) Regulatory approvals received. Not under construction,37.78401,-84.10329
Addition,67011,"Lock 11 Hydro Partners, LLC",62390.0,KY No. 11 L&D Hydroelectric Project,KY,Estill,PJM,IPP Non-CHP,NA5,0.6,0.6,0.6,Conventional Hydroelectric,Hydro,WAT,HY,11.0,2027.0,(T) Regulatory approvals received. Not under construction,37.78401,-84.10329
Addition,66886,Watkins Road Solar NY LLC,62896.0,SunEast Watkins Road Solar Project,NY,Herkimer,NYIS,IPP Non-CHP,Q586,20.0,20.0,20.0,Solar Photovoltaic,Solar,SUN,PV,11.0,2027.0,(T) Regulatory approvals received. Not under construction,43.06127,-75.05584
Addition,63954,Shepherd's Run Solar,64188.0,Shepherd's Run Solar,NY,Columbia,NYIS,IPP Non-CHP,PV,42.0,42.0,42.0,Solar Photovoltaic,Solar,SUN,PV,11.0,2027.0,"(P) Planned for installation, but regulatory approvals not initiated",42.16141,-73.57453
Addition,64452,"EDF Renewables Development, Inc.",65051.0,Tracy Solar Energy Center,NY,Jefferson,NYIS,IPP Non-CHP,TSEC,119.0,119.0,119.0,Solar Photovoltaic,Solar,SUN,PV,11.0,2027.0,(L) Regulatory approvals pending. Not under construction,44.175939,-75.98513
Addition,64452,"EDF Renewables Development, Inc.",65052.0,Homer Solar Energy Center,NY,Cortland,NYIS,IPP Non-CHP,HSEC,90.0,90.0,90.0,Solar Photovoltaic,Solar,SUN,PV,11.0,2027.0,(L) Regulatory approvals pending. Not under construction,42.658652,-76.09993
Addition,65096,"Hatchery Solar, LLC",65901.0,Hatchery Solar,NY,Livingston,NYIS,IPP Non-CHP,6,20.0,20.0,20.0,Solar Photovoltaic,Solar,SUN,PV,11.0,2027.0,(T) Regulatory approvals received. Not under construction,42.976583,-77.76974
Addition,61060,Cypress Creek Renewables,66363.0,"Black Walnut Solar, LLC",NC,Jones,DUK,IPP Non-CHP,GEN1,80.0,80.0,80.0,Solar Photovoltaic,Solar,SUN,PV,11.0,2027.0,(L) Regulatory approvals pending. Not under construction,35.050032,-77.15218
Addition,61060,Cypress Creek Renewables,66383.0,Hyco Solar LLC,NC,Person,DUK,IPP Non-CHP,GEN1,80.0,80.0,80.0,Solar Photovoltaic,Solar,SUN,PV,11.0,2027.0,(L) Regulatory approvals pending. Not under construction,36.484574,-79.13311
Addition,64452,"EDF Renewables Development, Inc.",67226.0,Rock House Solar,GA,McDuffie,SOCO,IPP Non-CHP,ROCKH,250.0,250.0,250.0,Solar Photovoltaic,Solar,SUN,PV,11.0,2027.0,"(P) Planned for installation, but regulatory approvals not initiated",33.4481,-82.4039
Addition,61060,Cypress Creek Renewables,67667.0,"Third Coast BESS, LLC",TX,Jackson,ERCO,IPP Non-CHP,3COAS,100.0,100.0,100.0,Batteries,Battery storage,MWH,BA,11.0,2027.0,(T) Regulatory approvals received. Not under construction,28.852327,-96.55642
Addition,66371,Gransolar Texas Twenty LLC,67773.0,Cosper Solar,TX,Bell,ERCO,IPP Non-CHP,GRS20,148.2,148.0,148.0,Solar Photovoltaic,Solar,SUN,PV,11.0,2027.0,(L) Regulatory approvals pending. Not under construction,30.994225,-97.79588
Addition,66461,Two Oaks Solar and Storage,67884.0,Two Oaks Solar and Storage LLC,VA,Louisa,PJM,IPP Non-CHP,ENX28,50.0,50.0,50.0,Batteries,Battery storage,MWH,BA,11.0,2027.0,"(P) Planned for installation, but regulatory approvals not initiated",38.013053,-77.93117
Addition,66531,"Drawhorn Solar, LLC",67989.0,Drawhorn Solar,GA,Hancock,SOCO,IPP Non-CHP,PGR28,80.0,80.0,80.0,Solar Photovoltaic,Solar,SUN,PV,11.0,2027.0,(L) Regulatory approvals pending. Not under construction,33.214449,-83.04206
Addition,12685,Entergy Mississippi LLC,68028.0,Delta Solar Plant,LA,Bolivar,MISO,Electric Utility,DSP,80.0,80.0,80.0,Solar Photovoltaic,Solar,SUN,PV,11.0,2027.0,"(P) Planned for installation, but regulatory approvals not initiated",33.794007,-90.71392
Addition,64545,Vesper Energy Development LLC,68035.0,Syracuse and Tours Renewable Energy,CA,Kern,CISO,IPP Non-CHP,SYTOB,40.0,40.0,40.0,Batteries,Battery storage,MWH,BA,11.0,2027.0,(T) Regulatory approvals received. Not under construction,34.951078,-118.3083
Addition,64545,Vesper Energy Development LLC,68035.0,Syracuse and Tours Renewable Energy,CA,Kern,CISO,IPP Non-CHP,SYTOR,40.0,40.0,40.0,Solar Photovoltaic,Solar,SUN,PV,11.0,2027.0,(T) Regulatory approvals received. Not under construction,34.951078,-118.3083
Addition,67134,"Wildcat Ranch Energy Storage, LLC",68877.0,Wildcat Ranch Energy Storage,TX,Cochran,PNM,IPP Non-CHP,WLDC1,120.0,107.5,120.0,Batteries,Battery storage,MWH,BA,11.0,2027.0,"(P) Planned for installation, but regulatory approvals not initiated",33.524176,-102.8773
Addition,67205,"Dover Solar, LLC (PA)",68995.0,Dover Solar (PA),PA,York,PJM,IPP Non-CHP,ENX38,75.0,75.0,75.0,Solar Photovoltaic,Solar,SUN,PV,11.0,2027.0,(T) Regulatory approvals received. Not under construction,40.01169,-76.8234
Addition,67739,"Cabokenze Energy Storage, LLC",69823.0,Cabokenze Energy Storage,GA,Burke,SOCO,IPP Non-CHP,CABOK,76.0,76.0,76.0,Batteries,Battery storage,MWH,BA,11.0,2027.0,"(P) Planned for installation, but regulatory approvals not initiated",33.037636,-82.11924
Addition,65677,Dimension Energy LLC,69995.0,Muncy Creek Lime Bluff Road Solar,PA,Lycoming,PJM,IPP Non-CHP,MUNCL,3.0,3.0,3.0,Solar Photovoltaic,Solar,SUN,PV,11.0,2027.0,(T) Regulatory approvals received. Not under construction,41.22184,-76.75467
Addition,67860,CVE US PA Burrell 396 LLC,70080.0,Burrell - PA 0396 (Copeland),PA,Armstrong,PJM,IPP Non-CHP,396,3.0,3.0,3.0,Solar Photovoltaic,Solar,SUN,PV,11.0,2027.0,"(U) Under construction, less than or equal to 50 percent complete",40.65921,-79.43822
Addition,13781,Northern States Power Co - Minnesota,70097.0,Sherco BESS,MN,Sherburne,MISO,Electric Utility,SWB,300.0,300.0,300.0,Batteries,Battery storage,MWH,BA,11.0,2027.0,"(U) Under construction, less than or equal to 50 percent complete",45.372125,-93.89978
Addition,67904,CVE US PA Latrobe 385 LLC,70166.0,Unity - PA 0385 (Soccerhound),PA,Clearfield,PJM,IPP Non-CHP,385,3.0,3.0,3.0,Solar Photovoltaic,Solar,SUN,PV,11.0,2027.0,"(U) Under construction, less than or equal to 50 percent complete",40.25174,-79.35354
Addition,67910,CVE US PA Kittanning 383 LLC,70172.0,Kittanning - PA 0383 (Hoeter),PA,Armstrong,PJM,IPP Non-CHP,383,3.0,3.0,3.0,Solar Photovoltaic,Solar,SUN,PV,11.0,2027.0,"(U) Under construction, less than or equal to 50 percent complete",40.82161,-79.33393
Addition,67918,"Flatland Solar Energy, LLC",70183.0,Flatland Solar,TX,Scurry,ERCO,IPP Non-CHP,FSPV,180.0,180.0,180.0,Solar Photovoltaic,Solar,SUN,PV,11.0,2027.0,(L) Regulatory approvals pending. Not under construction,32.618367,-100.9789
Addition,67923,"Mammoth Plains Energy Storage, LLC",70195.0,Mammoth Plains Energy Storage,OK,Dewey,SPA,IPP Non-CHP,MAMM1,150.0,150.0,150.0,Batteries,Battery storage,MWH,BA,11.0,2027.0,"(P) Planned for installation, but regulatory approvals not initiated",35.981842,-98.70672
Addition,67924,"Lorenzo Energy Storage, LLC",70197.0,Lorenzo Energy Storage,TX,Crosby,SWPP,IPP Non-CHP,LORE1,50.0,50.0,50.0,Batteries,Battery storage,MWH,BA,11.0,2027.0,"(P) Planned for installation, but regulatory approvals not initiated",33.749367,-101.4829
Addition,67925,"Palo Duro Energy Storage, LLC",70199.0,Palo Duro Energy Storage,TX,Ochiltree,SWPP,IPP Non-CHP,PALO1,150.0,150.0,150.0,Batteries,Battery storage,MWH,BA,11.0,2027.0,"(P) Planned for installation, but regulatory approvals not initiated",36.4106,-101.0102
Addition,67944,"Dry Creek Energy Storage, LLC",70256.0,"Dry Creek Energy Storage, LLC",CA,Sacramento,BANC,IPP Non-CHP,DCES,160.0,160.0,160.0,Batteries,Battery storage,MWH,BA,11.0,2027.0,(T) Regulatory approvals received. Not under construction,38.347139,-121.1209
Addition,7140,Georgia Power Co,728.0,Yates,GA,Coweta,SOCO,Electric Utility,10,482.8,418.4,441.5,Natural Gas Fired Combustion Turbine,Natural gas,NG,GT,12.0,2027.0,"(P) Planned for installation, but regulatory approvals not initiated",33.4622,-84.8986
Addition,7140,Georgia Power Co,728.0,Yates,GA,Coweta,SOCO,Electric Utility,9,482.8,418.4,441.5,Natural Gas Fired Combustion Turbine,Natural gas,NG,GT,12.0,2027.0,"(P) Planned for installation, but regulatory approvals not initiated",33.4622,-84.8986
Addition,18642,Tennessee Valley Authority,3407.0,Kingston,TN,Roane,TVA,Electric Utility,CTG1,454.8,372.9,409.3,Natural Gas Fired Combined Cycle,Natural gas,NG,CT,12.0,2027.0,"(P) Planned for installation, but regulatory approvals not initiated",35.8992,-84.5194
Addition,18642,Tennessee Valley Authority,3407.0,Kingston,TN,Roane,TVA,Electric Utility,G1,65.8,45.0,60.0,Natural Gas Fired Combustion Turbine,Natural gas,NG,GT,12.0,2027.0,"(P) Planned for installation, but regulatory approvals not initiated",35.8992,-84.5194
Addition,18642,Tennessee Valley Authority,3407.0,Kingston,TN,Roane,TVA,Electric Utility,G10,65.8,45.0,60.0,Natural Gas Fired Combustion Turbine,Natural gas,NG,GT,12.0,2027.0,"(P) Planned for installation, but regulatory approvals not initiated",35.8992,-84.5194
Addition,18642,Tennessee Valley Authority,3407.0,Kingston,TN,Roane,TVA,Electric Utility,G11,65.8,45.0,60.0,Natural Gas Fired Combustion Turbine,Natural gas,NG,GT,12.0,2027.0,"(P) Planned for installation, but regulatory approvals not initiated",35.8992,-84.5194
Addition,18642,Tennessee Valley Authority,3407.0,Kingston,TN,Roane,TVA,Electric Utility,G12,65.8,45.0,60.0,Natural Gas Fired Combustion Turbine,Natural gas,NG,GT,12.0,2027.0,"(P) Planned for installation, but regulatory approvals not initiated",35.8992,-84.5194
Addition,18642,Tennessee Valley Authority,3407.0,Kingston,TN,Roane,TVA,Electric Utility,G13,65.8,45.0,60.0,Natural Gas Fired Combustion Turbine,Natural gas,NG,GT,12.0,2027.0,"(P) Planned for installation, but regulatory approvals not initiated",35.8992,-84.5194
Addition,18642,Tennessee Valley Authority,3407.0,Kingston,TN,Roane,TVA,Electric Utility,G14,65.8,45.0,60.0,Natural Gas Fired Combustion Turbine,Natural gas,NG,GT,12.0,2027.0,"(P) Planned for installation, but regulatory approvals not initiated",35.8992,-84.5194
Addition,18642,Tennessee Valley Authority,3407.0,Kingston,TN,Roane,TVA,Electric Utility,G15,65.8,45.0,60.0,Natural Gas Fired Combustion Turbine,Natural gas,NG,GT,12.0,2027.0,"(P) Planned for installation, but regulatory approvals not initiated",35.8992,-84.5194
Addition,18642,Tennessee Valley Authority,3407.0,Kingston,TN,Roane,TVA,Electric Utility,G16,65.8,45.0,60.0,Natural Gas Fired Combustion Turbine,Natural gas,NG,GT,12.0,2027.0,"(P) Planned for installation, but regulatory approvals not initiated",35.8992,-84.5194
Addition,18642,Tennessee Valley Authority,3407.0,Kingston,TN,Roane,TVA,Electric Utility,G2,65.8,45.0,60.0,Natural Gas Fired Combustion Turbine,Natural gas,NG,GT,12.0,2027.0,"(P) Planned for installation, but regulatory approvals not initiated",35.8992,-84.5194
Addition,18642,Tennessee Valley Authority,3407.0,Kingston,TN,Roane,TVA,Electric Utility,G3,65.8,45.0,60.0,Natural Gas Fired Combustion Turbine,Natural gas,NG,GT,12.0,2027.0,"(P) Planned for installation, but regulatory approvals not initiated",35.8992,-84.5194
Addition,18642,Tennessee Valley Authority,3407.0,Kingston,TN,Roane,TVA,Electric Utility,G4,65.8,45.0,60.0,Natural Gas Fired Combustion Turbine,Natural gas,NG,GT,12.0,2027.0,"(P) Planned for installation, but regulatory approvals not initiated",35.8992,-84.5194
Addition,18642,Tennessee Valley Authority,3407.0,Kingston,TN,Roane,TVA,Electric Utility,G5,65.8,45.0,60.0,Natural Gas Fired Combustion Turbine,Natural gas,NG,GT,12.0,2027.0,"(P) Planned for installation, but regulatory approvals not initiated",35.8992,-84.5194
Addition,18642,Tennessee Valley Authority,3407.0,Kingston,TN,Roane,TVA,Electric Utility,G6,65.8,45.0,60.0,Natural Gas Fired Combustion Turbine,Natural gas,NG,GT,12.0,2027.0,"(P) Planned for installation, but regulatory approvals not initiated",35.8992,-84.5194
Addition,18642,Tennessee Valley Authority,3407.0,Kingston,TN,Roane,TVA,Electric Utility,G7,65.8,45.0,60.0,Natural Gas Fired Combustion Turbine,Natural gas,NG,GT,12.0,2027.0,"(P) Planned for installation, but regulatory approvals not initiated",35.8992,-84.5194
Addition,18642,Tennessee Valley Authority,3407.0,Kingston,TN,Roane,TVA,Electric Utility,G8,65.8,45.0,60.0,Natural Gas Fired Combustion Turbine,Natural gas,NG,GT,12.0,2027.0,"(P) Planned for installation, but regulatory approvals not initiated",35.8992,-84.5194
Addition,18642,Tennessee Valley Authority,3407.0,Kingston,TN,Roane,TVA,Electric Utility,G9,65.8,45.0,60.0,Natural Gas Fired Combustion Turbine,Natural gas,NG,GT,12.0,2027.0,"(P) Planned for installation, but regulatory approvals not initiated",35.8992,-84.5194
Addition,18642,Tennessee Valley Authority,3407.0,Kingston,TN,Roane,TVA,Electric Utility,STG1,323.0,296.6,305.2,Natural Gas Fired Combined Cycle,Natural gas,NG,CA,12.0,2027.0,"(P) Planned for installation, but regulatory approvals not initiated",35.8992,-84.5194
Addition,13756,Northern Indiana Pub Serv Co,6085.0,R M Schahfer,IN,Jasper,MISO,Electric Utility,19A,71.5,49.6,54.8,Natural Gas Fired Combustion Turbine,Natural gas,NG,GT,12.0,2027.0,(T) Regulatory approvals received. Not under construction,41.2164,-87.0261
Addition,13756,Northern Indiana Pub Serv Co,6085.0,R M Schahfer,IN,Jasper,MISO,Electric Utility,19B,71.5,49.6,54.8,Natural Gas Fired Combustion Turbine,Natural gas,NG,GT,12.0,2027.0,(T) Regulatory approvals received. Not under construction,41.2164,-87.0261
Addition,13756,Northern Indiana Pub Serv Co,6085.0,R M Schahfer,IN,Jasper,MISO,Electric Utility,19C,71.5,49.6,54.8,Natural Gas Fired Combustion Turbine,Natural gas,NG,GT,12.0,2027.0,(T) Regulatory approvals received. Not under construction,41.2164,-87.0261
Addition,13756,Northern Indiana Pub Serv Co,6085.0,R M Schahfer,IN,Jasper,MISO,Electric Utility,20,233.8,234.4,240.9,Natural Gas Fired Combustion Turbine,Natural gas,NG,GT,12.0,2027.0,(T) Regulatory approvals received. Not under construction,41.2164,-87.0261
Addition,15466,Public Service Co of Colorado,6112.0,Fort St Vrain,CO,Weld,PSCO,Electric Utility,7,239.0,177.9,198.8,Natural Gas Fired Combustion Turbine,Natural gas,NG,GT,12.0,2027.0,"(U) Under construction, less than or equal to 50 percent complete",40.2461,-104.8742
Addition,15466,Public Service Co of Colorado,6112.0,Fort St Vrain,CO,Weld,PSCO,Electric Utility,8,239.0,177.9,198.8,Natural Gas Fired Combustion Turbine,Natural gas,NG,GT,12.0,2027.0,"(U) Under construction, less than or equal to 50 percent complete",40.2461,-104.8742
Addition,17543,South Carolina Public Service Authority,6249.0,Winyah,SC,Georgetown,SC,Electric Utility,5,57.0,44.0,46.0,Petroleum Liquids,Other thermal,DFO,GT,12.0,2027.0,"(P) Planned for installation, but regulatory approvals not initiated",33.33184,-79.35724
Addition,17543,South Carolina Public Service Authority,6249.0,Winyah,SC,Georgetown,SC,Electric Utility,6,57.0,44.0,46.0,Petroleum Liquids,Other thermal,DFO,GT,12.0,2027.0,"(P) Planned for installation, but regulatory approvals not initiated",33.33184,-79.35724
Addition,12869,Monterey Regional Waste Mgmt,10748.0,Marina Landfill Gas,CA,Monterey,CISO,Commercial Non-CHP,FUTR1,1.6,1.6,1.6,Landfill Gas,Other renewables,LFG,IC,12.0,2027.0,"(P) Planned for installation, but regulatory approvals not initiated",36.7131,-121.7686
Addition,12869,Monterey Regional Waste Mgmt,10748.0,Marina Landfill Gas,CA,Monterey,CISO,Commercial Non-CHP,FUTR2,1.6,1.6,1.6,Landfill Gas,Other renewables,LFG,IC,12.0,2027.0,"(P) Planned for installation, but regulatory approvals not initiated",36.7131,-121.7686
Addition,12869,Monterey Regional Waste Mgmt,10748.0,Marina Landfill Gas,CA,Monterey,CISO,Commercial Non-CHP,FUTR3,1.6,1.6,1.6,Landfill Gas,Other renewables,LFG,IC,12.0,2027.0,"(P) Planned for installation, but regulatory approvals not initiated",36.7131,-121.7686
Addition,12869,Monterey Regional Waste Mgmt,10748.0,Marina Landfill Gas,CA,Monterey,CISO,Commercial Non-CHP,FUTR4,1.6,1.6,1.6,Landfill Gas,Other renewables,LFG,IC,12.0,2027.0,"(P) Planned for installation, but regulatory approvals not initiated",36.7131,-121.7686
Addition,56771,Black Hills Service Company LLC,56998.0,Pueblo Airport Generating Station,CO,Pueblo,PSCO,IPP Non-CHP,BA7,50.0,50.0,50.0,Batteries,Battery storage,MWH,BA,12.0,2027.0,(L) Regulatory approvals pending. Not under construction,38.320833,-104.5264
Addition,58113,"Texas A&M, Utilities & Energy Services",58151.0,Central Utility Plant - Texas A&M,TX,Brazos,ERCO,Commercial CHP,STG03,5.0,5.0,5.0,Natural Gas Fired Combined Cycle,Natural gas,NG,CA,12.0,2027.0,"(P) Planned for installation, but regulatory approvals not initiated",30.617778,-96.34333
Addition,58783,Marseilles Land and Water Company,58903.0,Marseilles Lock and Dam Hydro,IL,LaSalle,MISO,IPP Non-CHP,UNIT1,2.6,2.6,2.6,Conventional Hydroelectric,Hydro,WAT,HY,12.0,2027.0,"(U) Under construction, less than or equal to 50 percent complete",41.327778,-88.70111
Addition,58783,Marseilles Land and Water Company,58903.0,Marseilles Lock and Dam Hydro,IL,LaSalle,MISO,IPP Non-CHP,UNIT2,2.6,2.6,2.6,Conventional Hydroelectric,Hydro,WAT,HY,12.0,2027.0,"(U) Under construction, less than or equal to 50 percent complete",41.327778,-88.70111
Addition,58783,Marseilles Land and Water Company,58903.0,Marseilles Lock and Dam Hydro,IL,LaSalle,MISO,IPP Non-CHP,UNIT3,2.6,2.6,2.6,Conventional Hydroelectric,Hydro,WAT,HY,12.0,2027.0,"(U) Under construction, less than or equal to 50 percent complete",41.327778,-88.70111
Addition,58783,Marseilles Land and Water Company,58903.0,Marseilles Lock and Dam Hydro,IL,LaSalle,MISO,IPP Non-CHP,UNIT4,2.6,2.6,2.6,Conventional Hydroelectric,Hydro,WAT,HY,12.0,2027.0,"(U) Under construction, less than or equal to 50 percent complete",41.327778,-88.70111
Addition,60223,Ketchikan Electric Company,59027.0,Mahoney Lake Hydroelectric,AK,Ketchikan Gateway,,Electric Utility,GEN 1,9.6,9.6,9.6,Conventional Hydroelectric,Hydro,WAT,HY,12.0,2027.0,"(P) Planned for installation, but regulatory approvals not initiated",55.419444,-131.5378
Addition,64800,"Nolin Hills Wind, LLC",60070.0,Nolin Hills,OR,Umatilla,BPAT,IPP Non-CHP,GEN,300.0,300.0,300.0,Onshore Wind Turbine,Wind,WND,WT,12.0,2027.0,"(P) Planned for installation, but regulatory approvals not initiated",45.55455,-119.1143
Addition,64800,"Nolin Hills Wind, LLC",60070.0,Nolin Hills,OR,Umatilla,BPAT,IPP Non-CHP,GEN2,300.0,300.0,300.0,Solar Photovoltaic,Solar,SUN,PV,12.0,2027.0,"(P) Planned for installation, but regulatory approvals not initiated",45.55455,-119.1143
Addition,61001,"Hu Honua Bioenergy, LLC",61364.0,Hu Honua Bioenergy Facility,HI,Hawaii,HECO,IPP Non-CHP,HHB,36.0,32.0,32.0,Other Waste Biomass,Other renewables,OBS,ST,12.0,2027.0,"(V) Under construction, more than 50 percent complete",19.843504,-155.0871
Addition,61951,"Dodge County Wind, LLC",62437.0,Dodge County Wind,MN,Dodge,MISO,IPP Non-CHP,WT,228.0,228.0,228.0,Onshore Wind Turbine,Wind,WND,WT,12.0,2027.0,(T) Regulatory approvals received. Not under construction,44.005633,-92.95039
Addition,59056,"Tri Global Energy, LLC",62846.0,Water Valley Wind Energy,TX,Tom Green,ERCO,IPP Non-CHP,WWE1,180.0,180.0,180.0,Onshore Wind Turbine,Wind,WND,WT,12.0,2027.0,"(P) Planned for installation, but regulatory approvals not initiated",31.611223,-100.8133
Addition,62765,"High Bridge Wind, LLC",62894.0,High Bridge Wind Project,NY,Chenango,NYIS,IPP Non-CHP,WT,103.2,103.2,103.2,Onshore Wind Turbine,Wind,WND,WT,12.0,2027.0,"(P) Planned for installation, but regulatory approvals not initiated",42.437923,-75.48056
Addition,65396,Viracocha Wind LLC,63088.0,Rooney Ranch,CA,Alameda,CISO,IPP Non-CHP,ROONR,21.0,21.0,21.0,Onshore Wind Turbine,Wind,WND,WT,12.0,2027.0,(L) Regulatory approvals pending. Not under construction,37.737366,-121.6521
Addition,65396,Viracocha Wind LLC,63126.0,Sand Hill A,CA,Alameda,CISO,IPP Non-CHP,SNDHA,13.5,13.5,13.5,Onshore Wind Turbine,Wind,WND,WT,12.0,2027.0,(L) Regulatory approvals pending. Not under construction,37.743809,-121.6078
Addition,65396,Viracocha Wind LLC,63652.0,Sand Hill B,CA,Alameda,CISO,IPP Non-CHP,SNDHB,17.0,17.0,17.0,Onshore Wind Turbine,Wind,WND,WT,12.0,2027.0,(L) Regulatory approvals pending. Not under construction,37.755007,-121.5968
Addition,65396,Viracocha Wind LLC,63653.0,Sand Hill C,CA,Alameda,CISO,IPP Non-CHP,SNDHC,80.0,80.0,80.0,Onshore Wind Turbine,Wind,WND,WT,12.0,2027.0,(L) Regulatory approvals pending. Not under construction,37.769695,-121.5961
Addition,63465,"Candela Renewables, LLC",63782.0,Rough Hat,NV,Clark,CISO,IPP Non-CHP,RH1,400.0,400.0,400.0,Solar Photovoltaic,Solar,SUN,PV,12.0,2027.0,(L) Regulatory approvals pending. Not under construction,36.09907,-115.8337
Addition,15399,Avangrid Power LLC,64073.0,"Great Bear Solar, LLC",OH,Van Wert,PJM,IPP Non-CHP,GBS,46.0,46.0,46.0,Solar Photovoltaic,Solar,SUN,PV,12.0,2027.0,"(P) Planned for installation, but regulatory approvals not initiated",40.9397,-84.5828
Addition,63826,201LC 8me LLC,64216.0,Rockmont Solar and Storage Project,NM,San Juan,PNM,IPP Non-CHP,201LC,100.0,100.0,100.0,Solar Photovoltaic,Solar,SUN,PV,12.0,2027.0,(L) Regulatory approvals pending. Not under construction,36.776579,-108.3751
Addition,63826,201LC 8me LLC,64216.0,Rockmont Solar and Storage Project,NM,San Juan,PNM,IPP Non-CHP,309SJ,30.0,30.0,30.0,Batteries,Battery storage,MWH,BA,12.0,2027.0,(L) Regulatory approvals pending. Not under construction,36.776579,-108.3751
Addition,15399,Avangrid Power LLC,64253.0,Mohawk Solar,NY,Montgomery,NYIS,IPP Non-CHP,S1,90.5,90.5,90.5,Solar Photovoltaic,Solar,SUN,PV,12.0,2027.0,(L) Regulatory approvals pending. Not under construction,42.887133,-74.63781
Addition,64230,"Sanford ESS, LLC",64615.0,"Sanford ESS, LLC",ME,York,ISNE,IPP Non-CHP,1,5.0,5.0,5.0,Batteries,Battery storage,MWH,BA,12.0,2027.0,(T) Regulatory approvals received. Not under construction,43.407648,-70.71209
Addition,64233,"South Portland ESS, LLC",64616.0,"South Portland ESS, LLC",ME,Cumberland,ISNE,IPP Non-CHP,1,10.0,10.0,10.0,Batteries,Battery storage,MWH,BA,12.0,2027.0,(T) Regulatory approvals received. Not under construction,43.622939,-70.33098
Addition,61514,"Agilitas Energy, Inc.",64758.0,Manorville II,NY,Suffolk,NYIS,IPP Non-CHP,MAN,0.6,0.6,0.6,Solar Photovoltaic,Solar,SUN,PV,12.0,2027.0,(L) Regulatory approvals pending. Not under construction,40.834,-72.7819
Addition,61514,"Agilitas Energy, Inc.",64758.0,Manorville II,NY,Suffolk,NYIS,IPP Non-CHP,MANB,0.8,0.8,0.8,Batteries,Battery storage,MWH,BA,12.0,2027.0,(L) Regulatory approvals pending. Not under construction,40.834,-72.7819
Addition,64369,Canyonland Solar LLC,64857.0,Canyonland Solar,CO,Montezuma,WACM,IPP Non-CHP,C0513,140.0,140.0,125.0,Solar Photovoltaic,Solar,SUN,PV,12.0,2027.0,"(P) Planned for installation, but regulatory approvals not initiated",37.431,-108.724
Addition,65265,Repsol Renewables NA,64911.0,South Ripley Solar,NY,Chautauqua,NYIS,IPP Non-CHP,CSRB1,20.0,20.0,20.0,Batteries,Battery storage,MWH,BA,12.0,2027.0,(L) Regulatory approvals pending. Not under construction,42.198116,-79.75789
Addition,65265,Repsol Renewables NA,64911.0,South Ripley Solar,NY,Chautauqua,NYIS,IPP Non-CHP,CSRS1,270.0,270.0,270.0,Solar Photovoltaic,Solar,SUN,PV,12.0,2027.0,(L) Regulatory approvals pending. Not under construction,42.198116,-79.75789
Addition,65265,Repsol Renewables NA,65049.0,Pike Creek Wind,IL,Logan,MISO,IPP Non-CHP,CPCW1,202.5,202.5,202.5,Onshore Wind Turbine,Wind,WND,WT,12.0,2027.0,"(P) Planned for installation, but regulatory approvals not initiated",40.059,-89.537
Addition,64522,"CAA CT Solar One, LLC",65146.0,CT Airport Authority Solar One,CT,Hartford,ISNE,IPP Non-CHP,VCP16,4.0,4.0,4.0,Solar Photovoltaic,Solar,SUN,PV,12.0,2027.0,"(P) Planned for installation, but regulatory approvals not initiated",41.933776,-72.6714
Addition,64587,"Renegade Renewables, LLC",65310.0,Renegade Solar Project (Dawn),TX,Deaf Smith,ERCO,IPP Non-CHP,DAWN1,515.0,515.0,515.0,Solar Photovoltaic,Solar,SUN,PV,12.0,2027.0,(T) Regulatory approvals received. Not under construction,34.913,-102.2706
Addition,67466,"Nexus Renewable Power, LLC",65344.0,Noria Hondo Solar (Hybrid),TX,Kleberg,ERCO,IPP Non-CHP,66148,145.0,145.0,145.0,Solar Photovoltaic,Solar,SUN,PV,12.0,2027.0,(L) Regulatory approvals pending. Not under construction,27.553355,-97.67528
Addition,67466,"Nexus Renewable Power, LLC",65344.0,Noria Hondo Solar (Hybrid),TX,Kleberg,ERCO,IPP Non-CHP,66149,75.0,75.0,75.0,Batteries,Battery storage,MWH,BA,12.0,2027.0,(L) Regulatory approvals pending. Not under construction,27.553355,-97.67528
Addition,64689,"Emery Meadow Solar Station, LLC",65366.0,Emery Meadow Solar Station,ME,York,ISNE,IPP Non-CHP,EMSS,16.4,16.4,16.4,Solar Photovoltaic,Solar,SUN,PV,12.0,2027.0,(T) Regulatory approvals received. Not under construction,43.643433,-70.55837
Addition,64736,"Beartooth Energy Storage, LLC",65407.0,Beartooth Energy Storage LLC,MT,Yellowstone,NWMT,IPP Non-CHP,BEAR1,50.0,50.0,50.0,Batteries,Battery storage,MWH,BA,12.0,2027.0,(L) Regulatory approvals pending. Not under construction,45.7843,-108.7178
Addition,64545,Vesper Energy Development LLC,65425.0,Kingwood Solar,OH,Greene,PJM,IPP Non-CHP,KWOOD,175.0,175.0,175.0,Solar Photovoltaic,Solar,SUN,PV,12.0,2027.0,"(P) Planned for installation, but regulatory approvals not initiated",39.782,-83.83
Addition,50123,"Leeward Asset Management, LLC",65471.0,Rose Gold Solar,IN,Jay,PJM,IPP Non-CHP,RGS23,100.0,100.0,100.0,Solar Photovoltaic,Solar,SUN,PV,12.0,2027.0,"(P) Planned for installation, but regulatory approvals not initiated",40.404357,-85.19716
Addition,50123,"Leeward Asset Management, LLC",65821.0,Honey Creek Solar,IN,White,PJM,IPP Non-CHP,HNYBA,20.0,20.0,20.0,Batteries,Battery storage,MWH,BA,12.0,2027.0,"(P) Planned for installation, but regulatory approvals not initiated",40.7971,-86.8572
Addition,50123,"Leeward Asset Management, LLC",65821.0,Honey Creek Solar,IN,White,PJM,IPP Non-CHP,HNYSR,200.0,200.0,200.0,Solar Photovoltaic,Solar,SUN,PV,12.0,2027.0,"(P) Planned for installation, but regulatory approvals not initiated",40.7971,-86.8572
Addition,65080,Elio Energy LLC,65850.0,Elio Energy LLC,TX,Brazoria,ERCO,IPP Non-CHP,ELIBS,300.0,300.0,300.0,Batteries,Battery storage,MWH,BA,12.0,2027.0,"(P) Planned for installation, but regulatory approvals not initiated",29.247678,-95.68546
Addition,58489,OCI Energy LLC,65893.0,OCI SunRoper,TX,Wharton,ERCO,IPP Non-CHP,OCIRO,260.0,260.0,260.0,Solar Photovoltaic,Solar,SUN,PV,12.0,2027.0,(L) Regulatory approvals pending. Not under construction,29.240399,-96.01154
Addition,65102,"Clear View Solar, LLC",65931.0,Clear View Solar,NY,Steuben,NYIS,IPP Non-CHP,3,20.0,20.0,20.0,Solar Photovoltaic,Solar,SUN,PV,12.0,2027.0,(L) Regulatory approvals pending. Not under construction,42.57062,-77.46378
Addition,65104,"Vermillion Rise Solar, LLC",65935.0,Vermillion Rise Solar,IN,Vermillion,MISO,IPP Non-CHP,14,185.0,185.0,185.0,Solar Photovoltaic,Solar,SUN,PV,12.0,2027.0,"(P) Planned for installation, but regulatory approvals not initiated",39.83182,-87.42895
Addition,62842,"Lightsource Renewable Energy Asset Management, LLC",66113.0,Big Elk Solar,NE,Washington,SWPP,IPP Non-CHP,NEBE1,100.0,100.0,100.0,Solar Photovoltaic,Solar,SUN,PV,12.0,2027.0,(L) Regulatory approvals pending. Not under construction,41.475678,-96.29309
Addition,65329,"Yaupon Solar, LLC",66216.0,Yaupon Solar Project (Hybrid),TX,Milam,ERCO,IPP Non-CHP,BESS,100.0,100.0,100.0,Batteries,Battery storage,MWH,BA,12.0,2027.0,"(P) Planned for installation, but regulatory approvals not initiated",31.0444,-96.8514
Addition,67192,RWE Clean Energy,66309.0,Uvalde Solar 2,TX,Uvalde,ERCO,IPP Non-CHP,UVPV2,300.0,300.0,300.0,Solar Photovoltaic,Solar,SUN,PV,12.0,2027.0,"(P) Planned for installation, but regulatory approvals not initiated",29.225768,-99.69913
Addition,64994,SolRiver Capital LLC,66340.0,Canyonville Solar LLC (CSG),OR,Douglas,PACW,IPP Non-CHP,PV1,2.5,2.5,2.5,Solar Photovoltaic,Solar,SUN,PV,12.0,2027.0,(L) Regulatory approvals pending. Not under construction,42.956886,-123.2618
Addition,61060,Cypress Creek Renewables,66382.0,"Healing Springs Solar, LLC",NC,Davidson,DUK,IPP Non-CHP,GEN1,55.0,55.0,55.0,Solar Photovoltaic,Solar,SUN,PV,12.0,2027.0,(L) Regulatory approvals pending. Not under construction,35.623627,-80.15972
Addition,66905,HEC Renewable Energy America LLC,66401.0,OCI Hillsboro,TX,Hill,ERCO,IPP Non-CHP,OHLBS,200.0,200.0,200.0,Batteries,Battery storage,MWH,BA,12.0,2027.0,"(P) Planned for installation, but regulatory approvals not initiated",31.941,-97.021
Addition,65485,"Hecate Grid East Valley Storage, LLC",66411.0,Hecate Grid East Valley Storage,TX,Cameron,ERCO,IPP Non-CHP,RMSY,255.0,255.0,255.0,Batteries,Battery storage,MWH,BA,12.0,2027.0,"(P) Planned for installation, but regulatory approvals not initiated",25.94113,-97.53276
Addition,65483,"Hecate Energy Ramsey Storage, LLC",66414.0,Hecate Energy Ramsey Storage,TX,Wharton,ERCO,IPP Non-CHP,RMSY,500.0,500.0,500.0,Batteries,Battery storage,MWH,BA,12.0,2027.0,"(P) Planned for installation, but regulatory approvals not initiated",29.02939,-96.2362
Addition,65482,"Gransolar Texas Thirteen, LLC",66421.0,Despain Solar,TX,Kinney,ERCO,IPP Non-CHP,GRS13,236.2,236.0,236.0,Solar Photovoltaic,Solar,SUN,PV,12.0,2027.0,(L) Regulatory approvals pending. Not under construction,29.282259,-100.2098
Addition,65516,"ECG Utah Solar1, LLC",66426.0,Utah Solar 1,UT,Millard,LDWP,IPP Non-CHP,1EUS,300.0,300.0,300.0,Solar Photovoltaic,Solar,SUN,PV,12.0,2027.0,"(P) Planned for installation, but regulatory approvals not initiated",39.504761,-112.5077
Addition,62842,"Lightsource Renewable Energy Asset Management, LLC",66558.0,Mowata Solar,LA,Acadia,MISO,IPP Non-CHP,LAMO1,150.0,150.0,150.0,Solar Photovoltaic,Solar,SUN,PV,12.0,2027.0,(L) Regulatory approvals pending. Not under construction,30.3918,-92.4044
Addition,14354,PacifiCorp,66651.0,Arco Wind and Solar Project,ID,Bonneville,PACE,Electric Utility,37565,153.0,153.0,153.0,Onshore Wind Turbine,Wind,WND,WT,12.0,2027.0,(T) Regulatory approvals received. Not under construction,43.557,-112.4415
Addition,64904,AES Clean Energy,66663.0,Empire Solar (NY),NY,Chautauqua,NYIS,IPP Non-CHP,EMPIR,125.0,125.0,125.0,Solar Photovoltaic,Solar,SUN,PV,12.0,2027.0,"(P) Planned for installation, but regulatory approvals not initiated",42.2596,-79.6142
Addition,67582,"Intersect USA, LLC",66691.0,"Briggs Solar, LLC",TX,Haskell,ERCO,IPP Non-CHP,BRIGG,305.0,305.0,305.0,Solar Photovoltaic,Solar,SUN,PV,12.0,2027.0,(L) Regulatory approvals pending. Not under construction,33.144326,-99.55977
Addition,67582,"Intersect USA, LLC",66691.0,"Briggs Solar, LLC",TX,Haskell,ERCO,IPP Non-CHP,BRUGG,70.5,70.5,70.5,Batteries,Battery storage,MWH,BA,12.0,2027.0,(L) Regulatory approvals pending. Not under construction,33.144326,-99.55977
Addition,65762,"Lighthouse Middletown, LLC",66786.0,Elevate Middletown,CT,Middlesex,ISNE,IPP Non-CHP,ELVMT,275.0,275.0,275.0,Batteries,Battery storage,MWH,BA,12.0,2027.0,"(P) Planned for installation, but regulatory approvals not initiated",41.554321,-72.57832
Addition,64452,"EDF Renewables Development, Inc.",66805.0,Lycan Solar Project,CA,Riverside,CISO,IPP Non-CHP,LYCAN,400.0,400.0,400.0,Solar Photovoltaic,Solar,SUN,PV,12.0,2027.0,(L) Regulatory approvals pending. Not under construction,33.621326,-115.0959
Addition,65777,Urban Grid Solar,66851.0,Fairview Solar (AR),AR,Ashley,MISO,IPP Non-CHP,FAIR1,75.0,75.0,75.0,Solar Photovoltaic,Solar,SUN,PV,12.0,2027.0,(L) Regulatory approvals pending. Not under construction,33.342883,-91.89495
Addition,65815,Sunraycer Assets I LLC,66894.0,"Albatross Solar, LLC",TX,McLennan,ERCO,IPP Non-CHP,ALBBA,50.4,50.4,50.4,Batteries,Battery storage,MWH,BA,12.0,2027.0,"(P) Planned for installation, but regulatory approvals not initiated",31.484342,-97.42239
Addition,65815,Sunraycer Assets I LLC,66894.0,"Albatross Solar, LLC",TX,McLennan,ERCO,IPP Non-CHP,ALBPV,101.0,101.0,101.0,Solar Photovoltaic,Solar,SUN,PV,12.0,2027.0,"(P) Planned for installation, but regulatory approvals not initiated",31.484342,-97.42239
Addition,65815,Sunraycer Assets I LLC,66896.0,"Lupinus Solar 2, LLC",TX,Franklin,ERCO,IPP Non-CHP,LP2BA,122.9,122.9,122.9,Batteries,Battery storage,MWH,BA,12.0,2027.0,"(P) Planned for installation, but regulatory approvals not initiated",30.303385,-95.25692
Addition,65815,Sunraycer Assets I LLC,66896.0,"Lupinus Solar 2, LLC",TX,Franklin,ERCO,IPP Non-CHP,LP2PV,244.0,244.0,244.0,Solar Photovoltaic,Solar,SUN,PV,12.0,2027.0,"(P) Planned for installation, but regulatory approvals not initiated",30.303385,-95.25692
Addition,65812,"Lumberton PV I, LLC",66904.0,"Lumberton PV I, LLC",TX,Hardin,MISO,IPP Non-CHP,LBTN,200.0,200.0,200.0,Solar Photovoltaic,Solar,SUN,PV,12.0,2027.0,"(P) Planned for installation, but regulatory approvals not initiated",30.298323,-94.27631
Addition,64452,"EDF Renewables Development, Inc.",66908.0,Bonanza Solar and Storage Project,NV,Clark,CISO,IPP Non-CHP,BZES,195.0,195.0,195.0,Batteries,Battery storage,MWH,BA,12.0,2027.0,(L) Regulatory approvals pending. Not under construction,36.558,-115.799
Addition,64452,"EDF Renewables Development, Inc.",66908.0,Bonanza Solar and Storage Project,NV,Clark,CISO,IPP Non-CHP,BZPV,300.0,300.0,240.0,Solar Photovoltaic,Solar,SUN,PV,12.0,2027.0,(L) Regulatory approvals pending. Not under construction,36.558,-115.799
Addition,65870,"Carol Wind, LLC",66976.0,"Carol Wind, LLC",TX,Potter,ERCO,IPP Non-CHP,WAPPA,167.8,167.8,167.8,Onshore Wind Turbine,Wind,WND,WT,12.0,2027.0,(T) Regulatory approvals received. Not under construction,35.259819,-102.0643
Addition,49893,Invenergy Services LLC,67157.0,Powell Solar,OR,Crook,PACW,IPP Non-CHP,PV1,55.9,55.9,55.9,Solar Photovoltaic,Solar,SUN,PV,12.0,2027.0,(T) Regulatory approvals received. Not under construction,44.258414,-120.8895
Addition,18642,Tennessee Valley Authority,67233.0,Lawrence County Solar,AL,Lawrence,TVA,Electric Utility,SOL1,193.0,193.0,193.0,Solar Photovoltaic,Solar,SUN,PV,12.0,2027.0,"(P) Planned for installation, but regulatory approvals not initiated",34.63928,-87.25098
Addition,60025,Greenbacker Renewable Energy Corporation,67253.0,Cherry Valley,IL,Boone,MISO,IPP Non-CHP,761,12.5,12.5,12.5,Solar Photovoltaic,Solar,SUN,PV,12.0,2027.0,"(U) Under construction, less than or equal to 50 percent complete",42.240017,-88.93076
Addition,66171,"SGT Hoskins Solar Project, LLC",67341.0,SGT Hoskins Solar Project Hybrid,TX,Lamar,ERCO,IPP Non-CHP,NOSES,102.1,102.1,102.1,Batteries,Battery storage,MWH,BA,12.0,2027.0,"(P) Planned for installation, but regulatory approvals not initiated",33.63124,-95.33785
Addition,66171,"SGT Hoskins Solar Project, LLC",67341.0,SGT Hoskins Solar Project Hybrid,TX,Lamar,ERCO,IPP Non-CHP,NOSPV,204.1,204.1,204.1,Solar Photovoltaic,Solar,SUN,PV,12.0,2027.0,"(P) Planned for installation, but regulatory approvals not initiated",33.63124,-95.33785
Addition,66190,"Waco Solar II, LLC",67354.0,Waco Solar II,TX,Limestone,ERCO,IPP Non-CHP,5698,200.0,200.0,200.0,Solar Photovoltaic,Solar,SUN,PV,12.0,2027.0,"(P) Planned for installation, but regulatory approvals not initiated",31.71062,-96.7914
Addition,66187,"Lake Whitney Solar, LLC",67358.0,Lake Whitney Solar,TX,Bosque,ERCO,IPP Non-CHP,4670,150.0,150.0,150.0,Solar Photovoltaic,Solar,SUN,PV,12.0,2027.0,"(P) Planned for installation, but regulatory approvals not initiated",31.837644,-97.39844
Addition,49893,Invenergy Services LLC,67379.0,Whitetail Wind Farm,WI,Grant,MISO,IPP Non-CHP,1,67.2,67.2,67.2,Onshore Wind Turbine,Wind,WND,WT,12.0,2027.0,(T) Regulatory approvals received. Not under construction,42.951448,-90.4407
Addition,61060,Cypress Creek Renewables,67647.0,Kinglet,VA,Stafford,PJM,IPP Non-CHP,KINGL,5.0,5.0,5.0,Solar Photovoltaic,Solar,SUN,PV,12.0,2027.0,(L) Regulatory approvals pending. Not under construction,38.350511,-77.47619
Addition,61060,Cypress Creek Renewables,67652.0,Bhalu,TX,Howard,ERCO,IPP Non-CHP,BHALU,200.0,200.0,200.0,Batteries,Battery storage,MWH,BA,12.0,2027.0,(L) Regulatory approvals pending. Not under construction,32.31219,-101.3378
Addition,14354,PacifiCorp,67741.0,OIT BESS,OR,Klamath,PACW,Electric Utility,I,2.0,2.0,2.0,Batteries,Battery storage,MWH,BA,12.0,2027.0,"(U) Under construction, less than or equal to 50 percent complete",42.259366,-121.7864
Addition,66378,Gransolar Texas Seven LLC,67781.0,Lampe Solar,TX,Washington,ERCO,IPP Non-CHP,GRS7,60.2,60.2,60.2,Solar Photovoltaic,Solar,SUN,PV,12.0,2027.0,(L) Regulatory approvals pending. Not under construction,30.310524,-96.47887
Addition,66412,"Emeren US, LLC",67836.0,Gibson Solar Project - Hybrid,CA,Yolo,CISO,IPP Non-CHP,GSP1,13.0,13.0,13.0,Solar Photovoltaic,Solar,SUN,PV,12.0,2027.0,(T) Regulatory approvals received. Not under construction,38.678386,-121.9876
Addition,66412,"Emeren US, LLC",67836.0,Gibson Solar Project - Hybrid,CA,Yolo,CISO,IPP Non-CHP,GSP2,13.0,13.0,13.0,Batteries,Battery storage,MWH,BA,12.0,2027.0,(T) Regulatory approvals received. Not under construction,38.678386,-121.9876
Addition,66448,Parks Valley Energy LLC,67874.0,Parks Valley Energy LLC,WV,Hampshire,PJM,IPP Non-CHP,ENX32,150.0,150.0,150.0,Batteries,Battery storage,MWH,BA,12.0,2027.0,"(P) Planned for installation, but regulatory approvals not initiated",39.288816,-78.47481
Addition,66488,"Flora Solar, LLC",67937.0,Flora Solar,IL,Clay,PJM,IPP Non-CHP,FLOSO,125.0,125.0,125.0,Solar Photovoltaic,Solar,SUN,PV,12.0,2027.0,"(P) Planned for installation, but regulatory approvals not initiated",38.648852,-88.51444
Addition,64545,Vesper Energy Development LLC,67984.0,Firefly Solar PA,PA,Lawrence,PJM,IPP Non-CHP,FFLPA,401.6,401.6,401.6,Solar Photovoltaic,Solar,SUN,PV,12.0,2027.0,(L) Regulatory approvals pending. Not under construction,40.930281,-80.43244
Addition,15399,Avangrid Power LLC,67990.0,Bright Mountain Solar,KY,Perry,PJM,IPP Non-CHP,BM1,80.0,80.0,80.0,Solar Photovoltaic,Solar,SUN,PV,12.0,2027.0,"(P) Planned for installation, but regulatory approvals not initiated",37.29003,-83.28286
Addition,64545,Vesper Energy Development LLC,68014.0,Bradford Solar PA,PA,Bradford,PJM,IPP Non-CHP,BRDFS,100.5,100.5,100.5,Solar Photovoltaic,Solar,SUN,PV,12.0,2027.0,(L) Regulatory approvals pending. Not under construction,41.721657,-76.53663
Addition,64545,Vesper Energy Development LLC,68031.0,Scopus Solar,MO,Bollinger,MISO,IPP Non-CHP,SCPSB,200.0,200.0,200.0,Batteries,Battery storage,MWH,BA,12.0,2027.0,"(P) Planned for installation, but regulatory approvals not initiated",37.392178,-89.89929
Addition,64545,Vesper Energy Development LLC,68031.0,Scopus Solar,MO,Bollinger,MISO,IPP Non-CHP,SCPSR,200.0,200.0,200.0,Solar Photovoltaic,Solar,SUN,PV,12.0,2027.0,"(P) Planned for installation, but regulatory approvals not initiated",37.392178,-89.89929
Addition,64545,Vesper Energy Development LLC,68033.0,Sunrose Renewable Energy,TX,Austin,ERCO,IPP Non-CHP,SNRSE,300.0,300.0,300.0,Solar Photovoltaic,Solar,SUN,PV,12.0,2027.0,"(P) Planned for installation, but regulatory approvals not initiated",29.674226,-96.12137
Addition,64545,Vesper Energy Development LLC,68033.0,Sunrose Renewable Energy,TX,Austin,ERCO,IPP Non-CHP,SRSEB,300.0,300.0,300.0,Batteries,Battery storage,MWH,BA,12.0,2027.0,"(P) Planned for installation, but regulatory approvals not initiated",29.674226,-96.12137
Addition,64545,Vesper Energy Development LLC,68036.0,Vichy Solar,MO,Maries,MISO,IPP Non-CHP,VCHSB,200.0,200.0,200.0,Batteries,Battery storage,MWH,BA,12.0,2027.0,"(P) Planned for installation, but regulatory approvals not initiated",38.167934,-91.82552
Addition,64545,Vesper Energy Development LLC,68036.0,Vichy Solar,MO,Maries,MISO,IPP Non-CHP,VCHSR,200.0,200.0,200.0,Solar Photovoltaic,Solar,SUN,PV,12.0,2027.0,"(P) Planned for installation, but regulatory approvals not initiated",38.167934,-91.82552
Addition,50123,"Leeward Asset Management, LLC",68082.0,Bluebonnet Prairie Wind,TX,Navarro,ERCO,IPP Non-CHP,BBP,170.0,170.0,170.0,Onshore Wind Turbine,Wind,WND,WT,12.0,2027.0,"(U) Under construction, less than or equal to 50 percent complete",32.143863,-96.30097
Addition,66588,"SR Copeland, LLC",68099.0,SR Copeland,TN,Cumberland,TVA,IPP Non-CHP,COPE,110.0,110.0,110.0,Solar Photovoltaic,Solar,SUN,PV,12.0,2027.0,(T) Regulatory approvals received. Not under construction,36.035453,-85.10991
Addition,66602,"SR Hope Hull, LLC",68104.0,SR Hope Hull,AL,Montgomery,SOCO,IPP Non-CHP,HPHUL,80.0,80.0,80.0,Solar Photovoltaic,Solar,SUN,PV,12.0,2027.0,(T) Regulatory approvals received. Not under construction,32.2555,-86.3194
Addition,66607,"Belltown Power Texas 2, LLC",68165.0,Brotherton Storage,TX,Anderson,ERCO,IPP Non-CHP,BROBA,176.1,176.1,176.1,Batteries,Battery storage,MWH,BA,12.0,2027.0,(L) Regulatory approvals pending. Not under construction,31.687913,-95.73988
Addition,66607,"Belltown Power Texas 2, LLC",68171.0,Mcmurtre Storage,TX,Hunt,ERCO,IPP Non-CHP,MCMBA,176.1,176.1,176.1,Batteries,Battery storage,MWH,BA,12.0,2027.0,(L) Regulatory approvals pending. Not under construction,33.179664,-95.80922
Addition,66607,"Belltown Power Texas 2, LLC",68175.0,Symank Solar,TX,Bosque,ERCO,IPP Non-CHP,SYMPV,66.6,66.6,66.6,Solar Photovoltaic,Solar,SUN,PV,12.0,2027.0,(L) Regulatory approvals pending. Not under construction,31.626039,-97.64211
Addition,66607,"Belltown Power Texas 2, LLC",68178.0,Yooperlite Storage,TX,Wise,ERCO,IPP Non-CHP,YOOBA,175.7,175.7,175.7,Batteries,Battery storage,MWH,BA,12.0,2027.0,(L) Regulatory approvals pending. Not under construction,33.033186,-97.88031
Addition,66660,"SR Bear Creek, LLC",68243.0,SR Bear Creek,AL,Marion,SOCO,IPP Non-CHP,BEAR,4.5,4.5,4.5,Solar Photovoltaic,Solar,SUN,PV,12.0,2027.0,(T) Regulatory approvals received. Not under construction,34.275559,-87.70564
Addition,66671,"SR Shelby, LLC",68255.0,SR Shelby,TN,Shelby,TVA,IPP Non-CHP,SHELB,9.8,9.8,9.8,Solar Photovoltaic,Solar,SUN,PV,12.0,2027.0,(T) Regulatory approvals received. Not under construction,35.353292,-89.81498
Addition,67344,CleanChoice Energy,68271.0,Sweetleaf Solar LLC,NC,Halifax,PJM,IPP Non-CHP,SWLS1,93.0,93.0,93.0,Solar Photovoltaic,Solar,SUN,PV,12.0,2027.0,(T) Regulatory approvals received. Not under construction,36.220711,-77.68863
Addition,66061,BQ Energy Development,68278.0,Greater Wise Solar Project,VA,Wise,LGEE,IPP Non-CHP,21066,20.0,20.0,20.0,Solar Photovoltaic,Solar,SUN,PV,12.0,2027.0,"(P) Planned for installation, but regulatory approvals not initiated",36.932469,-82.6769
Addition,66708,Puuloa Solar LLC,68285.0,Puuloa Solar,HI,Honolulu,HECO,IPP Non-CHP,PS-1,6.4,6.4,6.4,Solar Photovoltaic,Solar,SUN,PV,12.0,2027.0,"(P) Planned for installation, but regulatory approvals not initiated",21.351522,-157.9269
Addition,66708,Puuloa Solar LLC,68285.0,Puuloa Solar,HI,Honolulu,HECO,IPP Non-CHP,PS-2,6.0,6.0,6.0,Batteries,Battery storage,MWH,BA,12.0,2027.0,"(P) Planned for installation, but regulatory approvals not initiated",21.351522,-157.9269
Addition,66705,"TUAL bn, LLC",68299.0,Tualatin Battery Energy Storage System,OR,Washington,PGE,IPP Non-CHP,TUAL,200.0,200.0,200.0,Batteries,Battery storage,MWH,BA,12.0,2027.0,(L) Regulatory approvals pending. Not under construction,45.0,-122.0
Addition,66714,Lake Trout Solar,68302.0,Lake Trout Solar,IN,Blackford,PJM,IPP Non-CHP,LAKET,245.0,245.0,245.0,Solar Photovoltaic,Solar,SUN,PV,12.0,2027.0,"(P) Planned for installation, but regulatory approvals not initiated",40.524925,-85.30333
Addition,66711,"ARFL bn, LLC",68315.0,Anthelope Hills Solar Generation BESS,MT,Beaverhead,NWMT,IPP Non-CHP,ARFL1,200.0,200.0,200.0,Solar Photovoltaic,Solar,SUN,PV,12.0,2027.0,(L) Regulatory approvals pending. Not under construction,45.05029,-113.0588
Addition,66711,"ARFL bn, LLC",68315.0,Anthelope Hills Solar Generation BESS,MT,Beaverhead,NWMT,IPP Non-CHP,ARFL2,200.0,200.0,200.0,Batteries,Battery storage,MWH,BA,12.0,2027.0,(L) Regulatory approvals pending. Not under construction,45.05029,-113.0588
Addition,66712,"BIGL bn, LLC",68316.0,Biglow Solar Generation and BESS,OR,Sherman,PGE,IPP Non-CHP,BIGL1,125.0,125.0,125.0,Solar Photovoltaic,Solar,SUN,PV,12.0,2027.0,(L) Regulatory approvals pending. Not under construction,45.606,-120.625
Addition,66712,"BIGL bn, LLC",68316.0,Biglow Solar Generation and BESS,OR,Sherman,PGE,IPP Non-CHP,BIGL2,125.0,125.0,125.0,Batteries,Battery storage,MWH,BA,12.0,2027.0,(L) Regulatory approvals pending. Not under construction,45.606,-120.625
Addition,66731,BrightNight Power,68366.0,AGATE BESS,WA,Kitsap,PSEI,IPP Non-CHP,AGAT,170.0,170.0,170.0,Batteries,Battery storage,MWH,BA,12.0,2027.0,(L) Regulatory approvals pending. Not under construction,47.76879,-122.6078
Addition,66731,BrightNight Power,68371.0,Red Butte Solar and Storage,UT,Iron,PACE,IPP Non-CHP,REBU,300.0,300.0,300.0,Solar Photovoltaic,Solar,SUN,PV,12.0,2027.0,(L) Regulatory approvals pending. Not under construction,37.6134,-113.644
Addition,66731,BrightNight Power,68371.0,Red Butte Solar and Storage,UT,Iron,PACE,IPP Non-CHP,REBU2,300.0,300.0,300.0,Batteries,Battery storage,MWH,BA,12.0,2027.0,(L) Regulatory approvals pending. Not under construction,37.6134,-113.644
Addition,66778,"Sunstone Solar, LLC",68396.0,Sunstone Solar,OR,Morrow,BPAT,IPP Non-CHP,PGB45,1200.0,1200.0,1200.0,Batteries,Battery storage,MWH,BA,12.0,2027.0,(L) Regulatory approvals pending. Not under construction,45.605916,-119.563
Addition,66778,"Sunstone Solar, LLC",68396.0,Sunstone Solar,OR,Morrow,BPAT,IPP Non-CHP,PGR45,1200.0,1200.0,1200.0,Solar Photovoltaic,Solar,SUN,PV,12.0,2027.0,(L) Regulatory approvals pending. Not under construction,45.605916,-119.563
Addition,66774,Old Town Wind LLC,68413.0,Old Town Wind,IL,Marshall,MISO,IPP Non-CHP,OT,178.0,178.0,178.0,Onshore Wind Turbine,Wind,WND,WT,12.0,2027.0,"(P) Planned for installation, but regulatory approvals not initiated",40.988976,-89.17326
Addition,17698,Southwestern Electric Power Co,68417.0,Hallsville,TX,Harrison,SWPP,Electric Utility,1,225.0,200.0,225.0,Natural Gas Fired Combustion Turbine,Natural gas,NG,GT,12.0,2027.0,"(P) Planned for installation, but regulatory approvals not initiated",32.4607,-94.4852
Addition,17698,Southwestern Electric Power Co,68417.0,Hallsville,TX,Harrison,SWPP,Electric Utility,2,225.0,200.0,225.0,Natural Gas Fired Combustion Turbine,Natural gas,NG,GT,12.0,2027.0,"(P) Planned for installation, but regulatory approvals not initiated",32.4607,-94.4852
Addition,65265,Repsol Renewables NA,68510.0,Ritter Solar,OH,Fulton,PJM,IPP Non-CHP,CFC1,199.0,199.0,199.0,Solar Photovoltaic,Solar,SUN,PV,12.0,2027.0,"(P) Planned for installation, but regulatory approvals not initiated",41.694902,-84.31682
Addition,66907,Laketricity USA Inc.,68528.0,Dynamo Solar LLC,CA,Napa,CISO,IPP Non-CHP,77,24.5,24.5,24.5,Solar Photovoltaic,Solar,SUN,PV,12.0,2027.0,(L) Regulatory approvals pending. Not under construction,38.229106,-122.2937
Addition,66927,"SR Bacon II, LLC",68553.0,SR Bacon II,GA,Bacon,SOCO,IPP Non-CHP,BACN2,115.0,115.0,115.0,Solar Photovoltaic,Solar,SUN,PV,12.0,2027.0,(T) Regulatory approvals received. Not under construction,31.511392,-82.33683
Addition,66928,"SR Bacon III, LLC",68554.0,SR Bacon III,GA,Bacon,SOCO,IPP Non-CHP,BACN3,100.0,100.0,100.0,Solar Photovoltaic,Solar,SUN,PV,12.0,2027.0,(T) Regulatory approvals received. Not under construction,31.511392,-82.33683
Addition,66929,"SR Cordova, LLC",68555.0,SR Cordova,SC,Orangeburg,SCEG,IPP Non-CHP,CORDV,100.0,100.0,100.0,Solar Photovoltaic,Solar,SUN,PV,12.0,2027.0,(T) Regulatory approvals received. Not under construction,33.45963,-80.88897
Addition,66930,"SR Durhamville, LLC",68556.0,SR Durhamville,TN,Haywood,TVA,IPP Non-CHP,DURHM,66.0,66.0,66.0,Solar Photovoltaic,Solar,SUN,PV,12.0,2027.0,(T) Regulatory approvals received. Not under construction,35.626611,-89.46162
Addition,66931,"SR Forrest City, LLC",68557.0,SR Forrest City,AR,St Francis,MISO,IPP Non-CHP,FORRC,4.8,4.8,4.8,Solar Photovoltaic,Solar,SUN,PV,12.0,2027.0,(T) Regulatory approvals received. Not under construction,34.984256,-90.78602
Addition,66932,"SR Lott, LLC",68558.0,SR Lott,AL,Mobile,SOCO,IPP Non-CHP,LOTT,8.3,8.3,8.3,Solar Photovoltaic,Solar,SUN,PV,12.0,2027.0,(T) Regulatory approvals received. Not under construction,30.940181,-88.29926
Addition,66934,"SR Marion Junction, LLC",68560.0,SR Marion Junction,AL,Dallas,TVA,IPP Non-CHP,MARJT,15.0,15.0,15.0,Solar Photovoltaic,Solar,SUN,PV,12.0,2027.0,(T) Regulatory approvals received. Not under construction,32.418685,-87.36171
Addition,66936,"SR Mount Pleasant, LLC",68562.0,SR Mount Pleasant,MS,Marshall,TVA,IPP Non-CHP,MTPLT,50.0,50.0,50.0,Solar Photovoltaic,Solar,SUN,PV,12.0,2027.0,(T) Regulatory approvals received. Not under construction,34.951675,-89.58282
Addition,66937,"SR Norwood, LLC",68563.0,SR Norwood,GA,Warren,TVA,IPP Non-CHP,NORWD,107.0,107.0,107.0,Solar Photovoltaic,Solar,SUN,PV,12.0,2027.0,(T) Regulatory approvals received. Not under construction,33.435993,-82.76361
Addition,66939,"SR Rochelle II, LLC",68565.0,SR Rochelle II,GA,Wilcox,TVA,IPP Non-CHP,ROCH2,50.0,50.0,50.0,Solar Photovoltaic,Solar,SUN,PV,12.0,2027.0,(T) Regulatory approvals received. Not under construction,32.030665,-83.506
Addition,66940,"SR Sipsey, LLC",68566.0,SR Sipsey,AL,Fayette,TVA,IPP Non-CHP,SIPSY,10.0,10.0,10.0,Solar Photovoltaic,Solar,SUN,PV,12.0,2027.0,(T) Regulatory approvals received. Not under construction,33.694556,-87.81805
Addition,66941,"SR Sunset, LLC",68567.0,SR Sunset,LA,St Landry,MISO,IPP Non-CHP,SUNST,4.3,4.3,4.3,Solar Photovoltaic,Solar,SUN,PV,12.0,2027.0,(T) Regulatory approvals received. Not under construction,30.421588,-92.07507
Addition,66943,"SR Ulm, LLC",68569.0,SR Ulm,AR,Prairie,MISO,IPP Non-CHP,ULM,4.8,4.8,4.8,Solar Photovoltaic,Solar,SUN,PV,12.0,2027.0,(T) Regulatory approvals received. Not under construction,34.577902,-91.45184
Addition,66944,"SR West Helena, LLC",68570.0,SR West Helena,AR,Phillips,MISO,IPP Non-CHP,WHELN,4.8,4.8,4.8,Solar Photovoltaic,Solar,SUN,PV,12.0,2027.0,(T) Regulatory approvals received. Not under construction,34.552639,-90.68421
Addition,4254,Consumers Energy Co - (MI),68744.0,Liberty Solar Energy Center,MI,Kalamazoo,MISO,Electric Utility,LSEC,220.0,220.0,220.0,Solar Photovoltaic,Solar,SUN,PV,12.0,2027.0,"(U) Under construction, less than or equal to 50 percent complete",42.3631,-85.474
Addition,61060,Cypress Creek Renewables,68810.0,Mora Solar,PA,Carbon,PJM,IPP Non-CHP,MORA,60.0,60.0,60.0,Solar Photovoltaic,Solar,SUN,PV,12.0,2027.0,"(P) Planned for installation, but regulatory approvals not initiated",41.062982,-75.63435
Addition,67107,"Cavern Solar, LLC",68858.0,Cavern,NY,Clinton,NYIS,IPP Non-CHP,PV1,2.0,2.0,2.0,Solar Photovoltaic,Solar,SUN,PV,12.0,2027.0,"(P) Planned for installation, but regulatory approvals not initiated",44.711557,-73.54126
Addition,67106,"Endicott NY Solar Farm, LLC",68859.0,Endicott,NY,Broome,NYIS,IPP Non-CHP,PV1,5.0,5.0,5.0,Solar Photovoltaic,Solar,SUN,PV,12.0,2027.0,"(P) Planned for installation, but regulatory approvals not initiated",42.139575,-76.09664
Addition,67104,CP Tully Four LLC,68861.0,Tully 4,NY,Onondaga,NYIS,IPP Non-CHP,PV1,5.0,5.0,5.0,Solar Photovoltaic,Solar,SUN,PV,12.0,2027.0,"(P) Planned for installation, but regulatory approvals not initiated",42.810918,-76.12014
Addition,67103,"Emerson Solar, LLC",68862.0,Emerson NY,NY,Columbia,NYIS,IPP Non-CHP,PV1,5.0,5.0,5.0,Solar Photovoltaic,Solar,SUN,PV,12.0,2027.0,"(P) Planned for installation, but regulatory approvals not initiated",42.275414,-73.73512
Addition,67133,"Okolona Solar, LLC",68876.0,Okolona Solar,MS,Henderson,MISO,IPP Non-CHP,6339,145.0,145.0,145.0,Solar Photovoltaic,Solar,SUN,PV,12.0,2027.0,(L) Regulatory approvals pending. Not under construction,37.693,-87.549
Addition,67126,"NY Tioga IV, LLC",68884.0,Glen Mary,NY,Tioga,NYIS,IPP Non-CHP,PV1,3.4,3.4,3.4,Solar Photovoltaic,Solar,SUN,PV,12.0,2027.0,"(P) Planned for installation, but regulatory approvals not initiated",42.128604,-76.27895
Addition,67149,Echols Grove LLC,68902.0,Echols Grove Solar,TX,Lamar,ERCO,IPP Non-CHP,ECHPV,201.0,201.0,201.0,Solar Photovoltaic,Solar,SUN,PV,12.0,2027.0,(L) Regulatory approvals pending. Not under construction,33.616471,-95.45837
Addition,67150,"Solex Ridge, LLC",68903.0,Solex Ridge Solar,TX,Henderson,ERCO,IPP Non-CHP,MUSPV,100.0,100.0,100.0,Solar Photovoltaic,Solar,SUN,PV,12.0,2027.0,(L) Regulatory approvals pending. Not under construction,32.169946,-95.5803
Addition,66571,Clenera DevCo LLC,68939.0,Coggon Solar LLC,IA,Linn,MISO,IPP Non-CHP,COGPV,100.0,100.0,100.0,Solar Photovoltaic,Solar,SUN,PV,12.0,2027.0,"(U) Under construction, less than or equal to 50 percent complete",42.290594,-91.57266
Addition,67180,"Strinestown Solar, LLC",68969.0,Strinestown Solar,PA,York,PJM,IPP Non-CHP,ENX39,79.6,79.6,79.6,Solar Photovoltaic,Solar,SUN,PV,12.0,2027.0,(T) Regulatory approvals received. Not under construction,40.090105,-76.73955
Addition,66571,Clenera DevCo LLC,69056.0,CO Bar Solar and BESS,AZ,Coconino,AZPS,IPP Non-CHP,CBBA,400.0,400.0,400.0,Batteries,Battery storage,MWH,BA,12.0,2027.0,"(P) Planned for installation, but regulatory approvals not initiated",35.636594,-111.8835
Addition,66571,Clenera DevCo LLC,69056.0,CO Bar Solar and BESS,AZ,Coconino,AZPS,IPP Non-CHP,CBPV,400.0,400.0,400.0,Solar Photovoltaic,Solar,SUN,PV,12.0,2027.0,"(P) Planned for installation, but regulatory approvals not initiated",35.636594,-111.8835
Addition,67308,"Freshwater Solar II, LLC",69170.0,"Freshwater Solar II, LLC",MI,Montcalm,MISO,IPP Non-CHP,FW2,100.0,100.0,100.0,Solar Photovoltaic,Solar,SUN,PV,12.0,2027.0,"(U) Under construction, less than or equal to 50 percent complete",43.310581,-85.05159
Addition,67329,"TGE Wyoming 225, LLC",69189.0,Cowboy Solar II,WY,Laramie,WACM,IPP Non-CHP,C2BS,200.0,200.0,200.0,Batteries,Battery storage,MWH,BA,12.0,2027.0,"(P) Planned for installation, but regulatory approvals not initiated",41.032968,-104.3816
Addition,67329,"TGE Wyoming 225, LLC",69189.0,Cowboy Solar II,WY,Laramie,WACM,IPP Non-CHP,C2PV,365.0,365.0,365.0,Solar Photovoltaic,Solar,SUN,PV,12.0,2027.0,(T) Regulatory approvals received. Not under construction,41.032968,-104.3816
Addition,67335,"ATLAS Solar Manager, LLC",69198.0,"ATLAS Solar X, LLC",AZ,La Paz,CISO,IPP Non-CHP,ATL10,225.0,225.0,225.0,Solar Photovoltaic,Solar,SUN,PV,12.0,2027.0,"(P) Planned for installation, but regulatory approvals not initiated",33.546706,-113.5562
Addition,67335,"ATLAS Solar Manager, LLC",69199.0,"ATLAS Solar XI, LLC",AZ,La Paz,CISO,IPP Non-CHP,ATL11,200.0,200.0,200.0,Solar Photovoltaic,Solar,SUN,PV,12.0,2027.0,"(P) Planned for installation, but regulatory approvals not initiated",33.553361,-113.5803
Addition,67326,High Spring Solar Energy,69239.0,High Spring Solar Energy,OK,Muskogee,SWPP,IPP Non-CHP,HSS,400.0,250.4,195.6,Solar Photovoltaic,Solar,SUN,PV,12.0,2027.0,"(P) Planned for installation, but regulatory approvals not initiated",35.576674,-95.65816
Addition,15399,Avangrid Power LLC,69482.0,Bluebird Solar,WA,Klickitat,BPAT,IPP Non-CHP,BBS1,140.0,140.0,140.0,Solar Photovoltaic,Solar,SUN,PV,12.0,2027.0,(T) Regulatory approvals received. Not under construction,45.896375,-120.3031
Addition,67578,Red Butte Wind,69659.0,Red Butte Wind,ND,Morton,MISO,IPP Non-CHP,RBW,202.0,84.0,108.4,Onshore Wind Turbine,Wind,WND,WT,12.0,2027.0,"(P) Planned for installation, but regulatory approvals not initiated",47.063928,-101.4753
Addition,67598,Panther Grove 2 LLC,69690.0,Panther Grove 2,IL,Livingston,PJM,IPP Non-CHP,PG2,472.5,472.5,472.5,Onshore Wind Turbine,Wind,WND,WT,12.0,2027.0,"(U) Under construction, less than or equal to 50 percent complete",40.815283,-88.86191
Addition,796,Arizona Electric Pwr Coop Inc,69773.0,Mohave Energy Park,AZ,Mohave,WALC,Electric Utility,GT1,60.5,43.0,43.0,Natural Gas Fired Combustion Turbine,Natural gas,NG,GT,12.0,2027.0,(L) Regulatory approvals pending. Not under construction,34.932499,-114.548
Addition,796,Arizona Electric Pwr Coop Inc,69773.0,Mohave Energy Park,AZ,Mohave,WALC,Electric Utility,GT2,60.5,43.0,43.0,Natural Gas Fired Combustion Turbine,Natural gas,NG,GT,12.0,2027.0,(L) Regulatory approvals pending. Not under construction,34.932499,-114.548
Addition,796,Arizona Electric Pwr Coop Inc,69773.0,Mohave Energy Park,AZ,Mohave,WALC,Electric Utility,GT3,60.5,43.0,43.0,Natural Gas Fired Combustion Turbine,Natural gas,NG,GT,12.0,2027.0,(L) Regulatory approvals pending. Not under construction,34.932499,-114.548
Addition,796,Arizona Electric Pwr Coop Inc,69773.0,Mohave Energy Park,AZ,Mohave,WALC,Electric Utility,GT4,60.5,43.0,43.0,Natural Gas Fired Combustion Turbine,Natural gas,NG,GT,12.0,2027.0,(L) Regulatory approvals pending. Not under construction,34.932499,-114.548
Addition,67738,Fermi America,69799.0,Project Matador Gas Plant (PMG),TX,Carson,ERCO,IPP Non-CHP,F1S01,105.0,104.6,104.6,Natural Gas Fired Combined Cycle,Natural gas,NG,CA,12.0,2027.0,"(P) Planned for installation, but regulatory approvals not initiated",35.283762,-101.569
Addition,67738,Fermi America,69799.0,Project Matador Gas Plant (PMG),TX,Carson,ERCO,IPP Non-CHP,F1S02,105.0,104.6,104.6,Natural Gas Fired Combined Cycle,Natural gas,NG,CA,12.0,2027.0,"(P) Planned for installation, but regulatory approvals not initiated",35.283762,-101.569
Addition,67738,Fermi America,69799.0,Project Matador Gas Plant (PMG),TX,Carson,ERCO,IPP Non-CHP,F1S03,105.0,104.6,104.6,Natural Gas Fired Combined Cycle,Natural gas,NG,CA,12.0,2027.0,"(P) Planned for installation, but regulatory approvals not initiated",35.283762,-101.569
Addition,67738,Fermi America,69799.0,Project Matador Gas Plant (PMG),TX,Carson,ERCO,IPP Non-CHP,F2S01,105.0,104.6,104.6,Natural Gas Fired Combined Cycle,Natural gas,NG,CA,12.0,2027.0,"(P) Planned for installation, but regulatory approvals not initiated",35.283762,-101.569
Addition,67738,Fermi America,69799.0,Project Matador Gas Plant (PMG),TX,Carson,ERCO,IPP Non-CHP,F2S02,105.0,104.6,104.6,Natural Gas Fired Combined Cycle,Natural gas,NG,CA,12.0,2027.0,"(P) Planned for installation, but regulatory approvals not initiated",35.283762,-101.569
Addition,67738,Fermi America,69799.0,Project Matador Gas Plant (PMG),TX,Carson,ERCO,IPP Non-CHP,F2S03,105.0,104.6,104.6,Natural Gas Fired Combined Cycle,Natural gas,NG,CA,12.0,2027.0,"(P) Planned for installation, but regulatory approvals not initiated",35.283762,-101.569
Addition,67738,Fermi America,69799.0,Project Matador Gas Plant (PMG),TX,Carson,ERCO,IPP Non-CHP,FBS01,105.0,101.8,101.8,Natural Gas Fired Combined Cycle,Natural gas,NG,CA,12.0,2027.0,"(P) Planned for installation, but regulatory approvals not initiated",35.283762,-101.569
Addition,67760,Libra Solar LLC,69857.0,Libra Solar,NV,Lyon,NEVP,IPP Non-CHP,LBRBS,700.0,700.0,700.0,Batteries,Battery storage,MWH,BA,12.0,2027.0,"(U) Under construction, less than or equal to 50 percent complete",38.902103,-118.9614
Addition,67760,Libra Solar LLC,69857.0,Libra Solar,NV,Lyon,NEVP,IPP Non-CHP,LBRPV,700.0,700.0,700.0,Solar Photovoltaic,Solar,SUN,PV,12.0,2027.0,"(U) Under construction, less than or equal to 50 percent complete",38.902103,-118.9614
Addition,12670,Missouri Jnt Muni.Pwr Elec. Ut. Comm.,69868.0,Fulton Energy Center,MO,Callaway,MISO,IPP Non-CHP,UNIT1,16.5,15.1,16.5,Natural Gas Fired Combustion Turbine,Natural gas,NG,GT,12.0,2027.0,"(P) Planned for installation, but regulatory approvals not initiated",38.8676,-91.94778
Addition,49893,Invenergy Services LLC,69963.0,Yellow Wood Solar Energy LLC,OH,Clinton,PJM,IPP Non-CHP,YLWWD,300.0,300.0,300.0,Solar Photovoltaic,Solar,SUN,PV,12.0,2027.0,"(U) Under construction, less than or equal to 50 percent complete",39.271465,-83.7904
Addition,67816,South Platte Solar,69972.0,South Platte Solar,CO,Morgan,PSCO,IPP Non-CHP,SP150,150.0,150.0,150.0,Solar Photovoltaic,Solar,SUN,PV,12.0,2027.0,"(U) Under construction, less than or equal to 50 percent complete",40.194947,-103.7088
Addition,67821,"Diamondback Solar, LLC",69982.0,Diamondback Solar,TX,Starr,ERCO,IPP Non-CHP,3569,200.0,200.0,200.0,Solar Photovoltaic,Solar,SUN,PV,12.0,2027.0,(T) Regulatory approvals received. Not under construction,26.426684,-98.70102
Addition,49893,Invenergy Services LLC,70022.0,Decoy Solar Energy LLC,AR,Arkansas,MISO,IPP Non-CHP,DCYSO,155.0,155.0,155.0,Solar Photovoltaic,Solar,SUN,PV,12.0,2027.0,"(U) Under construction, less than or equal to 50 percent complete",34.463496,-91.52053
Addition,67843,NextEra Energy Resources - ERCOT,70047.0,Selenite Springs Solar,TX,Pecos,ERCO,IPP Non-CHP,SSPV,250.0,250.0,250.0,Solar Photovoltaic,Solar,SUN,PV,12.0,2027.0,(L) Regulatory approvals pending. Not under construction,30.992503,-103.0571
Addition,13781,Northern States Power Co - Minnesota,70097.0,Sherco BESS,MN,Sherburne,MISO,Electric Utility,SSB,300.0,300.0,300.0,Batteries,Battery storage,MWH,BA,12.0,2027.0,"(U) Under construction, less than or equal to 50 percent complete",45.372125,-93.89978
Addition,67843,NextEra Energy Resources - ERCOT,70175.0,ZSS Solar,TX,Knox,ERCO,IPP Non-CHP,ZSPV,450.0,450.0,450.0,Solar Photovoltaic,Solar,SUN,PV,12.0,2027.0,(T) Regulatory approvals received. Not under construction,33.479935,-99.67475
Addition,67930,Cantaloupe Solar - ERCOT,70204.0,Cantaloupe Solar,TX,Reeves,ERCO,IPP Non-CHP,CANPV,300.0,300.0,300.0,Solar Photovoltaic,Solar,SUN,PV,12.0,2027.0,"(U) Under construction, less than or equal to 50 percent complete",31.05668,-103.6634
Addition,67875,"Selma Energy Center, LLC",70218.0,Selma Energy Center,AZ,Pinal,DOPD,IPP Non-CHP,SEL1B,150.0,150.0,150.0,Batteries,Battery storage,MWH,BA,12.0,2027.0,"(U) Under construction, less than or equal to 50 percent complete",32.849821,-111.5251
Addition,67875,"Selma Energy Center, LLC",70218.0,Selma Energy Center,AZ,Pinal,DOPD,IPP Non-CHP,SEL1S,125.0,125.0,125.0,Solar Photovoltaic,Solar,SUN,PV,12.0,2027.0,"(U) Under construction, less than or equal to 50 percent complete",32.849821,-111.5251
Addition,67876,"Valley Farms Energy Center, LLC",70219.0,Valley Farms Energy Center,AZ,Pinal,SRP,IPP Non-CHP,VALLE,300.0,300.0,300.0,Batteries,Battery storage,MWH,BA,12.0,2027.0,"(U) Under construction, less than or equal to 50 percent complete",32.94793,-111.4576
Addition,5416,"Duke Energy Carolinas, LLC",70220.0,Robinson Solar Plant,SC,Chesterfield,CPLE,Electric Utility,RSP1,76.0,76.0,76.0,Solar Photovoltaic,Solar,SUN,PV,12.0,2027.0,(L) Regulatory approvals pending. Not under construction,34.4168,-80.1918
Addition,67947,Roadhouse Energy Storage,70238.0,Roadhouse Energy Center,CA,San Bernardino,CISO,IPP Non-CHP,RDHS,300.0,300.0,300.0,Batteries,Battery storage,MWH,BA,12.0,2027.0,(L) Regulatory approvals pending. Not under construction,34.0065,-117.5696
Addition,1512,City of Belleville - (KS),1263.0,Belleville,KS,Republic,SWPP,Electric Utility,7A,3.0,3.0,3.0,Petroleum Liquids,Other thermal,DFO,IC,1.0,2028.0,"(P) Planned for installation, but regulatory approvals not initiated",39.832769,-97.63204
Addition,12436,Michigan State University,10328.0,T B Simon Power Plant,MI,Ingham,MISO,Commercial CHP,GEN11,15.0,15.0,15.0,Natural Gas Fired Combustion Turbine,Natural gas,NG,GT,1.0,2028.0,"(U) Under construction, less than or equal to 50 percent complete",42.7178,-84.4836
Addition,6738,Franklin Heating Station,54224.0,Franklin Heating Station,MN,Olmsted,MISO,Commercial CHP,DG9,3.1,3.1,3.1,Petroleum Liquids,Other thermal,DFO,IC,1.0,2028.0,(T) Regulatory approvals received. Not under construction,44.020576,-92.4656
Addition,60349,"Juneau Hydropower, Inc",60588.0,Sweetheart Lake Hydroelectric Facility,AK,Juneau,,IPP Non-CHP,JHI01,6.6,6.6,6.6,Conventional Hydroelectric,Hydro,WAT,HY,1.0,2028.0,(L) Regulatory approvals pending. Not under construction,57.9449,-133.6867
Addition,60349,"Juneau Hydropower, Inc",60588.0,Sweetheart Lake Hydroelectric Facility,AK,Juneau,,IPP Non-CHP,JHI02,6.6,6.6,6.6,Conventional Hydroelectric,Hydro,WAT,HY,1.0,2028.0,(L) Regulatory approvals pending. Not under construction,57.9449,-133.6867
Addition,60349,"Juneau Hydropower, Inc",60588.0,Sweetheart Lake Hydroelectric Facility,AK,Juneau,,IPP Non-CHP,JHI03,6.6,6.6,6.6,Conventional Hydroelectric,Hydro,WAT,HY,1.0,2028.0,(L) Regulatory approvals pending. Not under construction,57.9449,-133.6867
Addition,65478,"Gransolar Texas Fourteen, LLC",66398.0,Eytcheson Solar,TX,Navarro,ERCO,IPP Non-CHP,EYTCH,76.4,76.2,76.2,Solar Photovoltaic,Solar,SUN,PV,1.0,2028.0,"(P) Planned for installation, but regulatory approvals not initiated",31.872617,-96.7
Addition,65871,"MPW Solar 1, LLC",66978.0,MPW Solar 1,IA,Muscatine,MISO,IPP Non-CHP,MS1,24.0,24.0,24.0,Solar Photovoltaic,Solar,SUN,PV,1.0,2028.0,(T) Regulatory approvals received. Not under construction,41.3849,-91.0964
Addition,66375,"Gransolar Texas Sixteen, LLC",67778.0,Findley PV and BESS,TX,Limestone,ERCO,IPP Non-CHP,GR16B,50.3,50.3,50.3,Batteries,Battery storage,MWH,BA,1.0,2028.0,(L) Regulatory approvals pending. Not under construction,31.643389,-96.77961
Addition,66375,"Gransolar Texas Sixteen, LLC",67778.0,Findley PV and BESS,TX,Limestone,ERCO,IPP Non-CHP,GR16P,50.3,50.3,50.3,Solar Photovoltaic,Solar,SUN,PV,1.0,2028.0,(L) Regulatory approvals pending. Not under construction,31.643389,-96.77961
Addition,66564,Rodatherm Energy Corporation,68044.0,Rodatherm Milford 1,UT,Beaver,PACE,IPP Non-CHP,RODA1,1.8,1.2,1.8,Geothermal,Other renewables,GEO,BT,1.0,2028.0,"(U) Under construction, less than or equal to 50 percent complete",38.572873,-112.9786
Addition,58468,Dominion Renewable Energy,68076.0,Rocky Run Solar,VA,Brunswick,PJM,Electric Utility,ROCKY,300.0,300.0,300.0,Solar Photovoltaic,Solar,SUN,PV,1.0,2028.0,"(P) Planned for installation, but regulatory approvals not initiated",37.0,-78.0
Addition,66731,BrightNight Power,68370.0,Salmonfly Solar and Storage,OR,Jefferson,PGE,IPP Non-CHP,SALM,247.0,247.0,247.0,Solar Photovoltaic,Solar,SUN,PV,1.0,2028.0,(L) Regulatory approvals pending. Not under construction,44.6157,-121.3436
Addition,66731,BrightNight Power,68370.0,Salmonfly Solar and Storage,OR,Jefferson,PGE,IPP Non-CHP,SALM2,247.0,247.0,247.0,Batteries,Battery storage,MWH,BA,1.0,2028.0,(L) Regulatory approvals pending. Not under construction,44.6157,-121.3436
Addition,5416,"Duke Energy Carolinas, LLC",69772.0,Bush River Solar Plant,SC,Laurens,CPLW,Electric Utility,BRSP1,45.0,45.0,45.0,Solar Photovoltaic,Solar,SUN,PV,1.0,2028.0,(L) Regulatory approvals pending. Not under construction,34.3861,-81.7944
Addition,67834,"Evlou Solar, LLC",70034.0,"Evlou Solar, LLC",TX,El Paso,EPE,IPP Non-CHP,ES,250.0,250.0,250.0,Solar Photovoltaic,Solar,SUN,PV,1.0,2028.0,"(U) Under construction, less than or equal to 50 percent complete",31.507744,-106.0534
Addition,67834,"Evlou Solar, LLC",70034.0,"Evlou Solar, LLC",TX,El Paso,EPE,IPP Non-CHP,ESS,250.0,250.0,250.0,Batteries,Battery storage,MWH,BA,1.0,2028.0,"(U) Under construction, less than or equal to 50 percent complete",31.507744,-106.0534
Addition,5416,"Duke Energy Carolinas, LLC",70221.0,Hudson Place Solar Plant,SC,Newberry,DUK,Electric Utility,HPSP1,70.7,70.7,70.7,Solar Photovoltaic,Solar,SUN,PV,1.0,2028.0,(L) Regulatory approvals pending. Not under construction,34.2391,-81.6922
Addition,20847,Wisconsin Electric Power Co,4041.0,South Oak Creek,WI,Milwaukee,MISO,Electric Utility,11,236.3,227.6,227.6,Natural Gas Fired Combustion Turbine,Natural gas,NG,GT,2.0,2028.0,(L) Regulatory approvals pending. Not under construction,42.8457,-87.8294
Addition,20847,Wisconsin Electric Power Co,4041.0,South Oak Creek,WI,Milwaukee,MISO,Electric Utility,12,236.3,227.6,227.6,Natural Gas Fired Combustion Turbine,Natural gas,NG,GT,2.0,2028.0,(L) Regulatory approvals pending. Not under construction,42.8457,-87.8294
Addition,20847,Wisconsin Electric Power Co,4041.0,South Oak Creek,WI,Milwaukee,MISO,Electric Utility,13,236.3,227.6,227.6,Natural Gas Fired Combustion Turbine,Natural gas,NG,GT,2.0,2028.0,(L) Regulatory approvals pending. Not under construction,42.8457,-87.8294
Addition,20847,Wisconsin Electric Power Co,4041.0,South Oak Creek,WI,Milwaukee,MISO,Electric Utility,14,236.3,227.6,227.6,Natural Gas Fired Combustion Turbine,Natural gas,NG,GT,2.0,2028.0,(L) Regulatory approvals pending. Not under construction,42.8457,-87.8294
Addition,20847,Wisconsin Electric Power Co,4041.0,South Oak Creek,WI,Milwaukee,MISO,Electric Utility,15,236.3,227.6,227.6,Natural Gas Fired Combustion Turbine,Natural gas,NG,GT,2.0,2028.0,(L) Regulatory approvals pending. Not under construction,42.8457,-87.8294
Addition,50123,"Leeward Asset Management, LLC",65823.0,Parowan Solar,UT,Iron,PACE,IPP Non-CHP,PARB,58.0,58.0,58.0,Batteries,Battery storage,MWH,BA,2.0,2028.0,"(P) Planned for installation, but regulatory approvals not initiated",37.875795,-112.8885
Addition,50123,"Leeward Asset Management, LLC",65823.0,Parowan Solar,UT,Iron,PACE,IPP Non-CHP,PARS0,58.0,58.0,58.0,Solar Photovoltaic,Solar,SUN,PV,2.0,2028.0,"(P) Planned for installation, but regulatory approvals not initiated",37.875795,-112.8885
Addition,65777,Urban Grid Solar,66858.0,Spring Valley Solar 2,AL,Colbert,TVA,IPP Non-CHP,SPRV2,200.0,200.0,200.0,Solar Photovoltaic,Solar,SUN,PV,2.0,2028.0,(L) Regulatory approvals pending. Not under construction,34.674983,-87.66373
Addition,66485,"Vernon Solar and Storage, LLC",67934.0,Vernon Solar and Storage,TX,Wilbarger,ERCO,IPP Non-CHP,VERNB,38.0,38.0,38.0,Batteries,Battery storage,MWH,BA,2.0,2028.0,"(P) Planned for installation, but regulatory approvals not initiated",34.109631,-99.29692
Addition,66485,"Vernon Solar and Storage, LLC",67934.0,Vernon Solar and Storage,TX,Wilbarger,ERCO,IPP Non-CHP,VERNP,104.0,104.0,104.0,Solar Photovoltaic,Solar,SUN,PV,2.0,2028.0,"(P) Planned for installation, but regulatory approvals not initiated",34.109631,-99.29692
Addition,67582,"Intersect USA, LLC",68204.0,IP Meitner Wind,TX,Roberts,ERCO,IPP Non-CHP,MEITW,500.0,258.0,292.0,Onshore Wind Turbine,Wind,WND,WT,2.0,2028.0,(L) Regulatory approvals pending. Not under construction,35.696972,-100.8213
Addition,5416,"Duke Energy Carolinas, LLC",69771.0,Clark Creek Solar Plant,NC,Lincoln,CPLW,Electric Utility,CCBS1,14.0,14.0,14.0,Batteries,Battery storage,MWH,BA,2.0,2028.0,(L) Regulatory approvals pending. Not under construction,35.532689,-81.24866
Addition,5416,"Duke Energy Carolinas, LLC",69771.0,Clark Creek Solar Plant,NC,Lincoln,CPLW,Electric Utility,CCSP1,40.0,40.0,40.0,Solar Photovoltaic,Solar,SUN,PV,2.0,2028.0,(L) Regulatory approvals pending. Not under construction,35.532689,-81.24866
Addition,67722,"SR Shelby II, LLC",69867.0,"SR Shelby II, LLC",TN,Shelby,TVA,IPP Non-CHP,SHEII,6.0,6.0,6.0,Solar Photovoltaic,Solar,SUN,PV,2.0,2028.0,(T) Regulatory approvals received. Not under construction,35.353646,-89.8109
Addition,15143,Platte River Power Authority,6761.0,Rawhide,CO,Larimer,PSCO,Electric Utility,G,44.6,44.6,44.6,Natural Gas Fired Combustion Turbine,Natural gas,NG,GT,3.0,2028.0,"(P) Planned for installation, but regulatory approvals not initiated",40.860905,-105.0212
Addition,15143,Platte River Power Authority,6761.0,Rawhide,CO,Larimer,PSCO,Electric Utility,H,44.6,44.6,44.6,Natural Gas Fired Combustion Turbine,Natural gas,NG,GT,3.0,2028.0,"(P) Planned for installation, but regulatory approvals not initiated",40.860905,-105.0212
Addition,15143,Platte River Power Authority,6761.0,Rawhide,CO,Larimer,PSCO,Electric Utility,LM3,44.6,44.6,44.6,Natural Gas Fired Combustion Turbine,Natural gas,NG,GT,3.0,2028.0,"(P) Planned for installation, but regulatory approvals not initiated",40.860905,-105.0212
Addition,15143,Platte River Power Authority,6761.0,Rawhide,CO,Larimer,PSCO,Electric Utility,LM4,44.6,44.6,44.6,Natural Gas Fired Combustion Turbine,Natural gas,NG,GT,3.0,2028.0,"(P) Planned for installation, but regulatory approvals not initiated",40.860905,-105.0212
Addition,15143,Platte River Power Authority,6761.0,Rawhide,CO,Larimer,PSCO,Electric Utility,LM5,44.6,44.6,44.6,Natural Gas Fired Combustion Turbine,Natural gas,NG,GT,3.0,2028.0,"(P) Planned for installation, but regulatory approvals not initiated",40.860905,-105.0212
Addition,10325,Kings River Conservation Dist,7907.0,Pine Flat,CA,Fresno,CISO,Electric Utility,4,3.8,3.8,3.8,Conventional Hydroelectric,Hydro,WAT,HY,3.0,2028.0,(T) Regulatory approvals received. Not under construction,36.8326,-119.327
Addition,49893,Invenergy Services LLC,59243.0,Changing Winds,TX,Castro,ERCO,IPP Non-CHP,CHAN1,288.0,288.0,288.0,Onshore Wind Turbine,Wind,WND,WT,3.0,2028.0,(L) Regulatory approvals pending. Not under construction,34.511944,-102.0519
Addition,63697,BD Solar Auburn LLC,64067.0,Auburn PV - BD Solar Auburn LLC,ME,Androscoggin,ISNE,IPP Non-CHP,AUBPV,5.0,5.0,5.0,Solar Photovoltaic,Solar,SUN,PV,3.0,2028.0,(L) Regulatory approvals pending. Not under construction,44.05,-70.3
Addition,63701,BD Solar Lewiston Junction LLC,64071.0,Lewiston Jn PV - BD Solar Lewiston Jn LL,ME,Androscoggin,ISNE,IPP Non-CHP,LJNPV,5.0,5.0,5.0,Solar Photovoltaic,Solar,SUN,PV,3.0,2028.0,(L) Regulatory approvals pending. Not under construction,44.05,-70.3
Addition,58764,"Origis Energy USA, Inc",65293.0,Covington (MS),MS,Covington,MISO,IPP Non-CHP,OEMS4,96.0,96.0,96.0,Solar Photovoltaic,Solar,SUN,PV,3.0,2028.0,(T) Regulatory approvals received. Not under construction,31.4395,-89.4846
Addition,64951,"Warren Meadow Solar Station, LLC",65708.0,Warren Meadow Solar Station,ME,Knox,ISNE,IPP Non-CHP,WMSS,74.5,74.5,74.5,Solar Photovoltaic,Solar,SUN,PV,3.0,2028.0,(T) Regulatory approvals received. Not under construction,44.16061,-69.22341
Addition,65410,ACTX BESS Project LLC,66391.0,Ash Creek BESS,TX,Hill,ERCO,IPP Non-CHP,BESS,306.0,306.0,306.0,Batteries,Battery storage,MWH,BA,3.0,2028.0,"(P) Planned for installation, but regulatory approvals not initiated",31.900218,-97.01642
Addition,65998,"Flint Mine Solar, LLC",67090.0,Flint Mine Solar,NY,Greene,NYIS,IPP Non-CHP,FMS,100.0,100.0,100.0,Solar Photovoltaic,Solar,SUN,PV,3.0,2028.0,(T) Regulatory approvals received. Not under construction,42.313611,-73.84556
Addition,66255,"RIC Development, LLC",67555.0,Zephyr Storage,TX,Brown,ERCO,IPP Non-CHP,RIC98,185.6,185.6,185.6,Batteries,Battery storage,MWH,BA,3.0,2028.0,"(P) Planned for installation, but regulatory approvals not initiated",31.707049,-98.85746
Addition,66370,Gransolar Texas Nine LLC,67772.0,Braswell Solar,TX,McLennan,ERCO,IPP Non-CHP,GRS9,44.2,42.6,42.6,Solar Photovoltaic,Solar,SUN,PV,3.0,2028.0,(L) Regulatory approvals pending. Not under construction,31.34904,-97.21786
Addition,66376,Gransolar Texas Five LLC,67779.0,Hayrick BESS,TX,Coke,ERCO,IPP Non-CHP,GRS5,113.9,113.9,113.9,Batteries,Battery storage,MWH,BA,3.0,2028.0,(L) Regulatory approvals pending. Not under construction,32.022914,-100.2926
Addition,64545,Vesper Energy Development LLC,67945.0,Juniper Creek Storage,CA,Sacramento,CISO,IPP Non-CHP,JCSIB,200.0,200.0,200.0,Batteries,Battery storage,MWH,BA,3.0,2028.0,(T) Regulatory approvals received. Not under construction,38.554073,-121.2066
Addition,64545,Vesper Energy Development LLC,67985.0,Hornet Solar II (TX) (Hybrid),TX,Swisher,ERCO,IPP Non-CHP,HRNT2,200.0,200.0,200.0,Solar Photovoltaic,Solar,SUN,PV,3.0,2028.0,(L) Regulatory approvals pending. Not under construction,34.483406,-101.9699
Addition,64545,Vesper Energy Development LLC,67985.0,Hornet Solar II (TX) (Hybrid),TX,Swisher,ERCO,IPP Non-CHP,HRT2B,200.0,200.0,200.0,Batteries,Battery storage,MWH,BA,3.0,2028.0,(L) Regulatory approvals pending. Not under construction,34.483406,-101.9699
Addition,64545,Vesper Energy Development LLC,67987.0,Mystic Springs Renewable Energy (Hybrid),TX,Kaufman,ERCO,IPP Non-CHP,MYSPB,250.0,250.0,250.0,Batteries,Battery storage,MWH,BA,3.0,2028.0,"(P) Planned for installation, but regulatory approvals not initiated",32.821255,-96.19042
Addition,64545,Vesper Energy Development LLC,67987.0,Mystic Springs Renewable Energy (Hybrid),TX,Kaufman,ERCO,IPP Non-CHP,MYSPS,250.0,250.0,250.0,Solar Photovoltaic,Solar,SUN,PV,3.0,2028.0,"(P) Planned for installation, but regulatory approvals not initiated",32.821255,-96.19042
Addition,66554,Cowboy Solar I,68022.0,Cowboy Solar I,WY,Laramie,WACM,IPP Non-CHP,CLP20,400.0,400.0,400.0,Solar Photovoltaic,Solar,SUN,PV,3.0,2028.0,"(P) Planned for installation, but regulatory approvals not initiated",41.032968,-104.3816
Addition,12685,Entergy Mississippi LLC,68029.0,Penton Solar Plant,MS,DeSoto,MISO,Electric Utility,PSP,190.0,190.0,190.0,Solar Photovoltaic,Solar,SUN,PV,3.0,2028.0,"(P) Planned for installation, but regulatory approvals not initiated",34.861567,-90.263
Addition,66710,"Industrial Kilo Project, LLC",68411.0,Noor Solar,TX,Chambers,ERCO,IPP Non-CHP,NORPV,188.2,185.0,185.0,Solar Photovoltaic,Solar,SUN,PV,3.0,2028.0,(L) Regulatory approvals pending. Not under construction,29.909115,-94.96756
Addition,66827,"Wichita Solar I, LLC",68479.0,Short Creek Solar,TX,Wichita,ERCO,IPP Non-CHP,SHRT,606.4,605.0,605.0,Solar Photovoltaic,Solar,SUN,PV,3.0,2028.0,(L) Regulatory approvals pending. Not under construction,34.017622,-98.8013
Addition,67038,"IP Easley, LLC",68758.0,Easley Solar,CA,Riverside,CISO,IPP Non-CHP,IPEA3,300.0,300.0,300.0,Batteries,Battery storage,MWH,BA,3.0,2028.0,(T) Regulatory approvals received. Not under construction,33.722655,-115.326
Addition,67371,Fortress Solar 1 LLC,69278.0,Fortress 1,CO,Morgan,PSCO,IPP Non-CHP,1,199.0,199.0,199.0,Solar Photovoltaic,Solar,SUN,PV,3.0,2028.0,(L) Regulatory approvals pending. Not under construction,40.26,-103.57
Addition,67371,Fortress Solar 1 LLC,69278.0,Fortress 1,CO,Morgan,PSCO,IPP Non-CHP,2,150.0,150.0,150.0,Batteries,Battery storage,MWH,BA,3.0,2028.0,(L) Regulatory approvals pending. Not under construction,40.26,-103.57
Addition,67371,Fortress Solar 1 LLC,69278.0,Fortress 1,CO,Morgan,PSCO,IPP Non-CHP,3,49.9,49.9,49.9,Batteries,Battery storage,MWH,BA,3.0,2028.0,(L) Regulatory approvals pending. Not under construction,40.26,-103.57
Addition,67582,"Intersect USA, LLC",69661.0,Darden I Solar,CA,Fresno,CISO,IPP Non-CHP,IPD1B,303.7,287.5,287.5,Batteries,Battery storage,MWH,BA,3.0,2028.0,(T) Regulatory approvals received. Not under construction,36.504106,-120.2167
Addition,67582,"Intersect USA, LLC",69661.0,Darden I Solar,CA,Fresno,CISO,IPP Non-CHP,IPD1S,342.7,287.5,287.5,Solar Photovoltaic,Solar,SUN,PV,3.0,2028.0,(T) Regulatory approvals received. Not under construction,36.504106,-120.2167
Addition,67582,"Intersect USA, LLC",69662.0,Darden II Solar,CA,Fresno,CISO,IPP Non-CHP,IPD2B,303.7,287.5,287.5,Batteries,Battery storage,MWH,BA,3.0,2028.0,(T) Regulatory approvals received. Not under construction,36.457086,-120.2248
Addition,67582,"Intersect USA, LLC",69662.0,Darden II Solar,CA,Fresno,CISO,IPP Non-CHP,IPD2S,342.7,287.5,287.5,Solar Photovoltaic,Solar,SUN,PV,3.0,2028.0,(T) Regulatory approvals received. Not under construction,36.457086,-120.2248
Addition,67582,"Intersect USA, LLC",69663.0,Darden III Solar,CA,Fresno,CISO,IPP Non-CHP,IPD3B,303.7,287.5,287.5,Batteries,Battery storage,MWH,BA,3.0,2028.0,(T) Regulatory approvals received. Not under construction,36.499703,-120.1912
Addition,67582,"Intersect USA, LLC",69663.0,Darden III Solar,CA,Fresno,CISO,IPP Non-CHP,IPD3S,342.7,287.5,287.5,Solar Photovoltaic,Solar,SUN,PV,3.0,2028.0,(T) Regulatory approvals received. Not under construction,36.499703,-120.1912
Addition,67582,"Intersect USA, LLC",69664.0,Darden IV Solar,CA,Fresno,CISO,IPP Non-CHP,IPD4B,303.7,287.5,287.5,Batteries,Battery storage,MWH,BA,3.0,2028.0,(T) Regulatory approvals received. Not under construction,36.464339,-120.1862
Addition,67582,"Intersect USA, LLC",69664.0,Darden IV Solar,CA,Fresno,CISO,IPP Non-CHP,IPD4S,342.7,287.5,287.5,Solar Photovoltaic,Solar,SUN,PV,3.0,2028.0,(T) Regulatory approvals received. Not under construction,36.464339,-120.1862
Addition,67822,"Hackberry Creek Solar, LLC",69984.0,Hackberry Creek Solar,TX,Mitchell,ERCO,IPP Non-CHP,6059,175.0,175.0,175.0,Solar Photovoltaic,Solar,SUN,PV,3.0,2028.0,(T) Regulatory approvals received. Not under construction,32.393074,-100.8702
Addition,65677,Dimension Energy LLC,70024.0,Beaver Gross Road Solar LLC,PA,Snyder,PJM,IPP Non-CHP,BEAVE,3.0,3.0,3.0,Solar Photovoltaic,Solar,SUN,PV,3.0,2028.0,(T) Regulatory approvals received. Not under construction,40.747397,-77.18922
Addition,65677,Dimension Energy LLC,70028.0,Delaware Conrath Road Solar LLC,PA,Northumberland,PJM,IPP Non-CHP,CONRR,3.0,3.0,3.0,Solar Photovoltaic,Solar,SUN,PV,3.0,2028.0,(T) Regulatory approvals received. Not under construction,41.113012,-76.85038
Addition,67846,Drennan Energy Storage LLC,70050.0,Drennan Energy Storage,CO,El Paso,SWPP,IPP Non-CHP,DRENN,100.0,100.0,100.0,Batteries,Battery storage,MWH,BA,3.0,2028.0,(L) Regulatory approvals pending. Not under construction,38.772896,-104.6671
Addition,15399,Avangrid Power LLC,70225.0,Shutler Energy Storage,OR,Gilliam,AVRN,IPP Non-CHP,SES,41.0,41.0,41.0,Batteries,Battery storage,MWH,BA,3.0,2028.0,"(U) Under construction, less than or equal to 50 percent complete",45.54,-120.18
Addition,67961,"Hawkeye Solar, LLC",70257.0,"Hawkeye Solar, LLC",IA,Clinton,MISO,IPP Non-CHP,H1SLR,200.0,200.0,200.0,Solar Photovoltaic,Solar,SUN,PV,3.0,2028.0,(L) Regulatory approvals pending. Not under construction,41.835204,-90.69966
Addition,67961,"Hawkeye Solar, LLC",70257.0,"Hawkeye Solar, LLC",IA,Clinton,MISO,IPP Non-CHP,H2SLR,250.0,250.0,250.0,Solar Photovoltaic,Solar,SUN,PV,3.0,2028.0,(L) Regulatory approvals pending. Not under construction,41.835204,-90.69966
Addition,67962,"Hawkeye Solar II, LLC",70258.0,"Hawkeye Solar II, LLC",IA,Clinton,MISO,IPP Non-CHP,H2SLR,250.0,250.0,250.0,Solar Photovoltaic,Solar,SUN,PV,3.0,2028.0,(L) Regulatory approvals pending. Not under construction,41.835204,-90.69966
Addition,61906,Rye Development,62430.0,Grenada Lake Hydroelectric Project,MS,Grenada,TVA,IPP Non-CHP,NA1,5.0,4.0,3.0,Conventional Hydroelectric,Hydro,WAT,HY,4.0,2028.0,"(P) Planned for installation, but regulatory approvals not initiated",33.808842,-89.77246
Addition,64904,AES Clean Energy,65665.0,Hecate Energy Pulaski 1,VA,Pulaski,PJM,IPP Non-CHP,HEPU1,150.0,150.0,150.0,Solar Photovoltaic,Solar,SUN,PV,4.0,2028.0,(L) Regulatory approvals pending. Not under construction,37.139595,-80.68741
Addition,66255,"RIC Development, LLC",67556.0,Serrano BESS,TX,Maverick,ERCO,IPP Non-CHP,RIC97,185.6,185.6,185.6,Batteries,Battery storage,MWH,BA,4.0,2028.0,"(P) Planned for installation, but regulatory approvals not initiated",28.837905,-100.5487
Addition,66255,"RIC Development, LLC",67558.0,Blackcat BESS,TX,Matagorda,ERCO,IPP Non-CHP,RIC96,200.6,200.6,200.6,Batteries,Battery storage,MWH,BA,4.0,2028.0,"(P) Planned for installation, but regulatory approvals not initiated",28.974879,-95.99499
Addition,66255,"RIC Development, LLC",67561.0,Callan Solar,TX,McCulloch,ERCO,IPP Non-CHP,RIC93,90.0,90.0,90.0,Solar Photovoltaic,Solar,SUN,PV,4.0,2028.0,"(P) Planned for installation, but regulatory approvals not initiated",30.990928,-99.60118
Addition,66255,"RIC Development, LLC",67562.0,Stonewall Solar,TX,Stonewall,ERCO,IPP Non-CHP,RIC92,60.2,60.2,60.2,Solar Photovoltaic,Solar,SUN,PV,4.0,2028.0,"(P) Planned for installation, but regulatory approvals not initiated",33.174177,-100.2308
Addition,65144,"Samsung C&T Renewables, LLC",67919.0,"Dolce BESS, LLC",TX,Mitchell,ERCO,IPP Non-CHP,DOLCE,101.4,101.4,101.4,Batteries,Battery storage,MWH,BA,4.0,2028.0,"(P) Planned for installation, but regulatory approvals not initiated",32.484063,-100.9018
Addition,64545,Vesper Energy Development LLC,67983.0,Aurora Renewable Energy (Hybrid),CA,Stanislaus,BANC,IPP Non-CHP,AURRB,50.0,50.0,50.0,Batteries,Battery storage,MWH,BA,4.0,2028.0,"(P) Planned for installation, but regulatory approvals not initiated",37.628805,-121.0714
Addition,64545,Vesper Energy Development LLC,67983.0,Aurora Renewable Energy (Hybrid),CA,Stanislaus,BANC,IPP Non-CHP,AURRE,50.0,50.0,50.0,Solar Photovoltaic,Solar,SUN,PV,4.0,2028.0,"(P) Planned for installation, but regulatory approvals not initiated",37.628805,-121.0714
Addition,67582,"Intersect USA, LLC",68203.0,IP Meitner Solar,TX,Gray,ERCO,IPP Non-CHP,MEITS,500.0,214.0,142.0,Solar Photovoltaic,Solar,SUN,PV,4.0,2028.0,(L) Regulatory approvals pending. Not under construction,35.562222,-100.6941
Addition,66822,"Bob Creek Wind, LLC",68459.0,"Bob Creek Wind, LLC",TX,Sterling,ERCO,IPP Non-CHP,5961,175.0,175.0,175.0,Onshore Wind Turbine,Wind,WND,WT,4.0,2028.0,"(P) Planned for installation, but regulatory approvals not initiated",31.868813,-101.2275
Addition,66864,"Broadleaf Solar, LLC",68490.0,Broadleaf Solar,CT,Hartford,ISNE,IPP Non-CHP,BLS,200.0,200.0,200.0,Solar Photovoltaic,Solar,SUN,PV,4.0,2028.0,(L) Regulatory approvals pending. Not under construction,41.9241,-72.7824
Addition,66255,"RIC Development, LLC",68667.0,Chimney Rock BESS,TX,Taylor,ERCO,IPP Non-CHP,RIC89,156.0,156.0,156.0,Batteries,Battery storage,MWH,BA,4.0,2028.0,"(P) Planned for installation, but regulatory approvals not initiated",32.387494,-99.84846
Addition,66255,"RIC Development, LLC",68668.0,Coke BESS,TX,Coke,ERCO,IPP Non-CHP,RIC90,220.0,220.0,220.0,Batteries,Battery storage,MWH,BA,4.0,2028.0,"(P) Planned for installation, but regulatory approvals not initiated",31.862499,-100.7638
Addition,66509,Red River Clean Energy,68738.0,Cannibal Draw Solar and Storage,TX,Glasscock,ERCO,IPP Non-CHP,CANBS,98.6,98.6,98.6,Batteries,Battery storage,MWH,BA,4.0,2028.0,(T) Regulatory approvals received. Not under construction,32.023861,-101.284
Addition,66509,Red River Clean Energy,68738.0,Cannibal Draw Solar and Storage,TX,Glasscock,ERCO,IPP Non-CHP,CANPV,149.5,149.5,149.5,Solar Photovoltaic,Solar,SUN,PV,4.0,2028.0,(T) Regulatory approvals received. Not under construction,32.023861,-101.284
Addition,5109,DTE Electric Company,69468.0,Poseyville Solar Park,MI,Midland,MISO,Electric Utility,PSVSP,206.4,117.0,117.0,Solar Photovoltaic,Solar,SUN,PV,4.0,2028.0,"(U) Under construction, less than or equal to 50 percent complete",43.5178,-84.2254
Addition,56545,Pattern Operators LP,69764.0,Illinois Generation LLC,IL,Livingston,PJM,IPP Non-CHP,HPW,616.5,616.5,616.5,Onshore Wind Turbine,Wind,WND,WT,4.0,2028.0,(T) Regulatory approvals received. Not under construction,41.06713,-88.2497
Addition,67734,ENGIE Distributed Renewables Development LLC,69970.0,Maple Ridge A,PA,Franklin,PJM,IPP Non-CHP,MPLRA,3.0,3.0,3.0,Solar Photovoltaic,Solar,SUN,PV,4.0,2028.0,"(U) Under construction, less than or equal to 50 percent complete",39.901992,-77.578
Addition,67734,ENGIE Distributed Renewables Development LLC,69971.0,Maple Ridge B,PA,Franklin,PJM,IPP Non-CHP,MPLRB,3.0,3.0,3.0,Solar Photovoltaic,Solar,SUN,PV,4.0,2028.0,"(U) Under construction, less than or equal to 50 percent complete",39.901992,-77.578
Addition,54803,"Dynegy Oakland, LLC",6211.0,Dynegy Oakland Power Plant,CA,Alameda,CISO,IPP Non-CHP,GEN4,43.3,43.3,43.3,Batteries,Battery storage,MWH,BA,5.0,2028.0,"(P) Planned for installation, but regulatory approvals not initiated",37.79675,-122.2819
Addition,61906,Rye Development,62430.0,Grenada Lake Hydroelectric Project,MS,Grenada,TVA,IPP Non-CHP,NA2,5.0,4.0,3.0,Conventional Hydroelectric,Hydro,WAT,HY,5.0,2028.0,"(P) Planned for installation, but regulatory approvals not initiated",33.808842,-89.77246
Addition,63807,302PN 8me LLC,64208.0,Red Antelope Solar & Energy Storage Farm,AZ,Coconino,AZPS,IPP Non-CHP,30PNA,400.0,400.0,400.0,Solar Photovoltaic,Solar,SUN,PV,5.0,2028.0,"(P) Planned for installation, but regulatory approvals not initiated",36.7,-111.28
Addition,63807,302PN 8me LLC,64208.0,Red Antelope Solar & Energy Storage Farm,AZ,Coconino,AZPS,IPP Non-CHP,30PNB,300.0,300.0,300.0,Batteries,Battery storage,MWH,BA,5.0,2028.0,"(P) Planned for installation, but regulatory approvals not initiated",36.7,-111.28
Addition,65687,"Accalia Point Solar, LLC",66673.0,"Accalia Point Solar, LLC",TX,Cameron,ERCO,IPP Non-CHP,66666,190.5,190.5,190.5,Solar Photovoltaic,Solar,SUN,PV,5.0,2028.0,"(P) Planned for installation, but regulatory approvals not initiated",26.098075,-97.83752
Addition,65837,Freestone Solar LLC,66922.0,Timber Cove Solar,TX,Freestone,ERCO,IPP Non-CHP,59957,100.0,100.0,100.0,Solar Photovoltaic,Solar,SUN,PV,5.0,2028.0,"(P) Planned for installation, but regulatory approvals not initiated",31.870589,-96.15247
Addition,61060,Cypress Creek Renewables,67650.0,Bear Ridge,NY,Niagara,NYIS,IPP Non-CHP,BEARR,93.0,93.0,93.0,Solar Photovoltaic,Solar,SUN,PV,5.0,2028.0,(L) Regulatory approvals pending. Not under construction,43.14244,-78.79106
Addition,66374,Gransolar Texas Four LLC,67777.0,Harryoung PV and BESS,TX,Cameron,ERCO,IPP Non-CHP,GRS4B,190.0,190.0,190.0,Batteries,Battery storage,MWH,BA,5.0,2028.0,(L) Regulatory approvals pending. Not under construction,26.276027,-97.63249
Addition,66374,Gransolar Texas Four LLC,67777.0,Harryoung PV and BESS,TX,Cameron,ERCO,IPP Non-CHP,GRS4P,190.0,190.0,190.0,Solar Photovoltaic,Solar,SUN,PV,5.0,2028.0,(L) Regulatory approvals pending. Not under construction,26.276027,-97.63249
Addition,66383,Gransolar Texas Nineteen LLC,67785.0,Whistle Solar,TX,Navarro,ERCO,IPP Non-CHP,GRS19,56.3,56.3,56.3,Solar Photovoltaic,Solar,SUN,PV,5.0,2028.0,(L) Regulatory approvals pending. Not under construction,31.985,-96.43658
Addition,12685,Entergy Mississippi LLC,67914.0,Delta Blues Advanced Power Station,MS,Washington,MISO,Electric Utility,1A,477.0,422.2,457.4,Natural Gas Fired Combined Cycle,Natural gas,NG,CT,5.0,2028.0,(L) Regulatory approvals pending. Not under construction,33.330476,-91.13058
Addition,12685,Entergy Mississippi LLC,67914.0,Delta Blues Advanced Power Station,MS,Washington,MISO,Electric Utility,1C,341.7,291.5,291.8,Natural Gas Fired Combined Cycle,Natural gas,NG,CA,5.0,2028.0,(L) Regulatory approvals pending. Not under construction,33.330476,-91.13058
Addition,66688,Rich Road Solar Energy Center,68264.0,Rich Road Solar Energy Center,NY,St Lawrence,NYIS,IPP Non-CHP,12345,240.0,240.0,240.0,Solar Photovoltaic,Solar,SUN,PV,5.0,2028.0,(L) Regulatory approvals pending. Not under construction,44.567518,-75.19654
Addition,66681,"EAGL bn, LLC",68287.0,Eagle Eye Solar and Storage,AZ,La Paz,WALC,IPP Non-CHP,EAGL1,400.0,400.0,400.0,Solar Photovoltaic,Solar,SUN,PV,5.0,2028.0,(L) Regulatory approvals pending. Not under construction,33.727,-112.881
Addition,66681,"EAGL bn, LLC",68287.0,Eagle Eye Solar and Storage,AZ,La Paz,WALC,IPP Non-CHP,EAGL2,400.0,400.0,400.0,Batteries,Battery storage,MWH,BA,5.0,2028.0,(L) Regulatory approvals pending. Not under construction,33.727,-112.881
Addition,13781,Northern States Power Co - Minnesota,68988.0,Sherco LDES,MN,Sherburne,MISO,Electric Utility,SHB01,10.0,10.0,10.0,Batteries,Battery storage,MWH,BA,5.0,2028.0,(T) Regulatory approvals received. Not under construction,45.374997,-93.89719
Addition,66571,Clenera DevCo LLC,69057.0,CO Bar D Solar and BESS,AZ,Coconino,AZPS,IPP Non-CHP,CBDBA,394.0,394.0,394.0,Batteries,Battery storage,MWH,BA,5.0,2028.0,"(P) Planned for installation, but regulatory approvals not initiated",35.636594,-111.8835
Addition,66571,Clenera DevCo LLC,69057.0,CO Bar D Solar and BESS,AZ,Coconino,AZPS,IPP Non-CHP,CBDPV,394.0,394.0,394.0,Solar Photovoltaic,Solar,SUN,PV,5.0,2028.0,"(P) Planned for installation, but regulatory approvals not initiated",35.636594,-111.8835
Addition,67603,NRG Greens Bayou 6 LLC,69691.0,Greens Bayou 6,TX,Harris,ERCO,IPP Non-CHP,06,447.0,411.0,432.0,Natural Gas Fired Combustion Turbine,Natural gas,NG,GT,5.0,2028.0,"(U) Under construction, less than or equal to 50 percent complete",29.821222,-95.21786
Addition,67813,"Oso Negro, LLC",69973.0,Oso Negro,NM,Bernalillo,PNM,IPP Non-CHP,OSON1,100.0,100.0,100.0,Batteries,Battery storage,MWH,BA,5.0,2028.0,(T) Regulatory approvals received. Not under construction,35.111657,-106.7205
Addition,13902,NorthWestern Energy (MT Hydro),2185.0,Hauser,MT,Lewis and Clark,NWMT,Electric Utility,HAU9,3.5,3.5,3.5,Conventional Hydroelectric,Hydro,WAT,HY,6.0,2028.0,"(P) Planned for installation, but regulatory approvals not initiated",46.765941,-111.8873
Addition,61906,Rye Development,62388.0,Grays Landing L&D Hydroelectric Project,PA,Greene,PJM,IPP Non-CHP,NA1,6.0,4.5,5.5,Conventional Hydroelectric,Hydro,WAT,HY,6.0,2028.0,"(P) Planned for installation, but regulatory approvals not initiated",39.823738,-79.92302
Addition,61906,Rye Development,62391.0,Overton Hydroelectric Project,LA,Rapides,MISO,IPP Non-CHP,NA1,8.1,5.5,7.5,Conventional Hydroelectric,Hydro,WAT,HY,6.0,2028.0,"(P) Planned for installation, but regulatory approvals not initiated",31.185978,-92.29309
Addition,61906,Rye Development,62391.0,Overton Hydroelectric Project,LA,Rapides,MISO,IPP Non-CHP,NA2,8.1,5.5,7.5,Conventional Hydroelectric,Hydro,WAT,HY,6.0,2028.0,"(P) Planned for installation, but regulatory approvals not initiated",31.185978,-92.29309
Addition,61906,Rye Development,62402.0,Arkabutla Lake Hydroelectric Project,MS,DeSoto,TVA,IPP Non-CHP,NA1,2.5,1.5,1.4,Conventional Hydroelectric,Hydro,WAT,HY,6.0,2028.0,"(P) Planned for installation, but regulatory approvals not initiated",34.757926,-90.12569
Addition,65493,Navajo Transitional Energy Company,66478.0,NTEC Gas Plant,NM,San Juan,PNM,Electric Utility,GEN1,60.5,37.6,41.4,Natural Gas Fired Combustion Turbine,Natural gas,NG,GT,6.0,2028.0,(L) Regulatory approvals pending. Not under construction,36.682944,-108.4502
Addition,65493,Navajo Transitional Energy Company,66478.0,NTEC Gas Plant,NM,San Juan,PNM,Electric Utility,GEN10,60.5,37.6,41.4,Natural Gas Fired Combustion Turbine,Natural gas,NG,GT,6.0,2028.0,(L) Regulatory approvals pending. Not under construction,36.682944,-108.4502
Addition,65493,Navajo Transitional Energy Company,66478.0,NTEC Gas Plant,NM,San Juan,PNM,Electric Utility,GEN11,60.5,37.6,41.4,Natural Gas Fired Combustion Turbine,Natural gas,NG,GT,6.0,2028.0,(L) Regulatory approvals pending. Not under construction,36.682944,-108.4502
Addition,65493,Navajo Transitional Energy Company,66478.0,NTEC Gas Plant,NM,San Juan,PNM,Electric Utility,GEN12,60.5,37.6,41.4,Natural Gas Fired Combustion Turbine,Natural gas,NG,GT,6.0,2028.0,(L) Regulatory approvals pending. Not under construction,36.682944,-108.4502
Addition,65493,Navajo Transitional Energy Company,66478.0,NTEC Gas Plant,NM,San Juan,PNM,Electric Utility,GEN13,60.5,37.6,41.4,Natural Gas Fired Combustion Turbine,Natural gas,NG,GT,6.0,2028.0,(L) Regulatory approvals pending. Not under construction,36.682944,-108.4502
Addition,65493,Navajo Transitional Energy Company,66478.0,NTEC Gas Plant,NM,San Juan,PNM,Electric Utility,GEN14,60.5,37.6,41.4,Natural Gas Fired Combustion Turbine,Natural gas,NG,GT,6.0,2028.0,(L) Regulatory approvals pending. Not under construction,36.682944,-108.4502
Addition,65493,Navajo Transitional Energy Company,66478.0,NTEC Gas Plant,NM,San Juan,PNM,Electric Utility,GEN15,60.5,37.6,41.4,Natural Gas Fired Combustion Turbine,Natural gas,NG,GT,6.0,2028.0,(L) Regulatory approvals pending. Not under construction,36.682944,-108.4502
Addition,65493,Navajo Transitional Energy Company,66478.0,NTEC Gas Plant,NM,San Juan,PNM,Electric Utility,GEN16,60.5,37.6,41.4,Natural Gas Fired Combustion Turbine,Natural gas,NG,GT,6.0,2028.0,(L) Regulatory approvals pending. Not under construction,36.682944,-108.4502
Addition,65493,Navajo Transitional Energy Company,66478.0,NTEC Gas Plant,NM,San Juan,PNM,Electric Utility,GEN17,60.5,37.6,41.4,Natural Gas Fired Combustion Turbine,Natural gas,NG,GT,6.0,2028.0,(L) Regulatory approvals pending. Not under construction,36.682944,-108.4502
Addition,65493,Navajo Transitional Energy Company,66478.0,NTEC Gas Plant,NM,San Juan,PNM,Electric Utility,GEN18,60.5,37.6,41.4,Natural Gas Fired Combustion Turbine,Natural gas,NG,GT,6.0,2028.0,(L) Regulatory approvals pending. Not under construction,36.682944,-108.4502
Addition,65493,Navajo Transitional Energy Company,66478.0,NTEC Gas Plant,NM,San Juan,PNM,Electric Utility,GEN2,60.5,37.6,41.4,Natural Gas Fired Combustion Turbine,Natural gas,NG,GT,6.0,2028.0,(L) Regulatory approvals pending. Not under construction,36.682944,-108.4502
Addition,65493,Navajo Transitional Energy Company,66478.0,NTEC Gas Plant,NM,San Juan,PNM,Electric Utility,GEN3,60.5,37.6,41.4,Natural Gas Fired Combustion Turbine,Natural gas,NG,GT,6.0,2028.0,(L) Regulatory approvals pending. Not under construction,36.682944,-108.4502
Addition,65493,Navajo Transitional Energy Company,66478.0,NTEC Gas Plant,NM,San Juan,PNM,Electric Utility,GEN4,60.5,37.6,41.4,Natural Gas Fired Combustion Turbine,Natural gas,NG,GT,6.0,2028.0,(L) Regulatory approvals pending. Not under construction,36.682944,-108.4502
Addition,65493,Navajo Transitional Energy Company,66478.0,NTEC Gas Plant,NM,San Juan,PNM,Electric Utility,GEN5,60.5,37.6,41.4,Natural Gas Fired Combustion Turbine,Natural gas,NG,GT,6.0,2028.0,(L) Regulatory approvals pending. Not under construction,36.682944,-108.4502
Addition,65493,Navajo Transitional Energy Company,66478.0,NTEC Gas Plant,NM,San Juan,PNM,Electric Utility,GEN6,60.5,37.6,41.4,Natural Gas Fired Combustion Turbine,Natural gas,NG,GT,6.0,2028.0,(L) Regulatory approvals pending. Not under construction,36.682944,-108.4502
Addition,65493,Navajo Transitional Energy Company,66478.0,NTEC Gas Plant,NM,San Juan,PNM,Electric Utility,GEN7,60.5,37.6,41.4,Natural Gas Fired Combustion Turbine,Natural gas,NG,GT,6.0,2028.0,(L) Regulatory approvals pending. Not under construction,36.682944,-108.4502
Addition,65493,Navajo Transitional Energy Company,66478.0,NTEC Gas Plant,NM,San Juan,PNM,Electric Utility,GEN8,60.5,37.6,41.4,Natural Gas Fired Combustion Turbine,Natural gas,NG,GT,6.0,2028.0,(L) Regulatory approvals pending. Not under construction,36.682944,-108.4502
Addition,65493,Navajo Transitional Energy Company,66478.0,NTEC Gas Plant,NM,San Juan,PNM,Electric Utility,GEN9,60.5,37.6,41.4,Natural Gas Fired Combustion Turbine,Natural gas,NG,GT,6.0,2028.0,(L) Regulatory approvals pending. Not under construction,36.682944,-108.4502
Addition,66122,Alina Energy LLC,67250.0,Alina Energy LLC,TX,Wilson,ERCO,IPP Non-CHP,ALIBS,200.0,200.0,200.0,Batteries,Battery storage,MWH,BA,6.0,2028.0,"(P) Planned for installation, but regulatory approvals not initiated",29.161128,-98.08988
Addition,66122,Alina Energy LLC,67250.0,Alina Energy LLC,TX,Wilson,ERCO,IPP Non-CHP,ALIPV,200.0,200.0,200.0,Solar Photovoltaic,Solar,SUN,PV,6.0,2028.0,"(P) Planned for installation, but regulatory approvals not initiated",29.161128,-98.08988
Addition,64545,Vesper Energy Development LLC,67982.0,Athens Solar I (Hybrid),CA,Placer,CISO,IPP Non-CHP,ATHS1,250.0,250.0,250.0,Solar Photovoltaic,Solar,SUN,PV,6.0,2028.0,"(P) Planned for installation, but regulatory approvals not initiated",35.754889,-121.4071
Addition,64545,Vesper Energy Development LLC,67982.0,Athens Solar I (Hybrid),CA,Placer,CISO,IPP Non-CHP,ATHSB,250.0,250.0,250.0,Batteries,Battery storage,MWH,BA,6.0,2028.0,"(P) Planned for installation, but regulatory approvals not initiated",35.754889,-121.4071
Addition,64545,Vesper Energy Development LLC,67986.0,Meadow Springs Renewable Energy (Hybrid),IL,White,MISO,IPP Non-CHP,MSPRB,150.0,150.0,150.0,Batteries,Battery storage,MWH,BA,6.0,2028.0,"(P) Planned for installation, but regulatory approvals not initiated",38.029,-88.284
Addition,64545,Vesper Energy Development LLC,67986.0,Meadow Springs Renewable Energy (Hybrid),IL,White,MISO,IPP Non-CHP,MSPRE,150.0,150.0,150.0,Solar Photovoltaic,Solar,SUN,PV,6.0,2028.0,"(P) Planned for installation, but regulatory approvals not initiated",38.029,-88.284
Addition,64545,Vesper Energy Development LLC,68032.0,Skylight Renewable Energy,CA,Sutter,WALC,IPP Non-CHP,SKLRE,100.0,100.0,100.0,Solar Photovoltaic,Solar,SUN,PV,6.0,2028.0,"(P) Planned for installation, but regulatory approvals not initiated",38.947494,-121.4792
Addition,64545,Vesper Energy Development LLC,68032.0,Skylight Renewable Energy,CA,Sutter,WALC,IPP Non-CHP,SKREB,100.0,100.0,100.0,Batteries,Battery storage,MWH,BA,6.0,2028.0,"(P) Planned for installation, but regulatory approvals not initiated",38.947494,-121.4792
Addition,66624,"Heritage Wind, LLC",68191.0,Heritage Wind,NY,Orleans,NYIS,IPP Non-CHP,HRTG,126.0,126.0,126.0,Onshore Wind Turbine,Wind,WND,WT,6.0,2028.0,"(P) Planned for installation, but regulatory approvals not initiated",43.170976,-78.17454
Addition,67582,"Intersect USA, LLC",68201.0,IP Roman Solar,TX,Deaf Smith,ERCO,IPP Non-CHP,ROMS,500.0,500.0,500.0,Solar Photovoltaic,Solar,SUN,PV,6.0,2028.0,(L) Regulatory approvals pending. Not under construction,34.990891,-102.6076
Addition,66641,"Greenwood Solar I, LLC",68205.0,Greenwood Solar I,VA,Culpeper,PJM,IPP Non-CHP,GRNWD,100.0,100.0,100.0,Solar Photovoltaic,Solar,SUN,PV,6.0,2028.0,(T) Regulatory approvals received. Not under construction,38.427261,-77.90787
Addition,66828,"Laurens Solar I, LLC",68480.0,Laurens Solar,GA,Laurens,SOCO,IPP Non-CHP,LS1,150.0,150.0,150.0,Solar Photovoltaic,Solar,SUN,PV,6.0,2028.0,(L) Regulatory approvals pending. Not under construction,32.577504,-83.11216
Addition,66980,Dahlia Energy LLC,68604.0,Dahlia Energy,TX,La Salle,ERCO,IPP Non-CHP,DALBS,100.0,100.0,100.0,Batteries,Battery storage,MWH,BA,6.0,2028.0,"(P) Planned for installation, but regulatory approvals not initiated",28.369598,-98.96762
Addition,66980,Dahlia Energy LLC,68604.0,Dahlia Energy,TX,La Salle,ERCO,IPP Non-CHP,DALPV,200.0,200.0,200.0,Solar Photovoltaic,Solar,SUN,PV,6.0,2028.0,"(P) Planned for installation, but regulatory approvals not initiated",28.369598,-98.96762
Addition,61060,Cypress Creek Renewables,68813.0,Vitex Storage,NV,Clark,NEVP,IPP Non-CHP,VITEX,300.0,300.0,300.0,Batteries,Battery storage,MWH,BA,6.0,2028.0,(L) Regulatory approvals pending. Not under construction,36.382286,-114.9102
Addition,64452,"EDF Renewables Development, Inc.",68883.0,Sawtooth Solar,AZ,Pinal,AZPS,IPP Non-CHP,STBA,250.0,250.0,250.0,Batteries,Battery storage,MWH,BA,6.0,2028.0,(L) Regulatory approvals pending. Not under construction,32.728,-111.629
Addition,64452,"EDF Renewables Development, Inc.",68883.0,Sawtooth Solar,AZ,Pinal,AZPS,IPP Non-CHP,STPV,250.0,250.0,250.0,Solar Photovoltaic,Solar,SUN,PV,6.0,2028.0,(L) Regulatory approvals pending. Not under construction,32.728,-111.629
Addition,65677,Dimension Energy LLC,70032.0,Liberty Keefer Mill Road Solar LLC,PA,Montour,PJM,IPP Non-CHP,KEEFE,3.0,3.0,3.0,Solar Photovoltaic,Solar,SUN,PV,6.0,2028.0,(T) Regulatory approvals received. Not under construction,41.030468,-76.68827
Addition,67920,"Romero Energy Center II, LLC",70194.0,"Romero Energy Center II, LLC",AZ,Maricopa,AZPS,IPP Non-CHP,REC02,225.0,225.0,225.0,Batteries,Battery storage,MWH,BA,6.0,2028.0,"(U) Under construction, less than or equal to 50 percent complete",33.509114,-113.008
Addition,58615,"Homer City Generation, L.P.",3122.0,Homer City Generating Station,PA,Indiana,PJM,IPP Non-CHP,CA5,268.0,268.0,268.0,Natural Gas Fired Combined Cycle,Natural gas,NG,CA,7.0,2028.0,"(P) Planned for installation, but regulatory approvals not initiated",40.512825,-79.19611
Addition,58615,"Homer City Generation, L.P.",3122.0,Homer City Generating Station,PA,Indiana,PJM,IPP Non-CHP,CA6,268.0,268.0,268.0,Natural Gas Fired Combined Cycle,Natural gas,NG,CA,7.0,2028.0,"(P) Planned for installation, but regulatory approvals not initiated",40.512825,-79.19611
Addition,58615,"Homer City Generation, L.P.",3122.0,Homer City Generating Station,PA,Indiana,PJM,IPP Non-CHP,CT5,360.0,360.0,360.0,Natural Gas Fired Combined Cycle,Natural gas,NG,CT,7.0,2028.0,"(P) Planned for installation, but regulatory approvals not initiated",40.512825,-79.19611
Addition,58615,"Homer City Generation, L.P.",3122.0,Homer City Generating Station,PA,Indiana,PJM,IPP Non-CHP,CT6,360.0,360.0,360.0,Natural Gas Fired Combined Cycle,Natural gas,NG,CT,7.0,2028.0,"(P) Planned for installation, but regulatory approvals not initiated",40.512825,-79.19611
Addition,61906,Rye Development,62388.0,Grays Landing L&D Hydroelectric Project,PA,Greene,PJM,IPP Non-CHP,NA2,6.0,4.5,5.5,Conventional Hydroelectric,Hydro,WAT,HY,7.0,2028.0,"(P) Planned for installation, but regulatory approvals not initiated",39.823738,-79.92302
Addition,61906,Rye Development,62391.0,Overton Hydroelectric Project,LA,Rapides,MISO,IPP Non-CHP,NA3,8.1,5.5,7.5,Conventional Hydroelectric,Hydro,WAT,HY,7.0,2028.0,"(P) Planned for installation, but regulatory approvals not initiated",31.185978,-92.29309
Addition,61906,Rye Development,62391.0,Overton Hydroelectric Project,LA,Rapides,MISO,IPP Non-CHP,NA4,8.1,5.5,7.5,Conventional Hydroelectric,Hydro,WAT,HY,7.0,2028.0,"(P) Planned for installation, but regulatory approvals not initiated",31.185978,-92.29309
Addition,61906,Rye Development,62402.0,Arkabutla Lake Hydroelectric Project,MS,DeSoto,TVA,IPP Non-CHP,NA2,2.5,1.5,1.4,Conventional Hydroelectric,Hydro,WAT,HY,7.0,2028.0,"(P) Planned for installation, but regulatory approvals not initiated",34.757926,-90.12569
Addition,62910,300MS 8me LLC,63113.0,Southern Bighorn Solar Hybrid,NV,Clark,NEVP,IPP Non-CHP,BESS,300.0,300.0,300.0,Batteries,Battery storage,MWH,BA,7.0,2028.0,"(P) Planned for installation, but regulatory approvals not initiated",36.304793,-114.4728
Addition,62910,300MS 8me LLC,63113.0,Southern Bighorn Solar Hybrid,NV,Clark,NEVP,IPP Non-CHP,SBS,300.0,300.0,300.0,Solar Photovoltaic,Solar,SUN,PV,7.0,2028.0,"(P) Planned for installation, but regulatory approvals not initiated",36.304793,-114.4728
Addition,63289,Key Capture Energy,63584.0,NY2 Battery,NY,Orange,NYIS,IPP Non-CHP,NY2,151.5,151.5,151.5,Batteries,Battery storage,MWH,BA,7.0,2028.0,(L) Regulatory approvals pending. Not under construction,41.52667,-74.14226
Addition,64174,FPS Cedar Creek Solar LLC,64543.0,Cedar Creek Solar,DE,New Castle,PJM,IPP Non-CHP,1,114.0,114.0,114.0,Solar Photovoltaic,Solar,SUN,PV,7.0,2028.0,(L) Regulatory approvals pending. Not under construction,39.37259,-75.56455
Addition,65084,Eldora Energy LLC,65847.0,Eldora Energy LLC,TX,Matagorda,ERCO,IPP Non-CHP,ELDBS,200.0,200.0,200.0,Batteries,Battery storage,MWH,BA,7.0,2028.0,"(P) Planned for installation, but regulatory approvals not initiated",28.865989,-96.12169
Addition,65084,Eldora Energy LLC,65847.0,Eldora Energy LLC,TX,Matagorda,ERCO,IPP Non-CHP,ELDPV,200.0,200.0,200.0,Solar Photovoltaic,Solar,SUN,PV,7.0,2028.0,"(P) Planned for installation, but regulatory approvals not initiated",28.865989,-96.12169
Addition,62842,"Lightsource Renewable Energy Asset Management, LLC",66132.0,Trinity River Solar 1,TX,Liberty,ERCO,IPP Non-CHP,TXTR1,150.0,150.0,150.0,Solar Photovoltaic,Solar,SUN,PV,7.0,2028.0,(L) Regulatory approvals pending. Not under construction,30.010255,-94.48631
Addition,65690,Premium Energy Holdings,66684.0,Intermountain Pumped Storage Project,UT,Millard,LDWP,IPP Non-CHP,HL001,250.0,250.0,250.0,Hydroelectric Pumped Storage,Battery storage,WAT,PS,7.0,2028.0,"(P) Planned for installation, but regulatory approvals not initiated",39.414705,-112.4404
Addition,65690,Premium Energy Holdings,66684.0,Intermountain Pumped Storage Project,UT,Millard,LDWP,IPP Non-CHP,HL002,250.0,250.0,250.0,Hydroelectric Pumped Storage,Battery storage,WAT,PS,7.0,2028.0,"(P) Planned for installation, but regulatory approvals not initiated",39.414705,-112.4404
Addition,65690,Premium Energy Holdings,66684.0,Intermountain Pumped Storage Project,UT,Millard,LDWP,IPP Non-CHP,HL003,250.0,250.0,250.0,Hydroelectric Pumped Storage,Battery storage,WAT,PS,7.0,2028.0,"(P) Planned for installation, but regulatory approvals not initiated",39.414705,-112.4404
Addition,65690,Premium Energy Holdings,66684.0,Intermountain Pumped Storage Project,UT,Millard,LDWP,IPP Non-CHP,HL004,250.0,250.0,250.0,Hydroelectric Pumped Storage,Battery storage,WAT,PS,7.0,2028.0,"(P) Planned for installation, but regulatory approvals not initiated",39.414705,-112.4404
Addition,65690,Premium Energy Holdings,66686.0,Haiwee Pumped Storage Project,CA,Inyo,LDWP,IPP Non-CHP,HL001,250.0,250.0,250.0,Hydroelectric Pumped Storage,Battery storage,WAT,PS,7.0,2028.0,"(P) Planned for installation, but regulatory approvals not initiated",36.233105,-117.9625
Addition,65690,Premium Energy Holdings,66686.0,Haiwee Pumped Storage Project,CA,Inyo,LDWP,IPP Non-CHP,HL002,250.0,250.0,250.0,Hydroelectric Pumped Storage,Battery storage,WAT,PS,7.0,2028.0,"(P) Planned for installation, but regulatory approvals not initiated",36.233105,-117.9625
Addition,65690,Premium Energy Holdings,66686.0,Haiwee Pumped Storage Project,CA,Inyo,LDWP,IPP Non-CHP,HL003,250.0,250.0,250.0,Hydroelectric Pumped Storage,Battery storage,WAT,PS,7.0,2028.0,"(P) Planned for installation, but regulatory approvals not initiated",36.233105,-117.9625
Addition,65690,Premium Energy Holdings,66686.0,Haiwee Pumped Storage Project,CA,Inyo,LDWP,IPP Non-CHP,HL004,250.0,250.0,250.0,Hydroelectric Pumped Storage,Battery storage,WAT,PS,7.0,2028.0,"(P) Planned for installation, but regulatory approvals not initiated",36.233105,-117.9625
Addition,55937,Entergy Texas Inc.,68053.0,Legend Power Station,TX,Jefferson,ERCO,Electric Utility,LEG,754.0,723.0,754.0,Natural Gas Fired Combined Cycle,Natural gas,NG,CC,7.0,2028.0,(L) Regulatory approvals pending. Not under construction,29.880219,-93.99573
Addition,66596,"SR Milan, LLC",68110.0,SR Milan,TN,Gibson,TVA,IPP Non-CHP,MILAN,2.8,2.8,2.8,Solar Photovoltaic,Solar,SUN,PV,7.0,2028.0,(T) Regulatory approvals received. Not under construction,35.945285,-88.75989
Addition,66607,"Belltown Power Texas 2, LLC",68166.0,Dolomite Storage,TX,Ellis,ERCO,IPP Non-CHP,DOLBA,125.7,125.7,125.7,Batteries,Battery storage,MWH,BA,7.0,2028.0,(L) Regulatory approvals pending. Not under construction,32.456144,-96.73774
Addition,66766,Sun Angel ESS LLC,68362.0,Sun Angel ESS,TX,Angelina,ERCO,IPP Non-CHP,SABS1,200.0,200.0,200.0,Batteries,Battery storage,MWH,BA,7.0,2028.0,"(P) Planned for installation, but regulatory approvals not initiated",31.345947,-94.66785
Addition,3989,City of Colorado Springs - (CO),68705.0,Horizon,CO,El Paso,WACM,Electric Utility,H01,48.0,37.0,41.0,Natural Gas Fired Combustion Turbine,Natural gas,NG,GT,7.0,2028.0,"(P) Planned for installation, but regulatory approvals not initiated",38.775,-104.6668
Addition,3989,City of Colorado Springs - (CO),68705.0,Horizon,CO,El Paso,WACM,Electric Utility,H02,48.0,37.0,41.0,Natural Gas Fired Combustion Turbine,Natural gas,NG,GT,7.0,2028.0,"(P) Planned for installation, but regulatory approvals not initiated",38.775,-104.6668
Addition,3989,City of Colorado Springs - (CO),68705.0,Horizon,CO,El Paso,WACM,Electric Utility,H03,48.0,37.0,41.0,Natural Gas Fired Combustion Turbine,Natural gas,NG,GT,7.0,2028.0,"(P) Planned for installation, but regulatory approvals not initiated",38.775,-104.6668
Addition,3989,City of Colorado Springs - (CO),68705.0,Horizon,CO,El Paso,WACM,Electric Utility,H04,48.0,37.0,41.0,Natural Gas Fired Combustion Turbine,Natural gas,NG,GT,7.0,2028.0,"(P) Planned for installation, but regulatory approvals not initiated",38.775,-104.6668
Addition,3989,City of Colorado Springs - (CO),68705.0,Horizon,CO,El Paso,WACM,Electric Utility,H05,48.0,37.0,41.0,Natural Gas Fired Combustion Turbine,Natural gas,NG,GT,7.0,2028.0,"(P) Planned for installation, but regulatory approvals not initiated",38.775,-104.6668
Addition,3989,City of Colorado Springs - (CO),68705.0,Horizon,CO,El Paso,WACM,Electric Utility,H06,48.0,37.0,41.0,Natural Gas Fired Combustion Turbine,Natural gas,NG,GT,7.0,2028.0,"(P) Planned for installation, but regulatory approvals not initiated",38.775,-104.6668
Addition,3989,City of Colorado Springs - (CO),68705.0,Horizon,CO,El Paso,WACM,Electric Utility,H07,48.0,37.0,41.0,Natural Gas Fired Combustion Turbine,Natural gas,NG,GT,7.0,2028.0,"(P) Planned for installation, but regulatory approvals not initiated",38.775,-104.6668
Addition,3989,City of Colorado Springs - (CO),68705.0,Horizon,CO,El Paso,WACM,Electric Utility,H08,48.0,37.0,41.0,Natural Gas Fired Combustion Turbine,Natural gas,NG,GT,7.0,2028.0,"(P) Planned for installation, but regulatory approvals not initiated",38.775,-104.6668
Addition,3989,City of Colorado Springs - (CO),68705.0,Horizon,CO,El Paso,WACM,Electric Utility,H09,48.0,37.0,41.0,Natural Gas Fired Combustion Turbine,Natural gas,NG,GT,7.0,2028.0,"(P) Planned for installation, but regulatory approvals not initiated",38.775,-104.6668
Addition,3989,City of Colorado Springs - (CO),68705.0,Horizon,CO,El Paso,WACM,Electric Utility,H10,48.0,37.0,41.0,Natural Gas Fired Combustion Turbine,Natural gas,NG,GT,7.0,2028.0,"(P) Planned for installation, but regulatory approvals not initiated",38.775,-104.6668
Addition,67181,"MPG Solar, LLC",68993.0,MPG Solar,PA,Centre,PJM,IPP Non-CHP,ENX40,162.0,162.0,162.0,Solar Photovoltaic,Solar,SUN,PV,7.0,2028.0,(T) Regulatory approvals received. Not under construction,41.060649,-78.04193
Addition,55937,Entergy Texas Inc.,69077.0,Lone Star Power Station,TX,San Jacinto,MISO,Electric Utility,1A,467.3,432.0,467.3,Natural Gas Fired Combustion Turbine,Natural gas,NG,GT,7.0,2028.0,(L) Regulatory approvals pending. Not under construction,30.414158,-95.01671
Addition,5109,DTE Electric Company,69467.0,Peatville Solar Park,MI,Sanilac,MISO,Electric Utility,PETSP,185.0,185.0,185.0,Solar Photovoltaic,Solar,SUN,PV,7.0,2028.0,"(U) Under construction, less than or equal to 50 percent complete",43.64,-82.8
Addition,814,Entergy Arkansas LLC,69750.0,Ironwood Power Station,AR,Hot Spring,MISO,Electric Utility,1A,467.3,432.0,467.3,Natural Gas Fired Combustion Turbine,Natural gas,NG,GT,7.0,2028.0,(L) Regulatory approvals pending. Not under construction,34.433826,-92.9042
Addition,67694,425LM 8ME LLC,69762.0,Southern Bighorn Solar 2,NV,Clark,NEVP,IPP Non-CHP,425LM,100.0,100.0,100.0,Solar Photovoltaic,Solar,SUN,PV,7.0,2028.0,(L) Regulatory approvals pending. Not under construction,36.56117,-114.7413
Addition,67694,425LM 8ME LLC,69762.0,Southern Bighorn Solar 2,NV,Clark,NEVP,IPP Non-CHP,BESS2,100.0,100.0,100.0,Batteries,Battery storage,MWH,BA,7.0,2028.0,(L) Regulatory approvals pending. Not under construction,36.56117,-114.7413
Addition,61906,Rye Development,62386.0,Opekiska L&D Hydroelectric Project,WV,Monongalia,PJM,IPP Non-CHP,NA1,3.0,2.0,2.5,Conventional Hydroelectric,Hydro,WAT,HY,8.0,2028.0,"(P) Planned for installation, but regulatory approvals not initiated",39.564917,-80.05114
Addition,61906,Rye Development,62387.0,Morgantown L&D Hydroelectric Project,WV,Monongalia,PJM,IPP Non-CHP,NA1,2.5,1.5,2.0,Conventional Hydroelectric,Hydro,WAT,HY,8.0,2028.0,"(P) Planned for installation, but regulatory approvals not initiated",39.619589,-79.96811
Addition,61906,Rye Development,62391.0,Overton Hydroelectric Project,LA,Rapides,MISO,IPP Non-CHP,NA5,8.1,5.5,7.5,Conventional Hydroelectric,Hydro,WAT,HY,8.0,2028.0,"(P) Planned for installation, but regulatory approvals not initiated",31.185978,-92.29309
Addition,61906,Rye Development,62391.0,Overton Hydroelectric Project,LA,Rapides,MISO,IPP Non-CHP,NA6,8.1,5.5,7.5,Conventional Hydroelectric,Hydro,WAT,HY,8.0,2028.0,"(P) Planned for installation, but regulatory approvals not initiated",31.185978,-92.29309
Addition,63677,"Caden Energix New Kent, LLC",64036.0,"Caden Energix New Kent, LLC",VA,New Kent,PJM,IPP Non-CHP,ENX08,20.0,20.0,20.0,Solar Photovoltaic,Solar,SUN,PV,8.0,2028.0,(L) Regulatory approvals pending. Not under construction,37.49004,-77.0616
Addition,14127,Omaha Public Power District,64547.0,Turtle Creek,NE,Sarpy,SWPP,Electric Utility,3,264.0,221.0,221.0,Natural Gas Fired Combustion Turbine,Natural gas,NG,GT,8.0,2028.0,(T) Regulatory approvals received. Not under construction,41.092238,-96.16831
Addition,61060,Cypress Creek Renewables,66385.0,"Panther Branch Solar, LLC",NC,Duplin,DUK,IPP Non-CHP,GEN1,80.0,80.0,80.0,Solar Photovoltaic,Solar,SUN,PV,8.0,2028.0,(L) Regulatory approvals pending. Not under construction,35.145344,-78.15963
Addition,66607,"Belltown Power Texas 2, LLC",68172.0,Myers Solar and Storage,TX,Goliad,ERCO,IPP Non-CHP,MYEBT,75.7,75.7,75.7,Batteries,Battery storage,MWH,BA,8.0,2028.0,(L) Regulatory approvals pending. Not under construction,28.420043,-97.70934
Addition,66607,"Belltown Power Texas 2, LLC",68172.0,Myers Solar and Storage,TX,Goliad,ERCO,IPP Non-CHP,MYEPV,100.9,100.9,100.9,Solar Photovoltaic,Solar,SUN,PV,8.0,2028.0,(L) Regulatory approvals pending. Not under construction,28.420043,-97.70934
Addition,66695,Gigawatt Solar LLC,68305.0,Gigawatt Solar,TX,Parker,ERCO,IPP Non-CHP,GWT1,429.0,429.0,429.0,Solar Photovoltaic,Solar,SUN,PV,8.0,2028.0,"(P) Planned for installation, but regulatory approvals not initiated",32.547389,-97.59792
Addition,66695,Gigawatt Solar LLC,68305.0,Gigawatt Solar,TX,Parker,ERCO,IPP Non-CHP,GWT2,344.0,344.0,344.0,Solar Photovoltaic,Solar,SUN,PV,8.0,2028.0,"(P) Planned for installation, but regulatory approvals not initiated",32.547389,-97.59792
Addition,14232,Otter Tail Power Co,68339.0,Abercrombie Solar,ND,Richland,MISO,Electric Utility,1,295.1,295.1,295.1,Solar Photovoltaic,Solar,SUN,PV,8.0,2028.0,(L) Regulatory approvals pending. Not under construction,46.4277,-96.8259
Addition,66975,Cedar Bayou 5 LLC,68606.0,Cedar Bayou 5,TX,Chambers,ERCO,IPP Non-CHP,5,721.0,674.0,697.0,Natural Gas Fired Combined Cycle,Natural gas,NG,CS,8.0,2028.0,"(U) Under construction, less than or equal to 50 percent complete",29.751132,-94.92114
Addition,66509,Red River Clean Energy,68739.0,Uva Creek Solar,TX,Borden,ERCO,IPP Non-CHP,UVAPV,301.0,301.0,301.0,Solar Photovoltaic,Solar,SUN,PV,8.0,2028.0,(T) Regulatory approvals received. Not under construction,32.679762,-101.5044
Addition,67133,"Okolona Solar, LLC",68876.0,Okolona Solar,MS,Henderson,MISO,IPP Non-CHP,6340,145.0,145.0,145.0,Batteries,Battery storage,MWH,BA,8.0,2028.0,(T) Regulatory approvals received. Not under construction,37.693,-87.549
Addition,12685,Entergy Mississippi LLC,69223.0,Vicksburg Advanced Power Station,MS,Warren,MISO,Electric Utility,GT1,477.7,422.8,547.5,Natural Gas Fired Combined Cycle,Natural gas,NG,CT,8.0,2028.0,"(U) Under construction, less than or equal to 50 percent complete",32.28526,-90.92568
Addition,12685,Entergy Mississippi LLC,69223.0,Vicksburg Advanced Power Station,MS,Warren,MISO,Electric Utility,ST1,341.7,291.9,292.4,Natural Gas Fired Combined Cycle,Natural gas,NG,CA,8.0,2028.0,"(U) Under construction, less than or equal to 50 percent complete",32.28526,-90.92568
Addition,5109,DTE Electric Company,69462.0,Au Gres Solar Park,MI,Arenac,MISO,Electric Utility,AUGSP,175.0,175.0,175.0,Solar Photovoltaic,Solar,SUN,PV,8.0,2028.0,"(U) Under construction, less than or equal to 50 percent complete",44.118,-83.794
Addition,5109,DTE Electric Company,69470.0,Silver Creek Solar Park,MI,Huron,MISO,Electric Utility,SVCSP,200.0,200.0,200.0,Solar Photovoltaic,Solar,SUN,PV,8.0,2028.0,"(U) Under construction, less than or equal to 50 percent complete",43.837206,-83.05481
Addition,66509,Red River Clean Energy,69506.0,Gail Mountain Solar,TX,Borden,ERCO,IPP Non-CHP,GAIPV,244.4,244.4,244.4,Solar Photovoltaic,Solar,SUN,PV,8.0,2028.0,(T) Regulatory approvals received. Not under construction,32.714612,-101.5274
Addition,50123,"Leeward Asset Management, LLC",69796.0,Harvey Solar,OH,Licking,PJM,IPP Non-CHP,HARVS,350.0,350.0,350.0,Solar Photovoltaic,Solar,SUN,PV,8.0,2028.0,(T) Regulatory approvals received. Not under construction,40.273115,-82.71962
Addition,11241,Entergy Louisiana LLC,69952.0,Cypress Harvest Solar Station,LA,Iberville,MISO,Electric Utility,CH1,200.0,200.0,200.0,Solar Photovoltaic,Solar,SUN,PV,8.0,2028.0,"(P) Planned for installation, but regulatory approvals not initiated",30.237835,-91.26486
Addition,12685,Entergy Mississippi LLC,70187.0,Traceview Advanced Power Station,MS,Madison,MISO,Electric Utility,CT1,477.7,422.8,547.5,Natural Gas Fired Combined Cycle,Natural gas,NG,CT,8.0,2028.0,"(U) Under construction, less than or equal to 50 percent complete",32.405646,-90.22114
Addition,12685,Entergy Mississippi LLC,70187.0,Traceview Advanced Power Station,MS,Madison,MISO,Electric Utility,ST1,341.7,291.9,292.4,Natural Gas Fired Combined Cycle,Natural gas,NG,CA,8.0,2028.0,"(U) Under construction, less than or equal to 50 percent complete",32.405646,-90.22114
Addition,61906,Rye Development,62386.0,Opekiska L&D Hydroelectric Project,WV,Monongalia,PJM,IPP Non-CHP,NA2,3.0,2.0,2.5,Conventional Hydroelectric,Hydro,WAT,HY,9.0,2028.0,"(P) Planned for installation, but regulatory approvals not initiated",39.564917,-80.05114
Addition,61906,Rye Development,62387.0,Morgantown L&D Hydroelectric Project,WV,Monongalia,PJM,IPP Non-CHP,NA2,2.5,1.5,2.0,Conventional Hydroelectric,Hydro,WAT,HY,9.0,2028.0,"(P) Planned for installation, but regulatory approvals not initiated",39.619589,-79.96811
Addition,57416,"Acciona Energy USA Global, LLC",64659.0,"AEUG Madison Solar, LLC",KY,Madison,PJM,IPP Non-CHP,AMS,100.0,100.0,100.0,Solar Photovoltaic,Solar,SUN,PV,9.0,2028.0,"(U) Under construction, less than or equal to 50 percent complete",37.822029,-84.30052
Addition,64265,Notch Peak Solar LLC,64669.0,Notch Peak Solar LLC,UT,Millard,LDWP,IPP Non-CHP,KOV4A,324.0,324.0,324.0,Solar Photovoltaic,Solar,SUN,PV,9.0,2028.0,(T) Regulatory approvals received. Not under construction,39.520131,-112.6602
Addition,64545,Vesper Energy Development LLC,65462.0,Axton Solar,VA,Henry,PJM,IPP Non-CHP,AXTON,201.1,201.1,201.1,Solar Photovoltaic,Solar,SUN,PV,9.0,2028.0,(L) Regulatory approvals pending. Not under construction,36.671684,-79.68606
Addition,66255,"RIC Development, LLC",67560.0,Edens Solar,TX,Hill,ERCO,IPP Non-CHP,RIC94,70.0,70.0,70.0,Solar Photovoltaic,Solar,SUN,PV,9.0,2028.0,"(P) Planned for installation, but regulatory approvals not initiated",32.063132,-97.11104
Addition,66381,Gransolar Texas Twelve LLC,67783.0,Ventures BESS,TX,Matagorda,ERCO,IPP Non-CHP,GRS12,226.8,226.8,226.8,Batteries,Battery storage,MWH,BA,9.0,2028.0,(L) Regulatory approvals pending. Not under construction,28.974482,-95.99381
Addition,66511,"Boyles Run Solar I, LLC",67954.0,BAI-Boyles Run-Phase I,PA,Northumberland,PJM,IPP Non-CHP,BRPV1,15.9,15.9,15.9,Solar Photovoltaic,Solar,SUN,PV,9.0,2028.0,"(P) Planned for installation, but regulatory approvals not initiated",40.771847,-76.78119
Addition,66512,"Boyles Run Solar II, LLC",67955.0,BAI-Boyles Run-Phase 2,PA,Northumberland,PJM,IPP Non-CHP,BRPV2,15.9,15.9,15.9,Solar Photovoltaic,Solar,SUN,PV,9.0,2028.0,"(P) Planned for installation, but regulatory approvals not initiated",40.771847,-76.78119
Addition,66521,Hodson Greendefine Jay Desoto LLC,67966.0,New Jay PV & BESS,IN,Jay,PJM,IPP Non-CHP,NEWJ1,39.0,39.0,39.0,Solar Photovoltaic,Solar,SUN,PV,9.0,2028.0,"(P) Planned for installation, but regulatory approvals not initiated",40.369376,-85.18392
Addition,50123,"Leeward Asset Management, LLC",68085.0,Red Maple LRE,IL,DeKalb,PJM,IPP Non-CHP,RMS1,95.0,95.0,95.0,Solar Photovoltaic,Solar,SUN,PV,9.0,2028.0,(L) Regulatory approvals pending. Not under construction,41.886064,-88.72725
Addition,67582,"Intersect USA, LLC",68202.0,IP Roman Wind,TX,Deaf Smith,ERCO,IPP Non-CHP,ROMW,670.5,670.5,670.5,Onshore Wind Turbine,Wind,WND,WT,9.0,2028.0,(L) Regulatory approvals pending. Not under construction,34.990891,-102.6076
Addition,66950,Lydian Energy,68584.0,Yellow Barn Solar,NY,Tompkins,NYIS,IPP Non-CHP,YBS,160.0,160.0,160.0,Solar Photovoltaic,Solar,SUN,PV,9.0,2028.0,"(P) Planned for installation, but regulatory approvals not initiated",42.56495,-76.43907
Addition,66950,Lydian Energy,68585.0,York Run Solar,NY,Chautauqua,NYIS,IPP Non-CHP,YRS,90.0,90.0,90.0,Solar Photovoltaic,Solar,SUN,PV,9.0,2028.0,(L) Regulatory approvals pending. Not under construction,42.011319,-79.2243
Addition,56545,Pattern Operators LP,69763.0,Heritage Prairie Solar LLC,IL,Kankakee,PJM,IPP Non-CHP,HPS,300.0,300.0,300.0,Solar Photovoltaic,Solar,SUN,PV,9.0,2028.0,(T) Regulatory approvals received. Not under construction,41.06713,-88.2497
Addition,60971,NYC Energy LLC,61331.0,NISA Electric Generation Project,NY,Kings,NYIS,IPP Non-CHP,BA1,79.9,79.9,79.9,Batteries,Battery storage,MWH,BA,10.0,2028.0,(T) Regulatory approvals received. Not under construction,40.7065,-73.9702
Addition,60971,NYC Energy LLC,61331.0,NISA Electric Generation Project,NY,Kings,NYIS,IPP Non-CHP,BA2,220.1,220.1,220.1,Batteries,Battery storage,MWH,BA,10.0,2028.0,(T) Regulatory approvals received. Not under construction,40.7065,-73.9702
Addition,61906,Rye Development,62400.0,Montgomery L&D Hydroelectric Project,PA,Beaver,PJM,IPP Non-CHP,NA1,6.8,5.5,6.3,Conventional Hydroelectric,Hydro,WAT,HY,10.0,2028.0,"(P) Planned for installation, but regulatory approvals not initiated",40.652478,-80.38687
Addition,61906,Rye Development,62404.0,Monongahela L&D4 Hydroelectric Project,PA,Washington,PJM,IPP Non-CHP,NA1,6.0,4.5,5.5,Conventional Hydroelectric,Hydro,WAT,HY,10.0,2028.0,"(P) Planned for installation, but regulatory approvals not initiated",40.145943,-79.90095
Addition,61906,Rye Development,62425.0,Sardis Lake Hydroelectric Project,MS,Panola,TVA,IPP Non-CHP,NA1,7.5,5.5,4.5,Conventional Hydroelectric,Hydro,WAT,HY,10.0,2028.0,"(P) Planned for installation, but regulatory approvals not initiated",34.399125,-89.77246
Addition,61906,Rye Development,62432.0,Enid Lake Hydroelectric Project,MS,Panola,TVA,IPP Non-CHP,NA1,2.5,1.5,1.4,Conventional Hydroelectric,Hydro,WAT,HY,10.0,2028.0,"(P) Planned for installation, but regulatory approvals not initiated",34.158065,-89.90553
Addition,63626,Two Rivers Wind LLC,63972.0,Two Rivers Wind Facility,WY,Carbon,PACE,IPP Non-CHP,TR1,6.1,6.1,6.1,Onshore Wind Turbine,Wind,WND,WT,10.0,2028.0,(L) Regulatory approvals pending. Not under construction,41.97508,-106.1805
Addition,64356,"Bedington Energy Facility, LLC",64848.0,"Bedington Energy Facility, LLC",WV,Berkeley,PJM,IPP Non-CHP,BEF1,100.0,100.0,100.0,Solar Photovoltaic,Solar,SUN,PV,10.0,2028.0,(L) Regulatory approvals pending. Not under construction,39.531839,-77.88709
Addition,64690,Topsham Meadow Solar Station LLC,65369.0,Topsham Meadow Solar Station,ME,Sagadahoc,ISNE,IPP Non-CHP,TMSS,17.2,17.2,17.2,Solar Photovoltaic,Solar,SUN,PV,10.0,2028.0,(L) Regulatory approvals pending. Not under construction,43.975183,-70.0113
Addition,58468,Dominion Renewable Energy,65930.0,Redbud Run Solar,VA,Frederick,PJM,Electric Utility,10,30.0,30.0,30.0,Solar Photovoltaic,Solar,SUN,PV,10.0,2028.0,"(P) Planned for installation, but regulatory approvals not initiated",39.21157,-78.08417
Addition,67192,RWE Clean Energy,66124.0,"Switchgrass Solar, LLC",VA,Suffolk City,PJM,IPP Non-CHP,SSPV,70.0,70.0,70.0,Solar Photovoltaic,Solar,SUN,PV,10.0,2028.0,"(P) Planned for installation, but regulatory approvals not initiated",36.676484,-76.58588
Addition,63289,Key Capture Energy,66682.0,"KCE NY 10, LLC",NY,Erie,NYIS,IPP Non-CHP,NY10,20.0,20.0,20.0,Batteries,Battery storage,MWH,BA,10.0,2028.0,"(P) Planned for installation, but regulatory approvals not initiated",42.907908,-78.66011
Addition,65986,"Gransolar Texas Three, LLC",67078.0,Quarter Ranch Solar,TX,Webb,ERCO,IPP Non-CHP,GRS3,154.1,154.0,154.0,Solar Photovoltaic,Solar,SUN,PV,10.0,2028.0,(L) Regulatory approvals pending. Not under construction,27.301064,-99.43041
Addition,66253,"Greenalia Solar Power Donegal, LLC",67543.0,Donegal Solar Project,TX,Dickens,ERCO,IPP Non-CHP,DOGSP,204.2,204.2,204.2,Solar Photovoltaic,Solar,SUN,PV,10.0,2028.0,(T) Regulatory approvals received. Not under construction,33.796247,-100.8728
Addition,66451,"Stony Creek Solar, LLC",67879.0,Stony Creek Solar,PA,Somerset,PJM,IPP Non-CHP,ENX26,15.0,15.0,15.0,Solar Photovoltaic,Solar,SUN,PV,10.0,2028.0,(T) Regulatory approvals received. Not under construction,40.222386,-78.8812
Addition,64545,Vesper Energy Development LLC,68034.0,Sunscape Renewable Energy,TX,Nueces,ERCO,IPP Non-CHP,SNSCB,500.0,500.0,500.0,Batteries,Battery storage,MWH,BA,10.0,2028.0,"(P) Planned for installation, but regulatory approvals not initiated",27.819197,-97.79994
Addition,64545,Vesper Energy Development LLC,68034.0,Sunscape Renewable Energy,TX,Nueces,ERCO,IPP Non-CHP,SNSCP,500.0,500.0,500.0,Solar Photovoltaic,Solar,SUN,PV,10.0,2028.0,"(P) Planned for installation, but regulatory approvals not initiated",27.819197,-97.79994
Addition,66571,Clenera DevCo LLC,68061.0,Gemstone Solar LLC,MI,Cass,PJM,IPP Non-CHP,GEMPV,150.0,150.0,150.0,Solar Photovoltaic,Solar,SUN,PV,10.0,2028.0,(T) Regulatory approvals received. Not under construction,41.896754,-86.0488
Addition,58468,Dominion Renewable Energy,68072.0,Bridleton Solar,VA,Henrico,PJM,Electric Utility,BRIDL,20.0,20.0,20.0,Solar Photovoltaic,Solar,SUN,PV,10.0,2028.0,(L) Regulatory approvals pending. Not under construction,37.46,-77.27
Addition,66731,BrightNight Power,68367.0,Pepper Hammock Solar and Storage,GA,Wayne,SOCO,IPP Non-CHP,PEHA,900.0,900.0,900.0,Solar Photovoltaic,Solar,SUN,PV,10.0,2028.0,(L) Regulatory approvals pending. Not under construction,31.331,-81.759
Addition,66841,"SL Energy Power Plant I, LLC",68504.0,Sandow Lakes Energy Station,TX,Lee,ERCO,IPP Non-CHP,SLES1,645.0,590.0,637.0,Natural Gas Fired Combined Cycle,Natural gas,NG,CS,10.0,2028.0,"(P) Planned for installation, but regulatory approvals not initiated",30.419441,-97.19124
Addition,66571,Clenera DevCo LLC,69021.0,Rustic Hills Solar I,IN,Warrick,MISO,IPP Non-CHP,RH1PV,100.0,100.0,100.0,Solar Photovoltaic,Solar,SUN,PV,10.0,2028.0,(T) Regulatory approvals received. Not under construction,37.96707,-87.30739
Addition,66571,Clenera DevCo LLC,69022.0,Rustic Hills Solar II LLC,IN,Warrick,MISO,IPP Non-CHP,RH2PV,100.0,100.0,100.0,Solar Photovoltaic,Solar,SUN,PV,10.0,2028.0,(T) Regulatory approvals received. Not under construction,37.974259,-87.32197
Addition,58615,"Homer City Generation, L.P.",3122.0,Homer City Generating Station,PA,Indiana,PJM,IPP Non-CHP,CA2,268.0,268.0,268.0,Natural Gas Fired Combined Cycle,Natural gas,NG,CA,11.0,2028.0,"(P) Planned for installation, but regulatory approvals not initiated",40.512825,-79.19611
Addition,58615,"Homer City Generation, L.P.",3122.0,Homer City Generating Station,PA,Indiana,PJM,IPP Non-CHP,CA3,268.0,268.0,268.0,Natural Gas Fired Combined Cycle,Natural gas,NG,CA,11.0,2028.0,"(P) Planned for installation, but regulatory approvals not initiated",40.512825,-79.19611
Addition,58615,"Homer City Generation, L.P.",3122.0,Homer City Generating Station,PA,Indiana,PJM,IPP Non-CHP,CT2,360.0,360.0,360.0,Natural Gas Fired Combined Cycle,Natural gas,NG,CT,11.0,2028.0,"(P) Planned for installation, but regulatory approvals not initiated",40.512825,-79.19611
Addition,58615,"Homer City Generation, L.P.",3122.0,Homer City Generating Station,PA,Indiana,PJM,IPP Non-CHP,CT3,360.0,360.0,360.0,Natural Gas Fired Combined Cycle,Natural gas,NG,CT,11.0,2028.0,"(P) Planned for installation, but regulatory approvals not initiated",40.512825,-79.19611
Addition,58880,Gallegos Wind Farm LLC,59047.0,"Gallegos Wind Farm, Phase 1",NM,Union,PNM,IPP Non-CHP,GEN 1,190.0,190.0,190.0,Onshore Wind Turbine,Wind,WND,WT,11.0,2028.0,"(P) Planned for installation, but regulatory approvals not initiated",36.580281,-103.849
Addition,61716,Big Fork Solar,62184.0,Big Fork Solar,SC,Barnwell,SCEG,IPP Non-CHP,26,74.9,74.9,74.9,Solar Photovoltaic,Solar,SUN,PV,11.0,2028.0,(T) Regulatory approvals received. Not under construction,33.135275,-81.23911
Addition,61720,Colleton Solar,62188.0,Colleton Solar,SC,Colleton,SCEG,IPP Non-CHP,30,74.9,74.9,74.9,Solar Photovoltaic,Solar,SUN,PV,11.0,2028.0,(T) Regulatory approvals received. Not under construction,33.123794,-80.84248
Addition,61722,Crossroads Solar,62190.0,Crossroads Solar,SC,Barnwell,SCEG,IPP Non-CHP,32,50.0,50.0,50.0,Solar Photovoltaic,Solar,SUN,PV,11.0,2028.0,(T) Regulatory approvals received. Not under construction,33.368886,-81.36497
Addition,61737,GEB Solar,62217.0,GEB Solar,SC,Darlington,CPLE,IPP Non-CHP,40,50.0,50.0,50.0,Solar Photovoltaic,Solar,SUN,PV,11.0,2028.0,(T) Regulatory approvals received. Not under construction,34.412367,-80.04192
Addition,61746,Holliday Solar I,62229.0,Holliday Solar I,SC,Horry,SC,IPP Non-CHP,43,74.0,74.0,74.0,Solar Photovoltaic,Solar,SUN,PV,11.0,2028.0,(T) Regulatory approvals received. Not under construction,34.054128,-79.20663
Addition,61791,Melsam Solar,62280.0,Melsam Solar,SC,Dillon,CPLE,IPP Non-CHP,58,65.0,65.0,65.0,Solar Photovoltaic,Solar,SUN,PV,11.0,2028.0,(T) Regulatory approvals received. Not under construction,34.344878,-79.37456
Addition,61807,Quest Solar,62299.0,Quest Solar,SC,Allendale,SCEG,IPP Non-CHP,66,50.0,50.0,50.0,Solar Photovoltaic,Solar,SUN,PV,11.0,2028.0,(T) Regulatory approvals received. Not under construction,32.976531,-81.22681
Addition,61830,Shining Sun Solar,62309.0,Shining Sun Solar,SC,Orangeburg,SC,IPP Non-CHP,73,74.0,74.4,74.0,Solar Photovoltaic,Solar,SUN,PV,11.0,2028.0,(T) Regulatory approvals received. Not under construction,33.5425,-80.57219
Addition,61906,Rye Development,62384.0,Point Marion L&D Hydroelectric Project,PA,Fayette,PJM,IPP Non-CHP,NA1,2.5,1.5,2.2,Conventional Hydroelectric,Hydro,WAT,HY,11.0,2028.0,"(P) Planned for installation, but regulatory approvals not initiated",39.726855,-79.91013
Addition,61906,Rye Development,62385.0,Maxwell L&D Hydroelectric Project,PA,Fayette,PJM,IPP Non-CHP,NA1,6.0,4.5,5.5,Conventional Hydroelectric,Hydro,WAT,HY,11.0,2028.0,"(P) Planned for installation, but regulatory approvals not initiated",40.002401,-79.95883
Addition,61906,Rye Development,62400.0,Montgomery L&D Hydroelectric Project,PA,Beaver,PJM,IPP Non-CHP,NA2,6.8,5.5,6.3,Conventional Hydroelectric,Hydro,WAT,HY,11.0,2028.0,"(P) Planned for installation, but regulatory approvals not initiated",40.652478,-80.38687
Addition,61906,Rye Development,62404.0,Monongahela L&D4 Hydroelectric Project,PA,Washington,PJM,IPP Non-CHP,NA2,6.0,4.5,5.5,Conventional Hydroelectric,Hydro,WAT,HY,11.0,2028.0,"(P) Planned for installation, but regulatory approvals not initiated",40.145943,-79.90095
Addition,61906,Rye Development,62425.0,Sardis Lake Hydroelectric Project,MS,Panola,TVA,IPP Non-CHP,NA2,7.5,5.5,4.5,Conventional Hydroelectric,Hydro,WAT,HY,11.0,2028.0,"(P) Planned for installation, but regulatory approvals not initiated",34.399125,-89.77246
Addition,61906,Rye Development,62432.0,Enid Lake Hydroelectric Project,MS,Panola,TVA,IPP Non-CHP,NA2,2.5,1.5,1.4,Conventional Hydroelectric,Hydro,WAT,HY,11.0,2028.0,"(P) Planned for installation, but regulatory approvals not initiated",34.158065,-89.90553
Addition,49893,Invenergy Services LLC,63096.0,Horseshoe Solar Energy,NY,Livingston,NYIS,IPP Non-CHP,GEN1,180.0,180.0,180.0,Solar Photovoltaic,Solar,SUN,PV,11.0,2028.0,(L) Regulatory approvals pending. Not under construction,42.570762,-77.45296
Addition,63832,Hecate Energy Harley Hand Solar LLC,64234.0,Hecate Energy Harley Hand Solar LLC,TX,Nolan,ERCO,IPP Non-CHP,19936,514.0,514.0,514.0,Solar Photovoltaic,Solar,SUN,PV,11.0,2028.0,"(P) Planned for installation, but regulatory approvals not initiated",32.468537,-100.2164
Addition,62842,"Lightsource Renewable Energy Asset Management, LLC",66114.0,Merrillville Solar,IN,Lake,MISO,IPP Non-CHP,INRD1,100.0,100.0,100.0,Solar Photovoltaic,Solar,SUN,PV,11.0,2028.0,"(P) Planned for installation, but regulatory approvals not initiated",41.462794,-87.27285
Addition,66234,Nexus Renewables U.S. Inc.,67535.0,Bell Creek BESS LLC,TX,Brazoria,ERCO,IPP Non-CHP,ASHU1,200.9,200.9,200.9,Batteries,Battery storage,MWH,BA,11.0,2028.0,"(P) Planned for installation, but regulatory approvals not initiated",29.137519,-95.66797
Addition,66262,"Greenalia Solar Power Wensowitch, LLC",67567.0,Wensowitch Solar Park,TX,Navarro,ERCO,IPP Non-CHP,WEGSP,145.6,145.6,145.6,Solar Photovoltaic,Solar,SUN,PV,11.0,2028.0,(T) Regulatory approvals received. Not under construction,32.300261,-96.37123
Addition,61060,Cypress Creek Renewables,67653.0,Carriger,WA,Klickitat,BPAT,IPP Non-CHP,CARRI,160.0,160.0,160.0,Solar Photovoltaic,Solar,SUN,PV,11.0,2028.0,(L) Regulatory approvals pending. Not under construction,45.8777,-120.8865
Addition,66650,Noble Solar LLC,68209.0,Purple Sage Energy Center,NV,Clark,CISO,IPP Non-CHP,PSGBS,400.0,400.0,400.0,Batteries,Battery storage,MWH,BA,11.0,2028.0,"(P) Planned for installation, but regulatory approvals not initiated",36.029139,-115.8062
Addition,66650,Noble Solar LLC,68209.0,Purple Sage Energy Center,NV,Clark,CISO,IPP Non-CHP,PSGPV,400.0,400.0,400.0,Solar Photovoltaic,Solar,SUN,PV,11.0,2028.0,"(P) Planned for installation, but regulatory approvals not initiated",36.029139,-115.8062
Addition,58764,"Origis Energy USA, Inc",68673.0,Sand Luis West,CA,Fresno,CISO,IPP Non-CHP,OESLW,125.0,125.0,125.0,Solar Photovoltaic,Solar,SUN,PV,11.0,2028.0,(T) Regulatory approvals received. Not under construction,36.1676,-120.054
Addition,58764,"Origis Energy USA, Inc",68673.0,Sand Luis West,CA,Fresno,CISO,IPP Non-CHP,SLW_S,31.3,31.3,31.3,Batteries,Battery storage,MWH,BA,11.0,2028.0,(T) Regulatory approvals received. Not under construction,36.1676,-120.054
Addition,66234,Nexus Renewables U.S. Inc.,68814.0,Brazos River BESS LLC,TX,Brazoria,ERCO,IPP Non-CHP,ASHU2,180.0,180.0,180.0,Batteries,Battery storage,MWH,BA,11.0,2028.0,"(P) Planned for installation, but regulatory approvals not initiated",29.150409,-95.62124
Addition,64904,AES Clean Energy,69743.0,Kuihelani Phase 2,HI,Maui,HECO,IPP Non-CHP,KUIHE,40.0,40.0,40.0,Solar Photovoltaic,Solar,SUN,PV,11.0,2028.0,(L) Regulatory approvals pending. Not under construction,20.8026,-156.4984
Addition,5109,DTE Electric Company,69776.0,Deckerville Solar Park,MI,Sanilac,MISO,Electric Utility,DKVSP,200.0,200.0,200.0,Solar Photovoltaic,Solar,SUN,PV,11.0,2028.0,"(U) Under construction, less than or equal to 50 percent complete",44.5521,-82.7649
Addition,56771,Black Hills Service Company LLC,57703.0,Cheyenne Prairie Generating Station,WY,Laramie,WACM,Electric Utility,02B,40.0,40.0,40.0,Natural Gas Fired Combustion Turbine,Natural gas,NG,GT,12.0,2028.0,"(P) Planned for installation, but regulatory approvals not initiated",41.123611,-104.72
Addition,56771,Black Hills Service Company LLC,57703.0,Cheyenne Prairie Generating Station,WY,Laramie,WACM,Electric Utility,03A,40.0,40.0,40.0,Natural Gas Fired Combustion Turbine,Natural gas,NG,GT,12.0,2028.0,"(P) Planned for installation, but regulatory approvals not initiated",41.123611,-104.72
Addition,56771,Black Hills Service Company LLC,57703.0,Cheyenne Prairie Generating Station,WY,Laramie,WACM,Electric Utility,03B,40.0,40.0,40.0,Natural Gas Fired Combustion Turbine,Natural gas,NG,GT,12.0,2028.0,"(P) Planned for installation, but regulatory approvals not initiated",41.123611,-104.72
Addition,59966,Wolf Summit Energy LLC,60206.0,Wolf Summit Energy,WV,Harrison,PJM,IPP Non-CHP,HCCA1,207.4,205.4,207.4,Natural Gas Fired Combined Cycle,Natural gas,NG,CA,12.0,2028.0,(L) Regulatory approvals pending. Not under construction,39.287039,-80.32287
Addition,59966,Wolf Summit Energy LLC,60206.0,Wolf Summit Energy,WV,Harrison,PJM,IPP Non-CHP,HCCT1,371.5,319.1,343.3,Natural Gas Fired Combined Cycle,Natural gas,NG,CT,12.0,2028.0,(L) Regulatory approvals pending. Not under construction,39.287039,-80.32287
Addition,61818,CC Polymers LLC,60642.0,M&G Resins USA,TX,Nueces,ERCO,Industrial Non-CHP,1,14.3,11.7,12.6,All Other,Other,WH,OT,12.0,2028.0,"(U) Under construction, less than or equal to 50 percent complete",27.833756,-97.49652
Addition,61818,CC Polymers LLC,60642.0,M&G Resins USA,TX,Nueces,ERCO,Industrial Non-CHP,2,14.3,11.7,12.6,All Other,Other,WH,OT,12.0,2028.0,"(U) Under construction, less than or equal to 50 percent complete",27.833756,-97.49652
Addition,62759,Geronimo Power,61687.0,Plum Creek,MN,Cottonwood,MISO,IPP Non-CHP,PLMCK,200.0,200.0,200.0,Onshore Wind Turbine,Wind,WND,WT,12.0,2028.0,(L) Regulatory approvals pending. Not under construction,44.14504,-95.38272
Addition,61906,Rye Development,62384.0,Point Marion L&D Hydroelectric Project,PA,Fayette,PJM,IPP Non-CHP,NA2,2.5,1.5,2.2,Conventional Hydroelectric,Hydro,WAT,HY,12.0,2028.0,"(P) Planned for installation, but regulatory approvals not initiated",39.726855,-79.91013
Addition,61906,Rye Development,62385.0,Maxwell L&D Hydroelectric Project,PA,Fayette,PJM,IPP Non-CHP,NA2,6.0,4.5,5.5,Conventional Hydroelectric,Hydro,WAT,HY,12.0,2028.0,"(P) Planned for installation, but regulatory approvals not initiated",40.002401,-79.95883
Addition,61906,Rye Development,62400.0,Montgomery L&D Hydroelectric Project,PA,Beaver,PJM,IPP Non-CHP,NA3,6.8,5.5,6.3,Conventional Hydroelectric,Hydro,WAT,HY,12.0,2028.0,"(P) Planned for installation, but regulatory approvals not initiated",40.652478,-80.38687
Addition,63217,Obsidian Solar Center LLC,63488.0,Obsidian Solar Center,OR,Lake,BPAT,IPP Non-CHP,OBSLR,400.0,400.0,400.0,Solar Photovoltaic,Solar,SUN,PV,12.0,2028.0,(L) Regulatory approvals pending. Not under construction,43.312167,-120.8218
Addition,58970,"Ecoplexus, Inc",63567.0,Westminister NC,NC,Rutherford,DUK,IPP Non-CHP,WSMTR,60.0,60.0,60.0,Solar Photovoltaic,Solar,SUN,PV,12.0,2028.0,(T) Regulatory approvals received. Not under construction,35.452,-81.919
Addition,63524,Freepoint Commodities LLC,64064.0,Shaftsbury Solar,VT,Bennington,ISNE,IPP Non-CHP,SHAFT,20.0,20.0,20.0,Solar Photovoltaic,Solar,SUN,PV,12.0,2028.0,(L) Regulatory approvals pending. Not under construction,42.96463,-73.16841
Addition,64246,"99MT 8me, LLC",64632.0,Sienna Solar Farm,CA,San Bernardino,CISO,IPP Non-CHP,99MT8,200.0,200.0,200.0,Solar Photovoltaic,Solar,SUN,PV,12.0,2028.0,"(P) Planned for installation, but regulatory approvals not initiated",34.493659,-116.915
Addition,64246,"99MT 8me, LLC",64632.0,Sienna Solar Farm,CA,San Bernardino,CISO,IPP Non-CHP,99MTB,200.0,200.0,200.0,Batteries,Battery storage,MWH,BA,12.0,2028.0,"(P) Planned for installation, but regulatory approvals not initiated",34.493659,-116.915
Addition,64245,"90FI 8me, LLC",64634.0,Kingsley Solar Farm,CA,Imperial,CISO,IPP Non-CHP,90FI8,225.0,225.0,225.0,Solar Photovoltaic,Solar,SUN,PV,12.0,2028.0,"(P) Planned for installation, but regulatory approvals not initiated",32.742036,-115.7354
Addition,64245,"90FI 8me, LLC",64634.0,Kingsley Solar Farm,CA,Imperial,CISO,IPP Non-CHP,90FIB,74.0,74.0,74.0,Batteries,Battery storage,MWH,BA,12.0,2028.0,"(P) Planned for installation, but regulatory approvals not initiated",32.742036,-115.7354
Addition,64355,"Solariant Capital, LLC",64849.0,Wildcat Solar Power Plant LLC,NM,McKinley,PNM,IPP Non-CHP,ATMWS,50.0,50.0,50.0,Batteries,Battery storage,MWH,BA,12.0,2028.0,"(P) Planned for installation, but regulatory approvals not initiated",35.580453,-108.9023
Addition,64355,"Solariant Capital, LLC",64849.0,Wildcat Solar Power Plant LLC,NM,McKinley,PNM,IPP Non-CHP,WILDC,90.0,90.0,90.0,Solar Photovoltaic,Solar,SUN,PV,12.0,2028.0,"(P) Planned for installation, but regulatory approvals not initiated",35.580453,-108.9023
Addition,65265,Repsol Renewables NA,64912.0,Mill Point Solar,NY,Montgomery,NYIS,IPP Non-CHP,CMPS1,250.0,250.0,250.0,Solar Photovoltaic,Solar,SUN,PV,12.0,2028.0,"(P) Planned for installation, but regulatory approvals not initiated",42.919098,-74.34116
Addition,64578,Caden Energix Piney River LLC,65286.0,Caden Energix Piney River LLC,VA,Amherst,PJM,IPP Non-CHP,ENX18,50.0,50.0,50.0,Solar Photovoltaic,Solar,SUN,PV,12.0,2028.0,(L) Regulatory approvals pending. Not under construction,37.696818,-79.02306
Addition,64615,Antares Group Inc,65313.0,Elm Spring Solar 1,VA,Augusta,PJM,IPP Non-CHP,ES,3.0,3.0,3.0,Solar Photovoltaic,Solar,SUN,PV,12.0,2028.0,"(P) Planned for installation, but regulatory approvals not initiated",38.0945,-78.9595
Addition,15399,Avangrid Power LLC,65326.0,Sunset Solar,OR,Wasco,BPAT,IPP Non-CHP,SS1,103.0,103.0,103.0,Solar Photovoltaic,Solar,SUN,PV,12.0,2028.0,(T) Regulatory approvals received. Not under construction,45.165062,-120.8804
Addition,64691,West Baldwin Solar Station LLC,65371.0,West Baldwin Solar Station,ME,Cumberland,ISNE,IPP Non-CHP,WBSS,17.1,17.1,17.1,Solar Photovoltaic,Solar,SUN,PV,12.0,2028.0,(T) Regulatory approvals received. Not under construction,43.867403,-70.7866
Addition,56201,Engie North America,65590.0,Octans,TX,Pecos,ERCO,IPP Non-CHP,OCTNS,125.0,125.0,125.0,Batteries,Battery storage,MWH,BA,12.0,2028.0,"(U) Under construction, less than or equal to 50 percent complete",31.000575,-102.6799
Addition,67928,"Boulder Flats Solar, LLC",65977.0,Boulder Flats Solar,NV,Clark,NEVP,IPP Non-CHP,BF1PV,113.0,113.0,113.0,Solar Photovoltaic,Solar,SUN,PV,12.0,2028.0,"(V) Under construction, more than 50 percent complete",35.878865,-114.9833
Addition,67192,RWE Clean Energy,66238.0,Sculpin Solar,IN,DeKalb,PJM,IPP Non-CHP,1SPS,180.0,180.0,180.0,Solar Photovoltaic,Solar,SUN,PV,12.0,2028.0,"(P) Planned for installation, but regulatory approvals not initiated",41.364556,-84.84381
Addition,61060,Cypress Creek Renewables,66363.0,"Black Walnut Solar, LLC",NC,Jones,DUK,IPP Non-CHP,GEN1B,32.0,32.0,32.0,Batteries,Battery storage,MWH,BA,12.0,2028.0,"(P) Planned for installation, but regulatory approvals not initiated",35.050032,-77.15218
Addition,65481,"Hecate Grid Gwent Storage 1, LLC",66409.0,Hecate Grid Gwent Storage 1,CA,Ventura,CISO,IPP Non-CHP,GWNT,135.0,135.0,135.0,Batteries,Battery storage,MWH,BA,12.0,2028.0,"(P) Planned for installation, but regulatory approvals not initiated",34.28093,-118.903
Addition,61012,AES Distributed Energy,66484.0,"Glen Canyon Solar A, LLC",UT,Kane,PACE,IPP Non-CHP,GCA,95.0,95.0,95.0,Solar Photovoltaic,Solar,SUN,PV,12.0,2028.0,"(U) Under construction, less than or equal to 50 percent complete",37.091539,-111.7255
Addition,14354,PacifiCorp,66651.0,Arco Wind and Solar Project,ID,Bonneville,PACE,Electric Utility,C2-92,206.0,206.0,206.0,Onshore Wind Turbine,Wind,WND,WT,12.0,2028.0,(T) Regulatory approvals received. Not under construction,43.557,-112.4415
Addition,65701,Horsepen Branch Solar,66695.0,Horsepen Branch Solar,VA,Louisa,PJM,IPP Non-CHP,HRSPN,25.0,25.0,25.0,Solar Photovoltaic,Solar,SUN,PV,12.0,2028.0,"(P) Planned for installation, but regulatory approvals not initiated",37.961,-77.792
Addition,12796,Monongahela Power Co,66870.0,Davis Solar (WV),WV,Tucker,PJM,Electric Utility,DAVS,11.5,11.5,11.5,Solar Photovoltaic,Solar,SUN,PV,12.0,2028.0,(L) Regulatory approvals pending. Not under construction,39.155005,-79.44334
Addition,50123,"Leeward Asset Management, LLC",66958.0,Northern Prairie 1,WI,St Croix,MISO,IPP Non-CHP,NOPR1,101.0,101.0,101.0,Solar Photovoltaic,Solar,SUN,PV,12.0,2028.0,(T) Regulatory approvals received. Not under construction,45.131813,-92.31686
Addition,66185,Erath County Solar LLC,67353.0,Erath County Solar,TX,Erath,ERCO,IPP Non-CHP,4666,204.0,204.0,204.0,Solar Photovoltaic,Solar,SUN,PV,12.0,2028.0,"(P) Planned for installation, but regulatory approvals not initiated",32.089488,-98.17853
Addition,66191,"Mineral Basin Solar Power, LLC",67378.0,Mineral Basin Solar Power,PA,Clearfield,NYIS,IPP Non-CHP,MB,401.6,401.6,401.6,Solar Photovoltaic,Solar,SUN,PV,12.0,2028.0,"(P) Planned for installation, but regulatory approvals not initiated",41.106469,-78.29426
Addition,66259,Vista Sands Solar LLC,67551.0,Vista Sands Solar,WI,Portage,MISO,IPP Non-CHP,VISTA,1182.0,1182.0,1182.0,Solar Photovoltaic,Solar,SUN,PV,12.0,2028.0,(L) Regulatory approvals pending. Not under construction,44.446256,-89.57631
Addition,61060,Cypress Creek Renewables,67664.0,Soleil,TX,Clay,ERCO,IPP Non-CHP,SOLEI,450.0,450.0,450.0,Solar Photovoltaic,Solar,SUN,PV,12.0,2028.0,(L) Regulatory approvals pending. Not under construction,33.799253,-98.04552
Addition,66373,Gransolar Texas Two LLC,67776.0,Cuchillas PV and BESS,TX,Webb,ERCO,IPP Non-CHP,GRS2B,306.9,306.9,306.9,Batteries,Battery storage,MWH,BA,12.0,2028.0,(L) Regulatory approvals pending. Not under construction,27.644178,-99.18445
Addition,66373,Gransolar Texas Two LLC,67776.0,Cuchillas PV and BESS,TX,Webb,ERCO,IPP Non-CHP,GRS2P,305.6,305.6,305.6,Solar Photovoltaic,Solar,SUN,PV,12.0,2028.0,(L) Regulatory approvals pending. Not under construction,27.644178,-99.18445
Addition,65144,"Samsung C&T Renewables, LLC",68019.0,Richwood Solar and Storage,OH,Union,PJM,IPP Non-CHP,RICBA,50.0,50.0,50.0,Batteries,Battery storage,MWH,BA,12.0,2028.0,"(P) Planned for installation, but regulatory approvals not initiated",40.353175,-83.33117
Addition,66554,Cowboy Solar I,68022.0,Cowboy Solar I,WY,Laramie,WACM,IPP Non-CHP,CLPBS,400.0,400.0,400.0,Batteries,Battery storage,MWH,BA,12.0,2028.0,"(P) Planned for installation, but regulatory approvals not initiated",41.032968,-104.3816
Addition,64904,AES Clean Energy,68043.0,Robeson Solar I,NC,Robeson,CPLE,IPP Non-CHP,ROBES,80.0,80.0,80.0,Solar Photovoltaic,Solar,SUN,PV,12.0,2028.0,"(P) Planned for installation, but regulatory approvals not initiated",34.614574,-78.93468
Addition,64904,AES Clean Energy,68043.0,Robeson Solar I,NC,Robeson,CPLE,IPP Non-CHP,ROBSS,28.0,28.0,28.0,Batteries,Battery storage,MWH,BA,12.0,2028.0,"(P) Planned for installation, but regulatory approvals not initiated",34.614574,-78.93468
Addition,66649,Viridis Solar,68213.0,Panton,VT,Addison,ISNE,IPP Non-CHP,1,50.0,50.0,50.0,Solar Photovoltaic,Solar,SUN,PV,12.0,2028.0,(L) Regulatory approvals pending. Not under construction,44.1328,-73.31151
Addition,11241,Entergy Louisiana LLC,68214.0,Franklin Farms 1&2,LA,Richland,MISO,Electric Utility,1A,469.3,435.4,469.3,Natural Gas Fired Combined Cycle,Natural gas,NG,CT,12.0,2028.0,(L) Regulatory approvals pending. Not under construction,32.53246,-91.62767
Addition,11241,Entergy Louisiana LLC,68214.0,Franklin Farms 1&2,LA,Richland,MISO,Electric Utility,1B,311.0,302.8,303.0,Natural Gas Fired Combined Cycle,Natural gas,NG,CA,12.0,2028.0,(L) Regulatory approvals pending. Not under construction,32.53246,-91.62767
Addition,11241,Entergy Louisiana LLC,68214.0,Franklin Farms 1&2,LA,Richland,MISO,Electric Utility,2A,469.3,435.4,469.3,Natural Gas Fired Combined Cycle,Natural gas,NG,CT,12.0,2028.0,(L) Regulatory approvals pending. Not under construction,32.53246,-91.62767
Addition,11241,Entergy Louisiana LLC,68214.0,Franklin Farms 1&2,LA,Richland,MISO,Electric Utility,2B,311.0,302.8,303.0,Natural Gas Fired Combined Cycle,Natural gas,NG,CA,12.0,2028.0,(L) Regulatory approvals pending. Not under construction,32.53246,-91.62767
Addition,807,Arkansas Electric Coop Corp,68273.0,Naples Power Plant,TX,Morris,SWPP,Electric Utility,1,450.0,450.0,450.0,Natural Gas Fired Combustion Turbine,Natural gas,NG,GT,12.0,2028.0,"(P) Planned for installation, but regulatory approvals not initiated",33.21964,-94.70564
Addition,807,Arkansas Electric Coop Corp,68273.0,Naples Power Plant,TX,Morris,SWPP,Electric Utility,2,450.0,450.0,450.0,Natural Gas Fired Combustion Turbine,Natural gas,NG,GT,12.0,2028.0,"(P) Planned for installation, but regulatory approvals not initiated",33.21964,-94.70564
Addition,66701,"CENT bn, LLC",68282.0,Centralia Battery Energy Storage System,WA,Thurston,PSEI,IPP Non-CHP,CENT,200.0,200.0,200.0,Batteries,Battery storage,MWH,BA,12.0,2028.0,(L) Regulatory approvals pending. Not under construction,46.779823,-122.8848
Addition,66702,"DESA bn, LLC",68283.0,Desert Sand BESS,AZ,Maricopa,AZPS,IPP Non-CHP,DESA,300.0,300.0,300.0,Batteries,Battery storage,MWH,BA,12.0,2028.0,(L) Regulatory approvals pending. Not under construction,33.497049,-113.0514
Addition,66702,"DESA bn, LLC",68283.0,Desert Sand BESS,AZ,Maricopa,AZPS,IPP Non-CHP,DESA1,300.0,300.0,300.0,Solar Photovoltaic,Solar,SUN,PV,12.0,2028.0,(L) Regulatory approvals pending. Not under construction,33.497049,-113.0514
Addition,66756,Girasol Solar Farm LLC,68352.0,Girasol Solar Farm,MS,Sunflower,MISO,IPP Non-CHP,GIPV1,100.0,100.0,100.0,Solar Photovoltaic,Solar,SUN,PV,12.0,2028.0,"(P) Planned for installation, but regulatory approvals not initiated",33.676092,-90.64287
Addition,66731,BrightNight Power,68367.0,Pepper Hammock Solar and Storage,GA,Wayne,SOCO,IPP Non-CHP,PEHA2,400.0,400.0,400.0,Batteries,Battery storage,MWH,BA,12.0,2028.0,(L) Regulatory approvals pending. Not under construction,31.331,-81.759
Addition,66731,BrightNight Power,68368.0,Mayfield Solar and Storage,KY,McCracken,MISO,IPP Non-CHP,MYSO,200.0,200.0,200.0,Solar Photovoltaic,Solar,SUN,PV,12.0,2028.0,(L) Regulatory approvals pending. Not under construction,36.8864,-88.659
Addition,66856,22SV 8ME LLC,68485.0,Rexford 2 Solar Farm,CA,Tulare,CISO,IPP Non-CHP,22SVA,200.0,200.0,200.0,Solar Photovoltaic,Solar,SUN,PV,12.0,2028.0,"(P) Planned for installation, but regulatory approvals not initiated",35.893525,-119.0805
Addition,66856,22SV 8ME LLC,68485.0,Rexford 2 Solar Farm,CA,Tulare,CISO,IPP Non-CHP,22SVB,200.0,200.0,200.0,Batteries,Battery storage,MWH,BA,12.0,2028.0,"(P) Planned for installation, but regulatory approvals not initiated",35.893525,-119.0805
Addition,66841,"SL Energy Power Plant I, LLC",68504.0,Sandow Lakes Energy Station,TX,Lee,ERCO,IPP Non-CHP,SLES2,645.0,590.0,637.0,Natural Gas Fired Combined Cycle,Natural gas,NG,CS,12.0,2028.0,"(P) Planned for installation, but regulatory approvals not initiated",30.419441,-97.19124
Addition,65265,Repsol Renewables NA,68511.0,Henry Solar,OH,Henry,PJM,IPP Non-CHP,CHC1,206.0,206.0,206.0,Solar Photovoltaic,Solar,SUN,PV,12.0,2028.0,"(P) Planned for installation, but regulatory approvals not initiated",41.474421,-84.11271
Addition,66255,"RIC Development, LLC",68665.0,Summerhill BESS,TX,Taylor,ERCO,IPP Non-CHP,RIC87,143.0,143.0,143.0,Batteries,Battery storage,MWH,BA,12.0,2028.0,"(P) Planned for installation, but regulatory approvals not initiated",32.51289,-99.79563
Addition,61060,Cypress Creek Renewables,68871.0,Timber Mill Solar,NC,Jones,CPLE,IPP Non-CHP,TIMIB,32.0,32.0,32.0,Batteries,Battery storage,MWH,BA,12.0,2028.0,"(P) Planned for installation, but regulatory approvals not initiated",34.96634,-77.21299
Addition,61060,Cypress Creek Renewables,68871.0,Timber Mill Solar,NC,Jones,CPLE,IPP Non-CHP,TIMIL,80.0,80.0,80.0,Solar Photovoltaic,Solar,SUN,PV,12.0,2028.0,"(P) Planned for installation, but regulatory approvals not initiated",34.96634,-77.21299
Addition,67250,"Helion Energy, Inc.",69099.0,Orion - Helion,WA,Chelan,CHPD,IPP Non-CHP,HEWA1,50.0,50.0,50.0,All Other,Other,H2,OT,12.0,2028.0,(L) Regulatory approvals pending. Not under construction,47.3368,-120.1043
Addition,64452,"EDF Renewables Development, Inc.",69108.0,Eastern Cottontail Solar,OH,Fairfield,PJM,IPP Non-CHP,COT01,220.0,254.5,118.2,Solar Photovoltaic,Solar,SUN,PV,12.0,2028.0,(L) Regulatory approvals pending. Not under construction,39.844172,-82.49453
Addition,18642,Tennessee Valley Authority,69147.0,New Caledonia,MS,Lowndes,TVA,Electric Utility,G1,84.0,81.0,98.0,Natural Gas Fired Combustion Turbine,Natural gas,NG,GT,12.0,2028.0,"(P) Planned for installation, but regulatory approvals not initiated",33.649272,-88.3146
Addition,18642,Tennessee Valley Authority,69147.0,New Caledonia,MS,Lowndes,TVA,Electric Utility,G2,84.0,81.0,98.0,Natural Gas Fired Combustion Turbine,Natural gas,NG,GT,12.0,2028.0,"(P) Planned for installation, but regulatory approvals not initiated",33.649272,-88.3146
Addition,18642,Tennessee Valley Authority,69147.0,New Caledonia,MS,Lowndes,TVA,Electric Utility,G3,84.0,81.0,98.0,Natural Gas Fired Combustion Turbine,Natural gas,NG,GT,12.0,2028.0,"(P) Planned for installation, but regulatory approvals not initiated",33.649272,-88.3146
Addition,18642,Tennessee Valley Authority,69147.0,New Caledonia,MS,Lowndes,TVA,Electric Utility,G4,84.0,81.0,98.0,Natural Gas Fired Combustion Turbine,Natural gas,NG,GT,12.0,2028.0,"(P) Planned for installation, but regulatory approvals not initiated",33.649272,-88.3146
Addition,18642,Tennessee Valley Authority,69147.0,New Caledonia,MS,Lowndes,TVA,Electric Utility,G5,84.0,81.0,98.0,Natural Gas Fired Combustion Turbine,Natural gas,NG,GT,12.0,2028.0,"(P) Planned for installation, but regulatory approvals not initiated",33.649272,-88.3146
Addition,18642,Tennessee Valley Authority,69147.0,New Caledonia,MS,Lowndes,TVA,Electric Utility,G6,84.0,81.0,98.0,Natural Gas Fired Combustion Turbine,Natural gas,NG,GT,12.0,2028.0,"(P) Planned for installation, but regulatory approvals not initiated",33.649272,-88.3146
Addition,67482,Emerald Bluffs Solar Park LLC,69450.0,Emerald Bluffs Solar Park,WI,Juneau,MISO,IPP Non-CHP,GEN01,225.0,225.0,225.0,Solar Photovoltaic,Solar,SUN,PV,12.0,2028.0,(L) Regulatory approvals pending. Not under construction,43.764276,-90.01398
Addition,13781,Northern States Power Co - Minnesota,69537.0,Lyon County Generating Station,MN,Lyon,MISO,Electric Utility,1,210.0,193.3,222.5,Natural Gas Fired Combustion Turbine,Natural gas,NG,GT,12.0,2028.0,(L) Regulatory approvals pending. Not under construction,44.226167,-95.75362
Addition,13781,Northern States Power Co - Minnesota,69537.0,Lyon County Generating Station,MN,Lyon,MISO,Electric Utility,2,210.0,193.3,222.5,Natural Gas Fired Combustion Turbine,Natural gas,NG,GT,12.0,2028.0,(L) Regulatory approvals pending. Not under construction,44.226167,-95.75362
Addition,49893,Invenergy Services LLC,69577.0,"Superior Solar Project, LLC",MI,Marquette,MISO,IPP Non-CHP,SPROR,150.0,100.0,100.0,Solar Photovoltaic,Solar,SUN,PV,12.0,2028.0,"(P) Planned for installation, but regulatory approvals not initiated",46.455,-87.466
Addition,67534,"Rising Star Solar, LLC",69584.0,Rising Star Solar,TX,Starr,ERCO,IPP Non-CHP,3572,500.0,500.0,500.0,Solar Photovoltaic,Solar,SUN,PV,12.0,2028.0,(T) Regulatory approvals received. Not under construction,26.382105,-98.61544
Addition,49893,Invenergy Services LLC,69608.0,Sinnissippi Solar Energy LLC,WI,Jefferson,MISO,IPP Non-CHP,SNSPI,100.0,100.0,100.0,Solar Photovoltaic,Solar,SUN,PV,12.0,2028.0,"(P) Planned for installation, but regulatory approvals not initiated",43.12592,-88.67098
Addition,67576,New Salem Wind I,69657.0,New Salem Wind I,ND,Morton,MISO,IPP Non-CHP,NS1,200.0,83.1,102.6,Onshore Wind Turbine,Wind,WND,WT,12.0,2028.0,"(P) Planned for installation, but regulatory approvals not initiated",46.730181,-101.3054
Addition,67577,New Salem Wind II,69658.0,New Salem Wind II,ND,Morton,MISO,IPP Non-CHP,NS2,226.0,95.3,117.5,Onshore Wind Turbine,Wind,WND,WT,12.0,2028.0,"(P) Planned for installation, but regulatory approvals not initiated",46.797929,-101.4344
Addition,67631,"Somerset Energy Storage, LLC",69722.0,Salt Cod BESS,MA,Bristol,ISNE,IPP Non-CHP,BESS1,168.0,168.0,168.0,Batteries,Battery storage,MWH,BA,12.0,2028.0,(L) Regulatory approvals pending. Not under construction,41.73722,-71.1489
Addition,5580,"East Kentucky Power Coop, Inc",69726.0,Liberty Station,KY,Casey,PJM,Electric Utility,L1,18.1,17.8,17.8,Natural Gas Internal Combustion Engine,Natural gas,NG,IC,12.0,2028.0,"(P) Planned for installation, but regulatory approvals not initiated",37.369331,-84.95767
Addition,5580,"East Kentucky Power Coop, Inc",69726.0,Liberty Station,KY,Casey,PJM,Electric Utility,L10,18.1,17.8,17.8,Natural Gas Internal Combustion Engine,Natural gas,NG,IC,12.0,2028.0,"(P) Planned for installation, but regulatory approvals not initiated",37.369331,-84.95767
Addition,5580,"East Kentucky Power Coop, Inc",69726.0,Liberty Station,KY,Casey,PJM,Electric Utility,L11,18.1,17.8,17.8,Natural Gas Internal Combustion Engine,Natural gas,NG,IC,12.0,2028.0,"(P) Planned for installation, but regulatory approvals not initiated",37.369331,-84.95767
Addition,5580,"East Kentucky Power Coop, Inc",69726.0,Liberty Station,KY,Casey,PJM,Electric Utility,L12,18.1,17.8,17.8,Natural Gas Internal Combustion Engine,Natural gas,NG,IC,12.0,2028.0,"(P) Planned for installation, but regulatory approvals not initiated",37.369331,-84.95767
Addition,5580,"East Kentucky Power Coop, Inc",69726.0,Liberty Station,KY,Casey,PJM,Electric Utility,L2,18.1,17.8,17.8,Natural Gas Internal Combustion Engine,Natural gas,NG,IC,12.0,2028.0,"(P) Planned for installation, but regulatory approvals not initiated",37.369331,-84.95767
Addition,5580,"East Kentucky Power Coop, Inc",69726.0,Liberty Station,KY,Casey,PJM,Electric Utility,L3,18.1,17.8,17.8,Natural Gas Internal Combustion Engine,Natural gas,NG,IC,12.0,2028.0,"(P) Planned for installation, but regulatory approvals not initiated",37.369331,-84.95767
Addition,5580,"East Kentucky Power Coop, Inc",69726.0,Liberty Station,KY,Casey,PJM,Electric Utility,L4,18.1,17.8,17.8,Natural Gas Internal Combustion Engine,Natural gas,NG,IC,12.0,2028.0,"(P) Planned for installation, but regulatory approvals not initiated",37.369331,-84.95767
Addition,5580,"East Kentucky Power Coop, Inc",69726.0,Liberty Station,KY,Casey,PJM,Electric Utility,L5,18.1,17.8,17.8,Natural Gas Internal Combustion Engine,Natural gas,NG,IC,12.0,2028.0,"(P) Planned for installation, but regulatory approvals not initiated",37.369331,-84.95767
Addition,5580,"East Kentucky Power Coop, Inc",69726.0,Liberty Station,KY,Casey,PJM,Electric Utility,L6,18.1,17.8,17.8,Natural Gas Internal Combustion Engine,Natural gas,NG,IC,12.0,2028.0,"(P) Planned for installation, but regulatory approvals not initiated",37.369331,-84.95767
Addition,5580,"East Kentucky Power Coop, Inc",69726.0,Liberty Station,KY,Casey,PJM,Electric Utility,L7,18.1,17.8,17.8,Natural Gas Internal Combustion Engine,Natural gas,NG,IC,12.0,2028.0,"(P) Planned for installation, but regulatory approvals not initiated",37.369331,-84.95767
Addition,5580,"East Kentucky Power Coop, Inc",69726.0,Liberty Station,KY,Casey,PJM,Electric Utility,L8,18.1,17.8,17.8,Natural Gas Internal Combustion Engine,Natural gas,NG,IC,12.0,2028.0,"(P) Planned for installation, but regulatory approvals not initiated",37.369331,-84.95767
Addition,5580,"East Kentucky Power Coop, Inc",69726.0,Liberty Station,KY,Casey,PJM,Electric Utility,L9,18.1,17.8,17.8,Natural Gas Internal Combustion Engine,Natural gas,NG,IC,12.0,2028.0,"(P) Planned for installation, but regulatory approvals not initiated",37.369331,-84.95767
Addition,5109,DTE Electric Company,69775.0,Strasburg Solar Park,MI,Monroe,MISO,Electric Utility,STBSP,100.0,100.0,100.0,Solar Photovoltaic,Solar,SUN,PV,12.0,2028.0,"(U) Under construction, less than or equal to 50 percent complete",41.971933,-83.45975
Addition,12670,Missouri Jnt Muni.Pwr Elec. Ut. Comm.,69890.0,Marshall Energy Center,MO,Saline,SWPP,IPP Non-CHP,UNIT3,38.0,33.7,38.7,Natural Gas Fired Combustion Turbine,Natural gas,NG,GT,12.0,2028.0,(T) Regulatory approvals received. Not under construction,39.12358,-93.20592
Addition,12670,Missouri Jnt Muni.Pwr Elec. Ut. Comm.,69890.0,Marshall Energy Center,MO,Saline,SWPP,IPP Non-CHP,UNIT4,38.0,33.7,38.7,Natural Gas Fired Combustion Turbine,Natural gas,NG,GT,12.0,2028.0,(T) Regulatory approvals received. Not under construction,39.12358,-93.20592
Addition,11241,Entergy Louisiana LLC,69990.0,Bogalusa West Solar Station,LA,Washington,MISO,Electric Utility,BW1,200.0,200.0,200.0,Solar Photovoltaic,Solar,SUN,PV,12.0,2028.0,"(P) Planned for installation, but regulatory approvals not initiated",30.84,-89.86
Addition,67896,CVE US PA Kittanning 406 LLC,70164.0,Kittanning - PA 0406 (Hoeter B),PA,Armstrong,PJM,IPP Non-CHP,406,3.0,3.0,3.0,Solar Photovoltaic,Solar,SUN,PV,12.0,2028.0,"(U) Under construction, less than or equal to 50 percent complete",40.82161,-79.33393
Addition,67903,CVE US PA Kittanning 407 LLC,70165.0,Kittanning - PA 0407 (Hoeter C),PA,Armstrong,PJM,IPP Non-CHP,407,3.0,3.0,3.0,Solar Photovoltaic,Solar,SUN,PV,12.0,2028.0,"(U) Under construction, less than or equal to 50 percent complete",40.82161,-79.33393
Addition,18642,Tennessee Valley Authority,3399.0,Cumberland (TN),TN,Stewart,TVA,Electric Utility,CTG2,454.8,372.9,409.3,Natural Gas Fired Combined Cycle,Natural gas,NG,CT,1.0,2029.0,"(P) Planned for installation, but regulatory approvals not initiated",36.3903,-87.6539
Addition,18642,Tennessee Valley Authority,3399.0,Cumberland (TN),TN,Stewart,TVA,Electric Utility,STG2,323.0,296.6,305.2,Natural Gas Fired Combined Cycle,Natural gas,NG,CA,1.0,2029.0,"(P) Planned for installation, but regulatory approvals not initiated",36.3903,-87.6539
Addition,13994,Oglethorpe Power Corporation,7916.0,Talbot County Energy,GA,Talbot,SOCO,Electric Utility,7,262.0,241.0,256.0,Natural Gas Fired Combustion Turbine,Natural gas,NG,GT,1.0,2029.0,"(P) Planned for installation, but regulatory approvals not initiated",32.5892,-84.6917
Addition,61060,Cypress Creek Renewables,65325.0,High Top Solar,WA,Yakima,PACW,IPP Non-CHP,98936,80.0,80.0,80.0,Solar Photovoltaic,Solar,SUN,PV,1.0,2029.0,(T) Regulatory approvals received. Not under construction,46.522974,-119.9586
Addition,22500,"Evergy Kansas Central, Inc",68294.0,Viola Generating Station,KS,Sumner,SWPP,Electric Utility,VIO1,765.0,693.2,721.1,Natural Gas Fired Combined Cycle,Natural gas,NG,CS,1.0,2029.0,(T) Regulatory approvals received. Not under construction,37.331481,-97.67
Addition,66865,"Freedom Pine Solar, LLC",68491.0,Freedom Pine Solar,ME,York,ISNE,IPP Non-CHP,FPS,250.0,250.0,250.0,Solar Photovoltaic,Solar,SUN,PV,1.0,2029.0,"(P) Planned for installation, but regulatory approvals not initiated",43.34779,-70.8974
Addition,67612,Pike Island Hydropower Corporation,69702.0,Pike Island Hydroelectric Project,OH,Jefferson,PJM,IPP Non-CHP,PI-1,10.0,10.0,10.0,Conventional Hydroelectric,Hydro,WAT,HY,1.0,2029.0,(L) Regulatory approvals pending. Not under construction,40.151,-80.70569
Addition,67612,Pike Island Hydropower Corporation,69702.0,Pike Island Hydroelectric Project,OH,Jefferson,PJM,IPP Non-CHP,PI-2,10.0,10.0,10.0,Conventional Hydroelectric,Hydro,WAT,HY,1.0,2029.0,(L) Regulatory approvals pending. Not under construction,40.151,-80.70569
Addition,814,Entergy Arkansas LLC,69989.0,Arkansas Cypress Solar Station,AR,Jefferson,MISO,Electric Utility,PB1,600.0,600.0,600.0,Solar Photovoltaic,Solar,SUN,PV,1.0,2029.0,"(P) Planned for installation, but regulatory approvals not initiated",34.42,-92.08
Addition,814,Entergy Arkansas LLC,69989.0,Arkansas Cypress Solar Station,AR,Jefferson,MISO,Electric Utility,PB2,350.0,350.0,350.0,Batteries,Battery storage,MWH,BA,1.0,2029.0,"(P) Planned for installation, but regulatory approvals not initiated",34.42,-92.08
Addition,14063,Oklahoma Gas & Electric Co,2951.0,Horseshoe Lake,OK,Oklahoma,SWPP,Electric Utility,13,224.0,224.0,224.0,Natural Gas Fired Combustion Turbine,Natural gas,NG,GT,2.0,2029.0,(T) Regulatory approvals received. Not under construction,35.50866,-97.17969
Addition,14063,Oklahoma Gas & Electric Co,2951.0,Horseshoe Lake,OK,Oklahoma,SWPP,Electric Utility,14,224.0,224.0,224.0,Natural Gas Fired Combustion Turbine,Natural gas,NG,GT,2.0,2029.0,(T) Regulatory approvals received. Not under construction,35.50866,-97.17969
Addition,14127,Omaha Public Power District,55972.0,Cass County,NE,Cass,SWPP,Electric Utility,CT-3,264.0,221.0,221.0,Natural Gas Fired Combustion Turbine,Natural gas,NG,GT,2.0,2029.0,(T) Regulatory approvals received. Not under construction,40.947913,-95.96403
Addition,14127,Omaha Public Power District,55972.0,Cass County,NE,Cass,SWPP,Electric Utility,CT-4,264.0,221.0,221.0,Natural Gas Fired Combustion Turbine,Natural gas,NG,GT,2.0,2029.0,(T) Regulatory approvals received. Not under construction,40.947913,-95.96403
Addition,14127,Omaha Public Power District,55972.0,Cass County,NE,Cass,SWPP,Electric Utility,CT-5,264.0,221.0,221.0,Natural Gas Fired Combustion Turbine,Natural gas,NG,GT,2.0,2029.0,(T) Regulatory approvals received. Not under construction,40.947913,-95.96403
Addition,64904,AES Clean Energy,68090.0,Willow Beach Wind,TX,Brazoria,ERCO,IPP Non-CHP,WILLO,200.0,200.0,200.0,Onshore Wind Turbine,Wind,WND,WT,2.0,2029.0,(L) Regulatory approvals pending. Not under construction,29.249522,-95.13416
Addition,1307,Basin Electric Power Coop,69071.0,Bison Generation Station,ND,Williams,SWPP,Electric Utility,CA1,263.0,320.0,325.0,Natural Gas Fired Combined Cycle,Natural gas,NG,CA,2.0,2029.0,(L) Regulatory approvals pending. Not under construction,48.327932,-103.3127
Addition,1307,Basin Electric Power Coop,69071.0,Bison Generation Station,ND,Williams,SWPP,Electric Utility,CT1,496.0,409.0,409.0,Natural Gas Fired Combined Cycle,Natural gas,NG,CT,2.0,2029.0,(L) Regulatory approvals pending. Not under construction,48.327932,-103.3127
Addition,67527,CPV Basin Ranch,69566.0,CPV Basin Ranch Energy Center,TX,Ward,ERCO,IPP Non-CHP,GEN1,722.5,672.4,700.1,Natural Gas Fired Combined Cycle,Natural gas,NG,CS,2.0,2029.0,"(U) Under construction, less than or equal to 50 percent complete",31.506094,-103.4875
Addition,67527,CPV Basin Ranch,69566.0,CPV Basin Ranch Energy Center,TX,Ward,ERCO,IPP Non-CHP,GEN2,722.5,672.4,700.1,Natural Gas Fired Combined Cycle,Natural gas,NG,CS,2.0,2029.0,"(U) Under construction, less than or equal to 50 percent complete",31.506094,-103.4875
Addition,67613,Ohio Power and Light LLC,69704.0,R.C. Byrd L&D Hydroelectric Project,WV,Mason,PJM,IPP Non-CHP,RC-1,4.8,4.8,4.8,Conventional Hydroelectric,Hydro,WAT,HY,2.0,2029.0,(L) Regulatory approvals pending. Not under construction,38.68,-82.179
Addition,67613,Ohio Power and Light LLC,69704.0,R.C. Byrd L&D Hydroelectric Project,WV,Mason,PJM,IPP Non-CHP,RC-2,4.8,4.8,4.8,Conventional Hydroelectric,Hydro,WAT,HY,2.0,2029.0,(L) Regulatory approvals pending. Not under construction,38.68,-82.179
Addition,67613,Ohio Power and Light LLC,69704.0,R.C. Byrd L&D Hydroelectric Project,WV,Mason,PJM,IPP Non-CHP,RC-3,4.8,4.8,4.8,Conventional Hydroelectric,Hydro,WAT,HY,2.0,2029.0,(L) Regulatory approvals pending. Not under construction,38.68,-82.179
Addition,67613,Ohio Power and Light LLC,69704.0,R.C. Byrd L&D Hydroelectric Project,WV,Mason,PJM,IPP Non-CHP,RC-4,4.8,4.8,4.8,Conventional Hydroelectric,Hydro,WAT,HY,2.0,2029.0,(L) Regulatory approvals pending. Not under construction,38.68,-82.179
Addition,67613,Ohio Power and Light LLC,69704.0,R.C. Byrd L&D Hydroelectric Project,WV,Mason,PJM,IPP Non-CHP,RC-5,4.8,4.8,4.8,Conventional Hydroelectric,Hydro,WAT,HY,2.0,2029.0,(L) Regulatory approvals pending. Not under construction,38.68,-82.179
Addition,67613,Ohio Power and Light LLC,69704.0,R.C. Byrd L&D Hydroelectric Project,WV,Mason,PJM,IPP Non-CHP,RC-6,4.8,4.8,4.8,Conventional Hydroelectric,Hydro,WAT,HY,2.0,2029.0,(L) Regulatory approvals pending. Not under construction,38.68,-82.179
Addition,58615,"Homer City Generation, L.P.",3122.0,Homer City Generating Station,PA,Indiana,PJM,IPP Non-CHP,CA7,268.0,268.0,268.0,Natural Gas Fired Combined Cycle,Natural gas,NG,CA,3.0,2029.0,"(P) Planned for installation, but regulatory approvals not initiated",40.512825,-79.19611
Addition,58615,"Homer City Generation, L.P.",3122.0,Homer City Generating Station,PA,Indiana,PJM,IPP Non-CHP,CT7,360.0,360.0,360.0,Natural Gas Fired Combined Cycle,Natural gas,NG,CT,3.0,2029.0,"(P) Planned for installation, but regulatory approvals not initiated",40.512825,-79.19611
Addition,62842,"Lightsource Renewable Energy Asset Management, LLC",66138.0,Mayapple Solar 1,IN,Pulaski,PJM,IPP Non-CHP,INMA1,224.0,224.0,224.0,Solar Photovoltaic,Solar,SUN,PV,3.0,2029.0,(T) Regulatory approvals received. Not under construction,41.055223,-86.71323
Addition,66178,Liberty Renewables Incorporated,67346.0,Hoffman Falls Wind 2,NY,Madison,NYIS,IPP Non-CHP,Q1335,103.5,102.5,102.5,Onshore Wind Turbine,Wind,WND,WT,3.0,2029.0,"(P) Planned for installation, but regulatory approvals not initiated",42.964628,-75.75371
Addition,66857,44ST 8ME LLC,68486.0,Sienna 2 Solar and Storage Project,CA,San Bernardino,CISO,IPP Non-CHP,44STA,55.0,55.0,55.0,Solar Photovoltaic,Solar,SUN,PV,3.0,2029.0,"(P) Planned for installation, but regulatory approvals not initiated",34.506711,-116.8901
Addition,66857,44ST 8ME LLC,68486.0,Sienna 2 Solar and Storage Project,CA,San Bernardino,CISO,IPP Non-CHP,44STB,55.0,55.0,55.0,Batteries,Battery storage,MWH,BA,3.0,2029.0,"(P) Planned for installation, but regulatory approvals not initiated",34.506711,-116.8901
Addition,11241,Entergy Louisiana LLC,69991.0,Segno Solar Station,TX,Polk,MISO,Electric Utility,SN1,170.0,170.0,170.0,Solar Photovoltaic,Solar,SUN,PV,3.0,2029.0,"(P) Planned for installation, but regulatory approvals not initiated",30.577,-94.686
Addition,66369,Mission Clean Energy Devco LLC,67767.0,Bramble Energy Center,TX,Zavala,ERCO,IPP Non-CHP,BECBA,225.1,225.1,225.1,Batteries,Battery storage,MWH,BA,4.0,2029.0,"(P) Planned for installation, but regulatory approvals not initiated",28.955627,-99.72318
Addition,66178,Liberty Renewables Incorporated,68228.0,Agricola Wind,NY,Cayuga,NYIS,IPP Non-CHP,Q1448,99.0,97.0,97.0,Onshore Wind Turbine,Wind,WND,WT,4.0,2029.0,"(P) Planned for installation, but regulatory approvals not initiated",42.755287,-76.53902
Addition,66707,Puuloa Energy LLC,68284.0,Puuloa Energy,HI,Honolulu,HECO,IPP Non-CHP,PE-1,9.4,9.4,9.4,Other Waste Biomass,Other renewables,OBL,IC,4.0,2029.0,"(P) Planned for installation, but regulatory approvals not initiated",21.347833,-157.9506
Addition,66707,Puuloa Energy LLC,68284.0,Puuloa Energy,HI,Honolulu,HECO,IPP Non-CHP,PE-10,9.4,9.4,9.4,Other Waste Biomass,Other renewables,OBL,IC,4.0,2029.0,"(P) Planned for installation, but regulatory approvals not initiated",21.347833,-157.9506
Addition,66707,Puuloa Energy LLC,68284.0,Puuloa Energy,HI,Honolulu,HECO,IPP Non-CHP,PE-11,9.4,9.4,9.4,Other Waste Biomass,Other renewables,OBL,IC,4.0,2029.0,"(P) Planned for installation, but regulatory approvals not initiated",21.347833,-157.9506
Addition,66707,Puuloa Energy LLC,68284.0,Puuloa Energy,HI,Honolulu,HECO,IPP Non-CHP,PE-2,9.4,9.4,9.4,Other Waste Biomass,Other renewables,OBL,IC,4.0,2029.0,"(P) Planned for installation, but regulatory approvals not initiated",21.347833,-157.9506
Addition,66707,Puuloa Energy LLC,68284.0,Puuloa Energy,HI,Honolulu,HECO,IPP Non-CHP,PE-3,9.4,9.4,9.4,Other Waste Biomass,Other renewables,OBL,IC,4.0,2029.0,"(P) Planned for installation, but regulatory approvals not initiated",21.347833,-157.9506
Addition,66707,Puuloa Energy LLC,68284.0,Puuloa Energy,HI,Honolulu,HECO,IPP Non-CHP,PE-4,9.4,9.4,9.4,Other Waste Biomass,Other renewables,OBL,IC,4.0,2029.0,"(P) Planned for installation, but regulatory approvals not initiated",21.347833,-157.9506
Addition,66707,Puuloa Energy LLC,68284.0,Puuloa Energy,HI,Honolulu,HECO,IPP Non-CHP,PE-5,9.4,9.4,9.4,Other Waste Biomass,Other renewables,OBL,IC,4.0,2029.0,"(P) Planned for installation, but regulatory approvals not initiated",21.347833,-157.9506
Addition,66707,Puuloa Energy LLC,68284.0,Puuloa Energy,HI,Honolulu,HECO,IPP Non-CHP,PE-6,9.4,9.4,9.4,Other Waste Biomass,Other renewables,OBL,IC,4.0,2029.0,"(P) Planned for installation, but regulatory approvals not initiated",21.347833,-157.9506
Addition,66707,Puuloa Energy LLC,68284.0,Puuloa Energy,HI,Honolulu,HECO,IPP Non-CHP,PE-7,9.4,9.4,9.4,Other Waste Biomass,Other renewables,OBL,IC,4.0,2029.0,"(P) Planned for installation, but regulatory approvals not initiated",21.347833,-157.9506
Addition,66707,Puuloa Energy LLC,68284.0,Puuloa Energy,HI,Honolulu,HECO,IPP Non-CHP,PE-8,9.4,9.4,9.4,Other Waste Biomass,Other renewables,OBL,IC,4.0,2029.0,"(P) Planned for installation, but regulatory approvals not initiated",21.347833,-157.9506
Addition,66707,Puuloa Energy LLC,68284.0,Puuloa Energy,HI,Honolulu,HECO,IPP Non-CHP,PE-9,9.4,9.4,9.4,Other Waste Biomass,Other renewables,OBL,IC,4.0,2029.0,"(P) Planned for installation, but regulatory approvals not initiated",21.347833,-157.9506
Addition,66704,"THSI bn, LLC",68298.0,THREE SISTERS Solar Generation and BESS,AZ,Pinal,AZPS,IPP Non-CHP,THSI1,300.0,300.0,300.0,Batteries,Battery storage,MWH,BA,4.0,2029.0,(L) Regulatory approvals pending. Not under construction,32.053732,-109.823
Addition,66704,"THSI bn, LLC",68298.0,THREE SISTERS Solar Generation and BESS,AZ,Pinal,AZPS,IPP Non-CHP,THSI2,300.0,300.0,300.0,Solar Photovoltaic,Solar,SUN,PV,4.0,2029.0,(L) Regulatory approvals pending. Not under construction,32.053732,-109.823
Addition,66255,"RIC Development, LLC",68671.0,Houston County BESS,TX,Houston,ERCO,IPP Non-CHP,RIC91,125.0,125.0,125.0,Batteries,Battery storage,MWH,BA,4.0,2029.0,"(P) Planned for installation, but regulatory approvals not initiated",31.239009,-95.57699
Addition,67611,"Current Hydro Project 19, LLC",69701.0,New Cumberland Hydroelectric Project,WV,Hancock,PJM,IPP Non-CHP,NC-1,10.0,10.0,10.0,Conventional Hydroelectric,Hydro,WAT,HY,4.0,2029.0,(L) Regulatory approvals pending. Not under construction,40.52821,-80.62574
Addition,67611,"Current Hydro Project 19, LLC",69701.0,New Cumberland Hydroelectric Project,WV,Hancock,PJM,IPP Non-CHP,NC-2,10.0,10.0,10.0,Conventional Hydroelectric,Hydro,WAT,HY,4.0,2029.0,(L) Regulatory approvals pending. Not under construction,40.52821,-80.62574
Addition,66260,"Greenalia Solar Power Reis, LLC",67564.0,Reis Solar Park,TX,Atascosa,ERCO,IPP Non-CHP,REGSP,105.5,105.5,105.5,Solar Photovoltaic,Solar,SUN,PV,5.0,2029.0,(T) Regulatory approvals received. Not under construction,28.652762,-98.45369
Addition,61060,Cypress Creek Renewables,67661.0,Oxbow Hill,NY,Niagara,NYIS,IPP Non-CHP,OXHIL,140.0,140.0,140.0,Solar Photovoltaic,Solar,SUN,PV,5.0,2029.0,(L) Regulatory approvals pending. Not under construction,42.9711,-75.73553
Addition,66465,"229HD 8me, LLC",67896.0,Holstein 2 Battery Storage,TX,Nolan,ERCO,IPP Non-CHP,229HD,100.0,100.0,100.0,Batteries,Battery storage,MWH,BA,5.0,2029.0,"(P) Planned for installation, but regulatory approvals not initiated",32.081901,-100.159
Addition,11241,Entergy Louisiana LLC,69993.0,Votaw Solar Station,TX,Hardin,MISO,Electric Utility,VT1,141.0,141.0,141.0,Solar Photovoltaic,Solar,SUN,PV,5.0,2029.0,"(P) Planned for installation, but regulatory approvals not initiated",30.4355,-94.673
Addition,15399,Avangrid Power LLC,70055.0,Allen Acres Solar,IL,LaSalle,PJM,IPP Non-CHP,AA1,150.0,150.0,150.0,Solar Photovoltaic,Solar,SUN,PV,5.0,2029.0,"(P) Planned for installation, but regulatory approvals not initiated",41.11792,-88.64038
Addition,19876,Virginia Electric & Power Co,3797.0,Chesterfield,VA,Chesterfield,PJM,Electric Utility,CERC1,250.0,233.9,243.8,Natural Gas Fired Combustion Turbine,Natural gas,NG,GT,6.0,2029.0,(L) Regulatory approvals pending. Not under construction,37.3822,-77.3833
Addition,19876,Virginia Electric & Power Co,3797.0,Chesterfield,VA,Chesterfield,PJM,Electric Utility,CERC2,250.0,233.9,243.8,Natural Gas Fired Combustion Turbine,Natural gas,NG,GT,6.0,2029.0,(L) Regulatory approvals pending. Not under construction,37.3822,-77.3833
Addition,19876,Virginia Electric & Power Co,3797.0,Chesterfield,VA,Chesterfield,PJM,Electric Utility,CERC3,250.0,233.9,243.8,Natural Gas Fired Combustion Turbine,Natural gas,NG,GT,6.0,2029.0,(L) Regulatory approvals pending. Not under construction,37.3822,-77.3833
Addition,19876,Virginia Electric & Power Co,3797.0,Chesterfield,VA,Chesterfield,PJM,Electric Utility,CERC4,250.0,233.9,243.8,Natural Gas Fired Combustion Turbine,Natural gas,NG,GT,6.0,2029.0,(L) Regulatory approvals pending. Not under construction,37.3822,-77.3833
Addition,11018,Lincoln Electric System,7887.0,Terry Bundy Generating Station,NE,Lancaster,SWPP,Electric Utility,5,52.0,46.9,44.2,Natural Gas Fired Combustion Turbine,Natural gas,NG,GT,6.0,2029.0,(L) Regulatory approvals pending. Not under construction,40.909653,-96.61309
Addition,11018,Lincoln Electric System,7887.0,Terry Bundy Generating Station,NE,Lancaster,SWPP,Electric Utility,6,52.0,46.9,44.2,Natural Gas Fired Combustion Turbine,Natural gas,NG,GT,6.0,2029.0,(L) Regulatory approvals pending. Not under construction,40.909653,-96.61309
Addition,60395,"California Ethanol Power, LLC",60670.0,CE&P Imperial Valley 1,CA,Imperial,IID,Industrial CHP,1,50.0,50.0,50.0,All Other,Other,OTH,CC,6.0,2029.0,(T) Regulatory approvals received. Not under construction,32.912778,-115.5183
Addition,63520,326FW 8me LLC,63841.0,Arida Solar (Hybrid),NV,Clark,CISO,IPP Non-CHP,ARIDA,370.0,370.0,370.0,Solar Photovoltaic,Solar,SUN,PV,6.0,2029.0,"(P) Planned for installation, but regulatory approvals not initiated",35.092036,-114.6888
Addition,63520,326FW 8me LLC,63841.0,Arida Solar (Hybrid),NV,Clark,CISO,IPP Non-CHP,BESS,370.0,370.0,370.0,Batteries,Battery storage,MWH,BA,6.0,2029.0,"(P) Planned for installation, but regulatory approvals not initiated",35.092036,-114.6888
Addition,65265,Repsol Renewables NA,64847.0,Rail Tie Wind,WY,Albany,WACM,IPP Non-CHP,CRTW1,504.0,504.0,504.0,Onshore Wind Turbine,Wind,WND,WT,6.0,2029.0,(L) Regulatory approvals pending. Not under construction,41.055833,-105.4942
Addition,61060,Cypress Creek Renewables,67655.0,Elk Run,CO,Las Animas,PSCO,IPP Non-CHP,ELKRN,200.0,200.0,200.0,Solar Photovoltaic,Solar,SUN,PV,6.0,2029.0,(L) Regulatory approvals pending. Not under construction,37.454588,-104.4887
Addition,66685,"GGSO, LLC",68292.0,Gage Solar,KY,McCracken,LGEE,IPP Non-CHP,GGSO,200.0,200.0,200.0,Solar Photovoltaic,Solar,SUN,PV,6.0,2029.0,(L) Regulatory approvals pending. Not under construction,37.0967,-88.7791
Addition,66713,"DUTC bn, LLC",68317.0,Dutchman Solar generation and BESS,WY,Converse,WACM,IPP Non-CHP,DUTC1,499.0,499.0,499.0,Solar Photovoltaic,Solar,SUN,PV,6.0,2029.0,(L) Regulatory approvals pending. Not under construction,42.871644,-105.8176
Addition,66713,"DUTC bn, LLC",68317.0,Dutchman Solar generation and BESS,WY,Converse,WACM,IPP Non-CHP,DUTC2,499.0,499.0,499.0,Batteries,Battery storage,MWH,BA,6.0,2029.0,(L) Regulatory approvals pending. Not under construction,42.871644,-105.8176
Addition,13994,Oglethorpe Power Corporation,68546.0,Smarr Combined Cycle Energy Facility,GA,Monroe,SOCO,Electric Utility,1,459.0,407.0,432.0,Natural Gas Fired Combined Cycle,Natural gas,NG,CC,6.0,2029.0,"(P) Planned for installation, but regulatory approvals not initiated",32.975936,-83.84369
Addition,13994,Oglethorpe Power Corporation,68546.0,Smarr Combined Cycle Energy Facility,GA,Monroe,SOCO,Electric Utility,2,345.0,304.0,309.0,Natural Gas Fired Combined Cycle,Natural gas,NG,CC,6.0,2029.0,"(P) Planned for installation, but regulatory approvals not initiated",32.975936,-83.84369
Addition,66950,Lydian Energy,68579.0,AC Ranch II,NM,Lea,SWPP,IPP Non-CHP,AC2S,230.0,230.0,230.0,Solar Photovoltaic,Solar,SUN,PV,6.0,2029.0,(L) Regulatory approvals pending. Not under construction,32.732263,-103.2748
Addition,11241,Entergy Louisiana LLC,69184.0,Waterford 5,LA,St Charles,MISO,Electric Utility,WF5CT,478.0,420.0,455.0,Natural Gas Fired Combined Cycle,Natural gas,NG,CT,6.0,2029.0,(T) Regulatory approvals received. Not under construction,29.988583,-90.48565
Addition,11241,Entergy Louisiana LLC,69184.0,Waterford 5,LA,St Charles,MISO,Electric Utility,WF5ST,342.0,310.0,315.0,Natural Gas Fired Combined Cycle,Natural gas,NG,CA,6.0,2029.0,(T) Regulatory approvals received. Not under construction,29.988583,-90.48565
Addition,13337,Nebraska Public Power District,69808.0,Princeton Road Station,NE,Lancaster,SWPP,Electric Utility,R01,18.1,18.1,18.1,Natural Gas Internal Combustion Engine,Natural gas,NG,IC,6.0,2029.0,"(P) Planned for installation, but regulatory approvals not initiated",40.570394,-96.78647
Addition,13337,Nebraska Public Power District,69808.0,Princeton Road Station,NE,Lancaster,SWPP,Electric Utility,R02,18.1,18.1,18.1,Natural Gas Internal Combustion Engine,Natural gas,NG,IC,6.0,2029.0,"(P) Planned for installation, but regulatory approvals not initiated",40.570394,-96.78647
Addition,13337,Nebraska Public Power District,69808.0,Princeton Road Station,NE,Lancaster,SWPP,Electric Utility,R03,18.1,18.1,18.1,Natural Gas Internal Combustion Engine,Natural gas,NG,IC,6.0,2029.0,"(P) Planned for installation, but regulatory approvals not initiated",40.570394,-96.78647
Addition,13337,Nebraska Public Power District,69808.0,Princeton Road Station,NE,Lancaster,SWPP,Electric Utility,R04,18.1,18.1,18.1,Natural Gas Internal Combustion Engine,Natural gas,NG,IC,6.0,2029.0,"(P) Planned for installation, but regulatory approvals not initiated",40.570394,-96.78647
Addition,13337,Nebraska Public Power District,69808.0,Princeton Road Station,NE,Lancaster,SWPP,Electric Utility,R05,18.1,18.1,18.1,Natural Gas Internal Combustion Engine,Natural gas,NG,IC,6.0,2029.0,"(P) Planned for installation, but regulatory approvals not initiated",40.570394,-96.78647
Addition,13337,Nebraska Public Power District,69808.0,Princeton Road Station,NE,Lancaster,SWPP,Electric Utility,R06,18.1,18.1,18.1,Natural Gas Internal Combustion Engine,Natural gas,NG,IC,6.0,2029.0,"(P) Planned for installation, but regulatory approvals not initiated",40.570394,-96.78647
Addition,13337,Nebraska Public Power District,69808.0,Princeton Road Station,NE,Lancaster,SWPP,Electric Utility,R07,18.1,18.1,18.1,Natural Gas Internal Combustion Engine,Natural gas,NG,IC,6.0,2029.0,"(P) Planned for installation, but regulatory approvals not initiated",40.570394,-96.78647
Addition,13337,Nebraska Public Power District,69808.0,Princeton Road Station,NE,Lancaster,SWPP,Electric Utility,R08,18.1,18.1,18.1,Natural Gas Internal Combustion Engine,Natural gas,NG,IC,6.0,2029.0,"(P) Planned for installation, but regulatory approvals not initiated",40.570394,-96.78647
Addition,13337,Nebraska Public Power District,69808.0,Princeton Road Station,NE,Lancaster,SWPP,Electric Utility,R09,18.1,18.1,18.1,Natural Gas Internal Combustion Engine,Natural gas,NG,IC,6.0,2029.0,"(P) Planned for installation, but regulatory approvals not initiated",40.570394,-96.78647
Addition,13337,Nebraska Public Power District,69808.0,Princeton Road Station,NE,Lancaster,SWPP,Electric Utility,R10,18.1,18.1,18.1,Natural Gas Internal Combustion Engine,Natural gas,NG,IC,6.0,2029.0,"(P) Planned for installation, but regulatory approvals not initiated",40.570394,-96.78647
Addition,13337,Nebraska Public Power District,69808.0,Princeton Road Station,NE,Lancaster,SWPP,Electric Utility,R11,18.1,18.1,18.1,Natural Gas Internal Combustion Engine,Natural gas,NG,IC,6.0,2029.0,"(P) Planned for installation, but regulatory approvals not initiated",40.570394,-96.78647
Addition,13337,Nebraska Public Power District,69808.0,Princeton Road Station,NE,Lancaster,SWPP,Electric Utility,R12,18.1,18.1,18.1,Natural Gas Internal Combustion Engine,Natural gas,NG,IC,6.0,2029.0,"(P) Planned for installation, but regulatory approvals not initiated",40.570394,-96.78647
Addition,12670,Missouri Jnt Muni.Pwr Elec. Ut. Comm.,69869.0,Hannibal Energy Center,MO,Marion,MISO,IPP Non-CHP,UNIT1,38.0,32.2,39.1,Natural Gas Fired Combustion Turbine,Natural gas,NG,GT,6.0,2029.0,"(P) Planned for installation, but regulatory approvals not initiated",39.70965,-91.44026
Addition,12670,Missouri Jnt Muni.Pwr Elec. Ut. Comm.,69869.0,Hannibal Energy Center,MO,Marion,MISO,IPP Non-CHP,UNIT2,38.0,32.2,39.1,Natural Gas Fired Combustion Turbine,Natural gas,NG,GT,6.0,2029.0,"(P) Planned for installation, but regulatory approvals not initiated",39.70965,-91.44026
Addition,67914,Crawfish Creek Energy Storage LLC,70138.0,Crawfish Creek Energy Storage,AL,Jackson,TVA,IPP Non-CHP,CRAW1,200.0,200.0,200.0,Batteries,Battery storage,MWH,BA,6.0,2029.0,(T) Regulatory approvals received. Not under construction,34.83057,-85.66845
Addition,58615,"Homer City Generation, L.P.",3122.0,Homer City Generating Station,PA,Indiana,PJM,IPP Non-CHP,CA4,268.0,268.0,268.0,Natural Gas Fired Combined Cycle,Natural gas,NG,CA,7.0,2029.0,"(P) Planned for installation, but regulatory approvals not initiated",40.512825,-79.19611
Addition,58615,"Homer City Generation, L.P.",3122.0,Homer City Generating Station,PA,Indiana,PJM,IPP Non-CHP,CT4,360.0,360.0,360.0,Natural Gas Fired Combined Cycle,Natural gas,NG,CT,7.0,2029.0,"(P) Planned for installation, but regulatory approvals not initiated",40.512825,-79.19611
Addition,61166,Green Power Energy LLC,61592.0,Cody Road Wind Farm,NY,Madison,NYIS,IPP Non-CHP,WT1,2.4,2.4,2.4,Onshore Wind Turbine,Wind,WND,WT,7.0,2029.0,"(U) Under construction, less than or equal to 50 percent complete",42.967145,-75.75592
Addition,61166,Green Power Energy LLC,61592.0,Cody Road Wind Farm,NY,Madison,NYIS,IPP Non-CHP,WT2,2.4,2.4,2.4,Onshore Wind Turbine,Wind,WND,WT,7.0,2029.0,"(U) Under construction, less than or equal to 50 percent complete",42.967145,-75.75592
Addition,61166,Green Power Energy LLC,61592.0,Cody Road Wind Farm,NY,Madison,NYIS,IPP Non-CHP,WT3,2.4,2.4,2.4,Onshore Wind Turbine,Wind,WND,WT,7.0,2029.0,"(U) Under construction, less than or equal to 50 percent complete",42.967145,-75.75592
Addition,66490,"Pigeon Run Solar, LLC",64767.0,Pigeon Run Solar Project,VA,Campbell,PJM,IPP Non-CHP,TC001,60.0,60.0,60.0,Solar Photovoltaic,Solar,SUN,PV,7.0,2029.0,"(P) Planned for installation, but regulatory approvals not initiated",37.158473,-79.05564
Addition,64904,AES Clean Energy,67325.0,Riverside Solar LLC,NY,St Lawrence,NYIS,IPP Non-CHP,NYRIV,100.0,100.0,100.0,Solar Photovoltaic,Solar,SUN,PV,7.0,2029.0,"(P) Planned for installation, but regulatory approvals not initiated",44.06585,-76.1222
Addition,61060,Cypress Creek Renewables,67649.0,Amerada,TX,Freestone,ERCO,IPP Non-CHP,AMERA,300.0,300.0,300.0,Solar Photovoltaic,Solar,SUN,PV,7.0,2029.0,(L) Regulatory approvals pending. Not under construction,31.861926,-96.11463
Addition,66733,"Crossroads bn, LLC",68333.0,Crossroads Solar - GA,GA,Liberty,SOCO,IPP Non-CHP,CROS,150.0,150.0,150.0,Solar Photovoltaic,Solar,SUN,PV,7.0,2029.0,(L) Regulatory approvals pending. Not under construction,31.71,-81.66
Addition,66760,Lazy U ESS 2 LLC,68356.0,Lazy U ESS 2,TX,Hardeman,ERCO,IPP Non-CHP,LUBA2,250.0,250.0,250.0,Batteries,Battery storage,MWH,BA,7.0,2029.0,"(P) Planned for installation, but regulatory approvals not initiated",34.265496,-99.87214
Addition,66761,Lazy U Solar 1 LLC,68357.0,Lazy U Solar 1,TX,Hardeman,ERCO,IPP Non-CHP,LUPV1,250.0,250.0,250.0,Solar Photovoltaic,Solar,SUN,PV,7.0,2029.0,"(P) Planned for installation, but regulatory approvals not initiated",34.265496,-99.87214
Addition,66762,Lazy U Solar 2 LLC,68358.0,Lazy U Solar 2,TX,Hardeman,ERCO,IPP Non-CHP,LUPV2,250.0,250.0,250.0,Solar Photovoltaic,Solar,SUN,PV,7.0,2029.0,"(P) Planned for installation, but regulatory approvals not initiated",34.265496,-99.87214
Addition,66258,"Greenalia Solar Power Ratcliff, LLC",67563.0,Ratcliff Solar Park,TX,Freestone,ERCO,IPP Non-CHP,RAGSP,78.8,78.8,78.8,Solar Photovoltaic,Solar,SUN,PV,8.0,2029.0,(T) Regulatory approvals received. Not under construction,30.217058,-95.81602
Addition,66581,GRS BESS Texas Eight LLC,68080.0,Marcos PV and BESS,TX,Victoria,ERCO,IPP Non-CHP,GRS8B,115.9,115.0,115.0,Batteries,Battery storage,MWH,BA,8.0,2029.0,(L) Regulatory approvals pending. Not under construction,28.904979,-97.71017
Addition,66581,GRS BESS Texas Eight LLC,68080.0,Marcos PV and BESS,TX,Victoria,ERCO,IPP Non-CHP,GRS8P,115.9,115.0,115.0,Solar Photovoltaic,Solar,SUN,PV,8.0,2029.0,(L) Regulatory approvals pending. Not under construction,28.904979,-97.71017
Addition,9216,Imperial Irrigation District,389.0,El Centro Hybrid,CA,Imperial,IID,Electric Utility,RICE1,18.8,18.6,18.8,Natural Gas Internal Combustion Engine,Natural gas,NG,IC,9.0,2029.0,"(P) Planned for installation, but regulatory approvals not initiated",32.802222,-115.54
Addition,9216,Imperial Irrigation District,389.0,El Centro Hybrid,CA,Imperial,IID,Electric Utility,RICE2,18.8,18.6,18.8,Natural Gas Internal Combustion Engine,Natural gas,NG,IC,9.0,2029.0,"(P) Planned for installation, but regulatory approvals not initiated",32.802222,-115.54
Addition,9216,Imperial Irrigation District,389.0,El Centro Hybrid,CA,Imperial,IID,Electric Utility,RICE3,18.8,18.6,18.8,Natural Gas Internal Combustion Engine,Natural gas,NG,IC,9.0,2029.0,"(P) Planned for installation, but regulatory approvals not initiated",32.802222,-115.54
Addition,9216,Imperial Irrigation District,389.0,El Centro Hybrid,CA,Imperial,IID,Electric Utility,RICE4,18.8,18.6,18.8,Natural Gas Internal Combustion Engine,Natural gas,NG,IC,9.0,2029.0,"(P) Planned for installation, but regulatory approvals not initiated",32.802222,-115.54
Addition,9216,Imperial Irrigation District,389.0,El Centro Hybrid,CA,Imperial,IID,Electric Utility,RICE5,18.8,18.6,18.8,Natural Gas Internal Combustion Engine,Natural gas,NG,IC,9.0,2029.0,"(P) Planned for installation, but regulatory approvals not initiated",32.802222,-115.54
Addition,9216,Imperial Irrigation District,389.0,El Centro Hybrid,CA,Imperial,IID,Electric Utility,RICE6,18.8,18.6,18.8,Natural Gas Internal Combustion Engine,Natural gas,NG,IC,9.0,2029.0,"(P) Planned for installation, but regulatory approvals not initiated",32.802222,-115.54
Addition,16534,Sacramento Municipal Util Dist,7526.0,Solano Wind,CA,Solano,CISO,Electric Utility,5,108.0,108.0,108.0,Onshore Wind Turbine,Wind,WND,WT,9.0,2029.0,"(P) Planned for installation, but regulatory approvals not initiated",38.116415,-121.769
Addition,15474,Public Service Co of Oklahoma,8059.0,Comanche (OK),OK,Comanche,SWPP,Electric Utility,2G1,408.8,368.1,406.6,Natural Gas Fired Combined Cycle,Natural gas,NG,CT,9.0,2029.0,"(P) Planned for installation, but regulatory approvals not initiated",34.5431,-98.3244
Addition,15474,Public Service Co of Oklahoma,8059.0,Comanche (OK),OK,Comanche,SWPP,Electric Utility,2S1,277.6,267.0,273.3,Natural Gas Fired Combined Cycle,Natural gas,NG,CA,9.0,2029.0,"(P) Planned for installation, but regulatory approvals not initiated",34.5431,-98.3244
Addition,15474,Public Service Co of Oklahoma,8059.0,Comanche (OK),OK,Comanche,SWPP,Electric Utility,3G1,408.8,368.1,406.6,Natural Gas Fired Combined Cycle,Natural gas,NG,CT,9.0,2029.0,"(P) Planned for installation, but regulatory approvals not initiated",34.5431,-98.3244
Addition,15474,Public Service Co of Oklahoma,8059.0,Comanche (OK),OK,Comanche,SWPP,Electric Utility,3S1,277.6,267.0,273.3,Natural Gas Fired Combined Cycle,Natural gas,NG,CA,9.0,2029.0,"(P) Planned for installation, but regulatory approvals not initiated",34.5431,-98.3244
Addition,64970,Hecate Grid Humidor Storage 1 LLC,65703.0,Humidor Storage I,CA,Los Angeles,CISO,IPP Non-CHP,HEHUM,300.0,300.0,300.0,Batteries,Battery storage,MWH,BA,9.0,2029.0,"(P) Planned for installation, but regulatory approvals not initiated",34.29116,-118.7518
Addition,65103,"Highbanks Solar, LLC",65934.0,Highbanks Solar,NY,Livingston,NYIS,IPP Non-CHP,7,20.0,20.0,20.0,Solar Photovoltaic,Solar,SUN,PV,9.0,2029.0,"(P) Planned for installation, but regulatory approvals not initiated",42.737227,-77.91431
Addition,67689,"Dawn Break Solar, LLC",69761.0,Dawn Break Solar,WI,Waushara,MISO,IPP Non-CHP,DBBES,180.0,180.0,180.0,Batteries,Battery storage,MWH,BA,9.0,2029.0,(L) Regulatory approvals pending. Not under construction,44.140833,-89.46472
Addition,67689,"Dawn Break Solar, LLC",69761.0,Dawn Break Solar,WI,Waushara,MISO,IPP Non-CHP,DBSOL,180.0,180.0,180.0,Solar Photovoltaic,Solar,SUN,PV,9.0,2029.0,(L) Regulatory approvals pending. Not under construction,44.140833,-89.46472
Addition,67776,Oak Valley Solar LLC,69892.0,Oak Valley Solar,TX,Ellis,ERCO,IPP Non-CHP,OAK,251.3,251.3,251.3,Solar Photovoltaic,Solar,SUN,PV,9.0,2029.0,"(P) Planned for installation, but regulatory approvals not initiated",32.012951,-96.49974
Addition,11241,Entergy Louisiana LLC,69952.0,Cypress Harvest Solar Station,LA,Iberville,MISO,Electric Utility,CH2,200.0,200.0,200.0,Batteries,Battery storage,MWH,BA,9.0,2029.0,"(P) Planned for installation, but regulatory approvals not initiated",30.237835,-91.26486
Addition,61785,EDP Renewables North America LLC,62263.0,Saddle Mountain East Wind Farm,WA,Adams,AVA,IPP Non-CHP,GEN1,126.0,126.0,126.0,Onshore Wind Turbine,Wind,WND,WT,10.0,2029.0,"(P) Planned for installation, but regulatory approvals not initiated",46.789,-119.346
Addition,66261,"Greenalia Solar Power Roscommon, LLC",67566.0,Roscommon Solar Park,TX,Lamar,ERCO,IPP Non-CHP,ROGSP,82.8,82.8,82.8,Solar Photovoltaic,Solar,SUN,PV,10.0,2029.0,(T) Regulatory approvals received. Not under construction,33.631719,-95.69587
Addition,66691,Erin Solar LLC,68275.0,Erin,TX,Wharton,ERCO,IPP Non-CHP,1,202.0,202.0,202.0,Solar Photovoltaic,Solar,SUN,PV,10.0,2029.0,"(P) Planned for installation, but regulatory approvals not initiated",29.163,-96.013
Addition,66738,"GRVA bn, LLC",68343.0,Grand Valley Solar Generation and BESS,CO,Mesa,PSCO,IPP Non-CHP,GRVA1,100.0,100.0,100.0,Solar Photovoltaic,Solar,SUN,PV,10.0,2029.0,(L) Regulatory approvals pending. Not under construction,39.1987,-108.782
Addition,66738,"GRVA bn, LLC",68343.0,Grand Valley Solar Generation and BESS,CO,Mesa,PSCO,IPP Non-CHP,GRVA2,100.0,100.0,100.0,Batteries,Battery storage,MWH,BA,10.0,2029.0,(L) Regulatory approvals pending. Not under construction,39.1987,-108.782
Addition,66739,"LOSN, LLC",68344.0,Lower Snake Solar Generation BESS,WA,Garfield,BPAT,IPP Non-CHP,LOSN1,300.0,300.0,300.0,Solar Photovoltaic,Solar,SUN,PV,10.0,2029.0,(L) Regulatory approvals pending. Not under construction,46.502392,-117.8263
Addition,66739,"LOSN, LLC",68344.0,Lower Snake Solar Generation BESS,WA,Garfield,BPAT,IPP Non-CHP,LOSN2,300.0,300.0,300.0,Batteries,Battery storage,MWH,BA,10.0,2029.0,(L) Regulatory approvals pending. Not under construction,46.502392,-117.8263
Addition,64457,"VCP Realty, LLC",68416.0,Crooked Trail Solar,ME,Penobscot,ISNE,IPP Non-CHP,CTS1,68.0,68.0,68.0,Solar Photovoltaic,Solar,SUN,PV,10.0,2029.0,"(P) Planned for installation, but regulatory approvals not initiated",45.144194,-68.58603
Addition,189,PowerSouth Energy Cooperative,56.0,Lowman Energy Center,AL,Washington,SOCO,Electric Utility,LEC3,438.0,409.0,448.0,Natural Gas Fired Combustion Turbine,Natural gas,NG,GT,11.0,2029.0,(L) Regulatory approvals pending. Not under construction,31.488019,-87.91075
Addition,58615,"Homer City Generation, L.P.",3122.0,Homer City Generating Station,PA,Indiana,PJM,IPP Non-CHP,CA1,268.0,268.0,268.0,Natural Gas Fired Combined Cycle,Natural gas,NG,CA,11.0,2029.0,"(P) Planned for installation, but regulatory approvals not initiated",40.512825,-79.19611
Addition,58615,"Homer City Generation, L.P.",3122.0,Homer City Generating Station,PA,Indiana,PJM,IPP Non-CHP,CT1,360.0,360.0,360.0,Natural Gas Fired Combined Cycle,Natural gas,NG,CT,11.0,2029.0,"(P) Planned for installation, but regulatory approvals not initiated",40.512825,-79.19611
Addition,66461,Two Oaks Solar and Storage,67884.0,Two Oaks Solar and Storage LLC,VA,Louisa,PJM,IPP Non-CHP,ENX27,118.0,118.0,118.0,Solar Photovoltaic,Solar,SUN,PV,11.0,2029.0,"(P) Planned for installation, but regulatory approvals not initiated",38.013053,-77.93117
Addition,67058,"DECH bn, LLC",68763.0,Deschutes Solar and BESS,OR,Wasco,BPAT,IPP Non-CHP,DECH1,1000.0,1000.0,1000.0,Solar Photovoltaic,Solar,SUN,PV,11.0,2029.0,(L) Regulatory approvals pending. Not under construction,45.157,-121.136
Addition,67058,"DECH bn, LLC",68763.0,Deschutes Solar and BESS,OR,Wasco,BPAT,IPP Non-CHP,DECH2,1000.0,1000.0,1000.0,Batteries,Battery storage,MWH,BA,11.0,2029.0,(L) Regulatory approvals pending. Not under construction,45.157,-121.136
Addition,814,Entergy Arkansas LLC,69185.0,Jefferson Power Station,AR,Jefferson,MISO,Electric Utility,JPS1,342.0,310.0,315.0,Natural Gas Fired Combined Cycle,Natural gas,NG,CA,11.0,2029.0,(L) Regulatory approvals pending. Not under construction,34.427527,-92.13996
Addition,814,Entergy Arkansas LLC,69185.0,Jefferson Power Station,AR,Jefferson,MISO,Electric Utility,JPSCT,478.0,420.0,455.0,Natural Gas Fired Combined Cycle,Natural gas,NG,CT,11.0,2029.0,(L) Regulatory approvals pending. Not under construction,34.427527,-92.13996
Addition,13902,NorthWestern Energy (MT Hydro),2185.0,Hauser,MT,Lewis and Clark,NWMT,Electric Utility,HAU12,3.5,3.5,3.5,Conventional Hydroelectric,Hydro,WAT,HY,12.0,2029.0,"(P) Planned for installation, but regulatory approvals not initiated",46.765941,-111.8873
Addition,63759,Triple Oak Power LLC,58175.0,Jawbone Wind Project,MT,Wheatland,NWMT,IPP Non-CHP,JWPI,80.0,80.0,80.0,Onshore Wind Turbine,Wind,WND,WT,12.0,2029.0,"(U) Under construction, less than or equal to 50 percent complete",46.508056,-109.7278
Addition,58842,Power Company of Wyoming LLC,58987.0,Chokecherry and Sierra Madre Wind,WY,Carbon,CISO,IPP Non-CHP,I-A,844.2,844.2,844.2,Onshore Wind Turbine,Wind,WND,WT,12.0,2029.0,"(U) Under construction, less than or equal to 50 percent complete",41.683056,-107.2
Addition,58842,Power Company of Wyoming LLC,58987.0,Chokecherry and Sierra Madre Wind,WY,Carbon,CISO,IPP Non-CHP,I-B,849.6,849.6,849.6,Onshore Wind Turbine,Wind,WND,WT,12.0,2029.0,"(U) Under construction, less than or equal to 50 percent complete",41.683056,-107.2
Addition,61784,Rolling Upland Wind Farm LLC,62262.0,Rolling Upland Wind Farm LLC,NY,Madison,NYIS,IPP Non-CHP,GEN1,71.4,71.4,71.4,Onshore Wind Turbine,Wind,WND,WT,12.0,2029.0,"(P) Planned for installation, but regulatory approvals not initiated",42.524607,-75.27744
Addition,62663,Lock 13 Hydro Partners,62748.0,Evelyn Hydroelectric Project,KY,Lee,PJM,IPP Non-CHP,1,0.6,0.6,0.6,Conventional Hydroelectric,Hydro,WAT,HY,12.0,2029.0,(T) Regulatory approvals received. Not under construction,37.601982,-83.83297
Addition,62663,Lock 13 Hydro Partners,62748.0,Evelyn Hydroelectric Project,KY,Lee,PJM,IPP Non-CHP,2,0.6,0.6,0.6,Conventional Hydroelectric,Hydro,WAT,HY,12.0,2029.0,(T) Regulatory approvals received. Not under construction,37.601982,-83.83297
Addition,62663,Lock 13 Hydro Partners,62748.0,Evelyn Hydroelectric Project,KY,Lee,PJM,IPP Non-CHP,3,0.2,0.2,0.2,Conventional Hydroelectric,Hydro,WAT,HY,12.0,2029.0,(T) Regulatory approvals received. Not under construction,37.601982,-83.83297
Addition,62663,Lock 13 Hydro Partners,62748.0,Evelyn Hydroelectric Project,KY,Lee,PJM,IPP Non-CHP,4,0.2,0.2,0.2,Conventional Hydroelectric,Hydro,WAT,HY,12.0,2029.0,(T) Regulatory approvals received. Not under construction,37.601982,-83.83297
Addition,62663,Lock 13 Hydro Partners,62748.0,Evelyn Hydroelectric Project,KY,Lee,PJM,IPP Non-CHP,5,0.6,0.6,0.6,Conventional Hydroelectric,Hydro,WAT,HY,12.0,2029.0,(T) Regulatory approvals received. Not under construction,37.601982,-83.83297
Addition,62663,Lock 13 Hydro Partners,62748.0,Evelyn Hydroelectric Project,KY,Lee,PJM,IPP Non-CHP,6,0.6,0.6,0.6,Conventional Hydroelectric,Hydro,WAT,HY,12.0,2029.0,(T) Regulatory approvals received. Not under construction,37.601982,-83.83297
Addition,66560,Elliot Solar LLC,64904.0,Elliot Solar LLC,IN,Gibson,MISO,IPP Non-CHP,1,200.0,200.0,200.0,Solar Photovoltaic,Solar,SUN,PV,12.0,2029.0,"(U) Under construction, less than or equal to 50 percent complete",38.316297,-87.42793
Addition,67725,"TerraForm Power Operating, LLC",65301.0,Steward Creek Solar Phase 1,IL,Lee,PJM,IPP Non-CHP,SC1,1200.0,1200.0,1200.0,Solar Photovoltaic,Solar,SUN,PV,12.0,2029.0,"(P) Planned for installation, but regulatory approvals not initiated",41.814343,-88.98988
Addition,64615,Antares Group Inc,65312.0,Shenvalee Solar,VA,Augusta,PJM,IPP Non-CHP,SV,3.0,3.0,3.0,Solar Photovoltaic,Solar,SUN,PV,12.0,2029.0,"(P) Planned for installation, but regulatory approvals not initiated",38.0249,-79.0335
Addition,50123,"Leeward Asset Management, LLC",65445.0,Ridgely Energy Farm,TN,Lake,TVA,IPP Non-CHP,RBESS,50.0,50.0,50.0,Batteries,Battery storage,MWH,BA,12.0,2029.0,"(P) Planned for installation, but regulatory approvals not initiated",36.306319,-89.46202
Addition,65072,"Sacramento Valley Energy Center, LLC",65808.0,"Sacramento Valley Energy Center, LLC",CA,Sacramento,BANC,IPP Non-CHP,BSVEC,100.0,100.0,100.0,Batteries,Battery storage,MWH,BA,12.0,2029.0,"(U) Under construction, less than or equal to 50 percent complete",38.57147,-121.1845
Addition,65072,"Sacramento Valley Energy Center, LLC",65808.0,"Sacramento Valley Energy Center, LLC",CA,Sacramento,BANC,IPP Non-CHP,SVEC,200.0,200.0,200.0,Solar Photovoltaic,Solar,SUN,PV,12.0,2029.0,"(U) Under construction, less than or equal to 50 percent complete",38.57147,-121.1845
Addition,61060,Cypress Creek Renewables,66385.0,"Panther Branch Solar, LLC",NC,Duplin,DUK,IPP Non-CHP,GEN1B,32.0,32.0,32.0,Batteries,Battery storage,MWH,BA,12.0,2029.0,"(P) Planned for installation, but regulatory approvals not initiated",35.145344,-78.15963
Addition,65689,"Alfred Oaks Solar, LLC",66675.0,"Alfred Oaks Solar, LLC",NY,Allegany,NYIS,IPP Non-CHP,ALOAK,115.2,115.2,115.2,Solar Photovoltaic,Solar,SUN,PV,12.0,2029.0,"(P) Planned for installation, but regulatory approvals not initiated",42.21,-77.82
Addition,65708,Buffalo Branch Wind and Solar LLC,66701.0,Buffalo Branch Wind and Solar LLC,MO,Dade,AECI,IPP Non-CHP,BB1,247.0,247.0,247.0,Onshore Wind Turbine,Wind,WND,WT,12.0,2029.0,"(P) Planned for installation, but regulatory approvals not initiated",37.38332,-93.92999
Addition,66252,"Greenalia Wind Power Blue Hills, LLC",67542.0,Blue Hills Wind Project,TX,Val Verde,ERCO,IPP Non-CHP,BHWP,276.0,276.0,276.0,Onshore Wind Turbine,Wind,WND,WT,12.0,2029.0,(L) Regulatory approvals pending. Not under construction,30.233597,-101.3636
Addition,66263,"Greenalia Solar Power Wittig, LLC",67568.0,Wittig Solar Park,TX,Wharton,ERCO,IPP Non-CHP,WIGSP,96.0,96.0,96.0,Solar Photovoltaic,Solar,SUN,PV,12.0,2029.0,(T) Regulatory approvals received. Not under construction,29.245055,-95.87477
Addition,65265,Repsol Renewables NA,67819.0,Robinson Solar,NV,White Pine,NEVP,IPP Non-CHP,CRSB1,300.0,300.0,300.0,Batteries,Battery storage,MWH,BA,12.0,2029.0,"(P) Planned for installation, but regulatory approvals not initiated",39.298603,-115.2192
Addition,65265,Repsol Renewables NA,67819.0,Robinson Solar,NV,White Pine,NEVP,IPP Non-CHP,CRSS1,300.0,300.0,300.0,Solar Photovoltaic,Solar,SUN,PV,12.0,2029.0,"(P) Planned for installation, but regulatory approvals not initiated",39.298603,-115.2192
Addition,66430,Kingstree East 230 LLC,67862.0,Kingstree East 230 Solar Project,SC,Georgetown,SC,IPP Non-CHP,SOLAR,249.0,249.0,249.0,Solar Photovoltaic,Solar,SUN,PV,12.0,2029.0,(T) Regulatory approvals received. Not under construction,33.563633,-79.46326
Addition,66535,Belgian Renewable Energy Group (BREG),67996.0,Leuven Solar LLC,TX,Nolan,ERCO,IPP Non-CHP,SEPAS,217.0,217.0,217.0,Solar Photovoltaic,Solar,SUN,PV,12.0,2029.0,"(P) Planned for installation, but regulatory approvals not initiated",32.49301,-100.2463
Addition,50123,"Leeward Asset Management, LLC",68079.0,Stagecoach LRE,CO,Pueblo,PSCO,IPP Non-CHP,STAS1,230.0,230.0,230.0,Solar Photovoltaic,Solar,SUN,PV,12.0,2029.0,(T) Regulatory approvals received. Not under construction,38.17739,-104.5012
Addition,50123,"Leeward Asset Management, LLC",68084.0,Morrow Lake BESS,TX,Frio,ERCO,IPP Non-CHP,MLB,200.0,200.0,200.0,Batteries,Battery storage,MWH,BA,12.0,2029.0,"(P) Planned for installation, but regulatory approvals not initiated",28.936239,-99.08318
Addition,66593,"SR Jasper, LLC",68105.0,SR Jasper,MS,Jasper,SOCO,IPP Non-CHP,JASP,150.0,150.0,150.0,Solar Photovoltaic,Solar,SUN,PV,12.0,2029.0,(T) Regulatory approvals received. Not under construction,32.048427,-88.94419
Addition,66682,"MAHI bn, LLC",68288.0,Flag Run Solar,IN,Clark,MISO,IPP Non-CHP,MAHI,200.0,200.0,200.0,Solar Photovoltaic,Solar,SUN,PV,12.0,2029.0,(L) Regulatory approvals pending. Not under construction,38.556,-85.201
Addition,66683,"DYSP, LLC",68290.0,Dyers Spring Solar,KY,Breckinridge,LGEE,IPP Non-CHP,DYSP,200.0,200.0,200.0,Solar Photovoltaic,Solar,SUN,PV,12.0,2029.0,(L) Regulatory approvals pending. Not under construction,37.688411,-86.26927
Addition,66734,"CVSO, LLC",68331.0,Caverns Solar,FL,Jackson,FPL,IPP Non-CHP,CVSO,75.0,75.0,75.0,Solar Photovoltaic,Solar,SUN,PV,12.0,2029.0,(L) Regulatory approvals pending. Not under construction,30.871983,-85.29425
Addition,66735,"DEGA bn, LLC",68332.0,Dega Solar and Storage,AL,Talladega,SOCO,IPP Non-CHP,DEGA1,200.0,200.0,200.0,Solar Photovoltaic,Solar,SUN,PV,12.0,2029.0,(L) Regulatory approvals pending. Not under construction,33.537201,-86.0855
Addition,66735,"DEGA bn, LLC",68332.0,Dega Solar and Storage,AL,Talladega,SOCO,IPP Non-CHP,DEGA2,200.0,200.0,200.0,Batteries,Battery storage,MWH,BA,12.0,2029.0,(L) Regulatory approvals pending. Not under construction,33.537201,-86.0855
Addition,66255,"RIC Development, LLC",68666.0,Stonewall BESS,TX,Stonewall,ERCO,IPP Non-CHP,RIC88,135.0,135.0,135.0,Batteries,Battery storage,MWH,BA,12.0,2029.0,"(P) Planned for installation, but regulatory approvals not initiated",33.2466,-100.3982
Addition,67090,Tupper Lake,68843.0,Tupper Lake Wind,MI,Ionia,MISO,IPP Non-CHP,TLCP,200.0,198.0,198.0,Onshore Wind Turbine,Wind,WND,WT,12.0,2029.0,(L) Regulatory approvals pending. Not under construction,42.829,-85.138
Addition,20421,Western Minnesota Mun Pwr Agny,69102.0,Toronto Power Plant,SD,Deuel,MISO,Electric Utility,U1,36.3,35.6,35.6,Natural Gas Fired Combustion Turbine,Natural gas,NG,GT,12.0,2029.0,(L) Regulatory approvals pending. Not under construction,44.594752,-96.62219
Addition,20421,Western Minnesota Mun Pwr Agny,69102.0,Toronto Power Plant,SD,Deuel,MISO,Electric Utility,U2,36.3,35.6,35.6,Natural Gas Fired Combustion Turbine,Natural gas,NG,GT,12.0,2029.0,(L) Regulatory approvals pending. Not under construction,44.594752,-96.62219
Addition,20421,Western Minnesota Mun Pwr Agny,69102.0,Toronto Power Plant,SD,Deuel,MISO,Electric Utility,U3,36.3,35.6,35.6,Natural Gas Fired Combustion Turbine,Natural gas,NG,GT,12.0,2029.0,(L) Regulatory approvals pending. Not under construction,44.594752,-96.62219
Addition,20421,Western Minnesota Mun Pwr Agny,69102.0,Toronto Power Plant,SD,Deuel,MISO,Electric Utility,U4,36.3,35.6,35.6,Natural Gas Fired Combustion Turbine,Natural gas,NG,GT,12.0,2029.0,(L) Regulatory approvals pending. Not under construction,44.594752,-96.62219
Addition,67554,Lion Solar LLC,69633.0,Lion Solar,AR,Jefferson,MISO,IPP Non-CHP,99757,200.0,200.0,200.0,Solar Photovoltaic,Solar,SUN,PV,12.0,2029.0,"(P) Planned for installation, but regulatory approvals not initiated",34.324581,-91.9253
Addition,67564,Main Horn Solar LLC,69636.0,Main Horn Solar,TX,Navarro,ERCO,IPP Non-CHP,69363,100.0,100.0,100.0,Solar Photovoltaic,Solar,SUN,PV,12.0,2029.0,"(P) Planned for installation, but regulatory approvals not initiated",31.984498,-96.36558
Addition,67568,Cazadores Solar LLC,69640.0,Cazadores Solar,TX,Duval,ERCO,IPP Non-CHP,73509,300.0,300.0,300.0,Solar Photovoltaic,Solar,SUN,PV,12.0,2029.0,"(P) Planned for installation, but regulatory approvals not initiated",27.392246,-98.50107
Addition,67570,Arkana Solar LLC,69642.0,Arkana Solar,AR,Columbia,MISO,IPP Non-CHP,96513,100.0,100.0,100.0,Solar Photovoltaic,Solar,SUN,PV,12.0,2029.0,"(P) Planned for installation, but regulatory approvals not initiated",33.04521,-93.44841
Addition,13337,Nebraska Public Power District,69808.0,Princeton Road Station,NE,Lancaster,SWPP,Electric Utility,CT1,265.4,239.6,252.9,Natural Gas Fired Combustion Turbine,Natural gas,NG,GT,12.0,2029.0,"(P) Planned for installation, but regulatory approvals not initiated",40.570394,-96.78647
Addition,13337,Nebraska Public Power District,69808.0,Princeton Road Station,NE,Lancaster,SWPP,Electric Utility,CT2,265.4,239.6,252.9,Natural Gas Fired Combustion Turbine,Natural gas,NG,GT,12.0,2029.0,"(P) Planned for installation, but regulatory approvals not initiated",40.570394,-96.78647
Addition,66571,Clenera DevCo LLC,70186.0,Solstice Solar LLC,OK,Le Flore,SWPP,IPP Non-CHP,SOLBS,200.0,200.0,200.0,Batteries,Battery storage,MWH,BA,12.0,2029.0,"(P) Planned for installation, but regulatory approvals not initiated",35.291043,-94.77891
Addition,66571,Clenera DevCo LLC,70186.0,Solstice Solar LLC,OK,Le Flore,SWPP,IPP Non-CHP,SOLPV,200.0,200.0,200.0,Solar Photovoltaic,Solar,SUN,PV,12.0,2029.0,"(P) Planned for installation, but regulatory approvals not initiated",35.291043,-94.77891
Addition,55983,Luminant Generation Company LLC,63193.0,Alira,TX,Andrews,ERCO,IPP Non-CHP,UNIT1,222.8,222.8,222.8,Solar Photovoltaic,Solar,SUN,PV,1.0,2030.0,(L) Regulatory approvals pending. Not under construction,32.347392,-102.9677
Addition,58468,Dominion Renewable Energy,68071.0,Bellflower Solar (VA),VA,Brunswick,PJM,Electric Utility,BELLF,600.0,600.0,600.0,Solar Photovoltaic,Solar,SUN,PV,1.0,2030.0,"(P) Planned for installation, but regulatory approvals not initiated",37.0,-78.0
Addition,58468,Dominion Renewable Energy,68075.0,Pineside Solar,VA,Buckingham,PJM,Electric Utility,PINES,74.9,74.9,74.9,Solar Photovoltaic,Solar,SUN,PV,1.0,2030.0,"(P) Planned for installation, but regulatory approvals not initiated",37.5,-78.5
Addition,22500,"Evergy Kansas Central, Inc",68295.0,McNew Generating Station,KS,Reno,SWPP,Electric Utility,MCN1,765.0,690.4,717.8,Natural Gas Fired Combined Cycle,Natural gas,NG,CS,1.0,2030.0,(T) Regulatory approvals received. Not under construction,38.00595,-97.92166
Addition,12698,Evergy Missouri West,68296.0,Mullin Creek #1 Generating Station,MO,Nodaway,SWPP,Electric Utility,MC1,489.7,425.1,450.6,Natural Gas Fired Combustion Turbine,Natural gas,NG,GT,1.0,2030.0,(T) Regulatory approvals received. Not under construction,38.00595,-97.92166
Addition,67044,"Greenalia Solar Power Hutcherson, LLC",68765.0,Hutcherson Solar,TX,Wilbarger,ERCO,IPP Non-CHP,HUGSP,123.3,123.3,123.3,Solar Photovoltaic,Solar,SUN,PV,1.0,2030.0,"(P) Planned for installation, but regulatory approvals not initiated",34.02533,-99.26568
Addition,63289,Key Capture Energy,66862.0,"KCE NY 29, LLC",NY,Suffolk,NYIS,IPP Non-CHP,NY29,79.0,79.0,79.0,Batteries,Battery storage,MWH,BA,3.0,2030.0,"(P) Planned for installation, but regulatory approvals not initiated",40.81278,-73.21729
Addition,1307,Basin Electric Power Coop,69071.0,Bison Generation Station,ND,Williams,SWPP,Electric Utility,CA2,263.0,320.0,325.0,Natural Gas Fired Combined Cycle,Natural gas,NG,CA,3.0,2030.0,(L) Regulatory approvals pending. Not under construction,48.327932,-103.3127
Addition,1307,Basin Electric Power Coop,69071.0,Bison Generation Station,ND,Williams,SWPP,Electric Utility,CT2,496.0,409.0,409.0,Natural Gas Fired Combined Cycle,Natural gas,NG,CT,3.0,2030.0,(L) Regulatory approvals pending. Not under construction,48.327932,-103.3127
Addition,11241,Entergy Louisiana LLC,69449.0,Richland Parish Power Station 1&2,LA,Richland,MISO,Electric Utility,1A,469.3,435.4,469.3,Natural Gas Fired Combined Cycle,Natural gas,NG,CT,3.0,2030.0,"(P) Planned for installation, but regulatory approvals not initiated",32.468339,-91.68038
Addition,11241,Entergy Louisiana LLC,69449.0,Richland Parish Power Station 1&2,LA,Richland,MISO,Electric Utility,1B,311.0,302.8,303.0,Natural Gas Fired Combined Cycle,Natural gas,NG,CA,3.0,2030.0,"(P) Planned for installation, but regulatory approvals not initiated",32.468339,-91.68038
Addition,11241,Entergy Louisiana LLC,69449.0,Richland Parish Power Station 1&2,LA,Richland,MISO,Electric Utility,2A,469.3,435.4,469.3,Natural Gas Fired Combined Cycle,Natural gas,NG,CT,3.0,2030.0,"(P) Planned for installation, but regulatory approvals not initiated",32.468339,-91.68038
Addition,11241,Entergy Louisiana LLC,69449.0,Richland Parish Power Station 1&2,LA,Richland,MISO,Electric Utility,2B,311.0,302.8,303.0,Natural Gas Fired Combined Cycle,Natural gas,NG,CA,3.0,2030.0,"(P) Planned for installation, but regulatory approvals not initiated",32.468339,-91.68038
Addition,64452,"EDF Renewables Development, Inc.",66805.0,Lycan Solar Project,CA,Riverside,CISO,IPP Non-CHP,LYCN2,400.0,400.0,400.0,Batteries,Battery storage,MWH,BA,4.0,2030.0,"(P) Planned for installation, but regulatory approvals not initiated",33.621326,-115.0959
Addition,66255,"RIC Development, LLC",67559.0,Dunlay Solar,TX,Medina,ERCO,IPP Non-CHP,RIC95,180.4,150.5,150.5,Solar Photovoltaic,Solar,SUN,PV,5.0,2030.0,"(P) Planned for installation, but regulatory approvals not initiated",29.314674,-99.09725
Addition,66463,"51LV 8me, LLC",67894.0,Bellefield 3 Solar and Battery Storage,CA,Kern,CISO,IPP Non-CHP,51LVA,150.0,150.0,150.0,Solar Photovoltaic,Solar,SUN,PV,5.0,2030.0,"(P) Planned for installation, but regulatory approvals not initiated",35.029153,-117.9926
Addition,66463,"51LV 8me, LLC",67894.0,Bellefield 3 Solar and Battery Storage,CA,Kern,CISO,IPP Non-CHP,51LVB,150.0,150.0,150.0,Batteries,Battery storage,MWH,BA,5.0,2030.0,"(P) Planned for installation, but regulatory approvals not initiated",35.029153,-117.9926
Addition,64904,AES Clean Energy,69795.0,Keamuku,HI,Hawaii,HECO,IPP Non-CHP,KEABE,86.0,86.0,86.0,Batteries,Battery storage,MWH,BA,5.0,2030.0,(L) Regulatory approvals pending. Not under construction,19.8799,-155.7373
Addition,64904,AES Clean Energy,69795.0,Keamuku,HI,Hawaii,HECO,IPP Non-CHP,KEAMU,86.0,86.0,86.0,Solar Photovoltaic,Solar,SUN,PV,5.0,2030.0,(L) Regulatory approvals pending. Not under construction,19.8799,-155.7373
Addition,61596,Lincoln Land Energy Center LLC,62022.0,Lincoln Land Energy Center,IL,Sangamon,MISO,IPP Non-CHP,GEN1,638.4,520.0,520.0,Natural Gas Fired Combined Cycle,Natural gas,NG,CS,6.0,2030.0,"(P) Planned for installation, but regulatory approvals not initiated",39.5788,-89.57984
Addition,61596,Lincoln Land Energy Center LLC,62022.0,Lincoln Land Energy Center,IL,Sangamon,MISO,IPP Non-CHP,GEN2,638.4,520.0,520.0,Natural Gas Fired Combined Cycle,Natural gas,NG,CS,6.0,2030.0,"(P) Planned for installation, but regulatory approvals not initiated",39.5788,-89.57984
Addition,66272,"Cedar Hill ESS Assets, LLC",67570.0,Cedar Hill ESS,TX,Dallas,ERCO,IPP Non-CHP,3004,10.0,10.0,10.0,Batteries,Battery storage,MWH,BA,6.0,2030.0,(L) Regulatory approvals pending. Not under construction,32.612139,-96.92511
Addition,67045,"Greenalia Wind Power Pioneer Field, LLC",68766.0,Pioneer Field Wind Power,TX,Tom Green,ERCO,IPP Non-CHP,PFGWP,136.2,163.2,163.2,Onshore Wind Turbine,Wind,WND,WT,6.0,2030.0,"(P) Planned for installation, but regulatory approvals not initiated",31.19494,-100.2118
Addition,67047,"Greenalia Solar Power Blackwelder Ranch, LLC",68767.0,Greenalia Solar Power Blackwelder Ranch,TX,Pecos,ERCO,IPP Non-CHP,BRGSP,199.7,199.7,199.7,Solar Photovoltaic,Solar,SUN,PV,6.0,2030.0,"(P) Planned for installation, but regulatory approvals not initiated",30.81256,-102.1865
Addition,67046,"Greenalia Wind Power Blackwelder Ranch, LLC",68768.0,Blackwelder Ranch Wind,TX,Pecos,ERCO,IPP Non-CHP,BRGWP,110.4,110.4,110.4,Onshore Wind Turbine,Wind,WND,WT,6.0,2030.0,"(P) Planned for installation, but regulatory approvals not initiated",30.81256,-102.1865
Addition,11241,Entergy Louisiana LLC,69445.0,Waterford 6,LA,St Charles,MISO,Electric Utility,CT1,478.0,420.0,455.0,Natural Gas Fired Combined Cycle,Natural gas,NG,CT,6.0,2030.0,"(P) Planned for installation, but regulatory approvals not initiated",29.988583,-90.48565
Addition,11241,Entergy Louisiana LLC,69445.0,Waterford 6,LA,St Charles,MISO,Electric Utility,ST1,342.0,310.0,315.0,Natural Gas Fired Combined Cycle,Natural gas,NG,CA,6.0,2030.0,"(P) Planned for installation, but regulatory approvals not initiated",29.988583,-90.48565
Addition,66491,"Zenith Solar, LLC",64768.0,Zenith Solar,VA,Pittsylvania,PJM,IPP Non-CHP,TC001,60.0,60.0,60.0,Solar Photovoltaic,Solar,SUN,PV,7.0,2030.0,"(P) Planned for installation, but regulatory approvals not initiated",36.817763,-79.23328
Addition,60799,33UI 8me LLC,61170.0,Gale 1 Solar,UT,Millard,LDWP,IPP Non-CHP,33UI8,300.0,300.0,300.0,Solar Photovoltaic,Solar,SUN,PV,8.0,2030.0,"(P) Planned for installation, but regulatory approvals not initiated",39.523,-112.546
Addition,60799,33UI 8me LLC,61170.0,Gale 1 Solar,UT,Millard,LDWP,IPP Non-CHP,33UI9,150.0,150.0,150.0,Batteries,Battery storage,MWH,BA,8.0,2030.0,"(P) Planned for installation, but regulatory approvals not initiated",39.523,-112.546
Addition,67609,Dashields Hydropower Corporations,69698.0,Dashields Hydroelectric Project,PA,Allegheny,PJM,IPP Non-CHP,DAS-1,1.1,1.1,1.1,Conventional Hydroelectric,Hydro,WAT,HY,8.0,2030.0,(L) Regulatory approvals pending. Not under construction,40.549546,-80.20544
Addition,67609,Dashields Hydropower Corporations,69698.0,Dashields Hydroelectric Project,PA,Allegheny,PJM,IPP Non-CHP,DAS-2,1.1,1.1,1.1,Conventional Hydroelectric,Hydro,WAT,HY,8.0,2030.0,(L) Regulatory approvals pending. Not under construction,40.549546,-80.20544
Addition,67609,Dashields Hydropower Corporations,69698.0,Dashields Hydroelectric Project,PA,Allegheny,PJM,IPP Non-CHP,DAS-3,1.1,1.1,1.1,Conventional Hydroelectric,Hydro,WAT,HY,8.0,2030.0,(L) Regulatory approvals pending. Not under construction,40.549546,-80.20544
Addition,67609,Dashields Hydropower Corporations,69698.0,Dashields Hydroelectric Project,PA,Allegheny,PJM,IPP Non-CHP,DAS-4,1.1,1.1,1.1,Conventional Hydroelectric,Hydro,WAT,HY,8.0,2030.0,(L) Regulatory approvals pending. Not under construction,40.549546,-80.20544
Addition,67609,Dashields Hydropower Corporations,69698.0,Dashields Hydroelectric Project,PA,Allegheny,PJM,IPP Non-CHP,DAS-5,1.1,1.1,1.1,Conventional Hydroelectric,Hydro,WAT,HY,8.0,2030.0,(L) Regulatory approvals pending. Not under construction,40.549546,-80.20544
Addition,67609,Dashields Hydropower Corporations,69698.0,Dashields Hydroelectric Project,PA,Allegheny,PJM,IPP Non-CHP,DAS-6,1.1,1.1,1.1,Conventional Hydroelectric,Hydro,WAT,HY,8.0,2030.0,(L) Regulatory approvals pending. Not under construction,40.549546,-80.20544
Addition,67609,Dashields Hydropower Corporations,69698.0,Dashields Hydroelectric Project,PA,Allegheny,PJM,IPP Non-CHP,DAS-7,1.1,1.1,1.1,Conventional Hydroelectric,Hydro,WAT,HY,8.0,2030.0,(L) Regulatory approvals pending. Not under construction,40.549546,-80.20544
Addition,67609,Dashields Hydropower Corporations,69698.0,Dashields Hydroelectric Project,PA,Allegheny,PJM,IPP Non-CHP,DAS-8,1.1,1.1,1.1,Conventional Hydroelectric,Hydro,WAT,HY,8.0,2030.0,(L) Regulatory approvals pending. Not under construction,40.549546,-80.20544
Addition,61906,Rye Development,62433.0,Emsworth L&D Hydroelectric Project,PA,Allegheny,PJM,IPP Non-CHP,NA1,6.8,5.0,6.3,Conventional Hydroelectric,Hydro,WAT,HY,10.0,2030.0,"(P) Planned for installation, but regulatory approvals not initiated",40.50305,-80.08944
Addition,5248,Dominion Energy Inc.,66312.0,Courthouse Solar,VA,Charlotte,PJM,Electric Utility,CHSL,167.0,167.0,167.0,Solar Photovoltaic,Solar,SUN,PV,10.0,2030.0,"(U) Under construction, less than or equal to 50 percent complete",37.04,-78.58
Addition,11241,Entergy Louisiana LLC,69426.0,Westlake Power Station,LA,Calcasieu,MISO,Electric Utility,CA1,341.7,341.7,299.6,Natural Gas Fired Combined Cycle,Natural gas,NG,CA,10.0,2030.0,"(P) Planned for installation, but regulatory approvals not initiated",30.281105,-93.30189
Addition,11241,Entergy Louisiana LLC,69426.0,Westlake Power Station,LA,Calcasieu,MISO,Electric Utility,CT1,477.7,390.0,443.4,Natural Gas Fired Combined Cycle,Natural gas,NG,CT,10.0,2030.0,"(P) Planned for installation, but regulatory approvals not initiated",30.281105,-93.30189
Addition,11241,Entergy Louisiana LLC,69649.0,Richland Parish Power Station 3,LA,Richland,MISO,Electric Utility,3A,469.3,435.4,469.3,Natural Gas Fired Combined Cycle,Natural gas,NG,CT,10.0,2030.0,"(P) Planned for installation, but regulatory approvals not initiated",32.496716,-91.69867
Addition,11241,Entergy Louisiana LLC,69649.0,Richland Parish Power Station 3,LA,Richland,MISO,Electric Utility,3B,311.0,302.8,303.0,Natural Gas Fired Combined Cycle,Natural gas,NG,CA,10.0,2030.0,"(P) Planned for installation, but regulatory approvals not initiated",32.496716,-91.69867
Addition,11241,Entergy Louisiana LLC,69650.0,Richland Parish Power Station 4,LA,Richland,MISO,Electric Utility,4A,469.3,435.4,469.3,Natural Gas Fired Combined Cycle,Natural gas,NG,CT,10.0,2030.0,"(P) Planned for installation, but regulatory approvals not initiated",32.497782,-91.6997
Addition,11241,Entergy Louisiana LLC,69650.0,Richland Parish Power Station 4,LA,Richland,MISO,Electric Utility,4B,311.0,302.8,303.0,Natural Gas Fired Combined Cycle,Natural gas,NG,CA,10.0,2030.0,"(P) Planned for installation, but regulatory approvals not initiated",32.497782,-91.6997
Addition,61213,Hamakua Energy LP,55369.0,Hamakua Energy Plant,HI,Hawaii,,IPP Non-CHP,BESS1,7.5,7.5,7.5,Batteries,Battery storage,MWH,BA,11.0,2030.0,"(P) Planned for installation, but regulatory approvals not initiated",20.0939,-155.4711
Addition,61906,Rye Development,62401.0,Allegheny L&D2 Hydroelectric Project,PA,Allegheny,PJM,IPP Non-CHP,NA1,4.5,2.5,3.5,Conventional Hydroelectric,Hydro,WAT,HY,11.0,2030.0,"(P) Planned for installation, but regulatory approvals not initiated",40.89444,-79.91361
Addition,61906,Rye Development,62433.0,Emsworth L&D Hydroelectric Project,PA,Allegheny,PJM,IPP Non-CHP,NA2,6.8,5.0,6.3,Conventional Hydroelectric,Hydro,WAT,HY,11.0,2030.0,"(P) Planned for installation, but regulatory approvals not initiated",40.50305,-80.08944
Addition,61906,Rye Development,62434.0,Emsworth BC Hydroelectric Project,PA,Allegheny,PJM,IPP Non-CHP,NA1,6.0,3.0,3.0,Conventional Hydroelectric,Hydro,WAT,HY,11.0,2030.0,"(P) Planned for installation, but regulatory approvals not initiated",40.50083,-80.10306
Addition,58105,University of Redlands,58168.0,Energy Center,CA,San Bernardino,CISO,Commercial CHP,TURB4,0.3,0.3,0.3,Natural Gas Fired Combustion Turbine,Natural gas,NG,GT,12.0,2030.0,"(P) Planned for installation, but regulatory approvals not initiated",34.063056,-117.1639
Addition,58105,University of Redlands,58168.0,Energy Center,CA,San Bernardino,CISO,Commercial CHP,TURB5,0.3,0.3,0.3,Natural Gas Fired Combustion Turbine,Natural gas,NG,GT,12.0,2030.0,"(P) Planned for installation, but regulatory approvals not initiated",34.063056,-117.1639
Addition,58105,University of Redlands,58168.0,Energy Center,CA,San Bernardino,CISO,Commercial CHP,TURB6,0.3,0.3,0.3,Natural Gas Fired Combustion Turbine,Natural gas,NG,GT,12.0,2030.0,"(P) Planned for installation, but regulatory approvals not initiated",34.063056,-117.1639
Addition,58842,Power Company of Wyoming LLC,58987.0,Chokecherry and Sierra Madre Wind,WY,Carbon,CISO,IPP Non-CHP,II-A,1303.2,1303.2,1303.2,Onshore Wind Turbine,Wind,WND,WT,12.0,2030.0,"(U) Under construction, less than or equal to 50 percent complete",41.683056,-107.2
Addition,61906,Rye Development,62401.0,Allegheny L&D2 Hydroelectric Project,PA,Allegheny,PJM,IPP Non-CHP,NA2,4.5,2.5,3.5,Conventional Hydroelectric,Hydro,WAT,HY,12.0,2030.0,"(P) Planned for installation, but regulatory approvals not initiated",40.89444,-79.91361
Addition,61906,Rye Development,62433.0,Emsworth L&D Hydroelectric Project,PA,Allegheny,PJM,IPP Non-CHP,NA3,6.8,5.0,6.3,Conventional Hydroelectric,Hydro,WAT,HY,12.0,2030.0,"(P) Planned for installation, but regulatory approvals not initiated",40.50305,-80.08944
Addition,61906,Rye Development,62434.0,Emsworth BC Hydroelectric Project,PA,Allegheny,PJM,IPP Non-CHP,NA2,6.0,4.0,4.0,Conventional Hydroelectric,Hydro,WAT,HY,12.0,2030.0,"(P) Planned for installation, but regulatory approvals not initiated",40.50083,-80.10306
Addition,61906,Rye Development,62434.0,Emsworth BC Hydroelectric Project,PA,Allegheny,PJM,IPP Non-CHP,NA3,6.8,5.0,6.3,Conventional Hydroelectric,Hydro,WAT,HY,12.0,2030.0,"(P) Planned for installation, but regulatory approvals not initiated",40.50083,-80.10306
Addition,66100,Boralex US Operations LLC,67221.0,Foothills Solar (NY),NY,Fulton,NYIS,IPP Non-CHP,NY128,40.0,40.0,40.0,Solar Photovoltaic,Solar,SUN,PV,12.0,2030.0,"(P) Planned for installation, but regulatory approvals not initiated",43.113678,-74.24503
Addition,66181,"CPV County Line Solar, LLC",67352.0,"CPV County Line Solar, LLC",VA,Charlotte,PJM,IPP Non-CHP,CPVCL,150.0,150.0,150.0,Solar Photovoltaic,Solar,SUN,PV,12.0,2030.0,"(P) Planned for installation, but regulatory approvals not initiated",37.190161,-78.68228
Addition,63289,Key Capture Energy,67838.0,"KCE NY 30, LLC",NY,Suffolk,NYIS,IPP Non-CHP,NY30,50.0,50.0,50.0,Batteries,Battery storage,MWH,BA,12.0,2030.0,"(P) Planned for installation, but regulatory approvals not initiated",40.69477,-73.35182
Addition,66487,"Goshen Solar, LLC",67936.0,Goshen Solar,WY,Goshen,WACM,IPP Non-CHP,GS1,163.0,163.0,163.0,Solar Photovoltaic,Solar,SUN,PV,12.0,2030.0,(T) Regulatory approvals received. Not under construction,41.853445,-104.5032
Addition,66508,"Moonlight Flats Solar Power, LLC",67950.0,Moonlight Flats Solar Power 1,PA,Clearfield,NYIS,IPP Non-CHP,MFS1,250.0,250.0,250.0,Solar Photovoltaic,Solar,SUN,PV,12.0,2030.0,"(P) Planned for installation, but regulatory approvals not initiated",41.092288,-78.17989
Addition,67013,US SFR Owner LLC,68635.0,Kemmerer Unit 1,WY,Lincoln,PACE,IPP Non-CHP,KU1,500.0,342.1,344.9,Nuclear,Nuclear,NUC,ST,12.0,2030.0,(L) Regulatory approvals pending. Not under construction,41.705993,-110.5603
Addition,67101,"Bridgewater Solar 2, LLC",68864.0,Bridgewater 2,NY,Saratoga,NYIS,IPP Non-CHP,PV1,5.0,5.0,5.0,Solar Photovoltaic,Solar,SUN,PV,12.0,2030.0,"(P) Planned for installation, but regulatory approvals not initiated",42.831613,-73.67479
Addition,67100,"Bridgewater Solar, LLC",68865.0,Bridgewater 1,NY,Saratoga,NYIS,IPP Non-CHP,PV1,5.0,5.0,5.0,Solar Photovoltaic,Solar,SUN,PV,12.0,2030.0,"(P) Planned for installation, but regulatory approvals not initiated",42.831613,-73.67479
Addition,66217,Copia Power,69595.0,Saddleback Generation Station,AZ,Maricopa,AZPS,IPP Non-CHP,GTGEN,375.0,345.0,365.0,Natural Gas Fired Combined Cycle,Natural gas,NG,CT,12.0,2030.0,"(P) Planned for installation, but regulatory approvals not initiated",33.410034,-113.1694
Addition,66217,Copia Power,69595.0,Saddleback Generation Station,AZ,Maricopa,AZPS,IPP Non-CHP,GTGN2,375.0,345.0,345.0,Natural Gas Fired Combined Cycle,Natural gas,NG,CT,12.0,2030.0,"(P) Planned for installation, but regulatory approvals not initiated",33.410034,-113.1694
Addition,66217,Copia Power,69595.0,Saddleback Generation Station,AZ,Maricopa,AZPS,IPP Non-CHP,STGEN,250.0,230.0,245.0,Natural Gas Fired Combined Cycle,Natural gas,NG,CA,12.0,2030.0,"(P) Planned for installation, but regulatory approvals not initiated",33.410034,-113.1694
Addition,66217,Copia Power,69595.0,Saddleback Generation Station,AZ,Maricopa,AZPS,IPP Non-CHP,STGN2,250.0,230.0,245.0,Natural Gas Fired Combined Cycle,Natural gas,NG,CA,12.0,2030.0,"(P) Planned for installation, but regulatory approvals not initiated",33.410034,-113.1694
Addition,67563,Peach WoodSolar LLC,69635.0,Peach Wood Solar,GA,Mitchell,SOCO,IPP Non-CHP,74964,261.0,261.0,261.0,Solar Photovoltaic,Solar,SUN,PV,12.0,2030.0,"(P) Planned for installation, but regulatory approvals not initiated",31.343419,-84.21269
Addition,67565,Oakley BESS LLC,69637.0,Oakley BESS,TX,Denton,ERCO,IPP Non-CHP,28152,200.0,200.0,200.0,Batteries,Battery storage,MWH,BA,12.0,2030.0,"(P) Planned for installation, but regulatory approvals not initiated",33.41854,-97.18809
Addition,67566,Landshark Energy Generation Facility LLC,69638.0,Landshark Energy Generation Facility,MS,Calhoun,MISO,IPP Non-CHP,11767,160.0,160.0,160.0,Solar Photovoltaic,Solar,SUN,PV,12.0,2030.0,"(P) Planned for installation, but regulatory approvals not initiated",33.898797,-89.14577
Addition,67567,Triune Solar LLC,69639.0,Triune Solar,TX,Trinity,MISO,IPP Non-CHP,16777,100.0,100.0,100.0,Solar Photovoltaic,Solar,SUN,PV,12.0,2030.0,"(P) Planned for installation, but regulatory approvals not initiated",30.996927,-95.12384
Addition,67569,Metro BESS LLC,69641.0,Metro BESS,TX,Caldwell,ERCO,IPP Non-CHP,49453,200.0,200.0,200.0,Batteries,Battery storage,MWH,BA,12.0,2030.0,"(P) Planned for installation, but regulatory approvals not initiated",30.003245,-97.67794
Addition,67571,Deep Space Solar LLC,69643.0,Deep Space Solar,CO,Kiowa,PSCO,IPP Non-CHP,60215,300.0,300.0,300.0,Solar Photovoltaic,Solar,SUN,PV,12.0,2030.0,"(P) Planned for installation, but regulatory approvals not initiated",38.402141,-103.286
Addition,67572,Pease River Solar LLC,69644.0,Pease River Solar,TX,Foard,ERCO,IPP Non-CHP,58441,300.0,300.0,300.0,Solar Photovoltaic,Solar,SUN,PV,12.0,2030.0,"(P) Planned for installation, but regulatory approvals not initiated",33.991957,-99.69277
Addition,67610,"Northern Illinois Hydropower, LLC",69699.0,Dresden Island Hydroelectric Project,IL,Grundy,PJM,IPP Non-CHP,DI-1,1.0,1.0,1.0,Conventional Hydroelectric,Hydro,WAT,HY,12.0,2030.0,(L) Regulatory approvals pending. Not under construction,41.401926,-88.28172
Addition,67610,"Northern Illinois Hydropower, LLC",69699.0,Dresden Island Hydroelectric Project,IL,Grundy,PJM,IPP Non-CHP,DI-10,1.0,1.0,1.0,Conventional Hydroelectric,Hydro,WAT,HY,12.0,2030.0,(L) Regulatory approvals pending. Not under construction,41.401926,-88.28172
Addition,67610,"Northern Illinois Hydropower, LLC",69699.0,Dresden Island Hydroelectric Project,IL,Grundy,PJM,IPP Non-CHP,DI-2,1.0,1.0,1.0,Conventional Hydroelectric,Hydro,WAT,HY,12.0,2030.0,(L) Regulatory approvals pending. Not under construction,41.401926,-88.28172
Addition,67610,"Northern Illinois Hydropower, LLC",69699.0,Dresden Island Hydroelectric Project,IL,Grundy,PJM,IPP Non-CHP,DI-3,1.0,1.0,1.0,Conventional Hydroelectric,Hydro,WAT,HY,12.0,2030.0,(L) Regulatory approvals pending. Not under construction,41.401926,-88.28172
Addition,67610,"Northern Illinois Hydropower, LLC",69699.0,Dresden Island Hydroelectric Project,IL,Grundy,PJM,IPP Non-CHP,DI-4,1.0,1.0,1.0,Conventional Hydroelectric,Hydro,WAT,HY,12.0,2030.0,(L) Regulatory approvals pending. Not under construction,41.401926,-88.28172
Addition,67610,"Northern Illinois Hydropower, LLC",69699.0,Dresden Island Hydroelectric Project,IL,Grundy,PJM,IPP Non-CHP,DI-5,1.0,1.0,1.0,Conventional Hydroelectric,Hydro,WAT,HY,12.0,2030.0,(L) Regulatory approvals pending. Not under construction,41.401926,-88.28172
Addition,67610,"Northern Illinois Hydropower, LLC",69699.0,Dresden Island Hydroelectric Project,IL,Grundy,PJM,IPP Non-CHP,DI-6,1.0,1.0,1.0,Conventional Hydroelectric,Hydro,WAT,HY,12.0,2030.0,(L) Regulatory approvals pending. Not under construction,41.401926,-88.28172
Addition,67610,"Northern Illinois Hydropower, LLC",69699.0,Dresden Island Hydroelectric Project,IL,Grundy,PJM,IPP Non-CHP,DI-7,1.0,1.0,1.0,Conventional Hydroelectric,Hydro,WAT,HY,12.0,2030.0,(L) Regulatory approvals pending. Not under construction,41.401926,-88.28172
Addition,67610,"Northern Illinois Hydropower, LLC",69699.0,Dresden Island Hydroelectric Project,IL,Grundy,PJM,IPP Non-CHP,DI-8,1.0,1.0,1.0,Conventional Hydroelectric,Hydro,WAT,HY,12.0,2030.0,(L) Regulatory approvals pending. Not under construction,41.401926,-88.28172
Addition,67610,"Northern Illinois Hydropower, LLC",69699.0,Dresden Island Hydroelectric Project,IL,Grundy,PJM,IPP Non-CHP,DI-9,1.0,1.0,1.0,Conventional Hydroelectric,Hydro,WAT,HY,12.0,2030.0,(L) Regulatory approvals pending. Not under construction,41.401926,-88.28172
Addition,67738,Fermi America,69799.0,Project Matador Gas Plant (PMG),TX,Carson,ERCO,IPP Non-CHP,EG001,57.0,57.0,57.0,Natural Gas Fired Combined Cycle,Natural gas,NG,CT,12.0,2030.0,"(P) Planned for installation, but regulatory approvals not initiated",35.283762,-101.569
Addition,67738,Fermi America,69799.0,Project Matador Gas Plant (PMG),TX,Carson,ERCO,IPP Non-CHP,EG002,57.0,57.0,57.0,Natural Gas Fired Combined Cycle,Natural gas,NG,CT,12.0,2030.0,"(P) Planned for installation, but regulatory approvals not initiated",35.283762,-101.569
Addition,67738,Fermi America,69799.0,Project Matador Gas Plant (PMG),TX,Carson,ERCO,IPP Non-CHP,EG003,57.0,57.0,57.0,Natural Gas Fired Combined Cycle,Natural gas,NG,CT,12.0,2030.0,"(P) Planned for installation, but regulatory approvals not initiated",35.283762,-101.569
Addition,67738,Fermi America,69799.0,Project Matador Gas Plant (PMG),TX,Carson,ERCO,IPP Non-CHP,EG004,57.0,57.0,57.0,Natural Gas Fired Combined Cycle,Natural gas,NG,CT,12.0,2030.0,"(P) Planned for installation, but regulatory approvals not initiated",35.283762,-101.569
Addition,67738,Fermi America,69799.0,Project Matador Gas Plant (PMG),TX,Carson,ERCO,IPP Non-CHP,EG005,57.0,57.0,57.0,Natural Gas Fired Combined Cycle,Natural gas,NG,CT,12.0,2030.0,"(P) Planned for installation, but regulatory approvals not initiated",35.283762,-101.569
Addition,67738,Fermi America,69799.0,Project Matador Gas Plant (PMG),TX,Carson,ERCO,IPP Non-CHP,EG006,57.0,57.0,57.0,Natural Gas Fired Combined Cycle,Natural gas,NG,CT,12.0,2030.0,"(P) Planned for installation, but regulatory approvals not initiated",35.283762,-101.569
Addition,67738,Fermi America,69799.0,Project Matador Gas Plant (PMG),TX,Carson,ERCO,IPP Non-CHP,EG007,57.0,57.0,57.0,Natural Gas Fired Combined Cycle,Natural gas,NG,CT,12.0,2030.0,"(P) Planned for installation, but regulatory approvals not initiated",35.283762,-101.569
Addition,67738,Fermi America,69799.0,Project Matador Gas Plant (PMG),TX,Carson,ERCO,IPP Non-CHP,EG008,57.0,57.0,57.0,Natural Gas Fired Combined Cycle,Natural gas,NG,CT,12.0,2030.0,"(P) Planned for installation, but regulatory approvals not initiated",35.283762,-101.569
Addition,67738,Fermi America,69799.0,Project Matador Gas Plant (PMG),TX,Carson,ERCO,IPP Non-CHP,EG009,57.0,57.0,57.0,Natural Gas Fired Combined Cycle,Natural gas,NG,CT,12.0,2030.0,"(P) Planned for installation, but regulatory approvals not initiated",35.283762,-101.569
Addition,67738,Fermi America,69799.0,Project Matador Gas Plant (PMG),TX,Carson,ERCO,IPP Non-CHP,EG010,57.0,57.0,57.0,Natural Gas Fired Combined Cycle,Natural gas,NG,CT,12.0,2030.0,"(P) Planned for installation, but regulatory approvals not initiated",35.283762,-101.569
Addition,67738,Fermi America,69799.0,Project Matador Gas Plant (PMG),TX,Carson,ERCO,IPP Non-CHP,EG011,57.0,57.0,57.0,Natural Gas Fired Combined Cycle,Natural gas,NG,CT,12.0,2030.0,"(P) Planned for installation, but regulatory approvals not initiated",35.283762,-101.569
Addition,67738,Fermi America,69799.0,Project Matador Gas Plant (PMG),TX,Carson,ERCO,IPP Non-CHP,EG012,57.0,57.0,57.0,Natural Gas Fired Combined Cycle,Natural gas,NG,CT,12.0,2030.0,"(P) Planned for installation, but regulatory approvals not initiated",35.283762,-101.569
Addition,67738,Fermi America,69799.0,Project Matador Gas Plant (PMG),TX,Carson,ERCO,IPP Non-CHP,EG013,57.0,57.0,57.0,Natural Gas Fired Combined Cycle,Natural gas,NG,CT,12.0,2030.0,"(P) Planned for installation, but regulatory approvals not initiated",35.283762,-101.569
Addition,67738,Fermi America,69799.0,Project Matador Gas Plant (PMG),TX,Carson,ERCO,IPP Non-CHP,EG014,57.0,57.0,57.0,Natural Gas Fired Combined Cycle,Natural gas,NG,CT,12.0,2030.0,"(P) Planned for installation, but regulatory approvals not initiated",35.283762,-101.569
Addition,67738,Fermi America,69799.0,Project Matador Gas Plant (PMG),TX,Carson,ERCO,IPP Non-CHP,EG015,57.0,57.0,57.0,Natural Gas Fired Combined Cycle,Natural gas,NG,CT,12.0,2030.0,"(P) Planned for installation, but regulatory approvals not initiated",35.283762,-101.569
Addition,67738,Fermi America,69799.0,Project Matador Gas Plant (PMG),TX,Carson,ERCO,IPP Non-CHP,EG016,57.0,57.0,57.0,Natural Gas Fired Combined Cycle,Natural gas,NG,CT,12.0,2030.0,"(P) Planned for installation, but regulatory approvals not initiated",35.283762,-101.569
Addition,67738,Fermi America,69799.0,Project Matador Gas Plant (PMG),TX,Carson,ERCO,IPP Non-CHP,EG017,57.0,57.0,57.0,Natural Gas Fired Combined Cycle,Natural gas,NG,CT,12.0,2030.0,"(P) Planned for installation, but regulatory approvals not initiated",35.283762,-101.569
Addition,67738,Fermi America,69799.0,Project Matador Gas Plant (PMG),TX,Carson,ERCO,IPP Non-CHP,EG018,57.0,57.0,57.0,Natural Gas Fired Combined Cycle,Natural gas,NG,CT,12.0,2030.0,"(P) Planned for installation, but regulatory approvals not initiated",35.283762,-101.569
Addition,67738,Fermi America,69799.0,Project Matador Gas Plant (PMG),TX,Carson,ERCO,IPP Non-CHP,EG019,57.0,57.0,57.0,Natural Gas Fired Combined Cycle,Natural gas,NG,CT,12.0,2030.0,"(P) Planned for installation, but regulatory approvals not initiated",35.283762,-101.569
Addition,67738,Fermi America,69799.0,Project Matador Gas Plant (PMG),TX,Carson,ERCO,IPP Non-CHP,EG020,57.0,57.0,57.0,Natural Gas Fired Combined Cycle,Natural gas,NG,CT,12.0,2030.0,"(P) Planned for installation, but regulatory approvals not initiated",35.283762,-101.569
Addition,67738,Fermi America,69799.0,Project Matador Gas Plant (PMG),TX,Carson,ERCO,IPP Non-CHP,EG021,57.0,57.0,57.0,Natural Gas Fired Combined Cycle,Natural gas,NG,CT,12.0,2030.0,"(P) Planned for installation, but regulatory approvals not initiated",35.283762,-101.569
Addition,67738,Fermi America,69799.0,Project Matador Gas Plant (PMG),TX,Carson,ERCO,IPP Non-CHP,EG022,57.0,57.0,57.0,Natural Gas Fired Combined Cycle,Natural gas,NG,CT,12.0,2030.0,"(P) Planned for installation, but regulatory approvals not initiated",35.283762,-101.569
Addition,67738,Fermi America,69799.0,Project Matador Gas Plant (PMG),TX,Carson,ERCO,IPP Non-CHP,EG023,57.0,57.0,57.0,Natural Gas Fired Combined Cycle,Natural gas,NG,CT,12.0,2030.0,"(P) Planned for installation, but regulatory approvals not initiated",35.283762,-101.569
Addition,67738,Fermi America,69799.0,Project Matador Gas Plant (PMG),TX,Carson,ERCO,IPP Non-CHP,EG024,57.0,57.0,57.0,Natural Gas Fired Combined Cycle,Natural gas,NG,CT,12.0,2030.0,"(P) Planned for installation, but regulatory approvals not initiated",35.283762,-101.569
Addition,67738,Fermi America,69799.0,Project Matador Gas Plant (PMG),TX,Carson,ERCO,IPP Non-CHP,EG025,57.0,57.0,57.0,Natural Gas Fired Combined Cycle,Natural gas,NG,CT,12.0,2030.0,"(P) Planned for installation, but regulatory approvals not initiated",35.283762,-101.569
Addition,67738,Fermi America,69799.0,Project Matador Gas Plant (PMG),TX,Carson,ERCO,IPP Non-CHP,EG026,57.0,57.0,57.0,Natural Gas Fired Combined Cycle,Natural gas,NG,CT,12.0,2030.0,"(P) Planned for installation, but regulatory approvals not initiated",35.283762,-101.569
Addition,67738,Fermi America,69799.0,Project Matador Gas Plant (PMG),TX,Carson,ERCO,IPP Non-CHP,EG027,57.0,57.0,57.0,Natural Gas Fired Combined Cycle,Natural gas,NG,CT,12.0,2030.0,"(P) Planned for installation, but regulatory approvals not initiated",35.283762,-101.569
Addition,67738,Fermi America,69799.0,Project Matador Gas Plant (PMG),TX,Carson,ERCO,IPP Non-CHP,EG028,57.0,57.0,57.0,Natural Gas Fired Combined Cycle,Natural gas,NG,CT,12.0,2030.0,"(P) Planned for installation, but regulatory approvals not initiated",35.283762,-101.569
Addition,67738,Fermi America,69799.0,Project Matador Gas Plant (PMG),TX,Carson,ERCO,IPP Non-CHP,EG029,57.0,57.0,57.0,Natural Gas Fired Combined Cycle,Natural gas,NG,CT,12.0,2030.0,"(P) Planned for installation, but regulatory approvals not initiated",35.283762,-101.569
Addition,67738,Fermi America,69799.0,Project Matador Gas Plant (PMG),TX,Carson,ERCO,IPP Non-CHP,EG030,57.0,57.0,57.0,Natural Gas Fired Combined Cycle,Natural gas,NG,CT,12.0,2030.0,"(P) Planned for installation, but regulatory approvals not initiated",35.283762,-101.569
Addition,67738,Fermi America,69799.0,Project Matador Gas Plant (PMG),TX,Carson,ERCO,IPP Non-CHP,EG031,57.0,57.0,57.0,Natural Gas Fired Combined Cycle,Natural gas,NG,CT,12.0,2030.0,"(P) Planned for installation, but regulatory approvals not initiated",35.283762,-101.569
Addition,67738,Fermi America,69799.0,Project Matador Gas Plant (PMG),TX,Carson,ERCO,IPP Non-CHP,EG032,57.0,57.0,57.0,Natural Gas Fired Combined Cycle,Natural gas,NG,CT,12.0,2030.0,"(P) Planned for installation, but regulatory approvals not initiated",35.283762,-101.569
Addition,67738,Fermi America,69799.0,Project Matador Gas Plant (PMG),TX,Carson,ERCO,IPP Non-CHP,EG033,57.0,57.0,57.0,Natural Gas Fired Combined Cycle,Natural gas,NG,CT,12.0,2030.0,"(P) Planned for installation, but regulatory approvals not initiated",35.283762,-101.569
Addition,67738,Fermi America,69799.0,Project Matador Gas Plant (PMG),TX,Carson,ERCO,IPP Non-CHP,EG034,57.0,57.0,57.0,Natural Gas Fired Combined Cycle,Natural gas,NG,CT,12.0,2030.0,"(P) Planned for installation, but regulatory approvals not initiated",35.283762,-101.569
Addition,67738,Fermi America,69799.0,Project Matador Gas Plant (PMG),TX,Carson,ERCO,IPP Non-CHP,EG035,57.0,57.0,57.0,Natural Gas Fired Combined Cycle,Natural gas,NG,CT,12.0,2030.0,"(P) Planned for installation, but regulatory approvals not initiated",35.283762,-101.569
Addition,67738,Fermi America,69799.0,Project Matador Gas Plant (PMG),TX,Carson,ERCO,IPP Non-CHP,EG036,57.0,57.0,57.0,Natural Gas Fired Combined Cycle,Natural gas,NG,CT,12.0,2030.0,"(P) Planned for installation, but regulatory approvals not initiated",35.283762,-101.569
Addition,67738,Fermi America,69799.0,Project Matador Gas Plant (PMG),TX,Carson,ERCO,IPP Non-CHP,EG037,57.0,57.0,57.0,Natural Gas Fired Combined Cycle,Natural gas,NG,CT,12.0,2030.0,"(P) Planned for installation, but regulatory approvals not initiated",35.283762,-101.569
Addition,67738,Fermi America,69799.0,Project Matador Gas Plant (PMG),TX,Carson,ERCO,IPP Non-CHP,EG038,57.0,57.0,57.0,Natural Gas Fired Combined Cycle,Natural gas,NG,CT,12.0,2030.0,"(P) Planned for installation, but regulatory approvals not initiated",35.283762,-101.569
Addition,67738,Fermi America,69799.0,Project Matador Gas Plant (PMG),TX,Carson,ERCO,IPP Non-CHP,EG039,57.0,57.0,57.0,Natural Gas Fired Combined Cycle,Natural gas,NG,CT,12.0,2030.0,"(P) Planned for installation, but regulatory approvals not initiated",35.283762,-101.569
Addition,67738,Fermi America,69799.0,Project Matador Gas Plant (PMG),TX,Carson,ERCO,IPP Non-CHP,EG040,57.0,57.0,57.0,Natural Gas Fired Combined Cycle,Natural gas,NG,CT,12.0,2030.0,"(P) Planned for installation, but regulatory approvals not initiated",35.283762,-101.569
Addition,67738,Fermi America,69799.0,Project Matador Gas Plant (PMG),TX,Carson,ERCO,IPP Non-CHP,EG041,57.0,57.0,57.0,Natural Gas Fired Combined Cycle,Natural gas,NG,CT,12.0,2030.0,"(P) Planned for installation, but regulatory approvals not initiated",35.283762,-101.569
Addition,67738,Fermi America,69799.0,Project Matador Gas Plant (PMG),TX,Carson,ERCO,IPP Non-CHP,EG042,57.0,57.0,57.0,Natural Gas Fired Combined Cycle,Natural gas,NG,CT,12.0,2030.0,"(P) Planned for installation, but regulatory approvals not initiated",35.283762,-101.569
Addition,67738,Fermi America,69799.0,Project Matador Gas Plant (PMG),TX,Carson,ERCO,IPP Non-CHP,EG043,57.0,57.0,57.0,Natural Gas Fired Combined Cycle,Natural gas,NG,CT,12.0,2030.0,"(P) Planned for installation, but regulatory approvals not initiated",35.283762,-101.569
Addition,67738,Fermi America,69799.0,Project Matador Gas Plant (PMG),TX,Carson,ERCO,IPP Non-CHP,EG044,57.0,57.0,57.0,Natural Gas Fired Combined Cycle,Natural gas,NG,CT,12.0,2030.0,"(P) Planned for installation, but regulatory approvals not initiated",35.283762,-101.569
Addition,67738,Fermi America,69799.0,Project Matador Gas Plant (PMG),TX,Carson,ERCO,IPP Non-CHP,EG045,57.0,57.0,57.0,Natural Gas Fired Combined Cycle,Natural gas,NG,CT,12.0,2030.0,"(P) Planned for installation, but regulatory approvals not initiated",35.283762,-101.569
Addition,67738,Fermi America,69799.0,Project Matador Gas Plant (PMG),TX,Carson,ERCO,IPP Non-CHP,EG046,57.0,57.0,57.0,Natural Gas Fired Combined Cycle,Natural gas,NG,CT,12.0,2030.0,"(P) Planned for installation, but regulatory approvals not initiated",35.283762,-101.569
Addition,67738,Fermi America,69799.0,Project Matador Gas Plant (PMG),TX,Carson,ERCO,IPP Non-CHP,EG047,57.0,57.0,57.0,Natural Gas Fired Combined Cycle,Natural gas,NG,CT,12.0,2030.0,"(P) Planned for installation, but regulatory approvals not initiated",35.283762,-101.569
Addition,67738,Fermi America,69799.0,Project Matador Gas Plant (PMG),TX,Carson,ERCO,IPP Non-CHP,EG048,57.0,57.0,57.0,Natural Gas Fired Combined Cycle,Natural gas,NG,CT,12.0,2030.0,"(P) Planned for installation, but regulatory approvals not initiated",35.283762,-101.569
Addition,67738,Fermi America,69799.0,Project Matador Gas Plant (PMG),TX,Carson,ERCO,IPP Non-CHP,ES001,105.0,105.0,105.0,Natural Gas Fired Combined Cycle,Natural gas,NG,CA,12.0,2030.0,"(P) Planned for installation, but regulatory approvals not initiated",35.283762,-101.569
Addition,67738,Fermi America,69799.0,Project Matador Gas Plant (PMG),TX,Carson,ERCO,IPP Non-CHP,ES002,105.0,105.0,105.0,Natural Gas Fired Combined Cycle,Natural gas,NG,CA,12.0,2030.0,"(P) Planned for installation, but regulatory approvals not initiated",35.283762,-101.569
Addition,67738,Fermi America,69799.0,Project Matador Gas Plant (PMG),TX,Carson,ERCO,IPP Non-CHP,ES003,105.0,105.0,105.0,Natural Gas Fired Combined Cycle,Natural gas,NG,CA,12.0,2030.0,"(P) Planned for installation, but regulatory approvals not initiated",35.283762,-101.569
Addition,67738,Fermi America,69799.0,Project Matador Gas Plant (PMG),TX,Carson,ERCO,IPP Non-CHP,ES004,105.0,105.0,105.0,Natural Gas Fired Combined Cycle,Natural gas,NG,CA,12.0,2030.0,"(P) Planned for installation, but regulatory approvals not initiated",35.283762,-101.569
Addition,67738,Fermi America,69799.0,Project Matador Gas Plant (PMG),TX,Carson,ERCO,IPP Non-CHP,ES005,105.0,105.0,105.0,Natural Gas Fired Combined Cycle,Natural gas,NG,CA,12.0,2030.0,"(P) Planned for installation, but regulatory approvals not initiated",35.283762,-101.569
Addition,67738,Fermi America,69799.0,Project Matador Gas Plant (PMG),TX,Carson,ERCO,IPP Non-CHP,ES006,105.0,105.0,105.0,Natural Gas Fired Combined Cycle,Natural gas,NG,CA,12.0,2030.0,"(P) Planned for installation, but regulatory approvals not initiated",35.283762,-101.569
Addition,67738,Fermi America,69799.0,Project Matador Gas Plant (PMG),TX,Carson,ERCO,IPP Non-CHP,ES007,105.0,105.0,105.0,Natural Gas Fired Combined Cycle,Natural gas,NG,CA,12.0,2030.0,"(P) Planned for installation, but regulatory approvals not initiated",35.283762,-101.569
Addition,67738,Fermi America,69799.0,Project Matador Gas Plant (PMG),TX,Carson,ERCO,IPP Non-CHP,ES008,105.0,105.0,105.0,Natural Gas Fired Combined Cycle,Natural gas,NG,CA,12.0,2030.0,"(P) Planned for installation, but regulatory approvals not initiated",35.283762,-101.569
Addition,67738,Fermi America,69799.0,Project Matador Gas Plant (PMG),TX,Carson,ERCO,IPP Non-CHP,ES009,105.0,105.0,105.0,Natural Gas Fired Combined Cycle,Natural gas,NG,CA,12.0,2030.0,"(P) Planned for installation, but regulatory approvals not initiated",35.283762,-101.569
Addition,67738,Fermi America,69799.0,Project Matador Gas Plant (PMG),TX,Carson,ERCO,IPP Non-CHP,ES010,105.0,105.0,105.0,Natural Gas Fired Combined Cycle,Natural gas,NG,CA,12.0,2030.0,"(P) Planned for installation, but regulatory approvals not initiated",35.283762,-101.569
Addition,67738,Fermi America,69799.0,Project Matador Gas Plant (PMG),TX,Carson,ERCO,IPP Non-CHP,ES011,105.0,105.0,105.0,Natural Gas Fired Combined Cycle,Natural gas,NG,CA,12.0,2030.0,"(P) Planned for installation, but regulatory approvals not initiated",35.283762,-101.569
Addition,67738,Fermi America,69799.0,Project Matador Gas Plant (PMG),TX,Carson,ERCO,IPP Non-CHP,ES012,105.0,105.0,105.0,Natural Gas Fired Combined Cycle,Natural gas,NG,CA,12.0,2030.0,"(P) Planned for installation, but regulatory approvals not initiated",35.283762,-101.569
Addition,67738,Fermi America,69799.0,Project Matador Gas Plant (PMG),TX,Carson,ERCO,IPP Non-CHP,ES013,105.0,105.0,105.0,Natural Gas Fired Combined Cycle,Natural gas,NG,CA,12.0,2030.0,"(P) Planned for installation, but regulatory approvals not initiated",35.283762,-101.569
Addition,67738,Fermi America,69799.0,Project Matador Gas Plant (PMG),TX,Carson,ERCO,IPP Non-CHP,ES014,105.0,105.0,105.0,Natural Gas Fired Combined Cycle,Natural gas,NG,CA,12.0,2030.0,"(P) Planned for installation, but regulatory approvals not initiated",35.283762,-101.569
Addition,67738,Fermi America,69799.0,Project Matador Gas Plant (PMG),TX,Carson,ERCO,IPP Non-CHP,ES015,105.0,105.0,105.0,Natural Gas Fired Combined Cycle,Natural gas,NG,CA,12.0,2030.0,"(P) Planned for installation, but regulatory approvals not initiated",35.283762,-101.569
Addition,67738,Fermi America,69799.0,Project Matador Gas Plant (PMG),TX,Carson,ERCO,IPP Non-CHP,ES016,105.0,105.0,105.0,Natural Gas Fired Combined Cycle,Natural gas,NG,CA,12.0,2030.0,"(P) Planned for installation, but regulatory approvals not initiated",35.283762,-101.569
Addition,67738,Fermi America,69799.0,Project Matador Gas Plant (PMG),TX,Carson,ERCO,IPP Non-CHP,MG001,57.0,57.0,57.0,Natural Gas Fired Combined Cycle,Natural gas,NG,CT,12.0,2030.0,"(P) Planned for installation, but regulatory approvals not initiated",35.283762,-101.569
Addition,67738,Fermi America,69799.0,Project Matador Gas Plant (PMG),TX,Carson,ERCO,IPP Non-CHP,MG002,57.0,57.0,57.0,Natural Gas Fired Combined Cycle,Natural gas,NG,CT,12.0,2030.0,"(P) Planned for installation, but regulatory approvals not initiated",35.283762,-101.569
Addition,67738,Fermi America,69799.0,Project Matador Gas Plant (PMG),TX,Carson,ERCO,IPP Non-CHP,MG003,57.0,57.0,57.0,Natural Gas Fired Combined Cycle,Natural gas,NG,CT,12.0,2030.0,"(P) Planned for installation, but regulatory approvals not initiated",35.283762,-101.569
Addition,67738,Fermi America,69799.0,Project Matador Gas Plant (PMG),TX,Carson,ERCO,IPP Non-CHP,MG004,57.0,57.0,57.0,Natural Gas Fired Combined Cycle,Natural gas,NG,CT,12.0,2030.0,"(P) Planned for installation, but regulatory approvals not initiated",35.283762,-101.569
Addition,67738,Fermi America,69799.0,Project Matador Gas Plant (PMG),TX,Carson,ERCO,IPP Non-CHP,MG005,57.0,57.0,57.0,Natural Gas Fired Combined Cycle,Natural gas,NG,CT,12.0,2030.0,"(P) Planned for installation, but regulatory approvals not initiated",35.283762,-101.569
Addition,67738,Fermi America,69799.0,Project Matador Gas Plant (PMG),TX,Carson,ERCO,IPP Non-CHP,MG006,57.0,57.0,57.0,Natural Gas Fired Combined Cycle,Natural gas,NG,CT,12.0,2030.0,"(P) Planned for installation, but regulatory approvals not initiated",35.283762,-101.569
Addition,67738,Fermi America,69799.0,Project Matador Gas Plant (PMG),TX,Carson,ERCO,IPP Non-CHP,MG007,57.0,57.0,57.0,Natural Gas Fired Combined Cycle,Natural gas,NG,CT,12.0,2030.0,"(P) Planned for installation, but regulatory approvals not initiated",35.283762,-101.569
Addition,67738,Fermi America,69799.0,Project Matador Gas Plant (PMG),TX,Carson,ERCO,IPP Non-CHP,MG008,57.0,57.0,57.0,Natural Gas Fired Combined Cycle,Natural gas,NG,CT,12.0,2030.0,"(P) Planned for installation, but regulatory approvals not initiated",35.283762,-101.569
Addition,67738,Fermi America,69799.0,Project Matador Gas Plant (PMG),TX,Carson,ERCO,IPP Non-CHP,MG009,57.0,57.0,57.0,Natural Gas Fired Combined Cycle,Natural gas,NG,CT,12.0,2030.0,"(P) Planned for installation, but regulatory approvals not initiated",35.283762,-101.569
Addition,67738,Fermi America,69799.0,Project Matador Gas Plant (PMG),TX,Carson,ERCO,IPP Non-CHP,MG010,57.0,57.0,57.0,Natural Gas Fired Combined Cycle,Natural gas,NG,CT,12.0,2030.0,"(P) Planned for installation, but regulatory approvals not initiated",35.283762,-101.569
Addition,67738,Fermi America,69799.0,Project Matador Gas Plant (PMG),TX,Carson,ERCO,IPP Non-CHP,MG011,57.0,57.0,57.0,Natural Gas Fired Combined Cycle,Natural gas,NG,CT,12.0,2030.0,"(P) Planned for installation, but regulatory approvals not initiated",35.283762,-101.569
Addition,67738,Fermi America,69799.0,Project Matador Gas Plant (PMG),TX,Carson,ERCO,IPP Non-CHP,MG012,57.0,57.0,57.0,Natural Gas Fired Combined Cycle,Natural gas,NG,CT,12.0,2030.0,"(P) Planned for installation, but regulatory approvals not initiated",35.283762,-101.569
Addition,67738,Fermi America,69799.0,Project Matador Gas Plant (PMG),TX,Carson,ERCO,IPP Non-CHP,MG013,57.0,57.0,57.0,Natural Gas Fired Combined Cycle,Natural gas,NG,CT,12.0,2030.0,"(P) Planned for installation, but regulatory approvals not initiated",35.283762,-101.569
Addition,67738,Fermi America,69799.0,Project Matador Gas Plant (PMG),TX,Carson,ERCO,IPP Non-CHP,MG014,57.0,57.0,57.0,Natural Gas Fired Combined Cycle,Natural gas,NG,CT,12.0,2030.0,"(P) Planned for installation, but regulatory approvals not initiated",35.283762,-101.569
Addition,67738,Fermi America,69799.0,Project Matador Gas Plant (PMG),TX,Carson,ERCO,IPP Non-CHP,MG015,57.0,57.0,57.0,Natural Gas Fired Combined Cycle,Natural gas,NG,CT,12.0,2030.0,"(P) Planned for installation, but regulatory approvals not initiated",35.283762,-101.569
Addition,67738,Fermi America,69799.0,Project Matador Gas Plant (PMG),TX,Carson,ERCO,IPP Non-CHP,MG016,57.0,57.0,57.0,Natural Gas Fired Combined Cycle,Natural gas,NG,CT,12.0,2030.0,"(P) Planned for installation, but regulatory approvals not initiated",35.283762,-101.569
Addition,67738,Fermi America,69799.0,Project Matador Gas Plant (PMG),TX,Carson,ERCO,IPP Non-CHP,MG017,57.0,57.0,57.0,Natural Gas Fired Combined Cycle,Natural gas,NG,CT,12.0,2030.0,"(P) Planned for installation, but regulatory approvals not initiated",35.283762,-101.569
Addition,67738,Fermi America,69799.0,Project Matador Gas Plant (PMG),TX,Carson,ERCO,IPP Non-CHP,MG018,57.0,57.0,57.0,Natural Gas Fired Combined Cycle,Natural gas,NG,CT,12.0,2030.0,"(P) Planned for installation, but regulatory approvals not initiated",35.283762,-101.569
Addition,67738,Fermi America,69799.0,Project Matador Gas Plant (PMG),TX,Carson,ERCO,IPP Non-CHP,MG019,57.0,57.0,57.0,Natural Gas Fired Combined Cycle,Natural gas,NG,CT,12.0,2030.0,"(P) Planned for installation, but regulatory approvals not initiated",35.283762,-101.569
Addition,67738,Fermi America,69799.0,Project Matador Gas Plant (PMG),TX,Carson,ERCO,IPP Non-CHP,MG020,57.0,57.0,57.0,Natural Gas Fired Combined Cycle,Natural gas,NG,CT,12.0,2030.0,"(P) Planned for installation, but regulatory approvals not initiated",35.283762,-101.569
Addition,67738,Fermi America,69799.0,Project Matador Gas Plant (PMG),TX,Carson,ERCO,IPP Non-CHP,MG021,57.0,57.0,57.0,Natural Gas Fired Combined Cycle,Natural gas,NG,CT,12.0,2030.0,"(P) Planned for installation, but regulatory approvals not initiated",35.283762,-101.569
Addition,67738,Fermi America,69799.0,Project Matador Gas Plant (PMG),TX,Carson,ERCO,IPP Non-CHP,MG022,57.0,57.0,57.0,Natural Gas Fired Combined Cycle,Natural gas,NG,CT,12.0,2030.0,"(P) Planned for installation, but regulatory approvals not initiated",35.283762,-101.569
Addition,67738,Fermi America,69799.0,Project Matador Gas Plant (PMG),TX,Carson,ERCO,IPP Non-CHP,MG023,57.0,57.0,57.0,Natural Gas Fired Combined Cycle,Natural gas,NG,CT,12.0,2030.0,"(P) Planned for installation, but regulatory approvals not initiated",35.283762,-101.569
Addition,67738,Fermi America,69799.0,Project Matador Gas Plant (PMG),TX,Carson,ERCO,IPP Non-CHP,MG024,57.0,57.0,57.0,Natural Gas Fired Combined Cycle,Natural gas,NG,CT,12.0,2030.0,"(P) Planned for installation, but regulatory approvals not initiated",35.283762,-101.569
Addition,67738,Fermi America,69799.0,Project Matador Gas Plant (PMG),TX,Carson,ERCO,IPP Non-CHP,MG025,57.0,57.0,57.0,Natural Gas Fired Combined Cycle,Natural gas,NG,CT,12.0,2030.0,"(P) Planned for installation, but regulatory approvals not initiated",35.283762,-101.569
Addition,67738,Fermi America,69799.0,Project Matador Gas Plant (PMG),TX,Carson,ERCO,IPP Non-CHP,MG026,57.0,57.0,57.0,Natural Gas Fired Combined Cycle,Natural gas,NG,CT,12.0,2030.0,"(P) Planned for installation, but regulatory approvals not initiated",35.283762,-101.569
Addition,67738,Fermi America,69799.0,Project Matador Gas Plant (PMG),TX,Carson,ERCO,IPP Non-CHP,MG027,57.0,57.0,57.0,Natural Gas Fired Combined Cycle,Natural gas,NG,CT,12.0,2030.0,"(P) Planned for installation, but regulatory approvals not initiated",35.283762,-101.569
Addition,67738,Fermi America,69799.0,Project Matador Gas Plant (PMG),TX,Carson,ERCO,IPP Non-CHP,MG028,57.0,57.0,57.0,Natural Gas Fired Combined Cycle,Natural gas,NG,CT,12.0,2030.0,"(P) Planned for installation, but regulatory approvals not initiated",35.283762,-101.569
Addition,67738,Fermi America,69799.0,Project Matador Gas Plant (PMG),TX,Carson,ERCO,IPP Non-CHP,MG029,57.0,57.0,57.0,Natural Gas Fired Combined Cycle,Natural gas,NG,CT,12.0,2030.0,"(P) Planned for installation, but regulatory approvals not initiated",35.283762,-101.569
Addition,67738,Fermi America,69799.0,Project Matador Gas Plant (PMG),TX,Carson,ERCO,IPP Non-CHP,MG030,57.0,57.0,57.0,Natural Gas Fired Combined Cycle,Natural gas,NG,CT,12.0,2030.0,"(P) Planned for installation, but regulatory approvals not initiated",35.283762,-101.569
Addition,67738,Fermi America,69799.0,Project Matador Gas Plant (PMG),TX,Carson,ERCO,IPP Non-CHP,MG031,57.0,57.0,57.0,Natural Gas Fired Combined Cycle,Natural gas,NG,CT,12.0,2030.0,"(P) Planned for installation, but regulatory approvals not initiated",35.283762,-101.569
Addition,67738,Fermi America,69799.0,Project Matador Gas Plant (PMG),TX,Carson,ERCO,IPP Non-CHP,MG032,57.0,57.0,57.0,Natural Gas Fired Combined Cycle,Natural gas,NG,CT,12.0,2030.0,"(P) Planned for installation, but regulatory approvals not initiated",35.283762,-101.569
Addition,67738,Fermi America,69799.0,Project Matador Gas Plant (PMG),TX,Carson,ERCO,IPP Non-CHP,MG033,57.0,57.0,57.0,Natural Gas Fired Combined Cycle,Natural gas,NG,CT,12.0,2030.0,"(P) Planned for installation, but regulatory approvals not initiated",35.283762,-101.569
Addition,67738,Fermi America,69799.0,Project Matador Gas Plant (PMG),TX,Carson,ERCO,IPP Non-CHP,MG034,57.0,57.0,57.0,Natural Gas Fired Combined Cycle,Natural gas,NG,CT,12.0,2030.0,"(P) Planned for installation, but regulatory approvals not initiated",35.283762,-101.569
Addition,67738,Fermi America,69799.0,Project Matador Gas Plant (PMG),TX,Carson,ERCO,IPP Non-CHP,MG035,57.0,57.0,57.0,Natural Gas Fired Combined Cycle,Natural gas,NG,CT,12.0,2030.0,"(P) Planned for installation, but regulatory approvals not initiated",35.283762,-101.569
Addition,67738,Fermi America,69799.0,Project Matador Gas Plant (PMG),TX,Carson,ERCO,IPP Non-CHP,MG036,57.0,57.0,57.0,Natural Gas Fired Combined Cycle,Natural gas,NG,CT,12.0,2030.0,"(P) Planned for installation, but regulatory approvals not initiated",35.283762,-101.569
Addition,67738,Fermi America,69799.0,Project Matador Gas Plant (PMG),TX,Carson,ERCO,IPP Non-CHP,MG037,57.0,57.0,57.0,Natural Gas Fired Combined Cycle,Natural gas,NG,CT,12.0,2030.0,"(P) Planned for installation, but regulatory approvals not initiated",35.283762,-101.569
Addition,67738,Fermi America,69799.0,Project Matador Gas Plant (PMG),TX,Carson,ERCO,IPP Non-CHP,MG038,57.0,57.0,57.0,Natural Gas Fired Combined Cycle,Natural gas,NG,CT,12.0,2030.0,"(P) Planned for installation, but regulatory approvals not initiated",35.283762,-101.569
Addition,67738,Fermi America,69799.0,Project Matador Gas Plant (PMG),TX,Carson,ERCO,IPP Non-CHP,MG039,57.0,57.0,57.0,Natural Gas Fired Combined Cycle,Natural gas,NG,CT,12.0,2030.0,"(P) Planned for installation, but regulatory approvals not initiated",35.283762,-101.569
Addition,67738,Fermi America,69799.0,Project Matador Gas Plant (PMG),TX,Carson,ERCO,IPP Non-CHP,MG040,57.0,57.0,57.0,Natural Gas Fired Combined Cycle,Natural gas,NG,CT,12.0,2030.0,"(P) Planned for installation, but regulatory approvals not initiated",35.283762,-101.569
Addition,67738,Fermi America,69799.0,Project Matador Gas Plant (PMG),TX,Carson,ERCO,IPP Non-CHP,MG041,57.0,57.0,57.0,Natural Gas Fired Combined Cycle,Natural gas,NG,CT,12.0,2030.0,"(P) Planned for installation, but regulatory approvals not initiated",35.283762,-101.569
Addition,67738,Fermi America,69799.0,Project Matador Gas Plant (PMG),TX,Carson,ERCO,IPP Non-CHP,MG042,57.0,57.0,57.0,Natural Gas Fired Combined Cycle,Natural gas,NG,CT,12.0,2030.0,"(P) Planned for installation, but regulatory approvals not initiated",35.283762,-101.569
Addition,67738,Fermi America,69799.0,Project Matador Gas Plant (PMG),TX,Carson,ERCO,IPP Non-CHP,MG043,57.0,57.0,57.0,Natural Gas Fired Combined Cycle,Natural gas,NG,CT,12.0,2030.0,"(P) Planned for installation, but regulatory approvals not initiated",35.283762,-101.569
Addition,67738,Fermi America,69799.0,Project Matador Gas Plant (PMG),TX,Carson,ERCO,IPP Non-CHP,MG044,57.0,57.0,57.0,Natural Gas Fired Combined Cycle,Natural gas,NG,CT,12.0,2030.0,"(P) Planned for installation, but regulatory approvals not initiated",35.283762,-101.569
Addition,67738,Fermi America,69799.0,Project Matador Gas Plant (PMG),TX,Carson,ERCO,IPP Non-CHP,MG045,57.0,57.0,57.0,Natural Gas Fired Combined Cycle,Natural gas,NG,CT,12.0,2030.0,"(P) Planned for installation, but regulatory approvals not initiated",35.283762,-101.569
Addition,67738,Fermi America,69799.0,Project Matador Gas Plant (PMG),TX,Carson,ERCO,IPP Non-CHP,MG046,57.0,57.0,57.0,Natural Gas Fired Combined Cycle,Natural gas,NG,CT,12.0,2030.0,"(P) Planned for installation, but regulatory approvals not initiated",35.283762,-101.569
Addition,67738,Fermi America,69799.0,Project Matador Gas Plant (PMG),TX,Carson,ERCO,IPP Non-CHP,MG047,57.0,57.0,57.0,Natural Gas Fired Combined Cycle,Natural gas,NG,CT,12.0,2030.0,"(P) Planned for installation, but regulatory approvals not initiated",35.283762,-101.569
Addition,67738,Fermi America,69799.0,Project Matador Gas Plant (PMG),TX,Carson,ERCO,IPP Non-CHP,MG048,57.0,57.0,57.0,Natural Gas Fired Combined Cycle,Natural gas,NG,CT,12.0,2030.0,"(P) Planned for installation, but regulatory approvals not initiated",35.283762,-101.569
Addition,67738,Fermi America,69799.0,Project Matador Gas Plant (PMG),TX,Carson,ERCO,IPP Non-CHP,MS001,105.0,105.0,105.0,Natural Gas Fired Combined Cycle,Natural gas,NG,CA,12.0,2030.0,"(P) Planned for installation, but regulatory approvals not initiated",35.283762,-101.569
Addition,67738,Fermi America,69799.0,Project Matador Gas Plant (PMG),TX,Carson,ERCO,IPP Non-CHP,MS002,105.0,105.0,105.0,Natural Gas Fired Combined Cycle,Natural gas,NG,CA,12.0,2030.0,"(P) Planned for installation, but regulatory approvals not initiated",35.283762,-101.569
Addition,67738,Fermi America,69799.0,Project Matador Gas Plant (PMG),TX,Carson,ERCO,IPP Non-CHP,MS003,105.0,105.0,105.0,Natural Gas Fired Combined Cycle,Natural gas,NG,CA,12.0,2030.0,"(P) Planned for installation, but regulatory approvals not initiated",35.283762,-101.569
Addition,67738,Fermi America,69799.0,Project Matador Gas Plant (PMG),TX,Carson,ERCO,IPP Non-CHP,MS004,105.0,105.0,105.0,Natural Gas Fired Combined Cycle,Natural gas,NG,CA,12.0,2030.0,"(P) Planned for installation, but regulatory approvals not initiated",35.283762,-101.569
Addition,67738,Fermi America,69799.0,Project Matador Gas Plant (PMG),TX,Carson,ERCO,IPP Non-CHP,MS005,105.0,105.0,105.0,Natural Gas Fired Combined Cycle,Natural gas,NG,CA,12.0,2030.0,"(P) Planned for installation, but regulatory approvals not initiated",35.283762,-101.569
Addition,67738,Fermi America,69799.0,Project Matador Gas Plant (PMG),TX,Carson,ERCO,IPP Non-CHP,MS006,105.0,105.0,105.0,Natural Gas Fired Combined Cycle,Natural gas,NG,CA,12.0,2030.0,"(P) Planned for installation, but regulatory approvals not initiated",35.283762,-101.569
Addition,67738,Fermi America,69799.0,Project Matador Gas Plant (PMG),TX,Carson,ERCO,IPP Non-CHP,MS007,105.0,105.0,105.0,Natural Gas Fired Combined Cycle,Natural gas,NG,CA,12.0,2030.0,"(P) Planned for installation, but regulatory approvals not initiated",35.283762,-101.569
Addition,67738,Fermi America,69799.0,Project Matador Gas Plant (PMG),TX,Carson,ERCO,IPP Non-CHP,MS008,105.0,105.0,105.0,Natural Gas Fired Combined Cycle,Natural gas,NG,CA,12.0,2030.0,"(P) Planned for installation, but regulatory approvals not initiated",35.283762,-101.569
Addition,67738,Fermi America,69799.0,Project Matador Gas Plant (PMG),TX,Carson,ERCO,IPP Non-CHP,MS009,105.0,105.0,105.0,Natural Gas Fired Combined Cycle,Natural gas,NG,CA,12.0,2030.0,"(P) Planned for installation, but regulatory approvals not initiated",35.283762,-101.569
Addition,67738,Fermi America,69799.0,Project Matador Gas Plant (PMG),TX,Carson,ERCO,IPP Non-CHP,MS010,105.0,105.0,105.0,Natural Gas Fired Combined Cycle,Natural gas,NG,CA,12.0,2030.0,"(P) Planned for installation, but regulatory approvals not initiated",35.283762,-101.569
Addition,67738,Fermi America,69799.0,Project Matador Gas Plant (PMG),TX,Carson,ERCO,IPP Non-CHP,MS011,105.0,105.0,105.0,Natural Gas Fired Combined Cycle,Natural gas,NG,CA,12.0,2030.0,"(P) Planned for installation, but regulatory approvals not initiated",35.283762,-101.569
Addition,67738,Fermi America,69799.0,Project Matador Gas Plant (PMG),TX,Carson,ERCO,IPP Non-CHP,MS012,105.0,105.0,105.0,Natural Gas Fired Combined Cycle,Natural gas,NG,CA,12.0,2030.0,"(P) Planned for installation, but regulatory approvals not initiated",35.283762,-101.569
Addition,67738,Fermi America,69799.0,Project Matador Gas Plant (PMG),TX,Carson,ERCO,IPP Non-CHP,MS013,105.0,105.0,105.0,Natural Gas Fired Combined Cycle,Natural gas,NG,CA,12.0,2030.0,"(P) Planned for installation, but regulatory approvals not initiated",35.283762,-101.569
Addition,67738,Fermi America,69799.0,Project Matador Gas Plant (PMG),TX,Carson,ERCO,IPP Non-CHP,MS014,105.0,105.0,105.0,Natural Gas Fired Combined Cycle,Natural gas,NG,CA,12.0,2030.0,"(P) Planned for installation, but regulatory approvals not initiated",35.283762,-101.569
Addition,67738,Fermi America,69799.0,Project Matador Gas Plant (PMG),TX,Carson,ERCO,IPP Non-CHP,MS015,105.0,105.0,105.0,Natural Gas Fired Combined Cycle,Natural gas,NG,CA,12.0,2030.0,"(P) Planned for installation, but regulatory approvals not initiated",35.283762,-101.569
Addition,67738,Fermi America,69799.0,Project Matador Gas Plant (PMG),TX,Carson,ERCO,IPP Non-CHP,MS016,105.0,105.0,105.0,Natural Gas Fired Combined Cycle,Natural gas,NG,CA,12.0,2030.0,"(P) Planned for installation, but regulatory approvals not initiated",35.283762,-101.569
Addition,67900,Morel Energy Storage LLC,70136.0,Morel Energy Storage,CO,Moffat,SWPP,IPP Non-CHP,MORL1,200.0,200.0,200.0,Batteries,Battery storage,MWH,BA,12.0,2030.0,(T) Regulatory approvals received. Not under construction,40.469217,-107.6032
Addition,67606,"Allegheny Hydro Group Lock and Dam 4, Inc",69694.0,Allegheny Lock and Dam 4,PA,Allegheny,PJM,IPP Non-CHP,AL4-1,0.8,0.8,0.8,Conventional Hydroelectric,Hydro,WAT,HY,2.0,2031.0,(L) Regulatory approvals pending. Not under construction,40.613718,-79.71829
Addition,67606,"Allegheny Hydro Group Lock and Dam 4, Inc",69694.0,Allegheny Lock and Dam 4,PA,Allegheny,PJM,IPP Non-CHP,AL4-2,0.8,0.8,0.8,Conventional Hydroelectric,Hydro,WAT,HY,2.0,2031.0,(L) Regulatory approvals pending. Not under construction,40.613718,-79.71829
Addition,67606,"Allegheny Hydro Group Lock and Dam 4, Inc",69694.0,Allegheny Lock and Dam 4,PA,Allegheny,PJM,IPP Non-CHP,AL4-3,0.8,0.8,0.8,Conventional Hydroelectric,Hydro,WAT,HY,2.0,2031.0,(L) Regulatory approvals pending. Not under construction,40.613718,-79.71829
Addition,67606,"Allegheny Hydro Group Lock and Dam 4, Inc",69694.0,Allegheny Lock and Dam 4,PA,Allegheny,PJM,IPP Non-CHP,AL4-4,0.8,0.8,0.8,Conventional Hydroelectric,Hydro,WAT,HY,2.0,2031.0,(L) Regulatory approvals pending. Not under construction,40.613718,-79.71829
Addition,67606,"Allegheny Hydro Group Lock and Dam 4, Inc",69694.0,Allegheny Lock and Dam 4,PA,Allegheny,PJM,IPP Non-CHP,AL4-5,0.8,0.8,0.8,Conventional Hydroelectric,Hydro,WAT,HY,2.0,2031.0,(L) Regulatory approvals pending. Not under construction,40.613718,-79.71829
Addition,67606,"Allegheny Hydro Group Lock and Dam 4, Inc",69694.0,Allegheny Lock and Dam 4,PA,Allegheny,PJM,IPP Non-CHP,AL4-6,0.8,0.8,0.8,Conventional Hydroelectric,Hydro,WAT,HY,2.0,2031.0,(L) Regulatory approvals pending. Not under construction,40.613718,-79.71829
Addition,67606,"Allegheny Hydro Group Lock and Dam 4, Inc",69694.0,Allegheny Lock and Dam 4,PA,Allegheny,PJM,IPP Non-CHP,AL4-7,0.8,0.8,0.8,Conventional Hydroelectric,Hydro,WAT,HY,2.0,2031.0,(L) Regulatory approvals pending. Not under construction,40.613718,-79.71829
Addition,67606,"Allegheny Hydro Group Lock and Dam 4, Inc",69694.0,Allegheny Lock and Dam 4,PA,Allegheny,PJM,IPP Non-CHP,AL4-8,0.8,0.8,0.8,Conventional Hydroelectric,Hydro,WAT,HY,2.0,2031.0,(L) Regulatory approvals pending. Not under construction,40.613718,-79.71829
Addition,63289,Key Capture Energy,66879.0,"KCE CT 1, LLC",CT,Windham,ISNE,IPP Non-CHP,CT1,45.0,45.0,45.0,Batteries,Battery storage,MWH,BA,4.0,2031.0,"(P) Planned for installation, but regulatory approvals not initiated",41.882568,-71.89481
Addition,63289,Key Capture Energy,67839.0,"KCE NY 31, LLC",NY,Suffolk,NYIS,IPP Non-CHP,NY31,50.0,50.0,50.0,Batteries,Battery storage,MWH,BA,5.0,2031.0,"(P) Planned for installation, but regulatory approvals not initiated",40.9581,-72.86654
Addition,66737,"HOHI bn, LLC",68342.0,Hop Hill Solar Generation and BESS,WA,Benton,BPAT,IPP Non-CHP,HOHI,200.0,200.0,200.0,Onshore Wind Turbine,Wind,WND,WT,9.0,2031.0,(L) Regulatory approvals pending. Not under construction,46.324,-119.822
Addition,66737,"HOHI bn, LLC",68342.0,Hop Hill Solar Generation and BESS,WA,Benton,BPAT,IPP Non-CHP,HOHI1,500.0,500.0,500.0,Solar Photovoltaic,Solar,SUN,PV,9.0,2031.0,(L) Regulatory approvals pending. Not under construction,46.324,-119.822
Addition,66737,"HOHI bn, LLC",68342.0,Hop Hill Solar Generation and BESS,WA,Benton,BPAT,IPP Non-CHP,HOHI2,500.0,500.0,500.0,Batteries,Battery storage,MWH,BA,9.0,2031.0,(L) Regulatory approvals pending. Not under construction,46.324,-119.822
Addition,67580,Zeus BESS LLC,69654.0,Zeus BESS,CA,San Joaquin,CISO,IPP Non-CHP,ZEUB,213.6,200.0,200.0,Batteries,Battery storage,MWH,BA,9.0,2031.0,"(P) Planned for installation, but regulatory approvals not initiated",37.711754,-121.4884
Addition,63553,Haymaker Energy Project LLC,63878.0,Haymaker Hybrid,MT,Wheatland,NWMT,IPP Non-CHP,HAY,630.0,630.0,630.0,Onshore Wind Turbine,Wind,WND,WT,10.0,2031.0,"(P) Planned for installation, but regulatory approvals not initiated",46.357442,-110.3958
Addition,67608,"C.W. Bill Young Hydropower Group, Inc",69697.0,CW Bill Young Hydropower Project,PA,Allegheny,PJM,IPP Non-CHP,CW-1,1.2,1.2,1.2,Conventional Hydroelectric,Hydro,WAT,HY,10.0,2031.0,(L) Regulatory approvals pending. Not under construction,40.54028,-79.81556
Addition,67608,"C.W. Bill Young Hydropower Group, Inc",69697.0,CW Bill Young Hydropower Project,PA,Allegheny,PJM,IPP Non-CHP,CW-2,1.2,1.2,1.2,Conventional Hydroelectric,Hydro,WAT,HY,10.0,2031.0,(L) Regulatory approvals pending. Not under construction,40.54028,-79.81556
Addition,67608,"C.W. Bill Young Hydropower Group, Inc",69697.0,CW Bill Young Hydropower Project,PA,Allegheny,PJM,IPP Non-CHP,CW-3,1.2,1.2,1.2,Conventional Hydroelectric,Hydro,WAT,HY,10.0,2031.0,(L) Regulatory approvals pending. Not under construction,40.54028,-79.81556
Addition,67608,"C.W. Bill Young Hydropower Group, Inc",69697.0,CW Bill Young Hydropower Project,PA,Allegheny,PJM,IPP Non-CHP,CW-4,1.2,1.2,1.2,Conventional Hydroelectric,Hydro,WAT,HY,10.0,2031.0,(L) Regulatory approvals pending. Not under construction,40.54028,-79.81556
Addition,67608,"C.W. Bill Young Hydropower Group, Inc",69697.0,CW Bill Young Hydropower Project,PA,Allegheny,PJM,IPP Non-CHP,CW-5,1.2,1.2,1.2,Conventional Hydroelectric,Hydro,WAT,HY,10.0,2031.0,(L) Regulatory approvals pending. Not under construction,40.54028,-79.81556
Addition,67608,"C.W. Bill Young Hydropower Group, Inc",69697.0,CW Bill Young Hydropower Project,PA,Allegheny,PJM,IPP Non-CHP,CW-6,1.2,1.2,1.2,Conventional Hydroelectric,Hydro,WAT,HY,10.0,2031.0,(L) Regulatory approvals pending. Not under construction,40.54028,-79.81556
Addition,67608,"C.W. Bill Young Hydropower Group, Inc",69697.0,CW Bill Young Hydropower Project,PA,Allegheny,PJM,IPP Non-CHP,CW-7,1.2,1.2,1.2,Conventional Hydroelectric,Hydro,WAT,HY,10.0,2031.0,(L) Regulatory approvals pending. Not under construction,40.54028,-79.81556
Addition,11241,Entergy Louisiana LLC,69944.0,Pointe Coupee Power Station,LA,Pointe Coupee,MISO,Electric Utility,PC1A,469.3,435.4,469.3,Natural Gas Fired Combined Cycle,Natural gas,NG,CT,10.0,2031.0,"(P) Planned for installation, but regulatory approvals not initiated",30.739,-91.377
Addition,11241,Entergy Louisiana LLC,69944.0,Pointe Coupee Power Station,LA,Pointe Coupee,MISO,Electric Utility,PC1B,311.0,302.8,311.0,Natural Gas Fired Combined Cycle,Natural gas,NG,CA,10.0,2031.0,"(P) Planned for installation, but regulatory approvals not initiated",30.739,-91.377
Addition,67607,Maynard Hydroelectric LLC,69695.0,Colonel Charles D. Maynard Project,AR,Jefferson,MISO,IPP Non-CHP,CCM-1,8.6,8.6,8.6,Conventional Hydroelectric,Hydro,WAT,HY,11.0,2031.0,(L) Regulatory approvals pending. Not under construction,34.411873,-92.10319
Addition,67607,Maynard Hydroelectric LLC,69695.0,Colonel Charles D. Maynard Project,AR,Jefferson,MISO,IPP Non-CHP,CCM-2,8.6,8.6,8.6,Conventional Hydroelectric,Hydro,WAT,HY,11.0,2031.0,(L) Regulatory approvals pending. Not under construction,34.411873,-92.10319
Addition,67607,Maynard Hydroelectric LLC,69695.0,Colonel Charles D. Maynard Project,AR,Jefferson,MISO,IPP Non-CHP,CCM-3,8.6,8.6,8.6,Conventional Hydroelectric,Hydro,WAT,HY,11.0,2031.0,(L) Regulatory approvals pending. Not under construction,34.411873,-92.10319
Addition,11241,Entergy Louisiana LLC,69944.0,Pointe Coupee Power Station,LA,Pointe Coupee,MISO,Electric Utility,PC2A,469.3,435.4,469.3,Natural Gas Fired Combined Cycle,Natural gas,NG,CT,11.0,2031.0,"(P) Planned for installation, but regulatory approvals not initiated",30.739,-91.377
Addition,11241,Entergy Louisiana LLC,69944.0,Pointe Coupee Power Station,LA,Pointe Coupee,MISO,Electric Utility,PC2B,311.0,302.8,311.0,Natural Gas Fired Combined Cycle,Natural gas,NG,CA,11.0,2031.0,"(P) Planned for installation, but regulatory approvals not initiated",30.739,-91.377
Addition,58842,Power Company of Wyoming LLC,58987.0,Chokecherry and Sierra Madre Wind,WY,Carbon,CISO,IPP Non-CHP,II-B,553.5,553.5,553.5,Onshore Wind Turbine,Wind,WND,WT,12.0,2031.0,"(U) Under construction, less than or equal to 50 percent complete",41.683056,-107.2
Addition,62842,"Lightsource Renewable Energy Asset Management, LLC",65975.0,Starr Solar Ranch,TX,Starr,ERCO,IPP Non-CHP,TXSD2,180.0,180.0,180.0,Batteries,Battery storage,MWH,BA,12.0,2031.0,(L) Regulatory approvals pending. Not under construction,26.523359,-99.01711
Addition,62842,"Lightsource Renewable Energy Asset Management, LLC",65981.0,Second Division Solar,TX,Brazoria,ERCO,IPP Non-CHP,TXSD2,30.0,30.0,30.0,Batteries,Battery storage,MWH,BA,12.0,2031.0,(L) Regulatory approvals pending. Not under construction,29.170545,-95.74157
Addition,65180,Cedar Island Solar LLC,66011.0,Cedar Island Solar LLC,OR,Sherman,BPAT,IPP Non-CHP,PV1,800.0,800.0,800.0,Solar Photovoltaic,Solar,SUN,PV,12.0,2031.0,(L) Regulatory approvals pending. Not under construction,45.233717,-120.8985
Addition,67737,Fermi Nuclear,69798.0,Project Matador Nuclear,TX,Carson,ERCO,IPP Non-CHP,PMN1,1117.0,1117.0,1117.0,Nuclear,Nuclear,NUC,ST,12.0,2031.0,"(P) Planned for installation, but regulatory approvals not initiated",35.283762,-101.569
Addition,67737,Fermi Nuclear,69798.0,Project Matador Nuclear,TX,Carson,ERCO,IPP Non-CHP,PMN3,1117.0,1117.0,1117.0,Nuclear,Nuclear,NUC,ST,12.0,2031.0,"(P) Planned for installation, but regulatory approvals not initiated",35.283762,-101.569
Addition,11241,Entergy Louisiana LLC,69944.0,Pointe Coupee Power Station,LA,Pointe Coupee,MISO,Electric Utility,PC3A,469.3,435.4,469.3,Natural Gas Fired Combined Cycle,Natural gas,NG,CT,12.0,2031.0,"(P) Planned for installation, but regulatory approvals not initiated",30.739,-91.377
Addition,11241,Entergy Louisiana LLC,69944.0,Pointe Coupee Power Station,LA,Pointe Coupee,MISO,Electric Utility,PC3B,311.0,302.8,311.0,Natural Gas Fired Combined Cycle,Natural gas,NG,CA,12.0,2031.0,"(P) Planned for installation, but regulatory approvals not initiated",30.739,-91.377
Addition,67737,Fermi Nuclear,69798.0,Project Matador Nuclear,TX,Carson,ERCO,IPP Non-CHP,PMN2,1117.0,1117.0,1117.0,Nuclear,Nuclear,NUC,ST,12.0,2032.0,"(P) Planned for installation, but regulatory approvals not initiated",35.283762,-101.569
Addition,67737,Fermi Nuclear,69798.0,Project Matador Nuclear,TX,Carson,ERCO,IPP Non-CHP,PMN4,1117.0,1117.0,1117.0,Nuclear,Nuclear,NUC,ST,12.0,2032.0,"(P) Planned for installation, but regulatory approvals not initiated",35.283762,-101.569
Addition,63576,MEC North,63911.0,MEC North,MI,Calhoun,MISO,IPP Non-CHP,MECN,500.0,500.0,500.0,Natural Gas Fired Combined Cycle,Natural gas,NG,CS,6.0,2034.0,(T) Regulatory approvals received. Not under construction,42.233559,-84.96234
Addition,63577,MEC South,63912.0,MEC South,MI,Calhoun,MISO,IPP Non-CHP,MECS,500.0,500.0,500.0,Natural Gas Fired Combined Cycle,Natural gas,NG,CS,6.0,2034.0,(L) Regulatory approvals pending. Not under construction,42.237103,-84.95915
Addition,56789,TBE Montgomery LLC,57472.0,TBE-Montgomery LLC,NY,Orange,NYIS,IPP Non-CHP,CTG,12.0,11.6,12.0,Other Waste Biomass,Other renewables,OBG,CT,12.0,2039.0,"(U) Under construction, less than or equal to 50 percent complete",41.4885,-74.2262
Addition,56789,TBE Montgomery LLC,57472.0,TBE-Montgomery LLC,NY,Orange,NYIS,IPP Non-CHP,STG,9.0,7.4,8.1,Other Waste Biomass,Other renewables,OBG,CA,12.0,2039.0,"(U) Under construction, less than or equal to 50 percent complete",41.4885,-74.2262
Retirement,5701,El Paso Electric Co,9.0,Copper,TX,El Paso,EPE,Electric Utility,1,86.9,63.0,65.0,Natural Gas Fired Combustion Turbine,Natural gas,NG,GT,12.0,2030.0,(OP) Operating,31.7569,-106.375
Retirement,814,Entergy Arkansas LLC,170.0,Lake Catherine,AR,Hot Spring,MISO,Electric Utility,4,552.5,522.0,522.8,Natural Gas Steam Turbine,Natural gas,NG,ST,12.0,2027.0,(OP) Operating,34.4341,-92.9049
Retirement,22148,AES Alamitos LLC,315.0,AES Alamitos LLC,CA,Los Angeles,CISO,IPP Non-CHP,3,310.0,327.0,327.0,Natural Gas Steam Turbine,Natural gas,NG,ST,12.0,2026.0,(OP) Operating,33.7688,-118.1009
Retirement,22148,AES Alamitos LLC,315.0,AES Alamitos LLC,CA,Los Angeles,CISO,IPP Non-CHP,4,310.0,335.0,335.0,Natural Gas Steam Turbine,Natural gas,NG,ST,12.0,2026.0,(OP) Operating,33.7688,-118.1009
Retirement,22148,AES Alamitos LLC,315.0,AES Alamitos LLC,CA,Los Angeles,CISO,IPP Non-CHP,5,495.0,480.0,480.0,Natural Gas Steam Turbine,Natural gas,NG,ST,12.0,2026.0,(OP) Operating,33.7688,-118.1009
Retirement,23693,AES Huntington Beach LLC,335.0,AES Huntington Beach LLC,CA,Orange,CISO,IPP Non-CHP,2,218.0,225.8,225.8,Natural Gas Steam Turbine,Natural gas,NG,ST,12.0,2026.0,(OP) Operating,33.6439,-117.9792
Retirement,63843,"Ormond Beach Power, LLC",350.0,Ormond Beach,CA,Ventura,CISO,IPP Non-CHP,1,806.0,741.0,741.0,Natural Gas Steam Turbine,Natural gas,NG,ST,1.0,2027.0,(OP) Operating,34.1292,-119.1689
Retirement,63843,"Ormond Beach Power, LLC",350.0,Ormond Beach,CA,Ventura,CISO,IPP Non-CHP,2,806.0,750.0,750.0,Natural Gas Steam Turbine,Natural gas,NG,ST,1.0,2027.0,(OP) Operating,34.1292,-119.1689
Retirement,9216,Imperial Irrigation District,389.0,El Centro Hybrid,CA,Imperial,IID,Electric Utility,4,81.6,67.6,72.0,Natural Gas Steam Turbine,Natural gas,NG,ST,8.0,2029.0,(OP) Operating,32.802222,-115.54
Retirement,11208,Los Angeles Department of Water & Power,404.0,Scattergood,CA,Los Angeles,LDWP,Electric Utility,1,163.2,105.0,105.0,Natural Gas Steam Turbine,Natural gas,NG,ST,12.0,2029.0,(OP) Operating,33.918151,-118.4276
Retirement,11208,Los Angeles Department of Water & Power,404.0,Scattergood,CA,Los Angeles,LDWP,Electric Utility,2,163.2,156.3,156.3,Natural Gas Steam Turbine,Natural gas,NG,ST,12.0,2029.0,(OP) Operating,33.918151,-118.4276
Retirement,15466,Public Service Co of Colorado,464.0,Alamosa,CO,Alamosa,PSCO,Electric Utility,CT1,26.6,13.0,17.0,Natural Gas Fired Combustion Turbine,Natural gas,NG,GT,12.0,2030.0,(OP) Operating,37.4594,-105.8947
Retirement,15466,Public Service Co of Colorado,464.0,Alamosa,CO,Alamosa,PSCO,Electric Utility,CT2,26.6,14.0,18.0,Natural Gas Fired Combustion Turbine,Natural gas,NG,GT,12.0,2030.0,(OP) Operating,37.4594,-105.8947
Retirement,15466,Public Service Co of Colorado,469.0,Cherokee,CO,Adams,PSCO,Electric Utility,4,380.8,310.0,310.0,Natural Gas Steam Turbine,Natural gas,NG,ST,12.0,2027.0,(OP) Operating,39.807275,-104.9645
Retirement,15466,Public Service Co of Colorado,470.0,Comanche (CO),CO,Pueblo,WACM,Electric Utility,2,396.0,335.0,335.0,Conventional Steam Coal,Coal,SUB,ST,12.0,2026.0,(OP) Operating,38.2081,-104.5747
Retirement,15466,Public Service Co of Colorado,471.0,Fruita,CO,Mesa,PSCO,Electric Utility,1,26.6,14.0,18.0,Natural Gas Fired Combustion Turbine,Natural gas,NG,GT,12.0,2028.0,(OP) Operating,39.1364,-108.7347
Retirement,15466,Public Service Co of Colorado,474.0,Salida,CO,Chaffee,PSCO,Electric Utility,2,0.6,0.6,0.6,Conventional Hydroelectric,Hydro,WAT,HY,12.0,2027.0,(OP) Operating,38.53419,-106.182
Retirement,15466,Public Service Co of Colorado,477.0,Valmont,CO,Boulder,PSCO,Electric Utility,6,59.3,43.0,51.0,Natural Gas Fired Combustion Turbine,Natural gas,NG,GT,12.0,2028.0,(OP) Operating,40.0195,-105.202
Retirement,15466,Public Service Co of Colorado,525.0,Hayden,CO,Routt,PSCO,Electric Utility,1,190.0,179.0,179.0,Conventional Steam Coal,Coal,BIT,ST,12.0,2028.0,(OP) Operating,40.4856,-107.185
Retirement,15466,Public Service Co of Colorado,525.0,Hayden,CO,Routt,PSCO,Electric Utility,2,275.4,262.0,262.0,Conventional Steam Coal,Coal,BIT,ST,12.0,2027.0,(OP) Operating,40.4856,-107.185
Retirement,60421,Brandon Shores LLC,602.0,Brandon Shores,MD,Anne Arundel,PJM,IPP Non-CHP,1,685.1,635.0,635.0,Conventional Steam Coal,Coal,BIT,ST,6.0,2029.0,(OP) Operating,39.182073,-76.53715
Retirement,60421,Brandon Shores LLC,602.0,Brandon Shores,MD,Anne Arundel,PJM,IPP Non-CHP,2,685.1,638.0,638.0,Conventional Steam Coal,Coal,BIT,ST,6.0,2029.0,(OP) Operating,39.182073,-76.53715
Retirement,6455,"Duke Energy Florida, LLC",628.0,Crystal River,FL,Citrus,FPC,Electric Utility,5,739.2,710.0,721.0,Conventional Steam Coal,Coal,BIT,ST,6.0,2034.0,(OP) Operating,28.9656,-82.6977
Retirement,6455,"Duke Energy Florida, LLC",628.0,Crystal River,FL,Citrus,FPC,Electric Utility,ST4,739.2,712.0,721.0,Conventional Steam Coal,Coal,BIT,ST,6.0,2034.0,(OP) Operating,28.9656,-82.6977
Retirement,6455,"Duke Energy Florida, LLC",634.0,P L Bartow,FL,Pinellas,FPC,Electric Utility,P1,55.4,41.0,50.0,Petroleum Liquids,Other thermal,DFO,GT,6.0,2034.0,(OP) Operating,27.859535,-82.60176
Retirement,6455,"Duke Energy Florida, LLC",634.0,P L Bartow,FL,Pinellas,FPC,Electric Utility,P2,55.4,41.0,53.0,Natural Gas Fired Combustion Turbine,Natural gas,NG,GT,6.0,2034.0,(OP) Operating,27.859535,-82.60176
Retirement,6455,"Duke Energy Florida, LLC",634.0,P L Bartow,FL,Pinellas,FPC,Electric Utility,P3,55.4,41.0,51.0,Petroleum Liquids,Other thermal,DFO,GT,6.0,2034.0,(OP) Operating,27.859535,-82.60176
Retirement,6455,"Duke Energy Florida, LLC",634.0,P L Bartow,FL,Pinellas,FPC,Electric Utility,P4,55.4,45.0,58.0,Natural Gas Fired Combustion Turbine,Natural gas,NG,GT,6.0,2034.0,(OP) Operating,27.859535,-82.60176
Retirement,18454,Tampa Electric Co,645.0,Big Bend,FL,Hillsborough,TEC,Electric Utility,ST4,486.0,380.0,380.0,Natural Gas Steam Turbine,Natural gas,NG,ST,1.0,2040.0,(OP) Operating,27.7944,-82.4036
Retirement,6909,Gainesville Regional Utilities,663.0,Deerhaven Generating Station,FL,Alachua,GVL,Electric Utility,1,75.0,76.0,76.0,Natural Gas Steam Turbine,Natural gas,NG,ST,12.0,2032.0,(OP) Operating,29.7592,-82.3878
Retirement,6909,Gainesville Regional Utilities,663.0,Deerhaven Generating Station,FL,Alachua,GVL,Electric Utility,2,250.7,232.0,232.0,Natural Gas Steam Turbine,Natural gas,NG,ST,12.0,2036.0,(OP) Operating,29.7592,-82.3878
Retirement,6909,Gainesville Regional Utilities,663.0,Deerhaven Generating Station,FL,Alachua,GVL,Electric Utility,GT1,24.6,17.5,22.0,Natural Gas Fired Combustion Turbine,Natural gas,NG,GT,12.0,2031.0,(SB) Standby/Backup: available for service but not normally used,29.7592,-82.3878
Retirement,6909,Gainesville Regional Utilities,663.0,Deerhaven Generating Station,FL,Alachua,GVL,Electric Utility,GT2,24.6,17.5,22.0,Natural Gas Fired Combustion Turbine,Natural gas,NG,GT,12.0,2031.0,(SB) Standby/Backup: available for service but not normally used,29.7592,-82.3878
Retirement,59918,Dynegy Kincaid Generation,876.0,Kincaid Generation LLC,IL,Christian,PJM,IPP Non-CHP,1,659.5,556.0,556.0,Conventional Steam Coal,Coal,SUB,ST,12.0,2027.0,(OP) Operating,39.590556,-89.49639
Retirement,59918,Dynegy Kincaid Generation,876.0,Kincaid Generation LLC,IL,Christian,PJM,IPP Non-CHP,2,659.5,556.0,556.0,Conventional Steam Coal,Coal,SUB,ST,12.0,2027.0,(OP) Operating,39.590556,-89.49639
Retirement,5517,Dynegy Midwest Generation Inc,889.0,Baldwin Energy Complex,IL,Randolph,MISO,IPP Non-CHP,1,625.1,576.0,590.0,Conventional Steam Coal,Coal,SUB,ST,12.0,2027.0,(OP) Operating,38.205,-89.8544
Retirement,5517,Dynegy Midwest Generation Inc,889.0,Baldwin Energy Complex,IL,Randolph,MISO,IPP Non-CHP,2,634.5,581.0,595.0,Conventional Steam Coal,Coal,SUB,ST,12.0,2027.0,(OP) Operating,38.205,-89.8544
Retirement,9324,Indiana Michigan Power Co,986.0,Elkhart,IN,Elkhart,PJM,Electric Utility,1,1.4,0.6,1.1,Conventional Hydroelectric,Hydro,WAT,HY,6.0,2031.0,(OP) Operating,41.6928,-85.965
Retirement,9324,Indiana Michigan Power Co,986.0,Elkhart,IN,Elkhart,PJM,Electric Utility,2,1.0,0.4,0.5,Conventional Hydroelectric,Hydro,WAT,HY,6.0,2031.0,(OP) Operating,41.6928,-85.965
Retirement,9324,Indiana Michigan Power Co,986.0,Elkhart,IN,Elkhart,PJM,Electric Utility,3,1.0,0.4,0.5,Conventional Hydroelectric,Hydro,WAT,HY,6.0,2031.0,(OP) Operating,41.6928,-85.965
Retirement,13756,Northern Indiana Pub Serv Co,997.0,Michigan City,IN,LaPorte,MISO,Electric Utility,12,540.0,455.0,455.0,Conventional Steam Coal,Coal,SUB,ST,5.0,2028.0,(OP) Operating,41.7208,-86.9086
Retirement,17633,Southern Indiana Gas & Elec Co,1012.0,F B Culley,IN,Warrick,MISO,Electric Utility,2,103.7,90.0,90.0,Conventional Steam Coal,Coal,BIT,ST,9.0,2026.0,(OP) Operating,37.9111,-87.3275
Retirement,9417,Interstate Power and Light Co,1104.0,Burlington (IA),IA,Des Moines,MISO,Electric Utility,GT1,19.7,11.6,15.6,Natural Gas Fired Combustion Turbine,Natural gas,NG,GT,12.0,2030.0,(OP) Operating,40.7412,-91.11667
Retirement,9417,Interstate Power and Light Co,1104.0,Burlington (IA),IA,Des Moines,MISO,Electric Utility,GT2,19.7,9.2,15.2,Natural Gas Fired Combustion Turbine,Natural gas,NG,GT,12.0,2030.0,(OP) Operating,40.7412,-91.11667
Retirement,9417,Interstate Power and Light Co,1104.0,Burlington (IA),IA,Des Moines,MISO,Electric Utility,GT3,19.7,13.3,15.3,Natural Gas Fired Combustion Turbine,Natural gas,NG,GT,12.0,2030.0,(OP) Operating,40.7412,-91.11667
Retirement,9417,Interstate Power and Light Co,1104.0,Burlington (IA),IA,Des Moines,MISO,Electric Utility,GT4,19.7,5.8,5.8,Natural Gas Fired Combustion Turbine,Natural gas,NG,GT,12.0,2030.0,(OP) Operating,40.7412,-91.11667
Retirement,5860,Empire District Electric Co,1239.0,Riverton,KS,Cherokee,SWPP,Electric Utility,10,16.3,13.0,16.0,Natural Gas Fired Combustion Turbine,Natural gas,NG,GT,8.0,2026.0,(OP) Operating,37.072616,-94.6987
Retirement,5860,Empire District Electric Co,1239.0,Riverton,KS,Cherokee,SWPP,Electric Utility,11,16.3,14.0,16.0,Natural Gas Fired Combustion Turbine,Natural gas,NG,GT,8.0,2026.0,(OS) Out of service and NOT expected to return to service in next calendar year,37.072616,-94.6987
Retirement,10000,Evergy Metro,1241.0,La Cygne,KS,Linn,SWPP,Electric Utility,1,873.0,771.3,779.2,Conventional Steam Coal,Coal,SUB,ST,,2032.0,(OP) Operating,38.3481,-94.6456
Retirement,10000,Evergy Metro,1241.0,La Cygne,KS,Linn,SWPP,Electric Utility,2,725.9,666.5,666.5,Conventional Steam Coal,Coal,SUB,ST,,2039.0,(OP) Operating,38.3481,-94.6456
Retirement,22500,"Evergy Kansas Central, Inc",1250.0,Lawrence Energy Center,KS,Douglas,SWPP,Electric Utility,4,114.0,109.1,109.1,Conventional Steam Coal,Coal,SUB,ST,,2032.0,(OP) Operating,39.0072,-95.26917
Retirement,22500,"Evergy Kansas Central, Inc",1250.0,Lawrence Energy Center,KS,Douglas,SWPP,Electric Utility,5,403.0,382.2,382.2,Conventional Steam Coal,Coal,SUB,ST,,2032.0,(OP) Operating,39.0072,-95.26917
Retirement,11249,Louisville Gas & Electric Co,1364.0,Mill Creek (KY),KY,Jefferson,LGEE,Electric Utility,2,355.5,297.0,297.0,Conventional Steam Coal,Coal,BIT,ST,6.0,2027.0,(OP) Operating,38.0525,-85.9103
Retirement,18642,Tennessee Valley Authority,1379.0,Shawnee,KY,McCracken,TVA,Electric Utility,1,175.0,134.0,138.0,Conventional Steam Coal,Coal,SUB,ST,12.0,2033.0,(OP) Operating,37.1517,-88.775
Retirement,18642,Tennessee Valley Authority,1379.0,Shawnee,KY,McCracken,TVA,Electric Utility,2,175.0,134.0,138.0,Conventional Steam Coal,Coal,SUB,ST,12.0,2033.0,(OP) Operating,37.1517,-88.775
Retirement,18642,Tennessee Valley Authority,1379.0,Shawnee,KY,McCracken,TVA,Electric Utility,4,175.0,134.0,138.0,Conventional Steam Coal,Coal,SUB,ST,12.0,2033.0,(OP) Operating,37.1517,-88.775
Retirement,18642,Tennessee Valley Authority,1379.0,Shawnee,KY,McCracken,TVA,Electric Utility,5,175.0,134.0,138.0,Conventional Steam Coal,Coal,SUB,ST,12.0,2033.0,(OP) Operating,37.1517,-88.775
Retirement,18642,Tennessee Valley Authority,1379.0,Shawnee,KY,McCracken,TVA,Electric Utility,6,175.0,134.0,138.0,Conventional Steam Coal,Coal,SUB,ST,12.0,2033.0,(OP) Operating,37.1517,-88.775
Retirement,18642,Tennessee Valley Authority,1379.0,Shawnee,KY,McCracken,TVA,Electric Utility,7,175.0,134.0,138.0,Conventional Steam Coal,Coal,SUB,ST,12.0,2033.0,(OP) Operating,37.1517,-88.775
Retirement,18642,Tennessee Valley Authority,1379.0,Shawnee,KY,McCracken,TVA,Electric Utility,8,175.0,134.0,138.0,Conventional Steam Coal,Coal,SUB,ST,12.0,2033.0,(OP) Operating,37.1517,-88.775
Retirement,18642,Tennessee Valley Authority,1379.0,Shawnee,KY,McCracken,TVA,Electric Utility,9,175.0,134.0,138.0,Conventional Steam Coal,Coal,SUB,ST,12.0,2033.0,(OP) Operating,37.1517,-88.775
Retirement,11241,Entergy Louisiana LLC,1402.0,Little Gypsy,LA,St Charles,MISO,Electric Utility,2,420.7,403.8,411.4,Natural Gas Steam Turbine,Natural gas,NG,ST,6.0,2029.0,(OP) Operating,30.005067,-90.46169
Retirement,11241,Entergy Louisiana LLC,1402.0,Little Gypsy,LA,St Charles,MISO,Electric Utility,3,582.2,512.7,527.2,Natural Gas Steam Turbine,Natural gas,NG,ST,6.0,2029.0,(OP) Operating,30.005067,-90.46169
Retirement,11241,Entergy Louisiana LLC,1403.0,Nine Mile Point,LA,Jefferson,MISO,Electric Utility,5,895.1,742.6,762.1,Natural Gas Steam Turbine,Natural gas,NG,ST,6.0,2033.0,(OP) Operating,29.9472,-90.1458
Retirement,11241,Entergy Louisiana LLC,1403.0,Nine Mile Point,LA,Jefferson,MISO,Electric Utility,6(4),895.1,722.8,745.3,Natural Gas Steam Turbine,Natural gas,NG,ST,6.0,2031.0,(OP) Operating,29.9472,-90.1458
Retirement,17698,Southwestern Electric Power Co,1416.0,Arsenal Hill,LA,Caddo,SWPP,Electric Utility,5,125.0,110.0,110.0,Natural Gas Steam Turbine,Natural gas,NG,ST,5.0,2029.0,(OP) Operating,32.5181,-93.7611
Retirement,60422,H.A. Wagner LLC,1554.0,Herbert A Wagner,MD,Anne Arundel,PJM,IPP Non-CHP,3,359.0,305.0,305.0,Petroleum Liquids,Other thermal,DFO,ST,6.0,2029.0,(OP) Operating,39.1781,-76.5268
Retirement,60422,H.A. Wagner LLC,1554.0,Herbert A Wagner,MD,Anne Arundel,PJM,IPP Non-CHP,4,414.7,397.0,397.0,Petroleum Liquids,Other thermal,DFO,ST,6.0,2029.0,(OP) Operating,39.1781,-76.5268
Retirement,4254,Consumers Energy Co - (MI),1710.0,J H Campbell,MI,Ottawa,MISO,Electric Utility,1,265.2,260.0,260.0,Conventional Steam Coal,Coal,SUB,ST,8.0,2026.0,(OP) Operating,42.910296,-86.20074
Retirement,4254,Consumers Energy Co - (MI),1710.0,J H Campbell,MI,Ottawa,MISO,Electric Utility,2,378.8,279.8,280.0,Conventional Steam Coal,Coal,SUB,ST,8.0,2026.0,(OP) Operating,42.910296,-86.20074
Retirement,4254,Consumers Energy Co - (MI),1710.0,J H Campbell,MI,Ottawa,MISO,Electric Utility,3,916.8,790.7,789.3,Conventional Steam Coal,Coal,SUB,ST,8.0,2026.0,(OP) Operating,42.910296,-86.20074
Retirement,5109,DTE Electric Company,1733.0,Monroe (MI),MI,Monroe,MISO,Electric Utility,1,817.2,758.0,758.0,Conventional Steam Coal,Coal,SUB,ST,12.0,2032.0,(OP) Operating,41.8906,-83.3464
Retirement,5109,DTE Electric Company,1733.0,Monroe (MI),MI,Monroe,MISO,Electric Utility,2,822.6,773.0,783.0,Conventional Steam Coal,Coal,SUB,ST,12.0,2032.0,(OP) Operating,41.8906,-83.3464
Retirement,5109,DTE Electric Company,1733.0,Monroe (MI),MI,Monroe,MISO,Electric Utility,3,822.6,773.0,783.0,Conventional Steam Coal,Coal,SUB,ST,12.0,2028.0,(OP) Operating,41.8906,-83.3464
Retirement,5109,DTE Electric Company,1733.0,Monroe (MI),MI,Monroe,MISO,Electric Utility,4,817.2,762.0,762.0,Conventional Steam Coal,Coal,SUB,ST,12.0,2028.0,(OP) Operating,41.8906,-83.3464
Retirement,13781,Northern States Power Co - Minnesota,1756.0,Saxon Falls,WI,Iron,MISO,Electric Utility,1,0.8,0.5,0.5,Conventional Hydroelectric,Hydro,WAT,HY,12.0,2064.0,(OP) Operating,46.5392,-90.3742
Retirement,13781,Northern States Power Co - Minnesota,1756.0,Saxon Falls,WI,Iron,MISO,Electric Utility,2,0.8,0.5,0.6,Conventional Hydroelectric,Hydro,WAT,HY,12.0,2064.0,(OP) Operating,46.5392,-90.3742
Retirement,13781,Northern States Power Co - Minnesota,1757.0,Superior Falls,MI,Gogebic,MISO,Electric Utility,1,0.7,0.5,0.6,Conventional Hydroelectric,Hydro,WAT,HY,12.0,2064.0,(OP) Operating,46.564601,-90.41615
Retirement,13781,Northern States Power Co - Minnesota,1757.0,Superior Falls,MI,Gogebic,MISO,Electric Utility,2,0.7,0.5,0.6,Conventional Hydroelectric,Hydro,WAT,HY,12.0,2064.0,(OP) Operating,46.564601,-90.41615
Retirement,9324,Indiana Michigan Power Co,1761.0,Mottville,MI,St Joseph,PJM,Electric Utility,1,0.4,0.1,0.2,Conventional Hydroelectric,Hydro,WAT,HY,12.0,2033.0,(OP) Operating,41.8056,-85.7505
Retirement,9324,Indiana Michigan Power Co,1761.0,Mottville,MI,St Joseph,PJM,Electric Utility,2,0.4,0.1,0.2,Conventional Hydroelectric,Hydro,WAT,HY,12.0,2033.0,(OP) Operating,41.8056,-85.7505
Retirement,9324,Indiana Michigan Power Co,1761.0,Mottville,MI,St Joseph,PJM,Electric Utility,3,0.4,0.1,0.2,Conventional Hydroelectric,Hydro,WAT,HY,12.0,2033.0,(OP) Operating,41.8056,-85.7505
Retirement,9324,Indiana Michigan Power Co,1761.0,Mottville,MI,St Joseph,PJM,Electric Utility,4,0.4,0.1,0.2,Conventional Hydroelectric,Hydro,WAT,HY,12.0,2033.0,(OP) Operating,41.8056,-85.7505
Retirement,21158,City of Zeeland - (MI),1867.0,Zeeland,MI,Ottawa,MISO,Electric Utility,1,1.4,1.4,1.4,Natural Gas Internal Combustion Engine,Natural gas,NG,IC,6.0,2040.0,(OP) Operating,42.8067,-86.0558
Retirement,21158,City of Zeeland - (MI),1867.0,Zeeland,MI,Ottawa,MISO,Electric Utility,10,5.6,5.6,5.6,Natural Gas Internal Combustion Engine,Natural gas,NG,IC,6.0,2045.0,(OP) Operating,42.8067,-86.0558
Retirement,21158,City of Zeeland - (MI),1867.0,Zeeland,MI,Ottawa,MISO,Electric Utility,11,6.0,6.0,6.0,Natural Gas Internal Combustion Engine,Natural gas,NG,IC,6.0,2045.0,(OP) Operating,42.8067,-86.0558
Retirement,21158,City of Zeeland - (MI),1867.0,Zeeland,MI,Ottawa,MISO,Electric Utility,2,1.1,1.1,1.1,Natural Gas Internal Combustion Engine,Natural gas,NG,IC,6.0,2040.0,(OP) Operating,42.8067,-86.0558
Retirement,21158,City of Zeeland - (MI),1867.0,Zeeland,MI,Ottawa,MISO,Electric Utility,7,2.0,2.0,2.0,Natural Gas Internal Combustion Engine,Natural gas,NG,IC,6.0,2032.0,(OP) Operating,42.8067,-86.0558
Retirement,21158,City of Zeeland - (MI),1867.0,Zeeland,MI,Ottawa,MISO,Electric Utility,8,1.7,1.6,1.6,Natural Gas Internal Combustion Engine,Natural gas,NG,IC,6.0,2032.0,(OP) Operating,42.8067,-86.0558
Retirement,21158,City of Zeeland - (MI),1867.0,Zeeland,MI,Ottawa,MISO,Electric Utility,9,4.5,4.5,4.5,Natural Gas Internal Combustion Engine,Natural gas,NG,IC,6.0,2045.0,(OP) Operating,42.8067,-86.0558
Retirement,13781,Northern States Power Co - Minnesota,1904.0,Black Dog,MN,Dakota,MISO,Electric Utility,2,136.9,117.0,117.0,Natural Gas Fired Combined Cycle,Natural gas,NG,CA,12.0,2031.0,(OP) Operating,44.8108,-93.2501
Retirement,13781,Northern States Power Co - Minnesota,1904.0,Black Dog,MN,Dakota,MISO,Electric Utility,5,187.9,165.0,181.0,Natural Gas Fired Combined Cycle,Natural gas,NG,CT,12.0,2031.0,(OP) Operating,44.8108,-93.2501
Retirement,13781,Northern States Power Co - Minnesota,1904.0,Black Dog,MN,Dakota,MISO,Electric Utility,6-1,238.0,209.0,225.0,Natural Gas Fired Combustion Turbine,Natural gas,NG,GT,12.0,2058.0,(OP) Operating,44.8108,-93.2501
Retirement,13781,Northern States Power Co - Minnesota,1913.0,Inver Hills,MN,Dakota,MISO,Electric Utility,1,46.8,43.0,60.0,Natural Gas Fired Combustion Turbine,Natural gas,NG,GT,12.0,2029.0,(OP) Operating,44.781,-93.042
Retirement,13781,Northern States Power Co - Minnesota,1913.0,Inver Hills,MN,Dakota,MISO,Electric Utility,2,46.8,45.0,58.0,Natural Gas Fired Combustion Turbine,Natural gas,NG,GT,12.0,2029.0,(OP) Operating,44.781,-93.042
Retirement,13781,Northern States Power Co - Minnesota,1913.0,Inver Hills,MN,Dakota,MISO,Electric Utility,3,46.8,46.0,60.0,Natural Gas Fired Combustion Turbine,Natural gas,NG,GT,12.0,2029.0,(OP) Operating,44.781,-93.042
Retirement,13781,Northern States Power Co - Minnesota,1913.0,Inver Hills,MN,Dakota,MISO,Electric Utility,4,46.8,47.0,61.0,Natural Gas Fired Combustion Turbine,Natural gas,NG,GT,12.0,2029.0,(OP) Operating,44.781,-93.042
Retirement,13781,Northern States Power Co - Minnesota,1913.0,Inver Hills,MN,Dakota,MISO,Electric Utility,5,46.8,45.0,58.0,Natural Gas Fired Combustion Turbine,Natural gas,NG,GT,12.0,2029.0,(OP) Operating,44.781,-93.042
Retirement,13781,Northern States Power Co - Minnesota,1913.0,Inver Hills,MN,Dakota,MISO,Electric Utility,6,46.8,46.0,60.0,Natural Gas Fired Combustion Turbine,Natural gas,NG,GT,12.0,2029.0,(OP) Operating,44.781,-93.042
Retirement,13781,Northern States Power Co - Minnesota,1913.0,Inver Hills,MN,Dakota,MISO,Electric Utility,7,1.8,1.8,1.8,Petroleum Liquids,Other thermal,DFO,GT,12.0,2029.0,(SB) Standby/Backup: available for service but not normally used,44.781,-93.042
Retirement,13781,Northern States Power Co - Minnesota,1913.0,Inver Hills,MN,Dakota,MISO,Electric Utility,8,1.8,1.8,1.8,Petroleum Liquids,Other thermal,DFO,GT,12.0,2029.0,(SB) Standby/Backup: available for service but not normally used,44.781,-93.042
Retirement,13781,Northern States Power Co - Minnesota,1915.0,Allen S King,MN,Washington,MISO,Electric Utility,1,598.4,511.0,511.0,Conventional Steam Coal,Coal,SUB,ST,12.0,2028.0,(OP) Operating,45.03,-92.7786
Retirement,13781,Northern States Power Co - Minnesota,1926.0,Red Wing,MN,Goodhue,MISO,Electric Utility,1,11.5,9.0,9.0,Municipal Solid Waste,Other renewables,MSW,ST,12.0,2027.0,(OP) Operating,44.5692,-92.51691
Retirement,13781,Northern States Power Co - Minnesota,1926.0,Red Wing,MN,Goodhue,MISO,Electric Utility,2,11.5,9.0,9.0,Municipal Solid Waste,Other renewables,MSW,ST,12.0,2027.0,(OP) Operating,44.5692,-92.51691
Retirement,13781,Northern States Power Co - Minnesota,1934.0,Wilmarth,MN,Blue Earth,MISO,Electric Utility,1,12.5,9.0,9.0,Municipal Solid Waste,Other renewables,MSW,ST,12.0,2027.0,(OP) Operating,44.1967,-94.0009
Retirement,13781,Northern States Power Co - Minnesota,1934.0,Wilmarth,MN,Blue Earth,MISO,Electric Utility,2,12.5,9.0,9.0,Municipal Solid Waste,Other renewables,MSW,ST,12.0,2027.0,(OP) Operating,44.1967,-94.0009
Retirement,13048,City of Mountain Lake - (MN),1998.0,Mountain Lake,MN,Cottonwood,MISO,Electric Utility,5,1.3,1.2,1.3,Natural Gas Internal Combustion Engine,Natural gas,NG,IC,9.0,2026.0,(OP) Operating,43.9405,-94.9434
Retirement,13048,City of Mountain Lake - (MN),1998.0,Mountain Lake,MN,Cottonwood,MISO,Electric Utility,6,1.8,1.8,1.8,Petroleum Liquids,Other thermal,DFO,IC,9.0,2026.0,(OP) Operating,43.9405,-94.9434
Retirement,13048,City of Mountain Lake - (MN),1998.0,Mountain Lake,MN,Cottonwood,MISO,Electric Utility,7,1.8,1.8,1.8,Petroleum Liquids,Other thermal,DFO,IC,9.0,2026.0,(OP) Operating,43.9405,-94.9434
Retirement,12698,Evergy Missouri West,2098.0,Lake Road (MO),MO,Buchanan,SWPP,Electric Utility,4,90.0,96.6,96.6,Natural Gas Steam Turbine,Natural gas,NG,ST,12.0,2030.0,(OP) Operating,39.7246,-94.8773
Retirement,19436,Union Electric Co - (MO),2107.0,Sioux,MO,St Charles,MISO,Electric Utility,1,549.7,487.0,497.0,Conventional Steam Coal,Coal,SUB,ST,12.0,2028.0,(OP) Operating,38.915479,-90.29025
Retirement,19436,Union Electric Co - (MO),2107.0,Sioux,MO,St Charles,MISO,Electric Utility,2,549.7,487.0,497.0,Conventional Steam Coal,Coal,SUB,ST,12.0,2028.0,(OP) Operating,38.915479,-90.29025
Retirement,11460,City of Macon - (MO),2141.0,Macon,MO,Macon,AECI,Electric Utility,4,1.0,0.7,0.7,Petroleum Liquids,Other thermal,DFO,IC,12.0,2026.0,(SB) Standby/Backup: available for service but not normally used,39.7378,-92.4689
Retirement,13902,NorthWestern Energy (MT Hydro),2185.0,Hauser,MT,Lewis and Clark,NWMT,Electric Utility,HAU3,2.8,2.8,2.8,Conventional Hydroelectric,Hydro,WAT,HY,6.0,2028.0,(OP) Operating,46.765941,-111.8873
Retirement,14127,Omaha Public Power District,2291.0,North Omaha,NE,Douglas,SWPP,Electric Utility,1,73.5,63.0,0.0,Natural Gas Steam Turbine,Natural gas,NG,ST,12.0,2026.0,(OP) Operating,41.32909,-95.94466
Retirement,14127,Omaha Public Power District,2291.0,North Omaha,NE,Douglas,SWPP,Electric Utility,2,108.8,83.4,59.2,Natural Gas Steam Turbine,Natural gas,NG,ST,12.0,2026.0,(OP) Operating,41.32909,-95.94466
Retirement,14127,Omaha Public Power District,2291.0,North Omaha,NE,Douglas,SWPP,Electric Utility,3,108.8,93.6,53.7,Natural Gas Steam Turbine,Natural gas,NG,ST,12.0,2026.0,(OP) Operating,41.32909,-95.94466
Retirement,17166,Sierra Pacific Power Co,2330.0,Fort Churchill,NV,Lyon,NEVP,Electric Utility,1,115.0,113.0,113.0,Natural Gas Steam Turbine,Natural gas,NG,ST,9.0,2028.0,(OP) Operating,39.1281,-119.1322
Retirement,17166,Sierra Pacific Power Co,2330.0,Fort Churchill,NV,Lyon,NEVP,Electric Utility,2,115.0,113.0,113.0,Natural Gas Steam Turbine,Natural gas,NG,ST,9.0,2028.0,(OP) Operating,39.1281,-119.1322
Retirement,62032,Granite Shore Power,2364.0,Merrimack,NH,Merrimack,ISNE,IPP Non-CHP,1,113.6,108.0,108.0,Conventional Steam Coal,Coal,BIT,ST,12.0,2027.0,(OP) Operating,43.1411,-71.4692
Retirement,62032,Granite Shore Power,2364.0,Merrimack,NH,Merrimack,ISNE,IPP Non-CHP,2,345.6,330.5,330.0,Conventional Steam Coal,Coal,BIT,ST,5.0,2028.0,(OS) Out of service and NOT expected to return to service in next calendar year,43.1411,-71.4692
Retirement,803,Arizona Public Service Co,2442.0,Four Corners,NM,San Juan,AZPS,Electric Utility,4,818.1,770.0,770.0,Conventional Steam Coal,Coal,BIT,ST,12.0,2031.0,(OP) Operating,36.69,-108.4814
Retirement,803,Arizona Public Service Co,2442.0,Four Corners,NM,San Juan,AZPS,Electric Utility,5,818.1,770.0,770.0,Conventional Steam Coal,Coal,BIT,ST,12.0,2031.0,(OP) Operating,36.69,-108.4814
Retirement,5701,El Paso Electric Co,2444.0,Rio Grande,NM,Dona Ana,EPE,Electric Utility,7,50.0,43.0,43.0,Natural Gas Steam Turbine,Natural gas,NG,ST,12.0,2027.0,(OP) Operating,31.8047,-106.5472
Retirement,5701,El Paso Electric Co,2444.0,Rio Grande,NM,Dona Ana,EPE,Electric Utility,8,166.5,139.0,147.0,Natural Gas Steam Turbine,Natural gas,NG,ST,12.0,2033.0,(OP) Operating,31.8047,-106.5472
Retirement,17718,Southwestern Public Service Co,2446.0,Maddox,NM,Lea,SWPP,Electric Utility,1,113.6,117.0,112.0,Natural Gas Steam Turbine,Natural gas,NG,ST,12.0,2028.0,(OP) Operating,32.714224,-103.3015
Retirement,17718,Southwestern Public Service Co,2446.0,Maddox,NM,Lea,SWPP,Electric Utility,2,86.9,61.0,63.0,Natural Gas Fired Combustion Turbine,Natural gas,NG,GT,12.0,2034.0,(OP) Operating,32.714224,-103.3015
Retirement,17718,Southwestern Public Service Co,2446.0,Maddox,NM,Lea,SWPP,Electric Utility,3,11.5,10.0,10.0,Natural Gas Fired Combustion Turbine,Natural gas,NG,GT,12.0,2034.0,(OP) Operating,32.714224,-103.3015
Retirement,17718,Southwestern Public Service Co,2454.0,Cunningham,NM,Lea,SWPP,Electric Utility,2,190.4,183.0,183.0,Natural Gas Steam Turbine,Natural gas,NG,ST,12.0,2027.0,(OP) Operating,32.7131,-103.3533
Retirement,17718,Southwestern Public Service Co,2454.0,Cunningham,NM,Lea,SWPP,Electric Utility,3,126.9,106.0,98.0,Natural Gas Fired Combustion Turbine,Natural gas,NG,GT,12.0,2040.0,(OP) Operating,32.7131,-103.3533
Retirement,17718,Southwestern Public Service Co,2454.0,Cunningham,NM,Lea,SWPP,Electric Utility,4,126.9,101.0,95.0,Natural Gas Fired Combustion Turbine,Natural gas,NG,GT,12.0,2040.0,(OP) Operating,32.7131,-103.3533
Retirement,3249,Central Hudson Gas & Elec Corp,2487.0,Coxsackie,NY,Greene,NYIS,Electric Utility,GT1,21.3,19.4,24.0,Natural Gas Fired Combustion Turbine,Natural gas,NG,GT,4.0,2027.0,(OP) Operating,42.350889,-73.8158
Retirement,5416,"Duke Energy Carolinas, LLC",2727.0,Marshall (NC),NC,Catawba,DUK,Electric Utility,1,348.5,370.0,380.0,Natural Gas Steam Turbine,Natural gas,NG,ST,12.0,2028.0,(OP) Operating,35.5975,-80.9658
Retirement,5416,"Duke Energy Carolinas, LLC",2727.0,Marshall (NC),NC,Catawba,DUK,Electric Utility,2,348.5,370.0,380.0,Conventional Steam Coal,Coal,BIT,ST,12.0,2028.0,(OP) Operating,35.5975,-80.9658
Retirement,5416,"Duke Energy Carolinas, LLC",2727.0,Marshall (NC),NC,Catawba,DUK,Electric Utility,3,711.0,658.0,658.0,Natural Gas Steam Turbine,Natural gas,NG,ST,12.0,2033.0,(OP) Operating,35.5975,-80.9658
Retirement,5416,"Duke Energy Carolinas, LLC",2727.0,Marshall (NC),NC,Catawba,DUK,Electric Utility,4,711.0,660.0,660.0,Conventional Steam Coal,Coal,BIT,ST,12.0,2033.0,(OP) Operating,35.5975,-80.9658
Retirement,61412,Cardinal Operating Company,2828.0,Cardinal,OH,Jefferson,PJM,IPP Non-CHP,3,650.0,620.0,620.0,Conventional Steam Coal,Coal,BIT,ST,12.0,2028.0,(OP) Operating,40.2522,-80.6486
Retirement,15474,Public Service Co of Oklahoma,2966.0,Weleetka,OK,Okfuskee,SWPP,Electric Utility,4,53.0,53.0,66.0,Natural Gas Fired Combustion Turbine,Natural gas,NG,GT,1.0,2030.0,(OP) Operating,35.3233,-96.1352
Retirement,15474,Public Service Co of Oklahoma,2966.0,Weleetka,OK,Okfuskee,SWPP,Electric Utility,5,53.0,53.0,66.0,Natural Gas Fired Combustion Turbine,Natural gas,NG,GT,1.0,2030.0,(OP) Operating,35.3233,-96.1352
Retirement,6013,Eugene Water & Electric Board,3067.0,Carmen Smith,OR,Linn,BPAT,Electric Utility,3,9.9,3.8,6.5,Conventional Hydroelectric,Hydro,WAT,HY,10.0,2030.0,(OP) Operating,44.285977,-122.0414
Retirement,15537,Brunner Island LLC,3140.0,Brunner Island,PA,York,PJM,IPP Non-CHP,1,363.3,306.0,306.0,Natural Gas Steam Turbine,Natural gas,NG,ST,6.0,2035.0,(OP) Operating,40.096111,-76.6962
Retirement,15537,Brunner Island LLC,3140.0,Brunner Island,PA,York,PJM,IPP Non-CHP,2,405.0,363.0,363.0,Natural Gas Steam Turbine,Natural gas,NG,ST,6.0,2035.0,(OP) Operating,40.096111,-76.6962
Retirement,15537,Brunner Island LLC,3140.0,Brunner Island,PA,York,PJM,IPP Non-CHP,3,847.8,742.0,742.0,Natural Gas Steam Turbine,Natural gas,NG,ST,6.0,2035.0,(OP) Operating,40.096111,-76.6962
Retirement,15276,TalenEnergy Martins Creek LLC,3148.0,TalenEnergy Martins Creek,PA,Northampton,PJM,IPP Non-CHP,3,850.5,850.0,850.0,Natural Gas Steam Turbine,Natural gas,NG,ST,6.0,2035.0,(OP) Operating,40.797762,-75.10542
Retirement,15276,TalenEnergy Martins Creek LLC,3148.0,TalenEnergy Martins Creek,PA,Northampton,PJM,IPP Non-CHP,4,850.5,850.0,850.0,Natural Gas Steam Turbine,Natural gas,NG,ST,6.0,2035.0,(OP) Operating,40.797762,-75.10542
Retirement,6035,"Constellation Power, Inc",3161.0,Eddystone Generating Station,PA,Delaware,PJM,IPP Non-CHP,3,391.0,380.0,380.0,Natural Gas Steam Turbine,Natural gas,NG,ST,8.0,2026.0,(OP) Operating,39.858,-75.323
Retirement,6035,"Constellation Power, Inc",3161.0,Eddystone Generating Station,PA,Delaware,PJM,IPP Non-CHP,4,391.0,380.0,380.0,Natural Gas Steam Turbine,Natural gas,NG,ST,8.0,2026.0,(OP) Operating,39.858,-75.323
Retirement,17543,South Carolina Public Service Authority,3318.0,Hilton Head,SC,Beaufort,SC,Electric Utility,1,26.6,16.0,20.0,Petroleum Liquids,Other thermal,DFO,GT,12.0,2033.0,(OP) Operating,32.208871,-80.69875
Retirement,17543,South Carolina Public Service Authority,3318.0,Hilton Head,SC,Beaufort,SC,Electric Utility,2,26.6,16.0,20.0,Petroleum Liquids,Other thermal,DFO,GT,12.0,2033.0,(OP) Operating,32.208871,-80.69875
Retirement,17543,South Carolina Public Service Authority,3318.0,Hilton Head,SC,Beaufort,SC,Electric Utility,3,64.7,52.0,60.0,Petroleum Liquids,Other thermal,DFO,GT,12.0,2033.0,(OP) Operating,32.208871,-80.69875
Retirement,17543,South Carolina Public Service Authority,3320.0,Myrtle Beach,SC,Horry,SC,Electric Utility,1,11.5,8.0,10.0,Petroleum Liquids,Other thermal,DFO,GT,12.0,2033.0,(OP) Operating,33.708283,-78.92415
Retirement,17543,South Carolina Public Service Authority,3320.0,Myrtle Beach,SC,Horry,SC,Electric Utility,2,11.5,8.0,10.0,Petroleum Liquids,Other thermal,DFO,GT,12.0,2033.0,(OP) Operating,33.708283,-78.92415
Retirement,17543,South Carolina Public Service Authority,3320.0,Myrtle Beach,SC,Horry,SC,Electric Utility,3,26.6,19.0,20.0,Petroleum Liquids,Other thermal,DFO,GT,12.0,2033.0,(OP) Operating,33.708283,-78.92415
Retirement,17543,South Carolina Public Service Authority,3320.0,Myrtle Beach,SC,Horry,SC,Electric Utility,4,26.6,19.0,20.0,Petroleum Liquids,Other thermal,DFO,GT,12.0,2033.0,(OP) Operating,33.708283,-78.92415
Retirement,17543,South Carolina Public Service Authority,3320.0,Myrtle Beach,SC,Horry,SC,Electric Utility,5,35.3,19.0,25.0,Petroleum Liquids,Other thermal,DFO,GT,12.0,2033.0,(OP) Operating,33.708283,-78.92415
Retirement,18642,Tennessee Valley Authority,3399.0,Cumberland (TN),TN,Stewart,TVA,Electric Utility,1,1300.0,1239.0,1265.0,Conventional Steam Coal,Coal,BIT,ST,12.0,2028.0,(OP) Operating,36.3903,-87.6539
Retirement,18642,Tennessee Valley Authority,3399.0,Cumberland (TN),TN,Stewart,TVA,Electric Utility,2,1300.0,1231.0,1257.0,Conventional Steam Coal,Coal,BIT,ST,12.0,2026.0,(OP) Operating,36.3903,-87.6539
Retirement,18642,Tennessee Valley Authority,3403.0,Gallatin (TN),TN,Sumner,TVA,Electric Utility,1,300.0,225.0,228.0,Conventional Steam Coal,Coal,BIT,ST,12.0,2031.0,(OP) Operating,36.3156,-86.4006
Retirement,18642,Tennessee Valley Authority,3403.0,Gallatin (TN),TN,Sumner,TVA,Electric Utility,2,300.0,225.0,228.0,Conventional Steam Coal,Coal,SUB,ST,12.0,2031.0,(OP) Operating,36.3156,-86.4006
Retirement,18642,Tennessee Valley Authority,3403.0,Gallatin (TN),TN,Sumner,TVA,Electric Utility,3,327.6,263.0,266.0,Conventional Steam Coal,Coal,SUB,ST,12.0,2031.0,(OP) Operating,36.3156,-86.4006
Retirement,18642,Tennessee Valley Authority,3403.0,Gallatin (TN),TN,Sumner,TVA,Electric Utility,4,327.6,263.0,266.0,Conventional Steam Coal,Coal,SUB,ST,12.0,2031.0,(OP) Operating,36.3156,-86.4006
Retirement,18642,Tennessee Valley Authority,3403.0,Gallatin (TN),TN,Sumner,TVA,Electric Utility,GT1,81.3,71.5,88.7,Natural Gas Fired Combustion Turbine,Natural gas,NG,GT,12.0,2031.0,(OP) Operating,36.3156,-86.4006
Retirement,18642,Tennessee Valley Authority,3403.0,Gallatin (TN),TN,Sumner,TVA,Electric Utility,GT2,81.3,71.5,88.7,Natural Gas Fired Combustion Turbine,Natural gas,NG,GT,12.0,2031.0,(OP) Operating,36.3156,-86.4006
Retirement,18642,Tennessee Valley Authority,3403.0,Gallatin (TN),TN,Sumner,TVA,Electric Utility,GT3,81.3,71.5,88.7,Natural Gas Fired Combustion Turbine,Natural gas,NG,GT,12.0,2031.0,(OP) Operating,36.3156,-86.4006
Retirement,18642,Tennessee Valley Authority,3403.0,Gallatin (TN),TN,Sumner,TVA,Electric Utility,GT4,81.3,71.5,88.7,Natural Gas Fired Combustion Turbine,Natural gas,NG,GT,12.0,2031.0,(OP) Operating,36.3156,-86.4006
Retirement,18642,Tennessee Valley Authority,3403.0,Gallatin (TN),TN,Sumner,TVA,Electric Utility,GT5,84.5,73.4,93.7,Natural Gas Fired Combustion Turbine,Natural gas,NG,GT,12.0,2031.0,(OP) Operating,36.3156,-86.4006
Retirement,18642,Tennessee Valley Authority,3403.0,Gallatin (TN),TN,Sumner,TVA,Electric Utility,GT6,84.5,73.4,93.7,Natural Gas Fired Combustion Turbine,Natural gas,NG,GT,12.0,2031.0,(OP) Operating,36.3156,-86.4006
Retirement,18642,Tennessee Valley Authority,3403.0,Gallatin (TN),TN,Sumner,TVA,Electric Utility,GT7,84.5,73.4,93.7,Natural Gas Fired Combustion Turbine,Natural gas,NG,GT,12.0,2031.0,(OP) Operating,36.3156,-86.4006
Retirement,18642,Tennessee Valley Authority,3403.0,Gallatin (TN),TN,Sumner,TVA,Electric Utility,GT8,84.5,73.4,93.7,Natural Gas Fired Combustion Turbine,Natural gas,NG,GT,12.0,2031.0,(OP) Operating,36.3156,-86.4006
Retirement,18642,Tennessee Valley Authority,3406.0,Johnsonville,TN,Humphreys,TVA,Electric Utility,G10,68.0,47.1,62.5,Natural Gas Fired Combustion Turbine,Natural gas,NG,GT,12.0,2028.0,(OP) Operating,36.0278,-87.9861
Retirement,18642,Tennessee Valley Authority,3406.0,Johnsonville,TN,Humphreys,TVA,Electric Utility,G11,68.0,47.1,62.5,Natural Gas Fired Combustion Turbine,Natural gas,NG,GT,12.0,2028.0,(OP) Operating,36.0278,-87.9861
Retirement,18642,Tennessee Valley Authority,3406.0,Johnsonville,TN,Humphreys,TVA,Electric Utility,G12,68.0,47.1,62.5,Natural Gas Fired Combustion Turbine,Natural gas,NG,GT,12.0,2028.0,(OP) Operating,36.0278,-87.9861
Retirement,18642,Tennessee Valley Authority,3406.0,Johnsonville,TN,Humphreys,TVA,Electric Utility,G13,68.0,47.1,62.5,Natural Gas Fired Combustion Turbine,Natural gas,NG,GT,12.0,2028.0,(OP) Operating,36.0278,-87.9861
Retirement,18642,Tennessee Valley Authority,3406.0,Johnsonville,TN,Humphreys,TVA,Electric Utility,G14,68.0,47.1,62.5,Natural Gas Fired Combustion Turbine,Natural gas,NG,GT,12.0,2028.0,(OP) Operating,36.0278,-87.9861
Retirement,18642,Tennessee Valley Authority,3406.0,Johnsonville,TN,Humphreys,TVA,Electric Utility,G15,68.0,47.1,62.5,Natural Gas Fired Combustion Turbine,Natural gas,NG,GT,12.0,2028.0,(OP) Operating,36.0278,-87.9861
Retirement,18642,Tennessee Valley Authority,3406.0,Johnsonville,TN,Humphreys,TVA,Electric Utility,G16,68.0,47.1,62.5,Natural Gas Fired Combustion Turbine,Natural gas,NG,GT,12.0,2028.0,(OP) Operating,36.0278,-87.9861
Retirement,18642,Tennessee Valley Authority,3406.0,Johnsonville,TN,Humphreys,TVA,Electric Utility,GT1,68.0,47.1,62.5,Natural Gas Fired Combustion Turbine,Natural gas,NG,GT,12.0,2028.0,(OP) Operating,36.0278,-87.9861
Retirement,18642,Tennessee Valley Authority,3406.0,Johnsonville,TN,Humphreys,TVA,Electric Utility,GT2,68.0,47.1,62.5,Natural Gas Fired Combustion Turbine,Natural gas,NG,GT,12.0,2028.0,(OP) Operating,36.0278,-87.9861
Retirement,18642,Tennessee Valley Authority,3406.0,Johnsonville,TN,Humphreys,TVA,Electric Utility,GT3,68.0,47.1,62.5,Natural Gas Fired Combustion Turbine,Natural gas,NG,GT,12.0,2028.0,(OP) Operating,36.0278,-87.9861
Retirement,18642,Tennessee Valley Authority,3407.0,Kingston,TN,Roane,TVA,Electric Utility,1,175.0,104.0,106.0,Conventional Steam Coal,Coal,SUB,ST,12.0,2027.0,(OP) Operating,35.8992,-84.5194
Retirement,18642,Tennessee Valley Authority,3407.0,Kingston,TN,Roane,TVA,Electric Utility,2,175.0,105.0,107.0,Conventional Steam Coal,Coal,SUB,ST,12.0,2027.0,(OP) Operating,35.8992,-84.5194
Retirement,18642,Tennessee Valley Authority,3407.0,Kingston,TN,Roane,TVA,Electric Utility,3,175.0,105.0,107.0,Conventional Steam Coal,Coal,SUB,ST,12.0,2027.0,(OP) Operating,35.8992,-84.5194
Retirement,18642,Tennessee Valley Authority,3407.0,Kingston,TN,Roane,TVA,Electric Utility,4,175.0,99.0,101.0,Conventional Steam Coal,Coal,SUB,ST,12.0,2027.0,(OP) Operating,35.8992,-84.5194
Retirement,18642,Tennessee Valley Authority,3407.0,Kingston,TN,Roane,TVA,Electric Utility,5,200.0,150.0,154.0,Conventional Steam Coal,Coal,SUB,ST,12.0,2027.0,(OP) Operating,35.8992,-84.5194
Retirement,18642,Tennessee Valley Authority,3407.0,Kingston,TN,Roane,TVA,Electric Utility,6,200.0,140.0,144.0,Conventional Steam Coal,Coal,SUB,ST,12.0,2027.0,(OP) Operating,35.8992,-84.5194
Retirement,18642,Tennessee Valley Authority,3407.0,Kingston,TN,Roane,TVA,Electric Utility,7,200.0,147.0,151.0,Conventional Steam Coal,Coal,SUB,ST,12.0,2026.0,(OP) Operating,35.8992,-84.5194
Retirement,18642,Tennessee Valley Authority,3407.0,Kingston,TN,Roane,TVA,Electric Utility,8,200.0,150.0,154.0,Conventional Steam Coal,Coal,SUB,ST,12.0,2026.0,(OP) Operating,35.8992,-84.5194
Retirement,18642,Tennessee Valley Authority,3407.0,Kingston,TN,Roane,TVA,Electric Utility,9,200.0,147.0,151.0,Conventional Steam Coal,Coal,SUB,ST,12.0,2026.0,(OP) Operating,35.8992,-84.5194
Retirement,5701,El Paso Electric Co,3456.0,Newman,TX,El Paso,EPE,Electric Utility,1,81.6,61.0,78.0,Natural Gas Steam Turbine,Natural gas,NG,ST,12.0,2027.0,(OP) Operating,31.983587,-106.4318
Retirement,5701,El Paso Electric Co,3456.0,Newman,TX,El Paso,EPE,Electric Utility,2,81.6,65.0,66.0,Natural Gas Steam Turbine,Natural gas,NG,ST,12.0,2028.0,(OP) Operating,31.983587,-106.4318
Retirement,5701,El Paso Electric Co,3456.0,Newman,TX,El Paso,EPE,Electric Utility,3,121.8,88.0,90.0,Natural Gas Steam Turbine,Natural gas,NG,ST,12.0,2031.0,(OP) Operating,31.983587,-106.4318
Retirement,5701,El Paso Electric Co,3456.0,Newman,TX,El Paso,EPE,Electric Utility,4,120.0,86.0,90.0,Natural Gas Fired Combined Cycle,Natural gas,NG,CA,12.0,2031.0,(OP) Operating,31.983587,-106.4318
Retirement,5701,El Paso Electric Co,3456.0,Newman,TX,El Paso,EPE,Electric Utility,CT1,85.0,64.0,71.0,Natural Gas Fired Combined Cycle,Natural gas,NG,CT,12.0,2031.0,(OP) Operating,31.983587,-106.4318
Retirement,5701,El Paso Electric Co,3456.0,Newman,TX,El Paso,EPE,Electric Utility,CT2,85.0,67.0,71.0,Natural Gas Fired Combined Cycle,Natural gas,NG,CT,12.0,2031.0,(OP) Operating,31.983587,-106.4318
Retirement,55937,Entergy Texas Inc.,3457.0,Lewis Creek,TX,Montgomery,MISO,Electric Utility,1,271.4,250.1,252.4,Natural Gas Steam Turbine,Natural gas,NG,ST,6.0,2034.0,(OP) Operating,30.4356,-95.5214
Retirement,55937,Entergy Texas Inc.,3457.0,Lewis Creek,TX,Montgomery,MISO,Electric Utility,2,271.4,249.2,251.3,Natural Gas Steam Turbine,Natural gas,NG,ST,6.0,2034.0,(OP) Operating,30.4356,-95.5214
Retirement,55937,Entergy Texas Inc.,3459.0,Sabine,TX,Orange,MISO,Electric Utility,1,239.4,202.5,203.3,Natural Gas Steam Turbine,Natural gas,NG,ST,7.0,2026.0,(OP) Operating,30.0242,-93.878
Retirement,55937,Entergy Texas Inc.,3459.0,Sabine,TX,Orange,MISO,Electric Utility,3,473.4,369.3,378.3,Natural Gas Steam Turbine,Natural gas,NG,ST,7.0,2026.0,(OP) Operating,30.0242,-93.878
Retirement,55937,Entergy Texas Inc.,3459.0,Sabine,TX,Orange,MISO,Electric Utility,4,591.6,490.1,492.7,Natural Gas Steam Turbine,Natural gas,NG,ST,7.0,2026.0,(OP) Operating,30.0242,-93.878
Retirement,17718,Southwestern Public Service Co,3482.0,Jones,TX,Lubbock,SWPP,Electric Utility,1,247.5,243.0,243.0,Natural Gas Steam Turbine,Natural gas,NG,ST,12.0,2031.0,(OP) Operating,33.5239,-101.7392
Retirement,17718,Southwestern Public Service Co,3482.0,Jones,TX,Lubbock,SWPP,Electric Utility,2,247.5,243.0,243.0,Natural Gas Steam Turbine,Natural gas,NG,ST,12.0,2034.0,(OP) Operating,33.5239,-101.7392
Retirement,17718,Southwestern Public Service Co,3482.0,Jones,TX,Lubbock,SWPP,Electric Utility,3,182.7,166.0,183.0,Natural Gas Fired Combustion Turbine,Natural gas,NG,GT,12.0,2056.0,(OP) Operating,33.5239,-101.7392
Retirement,17718,Southwestern Public Service Co,3482.0,Jones,TX,Lubbock,SWPP,Electric Utility,4,182.7,168.0,183.0,Natural Gas Fired Combustion Turbine,Natural gas,NG,GT,12.0,2058.0,(OP) Operating,33.5239,-101.7392
Retirement,17718,Southwestern Public Service Co,3484.0,Nichols,TX,Potter,SWPP,Electric Utility,1,113.6,107.0,107.0,Natural Gas Steam Turbine,Natural gas,NG,ST,12.0,2028.0,(OP) Operating,35.283357,-101.7464
Retirement,17718,Southwestern Public Service Co,3484.0,Nichols,TX,Potter,SWPP,Electric Utility,2,113.6,106.0,106.0,Natural Gas Steam Turbine,Natural gas,NG,ST,12.0,2027.0,(OP) Operating,35.283357,-101.7464
Retirement,17718,Southwestern Public Service Co,3484.0,Nichols,TX,Potter,SWPP,Electric Utility,3,247.5,244.0,244.0,Natural Gas Steam Turbine,Natural gas,NG,ST,12.0,2030.0,(OP) Operating,35.283357,-101.7464
Retirement,17718,Southwestern Public Service Co,3485.0,Plant X,TX,Lamb,SWPP,Electric Utility,4,190.4,190.0,190.0,Natural Gas Steam Turbine,Natural gas,NG,ST,12.0,2027.0,(OP) Operating,34.1661,-102.4114
Retirement,16604,City of San Antonio - (TX),3611.0,O W Sommers,TX,Bexar,ERCO,Electric Utility,1,446.0,420.0,420.0,Natural Gas Steam Turbine,Natural gas,NG,ST,3.0,2027.0,(OP) Operating,29.308056,-98.3242
Retirement,16604,City of San Antonio - (TX),3611.0,O W Sommers,TX,Bexar,ERCO,Electric Utility,2,446.0,410.0,410.0,Natural Gas Steam Turbine,Natural gas,NG,ST,3.0,2029.0,(OP) Operating,29.308056,-98.3242
Retirement,733,Appalachian Power Co,3775.0,Clinch River,VA,Russell,PJM,Electric Utility,1,237.5,230.0,235.0,Natural Gas Steam Turbine,Natural gas,NG,ST,5.0,2030.0,(OP) Operating,36.9333,-82.1997
Retirement,733,Appalachian Power Co,3775.0,Clinch River,VA,Russell,PJM,Electric Utility,2,237.5,230.0,235.0,Natural Gas Steam Turbine,Natural gas,NG,ST,5.0,2030.0,(OP) Operating,36.9333,-82.1997
Retirement,13781,Northern States Power Co - Minnesota,4005.0,French Island,WI,La Crosse,MISO,Electric Utility,1,15.2,9.0,9.0,Municipal Solid Waste,Other renewables,MSW,ST,6.0,2030.0,(OP) Operating,43.8292,-91.2597
Retirement,13781,Northern States Power Co - Minnesota,4005.0,French Island,WI,La Crosse,MISO,Electric Utility,2,15.2,7.0,7.0,Municipal Solid Waste,Other renewables,MSW,ST,6.0,2030.0,(OP) Operating,43.8292,-91.2597
Retirement,13781,Northern States Power Co - Minnesota,4005.0,French Island,WI,La Crosse,MISO,Electric Utility,3,78.8,61.0,81.0,Petroleum Liquids,Other thermal,DFO,GT,6.0,2030.0,(OP) Operating,43.8292,-91.2597
Retirement,13781,Northern States Power Co - Minnesota,4005.0,French Island,WI,La Crosse,MISO,Electric Utility,4,78.8,58.0,78.0,Petroleum Liquids,Other thermal,DFO,GT,6.0,2030.0,(OP) Operating,43.8292,-91.2597
Retirement,13781,Northern States Power Co - Minnesota,4011.0,St Croix Falls,WI,Polk,MISO,Electric Utility,1,2.5,1.8,1.4,Conventional Hydroelectric,Hydro,WAT,HY,12.0,2027.0,(OP) Operating,45.41167,-92.6469
Retirement,13781,Northern States Power Co - Minnesota,4011.0,St Croix Falls,WI,Polk,MISO,Electric Utility,2,2.5,1.8,1.4,Conventional Hydroelectric,Hydro,WAT,HY,12.0,2027.0,(OP) Operating,45.41167,-92.6469
Retirement,13781,Northern States Power Co - Minnesota,4011.0,St Croix Falls,WI,Polk,MISO,Electric Utility,3,2.5,1.9,1.5,Conventional Hydroelectric,Hydro,WAT,HY,12.0,2027.0,(OP) Operating,45.41167,-92.6469
Retirement,13781,Northern States Power Co - Minnesota,4011.0,St Croix Falls,WI,Polk,MISO,Electric Utility,4,2.5,1.9,1.5,Conventional Hydroelectric,Hydro,WAT,HY,12.0,2027.0,(OP) Operating,45.41167,-92.6469
Retirement,13781,Northern States Power Co - Minnesota,4011.0,St Croix Falls,WI,Polk,MISO,Electric Utility,5,3.4,2.0,1.6,Conventional Hydroelectric,Hydro,WAT,HY,12.0,2027.0,(OP) Operating,45.41167,-92.6469
Retirement,13781,Northern States Power Co - Minnesota,4011.0,St Croix Falls,WI,Polk,MISO,Electric Utility,6,3.4,1.9,1.5,Conventional Hydroelectric,Hydro,WAT,HY,12.0,2027.0,(OP) Operating,45.41167,-92.6469
Retirement,13781,Northern States Power Co - Minnesota,4011.0,St Croix Falls,WI,Polk,MISO,Electric Utility,7,3.2,2.0,1.6,Conventional Hydroelectric,Hydro,WAT,HY,12.0,2027.0,(OP) Operating,45.41167,-92.6469
Retirement,13781,Northern States Power Co - Minnesota,4011.0,St Croix Falls,WI,Polk,MISO,Electric Utility,8,3.2,1.9,1.5,Conventional Hydroelectric,Hydro,WAT,HY,12.0,2027.0,(OP) Operating,45.41167,-92.6469
Retirement,20847,Wisconsin Electric Power Co,4041.0,South Oak Creek,WI,Milwaukee,MISO,Electric Utility,7,317.6,306.5,309.3,Conventional Steam Coal,Coal,SUB,ST,12.0,2027.0,(OP) Operating,42.8457,-87.8294
Retirement,20847,Wisconsin Electric Power Co,4041.0,South Oak Creek,WI,Milwaukee,MISO,Electric Utility,8,324.0,309.5,312.7,Conventional Steam Coal,Coal,SUB,ST,12.0,2027.0,(OP) Operating,42.8457,-87.8294
Retirement,14354,PacifiCorp,4158.0,Dave Johnston,WY,Converse,PACE,Electric Utility,3,229.5,220.0,220.0,Conventional Steam Coal,Coal,SUB,ST,12.0,2027.0,(OP) Operating,42.8378,-105.7769
Retirement,56606,Calpine New Jersey Generation LLC,5083.0,Cumberland (NJ),NJ,Cumberland,PJM,IPP Non-CHP,CUMB,99.4,86.9,99.0,Natural Gas Fired Combustion Turbine,Natural gas,NG,GT,6.0,2027.0,(OP) Operating,39.3757,-74.9654
Retirement,520,Illinois Power Generating Co,6017.0,Newton,IL,Jasper,MISO,IPP Non-CHP,1,617.4,595.0,615.0,Conventional Steam Coal,Coal,SUB,ST,12.0,2027.0,(OP) Operating,38.9361,-88.2781
Retirement,30151,"Tri-State G & T Assn, Inc",6021.0,Craig (CO),CO,Moffat,WACM,Electric Utility,1,446.4,427.0,427.0,Conventional Steam Coal,Coal,SUB,ST,9.0,2026.0,(OP) Operating,40.4627,-107.5912
Retirement,30151,"Tri-State G & T Assn, Inc",6021.0,Craig (CO),CO,Moffat,WACM,Electric Utility,2,446.4,410.0,410.0,Conventional Steam Coal,Coal,SUB,ST,9.0,2028.0,(OP) Operating,40.4627,-107.5912
Retirement,30151,"Tri-State G & T Assn, Inc",6021.0,Craig (CO),CO,Moffat,WACM,Electric Utility,3,534.8,448.0,448.0,Conventional Steam Coal,Coal,SUB,ST,12.0,2029.0,(OP) Operating,40.4627,-107.5912
Retirement,5109,DTE Electric Company,6034.0,Belle River,MI,St Clair,MISO,Electric Utility,ST1,697.5,635.0,635.0,Conventional Steam Coal,Coal,SUB,ST,12.0,2028.0,(OP) Operating,42.7756,-82.495
Retirement,5109,DTE Electric Company,6034.0,Belle River,MI,St Clair,MISO,Electric Utility,ST2,697.5,635.0,635.0,Conventional Steam Coal,Coal,SUB,ST,12.0,2028.0,(OP) Operating,42.7756,-82.495
Retirement,11843,Maui Electric Co Ltd,6056.0,Kahului,HI,Maui,,Electric Utility,1,5.0,4.7,4.7,Petroleum Liquids,Other thermal,RFO,ST,12.0,2028.0,(OP) Operating,20.896884,-156.4627
Retirement,11843,Maui Electric Co Ltd,6056.0,Kahului,HI,Maui,,Electric Utility,2,5.0,4.8,4.8,Petroleum Liquids,Other thermal,RFO,ST,12.0,2028.0,(OP) Operating,20.896884,-156.4627
Retirement,11843,Maui Electric Co Ltd,6056.0,Kahului,HI,Maui,,Electric Utility,3,11.5,11.0,11.0,Petroleum Liquids,Other thermal,RFO,ST,12.0,2028.0,(OP) Operating,20.896884,-156.4627
Retirement,11843,Maui Electric Co Ltd,6056.0,Kahului,HI,Maui,,Electric Utility,4,12.5,11.9,11.9,Petroleum Liquids,Other thermal,RFO,ST,12.0,2028.0,(OP) Operating,20.896884,-156.4627
Retirement,10000,Evergy Metro,6065.0,Iatan,MO,Platte,SWPP,Electric Utility,1,754.9,716.7,716.7,Conventional Steam Coal,Coal,SUB,ST,,2039.0,(OP) Operating,39.4472,-94.98
Retirement,22500,"Evergy Kansas Central, Inc",6068.0,Jeffrey Energy Center,KS,Pottawatomie,SWPP,Electric Utility,1,720.0,725.2,725.2,Conventional Steam Coal,Coal,SUB,ST,,2039.0,(OP) Operating,39.286453,-96.11723
Retirement,22500,"Evergy Kansas Central, Inc",6068.0,Jeffrey Energy Center,KS,Pottawatomie,SWPP,Electric Utility,3,720.0,731.8,731.8,Conventional Steam Coal,Coal,SUB,ST,,2030.0,(OP) Operating,39.286453,-96.11723
Retirement,12686,Mississippi Power Co,6073.0,Victor J Daniel Jr,MS,Jackson,SOCO,Electric Utility,1,548.3,502.0,502.0,Conventional Steam Coal,Coal,SUB,ST,12.0,2027.0,(OP) Operating,30.5322,-88.5553
Retirement,12686,Mississippi Power Co,6073.0,Victor J Daniel Jr,MS,Jackson,SOCO,Electric Utility,2,548.3,502.0,502.0,Conventional Steam Coal,Coal,SUB,ST,12.0,2027.0,(OP) Operating,30.5322,-88.5553
Retirement,13756,Northern Indiana Pub Serv Co,6085.0,R M Schahfer,IN,Jasper,MISO,Electric Utility,17,423.5,361.0,361.0,Conventional Steam Coal,Coal,BIT,ST,10.0,2026.0,(OP) Operating,41.2164,-87.0261
Retirement,13756,Northern Indiana Pub Serv Co,6085.0,R M Schahfer,IN,Jasper,MISO,Electric Utility,18,423.5,361.0,361.0,Conventional Steam Coal,Coal,BIT,ST,10.0,2026.0,(OP) Operating,41.2164,-87.0261
Retirement,13781,Northern States Power Co - Minnesota,6090.0,Sherburne County,MN,Sherburne,MISO,Electric Utility,1,765.3,680.0,680.0,Conventional Steam Coal,Coal,SUB,ST,12.0,2026.0,(OP) Operating,45.3808,-93.8931
Retirement,13781,Northern States Power Co - Minnesota,6090.0,Sherburne County,MN,Sherburne,MISO,Electric Utility,3,938.7,876.0,876.0,Conventional Steam Coal,Coal,SUB,ST,12.0,2034.0,(OP) Operating,45.3808,-93.8931
Retirement,9324,Indiana Michigan Power Co,6166.0,Rockport,IN,Spencer,PJM,Electric Utility,1,1300.0,1300.0,1299.0,Conventional Steam Coal,Coal,SUB,ST,12.0,2028.0,(OP) Operating,37.9256,-87.0372
Retirement,9324,Indiana Michigan Power Co,6166.0,Rockport,IN,Spencer,PJM,Electric Utility,2,1300.0,1300.0,1299.0,Conventional Steam Coal,Coal,SUB,ST,12.0,2028.0,(OP) Operating,37.9256,-87.0372
Retirement,16572,Salt River Project,6177.0,Coronado,AZ,Apache,SRP,Electric Utility,CO1,410.9,380.0,380.0,Conventional Steam Coal,Coal,SUB,ST,12.0,2032.0,(OP) Operating,34.5789,-109.2708
Retirement,16572,Salt River Project,6177.0,Coronado,AZ,Apache,SRP,Electric Utility,CO2,410.9,382.0,382.0,Conventional Steam Coal,Coal,SUB,ST,12.0,2032.0,(OP) Operating,34.5789,-109.2708
Retirement,17718,Southwestern Public Service Co,6193.0,Harrington,TX,Potter,SWPP,Electric Utility,1,360.0,339.0,339.0,Natural Gas Steam Turbine,Natural gas,NG,ST,12.0,2036.0,(OP) Operating,35.29816,-101.7472
Retirement,17718,Southwestern Public Service Co,6193.0,Harrington,TX,Potter,SWPP,Electric Utility,2,360.0,339.0,339.0,Natural Gas Steam Turbine,Natural gas,NG,ST,12.0,2038.0,(OP) Operating,35.29816,-101.7472
Retirement,17718,Southwestern Public Service Co,6193.0,Harrington,TX,Potter,SWPP,Electric Utility,3,360.0,340.0,340.0,Natural Gas Steam Turbine,Natural gas,NG,ST,12.0,2040.0,(OP) Operating,35.29816,-101.7472
Retirement,17718,Southwestern Public Service Co,6194.0,Tolk,TX,Lamb,SWPP,Electric Utility,1,567.9,532.0,532.0,Conventional Steam Coal,Coal,SUB,ST,12.0,2028.0,(OP) Operating,34.186494,-102.57
Retirement,17718,Southwestern Public Service Co,6194.0,Tolk,TX,Lamb,SWPP,Electric Utility,2,567.9,535.0,535.0,Conventional Steam Coal,Coal,SUB,ST,12.0,2028.0,(OP) Operating,34.186494,-102.57
Retirement,20169,Avista Corp,6210.0,Northeast (WA),WA,Spokane,AVA,Electric Utility,1,61.8,45.0,66.0,Natural Gas Fired Combustion Turbine,Natural gas,NG,GT,12.0,2035.0,(OP) Operating,47.73511,-117.3705
Retirement,5860,Empire District Electric Co,6223.0,Empire Energy Center,MO,Jasper,SWPP,Electric Utility,1,129.0,78.0,90.0,Natural Gas Fired Combustion Turbine,Natural gas,NG,GT,12.0,2035.0,(OP) Operating,37.1385,-94.1041
Retirement,5860,Empire District Electric Co,6223.0,Empire Energy Center,MO,Jasper,SWPP,Electric Utility,2,129.0,77.0,95.0,Natural Gas Fired Combustion Turbine,Natural gas,NG,GT,12.0,2035.0,(OP) Operating,37.1385,-94.1041
Retirement,13781,Northern States Power Co - Minnesota,6231.0,Apple River,WI,St Croix,MISO,Electric Utility,1,0.8,0.4,0.5,Conventional Hydroelectric,Hydro,WAT,HY,12.0,2044.0,(OP) Operating,45.157552,-92.71621
Retirement,13781,Northern States Power Co - Minnesota,6231.0,Apple River,WI,St Croix,MISO,Electric Utility,3,0.8,0.5,0.6,Conventional Hydroelectric,Hydro,WAT,HY,12.0,2044.0,(OP) Operating,45.157552,-92.71621
Retirement,13781,Northern States Power Co - Minnesota,6231.0,Apple River,WI,St Croix,MISO,Electric Utility,4,0.8,0.5,0.6,Conventional Hydroelectric,Hydro,WAT,HY,12.0,2044.0,(OP) Operating,45.157552,-92.71621
Retirement,17543,South Carolina Public Service Authority,6249.0,Winyah,SC,Georgetown,SC,Electric Utility,1,330.8,275.0,280.0,Conventional Steam Coal,Coal,BIT,ST,12.0,2030.0,(OP) Operating,33.33184,-79.35724
Retirement,17543,South Carolina Public Service Authority,6249.0,Winyah,SC,Georgetown,SC,Electric Utility,2,315.0,285.0,290.0,Conventional Steam Coal,Coal,BIT,ST,12.0,2030.0,(OP) Operating,33.33184,-79.35724
Retirement,17543,South Carolina Public Service Authority,6249.0,Winyah,SC,Georgetown,SC,Electric Utility,3,315.0,285.0,290.0,Conventional Steam Coal,Coal,BIT,ST,12.0,2030.0,(OP) Operating,33.33184,-79.35724
Retirement,17543,South Carolina Public Service Authority,6249.0,Winyah,SC,Georgetown,SC,Electric Utility,4,315.0,285.0,290.0,Conventional Steam Coal,Coal,BIT,ST,12.0,2030.0,(OP) Operating,33.33184,-79.35724
Retirement,3046,Duke Energy Progress - (NC),6250.0,Mayo,NC,Person,CPLE,Electric Utility,1,763.2,704.0,713.0,Conventional Steam Coal,Coal,BIT,ST,6.0,2031.0,(OP) Operating,36.5278,-78.8917
Retirement,10451,Kotzebue Electric Assn Inc,6304.0,Kotzebue Hybrid,AK,NORTHWEST ARCTIC,,Electric Utility,PV1,0.1,0.1,0.1,Solar Photovoltaic,Solar,SUN,PV,7.0,2040.0,(OP) Operating,66.837778,-162.5569
Retirement,10451,Kotzebue Electric Assn Inc,6304.0,Kotzebue Hybrid,AK,NORTHWEST ARCTIC,,Electric Utility,PV2,0.1,0.1,0.1,Solar Photovoltaic,Solar,SUN,PV,7.0,2040.0,(OP) Operating,66.837778,-162.5569
Retirement,10451,Kotzebue Electric Assn Inc,6304.0,Kotzebue Hybrid,AK,NORTHWEST ARCTIC,,Electric Utility,PV3,0.1,0.1,0.1,Solar Photovoltaic,Solar,SUN,PV,7.0,2040.0,(OP) Operating,66.837778,-162.5569
Retirement,10451,Kotzebue Electric Assn Inc,6304.0,Kotzebue Hybrid,AK,NORTHWEST ARCTIC,,Electric Utility,PV4,0.1,0.1,0.1,Solar Photovoltaic,Solar,SUN,PV,7.0,2040.0,(OP) Operating,66.837778,-162.5569
Retirement,10451,Kotzebue Electric Assn Inc,6304.0,Kotzebue Hybrid,AK,NORTHWEST ARCTIC,,Electric Utility,PV5,0.1,0.1,0.1,Solar Photovoltaic,Solar,SUN,PV,7.0,2040.0,(OP) Operating,66.837778,-162.5569
Retirement,10451,Kotzebue Electric Assn Inc,6304.0,Kotzebue Hybrid,AK,NORTHWEST ARCTIC,,Electric Utility,PV6,0.1,0.1,0.1,Solar Photovoltaic,Solar,SUN,PV,7.0,2040.0,(OP) Operating,66.837778,-162.5569
Retirement,10451,Kotzebue Electric Assn Inc,6304.0,Kotzebue Hybrid,AK,NORTHWEST ARCTIC,,Electric Utility,PV7,0.1,0.1,0.1,Solar Photovoltaic,Solar,SUN,PV,7.0,2040.0,(OP) Operating,66.837778,-162.5569
Retirement,10451,Kotzebue Electric Assn Inc,6304.0,Kotzebue Hybrid,AK,NORTHWEST ARCTIC,,Electric Utility,PV8,0.1,0.1,0.1,Solar Photovoltaic,Solar,SUN,PV,7.0,2040.0,(OP) Operating,66.837778,-162.5569
Retirement,17166,Sierra Pacific Power Co,6510.0,Brunswick,NV,Carson City,NEVP,Electric Utility,1,2.0,2.0,2.0,Petroleum Liquids,Other thermal,DFO,IC,9.0,2028.0,(OS) Out of service and NOT expected to return to service in next calendar year,39.1522,-119.7478
Retirement,17166,Sierra Pacific Power Co,6510.0,Brunswick,NV,Carson City,NEVP,Electric Utility,2,2.0,2.0,2.0,Petroleum Liquids,Other thermal,DFO,IC,9.0,2028.0,(OS) Out of service and NOT expected to return to service in next calendar year,39.1522,-119.7478
Retirement,17166,Sierra Pacific Power Co,6510.0,Brunswick,NV,Carson City,NEVP,Electric Utility,3,2.0,2.0,2.0,Petroleum Liquids,Other thermal,DFO,IC,9.0,2028.0,(OS) Out of service and NOT expected to return to service in next calendar year,39.1522,-119.7478
Retirement,56146,"Black Hills Colorado Electric, LLC",6516.0,Rocky Ford,CO,Otero,PSCO,Electric Utility,IC1A,2.0,2.0,2.0,Petroleum Liquids,Other thermal,DFO,IC,12.0,2029.0,(OP) Operating,38.0492,-103.7136
Retirement,56146,"Black Hills Colorado Electric, LLC",6516.0,Rocky Ford,CO,Otero,PSCO,Electric Utility,IC2,2.0,2.0,2.0,Petroleum Liquids,Other thermal,DFO,IC,12.0,2029.0,(OP) Operating,38.0492,-103.7136
Retirement,56146,"Black Hills Colorado Electric, LLC",6516.0,Rocky Ford,CO,Otero,PSCO,Electric Utility,IC3,2.0,2.0,2.0,Petroleum Liquids,Other thermal,DFO,IC,12.0,2029.0,(OP) Operating,38.0492,-103.7136
Retirement,56146,"Black Hills Colorado Electric, LLC",6516.0,Rocky Ford,CO,Otero,PSCO,Electric Utility,IC4,2.0,2.0,2.0,Petroleum Liquids,Other thermal,DFO,IC,12.0,2029.0,(OP) Operating,38.0492,-103.7136
Retirement,56146,"Black Hills Colorado Electric, LLC",6516.0,Rocky Ford,CO,Otero,PSCO,Electric Utility,IC5,2.0,2.0,2.0,Petroleum Liquids,Other thermal,DFO,IC,12.0,2029.0,(OP) Operating,38.0492,-103.7136
Retirement,15143,Platte River Power Authority,6761.0,Rawhide,CO,Larimer,PSCO,Electric Utility,1,293.6,280.0,280.0,Conventional Steam Coal,Coal,SUB,ST,12.0,2029.0,(OP) Operating,40.860905,-105.0212
Retirement,16604,City of San Antonio - (TX),7097.0,J K Spruce,TX,Bexar,ERCO,Electric Utility,1,566.0,560.0,560.0,Conventional Steam Coal,Coal,SUB,ST,12.0,2028.0,(OP) Operating,29.309722,-98.3203
Retirement,13781,Northern States Power Co - Minnesota,7237.0,Angus Anson,SD,Minnehaha,MISO,Electric Utility,1,119.7,97.0,115.0,Natural Gas Fired Combustion Turbine,Natural gas,NG,GT,12.0,2040.0,(OP) Operating,43.60347,-96.6356
Retirement,13781,Northern States Power Co - Minnesota,7237.0,Angus Anson,SD,Minnehaha,MISO,Electric Utility,2,119.7,99.0,118.0,Natural Gas Fired Combustion Turbine,Natural gas,NG,GT,12.0,2040.0,(OP) Operating,43.60347,-96.6356
Retirement,56606,Calpine New Jersey Generation LLC,7288.0,Sherman Avenue,NJ,Cumberland,PJM,IPP Non-CHP,SEHR,112.8,86.9,99.0,Natural Gas Fired Combustion Turbine,Natural gas,NG,GT,6.0,2027.0,(OP) Operating,39.451,-75.0578
Retirement,40437,Emerald People's Utility Dist,7413.0,Short Mountain,OR,Lane,PACW,Electric Utility,1,0.8,0.8,0.8,Landfill Gas,Other renewables,LFG,IC,12.0,2027.0,(OP) Operating,43.96211,-122.9974
Retirement,40437,Emerald People's Utility Dist,7413.0,Short Mountain,OR,Lane,PACW,Electric Utility,2,0.8,0.8,0.8,Landfill Gas,Other renewables,LFG,IC,12.0,2027.0,(OP) Operating,43.96211,-122.9974
Retirement,40437,Emerald People's Utility Dist,7413.0,Short Mountain,OR,Lane,PACW,Electric Utility,3,0.8,0.8,0.8,Landfill Gas,Other renewables,LFG,IC,12.0,2027.0,(OP) Operating,43.96211,-122.9974
Retirement,40437,Emerald People's Utility Dist,7413.0,Short Mountain,OR,Lane,PACW,Electric Utility,4,0.8,0.8,0.8,Landfill Gas,Other renewables,LFG,IC,12.0,2027.0,(OP) Operating,43.96211,-122.9974
Retirement,11626,City of Marceline - (MO),7470.0,Marceline,MO,Linn,MISO,Electric Utility,1,1.0,1.0,1.0,Petroleum Liquids,Other thermal,DFO,IC,12.0,2027.0,(SB) Standby/Backup: available for service but not normally used,39.716944,-92.94583
Retirement,11626,City of Marceline - (MO),7470.0,Marceline,MO,Linn,MISO,Electric Utility,2,3.0,3.0,3.0,Petroleum Liquids,Other thermal,DFO,IC,12.0,2027.0,(SB) Standby/Backup: available for service but not normally used,39.716944,-92.94583
Retirement,16534,Sacramento Municipal Util Dist,7526.0,Solano Wind,CA,Solano,CISO,Electric Utility,2,24.0,24.0,24.0,Onshore Wind Turbine,Wind,WND,WT,3.0,2028.0,(OP) Operating,38.116415,-121.769
Retirement,16534,Sacramento Municipal Util Dist,7526.0,Solano Wind,CA,Solano,CISO,Electric Utility,2B,63.0,63.0,63.0,Onshore Wind Turbine,Wind,WND,WT,3.0,2028.0,(OP) Operating,38.116415,-121.769
Retirement,56146,"Black Hills Colorado Electric, LLC",7995.0,Airport Industrial,CO,Pueblo,PSCO,Electric Utility,IC1,2.5,2.5,2.5,Petroleum Liquids,Other thermal,DFO,IC,12.0,2033.0,(OP) Operating,38.2844,-104.5308
Retirement,56146,"Black Hills Colorado Electric, LLC",7995.0,Airport Industrial,CO,Pueblo,PSCO,Electric Utility,IC2,2.5,2.5,2.5,Petroleum Liquids,Other thermal,DFO,IC,12.0,2033.0,(OP) Operating,38.2844,-104.5308
Retirement,56146,"Black Hills Colorado Electric, LLC",7995.0,Airport Industrial,CO,Pueblo,PSCO,Electric Utility,IC3,2.5,2.5,2.5,Petroleum Liquids,Other thermal,DFO,IC,12.0,2033.0,(OP) Operating,38.2844,-104.5308
Retirement,56146,"Black Hills Colorado Electric, LLC",7995.0,Airport Industrial,CO,Pueblo,PSCO,Electric Utility,IC4,2.5,2.5,2.5,Petroleum Liquids,Other thermal,DFO,IC,12.0,2033.0,(OP) Operating,38.2844,-104.5308
Retirement,20856,Wisconsin Power & Light Co,8023.0,Columbia (WI),WI,Columbia,MISO,Electric Utility,1,556.0,568.0,582.0,Conventional Steam Coal,Coal,SUB,ST,12.0,2029.0,(OP) Operating,43.4864,-89.4203
Retirement,20856,Wisconsin Power & Light Co,8023.0,Columbia (WI),WI,Columbia,MISO,Electric Utility,2,556.0,560.3,545.3,Conventional Steam Coal,Coal,SUB,ST,12.0,2029.0,(OP) Operating,43.4864,-89.4203
Retirement,18315,Sunflower Electric Power Corp,8037.0,Clifton,KS,Washington,SWPP,Electric Utility,1,85.0,76.2,76.2,Natural Gas Fired Combustion Turbine,Natural gas,NG,GT,6.0,2028.0,(OP) Operating,39.6125,-97.2778
Retirement,18315,Sunflower Electric Power Corp,8037.0,Clifton,KS,Washington,SWPP,Electric Utility,2,2.5,2.5,2.5,Petroleum Liquids,Other thermal,DFO,IC,6.0,2028.0,(SB) Standby/Backup: available for service but not normally used,39.6125,-97.2778
Retirement,12685,Entergy Mississippi LLC,8054.0,Gerald Andrus,MS,Washington,MISO,Electric Utility,1,781.4,701.1,720.1,Natural Gas Steam Turbine,Natural gas,NG,ST,6.0,2035.0,(OP) Operating,33.35,-91.1167
Retirement,11241,Entergy Louisiana LLC,8056.0,Waterford 1 & 2,LA,St Charles,MISO,Electric Utility,2,445.5,417.3,417.5,Natural Gas Steam Turbine,Natural gas,NG,ST,6.0,2028.0,(OP) Operating,29.998884,-90.47684
Retirement,15466,Public Service Co of Colorado,8067.0,Fort Lupton,CO,Weld,PSCO,Electric Utility,1,50.4,44.0,50.0,Natural Gas Fired Combustion Turbine,Natural gas,NG,GT,12.0,2028.0,(OP) Operating,40.0922,-104.796
Retirement,15466,Public Service Co of Colorado,8067.0,Fort Lupton,CO,Weld,PSCO,Electric Utility,2,50.4,44.0,50.0,Natural Gas Fired Combustion Turbine,Natural gas,NG,GT,12.0,2028.0,(OP) Operating,40.0922,-104.796
Retirement,3989,City of Colorado Springs - (CO),8219.0,Ray D Nixon,CO,El Paso,WACM,Electric Utility,1,207.0,195.0,195.0,Conventional Steam Coal,Coal,SUB,ST,12.0,2029.0,(OP) Operating,38.633451,-104.7058
Retirement,24211,Tucson Electric Power Co,8223.0,Springerville,AZ,Apache,TEPC,Electric Utility,1,424.8,381.0,381.0,Conventional Steam Coal,Coal,SUB,ST,12.0,2027.0,(OP) Operating,34.3186,-109.1639
Retirement,24211,Tucson Electric Power Co,8223.0,Springerville,AZ,Apache,TEPC,Electric Utility,2,424.8,406.0,406.0,Conventional Steam Coal,Coal,SUB,ST,12.0,2032.0,(OP) Operating,34.3186,-109.1639
Retirement,16868,City of Seattle - (WA),9842.0,Newhalem,WA,Whatcom,SCL,Electric Utility,20,2.3,2.3,2.3,Conventional Hydroelectric,Hydro,WAT,HY,12.0,2027.0,(OS) Out of service and NOT expected to return to service in next calendar year,48.675944,-121.2408
Retirement,3476,DTE San Diego COGEN Inc.,10175.0,Childrens Hospital,CA,San Diego,CISO,Commercial CHP,0799,2.0,2.0,2.0,Petroleum Liquids,Other thermal,DFO,IC,6.0,2028.0,(SB) Standby/Backup: available for service but not normally used,32.7992,-117.1517
Retirement,16732,San Jose State University Fclts Dev &Ops,10548.0,San Jose Cogeneration,CA,Santa Clara,CISO,Commercial CHP,GEN1,6.0,5.6,5.6,Natural Gas Fired Combustion Turbine,Natural gas,NG,GT,6.0,2030.0,(OP) Operating,37.336113,-121.8783
Retirement,19537,University of Texas at Austin,50118.0,Hal C Weaver Power Plant,TX,Travis,ERCO,Commercial CHP,GEN4,7.6,7.6,7.6,Natural Gas Fired Combined Cycle,Natural gas,NG,CA,1.0,2028.0,(OS) Out of service and NOT expected to return to service in next calendar year,30.2867,-97.7356
Retirement,19537,University of Texas at Austin,50118.0,Hal C Weaver Power Plant,TX,Travis,ERCO,Commercial CHP,GEN5,6.0,6.0,6.0,Natural Gas Fired Combined Cycle,Natural gas,NG,CA,1.0,2028.0,(SB) Standby/Backup: available for service but not normally used,30.2867,-97.7356
Retirement,2138,Brainerd Public Utilities,50636.0,Brainerd Public Utilities,MN,Crow Wing,MISO,Electric Utility,4,0.6,0.6,0.6,Conventional Hydroelectric,Hydro,WAT,HY,12.0,2028.0,(OA) Out of service but expected to return to service in next calendar year,46.3758,-94.1817
Retirement,56316,Reworld Tulsa LLC,50660.0,Reworld Tulsa,OK,Tulsa,SWPP,Commercial CHP,GEN1,16.8,15.6,15.8,Municipal Solid Waste,Other renewables,MSW,ST,12.0,2050.0,(OA) Out of service but expected to return to service in next calendar year,36.1319,-96.0181
Retirement,20854,Winnebago County - (WI),50936.0,Winnebago County Landfill Gas,WI,Winnebago,MISO,IPP Non-CHP,EG3,0.9,0.9,0.9,Landfill Gas,Other renewables,LFG,IC,12.0,2027.0,(OA) Out of service but expected to return to service in next calendar year,44.083,-88.5411
Retirement,10875,Lee County Board-Commissioners,52010.0,Lee County Solid Waste Energy,FL,Lee,FPL,IPP Non-CHP,GEN1,39.0,39.0,39.0,Municipal Solid Waste,Other renewables,MSW,ST,9.0,2029.0,(OP) Operating,26.631549,-81.76066
Retirement,10875,Lee County Board-Commissioners,52010.0,Lee County Solid Waste Energy,FL,Lee,FPL,IPP Non-CHP,GEN2,20.0,16.0,16.0,Municipal Solid Waste,Other renewables,MSW,ST,8.0,2072.0,(OP) Operating,26.631549,-81.76066
Retirement,65384,"Cartier Energy, LLC",52061.0,Hartford Hospital Cogeneration,CT,Hartford,ISNE,Commercial CHP,GEN3,6.2,6.2,6.2,Natural Gas Fired Combined Cycle,Natural gas,NG,CT,12.0,2027.0,(OP) Operating,41.7631,-72.6733
Retirement,65384,"Cartier Energy, LLC",52061.0,Hartford Hospital Cogeneration,CT,Hartford,ISNE,Commercial CHP,GEN4,1.4,1.4,1.4,Other Natural Gas,Natural gas,NG,FC,6.0,2029.0,(OP) Operating,41.7631,-72.6733
Retirement,16553,Saguaro Power Co,54271.0,Saguaro Power,NV,Clark,NEVP,IPP CHP,CTG1,45.1,36.0,38.0,Natural Gas Fired Combined Cycle,Natural gas,NG,CT,12.0,2032.0,(OP) Operating,36.0417,-115.0117
Retirement,16553,Saguaro Power Co,54271.0,Saguaro Power,NV,Clark,NEVP,IPP CHP,CTG2,45.1,36.0,38.0,Natural Gas Fired Combined Cycle,Natural gas,NG,CT,12.0,2032.0,(OP) Operating,36.0417,-115.0117
Retirement,16553,Saguaro Power Co,54271.0,Saguaro Power,NV,Clark,NEVP,IPP CHP,STG,37.0,29.0,29.0,Natural Gas Fired Combined Cycle,Natural gas,NG,CA,12.0,2032.0,(OP) Operating,36.0417,-115.0117
Retirement,13365,Nevada Cogeneration Assoc # 2,54349.0,Nevada Cogen Associates 2 Black Mountain,NV,Clark,NEVP,IPP CHP,GTA,22.2,21.7,21.7,Natural Gas Fired Combined Cycle,Natural gas,NG,CT,10.0,2030.0,(OP) Operating,36.2253,-114.8783
Retirement,13365,Nevada Cogeneration Assoc # 2,54349.0,Nevada Cogen Associates 2 Black Mountain,NV,Clark,NEVP,IPP CHP,GTB,22.2,21.7,21.7,Natural Gas Fired Combined Cycle,Natural gas,NG,CT,10.0,2030.0,(OP) Operating,36.2253,-114.8783
Retirement,13365,Nevada Cogeneration Assoc # 2,54349.0,Nevada Cogen Associates 2 Black Mountain,NV,Clark,NEVP,IPP CHP,GTC,22.2,21.7,21.7,Natural Gas Fired Combined Cycle,Natural gas,NG,CT,10.0,2030.0,(OP) Operating,36.2253,-114.8783
Retirement,13365,Nevada Cogeneration Assoc # 2,54349.0,Nevada Cogen Associates 2 Black Mountain,NV,Clark,NEVP,IPP CHP,STM,29.7,28.0,28.0,Natural Gas Fired Combined Cycle,Natural gas,NG,CA,10.0,2030.0,(OP) Operating,36.2253,-114.8783
Retirement,13399,Nevada Cogeneration Assoc # 1,54350.0,Nevada Cogen Assoc#1 GarnetVly,NV,Clark,NEVP,IPP CHP,GTA,21.7,20.5,22.0,Natural Gas Fired Combined Cycle,Natural gas,NG,CT,12.0,2032.0,(OP) Operating,36.343229,-114.9207
Retirement,13399,Nevada Cogeneration Assoc # 1,54350.0,Nevada Cogen Assoc#1 GarnetVly,NV,Clark,NEVP,IPP CHP,GTB,21.7,20.5,22.0,Natural Gas Fired Combined Cycle,Natural gas,NG,CT,12.0,2032.0,(OP) Operating,36.343229,-114.9207
Retirement,13399,Nevada Cogeneration Assoc # 1,54350.0,Nevada Cogen Assoc#1 GarnetVly,NV,Clark,NEVP,IPP CHP,GTC,21.7,20.5,22.0,Natural Gas Fired Combined Cycle,Natural gas,NG,CT,12.0,2032.0,(OP) Operating,36.343229,-114.9207
Retirement,13399,Nevada Cogeneration Assoc # 1,54350.0,Nevada Cogen Assoc#1 GarnetVly,NV,Clark,NEVP,IPP CHP,STM,29.7,24.0,19.0,Natural Gas Fired Combined Cycle,Natural gas,NG,CA,12.0,2032.0,(OP) Operating,36.343229,-114.9207
Retirement,60538,Vitro Architectural Glass,54364.0,Works 4,TX,Wichita,ERCO,Industrial Non-CHP,L2G,2.0,2.0,2.0,Petroleum Liquids,Other thermal,DFO,IC,11.0,2029.0,(SB) Standby/Backup: available for service but not normally used,34.003489,-98.55354
Retirement,17283,Seneca Energy II,54782.0,Seneca Energy,NY,Seneca,NYIS,IPP Non-CHP,GE10,0.8,0.8,0.8,Landfill Gas,Other renewables,LFG,IC,6.0,2027.0,(OP) Operating,42.9281,-76.8408
Retirement,17283,Seneca Energy II,54782.0,Seneca Energy,NY,Seneca,NYIS,IPP Non-CHP,GE11,0.8,0.8,0.8,Landfill Gas,Other renewables,LFG,IC,6.0,2027.0,(OP) Operating,42.9281,-76.8408
Retirement,17283,Seneca Energy II,54782.0,Seneca Energy,NY,Seneca,NYIS,IPP Non-CHP,GE12,0.8,0.8,0.8,Landfill Gas,Other renewables,LFG,IC,6.0,2027.0,(OP) Operating,42.9281,-76.8408
Retirement,17283,Seneca Energy II,54782.0,Seneca Energy,NY,Seneca,NYIS,IPP Non-CHP,GE13,0.8,0.8,0.8,Landfill Gas,Other renewables,LFG,IC,6.0,2027.0,(OP) Operating,42.9281,-76.8408
Retirement,17283,Seneca Energy II,54782.0,Seneca Energy,NY,Seneca,NYIS,IPP Non-CHP,GE14,0.8,0.8,0.8,Landfill Gas,Other renewables,LFG,IC,6.0,2027.0,(OP) Operating,42.9281,-76.8408
Retirement,17283,Seneca Energy II,54782.0,Seneca Energy,NY,Seneca,NYIS,IPP Non-CHP,GEN5,0.8,0.8,0.8,Landfill Gas,Other renewables,LFG,IC,6.0,2027.0,(OP) Operating,42.9281,-76.8408
Retirement,17283,Seneca Energy II,54782.0,Seneca Energy,NY,Seneca,NYIS,IPP Non-CHP,GEN6,0.8,0.8,0.8,Landfill Gas,Other renewables,LFG,IC,6.0,2027.0,(OP) Operating,42.9281,-76.8408
Retirement,17283,Seneca Energy II,54782.0,Seneca Energy,NY,Seneca,NYIS,IPP Non-CHP,GEN7,0.8,0.8,0.8,Landfill Gas,Other renewables,LFG,IC,6.0,2027.0,(OP) Operating,42.9281,-76.8408
Retirement,17283,Seneca Energy II,54782.0,Seneca Energy,NY,Seneca,NYIS,IPP Non-CHP,GEN8,0.8,0.8,0.8,Landfill Gas,Other renewables,LFG,IC,6.0,2027.0,(OP) Operating,42.9281,-76.8408
Retirement,17283,Seneca Energy II,54782.0,Seneca Energy,NY,Seneca,NYIS,IPP Non-CHP,GEN9,0.8,0.8,0.8,Landfill Gas,Other renewables,LFG,IC,6.0,2027.0,(OP) Operating,42.9281,-76.8408
Retirement,6667,Ergon Refining Inc,54918.0,Ergon Refining Vicksburg,MS,Warren,MISO,Industrial CHP,TMO1,4.8,4.5,4.7,Natural Gas Fired Combustion Turbine,Natural gas,NG,GT,9.0,2027.0,(OP) Operating,32.388271,-90.90834
Retirement,13157,City of Omaha - (NE),55027.0,Papillion Creek Wastewater,NE,Sarpy,SWPP,Commercial CHP,951,0.5,0.5,0.5,Other Waste Biomass,Other renewables,OBG,IC,9.0,2026.0,(OP) Operating,41.0772,-95.87
Retirement,13157,City of Omaha - (NE),55027.0,Papillion Creek Wastewater,NE,Sarpy,SWPP,Commercial CHP,952,0.5,0.5,0.5,Other Waste Biomass,Other renewables,OBG,IC,9.0,2026.0,(OP) Operating,41.0772,-95.87
Retirement,13157,City of Omaha - (NE),55027.0,Papillion Creek Wastewater,NE,Sarpy,SWPP,Commercial CHP,953,0.5,0.5,0.5,Other Waste Biomass,Other renewables,OBG,IC,9.0,2026.0,(OP) Operating,41.0772,-95.87
Retirement,14354,PacifiCorp,55662.0,Chehalis Generating Facility,WA,Lewis,BPAT,Electric Utility,CA,195.5,157.0,167.0,Natural Gas Fired Combined Cycle,Natural gas,NG,CA,12.0,2043.0,(OP) Operating,46.6225,-122.9131
Retirement,14354,PacifiCorp,55662.0,Chehalis Generating Facility,WA,Lewis,BPAT,Electric Utility,CT1,198.9,160.0,170.0,Natural Gas Fired Combined Cycle,Natural gas,NG,CT,12.0,2043.0,(OP) Operating,46.6225,-122.9131
Retirement,14354,PacifiCorp,55662.0,Chehalis Generating Facility,WA,Lewis,BPAT,Electric Utility,CT2,198.9,160.0,170.0,Natural Gas Fired Combined Cycle,Natural gas,NG,CT,12.0,2043.0,(OP) Operating,46.6225,-122.9131
Retirement,66075,"Old Gold Energy Center, LLC",55804.0,"Old Gold Energy Center, LLC",IA,Worth,MISO,IPP Non-CHP,NM,80.0,80.0,80.0,Onshore Wind Turbine,Wind,WND,WT,9.0,2027.0,(OP) Operating,43.3833,-93.4167
Retirement,54878,Oregon Environmental Industries LLC,56461.0,Dry Creek LFG to Energy Project,OR,Jackson,PACW,Commercial Non-CHP,DC1,1.6,1.5,1.5,Landfill Gas,Other renewables,LFG,IC,7.0,2026.0,(OP) Operating,42.3844,-122.7718
Retirement,54878,Oregon Environmental Industries LLC,56461.0,Dry Creek LFG to Energy Project,OR,Jackson,PACW,Commercial Non-CHP,DC2,1.6,1.5,1.5,Landfill Gas,Other renewables,LFG,IC,7.0,2026.0,(OP) Operating,42.3844,-122.7718
Retirement,21158,City of Zeeland - (MI),56503.0,Riley Generating Station,MI,Ottawa,MISO,Electric Utility,1,2.0,2.0,2.0,Natural Gas Internal Combustion Engine,Natural gas,NG,IC,6.0,2050.0,(OP) Operating,42.8333,-86.0053
Retirement,21158,City of Zeeland - (MI),56503.0,Riley Generating Station,MI,Ottawa,MISO,Electric Utility,2,2.0,2.0,2.0,Natural Gas Internal Combustion Engine,Natural gas,NG,IC,6.0,2050.0,(OP) Operating,42.8333,-86.0053
Retirement,21158,City of Zeeland - (MI),56503.0,Riley Generating Station,MI,Ottawa,MISO,Electric Utility,3,2.0,2.0,2.0,Natural Gas Internal Combustion Engine,Natural gas,NG,IC,6.0,2050.0,(OP) Operating,42.8333,-86.0053
Retirement,21158,City of Zeeland - (MI),56503.0,Riley Generating Station,MI,Ottawa,MISO,Electric Utility,4,2.0,2.0,2.0,Natural Gas Internal Combustion Engine,Natural gas,NG,IC,6.0,2050.0,(OP) Operating,42.8333,-86.0053
Retirement,21158,City of Zeeland - (MI),56503.0,Riley Generating Station,MI,Ottawa,MISO,Electric Utility,5,2.0,2.0,2.0,Natural Gas Internal Combustion Engine,Natural gas,NG,IC,6.0,2050.0,(OP) Operating,42.8333,-86.0053
Retirement,21158,City of Zeeland - (MI),56504.0,Municipal Power Plant,MI,Ottawa,MISO,Electric Utility,1,1.0,1.0,1.0,Natural Gas Internal Combustion Engine,Natural gas,NG,IC,6.0,2047.0,(SB) Standby/Backup: available for service but not normally used,42.8129,-86.0335
Retirement,21158,City of Zeeland - (MI),56504.0,Municipal Power Plant,MI,Ottawa,MISO,Electric Utility,2,1.0,1.0,1.0,Natural Gas Internal Combustion Engine,Natural gas,NG,IC,6.0,2047.0,(SB) Standby/Backup: available for service but not normally used,42.8129,-86.0335
Retirement,327,Air Liquide Large Industries U S LP,56787.0,Geismar Cogen,LA,Ascension,MISO,Industrial CHP,GTG,83.9,72.5,71.3,Natural Gas Fired Combustion Turbine,Natural gas,NG,GT,6.0,2030.0,(OP) Operating,30.209,-90.9921
Retirement,56128,SAS Institute Inc,56915.0,SAS Solar Farm,NC,Wake,CPLE,IPP Non-CHP,3,0.5,0.5,0.5,Solar Photovoltaic,Solar,SUN,PV,10.0,2030.0,(OP) Operating,35.8136,-78.7503
Retirement,56128,SAS Institute Inc,56915.0,SAS Solar Farm,NC,Wake,CPLE,IPP Non-CHP,4,0.5,0.5,0.5,Solar Photovoltaic,Solar,SUN,PV,10.0,2030.0,(OP) Operating,35.8136,-78.7503
Retirement,65384,"Cartier Energy, LLC",57179.0,HSCo CHP,CT,Hartford,ISNE,Commercial CHP,1,4.0,3.5,4.0,Natural Gas Fired Combustion Turbine,Natural gas,NG,GT,10.0,2039.0,(OP) Operating,41.7614,-72.6686
Retirement,15477,Public Service Elec & Gas Co,57341.0,Silver Lake Solar Farm,NJ,Middlesex,PJM,Electric Utility,SILV,1.7,1.7,1.7,Solar Photovoltaic,Solar,SUN,PV,12.0,2030.0,(OP) Operating,40.494804,-74.39951
Retirement,15477,Public Service Elec & Gas Co,57352.0,Trenton Solar Farm,NJ,Mercer,PJM,Electric Utility,TREN,1.0,1.0,1.0,Solar Photovoltaic,Solar,SUN,PV,12.0,2030.0,(OP) Operating,40.2314,-74.7539
Retirement,15477,Public Service Elec & Gas Co,57381.0,Linden Solar Farm,NJ,Union,PJM,Electric Utility,LIND,2.7,2.7,2.7,Solar Photovoltaic,Solar,SUN,PV,12.0,2030.0,(OP) Operating,40.62,-74.2144
Retirement,15477,Public Service Elec & Gas Co,57382.0,Yardville Solar Farm,NJ,Mercer,PJM,Electric Utility,YARD,3.6,3.6,3.6,Solar Photovoltaic,Solar,SUN,PV,12.0,2030.0,(OP) Operating,40.168811,-74.65672
Retirement,15477,Public Service Elec & Gas Co,57383.0,WEA Texas Bayonne,NJ,Hudson,PJM,Electric Utility,BAYO,1.5,1.5,1.5,Solar Photovoltaic,Solar,SUN,PV,12.0,2030.0,(OP) Operating,40.6772,-74.0919
Retirement,15477,Public Service Elec & Gas Co,57384.0,Matrix Buildings A&B (Perth Amboy) Solar,NJ,Middlesex,PJM,Electric Utility,MATR,2.5,2.5,2.5,Solar Photovoltaic,Solar,SUN,PV,12.0,2031.0,(OP) Operating,40.534393,-74.27
Retirement,56742,Notus Clean Energy LLC,57414.0,Notus Wind 1,MA,Barnstable,ISNE,IPP Non-CHP,1,1.7,1.7,1.7,Onshore Wind Turbine,Wind,WND,WT,7.0,2035.0,(OP) Operating,41.6083,-70.6089
Retirement,56778,Bloom Energy 2009 PPA,57460.0,Caltech Central,CA,Los Angeles,CISO,IPP Non-CHP,CL00,0.1,0.1,0.1,Other Natural Gas,Natural gas,NG,FC,3.0,2031.0,(OP) Operating,34.1358,-118.1267
Retirement,56778,Bloom Energy 2009 PPA,57460.0,Caltech Central,CA,Los Angeles,CISO,IPP Non-CHP,CL01,0.1,0.1,0.1,Other Natural Gas,Natural gas,NG,FC,3.0,2031.0,(OP) Operating,34.1358,-118.1267
Retirement,56778,Bloom Energy 2009 PPA,57460.0,Caltech Central,CA,Los Angeles,CISO,IPP Non-CHP,CL02,0.1,0.1,0.1,Other Natural Gas,Natural gas,NG,FC,3.0,2031.0,(OP) Operating,34.1358,-118.1267
Retirement,56778,Bloom Energy 2009 PPA,57460.0,Caltech Central,CA,Los Angeles,CISO,IPP Non-CHP,CL03,0.1,0.1,0.1,Other Natural Gas,Natural gas,NG,FC,3.0,2031.0,(OP) Operating,34.1358,-118.1267
Retirement,56778,Bloom Energy 2009 PPA,57460.0,Caltech Central,CA,Los Angeles,CISO,IPP Non-CHP,CL04,0.1,0.1,0.1,Other Natural Gas,Natural gas,NG,FC,3.0,2031.0,(OP) Operating,34.1358,-118.1267
Retirement,56778,Bloom Energy 2009 PPA,57460.0,Caltech Central,CA,Los Angeles,CISO,IPP Non-CHP,CL05,0.1,0.1,0.1,Other Natural Gas,Natural gas,NG,FC,3.0,2031.0,(OP) Operating,34.1358,-118.1267
Retirement,56778,Bloom Energy 2009 PPA,57460.0,Caltech Central,CA,Los Angeles,CISO,IPP Non-CHP,CL06,0.1,0.1,0.1,Other Natural Gas,Natural gas,NG,FC,3.0,2031.0,(OP) Operating,34.1358,-118.1267
Retirement,56778,Bloom Energy 2009 PPA,57460.0,Caltech Central,CA,Los Angeles,CISO,IPP Non-CHP,CL07,0.1,0.1,0.1,Other Natural Gas,Natural gas,NG,FC,3.0,2031.0,(OP) Operating,34.1358,-118.1267
Retirement,56778,Bloom Energy 2009 PPA,57460.0,Caltech Central,CA,Los Angeles,CISO,IPP Non-CHP,CL08,0.1,0.1,0.1,Other Natural Gas,Natural gas,NG,FC,3.0,2031.0,(OP) Operating,34.1358,-118.1267
Retirement,56778,Bloom Energy 2009 PPA,57460.0,Caltech Central,CA,Los Angeles,CISO,IPP Non-CHP,CL09,0.1,0.1,0.1,Other Natural Gas,Natural gas,NG,FC,3.0,2031.0,(OP) Operating,34.1358,-118.1267
Retirement,56778,Bloom Energy 2009 PPA,57460.0,Caltech Central,CA,Los Angeles,CISO,IPP Non-CHP,CL10,0.1,0.1,0.1,Other Natural Gas,Natural gas,NG,FC,3.0,2031.0,(OP) Operating,34.1358,-118.1267
Retirement,56898,City of Sunnyvale WPCP - (CA),57557.0,Sunnyvale City of WPCP,CA,Santa Clara,CISO,Electric Utility,S-14,0.8,0.8,0.8,Other Waste Biomass,Other renewables,OBG,IC,11.0,2028.0,(OP) Operating,37.4194,-122.0153
Retirement,15477,Public Service Elec & Gas Co,57588.0,Matrix Stults Road Solar Facility,NJ,Middlesex,PJM,Electric Utility,STULT,2.6,2.6,2.6,Solar Photovoltaic,Solar,SUN,PV,12.0,2031.0,(OP) Operating,40.3622,-74.4797
Retirement,56953,"Bos Dairy, LLC",57625.0,"Bos Dairy, LLC",IN,Jasper,MISO,Industrial Non-CHP,BOS4,1.0,0.9,0.9,Natural Gas Internal Combustion Engine,Natural gas,NG,IC,7.0,2026.0,(OP) Operating,41.1153,-87.2328
Retirement,56998,"Macys Corporate Services, Inc",57673.0,Macys Goodyear,AZ,Maricopa,AZPS,Commercial Non-CHP,1,3.1,3.1,3.1,Solar Photovoltaic,Solar,SUN,PV,12.0,2035.0,(OP) Operating,33.409063,-112.4146
Retirement,15477,Public Service Elec & Gas Co,57724.0,NJMC Landfill,NJ,Hudson,PJM,Electric Utility,NJMC,2.5,2.5,2.5,Solar Photovoltaic,Solar,SUN,PV,12.0,2031.0,(OP) Operating,40.750833,-74.11
Retirement,15477,Public Service Elec & Gas Co,57726.0,Summit Associates,NJ,Middlesex,PJM,Electric Utility,SUMA,1.9,1.9,1.9,Solar Photovoltaic,Solar,SUN,PV,12.0,2031.0,(OP) Operating,40.5003,-74.3536
Retirement,15477,Public Service Elec & Gas Co,57727.0,BlackRock-Matrix,NJ,Middlesex,PJM,Electric Utility,BLAR,2.5,2.5,2.5,Solar Photovoltaic,Solar,SUN,PV,12.0,2032.0,(OP) Operating,40.3622,-74.4797
Retirement,15477,Public Service Elec & Gas Co,57728.0,Mill Creek Solar,NJ,Burlington,PJM,Electric Utility,MILLC,3.5,3.5,3.5,Solar Photovoltaic,Solar,SUN,PV,12.0,2031.0,(OP) Operating,40.031388,-74.82472
Retirement,61944,MN8 Energy LLC,57868.0,L'Oreal Piscataway,NJ,Middlesex,PJM,IPP Non-CHP,UNIT1,0.5,0.5,0.5,Solar Photovoltaic,Solar,SUN,PV,12.0,2026.0,(OP) Operating,40.554341,-74.46801
Retirement,61944,MN8 Energy LLC,57868.0,L'Oreal Piscataway,NJ,Middlesex,PJM,IPP Non-CHP,UNIT2,0.3,0.3,0.3,Solar Photovoltaic,Solar,SUN,PV,12.0,2026.0,(OP) Operating,40.554341,-74.46801
Retirement,61944,MN8 Energy LLC,57868.0,L'Oreal Piscataway,NJ,Middlesex,PJM,IPP Non-CHP,UNIT3,0.3,0.3,0.3,Solar Photovoltaic,Solar,SUN,PV,12.0,2026.0,(OP) Operating,40.554341,-74.46801
Retirement,61944,MN8 Energy LLC,57868.0,L'Oreal Piscataway,NJ,Middlesex,PJM,IPP Non-CHP,UNIT4,0.7,0.7,0.7,Solar Photovoltaic,Solar,SUN,PV,8.0,2031.0,(OP) Operating,40.554341,-74.46801
Retirement,56997,Marina Energy LLC,57869.0,Heller Industrial Parks,NJ,Middlesex,PJM,IPP Non-CHP,HH,0.5,0.5,0.5,Solar Photovoltaic,Solar,SUN,PV,2.0,2027.0,(OP) Operating,40.373898,-74.48924
Retirement,56997,Marina Energy LLC,57869.0,Heller Industrial Parks,NJ,Middlesex,PJM,IPP Non-CHP,HII,0.4,0.4,0.4,Solar Photovoltaic,Solar,SUN,PV,2.0,2027.0,(OP) Operating,40.373898,-74.48924
Retirement,56997,Marina Energy LLC,57869.0,Heller Industrial Parks,NJ,Middlesex,PJM,IPP Non-CHP,HJC,0.2,0.2,0.2,Solar Photovoltaic,Solar,SUN,PV,2.0,2027.0,(OP) Operating,40.373898,-74.48924
Retirement,56997,Marina Energy LLC,57869.0,Heller Industrial Parks,NJ,Middlesex,PJM,IPP Non-CHP,HM,0.8,0.8,0.8,Solar Photovoltaic,Solar,SUN,PV,5.0,2028.0,(OP) Operating,40.373898,-74.48924
Retirement,56997,Marina Energy LLC,57869.0,Heller Industrial Parks,NJ,Middlesex,PJM,IPP Non-CHP,UNIT1,2.7,2.7,2.7,Solar Photovoltaic,Solar,SUN,PV,2.0,2027.0,(OP) Operating,40.373898,-74.48924
Retirement,16612,City & County of San Francisco - (CA),57971.0,SF Southeast Cogen Plant,CA,San Francisco,CISO,Commercial CHP,COGEN,2.1,1.5,1.5,Other Waste Biomass,Other renewables,OBG,IC,6.0,2028.0,(OP) Operating,37.739722,-122.3925
Retirement,17718,Southwestern Public Service Co,58125.0,Quay County,NM,Quay,SWPP,Electric Utility,1,27.0,17.0,23.0,Petroleum Liquids,Other thermal,DFO,GT,12.0,2034.0,(OP) Operating,35.182778,-103.7311
Retirement,58152,Amherst College,58185.0,Amherst College Co Gen,MA,Hampshire,ISNE,Commercial CHP,CTG,1.2,1.2,1.2,Natural Gas Fired Combustion Turbine,Natural gas,NG,GT,6.0,2029.0,(OP) Operating,42.371667,-72.51222
Retirement,15477,Public Service Elec & Gas Co,58877.0,Kinsley Landfill Solar,NJ,Gloucester,PJM,Electric Utility,KINS,8.6,8.6,8.6,Solar Photovoltaic,Solar,SUN,PV,12.0,2035.0,(OP) Operating,39.793333,-75.10639
Retirement,57170,"EDF Renewable Asset Holdings, Inc.",58979.0,Copenhagen Wind Farm,NY,Lewis,NYIS,IPP Non-CHP,CPHGN,79.9,79.9,79.9,Onshore Wind Turbine,Wind,WND,WT,12.0,2043.0,(OP) Operating,43.913056,-75.69861
Retirement,15477,Public Service Elec & Gas Co,59001.0,Parkland Landfill Solar,NJ,Burlington,PJM,Electric Utility,PARK,7.8,7.8,7.8,Solar Photovoltaic,Solar,SUN,PV,12.0,2035.0,(OP) Operating,40.1275,-74.71083
Retirement,17718,Southwestern Public Service Co,59247.0,Hale Community Wind Farm,TX,Hale,SWPP,Electric Utility,HALE1,478.0,478.0,478.0,Onshore Wind Turbine,Wind,WND,WT,12.0,2044.0,(OP) Operating,33.927778,-101.7422
Retirement,15477,Public Service Elec & Gas Co,59601.0,L&D Landfill Solar,NJ,Burlington,PJM,Electric Utility,L&D,10.0,10.0,10.0,Solar Photovoltaic,Solar,SUN,PV,12.0,2035.0,(OP) Operating,39.980278,-74.77028
Retirement,59550,Croda Inc.,59783.0,Croda Atlas Point CHP,DE,New Castle,PJM,Industrial CHP,91197,1.1,1.1,1.1,Landfill Gas,Other renewables,LFG,IC,8.0,2033.0,(OP) Operating,39.693333,-75.54306
Retirement,59550,Croda Inc.,59783.0,Croda Atlas Point CHP,DE,New Castle,PJM,Industrial CHP,91198,1.1,1.1,1.1,Landfill Gas,Other renewables,LFG,IC,8.0,2033.0,(OP) Operating,39.693333,-75.54306
Retirement,59550,Croda Inc.,59783.0,Croda Atlas Point CHP,DE,New Castle,PJM,Industrial CHP,91199,2.0,2.0,2.0,Landfill Gas,Other renewables,LFG,IC,8.0,2033.0,(OP) Operating,39.693333,-75.54306
Retirement,59711,Bakersfield 111 LLC,59948.0,Bakersfield 111,CA,Kern,PACW,IPP Non-CHP,BF111,1.4,1.4,1.4,Solar Photovoltaic,Solar,SUN,PV,7.0,2035.0,(OP) Operating,35.317551,-118.9899
Retirement,19497,United Illuminating Co,60040.0,UI RCP New Haven Fuel Cell,CT,New Haven,ISNE,Electric Utility,NHFC,2.8,2.5,2.5,Other Natural Gas,Natural gas,NG,FC,8.0,2035.0,(OP) Operating,41.288803,-72.89862
Retirement,19497,United Illuminating Co,60054.0,UI RCP Bridgeport Seaside,CT,Fairfield,ISNE,Electric Utility,BPFC,2.8,2.5,2.5,Other Natural Gas,Natural gas,NG,FC,11.0,2035.0,(OP) Operating,41.157591,-73.20808
Retirement,19497,United Illuminating Co,60054.0,UI RCP Bridgeport Seaside,CT,Fairfield,ISNE,Electric Utility,BPPV,2.2,2.0,2.0,Solar Photovoltaic,Solar,SUN,PV,4.0,2036.0,(OP) Operating,41.157591,-73.20808
Retirement,59885,"UIL Distributed Resources, LLC",60109.0,UDR Glastonbury Fuel Cell,CT,Hartford,ISNE,IPP Non-CHP,UDRFC,3.4,2.5,3.1,Other Natural Gas,Natural gas,NG,FC,2.0,2036.0,(OP) Operating,41.716998,-72.53608
Retirement,60164,ILR Landfill,60375.0,ILR Landfill,NJ,Middlesex,PJM,Electric Utility,ILR1,6.6,6.6,6.6,Solar Photovoltaic,Solar,SUN,PV,12.0,2036.0,(OP) Operating,40.470539,-74.38362
Retirement,19497,United Illuminating Co,60593.0,UI RCP Woodbridge FC,CT,New Haven,ISNE,Electric Utility,WBFC,2.8,2.2,2.2,Other Natural Gas,Natural gas,NG,FC,12.0,2036.0,(OP) Operating,41.358035,-73.00781
Retirement,61944,MN8 Energy LLC,60709.0,IFF Hazlet,NJ,Monmouth,PJM,IPP Non-CHP,GRND,3.0,3.0,3.0,Solar Photovoltaic,Solar,SUN,PV,12.0,2028.0,(OP) Operating,40.43819,-74.16015
Retirement,56997,Marina Energy LLC,60759.0,Freeze Solar,NJ,Middlesex,PJM,IPP Non-CHP,PV1,1.5,1.5,1.5,Solar Photovoltaic,Solar,SUN,PV,1.0,2028.0,(OP) Operating,40.376292,-74.52785
Retirement,60462,Community Foodbank of NJ,60776.0,Community Foodbank of NJ,NJ,Union,PJM,Electric Utility,FDBNK,1.0,1.0,1.0,Solar Photovoltaic,Solar,SUN,PV,12.0,2032.0,(OP) Operating,40.697259,-74.21224
Retirement,60455,"PVN Milliken, LLC",60790.0,"PVN Milliken, LLC",CA,San Bernardino,CISO,IPP Non-CHP,PV,3.0,3.0,3.0,Solar Photovoltaic,Solar,SUN,PV,7.0,2047.0,(OP) Operating,34.038433,-117.5658
Retirement,61944,MN8 Energy LLC,60802.0,ACCC Mays Landing,NJ,Atlantic,PJM,IPP Non-CHP,PV1,1.4,1.4,1.4,Solar Photovoltaic,Solar,SUN,PV,12.0,2028.0,(OP) Operating,39.460566,-74.68093
Retirement,61091,Hopewell Valley High School,61473.0,Hopewell Valley High School Hybrid,NJ,Mercer,PJM,Electric Utility,BA1,1.0,1.0,1.0,Batteries,Battery storage,MWH,BA,12.0,2035.0,(OP) Operating,40.328005,-74.8049
Retirement,61091,Hopewell Valley High School,61473.0,Hopewell Valley High School Hybrid,NJ,Mercer,PJM,Electric Utility,HWVHS,0.9,0.9,0.9,Solar Photovoltaic,Solar,SUN,PV,12.0,2035.0,(OP) Operating,40.328005,-74.8049
Retirement,219,Alaska Power and Telephone Co,61685.0,Slana Generating Station ,AK,Southeast Fairbanks,,Electric Utility,1,0.4,0.4,0.4,Petroleum Liquids,Other thermal,DFO,IC,8.0,2026.0,(OS) Out of service and NOT expected to return to service in next calendar year,62.592756,-143.5889
Retirement,61364,Lockheed Martin RMS Syracuse,61739.0,Lockheed Martin RMS Syracuse,NY,Onondaga,NYIS,Industrial Non-CHP,SYR1,1.0,1.0,1.0,Batteries,Battery storage,MWH,BA,8.0,2027.0,(OS) Out of service and NOT expected to return to service in next calendar year,43.109574,-76.18922
Retirement,61597,Caldwell Wastewater Treatment Plant,62027.0,Caldwell Wastewater Treatment Plant Hybr,NJ,Essex,PJM,Electric Utility,BAT1,1.0,0.5,0.5,Batteries,Battery storage,MWH,BA,12.0,2036.0,(OP) Operating,40.838568,-74.31248
Retirement,61597,Caldwell Wastewater Treatment Plant,62027.0,Caldwell Wastewater Treatment Plant Hybr,NJ,Essex,PJM,Electric Utility,PV1,0.7,0.7,0.7,Solar Photovoltaic,Solar,SUN,PV,12.0,2036.0,(OP) Operating,40.838568,-74.31248
Retirement,61612,"Panda Solar NC 1, LLC",62089.0,"Panda Solar NC 1, LLC",NC,Robeson,CPLE,IPP Non-CHP,20002,1.0,1.0,1.0,Solar Photovoltaic,Solar,SUN,PV,4.0,2049.0,(OP) Operating,34.436698,-79.09021
Retirement,61655,"Panda Solar NC 2, LLC",62120.0,"Panda Solar NC 2, LLC",NC,Robeson,CPLE,IPP Non-CHP,20003,2.0,2.0,2.0,Solar Photovoltaic,Solar,SUN,PV,4.0,2049.0,(OP) Operating,34.4384,-79.0847
Retirement,61656,"Panda Solar NC 3, LLC",62121.0,"Panda Solar NC 3, LLC",NC,Robeson,CPLE,IPP Non-CHP,20011,2.0,2.0,2.0,Solar Photovoltaic,Solar,SUN,PV,6.0,2049.0,(OP) Operating,34.631814,-79.09067
Retirement,61658,"Panda Solar NC 5, LLC",62123.0,"Panda Solar NC 5, LLC",NC,Cumberland,CPLE,IPP Non-CHP,20007,1.0,1.0,1.0,Solar Photovoltaic,Solar,SUN,PV,6.0,2049.0,(OP) Operating,35.047153,-78.81048
Retirement,61660,"Panda Solar NC 6, LLC",62124.0,"Panda Solar NC 6, LLC",NC,Columbus,CPLE,IPP Non-CHP,20028,1.0,1.0,1.0,Solar Photovoltaic,Solar,SUN,PV,6.0,2049.0,(OP) Operating,34.353586,-78.7874
Retirement,61661,"Panda Solar NC 8, LLC",62126.0,"Panda Solar NC 8, LLC",NC,Moore,CPLE,IPP Non-CHP,20052,2.0,2.0,2.0,Solar Photovoltaic,Solar,SUN,PV,9.0,2049.0,(OP) Operating,35.420931,-79.70596
Retirement,61662,"Panda Solar NC 9, LLC",62127.0,"Panda Solar NC 9, LLC",NC,Cumberland,CPLE,IPP Non-CHP,20022,2.0,2.0,2.0,Solar Photovoltaic,Solar,SUN,PV,6.0,2049.0,(OP) Operating,34.910856,-78.9136
Retirement,61663,"Panda Solar NC 10, LLC",62128.0,"Panda Solar NC 10, LLC",NC,Cumberland,CPLE,IPP Non-CHP,20031,2.0,2.0,2.0,Solar Photovoltaic,Solar,SUN,PV,6.0,2049.0,(OP) Operating,34.909631,-78.913
Retirement,61664,"Panda Solar NC 11, LLC",62129.0,"Panda Solar NC 11, LLC",NC,Cumberland,CPLE,IPP Non-CHP,20032,2.0,2.0,2.0,Solar Photovoltaic,Solar,SUN,PV,6.0,2049.0,(OP) Operating,34.908589,-78.91248
Retirement,64783,Spanish Peaks Solar LLC,62379.0,Spanish Peaks Solar,CO,Las Animas,PSCO,IPP Non-CHP,47301,140.0,140.0,140.0,Solar Photovoltaic,Solar,SUN,PV,12.0,2058.0,(OP) Operating,37.378,-104.475
Retirement,56997,Marina Energy LLC,62438.0,Heller 400M,NJ,Middlesex,PJM,IPP Non-CHP,A,0.8,0.8,0.8,Solar Photovoltaic,Solar,SUN,PV,5.0,2028.0,(OP) Operating,40.4987,-74.3878
Retirement,56997,Marina Energy LLC,62438.0,Heller 400M,NJ,Middlesex,PJM,IPP Non-CHP,B,0.2,0.2,0.2,Solar Photovoltaic,Solar,SUN,PV,5.0,2028.0,(OP) Operating,40.4987,-74.3878
Retirement,56997,Marina Energy LLC,62438.0,Heller 400M,NJ,Middlesex,PJM,IPP Non-CHP,C,0.2,0.2,0.2,Solar Photovoltaic,Solar,SUN,PV,5.0,2028.0,(OP) Operating,40.4987,-74.3878
Retirement,59474,BQ Energy LLC,62737.0,West Valley West,NY,Cattaraugus,NYIS,IPP Non-CHP,WVW,5.0,5.0,5.0,Solar Photovoltaic,Solar,SUN,PV,12.0,2057.0,(OP) Operating,42.442927,-78.63214
Retirement,59474,BQ Energy LLC,62738.0,West Valley East,NY,Cattaraugus,NYIS,IPP Non-CHP,WVE,5.0,5.0,5.0,Solar Photovoltaic,Solar,SUN,PV,12.0,2057.0,(OP) Operating,42.443632,-78.63213
Retirement,63631,Capital V LLC,63024.0,"Hertford Solar Power, LLC",NC,Hertford,PJM,IPP Non-CHP,KEH,10.0,10.0,10.0,Solar Photovoltaic,Solar,SUN,PV,1.0,2061.0,(OP) Operating,36.268007,-77.02821
Retirement,60474,"Vanguard Energy Partners, LLC",63200.0,"Bergenmand Solar Partners, LLC Mahwah",NJ,Bergen,PJM,IPP Non-CHP,SA1,0.5,0.5,0.1,Solar Photovoltaic,Solar,SUN,PV,7.0,2027.0,(OP) Operating,41.079073,-74.15001
Retirement,60474,"Vanguard Energy Partners, LLC",63200.0,"Bergenmand Solar Partners, LLC Mahwah",NJ,Bergen,PJM,IPP Non-CHP,SA2,0.5,0.5,0.1,Solar Photovoltaic,Solar,SUN,PV,7.0,2027.0,(OP) Operating,41.079073,-74.15001
Retirement,66130,Dynamic Energy Holdings LLC,63230.0,Knaggs Brothers Farm,NY,Albany,NYIS,Industrial Non-CHP,KNAGG,4.5,4.5,1.6,Solar Photovoltaic,Solar,SUN,PV,12.0,2048.0,(OP) Operating,42.73035,-73.9691
Retirement,66130,Dynamic Energy Holdings LLC,63297.0,Hobart & William Smith College Gates Rd.,NY,Ontario,NYIS,Commercial Non-CHP,GATES,2.4,2.4,0.9,Solar Photovoltaic,Solar,SUN,PV,12.0,2047.0,(OP) Operating,42.86228,-77.05058
Retirement,66130,Dynamic Energy Holdings LLC,63298.0,"Barrette Outdoor Living, Inc.",NJ,Atlantic,PJM,Industrial Non-CHP,BARRE,1.9,1.9,0.7,Solar Photovoltaic,Solar,SUN,PV,4.0,2049.0,(OP) Operating,39.4877,-74.60035
Retirement,17718,Southwestern Public Service Co,63578.0,Sagamore Wind,NM,Roosevelt,SWPP,Electric Utility,SWF01,522.0,522.0,522.0,Onshore Wind Turbine,Wind,WND,WT,12.0,2050.0,(OP) Operating,33.938421,-103.1846
Retirement,63424,"Silverstrand Grid, LLC",63735.0,Silverstrand Grid Energy Storage System,CA,Ventura,CISO,IPP Non-CHP,SLV01,11.0,11.0,11.0,Batteries,Battery storage,MWH,BA,4.0,2041.0,(OA) Out of service but expected to return to service in next calendar year,34.20774,-119.0798
Retirement,63451,"Madero Grid, LLC",63757.0,Madero Grid,TX,Hidalgo,ERCO,IPP Non-CHP,MAD01,100.0,100.0,100.0,Batteries,Battery storage,MWH,BA,6.0,2042.0,(OP) Operating,26.169846,-98.32979
Retirement,59474,BQ Energy LLC,63774.0,Mount Kisco Landfill Solar & Storage CSG,NY,Westchester,NYIS,IPP Non-CHP,KISCB,0.7,0.5,0.5,Batteries,Battery storage,MWH,BA,12.0,2035.0,(OP) Operating,41.195478,-73.73606
Retirement,63723,"Ignacio Grid, LLC",64089.0,Ignacio Grid Energy Storage System,TX,Hidalgo,ERCO,IPP Non-CHP,IGN01,100.0,100.0,100.0,Batteries,Battery storage,MWH,BA,6.0,2042.0,(OP) Operating,26.166944,-98.325
Retirement,62915,Madison Energy Holdings LLC,64270.0,"ESCA-LL-COLTON, LLC",CA,San Bernardino,CISO,IPP Non-CHP,COLT1,2.6,2.6,2.6,Solar Photovoltaic,Solar,SUN,PV,12.0,2045.0,(OP) Operating,34.03925,-117.3606
Retirement,64170,Camden Solar LLC,64535.0,Camden Solar LLC,NC,Camden,PJM,IPP Non-CHP,KOV4A,20.0,20.0,20.0,Solar Photovoltaic,Solar,SUN,PV,11.0,2056.0,(OP) Operating,36.30786,-76.14449
Retirement,62836,Navisun LLC,64706.0,Acushnet MA 1,MA,Bristol,ISNE,IPP Non-CHP,ACNT1,1.0,1.0,1.0,Solar Photovoltaic,Solar,SUN,PV,12.0,2063.0,(OP) Operating,41.697,-70.903
Retirement,64393,"Tulare Solar Center, LLC",64909.0,Luciana,CA,Tulare,CISO,IPP Non-CHP,TSC,55.8,55.8,55.8,Solar Photovoltaic,Solar,SUN,PV,4.0,2057.0,(OP) Operating,35.823716,-119.0623
Retirement,64390,Brighter Future Solar LLC,64910.0,Brighter Future Solar,NC,Caldwell,DUK,IPP Non-CHP,BFSNC,11.0,11.0,11.0,Solar Photovoltaic,Solar,SUN,PV,1.0,2052.0,(OP) Operating,35.816094,-81.37166
Retirement,64400,Flower Valley,64915.0,Flower Valley I,TX,Reeves,ERCO,IPP Non-CHP,FLRV1,9.9,9.9,9.9,Batteries,Battery storage,MWH,BA,8.0,2032.0,(OP) Operating,31.197283,-103.3618
Retirement,64726,"Rivers Electric, LLC",65399.0,Mill Pond Hydro,NY,Greene,NYIS,IPP Non-CHP,U2,0.5,0.5,0.5,Conventional Hydroelectric,Hydro,WAT,HY,6.0,2027.0,(OP) Operating,42.252975,-73.89795
Retirement,15477,Public Service Elec & Gas Co,65465.0,Cinnaminson Landfill Solar,NJ,Burlington,PJM,Electric Utility,CINN,10.0,10.0,10.0,Solar Photovoltaic,Solar,SUN,PV,12.0,2039.0,(OP) Operating,40.01583,-74.98355
Retirement,15477,Public Service Elec & Gas Co,65466.0,Kinsley II Landfill Solar System,NJ,Gloucester,PJM,Electric Utility,KINS2,3.8,3.8,3.8,Solar Photovoltaic,Solar,SUN,PV,12.0,2040.0,(OP) Operating,39.79271,-75.11138
Retirement,15477,Public Service Elec & Gas Co,65467.0,Pennsauken Brownfield Solar,NJ,Camden,PJM,Electric Utility,PENN,12.0,12.0,12.0,Solar Photovoltaic,Solar,SUN,PV,12.0,2039.0,(OP) Operating,39.96307,-75.07949
Retirement,15477,Public Service Elec & Gas Co,65468.0,Highland Park Borough Solar,NJ,Middlesex,PJM,Electric Utility,HIGH,0.5,0.5,0.5,Solar Photovoltaic,Solar,SUN,PV,12.0,2039.0,(OP) Operating,40.4966,-74.41746
Retirement,15477,Public Service Elec & Gas Co,65468.0,Highland Park Borough Solar,NJ,Middlesex,PJM,Electric Utility,HPBA,0.6,0.6,0.6,Batteries,Battery storage,MWH,BA,12.0,2039.0,(OP) Operating,40.4966,-74.41746
Retirement,66926,Bullrock-NxtGenREA,65826.0,Day Hollow Road Community Solar,NY,Tioga,NYIS,IPP Non-CHP,1829,5.0,5.0,5.0,Solar Photovoltaic,Solar,SUN,PV,1.0,2054.0,(OP) Operating,42.113052,-76.17806
Retirement,65572,Greene Community Solar LLC,66524.0,Greene Community Solar,NY,Chenango,NYIS,IPP Non-CHP,20738,5.0,5.0,5.0,Solar Photovoltaic,Solar,SUN,PV,12.0,2059.0,(OP) Operating,42.252071,-75.82642
Retirement,62836,Navisun LLC,67902.0,BWC Jimmie Pond,ME,Penobscot,ISNE,IPP Non-CHP,HAMPD,5.0,5.0,5.0,Solar Photovoltaic,Solar,SUN,PV,12.0,2045.0,(OP) Operating,44.75093,-68.84456
Retirement,66963,"Dominguez Grid, LLC",68596.0,Dominguez Energy Storage,UT,Salt Lake,PACE,IPP Non-CHP,DES1,200.0,200.0,200.0,Batteries,Battery storage,MWH,BA,12.0,2055.0,(OP) Operating,40.762899,-112.005
Retirement,67623,Marvin,69725.0,Warroad Factory,MN,Roseau,MISO,Industrial Non-CHP,4N,0.5,0.5,0.5,Petroleum Liquids,Other thermal,DFO,IC,12.0,2030.0,(SB) Standby/Backup: available for service but not normally used,48.916352,-95.32646
Retirement,67623,Marvin,69725.0,Warroad Factory,MN,Roseau,MISO,Industrial Non-CHP,4S,0.5,0.5,0.5,Petroleum Liquids,Other thermal,DFO,IC,12.0,2030.0,(SB) Standby/Backup: available for service but not normally used,48.916352,-95.32646
Retirement,67623,Marvin,69725.0,Warroad Factory,MN,Roseau,MISO,Industrial Non-CHP,5,0.5,0.5,0.5,Petroleum Liquids,Other thermal,DFO,IC,12.0,2030.0,(SB) Standby/Backup: available for service but not normally used,48.916352,-95.32646
