Date,Series,Dimension,Value,Series ID,BLS Series ID,Metric,Unit,Seasonality,Source,Attribution boundary
2020-01-01,All full-time workers,All,367.0,LES1252881600Q,LES1252881600,Real median usual weekly earnings,constant 1982-84 dollars per week,Seasonally adjusted,BLS Current Population Survey,Median real earnings for full-time wage and salary workers; not AI-specific and not a measure of household wealth or total compensation.
2020-04-01,All full-time workers,All,393.0,LES1252881600Q,LES1252881600,Real median usual weekly earnings,constant 1982-84 dollars per week,Seasonally adjusted,BLS Current Population Survey,Median real earnings for full-time wage and salary workers; not AI-specific and not a measure of household wealth or total compensation.
2020-07-01,All full-time workers,All,384.0,LES1252881600Q,LES1252881600,Real median usual weekly earnings,constant 1982-84 dollars per week,Seasonally adjusted,BLS Current Population Survey,Median real earnings for full-time wage and salary workers; not AI-specific and not a measure of household wealth or total compensation.
2020-10-01,All full-time workers,All,376.0,LES1252881600Q,LES1252881600,Real median usual weekly earnings,constant 1982-84 dollars per week,Seasonally adjusted,BLS Current Population Survey,Median real earnings for full-time wage and salary workers; not AI-specific and not a measure of household wealth or total compensation.
2021-01-01,All full-time workers,All,373.0,LES1252881600Q,LES1252881600,Real median usual weekly earnings,constant 1982-84 dollars per week,Seasonally adjusted,BLS Current Population Survey,Median real earnings for full-time wage and salary workers; not AI-specific and not a measure of household wealth or total compensation.
2021-04-01,All full-time workers,All,371.0,LES1252881600Q,LES1252881600,Real median usual weekly earnings,constant 1982-84 dollars per week,Seasonally adjusted,BLS Current Population Survey,Median real earnings for full-time wage and salary workers; not AI-specific and not a measure of household wealth or total compensation.
2021-07-01,All full-time workers,All,367.0,LES1252881600Q,LES1252881600,Real median usual weekly earnings,constant 1982-84 dollars per week,Seasonally adjusted,BLS Current Population Survey,Median real earnings for full-time wage and salary workers; not AI-specific and not a measure of household wealth or total compensation.
2021-10-01,All full-time workers,All,361.0,LES1252881600Q,LES1252881600,Real median usual weekly earnings,constant 1982-84 dollars per week,Seasonally adjusted,BLS Current Population Survey,Median real earnings for full-time wage and salary workers; not AI-specific and not a measure of household wealth or total compensation.
2022-01-01,All full-time workers,All,363.0,LES1252881600Q,LES1252881600,Real median usual weekly earnings,constant 1982-84 dollars per week,Seasonally adjusted,BLS Current Population Survey,Median real earnings for full-time wage and salary workers; not AI-specific and not a measure of household wealth or total compensation.
2022-04-01,All full-time workers,All,359.0,LES1252881600Q,LES1252881600,Real median usual weekly earnings,constant 1982-84 dollars per week,Seasonally adjusted,BLS Current Population Survey,Median real earnings for full-time wage and salary workers; not AI-specific and not a measure of household wealth or total compensation.
2022-07-01,All full-time workers,All,362.0,LES1252881600Q,LES1252881600,Real median usual weekly earnings,constant 1982-84 dollars per week,Seasonally adjusted,BLS Current Population Survey,Median real earnings for full-time wage and salary workers; not AI-specific and not a measure of household wealth or total compensation.
2022-10-01,All full-time workers,All,362.0,LES1252881600Q,LES1252881600,Real median usual weekly earnings,constant 1982-84 dollars per week,Seasonally adjusted,BLS Current Population Survey,Median real earnings for full-time wage and salary workers; not AI-specific and not a measure of household wealth or total compensation.
2023-01-01,All full-time workers,All,364.0,LES1252881600Q,LES1252881600,Real median usual weekly earnings,constant 1982-84 dollars per week,Seasonally adjusted,BLS Current Population Survey,Median real earnings for full-time wage and salary workers; not AI-specific and not a measure of household wealth or total compensation.
2023-04-01,All full-time workers,All,365.0,LES1252881600Q,LES1252881600,Real median usual weekly earnings,constant 1982-84 dollars per week,Seasonally adjusted,BLS Current Population Survey,Median real earnings for full-time wage and salary workers; not AI-specific and not a measure of household wealth or total compensation.
2023-07-01,All full-time workers,All,366.0,LES1252881600Q,LES1252881600,Real median usual weekly earnings,constant 1982-84 dollars per week,Seasonally adjusted,BLS Current Population Survey,Median real earnings for full-time wage and salary workers; not AI-specific and not a measure of household wealth or total compensation.
2023-10-01,All full-time workers,All,369.0,LES1252881600Q,LES1252881600,Real median usual weekly earnings,constant 1982-84 dollars per week,Seasonally adjusted,BLS Current Population Survey,Median real earnings for full-time wage and salary workers; not AI-specific and not a measure of household wealth or total compensation.
2024-01-01,All full-time workers,All,365.0,LES1252881600Q,LES1252881600,Real median usual weekly earnings,constant 1982-84 dollars per week,Seasonally adjusted,BLS Current Population Survey,Median real earnings for full-time wage and salary workers; not AI-specific and not a measure of household wealth or total compensation.
2024-04-01,All full-time workers,All,368.0,LES1252881600Q,LES1252881600,Real median usual weekly earnings,constant 1982-84 dollars per week,Seasonally adjusted,BLS Current Population Survey,Median real earnings for full-time wage and salary workers; not AI-specific and not a measure of household wealth or total compensation.
2024-07-01,All full-time workers,All,371.0,LES1252881600Q,LES1252881600,Real median usual weekly earnings,constant 1982-84 dollars per week,Seasonally adjusted,BLS Current Population Survey,Median real earnings for full-time wage and salary workers; not AI-specific and not a measure of household wealth or total compensation.
2024-10-01,All full-time workers,All,374.0,LES1252881600Q,LES1252881600,Real median usual weekly earnings,constant 1982-84 dollars per week,Seasonally adjusted,BLS Current Population Survey,Median real earnings for full-time wage and salary workers; not AI-specific and not a measure of household wealth or total compensation.
2025-01-01,All full-time workers,All,373.0,LES1252881600Q,LES1252881600,Real median usual weekly earnings,constant 1982-84 dollars per week,Seasonally adjusted,BLS Current Population Survey,Median real earnings for full-time wage and salary workers; not AI-specific and not a measure of household wealth or total compensation.
2025-04-01,All full-time workers,All,376.0,LES1252881600Q,LES1252881600,Real median usual weekly earnings,constant 1982-84 dollars per week,Seasonally adjusted,BLS Current Population Survey,Median real earnings for full-time wage and salary workers; not AI-specific and not a measure of household wealth or total compensation.
2025-07-01,All full-time workers,All,376.0,LES1252881600Q,LES1252881600,Real median usual weekly earnings,constant 1982-84 dollars per week,Seasonally adjusted,BLS Current Population Survey,Median real earnings for full-time wage and salary workers; not AI-specific and not a measure of household wealth or total compensation.
2026-01-01,All full-time workers,All,376.0,LES1252881600Q,LES1252881600,Real median usual weekly earnings,constant 1982-84 dollars per week,Seasonally adjusted,BLS Current Population Survey,Median real earnings for full-time wage and salary workers; not AI-specific and not a measure of household wealth or total compensation.
2026-04-01,All full-time workers,All,378.0,LES1252881600Q,LES1252881600,Real median usual weekly earnings,constant 1982-84 dollars per week,Seasonally adjusted,BLS Current Population Survey,Median real earnings for full-time wage and salary workers; not AI-specific and not a measure of household wealth or total compensation.
1979-01-01,Men,Sex,408.0,LES1252881900Q,LES1252881900,Real median usual weekly earnings,constant 1982-84 dollars per week,Seasonally adjusted,BLS Current Population Survey,Median real earnings for full-time wage and salary workers; not AI-specific and not a measure of household wealth or total compensation.
1979-04-01,Men,Sex,405.0,LES1252881900Q,LES1252881900,Real median usual weekly earnings,constant 1982-84 dollars per week,Seasonally adjusted,BLS Current Population Survey,Median real earnings for full-time wage and salary workers; not AI-specific and not a measure of household wealth or total compensation.
1979-07-01,Men,Sex,399.0,LES1252881900Q,LES1252881900,Real median usual weekly earnings,constant 1982-84 dollars per week,Seasonally adjusted,BLS Current Population Survey,Median real earnings for full-time wage and salary workers; not AI-specific and not a measure of household wealth or total compensation.
1979-10-01,Men,Sex,393.0,LES1252881900Q,LES1252881900,Real median usual weekly earnings,constant 1982-84 dollars per week,Seasonally adjusted,BLS Current Population Survey,Median real earnings for full-time wage and salary workers; not AI-specific and not a measure of household wealth or total compensation.
1980-01-01,Men,Sex,385.0,LES1252881900Q,LES1252881900,Real median usual weekly earnings,constant 1982-84 dollars per week,Seasonally adjusted,BLS Current Population Survey,Median real earnings for full-time wage and salary workers; not AI-specific and not a measure of household wealth or total compensation.
1980-04-01,Men,Sex,378.0,LES1252881900Q,LES1252881900,Real median usual weekly earnings,constant 1982-84 dollars per week,Seasonally adjusted,BLS Current Population Survey,Median real earnings for full-time wage and salary workers; not AI-specific and not a measure of household wealth or total compensation.
1980-07-01,Men,Sex,380.0,LES1252881900Q,LES1252881900,Real median usual weekly earnings,constant 1982-84 dollars per week,Seasonally adjusted,BLS Current Population Survey,Median real earnings for full-time wage and salary workers; not AI-specific and not a measure of household wealth or total compensation.
1980-10-01,Men,Sex,377.0,LES1252881900Q,LES1252881900,Real median usual weekly earnings,constant 1982-84 dollars per week,Seasonally adjusted,BLS Current Population Survey,Median real earnings for full-time wage and salary workers; not AI-specific and not a measure of household wealth or total compensation.
1981-01-01,Men,Sex,376.0,LES1252881900Q,LES1252881900,Real median usual weekly earnings,constant 1982-84 dollars per week,Seasonally adjusted,BLS Current Population Survey,Median real earnings for full-time wage and salary workers; not AI-specific and not a measure of household wealth or total compensation.
1981-04-01,Men,Sex,373.0,LES1252881900Q,LES1252881900,Real median usual weekly earnings,constant 1982-84 dollars per week,Seasonally adjusted,BLS Current Population Survey,Median real earnings for full-time wage and salary workers; not AI-specific and not a measure of household wealth or total compensation.
1981-07-01,Men,Sex,369.0,LES1252881900Q,LES1252881900,Real median usual weekly earnings,constant 1982-84 dollars per week,Seasonally adjusted,BLS Current Population Survey,Median real earnings for full-time wage and salary workers; not AI-specific and not a measure of household wealth or total compensation.
1981-10-01,Men,Sex,375.0,LES1252881900Q,LES1252881900,Real median usual weekly earnings,constant 1982-84 dollars per week,Seasonally adjusted,BLS Current Population Survey,Median real earnings for full-time wage and salary workers; not AI-specific and not a measure of household wealth or total compensation.
1982-01-01,Men,Sex,374.0,LES1252881900Q,LES1252881900,Real median usual weekly earnings,constant 1982-84 dollars per week,Seasonally adjusted,BLS Current Population Survey,Median real earnings for full-time wage and salary workers; not AI-specific and not a measure of household wealth or total compensation.
1982-04-01,Men,Sex,379.0,LES1252881900Q,LES1252881900,Real median usual weekly earnings,constant 1982-84 dollars per week,Seasonally adjusted,BLS Current Population Survey,Median real earnings for full-time wage and salary workers; not AI-specific and not a measure of household wealth or total compensation.
1982-07-01,Men,Sex,378.0,LES1252881900Q,LES1252881900,Real median usual weekly earnings,constant 1982-84 dollars per week,Seasonally adjusted,BLS Current Population Survey,Median real earnings for full-time wage and salary workers; not AI-specific and not a measure of household wealth or total compensation.
1982-10-01,Men,Sex,377.0,LES1252881900Q,LES1252881900,Real median usual weekly earnings,constant 1982-84 dollars per week,Seasonally adjusted,BLS Current Population Survey,Median real earnings for full-time wage and salary workers; not AI-specific and not a measure of household wealth or total compensation.
1983-01-01,Men,Sex,381.0,LES1252881900Q,LES1252881900,Real median usual weekly earnings,constant 1982-84 dollars per week,Seasonally adjusted,BLS Current Population Survey,Median real earnings for full-time wage and salary workers; not AI-specific and not a measure of household wealth or total compensation.
1983-04-01,Men,Sex,379.0,LES1252881900Q,LES1252881900,Real median usual weekly earnings,constant 1982-84 dollars per week,Seasonally adjusted,BLS Current Population Survey,Median real earnings for full-time wage and salary workers; not AI-specific and not a measure of household wealth or total compensation.
1983-07-01,Men,Sex,384.0,LES1252881900Q,LES1252881900,Real median usual weekly earnings,constant 1982-84 dollars per week,Seasonally adjusted,BLS Current Population Survey,Median real earnings for full-time wage and salary workers; not AI-specific and not a measure of household wealth or total compensation.
1983-10-01,Men,Sex,376.0,LES1252881900Q,LES1252881900,Real median usual weekly earnings,constant 1982-84 dollars per week,Seasonally adjusted,BLS Current Population Survey,Median real earnings for full-time wage and salary workers; not AI-specific and not a measure of household wealth or total compensation.
1984-01-01,Men,Sex,375.0,LES1252881900Q,LES1252881900,Real median usual weekly earnings,constant 1982-84 dollars per week,Seasonally adjusted,BLS Current Population Survey,Median real earnings for full-time wage and salary workers; not AI-specific and not a measure of household wealth or total compensation.
1984-04-01,Men,Sex,376.0,LES1252881900Q,LES1252881900,Real median usual weekly earnings,constant 1982-84 dollars per week,Seasonally adjusted,BLS Current Population Survey,Median real earnings for full-time wage and salary workers; not AI-specific and not a measure of household wealth or total compensation.
1984-07-01,Men,Sex,377.0,LES1252881900Q,LES1252881900,Real median usual weekly earnings,constant 1982-84 dollars per week,Seasonally adjusted,BLS Current Population Survey,Median real earnings for full-time wage and salary workers; not AI-specific and not a measure of household wealth or total compensation.
1984-10-01,Men,Sex,378.0,LES1252881900Q,LES1252881900,Real median usual weekly earnings,constant 1982-84 dollars per week,Seasonally adjusted,BLS Current Population Survey,Median real earnings for full-time wage and salary workers; not AI-specific and not a measure of household wealth or total compensation.
1985-01-01,Men,Sex,376.0,LES1252881900Q,LES1252881900,Real median usual weekly earnings,constant 1982-84 dollars per week,Seasonally adjusted,BLS Current Population Survey,Median real earnings for full-time wage and salary workers; not AI-specific and not a measure of household wealth or total compensation.
1985-04-01,Men,Sex,381.0,LES1252881900Q,LES1252881900,Real median usual weekly earnings,constant 1982-84 dollars per week,Seasonally adjusted,BLS Current Population Survey,Median real earnings for full-time wage and salary workers; not AI-specific and not a measure of household wealth or total compensation.
1985-07-01,Men,Sex,377.0,LES1252881900Q,LES1252881900,Real median usual weekly earnings,constant 1982-84 dollars per week,Seasonally adjusted,BLS Current Population Survey,Median real earnings for full-time wage and salary workers; not AI-specific and not a measure of household wealth or total compensation.
1985-10-01,Men,Sex,377.0,LES1252881900Q,LES1252881900,Real median usual weekly earnings,constant 1982-84 dollars per week,Seasonally adjusted,BLS Current Population Survey,Median real earnings for full-time wage and salary workers; not AI-specific and not a measure of household wealth or total compensation.
1986-01-01,Men,Sex,378.0,LES1252881900Q,LES1252881900,Real median usual weekly earnings,constant 1982-84 dollars per week,Seasonally adjusted,BLS Current Population Survey,Median real earnings for full-time wage and salary workers; not AI-specific and not a measure of household wealth or total compensation.
1986-04-01,Men,Sex,383.0,LES1252881900Q,LES1252881900,Real median usual weekly earnings,constant 1982-84 dollars per week,Seasonally adjusted,BLS Current Population Survey,Median real earnings for full-time wage and salary workers; not AI-specific and not a measure of household wealth or total compensation.
1986-07-01,Men,Sex,383.0,LES1252881900Q,LES1252881900,Real median usual weekly earnings,constant 1982-84 dollars per week,Seasonally adjusted,BLS Current Population Survey,Median real earnings for full-time wage and salary workers; not AI-specific and not a measure of household wealth or total compensation.
1986-10-01,Men,Sex,385.0,LES1252881900Q,LES1252881900,Real median usual weekly earnings,constant 1982-84 dollars per week,Seasonally adjusted,BLS Current Population Survey,Median real earnings for full-time wage and salary workers; not AI-specific and not a measure of household wealth or total compensation.
1987-01-01,Men,Sex,383.0,LES1252881900Q,LES1252881900,Real median usual weekly earnings,constant 1982-84 dollars per week,Seasonally adjusted,BLS Current Population Survey,Median real earnings for full-time wage and salary workers; not AI-specific and not a measure of household wealth or total compensation.
1987-04-01,Men,Sex,379.0,LES1252881900Q,LES1252881900,Real median usual weekly earnings,constant 1982-84 dollars per week,Seasonally adjusted,BLS Current Population Survey,Median real earnings for full-time wage and salary workers; not AI-specific and not a measure of household wealth or total compensation.
1987-07-01,Men,Sex,381.0,LES1252881900Q,LES1252881900,Real median usual weekly earnings,constant 1982-84 dollars per week,Seasonally adjusted,BLS Current Population Survey,Median real earnings for full-time wage and salary workers; not AI-specific and not a measure of household wealth or total compensation.
1987-10-01,Men,Sex,383.0,LES1252881900Q,LES1252881900,Real median usual weekly earnings,constant 1982-84 dollars per week,Seasonally adjusted,BLS Current Population Survey,Median real earnings for full-time wage and salary workers; not AI-specific and not a measure of household wealth or total compensation.
1988-01-01,Men,Sex,382.0,LES1252881900Q,LES1252881900,Real median usual weekly earnings,constant 1982-84 dollars per week,Seasonally adjusted,BLS Current Population Survey,Median real earnings for full-time wage and salary workers; not AI-specific and not a measure of household wealth or total compensation.
1988-04-01,Men,Sex,380.0,LES1252881900Q,LES1252881900,Real median usual weekly earnings,constant 1982-84 dollars per week,Seasonally adjusted,BLS Current Population Survey,Median real earnings for full-time wage and salary workers; not AI-specific and not a measure of household wealth or total compensation.
1988-07-01,Men,Sex,378.0,LES1252881900Q,LES1252881900,Real median usual weekly earnings,constant 1982-84 dollars per week,Seasonally adjusted,BLS Current Population Survey,Median real earnings for full-time wage and salary workers; not AI-specific and not a measure of household wealth or total compensation.
1988-10-01,Men,Sex,378.0,LES1252881900Q,LES1252881900,Real median usual weekly earnings,constant 1982-84 dollars per week,Seasonally adjusted,BLS Current Population Survey,Median real earnings for full-time wage and salary workers; not AI-specific and not a measure of household wealth or total compensation.
1989-01-01,Men,Sex,380.0,LES1252881900Q,LES1252881900,Real median usual weekly earnings,constant 1982-84 dollars per week,Seasonally adjusted,BLS Current Population Survey,Median real earnings for full-time wage and salary workers; not AI-specific and not a measure of household wealth or total compensation.
1989-04-01,Men,Sex,380.0,LES1252881900Q,LES1252881900,Real median usual weekly earnings,constant 1982-84 dollars per week,Seasonally adjusted,BLS Current Population Survey,Median real earnings for full-time wage and salary workers; not AI-specific and not a measure of household wealth or total compensation.
1989-07-01,Men,Sex,373.0,LES1252881900Q,LES1252881900,Real median usual weekly earnings,constant 1982-84 dollars per week,Seasonally adjusted,BLS Current Population Survey,Median real earnings for full-time wage and salary workers; not AI-specific and not a measure of household wealth or total compensation.
1989-10-01,Men,Sex,381.0,LES1252881900Q,LES1252881900,Real median usual weekly earnings,constant 1982-84 dollars per week,Seasonally adjusted,BLS Current Population Survey,Median real earnings for full-time wage and salary workers; not AI-specific and not a measure of household wealth or total compensation.
1990-01-01,Men,Sex,373.0,LES1252881900Q,LES1252881900,Real median usual weekly earnings,constant 1982-84 dollars per week,Seasonally adjusted,BLS Current Population Survey,Median real earnings for full-time wage and salary workers; not AI-specific and not a measure of household wealth or total compensation.
1990-04-01,Men,Sex,371.0,LES1252881900Q,LES1252881900,Real median usual weekly earnings,constant 1982-84 dollars per week,Seasonally adjusted,BLS Current Population Survey,Median real earnings for full-time wage and salary workers; not AI-specific and not a measure of household wealth or total compensation.
1990-07-01,Men,Sex,367.0,LES1252881900Q,LES1252881900,Real median usual weekly earnings,constant 1982-84 dollars per week,Seasonally adjusted,BLS Current Population Survey,Median real earnings for full-time wage and salary workers; not AI-specific and not a measure of household wealth or total compensation.
1990-10-01,Men,Sex,362.0,LES1252881900Q,LES1252881900,Real median usual weekly earnings,constant 1982-84 dollars per week,Seasonally adjusted,BLS Current Population Survey,Median real earnings for full-time wage and salary workers; not AI-specific and not a measure of household wealth or total compensation.
1991-01-01,Men,Sex,366.0,LES1252881900Q,LES1252881900,Real median usual weekly earnings,constant 1982-84 dollars per week,Seasonally adjusted,BLS Current Population Survey,Median real earnings for full-time wage and salary workers; not AI-specific and not a measure of household wealth or total compensation.
1991-04-01,Men,Sex,360.0,LES1252881900Q,LES1252881900,Real median usual weekly earnings,constant 1982-84 dollars per week,Seasonally adjusted,BLS Current Population Survey,Median real earnings for full-time wage and salary workers; not AI-specific and not a measure of household wealth or total compensation.
1991-07-01,Men,Sex,361.0,LES1252881900Q,LES1252881900,Real median usual weekly earnings,constant 1982-84 dollars per week,Seasonally adjusted,BLS Current Population Survey,Median real earnings for full-time wage and salary workers; not AI-specific and not a measure of household wealth or total compensation.
1991-10-01,Men,Sex,362.0,LES1252881900Q,LES1252881900,Real median usual weekly earnings,constant 1982-84 dollars per week,Seasonally adjusted,BLS Current Population Survey,Median real earnings for full-time wage and salary workers; not AI-specific and not a measure of household wealth or total compensation.
1992-01-01,Men,Sex,359.0,LES1252881900Q,LES1252881900,Real median usual weekly earnings,constant 1982-84 dollars per week,Seasonally adjusted,BLS Current Population Survey,Median real earnings for full-time wage and salary workers; not AI-specific and not a measure of household wealth or total compensation.
1992-04-01,Men,Sex,359.0,LES1252881900Q,LES1252881900,Real median usual weekly earnings,constant 1982-84 dollars per week,Seasonally adjusted,BLS Current Population Survey,Median real earnings for full-time wage and salary workers; not AI-specific and not a measure of household wealth or total compensation.
1992-07-01,Men,Sex,357.0,LES1252881900Q,LES1252881900,Real median usual weekly earnings,constant 1982-84 dollars per week,Seasonally adjusted,BLS Current Population Survey,Median real earnings for full-time wage and salary workers; not AI-specific and not a measure of household wealth or total compensation.
1992-10-01,Men,Sex,354.0,LES1252881900Q,LES1252881900,Real median usual weekly earnings,constant 1982-84 dollars per week,Seasonally adjusted,BLS Current Population Survey,Median real earnings for full-time wage and salary workers; not AI-specific and not a measure of household wealth or total compensation.
1993-01-01,Men,Sex,352.0,LES1252881900Q,LES1252881900,Real median usual weekly earnings,constant 1982-84 dollars per week,Seasonally adjusted,BLS Current Population Survey,Median real earnings for full-time wage and salary workers; not AI-specific and not a measure of household wealth or total compensation.
1993-04-01,Men,Sex,354.0,LES1252881900Q,LES1252881900,Real median usual weekly earnings,constant 1982-84 dollars per week,Seasonally adjusted,BLS Current Population Survey,Median real earnings for full-time wage and salary workers; not AI-specific and not a measure of household wealth or total compensation.
1993-07-01,Men,Sex,355.0,LES1252881900Q,LES1252881900,Real median usual weekly earnings,constant 1982-84 dollars per week,Seasonally adjusted,BLS Current Population Survey,Median real earnings for full-time wage and salary workers; not AI-specific and not a measure of household wealth or total compensation.
1993-10-01,Men,Sex,353.0,LES1252881900Q,LES1252881900,Real median usual weekly earnings,constant 1982-84 dollars per week,Seasonally adjusted,BLS Current Population Survey,Median real earnings for full-time wage and salary workers; not AI-specific and not a measure of household wealth or total compensation.
1994-01-01,Men,Sex,356.0,LES1252881900Q,LES1252881900,Real median usual weekly earnings,constant 1982-84 dollars per week,Seasonally adjusted,BLS Current Population Survey,Median real earnings for full-time wage and salary workers; not AI-specific and not a measure of household wealth or total compensation.
1994-04-01,Men,Sex,354.0,LES1252881900Q,LES1252881900,Real median usual weekly earnings,constant 1982-84 dollars per week,Seasonally adjusted,BLS Current Population Survey,Median real earnings for full-time wage and salary workers; not AI-specific and not a measure of household wealth or total compensation.
1994-07-01,Men,Sex,348.0,LES1252881900Q,LES1252881900,Real median usual weekly earnings,constant 1982-84 dollars per week,Seasonally adjusted,BLS Current Population Survey,Median real earnings for full-time wage and salary workers; not AI-specific and not a measure of household wealth or total compensation.
1994-10-01,Men,Sex,354.0,LES1252881900Q,LES1252881900,Real median usual weekly earnings,constant 1982-84 dollars per week,Seasonally adjusted,BLS Current Population Survey,Median real earnings for full-time wage and salary workers; not AI-specific and not a measure of household wealth or total compensation.
1995-01-01,Men,Sex,350.0,LES1252881900Q,LES1252881900,Real median usual weekly earnings,constant 1982-84 dollars per week,Seasonally adjusted,BLS Current Population Survey,Median real earnings for full-time wage and salary workers; not AI-specific and not a measure of household wealth or total compensation.
1995-04-01,Men,Sex,352.0,LES1252881900Q,LES1252881900,Real median usual weekly earnings,constant 1982-84 dollars per week,Seasonally adjusted,BLS Current Population Survey,Median real earnings for full-time wage and salary workers; not AI-specific and not a measure of household wealth or total compensation.
1995-07-01,Men,Sex,354.0,LES1252881900Q,LES1252881900,Real median usual weekly earnings,constant 1982-84 dollars per week,Seasonally adjusted,BLS Current Population Survey,Median real earnings for full-time wage and salary workers; not AI-specific and not a measure of household wealth or total compensation.
1995-10-01,Men,Sex,356.0,LES1252881900Q,LES1252881900,Real median usual weekly earnings,constant 1982-84 dollars per week,Seasonally adjusted,BLS Current Population Survey,Median real earnings for full-time wage and salary workers; not AI-specific and not a measure of household wealth or total compensation.
1996-01-01,Men,Sex,355.0,LES1252881900Q,LES1252881900,Real median usual weekly earnings,constant 1982-84 dollars per week,Seasonally adjusted,BLS Current Population Survey,Median real earnings for full-time wage and salary workers; not AI-specific and not a measure of household wealth or total compensation.
1996-04-01,Men,Sex,355.0,LES1252881900Q,LES1252881900,Real median usual weekly earnings,constant 1982-84 dollars per week,Seasonally adjusted,BLS Current Population Survey,Median real earnings for full-time wage and salary workers; not AI-specific and not a measure of household wealth or total compensation.
1996-07-01,Men,Sex,355.0,LES1252881900Q,LES1252881900,Real median usual weekly earnings,constant 1982-84 dollars per week,Seasonally adjusted,BLS Current Population Survey,Median real earnings for full-time wage and salary workers; not AI-specific and not a measure of household wealth or total compensation.
1996-10-01,Men,Sex,355.0,LES1252881900Q,LES1252881900,Real median usual weekly earnings,constant 1982-84 dollars per week,Seasonally adjusted,BLS Current Population Survey,Median real earnings for full-time wage and salary workers; not AI-specific and not a measure of household wealth or total compensation.
1997-01-01,Men,Sex,360.0,LES1252881900Q,LES1252881900,Real median usual weekly earnings,constant 1982-84 dollars per week,Seasonally adjusted,BLS Current Population Survey,Median real earnings for full-time wage and salary workers; not AI-specific and not a measure of household wealth or total compensation.
1997-04-01,Men,Sex,359.0,LES1252881900Q,LES1252881900,Real median usual weekly earnings,constant 1982-84 dollars per week,Seasonally adjusted,BLS Current Population Survey,Median real earnings for full-time wage and salary workers; not AI-specific and not a measure of household wealth or total compensation.
1997-07-01,Men,Sex,361.0,LES1252881900Q,LES1252881900,Real median usual weekly earnings,constant 1982-84 dollars per week,Seasonally adjusted,BLS Current Population Survey,Median real earnings for full-time wage and salary workers; not AI-specific and not a measure of household wealth or total compensation.
1997-10-01,Men,Sex,361.0,LES1252881900Q,LES1252881900,Real median usual weekly earnings,constant 1982-84 dollars per week,Seasonally adjusted,BLS Current Population Survey,Median real earnings for full-time wage and salary workers; not AI-specific and not a measure of household wealth or total compensation.
1998-01-01,Men,Sex,364.0,LES1252881900Q,LES1252881900,Real median usual weekly earnings,constant 1982-84 dollars per week,Seasonally adjusted,BLS Current Population Survey,Median real earnings for full-time wage and salary workers; not AI-specific and not a measure of household wealth or total compensation.
1998-04-01,Men,Sex,364.0,LES1252881900Q,LES1252881900,Real median usual weekly earnings,constant 1982-84 dollars per week,Seasonally adjusted,BLS Current Population Survey,Median real earnings for full-time wage and salary workers; not AI-specific and not a measure of household wealth or total compensation.
1998-07-01,Men,Sex,368.0,LES1252881900Q,LES1252881900,Real median usual weekly earnings,constant 1982-84 dollars per week,Seasonally adjusted,BLS Current Population Survey,Median real earnings for full-time wage and salary workers; not AI-specific and not a measure of household wealth or total compensation.
1998-10-01,Men,Sex,372.0,LES1252881900Q,LES1252881900,Real median usual weekly earnings,constant 1982-84 dollars per week,Seasonally adjusted,BLS Current Population Survey,Median real earnings for full-time wage and salary workers; not AI-specific and not a measure of household wealth or total compensation.
1999-01-01,Men,Sex,368.0,LES1252881900Q,LES1252881900,Real median usual weekly earnings,constant 1982-84 dollars per week,Seasonally adjusted,BLS Current Population Survey,Median real earnings for full-time wage and salary workers; not AI-specific and not a measure of household wealth or total compensation.
1999-04-01,Men,Sex,373.0,LES1252881900Q,LES1252881900,Real median usual weekly earnings,constant 1982-84 dollars per week,Seasonally adjusted,BLS Current Population Survey,Median real earnings for full-time wage and salary workers; not AI-specific and not a measure of household wealth or total compensation.
1999-07-01,Men,Sex,372.0,LES1252881900Q,LES1252881900,Real median usual weekly earnings,constant 1982-84 dollars per week,Seasonally adjusted,BLS Current Population Survey,Median real earnings for full-time wage and salary workers; not AI-specific and not a measure of household wealth or total compensation.
1999-10-01,Men,Sex,374.0,LES1252881900Q,LES1252881900,Real median usual weekly earnings,constant 1982-84 dollars per week,Seasonally adjusted,BLS Current Population Survey,Median real earnings for full-time wage and salary workers; not AI-specific and not a measure of household wealth or total compensation.
2000-01-01,Men,Sex,374.0,LES1252881900Q,LES1252881900,Real median usual weekly earnings,constant 1982-84 dollars per week,Seasonally adjusted,BLS Current Population Survey,Median real earnings for full-time wage and salary workers; not AI-specific and not a measure of household wealth or total compensation.
2000-04-01,Men,Sex,374.0,LES1252881900Q,LES1252881900,Real median usual weekly earnings,constant 1982-84 dollars per week,Seasonally adjusted,BLS Current Population Survey,Median real earnings for full-time wage and salary workers; not AI-specific and not a measure of household wealth or total compensation.
2000-07-01,Men,Sex,370.0,LES1252881900Q,LES1252881900,Real median usual weekly earnings,constant 1982-84 dollars per week,Seasonally adjusted,BLS Current Population Survey,Median real earnings for full-time wage and salary workers; not AI-specific and not a measure of household wealth or total compensation.
2000-10-01,Men,Sex,372.0,LES1252881900Q,LES1252881900,Real median usual weekly earnings,constant 1982-84 dollars per week,Seasonally adjusted,BLS Current Population Survey,Median real earnings for full-time wage and salary workers; not AI-specific and not a measure of household wealth or total compensation.
2001-01-01,Men,Sex,372.0,LES1252881900Q,LES1252881900,Real median usual weekly earnings,constant 1982-84 dollars per week,Seasonally adjusted,BLS Current Population Survey,Median real earnings for full-time wage and salary workers; not AI-specific and not a measure of household wealth or total compensation.
2001-04-01,Men,Sex,375.0,LES1252881900Q,LES1252881900,Real median usual weekly earnings,constant 1982-84 dollars per week,Seasonally adjusted,BLS Current Population Survey,Median real earnings for full-time wage and salary workers; not AI-specific and not a measure of household wealth or total compensation.
2001-07-01,Men,Sex,386.0,LES1252881900Q,LES1252881900,Real median usual weekly earnings,constant 1982-84 dollars per week,Seasonally adjusted,BLS Current Population Survey,Median real earnings for full-time wage and salary workers; not AI-specific and not a measure of household wealth or total compensation.
2001-10-01,Men,Sex,382.0,LES1252881900Q,LES1252881900,Real median usual weekly earnings,constant 1982-84 dollars per week,Seasonally adjusted,BLS Current Population Survey,Median real earnings for full-time wage and salary workers; not AI-specific and not a measure of household wealth or total compensation.
2002-01-01,Men,Sex,380.0,LES1252881900Q,LES1252881900,Real median usual weekly earnings,constant 1982-84 dollars per week,Seasonally adjusted,BLS Current Population Survey,Median real earnings for full-time wage and salary workers; not AI-specific and not a measure of household wealth or total compensation.
2002-04-01,Men,Sex,378.0,LES1252881900Q,LES1252881900,Real median usual weekly earnings,constant 1982-84 dollars per week,Seasonally adjusted,BLS Current Population Survey,Median real earnings for full-time wage and salary workers; not AI-specific and not a measure of household wealth or total compensation.
2002-07-01,Men,Sex,376.0,LES1252881900Q,LES1252881900,Real median usual weekly earnings,constant 1982-84 dollars per week,Seasonally adjusted,BLS Current Population Survey,Median real earnings for full-time wage and salary workers; not AI-specific and not a measure of household wealth or total compensation.
2002-10-01,Men,Sex,376.0,LES1252881900Q,LES1252881900,Real median usual weekly earnings,constant 1982-84 dollars per week,Seasonally adjusted,BLS Current Population Survey,Median real earnings for full-time wage and salary workers; not AI-specific and not a measure of household wealth or total compensation.
2003-01-01,Men,Sex,376.0,LES1252881900Q,LES1252881900,Real median usual weekly earnings,constant 1982-84 dollars per week,Seasonally adjusted,BLS Current Population Survey,Median real earnings for full-time wage and salary workers; not AI-specific and not a measure of household wealth or total compensation.
2003-04-01,Men,Sex,378.0,LES1252881900Q,LES1252881900,Real median usual weekly earnings,constant 1982-84 dollars per week,Seasonally adjusted,BLS Current Population Survey,Median real earnings for full-time wage and salary workers; not AI-specific and not a measure of household wealth or total compensation.
2003-07-01,Men,Sex,378.0,LES1252881900Q,LES1252881900,Real median usual weekly earnings,constant 1982-84 dollars per week,Seasonally adjusted,BLS Current Population Survey,Median real earnings for full-time wage and salary workers; not AI-specific and not a measure of household wealth or total compensation.
2003-10-01,Men,Sex,379.0,LES1252881900Q,LES1252881900,Real median usual weekly earnings,constant 1982-84 dollars per week,Seasonally adjusted,BLS Current Population Survey,Median real earnings for full-time wage and salary workers; not AI-specific and not a measure of household wealth or total compensation.
2004-01-01,Men,Sex,378.0,LES1252881900Q,LES1252881900,Real median usual weekly earnings,constant 1982-84 dollars per week,Seasonally adjusted,BLS Current Population Survey,Median real earnings for full-time wage and salary workers; not AI-specific and not a measure of household wealth or total compensation.
2004-04-01,Men,Sex,380.0,LES1252881900Q,LES1252881900,Real median usual weekly earnings,constant 1982-84 dollars per week,Seasonally adjusted,BLS Current Population Survey,Median real earnings for full-time wage and salary workers; not AI-specific and not a measure of household wealth or total compensation.
2004-07-01,Men,Sex,376.0,LES1252881900Q,LES1252881900,Real median usual weekly earnings,constant 1982-84 dollars per week,Seasonally adjusted,BLS Current Population Survey,Median real earnings for full-time wage and salary workers; not AI-specific and not a measure of household wealth or total compensation.
2004-10-01,Men,Sex,376.0,LES1252881900Q,LES1252881900,Real median usual weekly earnings,constant 1982-84 dollars per week,Seasonally adjusted,BLS Current Population Survey,Median real earnings for full-time wage and salary workers; not AI-specific and not a measure of household wealth or total compensation.
2005-01-01,Men,Sex,376.0,LES1252881900Q,LES1252881900,Real median usual weekly earnings,constant 1982-84 dollars per week,Seasonally adjusted,BLS Current Population Survey,Median real earnings for full-time wage and salary workers; not AI-specific and not a measure of household wealth or total compensation.
2005-04-01,Men,Sex,369.0,LES1252881900Q,LES1252881900,Real median usual weekly earnings,constant 1982-84 dollars per week,Seasonally adjusted,BLS Current Population Survey,Median real earnings for full-time wage and salary workers; not AI-specific and not a measure of household wealth or total compensation.
2005-07-01,Men,Sex,368.0,LES1252881900Q,LES1252881900,Real median usual weekly earnings,constant 1982-84 dollars per week,Seasonally adjusted,BLS Current Population Survey,Median real earnings for full-time wage and salary workers; not AI-specific and not a measure of household wealth or total compensation.
2005-10-01,Men,Sex,368.0,LES1252881900Q,LES1252881900,Real median usual weekly earnings,constant 1982-84 dollars per week,Seasonally adjusted,BLS Current Population Survey,Median real earnings for full-time wage and salary workers; not AI-specific and not a measure of household wealth or total compensation.
2006-01-01,Men,Sex,370.0,LES1252881900Q,LES1252881900,Real median usual weekly earnings,constant 1982-84 dollars per week,Seasonally adjusted,BLS Current Population Survey,Median real earnings for full-time wage and salary workers; not AI-specific and not a measure of household wealth or total compensation.
2006-04-01,Men,Sex,364.0,LES1252881900Q,LES1252881900,Real median usual weekly earnings,constant 1982-84 dollars per week,Seasonally adjusted,BLS Current Population Survey,Median real earnings for full-time wage and salary workers; not AI-specific and not a measure of household wealth or total compensation.
2006-07-01,Men,Sex,372.0,LES1252881900Q,LES1252881900,Real median usual weekly earnings,constant 1982-84 dollars per week,Seasonally adjusted,BLS Current Population Survey,Median real earnings for full-time wage and salary workers; not AI-specific and not a measure of household wealth or total compensation.
2006-10-01,Men,Sex,370.0,LES1252881900Q,LES1252881900,Real median usual weekly earnings,constant 1982-84 dollars per week,Seasonally adjusted,BLS Current Population Survey,Median real earnings for full-time wage and salary workers; not AI-specific and not a measure of household wealth or total compensation.
2007-01-01,Men,Sex,368.0,LES1252881900Q,LES1252881900,Real median usual weekly earnings,constant 1982-84 dollars per week,Seasonally adjusted,BLS Current Population Survey,Median real earnings for full-time wage and salary workers; not AI-specific and not a measure of household wealth or total compensation.
2007-04-01,Men,Sex,370.0,LES1252881900Q,LES1252881900,Real median usual weekly earnings,constant 1982-84 dollars per week,Seasonally adjusted,BLS Current Population Survey,Median real earnings for full-time wage and salary workers; not AI-specific and not a measure of household wealth or total compensation.
2007-07-01,Men,Sex,372.0,LES1252881900Q,LES1252881900,Real median usual weekly earnings,constant 1982-84 dollars per week,Seasonally adjusted,BLS Current Population Survey,Median real earnings for full-time wage and salary workers; not AI-specific and not a measure of household wealth or total compensation.
2007-10-01,Men,Sex,368.0,LES1252881900Q,LES1252881900,Real median usual weekly earnings,constant 1982-84 dollars per week,Seasonally adjusted,BLS Current Population Survey,Median real earnings for full-time wage and salary workers; not AI-specific and not a measure of household wealth or total compensation.
2008-01-01,Men,Sex,368.0,LES1252881900Q,LES1252881900,Real median usual weekly earnings,constant 1982-84 dollars per week,Seasonally adjusted,BLS Current Population Survey,Median real earnings for full-time wage and salary workers; not AI-specific and not a measure of household wealth or total compensation.
2008-04-01,Men,Sex,372.0,LES1252881900Q,LES1252881900,Real median usual weekly earnings,constant 1982-84 dollars per week,Seasonally adjusted,BLS Current Population Survey,Median real earnings for full-time wage and salary workers; not AI-specific and not a measure of household wealth or total compensation.
2008-07-01,Men,Sex,367.0,LES1252881900Q,LES1252881900,Real median usual weekly earnings,constant 1982-84 dollars per week,Seasonally adjusted,BLS Current Population Survey,Median real earnings for full-time wage and salary workers; not AI-specific and not a measure of household wealth or total compensation.
2008-10-01,Men,Sex,377.0,LES1252881900Q,LES1252881900,Real median usual weekly earnings,constant 1982-84 dollars per week,Seasonally adjusted,BLS Current Population Survey,Median real earnings for full-time wage and salary workers; not AI-specific and not a measure of household wealth or total compensation.
2009-01-01,Men,Sex,384.0,LES1252881900Q,LES1252881900,Real median usual weekly earnings,constant 1982-84 dollars per week,Seasonally adjusted,BLS Current Population Survey,Median real earnings for full-time wage and salary workers; not AI-specific and not a measure of household wealth or total compensation.
2009-04-01,Men,Sex,383.0,LES1252881900Q,LES1252881900,Real median usual weekly earnings,constant 1982-84 dollars per week,Seasonally adjusted,BLS Current Population Survey,Median real earnings for full-time wage and salary workers; not AI-specific and not a measure of household wealth or total compensation.
2009-07-01,Men,Sex,381.0,LES1252881900Q,LES1252881900,Real median usual weekly earnings,constant 1982-84 dollars per week,Seasonally adjusted,BLS Current Population Survey,Median real earnings for full-time wage and salary workers; not AI-specific and not a measure of household wealth or total compensation.
2009-10-01,Men,Sex,379.0,LES1252881900Q,LES1252881900,Real median usual weekly earnings,constant 1982-84 dollars per week,Seasonally adjusted,BLS Current Population Survey,Median real earnings for full-time wage and salary workers; not AI-specific and not a measure of household wealth or total compensation.
2010-01-01,Men,Sex,384.0,LES1252881900Q,LES1252881900,Real median usual weekly earnings,constant 1982-84 dollars per week,Seasonally adjusted,BLS Current Population Survey,Median real earnings for full-time wage and salary workers; not AI-specific and not a measure of household wealth or total compensation.
2010-04-01,Men,Sex,374.0,LES1252881900Q,LES1252881900,Real median usual weekly earnings,constant 1982-84 dollars per week,Seasonally adjusted,BLS Current Population Survey,Median real earnings for full-time wage and salary workers; not AI-specific and not a measure of household wealth or total compensation.
2010-07-01,Men,Sex,377.0,LES1252881900Q,LES1252881900,Real median usual weekly earnings,constant 1982-84 dollars per week,Seasonally adjusted,BLS Current Population Survey,Median real earnings for full-time wage and salary workers; not AI-specific and not a measure of household wealth or total compensation.
2010-10-01,Men,Sex,376.0,LES1252881900Q,LES1252881900,Real median usual weekly earnings,constant 1982-84 dollars per week,Seasonally adjusted,BLS Current Population Survey,Median real earnings for full-time wage and salary workers; not AI-specific and not a measure of household wealth or total compensation.
2011-01-01,Men,Sex,370.0,LES1252881900Q,LES1252881900,Real median usual weekly earnings,constant 1982-84 dollars per week,Seasonally adjusted,BLS Current Population Survey,Median real earnings for full-time wage and salary workers; not AI-specific and not a measure of household wealth or total compensation.
2011-04-01,Men,Sex,370.0,LES1252881900Q,LES1252881900,Real median usual weekly earnings,constant 1982-84 dollars per week,Seasonally adjusted,BLS Current Population Survey,Median real earnings for full-time wage and salary workers; not AI-specific and not a measure of household wealth or total compensation.
2011-07-01,Men,Sex,370.0,LES1252881900Q,LES1252881900,Real median usual weekly earnings,constant 1982-84 dollars per week,Seasonally adjusted,BLS Current Population Survey,Median real earnings for full-time wage and salary workers; not AI-specific and not a measure of household wealth or total compensation.
2011-10-01,Men,Sex,369.0,LES1252881900Q,LES1252881900,Real median usual weekly earnings,constant 1982-84 dollars per week,Seasonally adjusted,BLS Current Population Survey,Median real earnings for full-time wage and salary workers; not AI-specific and not a measure of household wealth or total compensation.
2012-01-01,Men,Sex,368.0,LES1252881900Q,LES1252881900,Real median usual weekly earnings,constant 1982-84 dollars per week,Seasonally adjusted,BLS Current Population Survey,Median real earnings for full-time wage and salary workers; not AI-specific and not a measure of household wealth or total compensation.
2012-04-01,Men,Sex,380.0,LES1252881900Q,LES1252881900,Real median usual weekly earnings,constant 1982-84 dollars per week,Seasonally adjusted,BLS Current Population Survey,Median real earnings for full-time wage and salary workers; not AI-specific and not a measure of household wealth or total compensation.
2012-07-01,Men,Sex,364.0,LES1252881900Q,LES1252881900,Real median usual weekly earnings,constant 1982-84 dollars per week,Seasonally adjusted,BLS Current Population Survey,Median real earnings for full-time wage and salary workers; not AI-specific and not a measure of household wealth or total compensation.
2012-10-01,Men,Sex,375.0,LES1252881900Q,LES1252881900,Real median usual weekly earnings,constant 1982-84 dollars per week,Seasonally adjusted,BLS Current Population Survey,Median real earnings for full-time wage and salary workers; not AI-specific and not a measure of household wealth or total compensation.
2013-01-01,Men,Sex,370.0,LES1252881900Q,LES1252881900,Real median usual weekly earnings,constant 1982-84 dollars per week,Seasonally adjusted,BLS Current Population Survey,Median real earnings for full-time wage and salary workers; not AI-specific and not a measure of household wealth or total compensation.
2013-04-01,Men,Sex,372.0,LES1252881900Q,LES1252881900,Real median usual weekly earnings,constant 1982-84 dollars per week,Seasonally adjusted,BLS Current Population Survey,Median real earnings for full-time wage and salary workers; not AI-specific and not a measure of household wealth or total compensation.
2013-07-01,Men,Sex,367.0,LES1252881900Q,LES1252881900,Real median usual weekly earnings,constant 1982-84 dollars per week,Seasonally adjusted,BLS Current Population Survey,Median real earnings for full-time wage and salary workers; not AI-specific and not a measure of household wealth or total compensation.
2013-10-01,Men,Sex,369.0,LES1252881900Q,LES1252881900,Real median usual weekly earnings,constant 1982-84 dollars per week,Seasonally adjusted,BLS Current Population Survey,Median real earnings for full-time wage and salary workers; not AI-specific and not a measure of household wealth or total compensation.
2014-01-01,Men,Sex,367.0,LES1252881900Q,LES1252881900,Real median usual weekly earnings,constant 1982-84 dollars per week,Seasonally adjusted,BLS Current Population Survey,Median real earnings for full-time wage and salary workers; not AI-specific and not a measure of household wealth or total compensation.
2014-04-01,Men,Sex,363.0,LES1252881900Q,LES1252881900,Real median usual weekly earnings,constant 1982-84 dollars per week,Seasonally adjusted,BLS Current Population Survey,Median real earnings for full-time wage and salary workers; not AI-specific and not a measure of household wealth or total compensation.
2014-07-01,Men,Sex,370.0,LES1252881900Q,LES1252881900,Real median usual weekly earnings,constant 1982-84 dollars per week,Seasonally adjusted,BLS Current Population Survey,Median real earnings for full-time wage and salary workers; not AI-specific and not a measure of household wealth or total compensation.
2014-10-01,Men,Sex,371.0,LES1252881900Q,LES1252881900,Real median usual weekly earnings,constant 1982-84 dollars per week,Seasonally adjusted,BLS Current Population Survey,Median real earnings for full-time wage and salary workers; not AI-specific and not a measure of household wealth or total compensation.
2015-01-01,Men,Sex,377.0,LES1252881900Q,LES1252881900,Real median usual weekly earnings,constant 1982-84 dollars per week,Seasonally adjusted,BLS Current Population Survey,Median real earnings for full-time wage and salary workers; not AI-specific and not a measure of household wealth or total compensation.
2015-04-01,Men,Sex,376.0,LES1252881900Q,LES1252881900,Real median usual weekly earnings,constant 1982-84 dollars per week,Seasonally adjusted,BLS Current Population Survey,Median real earnings for full-time wage and salary workers; not AI-specific and not a measure of household wealth or total compensation.
2015-07-01,Men,Sex,377.0,LES1252881900Q,LES1252881900,Real median usual weekly earnings,constant 1982-84 dollars per week,Seasonally adjusted,BLS Current Population Survey,Median real earnings for full-time wage and salary workers; not AI-specific and not a measure of household wealth or total compensation.
2015-10-01,Men,Sex,380.0,LES1252881900Q,LES1252881900,Real median usual weekly earnings,constant 1982-84 dollars per week,Seasonally adjusted,BLS Current Population Survey,Median real earnings for full-time wage and salary workers; not AI-specific and not a measure of household wealth or total compensation.
2016-01-01,Men,Sex,380.0,LES1252881900Q,LES1252881900,Real median usual weekly earnings,constant 1982-84 dollars per week,Seasonally adjusted,BLS Current Population Survey,Median real earnings for full-time wage and salary workers; not AI-specific and not a measure of household wealth or total compensation.
2016-04-01,Men,Sex,381.0,LES1252881900Q,LES1252881900,Real median usual weekly earnings,constant 1982-84 dollars per week,Seasonally adjusted,BLS Current Population Survey,Median real earnings for full-time wage and salary workers; not AI-specific and not a measure of household wealth or total compensation.
2016-07-01,Men,Sex,381.0,LES1252881900Q,LES1252881900,Real median usual weekly earnings,constant 1982-84 dollars per week,Seasonally adjusted,BLS Current Population Survey,Median real earnings for full-time wage and salary workers; not AI-specific and not a measure of household wealth or total compensation.
2016-10-01,Men,Sex,381.0,LES1252881900Q,LES1252881900,Real median usual weekly earnings,constant 1982-84 dollars per week,Seasonally adjusted,BLS Current Population Survey,Median real earnings for full-time wage and salary workers; not AI-specific and not a measure of household wealth or total compensation.
2017-01-01,Men,Sex,386.0,LES1252881900Q,LES1252881900,Real median usual weekly earnings,constant 1982-84 dollars per week,Seasonally adjusted,BLS Current Population Survey,Median real earnings for full-time wage and salary workers; not AI-specific and not a measure of household wealth or total compensation.
2017-04-01,Men,Sex,384.0,LES1252881900Q,LES1252881900,Real median usual weekly earnings,constant 1982-84 dollars per week,Seasonally adjusted,BLS Current Population Survey,Median real earnings for full-time wage and salary workers; not AI-specific and not a measure of household wealth or total compensation.
2017-07-01,Men,Sex,385.0,LES1252881900Q,LES1252881900,Real median usual weekly earnings,constant 1982-84 dollars per week,Seasonally adjusted,BLS Current Population Survey,Median real earnings for full-time wage and salary workers; not AI-specific and not a measure of household wealth or total compensation.
2017-10-01,Men,Sex,382.0,LES1252881900Q,LES1252881900,Real median usual weekly earnings,constant 1982-84 dollars per week,Seasonally adjusted,BLS Current Population Survey,Median real earnings for full-time wage and salary workers; not AI-specific and not a measure of household wealth or total compensation.
2018-01-01,Men,Sex,384.0,LES1252881900Q,LES1252881900,Real median usual weekly earnings,constant 1982-84 dollars per week,Seasonally adjusted,BLS Current Population Survey,Median real earnings for full-time wage and salary workers; not AI-specific and not a measure of household wealth or total compensation.
2018-04-01,Men,Sex,384.0,LES1252881900Q,LES1252881900,Real median usual weekly earnings,constant 1982-84 dollars per week,Seasonally adjusted,BLS Current Population Survey,Median real earnings for full-time wage and salary workers; not AI-specific and not a measure of household wealth or total compensation.
2018-07-01,Men,Sex,389.0,LES1252881900Q,LES1252881900,Real median usual weekly earnings,constant 1982-84 dollars per week,Seasonally adjusted,BLS Current Population Survey,Median real earnings for full-time wage and salary workers; not AI-specific and not a measure of household wealth or total compensation.
2018-10-01,Men,Sex,392.0,LES1252881900Q,LES1252881900,Real median usual weekly earnings,constant 1982-84 dollars per week,Seasonally adjusted,BLS Current Population Survey,Median real earnings for full-time wage and salary workers; not AI-specific and not a measure of household wealth or total compensation.
2019-01-01,Men,Sex,393.0,LES1252881900Q,LES1252881900,Real median usual weekly earnings,constant 1982-84 dollars per week,Seasonally adjusted,BLS Current Population Survey,Median real earnings for full-time wage and salary workers; not AI-specific and not a measure of household wealth or total compensation.
2019-04-01,Men,Sex,393.0,LES1252881900Q,LES1252881900,Real median usual weekly earnings,constant 1982-84 dollars per week,Seasonally adjusted,BLS Current Population Survey,Median real earnings for full-time wage and salary workers; not AI-specific and not a measure of household wealth or total compensation.
2019-07-01,Men,Sex,393.0,LES1252881900Q,LES1252881900,Real median usual weekly earnings,constant 1982-84 dollars per week,Seasonally adjusted,BLS Current Population Survey,Median real earnings for full-time wage and salary workers; not AI-specific and not a measure of household wealth or total compensation.
2019-10-01,Men,Sex,396.0,LES1252881900Q,LES1252881900,Real median usual weekly earnings,constant 1982-84 dollars per week,Seasonally adjusted,BLS Current Population Survey,Median real earnings for full-time wage and salary workers; not AI-specific and not a measure of household wealth or total compensation.
2020-01-01,Men,Sex,409.0,LES1252881900Q,LES1252881900,Real median usual weekly earnings,constant 1982-84 dollars per week,Seasonally adjusted,BLS Current Population Survey,Median real earnings for full-time wage and salary workers; not AI-specific and not a measure of household wealth or total compensation.
2020-04-01,Men,Sex,425.0,LES1252881900Q,LES1252881900,Real median usual weekly earnings,constant 1982-84 dollars per week,Seasonally adjusted,BLS Current Population Survey,Median real earnings for full-time wage and salary workers; not AI-specific and not a measure of household wealth or total compensation.
2020-07-01,Men,Sex,427.0,LES1252881900Q,LES1252881900,Real median usual weekly earnings,constant 1982-84 dollars per week,Seasonally adjusted,BLS Current Population Survey,Median real earnings for full-time wage and salary workers; not AI-specific and not a measure of household wealth or total compensation.
2020-10-01,Men,Sex,410.0,LES1252881900Q,LES1252881900,Real median usual weekly earnings,constant 1982-84 dollars per week,Seasonally adjusted,BLS Current Population Survey,Median real earnings for full-time wage and salary workers; not AI-specific and not a measure of household wealth or total compensation.
2021-01-01,Men,Sex,411.0,LES1252881900Q,LES1252881900,Real median usual weekly earnings,constant 1982-84 dollars per week,Seasonally adjusted,BLS Current Population Survey,Median real earnings for full-time wage and salary workers; not AI-specific and not a measure of household wealth or total compensation.
2021-04-01,Men,Sex,408.0,LES1252881900Q,LES1252881900,Real median usual weekly earnings,constant 1982-84 dollars per week,Seasonally adjusted,BLS Current Population Survey,Median real earnings for full-time wage and salary workers; not AI-specific and not a measure of household wealth or total compensation.
2021-07-01,Men,Sex,405.0,LES1252881900Q,LES1252881900,Real median usual weekly earnings,constant 1982-84 dollars per week,Seasonally adjusted,BLS Current Population Survey,Median real earnings for full-time wage and salary workers; not AI-specific and not a measure of household wealth or total compensation.
2021-10-01,Men,Sex,396.0,LES1252881900Q,LES1252881900,Real median usual weekly earnings,constant 1982-84 dollars per week,Seasonally adjusted,BLS Current Population Survey,Median real earnings for full-time wage and salary workers; not AI-specific and not a measure of household wealth or total compensation.
2022-01-01,Men,Sex,394.0,LES1252881900Q,LES1252881900,Real median usual weekly earnings,constant 1982-84 dollars per week,Seasonally adjusted,BLS Current Population Survey,Median real earnings for full-time wage and salary workers; not AI-specific and not a measure of household wealth or total compensation.
2022-04-01,Men,Sex,393.0,LES1252881900Q,LES1252881900,Real median usual weekly earnings,constant 1982-84 dollars per week,Seasonally adjusted,BLS Current Population Survey,Median real earnings for full-time wage and salary workers; not AI-specific and not a measure of household wealth or total compensation.
2022-07-01,Men,Sex,395.0,LES1252881900Q,LES1252881900,Real median usual weekly earnings,constant 1982-84 dollars per week,Seasonally adjusted,BLS Current Population Survey,Median real earnings for full-time wage and salary workers; not AI-specific and not a measure of household wealth or total compensation.
2022-10-01,Men,Sex,393.0,LES1252881900Q,LES1252881900,Real median usual weekly earnings,constant 1982-84 dollars per week,Seasonally adjusted,BLS Current Population Survey,Median real earnings for full-time wage and salary workers; not AI-specific and not a measure of household wealth or total compensation.
2023-01-01,Men,Sex,393.0,LES1252881900Q,LES1252881900,Real median usual weekly earnings,constant 1982-84 dollars per week,Seasonally adjusted,BLS Current Population Survey,Median real earnings for full-time wage and salary workers; not AI-specific and not a measure of household wealth or total compensation.
2023-04-01,Men,Sex,390.0,LES1252881900Q,LES1252881900,Real median usual weekly earnings,constant 1982-84 dollars per week,Seasonally adjusted,BLS Current Population Survey,Median real earnings for full-time wage and salary workers; not AI-specific and not a measure of household wealth or total compensation.
2023-07-01,Men,Sex,396.0,LES1252881900Q,LES1252881900,Real median usual weekly earnings,constant 1982-84 dollars per week,Seasonally adjusted,BLS Current Population Survey,Median real earnings for full-time wage and salary workers; not AI-specific and not a measure of household wealth or total compensation.
2023-10-01,Men,Sex,399.0,LES1252881900Q,LES1252881900,Real median usual weekly earnings,constant 1982-84 dollars per week,Seasonally adjusted,BLS Current Population Survey,Median real earnings for full-time wage and salary workers; not AI-specific and not a measure of household wealth or total compensation.
2024-01-01,Men,Sex,394.0,LES1252881900Q,LES1252881900,Real median usual weekly earnings,constant 1982-84 dollars per week,Seasonally adjusted,BLS Current Population Survey,Median real earnings for full-time wage and salary workers; not AI-specific and not a measure of household wealth or total compensation.
2024-04-01,Men,Sex,401.0,LES1252881900Q,LES1252881900,Real median usual weekly earnings,constant 1982-84 dollars per week,Seasonally adjusted,BLS Current Population Survey,Median real earnings for full-time wage and salary workers; not AI-specific and not a measure of household wealth or total compensation.
2024-07-01,Men,Sex,404.0,LES1252881900Q,LES1252881900,Real median usual weekly earnings,constant 1982-84 dollars per week,Seasonally adjusted,BLS Current Population Survey,Median real earnings for full-time wage and salary workers; not AI-specific and not a measure of household wealth or total compensation.
2024-10-01,Men,Sex,410.0,LES1252881900Q,LES1252881900,Real median usual weekly earnings,constant 1982-84 dollars per week,Seasonally adjusted,BLS Current Population Survey,Median real earnings for full-time wage and salary workers; not AI-specific and not a measure of household wealth or total compensation.
2025-01-01,Men,Sex,408.0,LES1252881900Q,LES1252881900,Real median usual weekly earnings,constant 1982-84 dollars per week,Seasonally adjusted,BLS Current Population Survey,Median real earnings for full-time wage and salary workers; not AI-specific and not a measure of household wealth or total compensation.
2025-04-01,Men,Sex,415.0,LES1252881900Q,LES1252881900,Real median usual weekly earnings,constant 1982-84 dollars per week,Seasonally adjusted,BLS Current Population Survey,Median real earnings for full-time wage and salary workers; not AI-specific and not a measure of household wealth or total compensation.
2025-07-01,Men,Sex,414.0,LES1252881900Q,LES1252881900,Real median usual weekly earnings,constant 1982-84 dollars per week,Seasonally adjusted,BLS Current Population Survey,Median real earnings for full-time wage and salary workers; not AI-specific and not a measure of household wealth or total compensation.
2026-01-01,Men,Sex,414.0,LES1252881900Q,LES1252881900,Real median usual weekly earnings,constant 1982-84 dollars per week,Seasonally adjusted,BLS Current Population Survey,Median real earnings for full-time wage and salary workers; not AI-specific and not a measure of household wealth or total compensation.
2026-04-01,Men,Sex,414.0,LES1252881900Q,LES1252881900,Real median usual weekly earnings,constant 1982-84 dollars per week,Seasonally adjusted,BLS Current Population Survey,Median real earnings for full-time wage and salary workers; not AI-specific and not a measure of household wealth or total compensation.
1979-01-01,Women,Sex,251.0,LES1252882800Q,LES1252882800,Real median usual weekly earnings,constant 1982-84 dollars per week,Seasonally adjusted,BLS Current Population Survey,Median real earnings for full-time wage and salary workers; not AI-specific and not a measure of household wealth or total compensation.
1979-04-01,Women,Sex,250.0,LES1252882800Q,LES1252882800,Real median usual weekly earnings,constant 1982-84 dollars per week,Seasonally adjusted,BLS Current Population Survey,Median real earnings for full-time wage and salary workers; not AI-specific and not a measure of household wealth or total compensation.
1979-07-01,Women,Sex,251.0,LES1252882800Q,LES1252882800,Real median usual weekly earnings,constant 1982-84 dollars per week,Seasonally adjusted,BLS Current Population Survey,Median real earnings for full-time wage and salary workers; not AI-specific and not a measure of household wealth or total compensation.
1979-10-01,Women,Sex,249.0,LES1252882800Q,LES1252882800,Real median usual weekly earnings,constant 1982-84 dollars per week,Seasonally adjusted,BLS Current Population Survey,Median real earnings for full-time wage and salary workers; not AI-specific and not a measure of household wealth or total compensation.
1980-01-01,Women,Sex,244.0,LES1252882800Q,LES1252882800,Real median usual weekly earnings,constant 1982-84 dollars per week,Seasonally adjusted,BLS Current Population Survey,Median real earnings for full-time wage and salary workers; not AI-specific and not a measure of household wealth or total compensation.
1980-04-01,Women,Sex,243.0,LES1252882800Q,LES1252882800,Real median usual weekly earnings,constant 1982-84 dollars per week,Seasonally adjusted,BLS Current Population Survey,Median real earnings for full-time wage and salary workers; not AI-specific and not a measure of household wealth or total compensation.
1980-07-01,Women,Sex,245.0,LES1252882800Q,LES1252882800,Real median usual weekly earnings,constant 1982-84 dollars per week,Seasonally adjusted,BLS Current Population Survey,Median real earnings for full-time wage and salary workers; not AI-specific and not a measure of household wealth or total compensation.
1980-10-01,Women,Sex,242.0,LES1252882800Q,LES1252882800,Real median usual weekly earnings,constant 1982-84 dollars per week,Seasonally adjusted,BLS Current Population Survey,Median real earnings for full-time wage and salary workers; not AI-specific and not a measure of household wealth or total compensation.
1981-01-01,Women,Sex,241.0,LES1252882800Q,LES1252882800,Real median usual weekly earnings,constant 1982-84 dollars per week,Seasonally adjusted,BLS Current Population Survey,Median real earnings for full-time wage and salary workers; not AI-specific and not a measure of household wealth or total compensation.
1981-04-01,Women,Sex,239.0,LES1252882800Q,LES1252882800,Real median usual weekly earnings,constant 1982-84 dollars per week,Seasonally adjusted,BLS Current Population Survey,Median real earnings for full-time wage and salary workers; not AI-specific and not a measure of household wealth or total compensation.
1981-07-01,Women,Sex,240.0,LES1252882800Q,LES1252882800,Real median usual weekly earnings,constant 1982-84 dollars per week,Seasonally adjusted,BLS Current Population Survey,Median real earnings for full-time wage and salary workers; not AI-specific and not a measure of household wealth or total compensation.
1981-10-01,Women,Sex,240.0,LES1252882800Q,LES1252882800,Real median usual weekly earnings,constant 1982-84 dollars per week,Seasonally adjusted,BLS Current Population Survey,Median real earnings for full-time wage and salary workers; not AI-specific and not a measure of household wealth or total compensation.
1982-01-01,Women,Sex,245.0,LES1252882800Q,LES1252882800,Real median usual weekly earnings,constant 1982-84 dollars per week,Seasonally adjusted,BLS Current Population Survey,Median real earnings for full-time wage and salary workers; not AI-specific and not a measure of household wealth or total compensation.
1982-04-01,Women,Sex,248.0,LES1252882800Q,LES1252882800,Real median usual weekly earnings,constant 1982-84 dollars per week,Seasonally adjusted,BLS Current Population Survey,Median real earnings for full-time wage and salary workers; not AI-specific and not a measure of household wealth or total compensation.
1982-07-01,Women,Sex,245.0,LES1252882800Q,LES1252882800,Real median usual weekly earnings,constant 1982-84 dollars per week,Seasonally adjusted,BLS Current Population Survey,Median real earnings for full-time wage and salary workers; not AI-specific and not a measure of household wealth or total compensation.
1982-10-01,Women,Sex,250.0,LES1252882800Q,LES1252882800,Real median usual weekly earnings,constant 1982-84 dollars per week,Seasonally adjusted,BLS Current Population Survey,Median real earnings for full-time wage and salary workers; not AI-specific and not a measure of household wealth or total compensation.
1983-01-01,Women,Sex,253.0,LES1252882800Q,LES1252882800,Real median usual weekly earnings,constant 1982-84 dollars per week,Seasonally adjusted,BLS Current Population Survey,Median real earnings for full-time wage and salary workers; not AI-specific and not a measure of household wealth or total compensation.
1983-04-01,Women,Sex,253.0,LES1252882800Q,LES1252882800,Real median usual weekly earnings,constant 1982-84 dollars per week,Seasonally adjusted,BLS Current Population Survey,Median real earnings for full-time wage and salary workers; not AI-specific and not a measure of household wealth or total compensation.
1983-07-01,Women,Sex,252.0,LES1252882800Q,LES1252882800,Real median usual weekly earnings,constant 1982-84 dollars per week,Seasonally adjusted,BLS Current Population Survey,Median real earnings for full-time wage and salary workers; not AI-specific and not a measure of household wealth or total compensation.
1983-10-01,Women,Sex,254.0,LES1252882800Q,LES1252882800,Real median usual weekly earnings,constant 1982-84 dollars per week,Seasonally adjusted,BLS Current Population Survey,Median real earnings for full-time wage and salary workers; not AI-specific and not a measure of household wealth or total compensation.
1984-01-01,Women,Sex,253.0,LES1252882800Q,LES1252882800,Real median usual weekly earnings,constant 1982-84 dollars per week,Seasonally adjusted,BLS Current Population Survey,Median real earnings for full-time wage and salary workers; not AI-specific and not a measure of household wealth or total compensation.
1984-04-01,Women,Sex,253.0,LES1252882800Q,LES1252882800,Real median usual weekly earnings,constant 1982-84 dollars per week,Seasonally adjusted,BLS Current Population Survey,Median real earnings for full-time wage and salary workers; not AI-specific and not a measure of household wealth or total compensation.
1984-07-01,Women,Sex,256.0,LES1252882800Q,LES1252882800,Real median usual weekly earnings,constant 1982-84 dollars per week,Seasonally adjusted,BLS Current Population Survey,Median real earnings for full-time wage and salary workers; not AI-specific and not a measure of household wealth or total compensation.
1984-10-01,Women,Sex,256.0,LES1252882800Q,LES1252882800,Real median usual weekly earnings,constant 1982-84 dollars per week,Seasonally adjusted,BLS Current Population Survey,Median real earnings for full-time wage and salary workers; not AI-specific and not a measure of household wealth or total compensation.
1985-01-01,Women,Sex,252.0,LES1252882800Q,LES1252882800,Real median usual weekly earnings,constant 1982-84 dollars per week,Seasonally adjusted,BLS Current Population Survey,Median real earnings for full-time wage and salary workers; not AI-specific and not a measure of household wealth or total compensation.
1985-04-01,Women,Sex,260.0,LES1252882800Q,LES1252882800,Real median usual weekly earnings,constant 1982-84 dollars per week,Seasonally adjusted,BLS Current Population Survey,Median real earnings for full-time wage and salary workers; not AI-specific and not a measure of household wealth or total compensation.
1985-07-01,Women,Sex,258.0,LES1252882800Q,LES1252882800,Real median usual weekly earnings,constant 1982-84 dollars per week,Seasonally adjusted,BLS Current Population Survey,Median real earnings for full-time wage and salary workers; not AI-specific and not a measure of household wealth or total compensation.
1985-10-01,Women,Sex,259.0,LES1252882800Q,LES1252882800,Real median usual weekly earnings,constant 1982-84 dollars per week,Seasonally adjusted,BLS Current Population Survey,Median real earnings for full-time wage and salary workers; not AI-specific and not a measure of household wealth or total compensation.
1986-01-01,Women,Sex,260.0,LES1252882800Q,LES1252882800,Real median usual weekly earnings,constant 1982-84 dollars per week,Seasonally adjusted,BLS Current Population Survey,Median real earnings for full-time wage and salary workers; not AI-specific and not a measure of household wealth or total compensation.
1986-04-01,Women,Sex,265.0,LES1252882800Q,LES1252882800,Real median usual weekly earnings,constant 1982-84 dollars per week,Seasonally adjusted,BLS Current Population Survey,Median real earnings for full-time wage and salary workers; not AI-specific and not a measure of household wealth or total compensation.
1986-07-01,Women,Sex,265.0,LES1252882800Q,LES1252882800,Real median usual weekly earnings,constant 1982-84 dollars per week,Seasonally adjusted,BLS Current Population Survey,Median real earnings for full-time wage and salary workers; not AI-specific and not a measure of household wealth or total compensation.
1986-10-01,Women,Sex,267.0,LES1252882800Q,LES1252882800,Real median usual weekly earnings,constant 1982-84 dollars per week,Seasonally adjusted,BLS Current Population Survey,Median real earnings for full-time wage and salary workers; not AI-specific and not a measure of household wealth or total compensation.
1987-01-01,Women,Sex,266.0,LES1252882800Q,LES1252882800,Real median usual weekly earnings,constant 1982-84 dollars per week,Seasonally adjusted,BLS Current Population Survey,Median real earnings for full-time wage and salary workers; not AI-specific and not a measure of household wealth or total compensation.
1987-04-01,Women,Sex,266.0,LES1252882800Q,LES1252882800,Real median usual weekly earnings,constant 1982-84 dollars per week,Seasonally adjusted,BLS Current Population Survey,Median real earnings for full-time wage and salary workers; not AI-specific and not a measure of household wealth or total compensation.
1987-07-01,Women,Sex,267.0,LES1252882800Q,LES1252882800,Real median usual weekly earnings,constant 1982-84 dollars per week,Seasonally adjusted,BLS Current Population Survey,Median real earnings for full-time wage and salary workers; not AI-specific and not a measure of household wealth or total compensation.
1987-10-01,Women,Sex,267.0,LES1252882800Q,LES1252882800,Real median usual weekly earnings,constant 1982-84 dollars per week,Seasonally adjusted,BLS Current Population Survey,Median real earnings for full-time wage and salary workers; not AI-specific and not a measure of household wealth or total compensation.
1988-01-01,Women,Sex,266.0,LES1252882800Q,LES1252882800,Real median usual weekly earnings,constant 1982-84 dollars per week,Seasonally adjusted,BLS Current Population Survey,Median real earnings for full-time wage and salary workers; not AI-specific and not a measure of household wealth or total compensation.
1988-04-01,Women,Sex,266.0,LES1252882800Q,LES1252882800,Real median usual weekly earnings,constant 1982-84 dollars per week,Seasonally adjusted,BLS Current Population Survey,Median real earnings for full-time wage and salary workers; not AI-specific and not a measure of household wealth or total compensation.
1988-07-01,Women,Sex,267.0,LES1252882800Q,LES1252882800,Real median usual weekly earnings,constant 1982-84 dollars per week,Seasonally adjusted,BLS Current Population Survey,Median real earnings for full-time wage and salary workers; not AI-specific and not a measure of household wealth or total compensation.
1988-10-01,Women,Sex,266.0,LES1252882800Q,LES1252882800,Real median usual weekly earnings,constant 1982-84 dollars per week,Seasonally adjusted,BLS Current Population Survey,Median real earnings for full-time wage and salary workers; not AI-specific and not a measure of household wealth or total compensation.
1989-01-01,Women,Sex,265.0,LES1252882800Q,LES1252882800,Real median usual weekly earnings,constant 1982-84 dollars per week,Seasonally adjusted,BLS Current Population Survey,Median real earnings for full-time wage and salary workers; not AI-specific and not a measure of household wealth or total compensation.
1989-04-01,Women,Sex,261.0,LES1252882800Q,LES1252882800,Real median usual weekly earnings,constant 1982-84 dollars per week,Seasonally adjusted,BLS Current Population Survey,Median real earnings for full-time wage and salary workers; not AI-specific and not a measure of household wealth or total compensation.
1989-07-01,Women,Sex,268.0,LES1252882800Q,LES1252882800,Real median usual weekly earnings,constant 1982-84 dollars per week,Seasonally adjusted,BLS Current Population Survey,Median real earnings for full-time wage and salary workers; not AI-specific and not a measure of household wealth or total compensation.
1989-10-01,Women,Sex,267.0,LES1252882800Q,LES1252882800,Real median usual weekly earnings,constant 1982-84 dollars per week,Seasonally adjusted,BLS Current Population Survey,Median real earnings for full-time wage and salary workers; not AI-specific and not a measure of household wealth or total compensation.
1990-01-01,Women,Sex,267.0,LES1252882800Q,LES1252882800,Real median usual weekly earnings,constant 1982-84 dollars per week,Seasonally adjusted,BLS Current Population Survey,Median real earnings for full-time wage and salary workers; not AI-specific and not a measure of household wealth or total compensation.
1990-04-01,Women,Sex,266.0,LES1252882800Q,LES1252882800,Real median usual weekly earnings,constant 1982-84 dollars per week,Seasonally adjusted,BLS Current Population Survey,Median real earnings for full-time wage and salary workers; not AI-specific and not a measure of household wealth or total compensation.
1990-07-01,Women,Sex,263.0,LES1252882800Q,LES1252882800,Real median usual weekly earnings,constant 1982-84 dollars per week,Seasonally adjusted,BLS Current Population Survey,Median real earnings for full-time wage and salary workers; not AI-specific and not a measure of household wealth or total compensation.
1990-10-01,Women,Sex,265.0,LES1252882800Q,LES1252882800,Real median usual weekly earnings,constant 1982-84 dollars per week,Seasonally adjusted,BLS Current Population Survey,Median real earnings for full-time wage and salary workers; not AI-specific and not a measure of household wealth or total compensation.
1991-01-01,Women,Sex,268.0,LES1252882800Q,LES1252882800,Real median usual weekly earnings,constant 1982-84 dollars per week,Seasonally adjusted,BLS Current Population Survey,Median real earnings for full-time wage and salary workers; not AI-specific and not a measure of household wealth or total compensation.
1991-04-01,Women,Sex,271.0,LES1252882800Q,LES1252882800,Real median usual weekly earnings,constant 1982-84 dollars per week,Seasonally adjusted,BLS Current Population Survey,Median real earnings for full-time wage and salary workers; not AI-specific and not a measure of household wealth or total compensation.
1991-07-01,Women,Sex,269.0,LES1252882800Q,LES1252882800,Real median usual weekly earnings,constant 1982-84 dollars per week,Seasonally adjusted,BLS Current Population Survey,Median real earnings for full-time wage and salary workers; not AI-specific and not a measure of household wealth or total compensation.
1991-10-01,Women,Sex,269.0,LES1252882800Q,LES1252882800,Real median usual weekly earnings,constant 1982-84 dollars per week,Seasonally adjusted,BLS Current Population Survey,Median real earnings for full-time wage and salary workers; not AI-specific and not a measure of household wealth or total compensation.
1992-01-01,Women,Sex,271.0,LES1252882800Q,LES1252882800,Real median usual weekly earnings,constant 1982-84 dollars per week,Seasonally adjusted,BLS Current Population Survey,Median real earnings for full-time wage and salary workers; not AI-specific and not a measure of household wealth or total compensation.
1992-04-01,Women,Sex,271.0,LES1252882800Q,LES1252882800,Real median usual weekly earnings,constant 1982-84 dollars per week,Seasonally adjusted,BLS Current Population Survey,Median real earnings for full-time wage and salary workers; not AI-specific and not a measure of household wealth or total compensation.
1992-07-01,Women,Sex,270.0,LES1252882800Q,LES1252882800,Real median usual weekly earnings,constant 1982-84 dollars per week,Seasonally adjusted,BLS Current Population Survey,Median real earnings for full-time wage and salary workers; not AI-specific and not a measure of household wealth or total compensation.
1992-10-01,Women,Sex,271.0,LES1252882800Q,LES1252882800,Real median usual weekly earnings,constant 1982-84 dollars per week,Seasonally adjusted,BLS Current Population Survey,Median real earnings for full-time wage and salary workers; not AI-specific and not a measure of household wealth or total compensation.
1993-01-01,Women,Sex,271.0,LES1252882800Q,LES1252882800,Real median usual weekly earnings,constant 1982-84 dollars per week,Seasonally adjusted,BLS Current Population Survey,Median real earnings for full-time wage and salary workers; not AI-specific and not a measure of household wealth or total compensation.
1993-04-01,Women,Sex,270.0,LES1252882800Q,LES1252882800,Real median usual weekly earnings,constant 1982-84 dollars per week,Seasonally adjusted,BLS Current Population Survey,Median real earnings for full-time wage and salary workers; not AI-specific and not a measure of household wealth or total compensation.
1993-07-01,Women,Sex,274.0,LES1252882800Q,LES1252882800,Real median usual weekly earnings,constant 1982-84 dollars per week,Seasonally adjusted,BLS Current Population Survey,Median real earnings for full-time wage and salary workers; not AI-specific and not a measure of household wealth or total compensation.
1993-10-01,Women,Sex,273.0,LES1252882800Q,LES1252882800,Real median usual weekly earnings,constant 1982-84 dollars per week,Seasonally adjusted,BLS Current Population Survey,Median real earnings for full-time wage and salary workers; not AI-specific and not a measure of household wealth or total compensation.
1994-01-01,Women,Sex,269.0,LES1252882800Q,LES1252882800,Real median usual weekly earnings,constant 1982-84 dollars per week,Seasonally adjusted,BLS Current Population Survey,Median real earnings for full-time wage and salary workers; not AI-specific and not a measure of household wealth or total compensation.
1994-04-01,Women,Sex,270.0,LES1252882800Q,LES1252882800,Real median usual weekly earnings,constant 1982-84 dollars per week,Seasonally adjusted,BLS Current Population Survey,Median real earnings for full-time wage and salary workers; not AI-specific and not a measure of household wealth or total compensation.
1994-07-01,Women,Sex,270.0,LES1252882800Q,LES1252882800,Real median usual weekly earnings,constant 1982-84 dollars per week,Seasonally adjusted,BLS Current Population Survey,Median real earnings for full-time wage and salary workers; not AI-specific and not a measure of household wealth or total compensation.
1994-10-01,Women,Sex,269.0,LES1252882800Q,LES1252882800,Real median usual weekly earnings,constant 1982-84 dollars per week,Seasonally adjusted,BLS Current Population Survey,Median real earnings for full-time wage and salary workers; not AI-specific and not a measure of household wealth or total compensation.
1995-01-01,Women,Sex,266.0,LES1252882800Q,LES1252882800,Real median usual weekly earnings,constant 1982-84 dollars per week,Seasonally adjusted,BLS Current Population Survey,Median real earnings for full-time wage and salary workers; not AI-specific and not a measure of household wealth or total compensation.
1995-04-01,Women,Sex,267.0,LES1252882800Q,LES1252882800,Real median usual weekly earnings,constant 1982-84 dollars per week,Seasonally adjusted,BLS Current Population Survey,Median real earnings for full-time wage and salary workers; not AI-specific and not a measure of household wealth or total compensation.
1995-07-01,Women,Sex,267.0,LES1252882800Q,LES1252882800,Real median usual weekly earnings,constant 1982-84 dollars per week,Seasonally adjusted,BLS Current Population Survey,Median real earnings for full-time wage and salary workers; not AI-specific and not a measure of household wealth or total compensation.
1995-10-01,Women,Sex,264.0,LES1252882800Q,LES1252882800,Real median usual weekly earnings,constant 1982-84 dollars per week,Seasonally adjusted,BLS Current Population Survey,Median real earnings for full-time wage and salary workers; not AI-specific and not a measure of household wealth or total compensation.
1996-01-01,Women,Sex,268.0,LES1252882800Q,LES1252882800,Real median usual weekly earnings,constant 1982-84 dollars per week,Seasonally adjusted,BLS Current Population Survey,Median real earnings for full-time wage and salary workers; not AI-specific and not a measure of household wealth or total compensation.
1996-04-01,Women,Sex,266.0,LES1252882800Q,LES1252882800,Real median usual weekly earnings,constant 1982-84 dollars per week,Seasonally adjusted,BLS Current Population Survey,Median real earnings for full-time wage and salary workers; not AI-specific and not a measure of household wealth or total compensation.
1996-07-01,Women,Sex,266.0,LES1252882800Q,LES1252882800,Real median usual weekly earnings,constant 1982-84 dollars per week,Seasonally adjusted,BLS Current Population Survey,Median real earnings for full-time wage and salary workers; not AI-specific and not a measure of household wealth or total compensation.
1996-10-01,Women,Sex,267.0,LES1252882800Q,LES1252882800,Real median usual weekly earnings,constant 1982-84 dollars per week,Seasonally adjusted,BLS Current Population Survey,Median real earnings for full-time wage and salary workers; not AI-specific and not a measure of household wealth or total compensation.
1997-01-01,Women,Sex,265.0,LES1252882800Q,LES1252882800,Real median usual weekly earnings,constant 1982-84 dollars per week,Seasonally adjusted,BLS Current Population Survey,Median real earnings for full-time wage and salary workers; not AI-specific and not a measure of household wealth or total compensation.
1997-04-01,Women,Sex,269.0,LES1252882800Q,LES1252882800,Real median usual weekly earnings,constant 1982-84 dollars per week,Seasonally adjusted,BLS Current Population Survey,Median real earnings for full-time wage and salary workers; not AI-specific and not a measure of household wealth or total compensation.
1997-07-01,Women,Sex,269.0,LES1252882800Q,LES1252882800,Real median usual weekly earnings,constant 1982-84 dollars per week,Seasonally adjusted,BLS Current Population Survey,Median real earnings for full-time wage and salary workers; not AI-specific and not a measure of household wealth or total compensation.
1997-10-01,Women,Sex,271.0,LES1252882800Q,LES1252882800,Real median usual weekly earnings,constant 1982-84 dollars per week,Seasonally adjusted,BLS Current Population Survey,Median real earnings for full-time wage and salary workers; not AI-specific and not a measure of household wealth or total compensation.
1998-01-01,Women,Sex,279.0,LES1252882800Q,LES1252882800,Real median usual weekly earnings,constant 1982-84 dollars per week,Seasonally adjusted,BLS Current Population Survey,Median real earnings for full-time wage and salary workers; not AI-specific and not a measure of household wealth or total compensation.
1998-04-01,Women,Sex,276.0,LES1252882800Q,LES1252882800,Real median usual weekly earnings,constant 1982-84 dollars per week,Seasonally adjusted,BLS Current Population Survey,Median real earnings for full-time wage and salary workers; not AI-specific and not a measure of household wealth or total compensation.
1998-07-01,Women,Sex,280.0,LES1252882800Q,LES1252882800,Real median usual weekly earnings,constant 1982-84 dollars per week,Seasonally adjusted,BLS Current Population Survey,Median real earnings for full-time wage and salary workers; not AI-specific and not a measure of household wealth or total compensation.
1998-10-01,Women,Sex,285.0,LES1252882800Q,LES1252882800,Real median usual weekly earnings,constant 1982-84 dollars per week,Seasonally adjusted,BLS Current Population Survey,Median real earnings for full-time wage and salary workers; not AI-specific and not a measure of household wealth or total compensation.
1999-01-01,Women,Sex,282.0,LES1252882800Q,LES1252882800,Real median usual weekly earnings,constant 1982-84 dollars per week,Seasonally adjusted,BLS Current Population Survey,Median real earnings for full-time wage and salary workers; not AI-specific and not a measure of household wealth or total compensation.
1999-04-01,Women,Sex,283.0,LES1252882800Q,LES1252882800,Real median usual weekly earnings,constant 1982-84 dollars per week,Seasonally adjusted,BLS Current Population Survey,Median real earnings for full-time wage and salary workers; not AI-specific and not a measure of household wealth or total compensation.
1999-07-01,Women,Sex,285.0,LES1252882800Q,LES1252882800,Real median usual weekly earnings,constant 1982-84 dollars per week,Seasonally adjusted,BLS Current Population Survey,Median real earnings for full-time wage and salary workers; not AI-specific and not a measure of household wealth or total compensation.
1999-10-01,Women,Sex,285.0,LES1252882800Q,LES1252882800,Real median usual weekly earnings,constant 1982-84 dollars per week,Seasonally adjusted,BLS Current Population Survey,Median real earnings for full-time wage and salary workers; not AI-specific and not a measure of household wealth or total compensation.
2000-01-01,Women,Sex,285.0,LES1252882800Q,LES1252882800,Real median usual weekly earnings,constant 1982-84 dollars per week,Seasonally adjusted,BLS Current Population Survey,Median real earnings for full-time wage and salary workers; not AI-specific and not a measure of household wealth or total compensation.
2000-04-01,Women,Sex,286.0,LES1252882800Q,LES1252882800,Real median usual weekly earnings,constant 1982-84 dollars per week,Seasonally adjusted,BLS Current Population Survey,Median real earnings for full-time wage and salary workers; not AI-specific and not a measure of household wealth or total compensation.
2000-07-01,Women,Sex,287.0,LES1252882800Q,LES1252882800,Real median usual weekly earnings,constant 1982-84 dollars per week,Seasonally adjusted,BLS Current Population Survey,Median real earnings for full-time wage and salary workers; not AI-specific and not a measure of household wealth or total compensation.
2000-10-01,Women,Sex,287.0,LES1252882800Q,LES1252882800,Real median usual weekly earnings,constant 1982-84 dollars per week,Seasonally adjusted,BLS Current Population Survey,Median real earnings for full-time wage and salary workers; not AI-specific and not a measure of household wealth or total compensation.
2001-01-01,Women,Sex,287.0,LES1252882800Q,LES1252882800,Real median usual weekly earnings,constant 1982-84 dollars per week,Seasonally adjusted,BLS Current Population Survey,Median real earnings for full-time wage and salary workers; not AI-specific and not a measure of household wealth or total compensation.
2001-04-01,Women,Sex,291.0,LES1252882800Q,LES1252882800,Real median usual weekly earnings,constant 1982-84 dollars per week,Seasonally adjusted,BLS Current Population Survey,Median real earnings for full-time wage and salary workers; not AI-specific and not a measure of household wealth or total compensation.
2001-07-01,Women,Sex,287.0,LES1252882800Q,LES1252882800,Real median usual weekly earnings,constant 1982-84 dollars per week,Seasonally adjusted,BLS Current Population Survey,Median real earnings for full-time wage and salary workers; not AI-specific and not a measure of household wealth or total compensation.
2001-10-01,Women,Sex,292.0,LES1252882800Q,LES1252882800,Real median usual weekly earnings,constant 1982-84 dollars per week,Seasonally adjusted,BLS Current Population Survey,Median real earnings for full-time wage and salary workers; not AI-specific and not a measure of household wealth or total compensation.
2002-01-01,Women,Sex,295.0,LES1252882800Q,LES1252882800,Real median usual weekly earnings,constant 1982-84 dollars per week,Seasonally adjusted,BLS Current Population Survey,Median real earnings for full-time wage and salary workers; not AI-specific and not a measure of household wealth or total compensation.
2002-04-01,Women,Sex,292.0,LES1252882800Q,LES1252882800,Real median usual weekly earnings,constant 1982-84 dollars per week,Seasonally adjusted,BLS Current Population Survey,Median real earnings for full-time wage and salary workers; not AI-specific and not a measure of household wealth or total compensation.
2002-07-01,Women,Sex,294.0,LES1252882800Q,LES1252882800,Real median usual weekly earnings,constant 1982-84 dollars per week,Seasonally adjusted,BLS Current Population Survey,Median real earnings for full-time wage and salary workers; not AI-specific and not a measure of household wealth or total compensation.
2002-10-01,Women,Sex,298.0,LES1252882800Q,LES1252882800,Real median usual weekly earnings,constant 1982-84 dollars per week,Seasonally adjusted,BLS Current Population Survey,Median real earnings for full-time wage and salary workers; not AI-specific and not a measure of household wealth or total compensation.
2003-01-01,Women,Sex,297.0,LES1252882800Q,LES1252882800,Real median usual weekly earnings,constant 1982-84 dollars per week,Seasonally adjusted,BLS Current Population Survey,Median real earnings for full-time wage and salary workers; not AI-specific and not a measure of household wealth or total compensation.
2003-04-01,Women,Sex,301.0,LES1252882800Q,LES1252882800,Real median usual weekly earnings,constant 1982-84 dollars per week,Seasonally adjusted,BLS Current Population Survey,Median real earnings for full-time wage and salary workers; not AI-specific and not a measure of household wealth or total compensation.
2003-07-01,Women,Sex,300.0,LES1252882800Q,LES1252882800,Real median usual weekly earnings,constant 1982-84 dollars per week,Seasonally adjusted,BLS Current Population Survey,Median real earnings for full-time wage and salary workers; not AI-specific and not a measure of household wealth or total compensation.
2003-10-01,Women,Sex,302.0,LES1252882800Q,LES1252882800,Real median usual weekly earnings,constant 1982-84 dollars per week,Seasonally adjusted,BLS Current Population Survey,Median real earnings for full-time wage and salary workers; not AI-specific and not a measure of household wealth or total compensation.
2004-01-01,Women,Sex,301.0,LES1252882800Q,LES1252882800,Real median usual weekly earnings,constant 1982-84 dollars per week,Seasonally adjusted,BLS Current Population Survey,Median real earnings for full-time wage and salary workers; not AI-specific and not a measure of household wealth or total compensation.
2004-04-01,Women,Sex,306.0,LES1252882800Q,LES1252882800,Real median usual weekly earnings,constant 1982-84 dollars per week,Seasonally adjusted,BLS Current Population Survey,Median real earnings for full-time wage and salary workers; not AI-specific and not a measure of household wealth or total compensation.
2004-07-01,Women,Sex,303.0,LES1252882800Q,LES1252882800,Real median usual weekly earnings,constant 1982-84 dollars per week,Seasonally adjusted,BLS Current Population Survey,Median real earnings for full-time wage and salary workers; not AI-specific and not a measure of household wealth or total compensation.
2004-10-01,Women,Sex,302.0,LES1252882800Q,LES1252882800,Real median usual weekly earnings,constant 1982-84 dollars per week,Seasonally adjusted,BLS Current Population Survey,Median real earnings for full-time wage and salary workers; not AI-specific and not a measure of household wealth or total compensation.
2005-01-01,Women,Sex,302.0,LES1252882800Q,LES1252882800,Real median usual weekly earnings,constant 1982-84 dollars per week,Seasonally adjusted,BLS Current Population Survey,Median real earnings for full-time wage and salary workers; not AI-specific and not a measure of household wealth or total compensation.
2005-04-01,Women,Sex,301.0,LES1252882800Q,LES1252882800,Real median usual weekly earnings,constant 1982-84 dollars per week,Seasonally adjusted,BLS Current Population Survey,Median real earnings for full-time wage and salary workers; not AI-specific and not a measure of household wealth or total compensation.
2005-07-01,Women,Sex,299.0,LES1252882800Q,LES1252882800,Real median usual weekly earnings,constant 1982-84 dollars per week,Seasonally adjusted,BLS Current Population Survey,Median real earnings for full-time wage and salary workers; not AI-specific and not a measure of household wealth or total compensation.
2005-10-01,Women,Sex,296.0,LES1252882800Q,LES1252882800,Real median usual weekly earnings,constant 1982-84 dollars per week,Seasonally adjusted,BLS Current Population Survey,Median real earnings for full-time wage and salary workers; not AI-specific and not a measure of household wealth or total compensation.
2006-01-01,Women,Sex,298.0,LES1252882800Q,LES1252882800,Real median usual weekly earnings,constant 1982-84 dollars per week,Seasonally adjusted,BLS Current Population Survey,Median real earnings for full-time wage and salary workers; not AI-specific and not a measure of household wealth or total compensation.
2006-04-01,Women,Sex,296.0,LES1252882800Q,LES1252882800,Real median usual weekly earnings,constant 1982-84 dollars per week,Seasonally adjusted,BLS Current Population Survey,Median real earnings for full-time wage and salary workers; not AI-specific and not a measure of household wealth or total compensation.
2006-07-01,Women,Sex,297.0,LES1252882800Q,LES1252882800,Real median usual weekly earnings,constant 1982-84 dollars per week,Seasonally adjusted,BLS Current Population Survey,Median real earnings for full-time wage and salary workers; not AI-specific and not a measure of household wealth or total compensation.
2006-10-01,Women,Sex,300.0,LES1252882800Q,LES1252882800,Real median usual weekly earnings,constant 1982-84 dollars per week,Seasonally adjusted,BLS Current Population Survey,Median real earnings for full-time wage and salary workers; not AI-specific and not a measure of household wealth or total compensation.
2007-01-01,Women,Sex,298.0,LES1252882800Q,LES1252882800,Real median usual weekly earnings,constant 1982-84 dollars per week,Seasonally adjusted,BLS Current Population Survey,Median real earnings for full-time wage and salary workers; not AI-specific and not a measure of household wealth or total compensation.
2007-04-01,Women,Sex,295.0,LES1252882800Q,LES1252882800,Real median usual weekly earnings,constant 1982-84 dollars per week,Seasonally adjusted,BLS Current Population Survey,Median real earnings for full-time wage and salary workers; not AI-specific and not a measure of household wealth or total compensation.
2007-07-01,Women,Sex,298.0,LES1252882800Q,LES1252882800,Real median usual weekly earnings,constant 1982-84 dollars per week,Seasonally adjusted,BLS Current Population Survey,Median real earnings for full-time wage and salary workers; not AI-specific and not a measure of household wealth or total compensation.
2007-10-01,Women,Sex,292.0,LES1252882800Q,LES1252882800,Real median usual weekly earnings,constant 1982-84 dollars per week,Seasonally adjusted,BLS Current Population Survey,Median real earnings for full-time wage and salary workers; not AI-specific and not a measure of household wealth or total compensation.
2008-01-01,Women,Sex,298.0,LES1252882800Q,LES1252882800,Real median usual weekly earnings,constant 1982-84 dollars per week,Seasonally adjusted,BLS Current Population Survey,Median real earnings for full-time wage and salary workers; not AI-specific and not a measure of household wealth or total compensation.
2008-04-01,Women,Sex,295.0,LES1252882800Q,LES1252882800,Real median usual weekly earnings,constant 1982-84 dollars per week,Seasonally adjusted,BLS Current Population Survey,Median real earnings for full-time wage and salary workers; not AI-specific and not a measure of household wealth or total compensation.
2008-07-01,Women,Sex,291.0,LES1252882800Q,LES1252882800,Real median usual weekly earnings,constant 1982-84 dollars per week,Seasonally adjusted,BLS Current Population Survey,Median real earnings for full-time wage and salary workers; not AI-specific and not a measure of household wealth or total compensation.
2008-10-01,Women,Sex,302.0,LES1252882800Q,LES1252882800,Real median usual weekly earnings,constant 1982-84 dollars per week,Seasonally adjusted,BLS Current Population Survey,Median real earnings for full-time wage and salary workers; not AI-specific and not a measure of household wealth or total compensation.
2009-01-01,Women,Sex,304.0,LES1252882800Q,LES1252882800,Real median usual weekly earnings,constant 1982-84 dollars per week,Seasonally adjusted,BLS Current Population Survey,Median real earnings for full-time wage and salary workers; not AI-specific and not a measure of household wealth or total compensation.
2009-04-01,Women,Sex,305.0,LES1252882800Q,LES1252882800,Real median usual weekly earnings,constant 1982-84 dollars per week,Seasonally adjusted,BLS Current Population Survey,Median real earnings for full-time wage and salary workers; not AI-specific and not a measure of household wealth or total compensation.
2009-07-01,Women,Sex,309.0,LES1252882800Q,LES1252882800,Real median usual weekly earnings,constant 1982-84 dollars per week,Seasonally adjusted,BLS Current Population Survey,Median real earnings for full-time wage and salary workers; not AI-specific and not a measure of household wealth or total compensation.
2009-10-01,Women,Sex,307.0,LES1252882800Q,LES1252882800,Real median usual weekly earnings,constant 1982-84 dollars per week,Seasonally adjusted,BLS Current Population Survey,Median real earnings for full-time wage and salary workers; not AI-specific and not a measure of household wealth or total compensation.
2010-01-01,Women,Sex,304.0,LES1252882800Q,LES1252882800,Real median usual weekly earnings,constant 1982-84 dollars per week,Seasonally adjusted,BLS Current Population Survey,Median real earnings for full-time wage and salary workers; not AI-specific and not a measure of household wealth or total compensation.
2010-04-01,Women,Sex,309.0,LES1252882800Q,LES1252882800,Real median usual weekly earnings,constant 1982-84 dollars per week,Seasonally adjusted,BLS Current Population Survey,Median real earnings for full-time wage and salary workers; not AI-specific and not a measure of household wealth or total compensation.
2010-07-01,Women,Sex,308.0,LES1252882800Q,LES1252882800,Real median usual weekly earnings,constant 1982-84 dollars per week,Seasonally adjusted,BLS Current Population Survey,Median real earnings for full-time wage and salary workers; not AI-specific and not a measure of household wealth or total compensation.
2010-10-01,Women,Sex,308.0,LES1252882800Q,LES1252882800,Real median usual weekly earnings,constant 1982-84 dollars per week,Seasonally adjusted,BLS Current Population Survey,Median real earnings for full-time wage and salary workers; not AI-specific and not a measure of household wealth or total compensation.
2011-01-01,Women,Sex,306.0,LES1252882800Q,LES1252882800,Real median usual weekly earnings,constant 1982-84 dollars per week,Seasonally adjusted,BLS Current Population Survey,Median real earnings for full-time wage and salary workers; not AI-specific and not a measure of household wealth or total compensation.
2011-04-01,Women,Sex,306.0,LES1252882800Q,LES1252882800,Real median usual weekly earnings,constant 1982-84 dollars per week,Seasonally adjusted,BLS Current Population Survey,Median real earnings for full-time wage and salary workers; not AI-specific and not a measure of household wealth or total compensation.
2011-07-01,Women,Sex,301.0,LES1252882800Q,LES1252882800,Real median usual weekly earnings,constant 1982-84 dollars per week,Seasonally adjusted,BLS Current Population Survey,Median real earnings for full-time wage and salary workers; not AI-specific and not a measure of household wealth or total compensation.
2011-10-01,Women,Sex,302.0,LES1252882800Q,LES1252882800,Real median usual weekly earnings,constant 1982-84 dollars per week,Seasonally adjusted,BLS Current Population Survey,Median real earnings for full-time wage and salary workers; not AI-specific and not a measure of household wealth or total compensation.
2012-01-01,Women,Sex,303.0,LES1252882800Q,LES1252882800,Real median usual weekly earnings,constant 1982-84 dollars per week,Seasonally adjusted,BLS Current Population Survey,Median real earnings for full-time wage and salary workers; not AI-specific and not a measure of household wealth or total compensation.
2012-04-01,Women,Sex,300.0,LES1252882800Q,LES1252882800,Real median usual weekly earnings,constant 1982-84 dollars per week,Seasonally adjusted,BLS Current Population Survey,Median real earnings for full-time wage and salary workers; not AI-specific and not a measure of household wealth or total compensation.
2012-07-01,Women,Sex,302.0,LES1252882800Q,LES1252882800,Real median usual weekly earnings,constant 1982-84 dollars per week,Seasonally adjusted,BLS Current Population Survey,Median real earnings for full-time wage and salary workers; not AI-specific and not a measure of household wealth or total compensation.
2012-10-01,Women,Sex,298.0,LES1252882800Q,LES1252882800,Real median usual weekly earnings,constant 1982-84 dollars per week,Seasonally adjusted,BLS Current Population Survey,Median real earnings for full-time wage and salary workers; not AI-specific and not a measure of household wealth or total compensation.
2013-01-01,Women,Sex,301.0,LES1252882800Q,LES1252882800,Real median usual weekly earnings,constant 1982-84 dollars per week,Seasonally adjusted,BLS Current Population Survey,Median real earnings for full-time wage and salary workers; not AI-specific and not a measure of household wealth or total compensation.
2013-04-01,Women,Sex,304.0,LES1252882800Q,LES1252882800,Real median usual weekly earnings,constant 1982-84 dollars per week,Seasonally adjusted,BLS Current Population Survey,Median real earnings for full-time wage and salary workers; not AI-specific and not a measure of household wealth or total compensation.
2013-07-01,Women,Sex,302.0,LES1252882800Q,LES1252882800,Real median usual weekly earnings,constant 1982-84 dollars per week,Seasonally adjusted,BLS Current Population Survey,Median real earnings for full-time wage and salary workers; not AI-specific and not a measure of household wealth or total compensation.
2013-10-01,Women,Sex,304.0,LES1252882800Q,LES1252882800,Real median usual weekly earnings,constant 1982-84 dollars per week,Seasonally adjusted,BLS Current Population Survey,Median real earnings for full-time wage and salary workers; not AI-specific and not a measure of household wealth or total compensation.
2014-01-01,Women,Sex,304.0,LES1252882800Q,LES1252882800,Real median usual weekly earnings,constant 1982-84 dollars per week,Seasonally adjusted,BLS Current Population Survey,Median real earnings for full-time wage and salary workers; not AI-specific and not a measure of household wealth or total compensation.
2014-04-01,Women,Sex,302.0,LES1252882800Q,LES1252882800,Real median usual weekly earnings,constant 1982-84 dollars per week,Seasonally adjusted,BLS Current Population Survey,Median real earnings for full-time wage and salary workers; not AI-specific and not a measure of household wealth or total compensation.
2014-07-01,Women,Sex,304.0,LES1252882800Q,LES1252882800,Real median usual weekly earnings,constant 1982-84 dollars per week,Seasonally adjusted,BLS Current Population Survey,Median real earnings for full-time wage and salary workers; not AI-specific and not a measure of household wealth or total compensation.
2014-10-01,Women,Sex,306.0,LES1252882800Q,LES1252882800,Real median usual weekly earnings,constant 1982-84 dollars per week,Seasonally adjusted,BLS Current Population Survey,Median real earnings for full-time wage and salary workers; not AI-specific and not a measure of household wealth or total compensation.
2015-01-01,Women,Sex,308.0,LES1252882800Q,LES1252882800,Real median usual weekly earnings,constant 1982-84 dollars per week,Seasonally adjusted,BLS Current Population Survey,Median real earnings for full-time wage and salary workers; not AI-specific and not a measure of household wealth or total compensation.
2015-04-01,Women,Sex,306.0,LES1252882800Q,LES1252882800,Real median usual weekly earnings,constant 1982-84 dollars per week,Seasonally adjusted,BLS Current Population Survey,Median real earnings for full-time wage and salary workers; not AI-specific and not a measure of household wealth or total compensation.
2015-07-01,Women,Sex,306.0,LES1252882800Q,LES1252882800,Real median usual weekly earnings,constant 1982-84 dollars per week,Seasonally adjusted,BLS Current Population Survey,Median real earnings for full-time wage and salary workers; not AI-specific and not a measure of household wealth or total compensation.
2015-10-01,Women,Sex,307.0,LES1252882800Q,LES1252882800,Real median usual weekly earnings,constant 1982-84 dollars per week,Seasonally adjusted,BLS Current Population Survey,Median real earnings for full-time wage and salary workers; not AI-specific and not a measure of household wealth or total compensation.
2016-01-01,Women,Sex,313.0,LES1252882800Q,LES1252882800,Real median usual weekly earnings,constant 1982-84 dollars per week,Seasonally adjusted,BLS Current Population Survey,Median real earnings for full-time wage and salary workers; not AI-specific and not a measure of household wealth or total compensation.
2016-04-01,Women,Sex,311.0,LES1252882800Q,LES1252882800,Real median usual weekly earnings,constant 1982-84 dollars per week,Seasonally adjusted,BLS Current Population Survey,Median real earnings for full-time wage and salary workers; not AI-specific and not a measure of household wealth or total compensation.
2016-07-01,Women,Sex,311.0,LES1252882800Q,LES1252882800,Real median usual weekly earnings,constant 1982-84 dollars per week,Seasonally adjusted,BLS Current Population Survey,Median real earnings for full-time wage and salary workers; not AI-specific and not a measure of household wealth or total compensation.
2016-10-01,Women,Sex,313.0,LES1252882800Q,LES1252882800,Real median usual weekly earnings,constant 1982-84 dollars per week,Seasonally adjusted,BLS Current Population Survey,Median real earnings for full-time wage and salary workers; not AI-specific and not a measure of household wealth or total compensation.
2017-01-01,Women,Sex,312.0,LES1252882800Q,LES1252882800,Real median usual weekly earnings,constant 1982-84 dollars per week,Seasonally adjusted,BLS Current Population Survey,Median real earnings for full-time wage and salary workers; not AI-specific and not a measure of household wealth or total compensation.
2017-04-01,Women,Sex,321.0,LES1252882800Q,LES1252882800,Real median usual weekly earnings,constant 1982-84 dollars per week,Seasonally adjusted,BLS Current Population Survey,Median real earnings for full-time wage and salary workers; not AI-specific and not a measure of household wealth or total compensation.
2017-07-01,Women,Sex,313.0,LES1252882800Q,LES1252882800,Real median usual weekly earnings,constant 1982-84 dollars per week,Seasonally adjusted,BLS Current Population Survey,Median real earnings for full-time wage and salary workers; not AI-specific and not a measure of household wealth or total compensation.
2017-10-01,Women,Sex,312.0,LES1252882800Q,LES1252882800,Real median usual weekly earnings,constant 1982-84 dollars per week,Seasonally adjusted,BLS Current Population Survey,Median real earnings for full-time wage and salary workers; not AI-specific and not a measure of household wealth or total compensation.
2018-01-01,Women,Sex,312.0,LES1252882800Q,LES1252882800,Real median usual weekly earnings,constant 1982-84 dollars per week,Seasonally adjusted,BLS Current Population Survey,Median real earnings for full-time wage and salary workers; not AI-specific and not a measure of household wealth or total compensation.
2018-04-01,Women,Sex,313.0,LES1252882800Q,LES1252882800,Real median usual weekly earnings,constant 1982-84 dollars per week,Seasonally adjusted,BLS Current Population Survey,Median real earnings for full-time wage and salary workers; not AI-specific and not a measure of household wealth or total compensation.
2018-07-01,Women,Sex,316.0,LES1252882800Q,LES1252882800,Real median usual weekly earnings,constant 1982-84 dollars per week,Seasonally adjusted,BLS Current Population Survey,Median real earnings for full-time wage and salary workers; not AI-specific and not a measure of household wealth or total compensation.
2018-10-01,Women,Sex,315.0,LES1252882800Q,LES1252882800,Real median usual weekly earnings,constant 1982-84 dollars per week,Seasonally adjusted,BLS Current Population Survey,Median real earnings for full-time wage and salary workers; not AI-specific and not a measure of household wealth or total compensation.
2019-01-01,Women,Sex,317.0,LES1252882800Q,LES1252882800,Real median usual weekly earnings,constant 1982-84 dollars per week,Seasonally adjusted,BLS Current Population Survey,Median real earnings for full-time wage and salary workers; not AI-specific and not a measure of household wealth or total compensation.
2019-04-01,Women,Sex,320.0,LES1252882800Q,LES1252882800,Real median usual weekly earnings,constant 1982-84 dollars per week,Seasonally adjusted,BLS Current Population Survey,Median real earnings for full-time wage and salary workers; not AI-specific and not a measure of household wealth or total compensation.
2019-07-01,Women,Sex,322.0,LES1252882800Q,LES1252882800,Real median usual weekly earnings,constant 1982-84 dollars per week,Seasonally adjusted,BLS Current Population Survey,Median real earnings for full-time wage and salary workers; not AI-specific and not a measure of household wealth or total compensation.
2019-10-01,Women,Sex,327.0,LES1252882800Q,LES1252882800,Real median usual weekly earnings,constant 1982-84 dollars per week,Seasonally adjusted,BLS Current Population Survey,Median real earnings for full-time wage and salary workers; not AI-specific and not a measure of household wealth or total compensation.
2020-01-01,Women,Sex,330.0,LES1252882800Q,LES1252882800,Real median usual weekly earnings,constant 1982-84 dollars per week,Seasonally adjusted,BLS Current Population Survey,Median real earnings for full-time wage and salary workers; not AI-specific and not a measure of household wealth or total compensation.
2020-04-01,Women,Sex,358.0,LES1252882800Q,LES1252882800,Real median usual weekly earnings,constant 1982-84 dollars per week,Seasonally adjusted,BLS Current Population Survey,Median real earnings for full-time wage and salary workers; not AI-specific and not a measure of household wealth or total compensation.
2020-07-01,Women,Sex,347.0,LES1252882800Q,LES1252882800,Real median usual weekly earnings,constant 1982-84 dollars per week,Seasonally adjusted,BLS Current Population Survey,Median real earnings for full-time wage and salary workers; not AI-specific and not a measure of household wealth or total compensation.
2020-10-01,Women,Sex,342.0,LES1252882800Q,LES1252882800,Real median usual weekly earnings,constant 1982-84 dollars per week,Seasonally adjusted,BLS Current Population Survey,Median real earnings for full-time wage and salary workers; not AI-specific and not a measure of household wealth or total compensation.
2021-01-01,Women,Sex,340.0,LES1252882800Q,LES1252882800,Real median usual weekly earnings,constant 1982-84 dollars per week,Seasonally adjusted,BLS Current Population Survey,Median real earnings for full-time wage and salary workers; not AI-specific and not a measure of household wealth or total compensation.
2021-04-01,Women,Sex,337.0,LES1252882800Q,LES1252882800,Real median usual weekly earnings,constant 1982-84 dollars per week,Seasonally adjusted,BLS Current Population Survey,Median real earnings for full-time wage and salary workers; not AI-specific and not a measure of household wealth or total compensation.
2021-07-01,Women,Sex,336.0,LES1252882800Q,LES1252882800,Real median usual weekly earnings,constant 1982-84 dollars per week,Seasonally adjusted,BLS Current Population Survey,Median real earnings for full-time wage and salary workers; not AI-specific and not a measure of household wealth or total compensation.
2021-10-01,Women,Sex,332.0,LES1252882800Q,LES1252882800,Real median usual weekly earnings,constant 1982-84 dollars per week,Seasonally adjusted,BLS Current Population Survey,Median real earnings for full-time wage and salary workers; not AI-specific and not a measure of household wealth or total compensation.
2022-01-01,Women,Sex,329.0,LES1252882800Q,LES1252882800,Real median usual weekly earnings,constant 1982-84 dollars per week,Seasonally adjusted,BLS Current Population Survey,Median real earnings for full-time wage and salary workers; not AI-specific and not a measure of household wealth or total compensation.
2022-04-01,Women,Sex,326.0,LES1252882800Q,LES1252882800,Real median usual weekly earnings,constant 1982-84 dollars per week,Seasonally adjusted,BLS Current Population Survey,Median real earnings for full-time wage and salary workers; not AI-specific and not a measure of household wealth or total compensation.
2022-07-01,Women,Sex,329.0,LES1252882800Q,LES1252882800,Real median usual weekly earnings,constant 1982-84 dollars per week,Seasonally adjusted,BLS Current Population Survey,Median real earnings for full-time wage and salary workers; not AI-specific and not a measure of household wealth or total compensation.
2022-10-01,Women,Sex,325.0,LES1252882800Q,LES1252882800,Real median usual weekly earnings,constant 1982-84 dollars per week,Seasonally adjusted,BLS Current Population Survey,Median real earnings for full-time wage and salary workers; not AI-specific and not a measure of household wealth or total compensation.
2023-01-01,Women,Sex,329.0,LES1252882800Q,LES1252882800,Real median usual weekly earnings,constant 1982-84 dollars per week,Seasonally adjusted,BLS Current Population Survey,Median real earnings for full-time wage and salary workers; not AI-specific and not a measure of household wealth or total compensation.
2023-04-01,Women,Sex,330.0,LES1252882800Q,LES1252882800,Real median usual weekly earnings,constant 1982-84 dollars per week,Seasonally adjusted,BLS Current Population Survey,Median real earnings for full-time wage and salary workers; not AI-specific and not a measure of household wealth or total compensation.
2023-07-01,Women,Sex,329.0,LES1252882800Q,LES1252882800,Real median usual weekly earnings,constant 1982-84 dollars per week,Seasonally adjusted,BLS Current Population Survey,Median real earnings for full-time wage and salary workers; not AI-specific and not a measure of household wealth or total compensation.
2023-10-01,Women,Sex,332.0,LES1252882800Q,LES1252882800,Real median usual weekly earnings,constant 1982-84 dollars per week,Seasonally adjusted,BLS Current Population Survey,Median real earnings for full-time wage and salary workers; not AI-specific and not a measure of household wealth or total compensation.
2024-01-01,Women,Sex,327.0,LES1252882800Q,LES1252882800,Real median usual weekly earnings,constant 1982-84 dollars per week,Seasonally adjusted,BLS Current Population Survey,Median real earnings for full-time wage and salary workers; not AI-specific and not a measure of household wealth or total compensation.
2024-04-01,Women,Sex,328.0,LES1252882800Q,LES1252882800,Real median usual weekly earnings,constant 1982-84 dollars per week,Seasonally adjusted,BLS Current Population Survey,Median real earnings for full-time wage and salary workers; not AI-specific and not a measure of household wealth or total compensation.
2024-07-01,Women,Sex,337.0,LES1252882800Q,LES1252882800,Real median usual weekly earnings,constant 1982-84 dollars per week,Seasonally adjusted,BLS Current Population Survey,Median real earnings for full-time wage and salary workers; not AI-specific and not a measure of household wealth or total compensation.
2024-10-01,Women,Sex,339.0,LES1252882800Q,LES1252882800,Real median usual weekly earnings,constant 1982-84 dollars per week,Seasonally adjusted,BLS Current Population Survey,Median real earnings for full-time wage and salary workers; not AI-specific and not a measure of household wealth or total compensation.
2025-01-01,Women,Sex,341.0,LES1252882800Q,LES1252882800,Real median usual weekly earnings,constant 1982-84 dollars per week,Seasonally adjusted,BLS Current Population Survey,Median real earnings for full-time wage and salary workers; not AI-specific and not a measure of household wealth or total compensation.
2025-04-01,Women,Sex,339.0,LES1252882800Q,LES1252882800,Real median usual weekly earnings,constant 1982-84 dollars per week,Seasonally adjusted,BLS Current Population Survey,Median real earnings for full-time wage and salary workers; not AI-specific and not a measure of household wealth or total compensation.
2025-07-01,Women,Sex,335.0,LES1252882800Q,LES1252882800,Real median usual weekly earnings,constant 1982-84 dollars per week,Seasonally adjusted,BLS Current Population Survey,Median real earnings for full-time wage and salary workers; not AI-specific and not a measure of household wealth or total compensation.
2026-01-01,Women,Sex,333.0,LES1252882800Q,LES1252882800,Real median usual weekly earnings,constant 1982-84 dollars per week,Seasonally adjusted,BLS Current Population Survey,Median real earnings for full-time wage and salary workers; not AI-specific and not a measure of household wealth or total compensation.
2026-04-01,Women,Sex,341.0,LES1252882800Q,LES1252882800,Real median usual weekly earnings,constant 1982-84 dollars per week,Seasonally adjusted,BLS Current Population Survey,Median real earnings for full-time wage and salary workers; not AI-specific and not a measure of household wealth or total compensation.
2000-01-01,White,Race and ethnicity,346.0,LEU0252883700Q,LEU0252883700,Real median usual weekly earnings,constant 1982-84 dollars per week,Not seasonally adjusted,BLS Current Population Survey,Median real earnings for full-time wage and salary workers; not AI-specific and not a measure of household wealth or total compensation.
2000-04-01,White,Race and ethnicity,341.0,LEU0252883700Q,LEU0252883700,Real median usual weekly earnings,constant 1982-84 dollars per week,Not seasonally adjusted,BLS Current Population Survey,Median real earnings for full-time wage and salary workers; not AI-specific and not a measure of household wealth or total compensation.
2000-07-01,White,Race and ethnicity,339.0,LEU0252883700Q,LEU0252883700,Real median usual weekly earnings,constant 1982-84 dollars per week,Not seasonally adjusted,BLS Current Population Survey,Median real earnings for full-time wage and salary workers; not AI-specific and not a measure of household wealth or total compensation.
2000-10-01,White,Race and ethnicity,345.0,LEU0252883700Q,LEU0252883700,Real median usual weekly earnings,constant 1982-84 dollars per week,Not seasonally adjusted,BLS Current Population Survey,Median real earnings for full-time wage and salary workers; not AI-specific and not a measure of household wealth or total compensation.
2001-01-01,White,Race and ethnicity,345.0,LEU0252883700Q,LEU0252883700,Real median usual weekly earnings,constant 1982-84 dollars per week,Not seasonally adjusted,BLS Current Population Survey,Median real earnings for full-time wage and salary workers; not AI-specific and not a measure of household wealth or total compensation.
2001-04-01,White,Race and ethnicity,341.0,LEU0252883700Q,LEU0252883700,Real median usual weekly earnings,constant 1982-84 dollars per week,Not seasonally adjusted,BLS Current Population Survey,Median real earnings for full-time wage and salary workers; not AI-specific and not a measure of household wealth or total compensation.
2001-07-01,White,Race and ethnicity,343.0,LEU0252883700Q,LEU0252883700,Real median usual weekly earnings,constant 1982-84 dollars per week,Not seasonally adjusted,BLS Current Population Survey,Median real earnings for full-time wage and salary workers; not AI-specific and not a measure of household wealth or total compensation.
2001-10-01,White,Race and ethnicity,350.0,LEU0252883700Q,LEU0252883700,Real median usual weekly earnings,constant 1982-84 dollars per week,Not seasonally adjusted,BLS Current Population Survey,Median real earnings for full-time wage and salary workers; not AI-specific and not a measure of household wealth or total compensation.
2002-01-01,White,Race and ethnicity,351.0,LEU0252883700Q,LEU0252883700,Real median usual weekly earnings,constant 1982-84 dollars per week,Not seasonally adjusted,BLS Current Population Survey,Median real earnings for full-time wage and salary workers; not AI-specific and not a measure of household wealth or total compensation.
2002-04-01,White,Race and ethnicity,346.0,LEU0252883700Q,LEU0252883700,Real median usual weekly earnings,constant 1982-84 dollars per week,Not seasonally adjusted,BLS Current Population Survey,Median real earnings for full-time wage and salary workers; not AI-specific and not a measure of household wealth or total compensation.
2002-07-01,White,Race and ethnicity,343.0,LEU0252883700Q,LEU0252883700,Real median usual weekly earnings,constant 1982-84 dollars per week,Not seasonally adjusted,BLS Current Population Survey,Median real earnings for full-time wage and salary workers; not AI-specific and not a measure of household wealth or total compensation.
2002-10-01,White,Race and ethnicity,348.0,LEU0252883700Q,LEU0252883700,Real median usual weekly earnings,constant 1982-84 dollars per week,Not seasonally adjusted,BLS Current Population Survey,Median real earnings for full-time wage and salary workers; not AI-specific and not a measure of household wealth or total compensation.
2003-01-01,White,Race and ethnicity,348.0,LEU0252883700Q,LEU0252883700,Real median usual weekly earnings,constant 1982-84 dollars per week,Not seasonally adjusted,BLS Current Population Survey,Median real earnings for full-time wage and salary workers; not AI-specific and not a measure of household wealth or total compensation.
2003-04-01,White,Race and ethnicity,343.0,LEU0252883700Q,LEU0252883700,Real median usual weekly earnings,constant 1982-84 dollars per week,Not seasonally adjusted,BLS Current Population Survey,Median real earnings for full-time wage and salary workers; not AI-specific and not a measure of household wealth or total compensation.
2003-07-01,White,Race and ethnicity,343.0,LEU0252883700Q,LEU0252883700,Real median usual weekly earnings,constant 1982-84 dollars per week,Not seasonally adjusted,BLS Current Population Survey,Median real earnings for full-time wage and salary workers; not AI-specific and not a measure of household wealth or total compensation.
2003-10-01,White,Race and ethnicity,350.0,LEU0252883700Q,LEU0252883700,Real median usual weekly earnings,constant 1982-84 dollars per week,Not seasonally adjusted,BLS Current Population Survey,Median real earnings for full-time wage and salary workers; not AI-specific and not a measure of household wealth or total compensation.
2004-01-01,White,Race and ethnicity,350.0,LEU0252883700Q,LEU0252883700,Real median usual weekly earnings,constant 1982-84 dollars per week,Not seasonally adjusted,BLS Current Population Survey,Median real earnings for full-time wage and salary workers; not AI-specific and not a measure of household wealth or total compensation.
2004-04-01,White,Race and ethnicity,347.0,LEU0252883700Q,LEU0252883700,Real median usual weekly earnings,constant 1982-84 dollars per week,Not seasonally adjusted,BLS Current Population Survey,Median real earnings for full-time wage and salary workers; not AI-specific and not a measure of household wealth or total compensation.
2004-07-01,White,Race and ethnicity,343.0,LEU0252883700Q,LEU0252883700,Real median usual weekly earnings,constant 1982-84 dollars per week,Not seasonally adjusted,BLS Current Population Survey,Median real earnings for full-time wage and salary workers; not AI-specific and not a measure of household wealth or total compensation.
2004-10-01,White,Race and ethnicity,352.0,LEU0252883700Q,LEU0252883700,Real median usual weekly earnings,constant 1982-84 dollars per week,Not seasonally adjusted,BLS Current Population Survey,Median real earnings for full-time wage and salary workers; not AI-specific and not a measure of household wealth or total compensation.
2005-01-01,White,Race and ethnicity,353.0,LEU0252883700Q,LEU0252883700,Real median usual weekly earnings,constant 1982-84 dollars per week,Not seasonally adjusted,BLS Current Population Survey,Median real earnings for full-time wage and salary workers; not AI-specific and not a measure of household wealth or total compensation.
2005-04-01,White,Race and ethnicity,341.0,LEU0252883700Q,LEU0252883700,Real median usual weekly earnings,constant 1982-84 dollars per week,Not seasonally adjusted,BLS Current Population Survey,Median real earnings for full-time wage and salary workers; not AI-specific and not a measure of household wealth or total compensation.
2005-07-01,White,Race and ethnicity,339.0,LEU0252883700Q,LEU0252883700,Real median usual weekly earnings,constant 1982-84 dollars per week,Not seasonally adjusted,BLS Current Population Survey,Median real earnings for full-time wage and salary workers; not AI-specific and not a measure of household wealth or total compensation.
2005-10-01,White,Race and ethnicity,345.0,LEU0252883700Q,LEU0252883700,Real median usual weekly earnings,constant 1982-84 dollars per week,Not seasonally adjusted,BLS Current Population Survey,Median real earnings for full-time wage and salary workers; not AI-specific and not a measure of household wealth or total compensation.
2006-01-01,White,Race and ethnicity,346.0,LEU0252883700Q,LEU0252883700,Real median usual weekly earnings,constant 1982-84 dollars per week,Not seasonally adjusted,BLS Current Population Survey,Median real earnings for full-time wage and salary workers; not AI-specific and not a measure of household wealth or total compensation.
2006-04-01,White,Race and ethnicity,335.0,LEU0252883700Q,LEU0252883700,Real median usual weekly earnings,constant 1982-84 dollars per week,Not seasonally adjusted,BLS Current Population Survey,Median real earnings for full-time wage and salary workers; not AI-specific and not a measure of household wealth or total compensation.
2006-07-01,White,Race and ethnicity,340.0,LEU0252883700Q,LEU0252883700,Real median usual weekly earnings,constant 1982-84 dollars per week,Not seasonally adjusted,BLS Current Population Survey,Median real earnings for full-time wage and salary workers; not AI-specific and not a measure of household wealth or total compensation.
2006-10-01,White,Race and ethnicity,348.0,LEU0252883700Q,LEU0252883700,Real median usual weekly earnings,constant 1982-84 dollars per week,Not seasonally adjusted,BLS Current Population Survey,Median real earnings for full-time wage and salary workers; not AI-specific and not a measure of household wealth or total compensation.
2007-01-01,White,Race and ethnicity,351.0,LEU0252883700Q,LEU0252883700,Real median usual weekly earnings,constant 1982-84 dollars per week,Not seasonally adjusted,BLS Current Population Survey,Median real earnings for full-time wage and salary workers; not AI-specific and not a measure of household wealth or total compensation.
2007-04-01,White,Race and ethnicity,343.0,LEU0252883700Q,LEU0252883700,Real median usual weekly earnings,constant 1982-84 dollars per week,Not seasonally adjusted,BLS Current Population Survey,Median real earnings for full-time wage and salary workers; not AI-specific and not a measure of household wealth or total compensation.
2007-07-01,White,Race and ethnicity,343.0,LEU0252883700Q,LEU0252883700,Real median usual weekly earnings,constant 1982-84 dollars per week,Not seasonally adjusted,BLS Current Population Survey,Median real earnings for full-time wage and salary workers; not AI-specific and not a measure of household wealth or total compensation.
2007-10-01,White,Race and ethnicity,344.0,LEU0252883700Q,LEU0252883700,Real median usual weekly earnings,constant 1982-84 dollars per week,Not seasonally adjusted,BLS Current Population Survey,Median real earnings for full-time wage and salary workers; not AI-specific and not a measure of household wealth or total compensation.
2008-01-01,White,Race and ethnicity,350.0,LEU0252883700Q,LEU0252883700,Real median usual weekly earnings,constant 1982-84 dollars per week,Not seasonally adjusted,BLS Current Population Survey,Median real earnings for full-time wage and salary workers; not AI-specific and not a measure of household wealth or total compensation.
2008-04-01,White,Race and ethnicity,341.0,LEU0252883700Q,LEU0252883700,Real median usual weekly earnings,constant 1982-84 dollars per week,Not seasonally adjusted,BLS Current Population Survey,Median real earnings for full-time wage and salary workers; not AI-specific and not a measure of household wealth or total compensation.
2008-07-01,White,Race and ethnicity,337.0,LEU0252883700Q,LEU0252883700,Real median usual weekly earnings,constant 1982-84 dollars per week,Not seasonally adjusted,BLS Current Population Survey,Median real earnings for full-time wage and salary workers; not AI-specific and not a measure of household wealth or total compensation.
2008-10-01,White,Race and ethnicity,351.0,LEU0252883700Q,LEU0252883700,Real median usual weekly earnings,constant 1982-84 dollars per week,Not seasonally adjusted,BLS Current Population Survey,Median real earnings for full-time wage and salary workers; not AI-specific and not a measure of household wealth or total compensation.
2009-01-01,White,Race and ethnicity,358.0,LEU0252883700Q,LEU0252883700,Real median usual weekly earnings,constant 1982-84 dollars per week,Not seasonally adjusted,BLS Current Population Survey,Median real earnings for full-time wage and salary workers; not AI-specific and not a measure of household wealth or total compensation.
2009-04-01,White,Race and ethnicity,352.0,LEU0252883700Q,LEU0252883700,Real median usual weekly earnings,constant 1982-84 dollars per week,Not seasonally adjusted,BLS Current Population Survey,Median real earnings for full-time wage and salary workers; not AI-specific and not a measure of household wealth or total compensation.
2009-07-01,White,Race and ethnicity,349.0,LEU0252883700Q,LEU0252883700,Real median usual weekly earnings,constant 1982-84 dollars per week,Not seasonally adjusted,BLS Current Population Survey,Median real earnings for full-time wage and salary workers; not AI-specific and not a measure of household wealth or total compensation.
2009-10-01,White,Race and ethnicity,353.0,LEU0252883700Q,LEU0252883700,Real median usual weekly earnings,constant 1982-84 dollars per week,Not seasonally adjusted,BLS Current Population Survey,Median real earnings for full-time wage and salary workers; not AI-specific and not a measure of household wealth or total compensation.
2010-01-01,White,Race and ethnicity,356.0,LEU0252883700Q,LEU0252883700,Real median usual weekly earnings,constant 1982-84 dollars per week,Not seasonally adjusted,BLS Current Population Survey,Median real earnings for full-time wage and salary workers; not AI-specific and not a measure of household wealth or total compensation.
2010-04-01,White,Race and ethnicity,347.0,LEU0252883700Q,LEU0252883700,Real median usual weekly earnings,constant 1982-84 dollars per week,Not seasonally adjusted,BLS Current Population Survey,Median real earnings for full-time wage and salary workers; not AI-specific and not a measure of household wealth or total compensation.
2010-07-01,White,Race and ethnicity,348.0,LEU0252883700Q,LEU0252883700,Real median usual weekly earnings,constant 1982-84 dollars per week,Not seasonally adjusted,BLS Current Population Survey,Median real earnings for full-time wage and salary workers; not AI-specific and not a measure of household wealth or total compensation.
2010-10-01,White,Race and ethnicity,353.0,LEU0252883700Q,LEU0252883700,Real median usual weekly earnings,constant 1982-84 dollars per week,Not seasonally adjusted,BLS Current Population Survey,Median real earnings for full-time wage and salary workers; not AI-specific and not a measure of household wealth or total compensation.
2011-01-01,White,Race and ethnicity,349.0,LEU0252883700Q,LEU0252883700,Real median usual weekly earnings,constant 1982-84 dollars per week,Not seasonally adjusted,BLS Current Population Survey,Median real earnings for full-time wage and salary workers; not AI-specific and not a measure of household wealth or total compensation.
2011-04-01,White,Race and ethnicity,341.0,LEU0252883700Q,LEU0252883700,Real median usual weekly earnings,constant 1982-84 dollars per week,Not seasonally adjusted,BLS Current Population Survey,Median real earnings for full-time wage and salary workers; not AI-specific and not a measure of household wealth or total compensation.
2011-07-01,White,Race and ethnicity,341.0,LEU0252883700Q,LEU0252883700,Real median usual weekly earnings,constant 1982-84 dollars per week,Not seasonally adjusted,BLS Current Population Survey,Median real earnings for full-time wage and salary workers; not AI-specific and not a measure of household wealth or total compensation.
2011-10-01,White,Race and ethnicity,348.0,LEU0252883700Q,LEU0252883700,Real median usual weekly earnings,constant 1982-84 dollars per week,Not seasonally adjusted,BLS Current Population Survey,Median real earnings for full-time wage and salary workers; not AI-specific and not a measure of household wealth or total compensation.
2012-01-01,White,Race and ethnicity,348.0,LEU0252883700Q,LEU0252883700,Real median usual weekly earnings,constant 1982-84 dollars per week,Not seasonally adjusted,BLS Current Population Survey,Median real earnings for full-time wage and salary workers; not AI-specific and not a measure of household wealth or total compensation.
2012-04-01,White,Race and ethnicity,344.0,LEU0252883700Q,LEU0252883700,Real median usual weekly earnings,constant 1982-84 dollars per week,Not seasonally adjusted,BLS Current Population Survey,Median real earnings for full-time wage and salary workers; not AI-specific and not a measure of household wealth or total compensation.
2012-07-01,White,Race and ethnicity,339.0,LEU0252883700Q,LEU0252883700,Real median usual weekly earnings,constant 1982-84 dollars per week,Not seasonally adjusted,BLS Current Population Survey,Median real earnings for full-time wage and salary workers; not AI-specific and not a measure of household wealth or total compensation.
2012-10-01,White,Race and ethnicity,348.0,LEU0252883700Q,LEU0252883700,Real median usual weekly earnings,constant 1982-84 dollars per week,Not seasonally adjusted,BLS Current Population Survey,Median real earnings for full-time wage and salary workers; not AI-specific and not a measure of household wealth or total compensation.
2013-01-01,White,Race and ethnicity,346.0,LEU0252883700Q,LEU0252883700,Real median usual weekly earnings,constant 1982-84 dollars per week,Not seasonally adjusted,BLS Current Population Survey,Median real earnings for full-time wage and salary workers; not AI-specific and not a measure of household wealth or total compensation.
2013-04-01,White,Race and ethnicity,343.0,LEU0252883700Q,LEU0252883700,Real median usual weekly earnings,constant 1982-84 dollars per week,Not seasonally adjusted,BLS Current Population Survey,Median real earnings for full-time wage and salary workers; not AI-specific and not a measure of household wealth or total compensation.
2013-07-01,White,Race and ethnicity,340.0,LEU0252883700Q,LEU0252883700,Real median usual weekly earnings,constant 1982-84 dollars per week,Not seasonally adjusted,BLS Current Population Survey,Median real earnings for full-time wage and salary workers; not AI-specific and not a measure of household wealth or total compensation.
2013-10-01,White,Race and ethnicity,348.0,LEU0252883700Q,LEU0252883700,Real median usual weekly earnings,constant 1982-84 dollars per week,Not seasonally adjusted,BLS Current Population Survey,Median real earnings for full-time wage and salary workers; not AI-specific and not a measure of household wealth or total compensation.
2014-01-01,White,Race and ethnicity,349.0,LEU0252883700Q,LEU0252883700,Real median usual weekly earnings,constant 1982-84 dollars per week,Not seasonally adjusted,BLS Current Population Survey,Median real earnings for full-time wage and salary workers; not AI-specific and not a measure of household wealth or total compensation.
2014-04-01,White,Race and ethnicity,337.0,LEU0252883700Q,LEU0252883700,Real median usual weekly earnings,constant 1982-84 dollars per week,Not seasonally adjusted,BLS Current Population Survey,Median real earnings for full-time wage and salary workers; not AI-specific and not a measure of household wealth or total compensation.
2014-07-01,White,Race and ethnicity,343.0,LEU0252883700Q,LEU0252883700,Real median usual weekly earnings,constant 1982-84 dollars per week,Not seasonally adjusted,BLS Current Population Survey,Median real earnings for full-time wage and salary workers; not AI-specific and not a measure of household wealth or total compensation.
2014-10-01,White,Race and ethnicity,349.0,LEU0252883700Q,LEU0252883700,Real median usual weekly earnings,constant 1982-84 dollars per week,Not seasonally adjusted,BLS Current Population Survey,Median real earnings for full-time wage and salary workers; not AI-specific and not a measure of household wealth or total compensation.
2015-01-01,White,Race and ethnicity,356.0,LEU0252883700Q,LEU0252883700,Real median usual weekly earnings,constant 1982-84 dollars per week,Not seasonally adjusted,BLS Current Population Survey,Median real earnings for full-time wage and salary workers; not AI-specific and not a measure of household wealth or total compensation.
2015-04-01,White,Race and ethnicity,349.0,LEU0252883700Q,LEU0252883700,Real median usual weekly earnings,constant 1982-84 dollars per week,Not seasonally adjusted,BLS Current Population Survey,Median real earnings for full-time wage and salary workers; not AI-specific and not a measure of household wealth or total compensation.
2015-07-01,White,Race and ethnicity,348.0,LEU0252883700Q,LEU0252883700,Real median usual weekly earnings,constant 1982-84 dollars per week,Not seasonally adjusted,BLS Current Population Survey,Median real earnings for full-time wage and salary workers; not AI-specific and not a measure of household wealth or total compensation.
2015-10-01,White,Race and ethnicity,357.0,LEU0252883700Q,LEU0252883700,Real median usual weekly earnings,constant 1982-84 dollars per week,Not seasonally adjusted,BLS Current Population Survey,Median real earnings for full-time wage and salary workers; not AI-specific and not a measure of household wealth or total compensation.
2016-01-01,White,Race and ethnicity,361.0,LEU0252883700Q,LEU0252883700,Real median usual weekly earnings,constant 1982-84 dollars per week,Not seasonally adjusted,BLS Current Population Survey,Median real earnings for full-time wage and salary workers; not AI-specific and not a measure of household wealth or total compensation.
2016-04-01,White,Race and ethnicity,356.0,LEU0252883700Q,LEU0252883700,Real median usual weekly earnings,constant 1982-84 dollars per week,Not seasonally adjusted,BLS Current Population Survey,Median real earnings for full-time wage and salary workers; not AI-specific and not a measure of household wealth or total compensation.
2016-07-01,White,Race and ethnicity,354.0,LEU0252883700Q,LEU0252883700,Real median usual weekly earnings,constant 1982-84 dollars per week,Not seasonally adjusted,BLS Current Population Survey,Median real earnings for full-time wage and salary workers; not AI-specific and not a measure of household wealth or total compensation.
2016-10-01,White,Race and ethnicity,365.0,LEU0252883700Q,LEU0252883700,Real median usual weekly earnings,constant 1982-84 dollars per week,Not seasonally adjusted,BLS Current Population Survey,Median real earnings for full-time wage and salary workers; not AI-specific and not a measure of household wealth or total compensation.
2017-01-01,White,Race and ethnicity,367.0,LEU0252883700Q,LEU0252883700,Real median usual weekly earnings,constant 1982-84 dollars per week,Not seasonally adjusted,BLS Current Population Survey,Median real earnings for full-time wage and salary workers; not AI-specific and not a measure of household wealth or total compensation.
2017-04-01,White,Race and ethnicity,362.0,LEU0252883700Q,LEU0252883700,Real median usual weekly earnings,constant 1982-84 dollars per week,Not seasonally adjusted,BLS Current Population Survey,Median real earnings for full-time wage and salary workers; not AI-specific and not a measure of household wealth or total compensation.
2017-07-01,White,Race and ethnicity,361.0,LEU0252883700Q,LEU0252883700,Real median usual weekly earnings,constant 1982-84 dollars per week,Not seasonally adjusted,BLS Current Population Survey,Median real earnings for full-time wage and salary workers; not AI-specific and not a measure of household wealth or total compensation.
2017-10-01,White,Race and ethnicity,361.0,LEU0252883700Q,LEU0252883700,Real median usual weekly earnings,constant 1982-84 dollars per week,Not seasonally adjusted,BLS Current Population Survey,Median real earnings for full-time wage and salary workers; not AI-specific and not a measure of household wealth or total compensation.
2018-01-01,White,Race and ethnicity,366.0,LEU0252883700Q,LEU0252883700,Real median usual weekly earnings,constant 1982-84 dollars per week,Not seasonally adjusted,BLS Current Population Survey,Median real earnings for full-time wage and salary workers; not AI-specific and not a measure of household wealth or total compensation.
2018-04-01,White,Race and ethnicity,361.0,LEU0252883700Q,LEU0252883700,Real median usual weekly earnings,constant 1982-84 dollars per week,Not seasonally adjusted,BLS Current Population Survey,Median real earnings for full-time wage and salary workers; not AI-specific and not a measure of household wealth or total compensation.
2018-07-01,White,Race and ethnicity,363.0,LEU0252883700Q,LEU0252883700,Real median usual weekly earnings,constant 1982-84 dollars per week,Not seasonally adjusted,BLS Current Population Survey,Median real earnings for full-time wage and salary workers; not AI-specific and not a measure of household wealth or total compensation.
2018-10-01,White,Race and ethnicity,369.0,LEU0252883700Q,LEU0252883700,Real median usual weekly earnings,constant 1982-84 dollars per week,Not seasonally adjusted,BLS Current Population Survey,Median real earnings for full-time wage and salary workers; not AI-specific and not a measure of household wealth or total compensation.
2019-01-01,White,Race and ethnicity,370.0,LEU0252883700Q,LEU0252883700,Real median usual weekly earnings,constant 1982-84 dollars per week,Not seasonally adjusted,BLS Current Population Survey,Median real earnings for full-time wage and salary workers; not AI-specific and not a measure of household wealth or total compensation.
2019-04-01,White,Race and ethnicity,365.0,LEU0252883700Q,LEU0252883700,Real median usual weekly earnings,constant 1982-84 dollars per week,Not seasonally adjusted,BLS Current Population Survey,Median real earnings for full-time wage and salary workers; not AI-specific and not a measure of household wealth or total compensation.
2019-07-01,White,Race and ethnicity,368.0,LEU0252883700Q,LEU0252883700,Real median usual weekly earnings,constant 1982-84 dollars per week,Not seasonally adjusted,BLS Current Population Survey,Median real earnings for full-time wage and salary workers; not AI-specific and not a measure of household wealth or total compensation.
2019-10-01,White,Race and ethnicity,376.0,LEU0252883700Q,LEU0252883700,Real median usual weekly earnings,constant 1982-84 dollars per week,Not seasonally adjusted,BLS Current Population Survey,Median real earnings for full-time wage and salary workers; not AI-specific and not a measure of household wealth or total compensation.
2020-01-01,White,Race and ethnicity,379.0,LEU0252883700Q,LEU0252883700,Real median usual weekly earnings,constant 1982-84 dollars per week,Not seasonally adjusted,BLS Current Population Survey,Median real earnings for full-time wage and salary workers; not AI-specific and not a measure of household wealth or total compensation.
2020-04-01,White,Race and ethnicity,396.0,LEU0252883700Q,LEU0252883700,Real median usual weekly earnings,constant 1982-84 dollars per week,Not seasonally adjusted,BLS Current Population Survey,Median real earnings for full-time wage and salary workers; not AI-specific and not a measure of household wealth or total compensation.
2020-07-01,White,Race and ethnicity,388.0,LEU0252883700Q,LEU0252883700,Real median usual weekly earnings,constant 1982-84 dollars per week,Not seasonally adjusted,BLS Current Population Survey,Median real earnings for full-time wage and salary workers; not AI-specific and not a measure of household wealth or total compensation.
2020-10-01,White,Race and ethnicity,387.0,LEU0252883700Q,LEU0252883700,Real median usual weekly earnings,constant 1982-84 dollars per week,Not seasonally adjusted,BLS Current Population Survey,Median real earnings for full-time wage and salary workers; not AI-specific and not a measure of household wealth or total compensation.
2021-01-01,White,Race and ethnicity,382.0,LEU0252883700Q,LEU0252883700,Real median usual weekly earnings,constant 1982-84 dollars per week,Not seasonally adjusted,BLS Current Population Survey,Median real earnings for full-time wage and salary workers; not AI-specific and not a measure of household wealth or total compensation.
2021-04-01,White,Race and ethnicity,376.0,LEU0252883700Q,LEU0252883700,Real median usual weekly earnings,constant 1982-84 dollars per week,Not seasonally adjusted,BLS Current Population Survey,Median real earnings for full-time wage and salary workers; not AI-specific and not a measure of household wealth or total compensation.
2021-07-01,White,Race and ethnicity,374.0,LEU0252883700Q,LEU0252883700,Real median usual weekly earnings,constant 1982-84 dollars per week,Not seasonally adjusted,BLS Current Population Survey,Median real earnings for full-time wage and salary workers; not AI-specific and not a measure of household wealth or total compensation.
2021-10-01,White,Race and ethnicity,371.0,LEU0252883700Q,LEU0252883700,Real median usual weekly earnings,constant 1982-84 dollars per week,Not seasonally adjusted,BLS Current Population Survey,Median real earnings for full-time wage and salary workers; not AI-specific and not a measure of household wealth or total compensation.
2022-01-01,White,Race and ethnicity,375.0,LEU0252883700Q,LEU0252883700,Real median usual weekly earnings,constant 1982-84 dollars per week,Not seasonally adjusted,BLS Current Population Survey,Median real earnings for full-time wage and salary workers; not AI-specific and not a measure of household wealth or total compensation.
2022-04-01,White,Race and ethnicity,365.0,LEU0252883700Q,LEU0252883700,Real median usual weekly earnings,constant 1982-84 dollars per week,Not seasonally adjusted,BLS Current Population Survey,Median real earnings for full-time wage and salary workers; not AI-specific and not a measure of household wealth or total compensation.
2022-07-01,White,Race and ethnicity,371.0,LEU0252883700Q,LEU0252883700,Real median usual weekly earnings,constant 1982-84 dollars per week,Not seasonally adjusted,BLS Current Population Survey,Median real earnings for full-time wage and salary workers; not AI-specific and not a measure of household wealth or total compensation.
2022-10-01,White,Race and ethnicity,373.0,LEU0252883700Q,LEU0252883700,Real median usual weekly earnings,constant 1982-84 dollars per week,Not seasonally adjusted,BLS Current Population Survey,Median real earnings for full-time wage and salary workers; not AI-specific and not a measure of household wealth or total compensation.
2023-01-01,White,Race and ethnicity,376.0,LEU0252883700Q,LEU0252883700,Real median usual weekly earnings,constant 1982-84 dollars per week,Not seasonally adjusted,BLS Current Population Survey,Median real earnings for full-time wage and salary workers; not AI-specific and not a measure of household wealth or total compensation.
2023-04-01,White,Race and ethnicity,370.0,LEU0252883700Q,LEU0252883700,Real median usual weekly earnings,constant 1982-84 dollars per week,Not seasonally adjusted,BLS Current Population Survey,Median real earnings for full-time wage and salary workers; not AI-specific and not a measure of household wealth or total compensation.
2023-07-01,White,Race and ethnicity,371.0,LEU0252883700Q,LEU0252883700,Real median usual weekly earnings,constant 1982-84 dollars per week,Not seasonally adjusted,BLS Current Population Survey,Median real earnings for full-time wage and salary workers; not AI-specific and not a measure of household wealth or total compensation.
2023-10-01,White,Race and ethnicity,377.0,LEU0252883700Q,LEU0252883700,Real median usual weekly earnings,constant 1982-84 dollars per week,Not seasonally adjusted,BLS Current Population Survey,Median real earnings for full-time wage and salary workers; not AI-specific and not a measure of household wealth or total compensation.
2024-01-01,White,Race and ethnicity,373.0,LEU0252883700Q,LEU0252883700,Real median usual weekly earnings,constant 1982-84 dollars per week,Not seasonally adjusted,BLS Current Population Survey,Median real earnings for full-time wage and salary workers; not AI-specific and not a measure of household wealth or total compensation.
2024-04-01,White,Race and ethnicity,372.0,LEU0252883700Q,LEU0252883700,Real median usual weekly earnings,constant 1982-84 dollars per week,Not seasonally adjusted,BLS Current Population Survey,Median real earnings for full-time wage and salary workers; not AI-specific and not a measure of household wealth or total compensation.
2024-07-01,White,Race and ethnicity,376.0,LEU0252883700Q,LEU0252883700,Real median usual weekly earnings,constant 1982-84 dollars per week,Not seasonally adjusted,BLS Current Population Survey,Median real earnings for full-time wage and salary workers; not AI-specific and not a measure of household wealth or total compensation.
2024-10-01,White,Race and ethnicity,382.0,LEU0252883700Q,LEU0252883700,Real median usual weekly earnings,constant 1982-84 dollars per week,Not seasonally adjusted,BLS Current Population Survey,Median real earnings for full-time wage and salary workers; not AI-specific and not a measure of household wealth or total compensation.
2025-01-01,White,Race and ethnicity,382.0,LEU0252883700Q,LEU0252883700,Real median usual weekly earnings,constant 1982-84 dollars per week,Not seasonally adjusted,BLS Current Population Survey,Median real earnings for full-time wage and salary workers; not AI-specific and not a measure of household wealth or total compensation.
2025-04-01,White,Race and ethnicity,381.0,LEU0252883700Q,LEU0252883700,Real median usual weekly earnings,constant 1982-84 dollars per week,Not seasonally adjusted,BLS Current Population Survey,Median real earnings for full-time wage and salary workers; not AI-specific and not a measure of household wealth or total compensation.
2025-07-01,White,Race and ethnicity,382.0,LEU0252883700Q,LEU0252883700,Real median usual weekly earnings,constant 1982-84 dollars per week,Not seasonally adjusted,BLS Current Population Survey,Median real earnings for full-time wage and salary workers; not AI-specific and not a measure of household wealth or total compensation.
2026-01-01,White,Race and ethnicity,386.0,LEU0252883700Q,LEU0252883700,Real median usual weekly earnings,constant 1982-84 dollars per week,Not seasonally adjusted,BLS Current Population Survey,Median real earnings for full-time wage and salary workers; not AI-specific and not a measure of household wealth or total compensation.
2026-04-01,White,Race and ethnicity,379.0,LEU0252883700Q,LEU0252883700,Real median usual weekly earnings,constant 1982-84 dollars per week,Not seasonally adjusted,BLS Current Population Survey,Median real earnings for full-time wage and salary workers; not AI-specific and not a measure of household wealth or total compensation.
2000-01-01,Black,Race and ethnicity,276.0,LEU0252884600Q,LEU0252884600,Real median usual weekly earnings,constant 1982-84 dollars per week,Not seasonally adjusted,BLS Current Population Survey,Median real earnings for full-time wage and salary workers; not AI-specific and not a measure of household wealth or total compensation.
2000-04-01,Black,Race and ethnicity,277.0,LEU0252884600Q,LEU0252884600,Real median usual weekly earnings,constant 1982-84 dollars per week,Not seasonally adjusted,BLS Current Population Survey,Median real earnings for full-time wage and salary workers; not AI-specific and not a measure of household wealth or total compensation.
2000-07-01,Black,Race and ethnicity,271.0,LEU0252884600Q,LEU0252884600,Real median usual weekly earnings,constant 1982-84 dollars per week,Not seasonally adjusted,BLS Current Population Survey,Median real earnings for full-time wage and salary workers; not AI-specific and not a measure of household wealth or total compensation.
2000-10-01,Black,Race and ethnicity,276.0,LEU0252884600Q,LEU0252884600,Real median usual weekly earnings,constant 1982-84 dollars per week,Not seasonally adjusted,BLS Current Population Survey,Median real earnings for full-time wage and salary workers; not AI-specific and not a measure of household wealth or total compensation.
2001-01-01,Black,Race and ethnicity,275.0,LEU0252884600Q,LEU0252884600,Real median usual weekly earnings,constant 1982-84 dollars per week,Not seasonally adjusted,BLS Current Population Survey,Median real earnings for full-time wage and salary workers; not AI-specific and not a measure of household wealth or total compensation.
2001-04-01,Black,Race and ethnicity,279.0,LEU0252884600Q,LEU0252884600,Real median usual weekly earnings,constant 1982-84 dollars per week,Not seasonally adjusted,BLS Current Population Survey,Median real earnings for full-time wage and salary workers; not AI-specific and not a measure of household wealth or total compensation.
2001-07-01,Black,Race and ethnicity,276.0,LEU0252884600Q,LEU0252884600,Real median usual weekly earnings,constant 1982-84 dollars per week,Not seasonally adjusted,BLS Current Population Survey,Median real earnings for full-time wage and salary workers; not AI-specific and not a measure of household wealth or total compensation.
2001-10-01,Black,Race and ethnicity,281.0,LEU0252884600Q,LEU0252884600,Real median usual weekly earnings,constant 1982-84 dollars per week,Not seasonally adjusted,BLS Current Population Survey,Median real earnings for full-time wage and salary workers; not AI-specific and not a measure of household wealth or total compensation.
2002-01-01,Black,Race and ethnicity,288.0,LEU0252884600Q,LEU0252884600,Real median usual weekly earnings,constant 1982-84 dollars per week,Not seasonally adjusted,BLS Current Population Survey,Median real earnings for full-time wage and salary workers; not AI-specific and not a measure of household wealth or total compensation.
2002-04-01,Black,Race and ethnicity,278.0,LEU0252884600Q,LEU0252884600,Real median usual weekly earnings,constant 1982-84 dollars per week,Not seasonally adjusted,BLS Current Population Survey,Median real earnings for full-time wage and salary workers; not AI-specific and not a measure of household wealth or total compensation.
2002-07-01,Black,Race and ethnicity,268.0,LEU0252884600Q,LEU0252884600,Real median usual weekly earnings,constant 1982-84 dollars per week,Not seasonally adjusted,BLS Current Population Survey,Median real earnings for full-time wage and salary workers; not AI-specific and not a measure of household wealth or total compensation.
2002-10-01,Black,Race and ethnicity,273.0,LEU0252884600Q,LEU0252884600,Real median usual weekly earnings,constant 1982-84 dollars per week,Not seasonally adjusted,BLS Current Population Survey,Median real earnings for full-time wage and salary workers; not AI-specific and not a measure of household wealth or total compensation.
2003-01-01,Black,Race and ethnicity,282.0,LEU0252884600Q,LEU0252884600,Real median usual weekly earnings,constant 1982-84 dollars per week,Not seasonally adjusted,BLS Current Population Survey,Median real earnings for full-time wage and salary workers; not AI-specific and not a measure of household wealth or total compensation.
2003-04-01,Black,Race and ethnicity,277.0,LEU0252884600Q,LEU0252884600,Real median usual weekly earnings,constant 1982-84 dollars per week,Not seasonally adjusted,BLS Current Population Survey,Median real earnings for full-time wage and salary workers; not AI-specific and not a measure of household wealth or total compensation.
2003-07-01,Black,Race and ethnicity,276.0,LEU0252884600Q,LEU0252884600,Real median usual weekly earnings,constant 1982-84 dollars per week,Not seasonally adjusted,BLS Current Population Survey,Median real earnings for full-time wage and salary workers; not AI-specific and not a measure of household wealth or total compensation.
2003-10-01,Black,Race and ethnicity,283.0,LEU0252884600Q,LEU0252884600,Real median usual weekly earnings,constant 1982-84 dollars per week,Not seasonally adjusted,BLS Current Population Survey,Median real earnings for full-time wage and salary workers; not AI-specific and not a measure of household wealth or total compensation.
2004-01-01,Black,Race and ethnicity,280.0,LEU0252884600Q,LEU0252884600,Real median usual weekly earnings,constant 1982-84 dollars per week,Not seasonally adjusted,BLS Current Population Survey,Median real earnings for full-time wage and salary workers; not AI-specific and not a measure of household wealth or total compensation.
2004-04-01,Black,Race and ethnicity,284.0,LEU0252884600Q,LEU0252884600,Real median usual weekly earnings,constant 1982-84 dollars per week,Not seasonally adjusted,BLS Current Population Survey,Median real earnings for full-time wage and salary workers; not AI-specific and not a measure of household wealth or total compensation.
2004-07-01,Black,Race and ethnicity,280.0,LEU0252884600Q,LEU0252884600,Real median usual weekly earnings,constant 1982-84 dollars per week,Not seasonally adjusted,BLS Current Population Survey,Median real earnings for full-time wage and salary workers; not AI-specific and not a measure of household wealth or total compensation.
2004-10-01,Black,Race and ethnicity,272.0,LEU0252884600Q,LEU0252884600,Real median usual weekly earnings,constant 1982-84 dollars per week,Not seasonally adjusted,BLS Current Population Survey,Median real earnings for full-time wage and salary workers; not AI-specific and not a measure of household wealth or total compensation.
2005-01-01,Black,Race and ethnicity,268.0,LEU0252884600Q,LEU0252884600,Real median usual weekly earnings,constant 1982-84 dollars per week,Not seasonally adjusted,BLS Current Population Survey,Median real earnings for full-time wage and salary workers; not AI-specific and not a measure of household wealth or total compensation.
2005-04-01,Black,Race and ethnicity,266.0,LEU0252884600Q,LEU0252884600,Real median usual weekly earnings,constant 1982-84 dollars per week,Not seasonally adjusted,BLS Current Population Survey,Median real earnings for full-time wage and salary workers; not AI-specific and not a measure of household wealth or total compensation.
2005-07-01,Black,Race and ethnicity,264.0,LEU0252884600Q,LEU0252884600,Real median usual weekly earnings,constant 1982-84 dollars per week,Not seasonally adjusted,BLS Current Population Survey,Median real earnings for full-time wage and salary workers; not AI-specific and not a measure of household wealth or total compensation.
2005-10-01,Black,Race and ethnicity,269.0,LEU0252884600Q,LEU0252884600,Real median usual weekly earnings,constant 1982-84 dollars per week,Not seasonally adjusted,BLS Current Population Survey,Median real earnings for full-time wage and salary workers; not AI-specific and not a measure of household wealth or total compensation.
2006-01-01,Black,Race and ethnicity,281.0,LEU0252884600Q,LEU0252884600,Real median usual weekly earnings,constant 1982-84 dollars per week,Not seasonally adjusted,BLS Current Population Survey,Median real earnings for full-time wage and salary workers; not AI-specific and not a measure of household wealth or total compensation.
2006-04-01,Black,Race and ethnicity,264.0,LEU0252884600Q,LEU0252884600,Real median usual weekly earnings,constant 1982-84 dollars per week,Not seasonally adjusted,BLS Current Population Survey,Median real earnings for full-time wage and salary workers; not AI-specific and not a measure of household wealth or total compensation.
2006-07-01,Black,Race and ethnicity,273.0,LEU0252884600Q,LEU0252884600,Real median usual weekly earnings,constant 1982-84 dollars per week,Not seasonally adjusted,BLS Current Population Survey,Median real earnings for full-time wage and salary workers; not AI-specific and not a measure of household wealth or total compensation.
2006-10-01,Black,Race and ethnicity,282.0,LEU0252884600Q,LEU0252884600,Real median usual weekly earnings,constant 1982-84 dollars per week,Not seasonally adjusted,BLS Current Population Survey,Median real earnings for full-time wage and salary workers; not AI-specific and not a measure of household wealth or total compensation.
2007-01-01,Black,Race and ethnicity,275.0,LEU0252884600Q,LEU0252884600,Real median usual weekly earnings,constant 1982-84 dollars per week,Not seasonally adjusted,BLS Current Population Survey,Median real earnings for full-time wage and salary workers; not AI-specific and not a measure of household wealth or total compensation.
2007-04-01,Black,Race and ethnicity,271.0,LEU0252884600Q,LEU0252884600,Real median usual weekly earnings,constant 1982-84 dollars per week,Not seasonally adjusted,BLS Current Population Survey,Median real earnings for full-time wage and salary workers; not AI-specific and not a measure of household wealth or total compensation.
2007-07-01,Black,Race and ethnicity,278.0,LEU0252884600Q,LEU0252884600,Real median usual weekly earnings,constant 1982-84 dollars per week,Not seasonally adjusted,BLS Current Population Survey,Median real earnings for full-time wage and salary workers; not AI-specific and not a measure of household wealth or total compensation.
2007-10-01,Black,Race and ethnicity,274.0,LEU0252884600Q,LEU0252884600,Real median usual weekly earnings,constant 1982-84 dollars per week,Not seasonally adjusted,BLS Current Population Survey,Median real earnings for full-time wage and salary workers; not AI-specific and not a measure of household wealth or total compensation.
2008-01-01,Black,Race and ethnicity,274.0,LEU0252884600Q,LEU0252884600,Real median usual weekly earnings,constant 1982-84 dollars per week,Not seasonally adjusted,BLS Current Population Survey,Median real earnings for full-time wage and salary workers; not AI-specific and not a measure of household wealth or total compensation.
2008-04-01,Black,Race and ethnicity,273.0,LEU0252884600Q,LEU0252884600,Real median usual weekly earnings,constant 1982-84 dollars per week,Not seasonally adjusted,BLS Current Population Survey,Median real earnings for full-time wage and salary workers; not AI-specific and not a measure of household wealth or total compensation.
2008-07-01,Black,Race and ethnicity,269.0,LEU0252884600Q,LEU0252884600,Real median usual weekly earnings,constant 1982-84 dollars per week,Not seasonally adjusted,BLS Current Population Survey,Median real earnings for full-time wage and salary workers; not AI-specific and not a measure of household wealth or total compensation.
2008-10-01,Black,Race and ethnicity,278.0,LEU0252884600Q,LEU0252884600,Real median usual weekly earnings,constant 1982-84 dollars per week,Not seasonally adjusted,BLS Current Population Survey,Median real earnings for full-time wage and salary workers; not AI-specific and not a measure of household wealth or total compensation.
2009-01-01,Black,Race and ethnicity,272.0,LEU0252884600Q,LEU0252884600,Real median usual weekly earnings,constant 1982-84 dollars per week,Not seasonally adjusted,BLS Current Population Survey,Median real earnings for full-time wage and salary workers; not AI-specific and not a measure of household wealth or total compensation.
2009-04-01,Black,Race and ethnicity,276.0,LEU0252884600Q,LEU0252884600,Real median usual weekly earnings,constant 1982-84 dollars per week,Not seasonally adjusted,BLS Current Population Survey,Median real earnings for full-time wage and salary workers; not AI-specific and not a measure of household wealth or total compensation.
2009-07-01,Black,Race and ethnicity,281.0,LEU0252884600Q,LEU0252884600,Real median usual weekly earnings,constant 1982-84 dollars per week,Not seasonally adjusted,BLS Current Population Survey,Median real earnings for full-time wage and salary workers; not AI-specific and not a measure of household wealth or total compensation.
2009-10-01,Black,Race and ethnicity,291.0,LEU0252884600Q,LEU0252884600,Real median usual weekly earnings,constant 1982-84 dollars per week,Not seasonally adjusted,BLS Current Population Survey,Median real earnings for full-time wage and salary workers; not AI-specific and not a measure of household wealth or total compensation.
2010-01-01,Black,Race and ethnicity,281.0,LEU0252884600Q,LEU0252884600,Real median usual weekly earnings,constant 1982-84 dollars per week,Not seasonally adjusted,BLS Current Population Survey,Median real earnings for full-time wage and salary workers; not AI-specific and not a measure of household wealth or total compensation.
2010-04-01,Black,Race and ethnicity,278.0,LEU0252884600Q,LEU0252884600,Real median usual weekly earnings,constant 1982-84 dollars per week,Not seasonally adjusted,BLS Current Population Survey,Median real earnings for full-time wage and salary workers; not AI-specific and not a measure of household wealth or total compensation.
2010-07-01,Black,Race and ethnicity,280.0,LEU0252884600Q,LEU0252884600,Real median usual weekly earnings,constant 1982-84 dollars per week,Not seasonally adjusted,BLS Current Population Survey,Median real earnings for full-time wage and salary workers; not AI-specific and not a measure of household wealth or total compensation.
2010-10-01,Black,Race and ethnicity,281.0,LEU0252884600Q,LEU0252884600,Real median usual weekly earnings,constant 1982-84 dollars per week,Not seasonally adjusted,BLS Current Population Survey,Median real earnings for full-time wage and salary workers; not AI-specific and not a measure of household wealth or total compensation.
2011-01-01,Black,Race and ethnicity,272.0,LEU0252884600Q,LEU0252884600,Real median usual weekly earnings,constant 1982-84 dollars per week,Not seasonally adjusted,BLS Current Population Survey,Median real earnings for full-time wage and salary workers; not AI-specific and not a measure of household wealth or total compensation.
2011-04-01,Black,Race and ethnicity,276.0,LEU0252884600Q,LEU0252884600,Real median usual weekly earnings,constant 1982-84 dollars per week,Not seasonally adjusted,BLS Current Population Survey,Median real earnings for full-time wage and salary workers; not AI-specific and not a measure of household wealth or total compensation.
2011-07-01,Black,Race and ethnicity,272.0,LEU0252884600Q,LEU0252884600,Real median usual weekly earnings,constant 1982-84 dollars per week,Not seasonally adjusted,BLS Current Population Survey,Median real earnings for full-time wage and salary workers; not AI-specific and not a measure of household wealth or total compensation.
2011-10-01,Black,Race and ethnicity,275.0,LEU0252884600Q,LEU0252884600,Real median usual weekly earnings,constant 1982-84 dollars per week,Not seasonally adjusted,BLS Current Population Survey,Median real earnings for full-time wage and salary workers; not AI-specific and not a measure of household wealth or total compensation.
2012-01-01,Black,Race and ethnicity,278.0,LEU0252884600Q,LEU0252884600,Real median usual weekly earnings,constant 1982-84 dollars per week,Not seasonally adjusted,BLS Current Population Survey,Median real earnings for full-time wage and salary workers; not AI-specific and not a measure of household wealth or total compensation.
2012-04-01,Black,Race and ethnicity,277.0,LEU0252884600Q,LEU0252884600,Real median usual weekly earnings,constant 1982-84 dollars per week,Not seasonally adjusted,BLS Current Population Survey,Median real earnings for full-time wage and salary workers; not AI-specific and not a measure of household wealth or total compensation.
2012-07-01,Black,Race and ethnicity,263.0,LEU0252884600Q,LEU0252884600,Real median usual weekly earnings,constant 1982-84 dollars per week,Not seasonally adjusted,BLS Current Population Survey,Median real earnings for full-time wage and salary workers; not AI-specific and not a measure of household wealth or total compensation.
2012-10-01,Black,Race and ethnicity,267.0,LEU0252884600Q,LEU0252884600,Real median usual weekly earnings,constant 1982-84 dollars per week,Not seasonally adjusted,BLS Current Population Survey,Median real earnings for full-time wage and salary workers; not AI-specific and not a measure of household wealth or total compensation.
2013-01-01,Black,Race and ethnicity,268.0,LEU0252884600Q,LEU0252884600,Real median usual weekly earnings,constant 1982-84 dollars per week,Not seasonally adjusted,BLS Current Population Survey,Median real earnings for full-time wage and salary workers; not AI-specific and not a measure of household wealth or total compensation.
2013-04-01,Black,Race and ethnicity,272.0,LEU0252884600Q,LEU0252884600,Real median usual weekly earnings,constant 1982-84 dollars per week,Not seasonally adjusted,BLS Current Population Survey,Median real earnings for full-time wage and salary workers; not AI-specific and not a measure of household wealth or total compensation.
2013-07-01,Black,Race and ethnicity,270.0,LEU0252884600Q,LEU0252884600,Real median usual weekly earnings,constant 1982-84 dollars per week,Not seasonally adjusted,BLS Current Population Survey,Median real earnings for full-time wage and salary workers; not AI-specific and not a measure of household wealth or total compensation.
2013-10-01,Black,Race and ethnicity,271.0,LEU0252884600Q,LEU0252884600,Real median usual weekly earnings,constant 1982-84 dollars per week,Not seasonally adjusted,BLS Current Population Survey,Median real earnings for full-time wage and salary workers; not AI-specific and not a measure of household wealth or total compensation.
2014-01-01,Black,Race and ethnicity,275.0,LEU0252884600Q,LEU0252884600,Real median usual weekly earnings,constant 1982-84 dollars per week,Not seasonally adjusted,BLS Current Population Survey,Median real earnings for full-time wage and salary workers; not AI-specific and not a measure of household wealth or total compensation.
2014-04-01,Black,Race and ethnicity,273.0,LEU0252884600Q,LEU0252884600,Real median usual weekly earnings,constant 1982-84 dollars per week,Not seasonally adjusted,BLS Current Population Survey,Median real earnings for full-time wage and salary workers; not AI-specific and not a measure of household wealth or total compensation.
2014-07-01,Black,Race and ethnicity,268.0,LEU0252884600Q,LEU0252884600,Real median usual weekly earnings,constant 1982-84 dollars per week,Not seasonally adjusted,BLS Current Population Survey,Median real earnings for full-time wage and salary workers; not AI-specific and not a measure of household wealth or total compensation.
2014-10-01,Black,Race and ethnicity,263.0,LEU0252884600Q,LEU0252884600,Real median usual weekly earnings,constant 1982-84 dollars per week,Not seasonally adjusted,BLS Current Population Survey,Median real earnings for full-time wage and salary workers; not AI-specific and not a measure of household wealth or total compensation.
2015-01-01,Black,Race and ethnicity,277.0,LEU0252884600Q,LEU0252884600,Real median usual weekly earnings,constant 1982-84 dollars per week,Not seasonally adjusted,BLS Current Population Survey,Median real earnings for full-time wage and salary workers; not AI-specific and not a measure of household wealth or total compensation.
2015-04-01,Black,Race and ethnicity,272.0,LEU0252884600Q,LEU0252884600,Real median usual weekly earnings,constant 1982-84 dollars per week,Not seasonally adjusted,BLS Current Population Survey,Median real earnings for full-time wage and salary workers; not AI-specific and not a measure of household wealth or total compensation.
2015-07-01,Black,Race and ethnicity,262.0,LEU0252884600Q,LEU0252884600,Real median usual weekly earnings,constant 1982-84 dollars per week,Not seasonally adjusted,BLS Current Population Survey,Median real earnings for full-time wage and salary workers; not AI-specific and not a measure of household wealth or total compensation.
2015-10-01,Black,Race and ethnicity,271.0,LEU0252884600Q,LEU0252884600,Real median usual weekly earnings,constant 1982-84 dollars per week,Not seasonally adjusted,BLS Current Population Survey,Median real earnings for full-time wage and salary workers; not AI-specific and not a measure of household wealth or total compensation.
2016-01-01,Black,Race and ethnicity,283.0,LEU0252884600Q,LEU0252884600,Real median usual weekly earnings,constant 1982-84 dollars per week,Not seasonally adjusted,BLS Current Population Survey,Median real earnings for full-time wage and salary workers; not AI-specific and not a measure of household wealth or total compensation.
2016-04-01,Black,Race and ethnicity,282.0,LEU0252884600Q,LEU0252884600,Real median usual weekly earnings,constant 1982-84 dollars per week,Not seasonally adjusted,BLS Current Population Survey,Median real earnings for full-time wage and salary workers; not AI-specific and not a measure of household wealth or total compensation.
2016-07-01,Black,Race and ethnicity,284.0,LEU0252884600Q,LEU0252884600,Real median usual weekly earnings,constant 1982-84 dollars per week,Not seasonally adjusted,BLS Current Population Survey,Median real earnings for full-time wage and salary workers; not AI-specific and not a measure of household wealth or total compensation.
2016-10-01,Black,Race and ethnicity,280.0,LEU0252884600Q,LEU0252884600,Real median usual weekly earnings,constant 1982-84 dollars per week,Not seasonally adjusted,BLS Current Population Survey,Median real earnings for full-time wage and salary workers; not AI-specific and not a measure of household wealth or total compensation.
2017-01-01,Black,Race and ethnicity,279.0,LEU0252884600Q,LEU0252884600,Real median usual weekly earnings,constant 1982-84 dollars per week,Not seasonally adjusted,BLS Current Population Survey,Median real earnings for full-time wage and salary workers; not AI-specific and not a measure of household wealth or total compensation.
2017-04-01,Black,Race and ethnicity,281.0,LEU0252884600Q,LEU0252884600,Real median usual weekly earnings,constant 1982-84 dollars per week,Not seasonally adjusted,BLS Current Population Survey,Median real earnings for full-time wage and salary workers; not AI-specific and not a measure of household wealth or total compensation.
2017-07-01,Black,Race and ethnicity,283.0,LEU0252884600Q,LEU0252884600,Real median usual weekly earnings,constant 1982-84 dollars per week,Not seasonally adjusted,BLS Current Population Survey,Median real earnings for full-time wage and salary workers; not AI-specific and not a measure of household wealth or total compensation.
2017-10-01,Black,Race and ethnicity,270.0,LEU0252884600Q,LEU0252884600,Real median usual weekly earnings,constant 1982-84 dollars per week,Not seasonally adjusted,BLS Current Population Survey,Median real earnings for full-time wage and salary workers; not AI-specific and not a measure of household wealth or total compensation.
2018-01-01,Black,Race and ethnicity,280.0,LEU0252884600Q,LEU0252884600,Real median usual weekly earnings,constant 1982-84 dollars per week,Not seasonally adjusted,BLS Current Population Survey,Median real earnings for full-time wage and salary workers; not AI-specific and not a measure of household wealth or total compensation.
2018-04-01,Black,Race and ethnicity,272.0,LEU0252884600Q,LEU0252884600,Real median usual weekly earnings,constant 1982-84 dollars per week,Not seasonally adjusted,BLS Current Population Survey,Median real earnings for full-time wage and salary workers; not AI-specific and not a measure of household wealth or total compensation.
2018-07-01,Black,Race and ethnicity,272.0,LEU0252884600Q,LEU0252884600,Real median usual weekly earnings,constant 1982-84 dollars per week,Not seasonally adjusted,BLS Current Population Survey,Median real earnings for full-time wage and salary workers; not AI-specific and not a measure of household wealth or total compensation.
2018-10-01,Black,Race and ethnicity,282.0,LEU0252884600Q,LEU0252884600,Real median usual weekly earnings,constant 1982-84 dollars per week,Not seasonally adjusted,BLS Current Population Survey,Median real earnings for full-time wage and salary workers; not AI-specific and not a measure of household wealth or total compensation.
2019-01-01,Black,Race and ethnicity,291.0,LEU0252884600Q,LEU0252884600,Real median usual weekly earnings,constant 1982-84 dollars per week,Not seasonally adjusted,BLS Current Population Survey,Median real earnings for full-time wage and salary workers; not AI-specific and not a measure of household wealth or total compensation.
2019-04-01,Black,Race and ethnicity,283.0,LEU0252884600Q,LEU0252884600,Real median usual weekly earnings,constant 1982-84 dollars per week,Not seasonally adjusted,BLS Current Population Survey,Median real earnings for full-time wage and salary workers; not AI-specific and not a measure of household wealth or total compensation.
2019-07-01,Black,Race and ethnicity,283.0,LEU0252884600Q,LEU0252884600,Real median usual weekly earnings,constant 1982-84 dollars per week,Not seasonally adjusted,BLS Current Population Survey,Median real earnings for full-time wage and salary workers; not AI-specific and not a measure of household wealth or total compensation.
2019-10-01,Black,Race and ethnicity,294.0,LEU0252884600Q,LEU0252884600,Real median usual weekly earnings,constant 1982-84 dollars per week,Not seasonally adjusted,BLS Current Population Survey,Median real earnings for full-time wage and salary workers; not AI-specific and not a measure of household wealth or total compensation.
2020-01-01,Black,Race and ethnicity,300.0,LEU0252884600Q,LEU0252884600,Real median usual weekly earnings,constant 1982-84 dollars per week,Not seasonally adjusted,BLS Current Population Survey,Median real earnings for full-time wage and salary workers; not AI-specific and not a measure of household wealth or total compensation.
2020-04-01,Black,Race and ethnicity,314.0,LEU0252884600Q,LEU0252884600,Real median usual weekly earnings,constant 1982-84 dollars per week,Not seasonally adjusted,BLS Current Population Survey,Median real earnings for full-time wage and salary workers; not AI-specific and not a measure of household wealth or total compensation.
2020-07-01,Black,Race and ethnicity,313.0,LEU0252884600Q,LEU0252884600,Real median usual weekly earnings,constant 1982-84 dollars per week,Not seasonally adjusted,BLS Current Population Survey,Median real earnings for full-time wage and salary workers; not AI-specific and not a measure of household wealth or total compensation.
2020-10-01,Black,Race and ethnicity,304.0,LEU0252884600Q,LEU0252884600,Real median usual weekly earnings,constant 1982-84 dollars per week,Not seasonally adjusted,BLS Current Population Survey,Median real earnings for full-time wage and salary workers; not AI-specific and not a measure of household wealth or total compensation.
2021-01-01,Black,Race and ethnicity,304.0,LEU0252884600Q,LEU0252884600,Real median usual weekly earnings,constant 1982-84 dollars per week,Not seasonally adjusted,BLS Current Population Survey,Median real earnings for full-time wage and salary workers; not AI-specific and not a measure of household wealth or total compensation.
2021-04-01,Black,Race and ethnicity,296.0,LEU0252884600Q,LEU0252884600,Real median usual weekly earnings,constant 1982-84 dollars per week,Not seasonally adjusted,BLS Current Population Survey,Median real earnings for full-time wage and salary workers; not AI-specific and not a measure of household wealth or total compensation.
2021-07-01,Black,Race and ethnicity,292.0,LEU0252884600Q,LEU0252884600,Real median usual weekly earnings,constant 1982-84 dollars per week,Not seasonally adjusted,BLS Current Population Survey,Median real earnings for full-time wage and salary workers; not AI-specific and not a measure of household wealth or total compensation.
2021-10-01,Black,Race and ethnicity,290.0,LEU0252884600Q,LEU0252884600,Real median usual weekly earnings,constant 1982-84 dollars per week,Not seasonally adjusted,BLS Current Population Survey,Median real earnings for full-time wage and salary workers; not AI-specific and not a measure of household wealth or total compensation.
2022-01-01,Black,Race and ethnicity,296.0,LEU0252884600Q,LEU0252884600,Real median usual weekly earnings,constant 1982-84 dollars per week,Not seasonally adjusted,BLS Current Population Survey,Median real earnings for full-time wage and salary workers; not AI-specific and not a measure of household wealth or total compensation.
2022-04-01,Black,Race and ethnicity,303.0,LEU0252884600Q,LEU0252884600,Real median usual weekly earnings,constant 1982-84 dollars per week,Not seasonally adjusted,BLS Current Population Survey,Median real earnings for full-time wage and salary workers; not AI-specific and not a measure of household wealth or total compensation.
2022-07-01,Black,Race and ethnicity,297.0,LEU0252884600Q,LEU0252884600,Real median usual weekly earnings,constant 1982-84 dollars per week,Not seasonally adjusted,BLS Current Population Survey,Median real earnings for full-time wage and salary workers; not AI-specific and not a measure of household wealth or total compensation.
2022-10-01,Black,Race and ethnicity,301.0,LEU0252884600Q,LEU0252884600,Real median usual weekly earnings,constant 1982-84 dollars per week,Not seasonally adjusted,BLS Current Population Survey,Median real earnings for full-time wage and salary workers; not AI-specific and not a measure of household wealth or total compensation.
2023-01-01,Black,Race and ethnicity,295.0,LEU0252884600Q,LEU0252884600,Real median usual weekly earnings,constant 1982-84 dollars per week,Not seasonally adjusted,BLS Current Population Survey,Median real earnings for full-time wage and salary workers; not AI-specific and not a measure of household wealth or total compensation.
2023-04-01,Black,Race and ethnicity,300.0,LEU0252884600Q,LEU0252884600,Real median usual weekly earnings,constant 1982-84 dollars per week,Not seasonally adjusted,BLS Current Population Survey,Median real earnings for full-time wage and salary workers; not AI-specific and not a measure of household wealth or total compensation.
2023-07-01,Black,Race and ethnicity,299.0,LEU0252884600Q,LEU0252884600,Real median usual weekly earnings,constant 1982-84 dollars per week,Not seasonally adjusted,BLS Current Population Survey,Median real earnings for full-time wage and salary workers; not AI-specific and not a measure of household wealth or total compensation.
2023-10-01,Black,Race and ethnicity,315.0,LEU0252884600Q,LEU0252884600,Real median usual weekly earnings,constant 1982-84 dollars per week,Not seasonally adjusted,BLS Current Population Survey,Median real earnings for full-time wage and salary workers; not AI-specific and not a measure of household wealth or total compensation.
2024-01-01,Black,Race and ethnicity,293.0,LEU0252884600Q,LEU0252884600,Real median usual weekly earnings,constant 1982-84 dollars per week,Not seasonally adjusted,BLS Current Population Survey,Median real earnings for full-time wage and salary workers; not AI-specific and not a measure of household wealth or total compensation.
2024-04-01,Black,Race and ethnicity,300.0,LEU0252884600Q,LEU0252884600,Real median usual weekly earnings,constant 1982-84 dollars per week,Not seasonally adjusted,BLS Current Population Survey,Median real earnings for full-time wage and salary workers; not AI-specific and not a measure of household wealth or total compensation.
2024-07-01,Black,Race and ethnicity,306.0,LEU0252884600Q,LEU0252884600,Real median usual weekly earnings,constant 1982-84 dollars per week,Not seasonally adjusted,BLS Current Population Survey,Median real earnings for full-time wage and salary workers; not AI-specific and not a measure of household wealth or total compensation.
2024-10-01,Black,Race and ethnicity,329.0,LEU0252884600Q,LEU0252884600,Real median usual weekly earnings,constant 1982-84 dollars per week,Not seasonally adjusted,BLS Current Population Survey,Median real earnings for full-time wage and salary workers; not AI-specific and not a measure of household wealth or total compensation.
2025-01-01,Black,Race and ethnicity,314.0,LEU0252884600Q,LEU0252884600,Real median usual weekly earnings,constant 1982-84 dollars per week,Not seasonally adjusted,BLS Current Population Survey,Median real earnings for full-time wage and salary workers; not AI-specific and not a measure of household wealth or total compensation.
2025-04-01,Black,Race and ethnicity,308.0,LEU0252884600Q,LEU0252884600,Real median usual weekly earnings,constant 1982-84 dollars per week,Not seasonally adjusted,BLS Current Population Survey,Median real earnings for full-time wage and salary workers; not AI-specific and not a measure of household wealth or total compensation.
2025-07-01,Black,Race and ethnicity,300.0,LEU0252884600Q,LEU0252884600,Real median usual weekly earnings,constant 1982-84 dollars per week,Not seasonally adjusted,BLS Current Population Survey,Median real earnings for full-time wage and salary workers; not AI-specific and not a measure of household wealth or total compensation.
2026-01-01,Black,Race and ethnicity,301.0,LEU0252884600Q,LEU0252884600,Real median usual weekly earnings,constant 1982-84 dollars per week,Not seasonally adjusted,BLS Current Population Survey,Median real earnings for full-time wage and salary workers; not AI-specific and not a measure of household wealth or total compensation.
2026-04-01,Black,Race and ethnicity,308.0,LEU0252884600Q,LEU0252884600,Real median usual weekly earnings,constant 1982-84 dollars per week,Not seasonally adjusted,BLS Current Population Survey,Median real earnings for full-time wage and salary workers; not AI-specific and not a measure of household wealth or total compensation.
2000-01-01,Hispanic or Latino,Race and ethnicity,235.0,LEU0252885500Q,LEU0252885500,Real median usual weekly earnings,constant 1982-84 dollars per week,Not seasonally adjusted,BLS Current Population Survey,Median real earnings for full-time wage and salary workers; not AI-specific and not a measure of household wealth or total compensation.
2000-04-01,Hispanic or Latino,Race and ethnicity,229.0,LEU0252885500Q,LEU0252885500,Real median usual weekly earnings,constant 1982-84 dollars per week,Not seasonally adjusted,BLS Current Population Survey,Median real earnings for full-time wage and salary workers; not AI-specific and not a measure of household wealth or total compensation.
2000-07-01,Hispanic or Latino,Race and ethnicity,233.0,LEU0252885500Q,LEU0252885500,Real median usual weekly earnings,constant 1982-84 dollars per week,Not seasonally adjusted,BLS Current Population Survey,Median real earnings for full-time wage and salary workers; not AI-specific and not a measure of household wealth or total compensation.
2000-10-01,Hispanic or Latino,Race and ethnicity,230.0,LEU0252885500Q,LEU0252885500,Real median usual weekly earnings,constant 1982-84 dollars per week,Not seasonally adjusted,BLS Current Population Survey,Median real earnings for full-time wage and salary workers; not AI-specific and not a measure of household wealth or total compensation.
2001-01-01,Hispanic or Latino,Race and ethnicity,232.0,LEU0252885500Q,LEU0252885500,Real median usual weekly earnings,constant 1982-84 dollars per week,Not seasonally adjusted,BLS Current Population Survey,Median real earnings for full-time wage and salary workers; not AI-specific and not a measure of household wealth or total compensation.
2001-04-01,Hispanic or Latino,Race and ethnicity,236.0,LEU0252885500Q,LEU0252885500,Real median usual weekly earnings,constant 1982-84 dollars per week,Not seasonally adjusted,BLS Current Population Survey,Median real earnings for full-time wage and salary workers; not AI-specific and not a measure of household wealth or total compensation.
2001-07-01,Hispanic or Latino,Race and ethnicity,237.0,LEU0252885500Q,LEU0252885500,Real median usual weekly earnings,constant 1982-84 dollars per week,Not seasonally adjusted,BLS Current Population Survey,Median real earnings for full-time wage and salary workers; not AI-specific and not a measure of household wealth or total compensation.
2001-10-01,Hispanic or Latino,Race and ethnicity,236.0,LEU0252885500Q,LEU0252885500,Real median usual weekly earnings,constant 1982-84 dollars per week,Not seasonally adjusted,BLS Current Population Survey,Median real earnings for full-time wage and salary workers; not AI-specific and not a measure of household wealth or total compensation.
2002-01-01,Hispanic or Latino,Race and ethnicity,239.0,LEU0252885500Q,LEU0252885500,Real median usual weekly earnings,constant 1982-84 dollars per week,Not seasonally adjusted,BLS Current Population Survey,Median real earnings for full-time wage and salary workers; not AI-specific and not a measure of household wealth or total compensation.
2002-04-01,Hispanic or Latino,Race and ethnicity,234.0,LEU0252885500Q,LEU0252885500,Real median usual weekly earnings,constant 1982-84 dollars per week,Not seasonally adjusted,BLS Current Population Survey,Median real earnings for full-time wage and salary workers; not AI-specific and not a measure of household wealth or total compensation.
2002-07-01,Hispanic or Latino,Race and ethnicity,232.0,LEU0252885500Q,LEU0252885500,Real median usual weekly earnings,constant 1982-84 dollars per week,Not seasonally adjusted,BLS Current Population Survey,Median real earnings for full-time wage and salary workers; not AI-specific and not a measure of household wealth or total compensation.
2002-10-01,Hispanic or Latino,Race and ethnicity,240.0,LEU0252885500Q,LEU0252885500,Real median usual weekly earnings,constant 1982-84 dollars per week,Not seasonally adjusted,BLS Current Population Survey,Median real earnings for full-time wage and salary workers; not AI-specific and not a measure of household wealth or total compensation.
2003-01-01,Hispanic or Latino,Race and ethnicity,244.0,LEU0252885500Q,LEU0252885500,Real median usual weekly earnings,constant 1982-84 dollars per week,Not seasonally adjusted,BLS Current Population Survey,Median real earnings for full-time wage and salary workers; not AI-specific and not a measure of household wealth or total compensation.
2003-04-01,Hispanic or Latino,Race and ethnicity,234.0,LEU0252885500Q,LEU0252885500,Real median usual weekly earnings,constant 1982-84 dollars per week,Not seasonally adjusted,BLS Current Population Survey,Median real earnings for full-time wage and salary workers; not AI-specific and not a measure of household wealth or total compensation.
2003-07-01,Hispanic or Latino,Race and ethnicity,241.0,LEU0252885500Q,LEU0252885500,Real median usual weekly earnings,constant 1982-84 dollars per week,Not seasonally adjusted,BLS Current Population Survey,Median real earnings for full-time wage and salary workers; not AI-specific and not a measure of household wealth or total compensation.
2003-10-01,Hispanic or Latino,Race and ethnicity,239.0,LEU0252885500Q,LEU0252885500,Real median usual weekly earnings,constant 1982-84 dollars per week,Not seasonally adjusted,BLS Current Population Survey,Median real earnings for full-time wage and salary workers; not AI-specific and not a measure of household wealth or total compensation.
2004-01-01,Hispanic or Latino,Race and ethnicity,242.0,LEU0252885500Q,LEU0252885500,Real median usual weekly earnings,constant 1982-84 dollars per week,Not seasonally adjusted,BLS Current Population Survey,Median real earnings for full-time wage and salary workers; not AI-specific and not a measure of household wealth or total compensation.
2004-04-01,Hispanic or Latino,Race and ethnicity,239.0,LEU0252885500Q,LEU0252885500,Real median usual weekly earnings,constant 1982-84 dollars per week,Not seasonally adjusted,BLS Current Population Survey,Median real earnings for full-time wage and salary workers; not AI-specific and not a measure of household wealth or total compensation.
2004-07-01,Hispanic or Latino,Race and ethnicity,242.0,LEU0252885500Q,LEU0252885500,Real median usual weekly earnings,constant 1982-84 dollars per week,Not seasonally adjusted,BLS Current Population Survey,Median real earnings for full-time wage and salary workers; not AI-specific and not a measure of household wealth or total compensation.
2004-10-01,Hispanic or Latino,Race and ethnicity,245.0,LEU0252885500Q,LEU0252885500,Real median usual weekly earnings,constant 1982-84 dollars per week,Not seasonally adjusted,BLS Current Population Survey,Median real earnings for full-time wage and salary workers; not AI-specific and not a measure of household wealth or total compensation.
2005-01-01,Hispanic or Latino,Race and ethnicity,245.0,LEU0252885500Q,LEU0252885500,Real median usual weekly earnings,constant 1982-84 dollars per week,Not seasonally adjusted,BLS Current Population Survey,Median real earnings for full-time wage and salary workers; not AI-specific and not a measure of household wealth or total compensation.
2005-04-01,Hispanic or Latino,Race and ethnicity,243.0,LEU0252885500Q,LEU0252885500,Real median usual weekly earnings,constant 1982-84 dollars per week,Not seasonally adjusted,BLS Current Population Survey,Median real earnings for full-time wage and salary workers; not AI-specific and not a measure of household wealth or total compensation.
2005-07-01,Hispanic or Latino,Race and ethnicity,234.0,LEU0252885500Q,LEU0252885500,Real median usual weekly earnings,constant 1982-84 dollars per week,Not seasonally adjusted,BLS Current Population Survey,Median real earnings for full-time wage and salary workers; not AI-specific and not a measure of household wealth or total compensation.
2005-10-01,Hispanic or Latino,Race and ethnicity,242.0,LEU0252885500Q,LEU0252885500,Real median usual weekly earnings,constant 1982-84 dollars per week,Not seasonally adjusted,BLS Current Population Survey,Median real earnings for full-time wage and salary workers; not AI-specific and not a measure of household wealth or total compensation.
2006-01-01,Hispanic or Latino,Race and ethnicity,245.0,LEU0252885500Q,LEU0252885500,Real median usual weekly earnings,constant 1982-84 dollars per week,Not seasonally adjusted,BLS Current Population Survey,Median real earnings for full-time wage and salary workers; not AI-specific and not a measure of household wealth or total compensation.
2006-04-01,Hispanic or Latino,Race and ethnicity,240.0,LEU0252885500Q,LEU0252885500,Real median usual weekly earnings,constant 1982-84 dollars per week,Not seasonally adjusted,BLS Current Population Survey,Median real earnings for full-time wage and salary workers; not AI-specific and not a measure of household wealth or total compensation.
2006-07-01,Hispanic or Latino,Race and ethnicity,238.0,LEU0252885500Q,LEU0252885500,Real median usual weekly earnings,constant 1982-84 dollars per week,Not seasonally adjusted,BLS Current Population Survey,Median real earnings for full-time wage and salary workers; not AI-specific and not a measure of household wealth or total compensation.
2006-10-01,Hispanic or Latino,Race and ethnicity,243.0,LEU0252885500Q,LEU0252885500,Real median usual weekly earnings,constant 1982-84 dollars per week,Not seasonally adjusted,BLS Current Population Survey,Median real earnings for full-time wage and salary workers; not AI-specific and not a measure of household wealth or total compensation.
2007-01-01,Hispanic or Latino,Race and ethnicity,246.0,LEU0252885500Q,LEU0252885500,Real median usual weekly earnings,constant 1982-84 dollars per week,Not seasonally adjusted,BLS Current Population Survey,Median real earnings for full-time wage and salary workers; not AI-specific and not a measure of household wealth or total compensation.
2007-04-01,Hispanic or Latino,Race and ethnicity,242.0,LEU0252885500Q,LEU0252885500,Real median usual weekly earnings,constant 1982-84 dollars per week,Not seasonally adjusted,BLS Current Population Survey,Median real earnings for full-time wage and salary workers; not AI-specific and not a measure of household wealth or total compensation.
2007-07-01,Hispanic or Latino,Race and ethnicity,241.0,LEU0252885500Q,LEU0252885500,Real median usual weekly earnings,constant 1982-84 dollars per week,Not seasonally adjusted,BLS Current Population Survey,Median real earnings for full-time wage and salary workers; not AI-specific and not a measure of household wealth or total compensation.
2007-10-01,Hispanic or Latino,Race and ethnicity,242.0,LEU0252885500Q,LEU0252885500,Real median usual weekly earnings,constant 1982-84 dollars per week,Not seasonally adjusted,BLS Current Population Survey,Median real earnings for full-time wage and salary workers; not AI-specific and not a measure of household wealth or total compensation.
2008-01-01,Hispanic or Latino,Race and ethnicity,245.0,LEU0252885500Q,LEU0252885500,Real median usual weekly earnings,constant 1982-84 dollars per week,Not seasonally adjusted,BLS Current Population Survey,Median real earnings for full-time wage and salary workers; not AI-specific and not a measure of household wealth or total compensation.
2008-04-01,Hispanic or Latino,Race and ethnicity,248.0,LEU0252885500Q,LEU0252885500,Real median usual weekly earnings,constant 1982-84 dollars per week,Not seasonally adjusted,BLS Current Population Survey,Median real earnings for full-time wage and salary workers; not AI-specific and not a measure of household wealth or total compensation.
2008-07-01,Hispanic or Latino,Race and ethnicity,241.0,LEU0252885500Q,LEU0252885500,Real median usual weekly earnings,constant 1982-84 dollars per week,Not seasonally adjusted,BLS Current Population Survey,Median real earnings for full-time wage and salary workers; not AI-specific and not a measure of household wealth or total compensation.
2008-10-01,Hispanic or Latino,Race and ethnicity,251.0,LEU0252885500Q,LEU0252885500,Real median usual weekly earnings,constant 1982-84 dollars per week,Not seasonally adjusted,BLS Current Population Survey,Median real earnings for full-time wage and salary workers; not AI-specific and not a measure of household wealth or total compensation.
2009-01-01,Hispanic or Latino,Race and ethnicity,257.0,LEU0252885500Q,LEU0252885500,Real median usual weekly earnings,constant 1982-84 dollars per week,Not seasonally adjusted,BLS Current Population Survey,Median real earnings for full-time wage and salary workers; not AI-specific and not a measure of household wealth or total compensation.
2009-04-01,Hispanic or Latino,Race and ethnicity,255.0,LEU0252885500Q,LEU0252885500,Real median usual weekly earnings,constant 1982-84 dollars per week,Not seasonally adjusted,BLS Current Population Survey,Median real earnings for full-time wage and salary workers; not AI-specific and not a measure of household wealth or total compensation.
2009-07-01,Hispanic or Latino,Race and ethnicity,244.0,LEU0252885500Q,LEU0252885500,Real median usual weekly earnings,constant 1982-84 dollars per week,Not seasonally adjusted,BLS Current Population Survey,Median real earnings for full-time wage and salary workers; not AI-specific and not a measure of household wealth or total compensation.
2009-10-01,Hispanic or Latino,Race and ethnicity,253.0,LEU0252885500Q,LEU0252885500,Real median usual weekly earnings,constant 1982-84 dollars per week,Not seasonally adjusted,BLS Current Population Survey,Median real earnings for full-time wage and salary workers; not AI-specific and not a measure of household wealth or total compensation.
2010-01-01,Hispanic or Latino,Race and ethnicity,255.0,LEU0252885500Q,LEU0252885500,Real median usual weekly earnings,constant 1982-84 dollars per week,Not seasonally adjusted,BLS Current Population Survey,Median real earnings for full-time wage and salary workers; not AI-specific and not a measure of household wealth or total compensation.
2010-04-01,Hispanic or Latino,Race and ethnicity,243.0,LEU0252885500Q,LEU0252885500,Real median usual weekly earnings,constant 1982-84 dollars per week,Not seasonally adjusted,BLS Current Population Survey,Median real earnings for full-time wage and salary workers; not AI-specific and not a measure of household wealth or total compensation.
2010-07-01,Hispanic or Latino,Race and ethnicity,239.0,LEU0252885500Q,LEU0252885500,Real median usual weekly earnings,constant 1982-84 dollars per week,Not seasonally adjusted,BLS Current Population Survey,Median real earnings for full-time wage and salary workers; not AI-specific and not a measure of household wealth or total compensation.
2010-10-01,Hispanic or Latino,Race and ethnicity,246.0,LEU0252885500Q,LEU0252885500,Real median usual weekly earnings,constant 1982-84 dollars per week,Not seasonally adjusted,BLS Current Population Survey,Median real earnings for full-time wage and salary workers; not AI-specific and not a measure of household wealth or total compensation.
2011-01-01,Hispanic or Latino,Race and ethnicity,248.0,LEU0252885500Q,LEU0252885500,Real median usual weekly earnings,constant 1982-84 dollars per week,Not seasonally adjusted,BLS Current Population Survey,Median real earnings for full-time wage and salary workers; not AI-specific and not a measure of household wealth or total compensation.
2011-04-01,Hispanic or Latino,Race and ethnicity,251.0,LEU0252885500Q,LEU0252885500,Real median usual weekly earnings,constant 1982-84 dollars per week,Not seasonally adjusted,BLS Current Population Survey,Median real earnings for full-time wage and salary workers; not AI-specific and not a measure of household wealth or total compensation.
2011-07-01,Hispanic or Latino,Race and ethnicity,241.0,LEU0252885500Q,LEU0252885500,Real median usual weekly earnings,constant 1982-84 dollars per week,Not seasonally adjusted,BLS Current Population Survey,Median real earnings for full-time wage and salary workers; not AI-specific and not a measure of household wealth or total compensation.
2011-10-01,Hispanic or Latino,Race and ethnicity,238.0,LEU0252885500Q,LEU0252885500,Real median usual weekly earnings,constant 1982-84 dollars per week,Not seasonally adjusted,BLS Current Population Survey,Median real earnings for full-time wage and salary workers; not AI-specific and not a measure of household wealth or total compensation.
2012-01-01,Hispanic or Latino,Race and ethnicity,249.0,LEU0252885500Q,LEU0252885500,Real median usual weekly earnings,constant 1982-84 dollars per week,Not seasonally adjusted,BLS Current Population Survey,Median real earnings for full-time wage and salary workers; not AI-specific and not a measure of household wealth or total compensation.
2012-04-01,Hispanic or Latino,Race and ethnicity,251.0,LEU0252885500Q,LEU0252885500,Real median usual weekly earnings,constant 1982-84 dollars per week,Not seasonally adjusted,BLS Current Population Survey,Median real earnings for full-time wage and salary workers; not AI-specific and not a measure of household wealth or total compensation.
2012-07-01,Hispanic or Latino,Race and ethnicity,241.0,LEU0252885500Q,LEU0252885500,Real median usual weekly earnings,constant 1982-84 dollars per week,Not seasonally adjusted,BLS Current Population Survey,Median real earnings for full-time wage and salary workers; not AI-specific and not a measure of household wealth or total compensation.
2012-10-01,Hispanic or Latino,Race and ethnicity,248.0,LEU0252885500Q,LEU0252885500,Real median usual weekly earnings,constant 1982-84 dollars per week,Not seasonally adjusted,BLS Current Population Survey,Median real earnings for full-time wage and salary workers; not AI-specific and not a measure of household wealth or total compensation.
2013-01-01,Hispanic or Latino,Race and ethnicity,248.0,LEU0252885500Q,LEU0252885500,Real median usual weekly earnings,constant 1982-84 dollars per week,Not seasonally adjusted,BLS Current Population Survey,Median real earnings for full-time wage and salary workers; not AI-specific and not a measure of household wealth or total compensation.
2013-04-01,Hispanic or Latino,Race and ethnicity,245.0,LEU0252885500Q,LEU0252885500,Real median usual weekly earnings,constant 1982-84 dollars per week,Not seasonally adjusted,BLS Current Population Survey,Median real earnings for full-time wage and salary workers; not AI-specific and not a measure of household wealth or total compensation.
2013-07-01,Hispanic or Latino,Race and ethnicity,251.0,LEU0252885500Q,LEU0252885500,Real median usual weekly earnings,constant 1982-84 dollars per week,Not seasonally adjusted,BLS Current Population Survey,Median real earnings for full-time wage and salary workers; not AI-specific and not a measure of household wealth or total compensation.
2013-10-01,Hispanic or Latino,Race and ethnicity,247.0,LEU0252885500Q,LEU0252885500,Real median usual weekly earnings,constant 1982-84 dollars per week,Not seasonally adjusted,BLS Current Population Survey,Median real earnings for full-time wage and salary workers; not AI-specific and not a measure of household wealth or total compensation.
2014-01-01,Hispanic or Latino,Race and ethnicity,252.0,LEU0252885500Q,LEU0252885500,Real median usual weekly earnings,constant 1982-84 dollars per week,Not seasonally adjusted,BLS Current Population Survey,Median real earnings for full-time wage and salary workers; not AI-specific and not a measure of household wealth or total compensation.
2014-04-01,Hispanic or Latino,Race and ethnicity,245.0,LEU0252885500Q,LEU0252885500,Real median usual weekly earnings,constant 1982-84 dollars per week,Not seasonally adjusted,BLS Current Population Survey,Median real earnings for full-time wage and salary workers; not AI-specific and not a measure of household wealth or total compensation.
2014-07-01,Hispanic or Latino,Race and ethnicity,251.0,LEU0252885500Q,LEU0252885500,Real median usual weekly earnings,constant 1982-84 dollars per week,Not seasonally adjusted,BLS Current Population Survey,Median real earnings for full-time wage and salary workers; not AI-specific and not a measure of household wealth or total compensation.
2014-10-01,Hispanic or Latino,Race and ethnicity,254.0,LEU0252885500Q,LEU0252885500,Real median usual weekly earnings,constant 1982-84 dollars per week,Not seasonally adjusted,BLS Current Population Survey,Median real earnings for full-time wage and salary workers; not AI-specific and not a measure of household wealth or total compensation.
2015-01-01,Hispanic or Latino,Race and ethnicity,251.0,LEU0252885500Q,LEU0252885500,Real median usual weekly earnings,constant 1982-84 dollars per week,Not seasonally adjusted,BLS Current Population Survey,Median real earnings for full-time wage and salary workers; not AI-specific and not a measure of household wealth or total compensation.
2015-04-01,Hispanic or Latino,Race and ethnicity,253.0,LEU0252885500Q,LEU0252885500,Real median usual weekly earnings,constant 1982-84 dollars per week,Not seasonally adjusted,BLS Current Population Survey,Median real earnings for full-time wage and salary workers; not AI-specific and not a measure of household wealth or total compensation.
2015-07-01,Hispanic or Latino,Race and ethnicity,253.0,LEU0252885500Q,LEU0252885500,Real median usual weekly earnings,constant 1982-84 dollars per week,Not seasonally adjusted,BLS Current Population Survey,Median real earnings for full-time wage and salary workers; not AI-specific and not a measure of household wealth or total compensation.
2015-10-01,Hispanic or Latino,Race and ethnicity,263.0,LEU0252885500Q,LEU0252885500,Real median usual weekly earnings,constant 1982-84 dollars per week,Not seasonally adjusted,BLS Current Population Survey,Median real earnings for full-time wage and salary workers; not AI-specific and not a measure of household wealth or total compensation.
2016-01-01,Hispanic or Latino,Race and ethnicity,258.0,LEU0252885500Q,LEU0252885500,Real median usual weekly earnings,constant 1982-84 dollars per week,Not seasonally adjusted,BLS Current Population Survey,Median real earnings for full-time wage and salary workers; not AI-specific and not a measure of household wealth or total compensation.
2016-04-01,Hispanic or Latino,Race and ethnicity,257.0,LEU0252885500Q,LEU0252885500,Real median usual weekly earnings,constant 1982-84 dollars per week,Not seasonally adjusted,BLS Current Population Survey,Median real earnings for full-time wage and salary workers; not AI-specific and not a measure of household wealth or total compensation.
2016-07-01,Hispanic or Latino,Race and ethnicity,262.0,LEU0252885500Q,LEU0252885500,Real median usual weekly earnings,constant 1982-84 dollars per week,Not seasonally adjusted,BLS Current Population Survey,Median real earnings for full-time wage and salary workers; not AI-specific and not a measure of household wealth or total compensation.
2016-10-01,Hispanic or Latino,Race and ethnicity,267.0,LEU0252885500Q,LEU0252885500,Real median usual weekly earnings,constant 1982-84 dollars per week,Not seasonally adjusted,BLS Current Population Survey,Median real earnings for full-time wage and salary workers; not AI-specific and not a measure of household wealth or total compensation.
2017-01-01,Hispanic or Latino,Race and ethnicity,267.0,LEU0252885500Q,LEU0252885500,Real median usual weekly earnings,constant 1982-84 dollars per week,Not seasonally adjusted,BLS Current Population Survey,Median real earnings for full-time wage and salary workers; not AI-specific and not a measure of household wealth or total compensation.
2017-04-01,Hispanic or Latino,Race and ethnicity,268.0,LEU0252885500Q,LEU0252885500,Real median usual weekly earnings,constant 1982-84 dollars per week,Not seasonally adjusted,BLS Current Population Survey,Median real earnings for full-time wage and salary workers; not AI-specific and not a measure of household wealth or total compensation.
2017-07-01,Hispanic or Latino,Race and ethnicity,267.0,LEU0252885500Q,LEU0252885500,Real median usual weekly earnings,constant 1982-84 dollars per week,Not seasonally adjusted,BLS Current Population Survey,Median real earnings for full-time wage and salary workers; not AI-specific and not a measure of household wealth or total compensation.
2017-10-01,Hispanic or Latino,Race and ethnicity,266.0,LEU0252885500Q,LEU0252885500,Real median usual weekly earnings,constant 1982-84 dollars per week,Not seasonally adjusted,BLS Current Population Survey,Median real earnings for full-time wage and salary workers; not AI-specific and not a measure of household wealth or total compensation.
2018-01-01,Hispanic or Latino,Race and ethnicity,271.0,LEU0252885500Q,LEU0252885500,Real median usual weekly earnings,constant 1982-84 dollars per week,Not seasonally adjusted,BLS Current Population Survey,Median real earnings for full-time wage and salary workers; not AI-specific and not a measure of household wealth or total compensation.
2018-04-01,Hispanic or Latino,Race and ethnicity,268.0,LEU0252885500Q,LEU0252885500,Real median usual weekly earnings,constant 1982-84 dollars per week,Not seasonally adjusted,BLS Current Population Survey,Median real earnings for full-time wage and salary workers; not AI-specific and not a measure of household wealth or total compensation.
2018-07-01,Hispanic or Latino,Race and ethnicity,273.0,LEU0252885500Q,LEU0252885500,Real median usual weekly earnings,constant 1982-84 dollars per week,Not seasonally adjusted,BLS Current Population Survey,Median real earnings for full-time wage and salary workers; not AI-specific and not a measure of household wealth or total compensation.
2018-10-01,Hispanic or Latino,Race and ethnicity,272.0,LEU0252885500Q,LEU0252885500,Real median usual weekly earnings,constant 1982-84 dollars per week,Not seasonally adjusted,BLS Current Population Survey,Median real earnings for full-time wage and salary workers; not AI-specific and not a measure of household wealth or total compensation.
2019-01-01,Hispanic or Latino,Race and ethnicity,275.0,LEU0252885500Q,LEU0252885500,Real median usual weekly earnings,constant 1982-84 dollars per week,Not seasonally adjusted,BLS Current Population Survey,Median real earnings for full-time wage and salary workers; not AI-specific and not a measure of household wealth or total compensation.
2019-04-01,Hispanic or Latino,Race and ethnicity,272.0,LEU0252885500Q,LEU0252885500,Real median usual weekly earnings,constant 1982-84 dollars per week,Not seasonally adjusted,BLS Current Population Survey,Median real earnings for full-time wage and salary workers; not AI-specific and not a measure of household wealth or total compensation.
2019-07-01,Hispanic or Latino,Race and ethnicity,280.0,LEU0252885500Q,LEU0252885500,Real median usual weekly earnings,constant 1982-84 dollars per week,Not seasonally adjusted,BLS Current Population Survey,Median real earnings for full-time wage and salary workers; not AI-specific and not a measure of household wealth or total compensation.
2019-10-01,Hispanic or Latino,Race and ethnicity,277.0,LEU0252885500Q,LEU0252885500,Real median usual weekly earnings,constant 1982-84 dollars per week,Not seasonally adjusted,BLS Current Population Survey,Median real earnings for full-time wage and salary workers; not AI-specific and not a measure of household wealth or total compensation.
2020-01-01,Hispanic or Latino,Race and ethnicity,279.0,LEU0252885500Q,LEU0252885500,Real median usual weekly earnings,constant 1982-84 dollars per week,Not seasonally adjusted,BLS Current Population Survey,Median real earnings for full-time wage and salary workers; not AI-specific and not a measure of household wealth or total compensation.
2020-04-01,Hispanic or Latino,Race and ethnicity,306.0,LEU0252885500Q,LEU0252885500,Real median usual weekly earnings,constant 1982-84 dollars per week,Not seasonally adjusted,BLS Current Population Survey,Median real earnings for full-time wage and salary workers; not AI-specific and not a measure of household wealth or total compensation.
2020-07-01,Hispanic or Latino,Race and ethnicity,302.0,LEU0252885500Q,LEU0252885500,Real median usual weekly earnings,constant 1982-84 dollars per week,Not seasonally adjusted,BLS Current Population Survey,Median real earnings for full-time wage and salary workers; not AI-specific and not a measure of household wealth or total compensation.
2020-10-01,Hispanic or Latino,Race and ethnicity,285.0,LEU0252885500Q,LEU0252885500,Real median usual weekly earnings,constant 1982-84 dollars per week,Not seasonally adjusted,BLS Current Population Survey,Median real earnings for full-time wage and salary workers; not AI-specific and not a measure of household wealth or total compensation.
2021-01-01,Hispanic or Latino,Race and ethnicity,285.0,LEU0252885500Q,LEU0252885500,Real median usual weekly earnings,constant 1982-84 dollars per week,Not seasonally adjusted,BLS Current Population Survey,Median real earnings for full-time wage and salary workers; not AI-specific and not a measure of household wealth or total compensation.
2021-04-01,Hispanic or Latino,Race and ethnicity,289.0,LEU0252885500Q,LEU0252885500,Real median usual weekly earnings,constant 1982-84 dollars per week,Not seasonally adjusted,BLS Current Population Survey,Median real earnings for full-time wage and salary workers; not AI-specific and not a measure of household wealth or total compensation.
2021-07-01,Hispanic or Latino,Race and ethnicity,285.0,LEU0252885500Q,LEU0252885500,Real median usual weekly earnings,constant 1982-84 dollars per week,Not seasonally adjusted,BLS Current Population Survey,Median real earnings for full-time wage and salary workers; not AI-specific and not a measure of household wealth or total compensation.
2021-10-01,Hispanic or Latino,Race and ethnicity,288.0,LEU0252885500Q,LEU0252885500,Real median usual weekly earnings,constant 1982-84 dollars per week,Not seasonally adjusted,BLS Current Population Survey,Median real earnings for full-time wage and salary workers; not AI-specific and not a measure of household wealth or total compensation.
2022-01-01,Hispanic or Latino,Race and ethnicity,281.0,LEU0252885500Q,LEU0252885500,Real median usual weekly earnings,constant 1982-84 dollars per week,Not seasonally adjusted,BLS Current Population Survey,Median real earnings for full-time wage and salary workers; not AI-specific and not a measure of household wealth or total compensation.
2022-04-01,Hispanic or Latino,Race and ethnicity,278.0,LEU0252885500Q,LEU0252885500,Real median usual weekly earnings,constant 1982-84 dollars per week,Not seasonally adjusted,BLS Current Population Survey,Median real earnings for full-time wage and salary workers; not AI-specific and not a measure of household wealth or total compensation.
2022-07-01,Hispanic or Latino,Race and ethnicity,291.0,LEU0252885500Q,LEU0252885500,Real median usual weekly earnings,constant 1982-84 dollars per week,Not seasonally adjusted,BLS Current Population Survey,Median real earnings for full-time wage and salary workers; not AI-specific and not a measure of household wealth or total compensation.
2022-10-01,Hispanic or Latino,Race and ethnicity,281.0,LEU0252885500Q,LEU0252885500,Real median usual weekly earnings,constant 1982-84 dollars per week,Not seasonally adjusted,BLS Current Population Survey,Median real earnings for full-time wage and salary workers; not AI-specific and not a measure of household wealth or total compensation.
2023-01-01,Hispanic or Latino,Race and ethnicity,289.0,LEU0252885500Q,LEU0252885500,Real median usual weekly earnings,constant 1982-84 dollars per week,Not seasonally adjusted,BLS Current Population Survey,Median real earnings for full-time wage and salary workers; not AI-specific and not a measure of household wealth or total compensation.
2023-04-01,Hispanic or Latino,Race and ethnicity,280.0,LEU0252885500Q,LEU0252885500,Real median usual weekly earnings,constant 1982-84 dollars per week,Not seasonally adjusted,BLS Current Population Survey,Median real earnings for full-time wage and salary workers; not AI-specific and not a measure of household wealth or total compensation.
2023-07-01,Hispanic or Latino,Race and ethnicity,288.0,LEU0252885500Q,LEU0252885500,Real median usual weekly earnings,constant 1982-84 dollars per week,Not seasonally adjusted,BLS Current Population Survey,Median real earnings for full-time wage and salary workers; not AI-specific and not a measure of household wealth or total compensation.
2023-10-01,Hispanic or Latino,Race and ethnicity,288.0,LEU0252885500Q,LEU0252885500,Real median usual weekly earnings,constant 1982-84 dollars per week,Not seasonally adjusted,BLS Current Population Survey,Median real earnings for full-time wage and salary workers; not AI-specific and not a measure of household wealth or total compensation.
2024-01-01,Hispanic or Latino,Race and ethnicity,283.0,LEU0252885500Q,LEU0252885500,Real median usual weekly earnings,constant 1982-84 dollars per week,Not seasonally adjusted,BLS Current Population Survey,Median real earnings for full-time wage and salary workers; not AI-specific and not a measure of household wealth or total compensation.
2024-04-01,Hispanic or Latino,Race and ethnicity,288.0,LEU0252885500Q,LEU0252885500,Real median usual weekly earnings,constant 1982-84 dollars per week,Not seasonally adjusted,BLS Current Population Survey,Median real earnings for full-time wage and salary workers; not AI-specific and not a measure of household wealth or total compensation.
2024-07-01,Hispanic or Latino,Race and ethnicity,287.0,LEU0252885500Q,LEU0252885500,Real median usual weekly earnings,constant 1982-84 dollars per week,Not seasonally adjusted,BLS Current Population Survey,Median real earnings for full-time wage and salary workers; not AI-specific and not a measure of household wealth or total compensation.
2024-10-01,Hispanic or Latino,Race and ethnicity,292.0,LEU0252885500Q,LEU0252885500,Real median usual weekly earnings,constant 1982-84 dollars per week,Not seasonally adjusted,BLS Current Population Survey,Median real earnings for full-time wage and salary workers; not AI-specific and not a measure of household wealth or total compensation.
2025-01-01,Hispanic or Latino,Race and ethnicity,291.0,LEU0252885500Q,LEU0252885500,Real median usual weekly earnings,constant 1982-84 dollars per week,Not seasonally adjusted,BLS Current Population Survey,Median real earnings for full-time wage and salary workers; not AI-specific and not a measure of household wealth or total compensation.
2025-04-01,Hispanic or Latino,Race and ethnicity,295.0,LEU0252885500Q,LEU0252885500,Real median usual weekly earnings,constant 1982-84 dollars per week,Not seasonally adjusted,BLS Current Population Survey,Median real earnings for full-time wage and salary workers; not AI-specific and not a measure of household wealth or total compensation.
2025-07-01,Hispanic or Latino,Race and ethnicity,292.0,LEU0252885500Q,LEU0252885500,Real median usual weekly earnings,constant 1982-84 dollars per week,Not seasonally adjusted,BLS Current Population Survey,Median real earnings for full-time wage and salary workers; not AI-specific and not a measure of household wealth or total compensation.
2026-01-01,Hispanic or Latino,Race and ethnicity,301.0,LEU0252885500Q,LEU0252885500,Real median usual weekly earnings,constant 1982-84 dollars per week,Not seasonally adjusted,BLS Current Population Survey,Median real earnings for full-time wage and salary workers; not AI-specific and not a measure of household wealth or total compensation.
2026-04-01,Hispanic or Latino,Race and ethnicity,298.0,LEU0252885500Q,LEU0252885500,Real median usual weekly earnings,constant 1982-84 dollars per week,Not seasonally adjusted,BLS Current Population Survey,Median real earnings for full-time wage and salary workers; not AI-specific and not a measure of household wealth or total compensation.
2000-01-01,Asian,Race and ethnicity,355.0,LEU0254871100Q,LEU0254871100,Real median usual weekly earnings,constant 1982-84 dollars per week,Not seasonally adjusted,BLS Current Population Survey,Median real earnings for full-time wage and salary workers; not AI-specific and not a measure of household wealth or total compensation.
2000-04-01,Asian,Race and ethnicity,357.0,LEU0254871100Q,LEU0254871100,Real median usual weekly earnings,constant 1982-84 dollars per week,Not seasonally adjusted,BLS Current Population Survey,Median real earnings for full-time wage and salary workers; not AI-specific and not a measure of household wealth or total compensation.
2000-07-01,Asian,Race and ethnicity,361.0,LEU0254871100Q,LEU0254871100,Real median usual weekly earnings,constant 1982-84 dollars per week,Not seasonally adjusted,BLS Current Population Survey,Median real earnings for full-time wage and salary workers; not AI-specific and not a measure of household wealth or total compensation.
2000-10-01,Asian,Race and ethnicity,354.0,LEU0254871100Q,LEU0254871100,Real median usual weekly earnings,constant 1982-84 dollars per week,Not seasonally adjusted,BLS Current Population Survey,Median real earnings for full-time wage and salary workers; not AI-specific and not a measure of household wealth or total compensation.
2001-01-01,Asian,Race and ethnicity,348.0,LEU0254871100Q,LEU0254871100,Real median usual weekly earnings,constant 1982-84 dollars per week,Not seasonally adjusted,BLS Current Population Survey,Median real earnings for full-time wage and salary workers; not AI-specific and not a measure of household wealth or total compensation.
2001-04-01,Asian,Race and ethnicity,359.0,LEU0254871100Q,LEU0254871100,Real median usual weekly earnings,constant 1982-84 dollars per week,Not seasonally adjusted,BLS Current Population Survey,Median real earnings for full-time wage and salary workers; not AI-specific and not a measure of household wealth or total compensation.
2001-07-01,Asian,Race and ethnicity,375.0,LEU0254871100Q,LEU0254871100,Real median usual weekly earnings,constant 1982-84 dollars per week,Not seasonally adjusted,BLS Current Population Survey,Median real earnings for full-time wage and salary workers; not AI-specific and not a measure of household wealth or total compensation.
2001-10-01,Asian,Race and ethnicity,366.0,LEU0254871100Q,LEU0254871100,Real median usual weekly earnings,constant 1982-84 dollars per week,Not seasonally adjusted,BLS Current Population Survey,Median real earnings for full-time wage and salary workers; not AI-specific and not a measure of household wealth or total compensation.
2002-01-01,Asian,Race and ethnicity,367.0,LEU0254871100Q,LEU0254871100,Real median usual weekly earnings,constant 1982-84 dollars per week,Not seasonally adjusted,BLS Current Population Survey,Median real earnings for full-time wage and salary workers; not AI-specific and not a measure of household wealth or total compensation.
2002-04-01,Asian,Race and ethnicity,361.0,LEU0254871100Q,LEU0254871100,Real median usual weekly earnings,constant 1982-84 dollars per week,Not seasonally adjusted,BLS Current Population Survey,Median real earnings for full-time wage and salary workers; not AI-specific and not a measure of household wealth or total compensation.
2002-07-01,Asian,Race and ethnicity,368.0,LEU0254871100Q,LEU0254871100,Real median usual weekly earnings,constant 1982-84 dollars per week,Not seasonally adjusted,BLS Current Population Survey,Median real earnings for full-time wage and salary workers; not AI-specific and not a measure of household wealth or total compensation.
2002-10-01,Asian,Race and ethnicity,368.0,LEU0254871100Q,LEU0254871100,Real median usual weekly earnings,constant 1982-84 dollars per week,Not seasonally adjusted,BLS Current Population Survey,Median real earnings for full-time wage and salary workers; not AI-specific and not a measure of household wealth or total compensation.
2003-01-01,Asian,Race and ethnicity,393.0,LEU0254871100Q,LEU0254871100,Real median usual weekly earnings,constant 1982-84 dollars per week,Not seasonally adjusted,BLS Current Population Survey,Median real earnings for full-time wage and salary workers; not AI-specific and not a measure of household wealth or total compensation.
2003-04-01,Asian,Race and ethnicity,369.0,LEU0254871100Q,LEU0254871100,Real median usual weekly earnings,constant 1982-84 dollars per week,Not seasonally adjusted,BLS Current Population Survey,Median real earnings for full-time wage and salary workers; not AI-specific and not a measure of household wealth or total compensation.
2003-07-01,Asian,Race and ethnicity,375.0,LEU0254871100Q,LEU0254871100,Real median usual weekly earnings,constant 1982-84 dollars per week,Not seasonally adjusted,BLS Current Population Survey,Median real earnings for full-time wage and salary workers; not AI-specific and not a measure of household wealth or total compensation.
2003-10-01,Asian,Race and ethnicity,368.0,LEU0254871100Q,LEU0254871100,Real median usual weekly earnings,constant 1982-84 dollars per week,Not seasonally adjusted,BLS Current Population Survey,Median real earnings for full-time wage and salary workers; not AI-specific and not a measure of household wealth or total compensation.
2004-01-01,Asian,Race and ethnicity,382.0,LEU0254871100Q,LEU0254871100,Real median usual weekly earnings,constant 1982-84 dollars per week,Not seasonally adjusted,BLS Current Population Survey,Median real earnings for full-time wage and salary workers; not AI-specific and not a measure of household wealth or total compensation.
2004-04-01,Asian,Race and ethnicity,381.0,LEU0254871100Q,LEU0254871100,Real median usual weekly earnings,constant 1982-84 dollars per week,Not seasonally adjusted,BLS Current Population Survey,Median real earnings for full-time wage and salary workers; not AI-specific and not a measure of household wealth or total compensation.
2004-07-01,Asian,Race and ethnicity,370.0,LEU0254871100Q,LEU0254871100,Real median usual weekly earnings,constant 1982-84 dollars per week,Not seasonally adjusted,BLS Current Population Survey,Median real earnings for full-time wage and salary workers; not AI-specific and not a measure of household wealth or total compensation.
2004-10-01,Asian,Race and ethnicity,366.0,LEU0254871100Q,LEU0254871100,Real median usual weekly earnings,constant 1982-84 dollars per week,Not seasonally adjusted,BLS Current Population Survey,Median real earnings for full-time wage and salary workers; not AI-specific and not a measure of household wealth or total compensation.
2005-01-01,Asian,Race and ethnicity,384.0,LEU0254871100Q,LEU0254871100,Real median usual weekly earnings,constant 1982-84 dollars per week,Not seasonally adjusted,BLS Current Population Survey,Median real earnings for full-time wage and salary workers; not AI-specific and not a measure of household wealth or total compensation.
2005-04-01,Asian,Race and ethnicity,382.0,LEU0254871100Q,LEU0254871100,Real median usual weekly earnings,constant 1982-84 dollars per week,Not seasonally adjusted,BLS Current Population Survey,Median real earnings for full-time wage and salary workers; not AI-specific and not a measure of household wealth or total compensation.
2005-07-01,Asian,Race and ethnicity,386.0,LEU0254871100Q,LEU0254871100,Real median usual weekly earnings,constant 1982-84 dollars per week,Not seasonally adjusted,BLS Current Population Survey,Median real earnings for full-time wage and salary workers; not AI-specific and not a measure of household wealth or total compensation.
2005-10-01,Asian,Race and ethnicity,388.0,LEU0254871100Q,LEU0254871100,Real median usual weekly earnings,constant 1982-84 dollars per week,Not seasonally adjusted,BLS Current Population Survey,Median real earnings for full-time wage and salary workers; not AI-specific and not a measure of household wealth or total compensation.
2006-01-01,Asian,Race and ethnicity,385.0,LEU0254871100Q,LEU0254871100,Real median usual weekly earnings,constant 1982-84 dollars per week,Not seasonally adjusted,BLS Current Population Survey,Median real earnings for full-time wage and salary workers; not AI-specific and not a measure of household wealth or total compensation.
2006-04-01,Asian,Race and ethnicity,378.0,LEU0254871100Q,LEU0254871100,Real median usual weekly earnings,constant 1982-84 dollars per week,Not seasonally adjusted,BLS Current Population Survey,Median real earnings for full-time wage and salary workers; not AI-specific and not a measure of household wealth or total compensation.
2006-07-01,Asian,Race and ethnicity,392.0,LEU0254871100Q,LEU0254871100,Real median usual weekly earnings,constant 1982-84 dollars per week,Not seasonally adjusted,BLS Current Population Survey,Median real earnings for full-time wage and salary workers; not AI-specific and not a measure of household wealth or total compensation.
2006-10-01,Asian,Race and ethnicity,401.0,LEU0254871100Q,LEU0254871100,Real median usual weekly earnings,constant 1982-84 dollars per week,Not seasonally adjusted,BLS Current Population Survey,Median real earnings for full-time wage and salary workers; not AI-specific and not a measure of household wealth or total compensation.
2007-01-01,Asian,Race and ethnicity,392.0,LEU0254871100Q,LEU0254871100,Real median usual weekly earnings,constant 1982-84 dollars per week,Not seasonally adjusted,BLS Current Population Survey,Median real earnings for full-time wage and salary workers; not AI-specific and not a measure of household wealth or total compensation.
2007-04-01,Asian,Race and ethnicity,398.0,LEU0254871100Q,LEU0254871100,Real median usual weekly earnings,constant 1982-84 dollars per week,Not seasonally adjusted,BLS Current Population Survey,Median real earnings for full-time wage and salary workers; not AI-specific and not a measure of household wealth or total compensation.
2007-07-01,Asian,Race and ethnicity,405.0,LEU0254871100Q,LEU0254871100,Real median usual weekly earnings,constant 1982-84 dollars per week,Not seasonally adjusted,BLS Current Population Survey,Median real earnings for full-time wage and salary workers; not AI-specific and not a measure of household wealth or total compensation.
2007-10-01,Asian,Race and ethnicity,408.0,LEU0254871100Q,LEU0254871100,Real median usual weekly earnings,constant 1982-84 dollars per week,Not seasonally adjusted,BLS Current Population Survey,Median real earnings for full-time wage and salary workers; not AI-specific and not a measure of household wealth or total compensation.
2008-01-01,Asian,Race and ethnicity,397.0,LEU0254871100Q,LEU0254871100,Real median usual weekly earnings,constant 1982-84 dollars per week,Not seasonally adjusted,BLS Current Population Survey,Median real earnings for full-time wage and salary workers; not AI-specific and not a measure of household wealth or total compensation.
2008-04-01,Asian,Race and ethnicity,395.0,LEU0254871100Q,LEU0254871100,Real median usual weekly earnings,constant 1982-84 dollars per week,Not seasonally adjusted,BLS Current Population Survey,Median real earnings for full-time wage and salary workers; not AI-specific and not a measure of household wealth or total compensation.
2008-07-01,Asian,Race and ethnicity,389.0,LEU0254871100Q,LEU0254871100,Real median usual weekly earnings,constant 1982-84 dollars per week,Not seasonally adjusted,BLS Current Population Survey,Median real earnings for full-time wage and salary workers; not AI-specific and not a measure of household wealth or total compensation.
2008-10-01,Asian,Race and ethnicity,417.0,LEU0254871100Q,LEU0254871100,Real median usual weekly earnings,constant 1982-84 dollars per week,Not seasonally adjusted,BLS Current Population Survey,Median real earnings for full-time wage and salary workers; not AI-specific and not a measure of household wealth or total compensation.
2009-01-01,Asian,Race and ethnicity,410.0,LEU0254871100Q,LEU0254871100,Real median usual weekly earnings,constant 1982-84 dollars per week,Not seasonally adjusted,BLS Current Population Survey,Median real earnings for full-time wage and salary workers; not AI-specific and not a measure of household wealth or total compensation.
2009-04-01,Asian,Race and ethnicity,424.0,LEU0254871100Q,LEU0254871100,Real median usual weekly earnings,constant 1982-84 dollars per week,Not seasonally adjusted,BLS Current Population Survey,Median real earnings for full-time wage and salary workers; not AI-specific and not a measure of household wealth or total compensation.
2009-07-01,Asian,Race and ethnicity,407.0,LEU0254871100Q,LEU0254871100,Real median usual weekly earnings,constant 1982-84 dollars per week,Not seasonally adjusted,BLS Current Population Survey,Median real earnings for full-time wage and salary workers; not AI-specific and not a measure of household wealth or total compensation.
2009-10-01,Asian,Race and ethnicity,406.0,LEU0254871100Q,LEU0254871100,Real median usual weekly earnings,constant 1982-84 dollars per week,Not seasonally adjusted,BLS Current Population Survey,Median real earnings for full-time wage and salary workers; not AI-specific and not a measure of household wealth or total compensation.
2010-01-01,Asian,Race and ethnicity,396.0,LEU0254871100Q,LEU0254871100,Real median usual weekly earnings,constant 1982-84 dollars per week,Not seasonally adjusted,BLS Current Population Survey,Median real earnings for full-time wage and salary workers; not AI-specific and not a measure of household wealth or total compensation.
2010-04-01,Asian,Race and ethnicity,400.0,LEU0254871100Q,LEU0254871100,Real median usual weekly earnings,constant 1982-84 dollars per week,Not seasonally adjusted,BLS Current Population Survey,Median real earnings for full-time wage and salary workers; not AI-specific and not a measure of household wealth or total compensation.
2010-07-01,Asian,Race and ethnicity,391.0,LEU0254871100Q,LEU0254871100,Real median usual weekly earnings,constant 1982-84 dollars per week,Not seasonally adjusted,BLS Current Population Survey,Median real earnings for full-time wage and salary workers; not AI-specific and not a measure of household wealth or total compensation.
2010-10-01,Asian,Race and ethnicity,378.0,LEU0254871100Q,LEU0254871100,Real median usual weekly earnings,constant 1982-84 dollars per week,Not seasonally adjusted,BLS Current Population Survey,Median real earnings for full-time wage and salary workers; not AI-specific and not a measure of household wealth or total compensation.
2011-01-01,Asian,Race and ethnicity,375.0,LEU0254871100Q,LEU0254871100,Real median usual weekly earnings,constant 1982-84 dollars per week,Not seasonally adjusted,BLS Current Population Survey,Median real earnings for full-time wage and salary workers; not AI-specific and not a measure of household wealth or total compensation.
2011-04-01,Asian,Race and ethnicity,387.0,LEU0254871100Q,LEU0254871100,Real median usual weekly earnings,constant 1982-84 dollars per week,Not seasonally adjusted,BLS Current Population Survey,Median real earnings for full-time wage and salary workers; not AI-specific and not a measure of household wealth or total compensation.
2011-07-01,Asian,Race and ethnicity,384.0,LEU0254871100Q,LEU0254871100,Real median usual weekly earnings,constant 1982-84 dollars per week,Not seasonally adjusted,BLS Current Population Survey,Median real earnings for full-time wage and salary workers; not AI-specific and not a measure of household wealth or total compensation.
2011-10-01,Asian,Race and ethnicity,389.0,LEU0254871100Q,LEU0254871100,Real median usual weekly earnings,constant 1982-84 dollars per week,Not seasonally adjusted,BLS Current Population Survey,Median real earnings for full-time wage and salary workers; not AI-specific and not a measure of household wealth or total compensation.
2012-01-01,Asian,Race and ethnicity,403.0,LEU0254871100Q,LEU0254871100,Real median usual weekly earnings,constant 1982-84 dollars per week,Not seasonally adjusted,BLS Current Population Survey,Median real earnings for full-time wage and salary workers; not AI-specific and not a measure of household wealth or total compensation.
2012-04-01,Asian,Race and ethnicity,405.0,LEU0254871100Q,LEU0254871100,Real median usual weekly earnings,constant 1982-84 dollars per week,Not seasonally adjusted,BLS Current Population Survey,Median real earnings for full-time wage and salary workers; not AI-specific and not a measure of household wealth or total compensation.
2012-07-01,Asian,Race and ethnicity,397.0,LEU0254871100Q,LEU0254871100,Real median usual weekly earnings,constant 1982-84 dollars per week,Not seasonally adjusted,BLS Current Population Survey,Median real earnings for full-time wage and salary workers; not AI-specific and not a measure of household wealth or total compensation.
2012-10-01,Asian,Race and ethnicity,395.0,LEU0254871100Q,LEU0254871100,Real median usual weekly earnings,constant 1982-84 dollars per week,Not seasonally adjusted,BLS Current Population Survey,Median real earnings for full-time wage and salary workers; not AI-specific and not a measure of household wealth or total compensation.
2013-01-01,Asian,Race and ethnicity,410.0,LEU0254871100Q,LEU0254871100,Real median usual weekly earnings,constant 1982-84 dollars per week,Not seasonally adjusted,BLS Current Population Survey,Median real earnings for full-time wage and salary workers; not AI-specific and not a measure of household wealth or total compensation.
2013-04-01,Asian,Race and ethnicity,418.0,LEU0254871100Q,LEU0254871100,Real median usual weekly earnings,constant 1982-84 dollars per week,Not seasonally adjusted,BLS Current Population Survey,Median real earnings for full-time wage and salary workers; not AI-specific and not a measure of household wealth or total compensation.
2013-07-01,Asian,Race and ethnicity,394.0,LEU0254871100Q,LEU0254871100,Real median usual weekly earnings,constant 1982-84 dollars per week,Not seasonally adjusted,BLS Current Population Survey,Median real earnings for full-time wage and salary workers; not AI-specific and not a measure of household wealth or total compensation.
2013-10-01,Asian,Race and ethnicity,393.0,LEU0254871100Q,LEU0254871100,Real median usual weekly earnings,constant 1982-84 dollars per week,Not seasonally adjusted,BLS Current Population Survey,Median real earnings for full-time wage and salary workers; not AI-specific and not a measure of household wealth or total compensation.
2014-01-01,Asian,Race and ethnicity,407.0,LEU0254871100Q,LEU0254871100,Real median usual weekly earnings,constant 1982-84 dollars per week,Not seasonally adjusted,BLS Current Population Survey,Median real earnings for full-time wage and salary workers; not AI-specific and not a measure of household wealth or total compensation.
2014-04-01,Asian,Race and ethnicity,401.0,LEU0254871100Q,LEU0254871100,Real median usual weekly earnings,constant 1982-84 dollars per week,Not seasonally adjusted,BLS Current Population Survey,Median real earnings for full-time wage and salary workers; not AI-specific and not a measure of household wealth or total compensation.
2014-07-01,Asian,Race and ethnicity,397.0,LEU0254871100Q,LEU0254871100,Real median usual weekly earnings,constant 1982-84 dollars per week,Not seasonally adjusted,BLS Current Population Survey,Median real earnings for full-time wage and salary workers; not AI-specific and not a measure of household wealth or total compensation.
2014-10-01,Asian,Race and ethnicity,406.0,LEU0254871100Q,LEU0254871100,Real median usual weekly earnings,constant 1982-84 dollars per week,Not seasonally adjusted,BLS Current Population Survey,Median real earnings for full-time wage and salary workers; not AI-specific and not a measure of household wealth or total compensation.
2015-01-01,Asian,Race and ethnicity,411.0,LEU0254871100Q,LEU0254871100,Real median usual weekly earnings,constant 1982-84 dollars per week,Not seasonally adjusted,BLS Current Population Survey,Median real earnings for full-time wage and salary workers; not AI-specific and not a measure of household wealth or total compensation.
2015-04-01,Asian,Race and ethnicity,406.0,LEU0254871100Q,LEU0254871100,Real median usual weekly earnings,constant 1982-84 dollars per week,Not seasonally adjusted,BLS Current Population Survey,Median real earnings for full-time wage and salary workers; not AI-specific and not a measure of household wealth or total compensation.
2015-07-01,Asian,Race and ethnicity,409.0,LEU0254871100Q,LEU0254871100,Real median usual weekly earnings,constant 1982-84 dollars per week,Not seasonally adjusted,BLS Current Population Survey,Median real earnings for full-time wage and salary workers; not AI-specific and not a measure of household wealth or total compensation.
2015-10-01,Asian,Race and ethnicity,460.0,LEU0254871100Q,LEU0254871100,Real median usual weekly earnings,constant 1982-84 dollars per week,Not seasonally adjusted,BLS Current Population Survey,Median real earnings for full-time wage and salary workers; not AI-specific and not a measure of household wealth or total compensation.
2016-01-01,Asian,Race and ethnicity,435.0,LEU0254871100Q,LEU0254871100,Real median usual weekly earnings,constant 1982-84 dollars per week,Not seasonally adjusted,BLS Current Population Survey,Median real earnings for full-time wage and salary workers; not AI-specific and not a measure of household wealth or total compensation.
2016-04-01,Asian,Race and ethnicity,425.0,LEU0254871100Q,LEU0254871100,Real median usual weekly earnings,constant 1982-84 dollars per week,Not seasonally adjusted,BLS Current Population Survey,Median real earnings for full-time wage and salary workers; not AI-specific and not a measure of household wealth or total compensation.
2016-07-01,Asian,Race and ethnicity,419.0,LEU0254871100Q,LEU0254871100,Real median usual weekly earnings,constant 1982-84 dollars per week,Not seasonally adjusted,BLS Current Population Survey,Median real earnings for full-time wage and salary workers; not AI-specific and not a measure of household wealth or total compensation.
2016-10-01,Asian,Race and ethnicity,423.0,LEU0254871100Q,LEU0254871100,Real median usual weekly earnings,constant 1982-84 dollars per week,Not seasonally adjusted,BLS Current Population Survey,Median real earnings for full-time wage and salary workers; not AI-specific and not a measure of household wealth or total compensation.
2017-01-01,Asian,Race and ethnicity,419.0,LEU0254871100Q,LEU0254871100,Real median usual weekly earnings,constant 1982-84 dollars per week,Not seasonally adjusted,BLS Current Population Survey,Median real earnings for full-time wage and salary workers; not AI-specific and not a measure of household wealth or total compensation.
2017-04-01,Asian,Race and ethnicity,451.0,LEU0254871100Q,LEU0254871100,Real median usual weekly earnings,constant 1982-84 dollars per week,Not seasonally adjusted,BLS Current Population Survey,Median real earnings for full-time wage and salary workers; not AI-specific and not a measure of household wealth or total compensation.
2017-07-01,Asian,Race and ethnicity,411.0,LEU0254871100Q,LEU0254871100,Real median usual weekly earnings,constant 1982-84 dollars per week,Not seasonally adjusted,BLS Current Population Survey,Median real earnings for full-time wage and salary workers; not AI-specific and not a measure of household wealth or total compensation.
2017-10-01,Asian,Race and ethnicity,430.0,LEU0254871100Q,LEU0254871100,Real median usual weekly earnings,constant 1982-84 dollars per week,Not seasonally adjusted,BLS Current Population Survey,Median real earnings for full-time wage and salary workers; not AI-specific and not a measure of household wealth or total compensation.
2018-01-01,Asian,Race and ethnicity,429.0,LEU0254871100Q,LEU0254871100,Real median usual weekly earnings,constant 1982-84 dollars per week,Not seasonally adjusted,BLS Current Population Survey,Median real earnings for full-time wage and salary workers; not AI-specific and not a measure of household wealth or total compensation.
2018-04-01,Asian,Race and ethnicity,431.0,LEU0254871100Q,LEU0254871100,Real median usual weekly earnings,constant 1982-84 dollars per week,Not seasonally adjusted,BLS Current Population Survey,Median real earnings for full-time wage and salary workers; not AI-specific and not a measure of household wealth or total compensation.
2018-07-01,Asian,Race and ethnicity,447.0,LEU0254871100Q,LEU0254871100,Real median usual weekly earnings,constant 1982-84 dollars per week,Not seasonally adjusted,BLS Current Population Survey,Median real earnings for full-time wage and salary workers; not AI-specific and not a measure of household wealth or total compensation.
2018-10-01,Asian,Race and ethnicity,435.0,LEU0254871100Q,LEU0254871100,Real median usual weekly earnings,constant 1982-84 dollars per week,Not seasonally adjusted,BLS Current Population Survey,Median real earnings for full-time wage and salary workers; not AI-specific and not a measure of household wealth or total compensation.
2019-01-01,Asian,Race and ethnicity,457.0,LEU0254871100Q,LEU0254871100,Real median usual weekly earnings,constant 1982-84 dollars per week,Not seasonally adjusted,BLS Current Population Survey,Median real earnings for full-time wage and salary workers; not AI-specific and not a measure of household wealth or total compensation.
2019-04-01,Asian,Race and ethnicity,450.0,LEU0254871100Q,LEU0254871100,Real median usual weekly earnings,constant 1982-84 dollars per week,Not seasonally adjusted,BLS Current Population Survey,Median real earnings for full-time wage and salary workers; not AI-specific and not a measure of household wealth or total compensation.
2019-07-01,Asian,Race and ethnicity,486.0,LEU0254871100Q,LEU0254871100,Real median usual weekly earnings,constant 1982-84 dollars per week,Not seasonally adjusted,BLS Current Population Survey,Median real earnings for full-time wage and salary workers; not AI-specific and not a measure of household wealth or total compensation.
2019-10-01,Asian,Race and ethnicity,453.0,LEU0254871100Q,LEU0254871100,Real median usual weekly earnings,constant 1982-84 dollars per week,Not seasonally adjusted,BLS Current Population Survey,Median real earnings for full-time wage and salary workers; not AI-specific and not a measure of household wealth or total compensation.
2020-01-01,Asian,Race and ethnicity,473.0,LEU0254871100Q,LEU0254871100,Real median usual weekly earnings,constant 1982-84 dollars per week,Not seasonally adjusted,BLS Current Population Survey,Median real earnings for full-time wage and salary workers; not AI-specific and not a measure of household wealth or total compensation.
2020-04-01,Asian,Race and ethnicity,520.0,LEU0254871100Q,LEU0254871100,Real median usual weekly earnings,constant 1982-84 dollars per week,Not seasonally adjusted,BLS Current Population Survey,Median real earnings for full-time wage and salary workers; not AI-specific and not a measure of household wealth or total compensation.
2020-07-01,Asian,Race and ethnicity,536.0,LEU0254871100Q,LEU0254871100,Real median usual weekly earnings,constant 1982-84 dollars per week,Not seasonally adjusted,BLS Current Population Survey,Median real earnings for full-time wage and salary workers; not AI-specific and not a measure of household wealth or total compensation.
2020-10-01,Asian,Race and ethnicity,484.0,LEU0254871100Q,LEU0254871100,Real median usual weekly earnings,constant 1982-84 dollars per week,Not seasonally adjusted,BLS Current Population Survey,Median real earnings for full-time wage and salary workers; not AI-specific and not a measure of household wealth or total compensation.
2021-01-01,Asian,Race and ethnicity,489.0,LEU0254871100Q,LEU0254871100,Real median usual weekly earnings,constant 1982-84 dollars per week,Not seasonally adjusted,BLS Current Population Survey,Median real earnings for full-time wage and salary workers; not AI-specific and not a measure of household wealth or total compensation.
2021-04-01,Asian,Race and ethnicity,476.0,LEU0254871100Q,LEU0254871100,Real median usual weekly earnings,constant 1982-84 dollars per week,Not seasonally adjusted,BLS Current Population Survey,Median real earnings for full-time wage and salary workers; not AI-specific and not a measure of household wealth or total compensation.
2021-07-01,Asian,Race and ethnicity,478.0,LEU0254871100Q,LEU0254871100,Real median usual weekly earnings,constant 1982-84 dollars per week,Not seasonally adjusted,BLS Current Population Survey,Median real earnings for full-time wage and salary workers; not AI-specific and not a measure of household wealth or total compensation.
2021-10-01,Asian,Race and ethnicity,498.0,LEU0254871100Q,LEU0254871100,Real median usual weekly earnings,constant 1982-84 dollars per week,Not seasonally adjusted,BLS Current Population Survey,Median real earnings for full-time wage and salary workers; not AI-specific and not a measure of household wealth or total compensation.
2022-01-01,Asian,Race and ethnicity,480.0,LEU0254871100Q,LEU0254871100,Real median usual weekly earnings,constant 1982-84 dollars per week,Not seasonally adjusted,BLS Current Population Survey,Median real earnings for full-time wage and salary workers; not AI-specific and not a measure of household wealth or total compensation.
2022-04-01,Asian,Race and ethnicity,457.0,LEU0254871100Q,LEU0254871100,Real median usual weekly earnings,constant 1982-84 dollars per week,Not seasonally adjusted,BLS Current Population Survey,Median real earnings for full-time wage and salary workers; not AI-specific and not a measure of household wealth or total compensation.
2022-07-01,Asian,Race and ethnicity,486.0,LEU0254871100Q,LEU0254871100,Real median usual weekly earnings,constant 1982-84 dollars per week,Not seasonally adjusted,BLS Current Population Survey,Median real earnings for full-time wage and salary workers; not AI-specific and not a measure of household wealth or total compensation.
2022-10-01,Asian,Race and ethnicity,503.0,LEU0254871100Q,LEU0254871100,Real median usual weekly earnings,constant 1982-84 dollars per week,Not seasonally adjusted,BLS Current Population Survey,Median real earnings for full-time wage and salary workers; not AI-specific and not a measure of household wealth or total compensation.
2023-01-01,Asian,Race and ethnicity,488.0,LEU0254871100Q,LEU0254871100,Real median usual weekly earnings,constant 1982-84 dollars per week,Not seasonally adjusted,BLS Current Population Survey,Median real earnings for full-time wage and salary workers; not AI-specific and not a measure of household wealth or total compensation.
2023-04-01,Asian,Race and ethnicity,476.0,LEU0254871100Q,LEU0254871100,Real median usual weekly earnings,constant 1982-84 dollars per week,Not seasonally adjusted,BLS Current Population Survey,Median real earnings for full-time wage and salary workers; not AI-specific and not a measure of household wealth or total compensation.
2023-07-01,Asian,Race and ethnicity,471.0,LEU0254871100Q,LEU0254871100,Real median usual weekly earnings,constant 1982-84 dollars per week,Not seasonally adjusted,BLS Current Population Survey,Median real earnings for full-time wage and salary workers; not AI-specific and not a measure of household wealth or total compensation.
2023-10-01,Asian,Race and ethnicity,498.0,LEU0254871100Q,LEU0254871100,Real median usual weekly earnings,constant 1982-84 dollars per week,Not seasonally adjusted,BLS Current Population Survey,Median real earnings for full-time wage and salary workers; not AI-specific and not a measure of household wealth or total compensation.
2024-01-01,Asian,Race and ethnicity,485.0,LEU0254871100Q,LEU0254871100,Real median usual weekly earnings,constant 1982-84 dollars per week,Not seasonally adjusted,BLS Current Population Survey,Median real earnings for full-time wage and salary workers; not AI-specific and not a measure of household wealth or total compensation.
2024-04-01,Asian,Race and ethnicity,478.0,LEU0254871100Q,LEU0254871100,Real median usual weekly earnings,constant 1982-84 dollars per week,Not seasonally adjusted,BLS Current Population Survey,Median real earnings for full-time wage and salary workers; not AI-specific and not a measure of household wealth or total compensation.
2024-07-01,Asian,Race and ethnicity,498.0,LEU0254871100Q,LEU0254871100,Real median usual weekly earnings,constant 1982-84 dollars per week,Not seasonally adjusted,BLS Current Population Survey,Median real earnings for full-time wage and salary workers; not AI-specific and not a measure of household wealth or total compensation.
2024-10-01,Asian,Race and ethnicity,477.0,LEU0254871100Q,LEU0254871100,Real median usual weekly earnings,constant 1982-84 dollars per week,Not seasonally adjusted,BLS Current Population Survey,Median real earnings for full-time wage and salary workers; not AI-specific and not a measure of household wealth or total compensation.
2025-01-01,Asian,Race and ethnicity,497.0,LEU0254871100Q,LEU0254871100,Real median usual weekly earnings,constant 1982-84 dollars per week,Not seasonally adjusted,BLS Current Population Survey,Median real earnings for full-time wage and salary workers; not AI-specific and not a measure of household wealth or total compensation.
2025-04-01,Asian,Race and ethnicity,483.0,LEU0254871100Q,LEU0254871100,Real median usual weekly earnings,constant 1982-84 dollars per week,Not seasonally adjusted,BLS Current Population Survey,Median real earnings for full-time wage and salary workers; not AI-specific and not a measure of household wealth or total compensation.
2025-07-01,Asian,Race and ethnicity,500.0,LEU0254871100Q,LEU0254871100,Real median usual weekly earnings,constant 1982-84 dollars per week,Not seasonally adjusted,BLS Current Population Survey,Median real earnings for full-time wage and salary workers; not AI-specific and not a measure of household wealth or total compensation.
2026-01-01,Asian,Race and ethnicity,485.0,LEU0254871100Q,LEU0254871100,Real median usual weekly earnings,constant 1982-84 dollars per week,Not seasonally adjusted,BLS Current Population Survey,Median real earnings for full-time wage and salary workers; not AI-specific and not a measure of household wealth or total compensation.
2026-04-01,Asian,Race and ethnicity,513.0,LEU0254871100Q,LEU0254871100,Real median usual weekly earnings,constant 1982-84 dollars per week,Not seasonally adjusted,BLS Current Population Survey,Median real earnings for full-time wage and salary workers; not AI-specific and not a measure of household wealth or total compensation.
