Dataset,Geography Level,Geography,Metric,Value,Unit,Observation Date,Source,Source URL,Boundary
National facility totals,Census region,Midwest,Development,419.0,facilities,2026-02-19,Pew Research Center analysis of Data Center Map,https://www.pewresearch.org/short-reads/2026/04/13/most-new-data-centers-in-the-us-are-coming-to-rural-areas/,"Development combines under construction, planned, and land-banked sites; canceled and uncertain records excluded."
National facility totals,Census region,Midwest,Operating,655.0,facilities,2026-02-19,Pew Research Center analysis of Data Center Map,https://www.pewresearch.org/short-reads/2026/04/13/most-new-data-centers-in-the-us-are-coming-to-rural-areas/,"Development combines under construction, planned, and land-banked sites; canceled and uncertain records excluded."
National facility totals,Census region,Midwest,Total,1074.0,facilities,2026-02-19,Pew Research Center analysis of Data Center Map,https://www.pewresearch.org/short-reads/2026/04/13/most-new-data-centers-in-the-us-are-coming-to-rural-areas/,"Development combines under construction, planned, and land-banked sites; canceled and uncertain records excluded."
National facility totals,Census region,Northeast,Development,106.0,facilities,2026-02-19,Pew Research Center analysis of Data Center Map,https://www.pewresearch.org/short-reads/2026/04/13/most-new-data-centers-in-the-us-are-coming-to-rural-areas/,"Development combines under construction, planned, and land-banked sites; canceled and uncertain records excluded."
National facility totals,Census region,Northeast,Operating,397.0,facilities,2026-02-19,Pew Research Center analysis of Data Center Map,https://www.pewresearch.org/short-reads/2026/04/13/most-new-data-centers-in-the-us-are-coming-to-rural-areas/,"Development combines under construction, planned, and land-banked sites; canceled and uncertain records excluded."
National facility totals,Census region,Northeast,Total,503.0,facilities,2026-02-19,Pew Research Center analysis of Data Center Map,https://www.pewresearch.org/short-reads/2026/04/13/most-new-data-centers-in-the-us-are-coming-to-rural-areas/,"Development combines under construction, planned, and land-banked sites; canceled and uncertain records excluded."
National facility totals,Census region,South,Development,754.0,facilities,2026-02-19,Pew Research Center analysis of Data Center Map,https://www.pewresearch.org/short-reads/2026/04/13/most-new-data-centers-in-the-us-are-coming-to-rural-areas/,"Development combines under construction, planned, and land-banked sites; canceled and uncertain records excluded."
National facility totals,Census region,South,Operating,1209.0,facilities,2026-02-19,Pew Research Center analysis of Data Center Map,https://www.pewresearch.org/short-reads/2026/04/13/most-new-data-centers-in-the-us-are-coming-to-rural-areas/,"Development combines under construction, planned, and land-banked sites; canceled and uncertain records excluded."
National facility totals,Census region,South,Total,1963.0,facilities,2026-02-19,Pew Research Center analysis of Data Center Map,https://www.pewresearch.org/short-reads/2026/04/13/most-new-data-centers-in-the-us-are-coming-to-rural-areas/,"Development combines under construction, planned, and land-banked sites; canceled and uncertain records excluded."
National facility totals,Census region,West,Development,277.0,facilities,2026-02-19,Pew Research Center analysis of Data Center Map,https://www.pewresearch.org/short-reads/2026/04/13/most-new-data-centers-in-the-us-are-coming-to-rural-areas/,"Development combines under construction, planned, and land-banked sites; canceled and uncertain records excluded."
National facility totals,Census region,West,Operating,807.0,facilities,2026-02-19,Pew Research Center analysis of Data Center Map,https://www.pewresearch.org/short-reads/2026/04/13/most-new-data-centers-in-the-us-are-coming-to-rural-areas/,"Development combines under construction, planned, and land-banked sites; canceled and uncertain records excluded."
National facility totals,Census region,West,Total,1084.0,facilities,2026-02-19,Pew Research Center analysis of Data Center Map,https://www.pewresearch.org/short-reads/2026/04/13/most-new-data-centers-in-the-us-are-coming-to-rural-areas/,"Development combines under construction, planned, and land-banked sites; canceled and uncertain records excluded."
National facility totals,State,Arizona,Development,86.0,facilities,2026-02-19,Pew Research Center analysis of Data Center Map,https://www.pewresearch.org/short-reads/2026/04/13/most-new-data-centers-in-the-us-are-coming-to-rural-areas/,Published top-15 state subset from the national facility analysis; not combined with project-development records.
National facility totals,State,Arizona,Operating,98.0,facilities,2026-02-19,Pew Research Center analysis of Data Center Map,https://www.pewresearch.org/short-reads/2026/04/13/most-new-data-centers-in-the-us-are-coming-to-rural-areas/,Published top-15 state subset from the national facility analysis; not combined with project-development records.
National facility totals,State,Arizona,Total,184.0,facilities,2026-02-19,Pew Research Center analysis of Data Center Map,https://www.pewresearch.org/short-reads/2026/04/13/most-new-data-centers-in-the-us-are-coming-to-rural-areas/,Published top-15 state subset from the national facility analysis; not combined with project-development records.
National facility totals,State,California,Development,54.0,facilities,2026-02-19,Pew Research Center analysis of Data Center Map,https://www.pewresearch.org/short-reads/2026/04/13/most-new-data-centers-in-the-us-are-coming-to-rural-areas/,Published top-15 state subset from the national facility analysis; not combined with project-development records.
National facility totals,State,California,Operating,277.0,facilities,2026-02-19,Pew Research Center analysis of Data Center Map,https://www.pewresearch.org/short-reads/2026/04/13/most-new-data-centers-in-the-us-are-coming-to-rural-areas/,Published top-15 state subset from the national facility analysis; not combined with project-development records.
National facility totals,State,California,Total,331.0,facilities,2026-02-19,Pew Research Center analysis of Data Center Map,https://www.pewresearch.org/short-reads/2026/04/13/most-new-data-centers-in-the-us-are-coming-to-rural-areas/,Published top-15 state subset from the national facility analysis; not combined with project-development records.
National facility totals,State,Florida,Development,8.0,facilities,2026-02-19,Pew Research Center analysis of Data Center Map,https://www.pewresearch.org/short-reads/2026/04/13/most-new-data-centers-in-the-us-are-coming-to-rural-areas/,Published top-15 state subset from the national facility analysis; not combined with project-development records.
National facility totals,State,Florida,Operating,120.0,facilities,2026-02-19,Pew Research Center analysis of Data Center Map,https://www.pewresearch.org/short-reads/2026/04/13/most-new-data-centers-in-the-us-are-coming-to-rural-areas/,Published top-15 state subset from the national facility analysis; not combined with project-development records.
National facility totals,State,Florida,Total,128.0,facilities,2026-02-19,Pew Research Center analysis of Data Center Map,https://www.pewresearch.org/short-reads/2026/04/13/most-new-data-centers-in-the-us-are-coming-to-rural-areas/,Published top-15 state subset from the national facility analysis; not combined with project-development records.
National facility totals,State,Georgia,Development,141.0,facilities,2026-02-19,Pew Research Center analysis of Data Center Map,https://www.pewresearch.org/short-reads/2026/04/13/most-new-data-centers-in-the-us-are-coming-to-rural-areas/,Published top-15 state subset from the national facility analysis; not combined with project-development records.
National facility totals,State,Georgia,Operating,94.0,facilities,2026-02-19,Pew Research Center analysis of Data Center Map,https://www.pewresearch.org/short-reads/2026/04/13/most-new-data-centers-in-the-us-are-coming-to-rural-areas/,Published top-15 state subset from the national facility analysis; not combined with project-development records.
National facility totals,State,Georgia,Total,235.0,facilities,2026-02-19,Pew Research Center analysis of Data Center Map,https://www.pewresearch.org/short-reads/2026/04/13/most-new-data-centers-in-the-us-are-coming-to-rural-areas/,Published top-15 state subset from the national facility analysis; not combined with project-development records.
National facility totals,State,Illinois,Development,123.0,facilities,2026-02-19,Pew Research Center analysis of Data Center Map,https://www.pewresearch.org/short-reads/2026/04/13/most-new-data-centers-in-the-us-are-coming-to-rural-areas/,Published top-15 state subset from the national facility analysis; not combined with project-development records.
National facility totals,State,Illinois,Operating,139.0,facilities,2026-02-19,Pew Research Center analysis of Data Center Map,https://www.pewresearch.org/short-reads/2026/04/13/most-new-data-centers-in-the-us-are-coming-to-rural-areas/,Published top-15 state subset from the national facility analysis; not combined with project-development records.
National facility totals,State,Illinois,Total,262.0,facilities,2026-02-19,Pew Research Center analysis of Data Center Map,https://www.pewresearch.org/short-reads/2026/04/13/most-new-data-centers-in-the-us-are-coming-to-rural-areas/,Published top-15 state subset from the national facility analysis; not combined with project-development records.
National facility totals,State,Indiana,Development,54.0,facilities,2026-02-19,Pew Research Center analysis of Data Center Map,https://www.pewresearch.org/short-reads/2026/04/13/most-new-data-centers-in-the-us-are-coming-to-rural-areas/,Published top-15 state subset from the national facility analysis; not combined with project-development records.
National facility totals,State,Indiana,Operating,38.0,facilities,2026-02-19,Pew Research Center analysis of Data Center Map,https://www.pewresearch.org/short-reads/2026/04/13/most-new-data-centers-in-the-us-are-coming-to-rural-areas/,Published top-15 state subset from the national facility analysis; not combined with project-development records.
National facility totals,State,Indiana,Total,92.0,facilities,2026-02-19,Pew Research Center analysis of Data Center Map,https://www.pewresearch.org/short-reads/2026/04/13/most-new-data-centers-in-the-us-are-coming-to-rural-areas/,Published top-15 state subset from the national facility analysis; not combined with project-development records.
National facility totals,State,Iowa,Development,41.0,facilities,2026-02-19,Pew Research Center analysis of Data Center Map,https://www.pewresearch.org/short-reads/2026/04/13/most-new-data-centers-in-the-us-are-coming-to-rural-areas/,Published top-15 state subset from the national facility analysis; not combined with project-development records.
National facility totals,State,Iowa,Operating,64.0,facilities,2026-02-19,Pew Research Center analysis of Data Center Map,https://www.pewresearch.org/short-reads/2026/04/13/most-new-data-centers-in-the-us-are-coming-to-rural-areas/,Published top-15 state subset from the national facility analysis; not combined with project-development records.
National facility totals,State,Iowa,Total,105.0,facilities,2026-02-19,Pew Research Center analysis of Data Center Map,https://www.pewresearch.org/short-reads/2026/04/13/most-new-data-centers-in-the-us-are-coming-to-rural-areas/,Published top-15 state subset from the national facility analysis; not combined with project-development records.
National facility totals,State,New York,Development,6.0,facilities,2026-02-19,Pew Research Center analysis of Data Center Map,https://www.pewresearch.org/short-reads/2026/04/13/most-new-data-centers-in-the-us-are-coming-to-rural-areas/,Published top-15 state subset from the national facility analysis; not combined with project-development records.
National facility totals,State,New York,Operating,148.0,facilities,2026-02-19,Pew Research Center analysis of Data Center Map,https://www.pewresearch.org/short-reads/2026/04/13/most-new-data-centers-in-the-us-are-coming-to-rural-areas/,Published top-15 state subset from the national facility analysis; not combined with project-development records.
National facility totals,State,New York,Total,154.0,facilities,2026-02-19,Pew Research Center analysis of Data Center Map,https://www.pewresearch.org/short-reads/2026/04/13/most-new-data-centers-in-the-us-are-coming-to-rural-areas/,Published top-15 state subset from the national facility analysis; not combined with project-development records.
National facility totals,State,North Carolina,Development,41.0,facilities,2026-02-19,Pew Research Center analysis of Data Center Map,https://www.pewresearch.org/short-reads/2026/04/13/most-new-data-centers-in-the-us-are-coming-to-rural-areas/,Published top-15 state subset from the national facility analysis; not combined with project-development records.
National facility totals,State,North Carolina,Operating,72.0,facilities,2026-02-19,Pew Research Center analysis of Data Center Map,https://www.pewresearch.org/short-reads/2026/04/13/most-new-data-centers-in-the-us-are-coming-to-rural-areas/,Published top-15 state subset from the national facility analysis; not combined with project-development records.
National facility totals,State,North Carolina,Total,113.0,facilities,2026-02-19,Pew Research Center analysis of Data Center Map,https://www.pewresearch.org/short-reads/2026/04/13/most-new-data-centers-in-the-us-are-coming-to-rural-areas/,Published top-15 state subset from the national facility analysis; not combined with project-development records.
National facility totals,State,Ohio,Development,57.0,facilities,2026-02-19,Pew Research Center analysis of Data Center Map,https://www.pewresearch.org/short-reads/2026/04/13/most-new-data-centers-in-the-us-are-coming-to-rural-areas/,Published top-15 state subset from the national facility analysis; not combined with project-development records.
National facility totals,State,Ohio,Operating,166.0,facilities,2026-02-19,Pew Research Center analysis of Data Center Map,https://www.pewresearch.org/short-reads/2026/04/13/most-new-data-centers-in-the-us-are-coming-to-rural-areas/,Published top-15 state subset from the national facility analysis; not combined with project-development records.
National facility totals,State,Ohio,Total,223.0,facilities,2026-02-19,Pew Research Center analysis of Data Center Map,https://www.pewresearch.org/short-reads/2026/04/13/most-new-data-centers-in-the-us-are-coming-to-rural-areas/,Published top-15 state subset from the national facility analysis; not combined with project-development records.
National facility totals,State,Oregon,Development,27.0,facilities,2026-02-19,Pew Research Center analysis of Data Center Map,https://www.pewresearch.org/short-reads/2026/04/13/most-new-data-centers-in-the-us-are-coming-to-rural-areas/,Published top-15 state subset from the national facility analysis; not combined with project-development records.
National facility totals,State,Oregon,Operating,115.0,facilities,2026-02-19,Pew Research Center analysis of Data Center Map,https://www.pewresearch.org/short-reads/2026/04/13/most-new-data-centers-in-the-us-are-coming-to-rural-areas/,Published top-15 state subset from the national facility analysis; not combined with project-development records.
National facility totals,State,Oregon,Total,142.0,facilities,2026-02-19,Pew Research Center analysis of Data Center Map,https://www.pewresearch.org/short-reads/2026/04/13/most-new-data-centers-in-the-us-are-coming-to-rural-areas/,Published top-15 state subset from the national facility analysis; not combined with project-development records.
National facility totals,State,Pennsylvania,Development,51.0,facilities,2026-02-19,Pew Research Center analysis of Data Center Map,https://www.pewresearch.org/short-reads/2026/04/13/most-new-data-centers-in-the-us-are-coming-to-rural-areas/,Published top-15 state subset from the national facility analysis; not combined with project-development records.
National facility totals,State,Pennsylvania,Operating,78.0,facilities,2026-02-19,Pew Research Center analysis of Data Center Map,https://www.pewresearch.org/short-reads/2026/04/13/most-new-data-centers-in-the-us-are-coming-to-rural-areas/,Published top-15 state subset from the national facility analysis; not combined with project-development records.
National facility totals,State,Pennsylvania,Total,129.0,facilities,2026-02-19,Pew Research Center analysis of Data Center Map,https://www.pewresearch.org/short-reads/2026/04/13/most-new-data-centers-in-the-us-are-coming-to-rural-areas/,Published top-15 state subset from the national facility analysis; not combined with project-development records.
National facility totals,State,Texas,Development,170.0,facilities,2026-02-19,Pew Research Center analysis of Data Center Map,https://www.pewresearch.org/short-reads/2026/04/13/most-new-data-centers-in-the-us-are-coming-to-rural-areas/,Published top-15 state subset from the national facility analysis; not combined with project-development records.
National facility totals,State,Texas,Operating,296.0,facilities,2026-02-19,Pew Research Center analysis of Data Center Map,https://www.pewresearch.org/short-reads/2026/04/13/most-new-data-centers-in-the-us-are-coming-to-rural-areas/,Published top-15 state subset from the national facility analysis; not combined with project-development records.
National facility totals,State,Texas,Total,466.0,facilities,2026-02-19,Pew Research Center analysis of Data Center Map,https://www.pewresearch.org/short-reads/2026/04/13/most-new-data-centers-in-the-us-are-coming-to-rural-areas/,Published top-15 state subset from the national facility analysis; not combined with project-development records.
National facility totals,State,Virginia,Development,287.0,facilities,2026-02-19,Pew Research Center analysis of Data Center Map,https://www.pewresearch.org/short-reads/2026/04/13/most-new-data-centers-in-the-us-are-coming-to-rural-areas/,Published top-15 state subset from the national facility analysis; not combined with project-development records.
National facility totals,State,Virginia,Operating,398.0,facilities,2026-02-19,Pew Research Center analysis of Data Center Map,https://www.pewresearch.org/short-reads/2026/04/13/most-new-data-centers-in-the-us-are-coming-to-rural-areas/,Published top-15 state subset from the national facility analysis; not combined with project-development records.
National facility totals,State,Virginia,Total,685.0,facilities,2026-02-19,Pew Research Center analysis of Data Center Map,https://www.pewresearch.org/short-reads/2026/04/13/most-new-data-centers-in-the-us-are-coming-to-rural-areas/,Published top-15 state subset from the national facility analysis; not combined with project-development records.
National facility totals,State,Washington,Development,11.0,facilities,2026-02-19,Pew Research Center analysis of Data Center Map,https://www.pewresearch.org/short-reads/2026/04/13/most-new-data-centers-in-the-us-are-coming-to-rural-areas/,Published top-15 state subset from the national facility analysis; not combined with project-development records.
National facility totals,State,Washington,Operating,124.0,facilities,2026-02-19,Pew Research Center analysis of Data Center Map,https://www.pewresearch.org/short-reads/2026/04/13/most-new-data-centers-in-the-us-are-coming-to-rural-areas/,Published top-15 state subset from the national facility analysis; not combined with project-development records.
National facility totals,State,Washington,Total,135.0,facilities,2026-02-19,Pew Research Center analysis of Data Center Map,https://www.pewresearch.org/short-reads/2026/04/13/most-new-data-centers-in-the-us-are-coming-to-rural-areas/,Published top-15 state subset from the national facility analysis; not combined with project-development records.
Project development records,State,Alabama,Active Pipeline,4.0,facilities/projects,2026-03-26,FracTracker Alliance U.S. Data Centers Tracker,https://fractracker.org/2026/04/open-u-s-data-centers-tracker/,State snapshot predates the national June update and should be interpreted on its own date.
Project development records,State,Alabama,Approved or Under Construction,1.0,facilities/projects,2026-03-26,FracTracker Alliance U.S. Data Centers Tracker,https://fractracker.org/2026/04/open-u-s-data-centers-tracker/,State snapshot predates the national June update and should be interpreted on its own date.
Project development records,State,Alabama,Cancelled,0.0,facilities/projects,2026-03-26,FracTracker Alliance U.S. Data Centers Tracker,https://fractracker.org/2026/04/open-u-s-data-centers-tracker/,State snapshot predates the national June update and should be interpreted on its own date.
Project development records,State,Alabama,Expanding,0.0,facilities/projects,2026-03-26,FracTracker Alliance U.S. Data Centers Tracker,https://fractracker.org/2026/04/open-u-s-data-centers-tracker/,State snapshot predates the national June update and should be interpreted on its own date.
Project development records,State,Alabama,Operating,4.0,facilities/projects,2026-03-26,FracTracker Alliance U.S. Data Centers Tracker,https://fractracker.org/2026/04/open-u-s-data-centers-tracker/,State snapshot predates the national June update and should be interpreted on its own date.
Project development records,State,Alabama,Proposed,3.0,facilities/projects,2026-03-26,FracTracker Alliance U.S. Data Centers Tracker,https://fractracker.org/2026/04/open-u-s-data-centers-tracker/,State snapshot predates the national June update and should be interpreted on its own date.
Project development records,State,Alabama,Suspended,0.0,facilities/projects,2026-03-26,FracTracker Alliance U.S. Data Centers Tracker,https://fractracker.org/2026/04/open-u-s-data-centers-tracker/,State snapshot predates the national June update and should be interpreted on its own date.
Project development records,State,Alabama,Total,8.0,facilities/projects,2026-03-26,FracTracker Alliance U.S. Data Centers Tracker,https://fractracker.org/2026/04/open-u-s-data-centers-tracker/,State snapshot predates the national June update and should be interpreted on its own date.
Project development records,State,Alaska,Active Pipeline,0.0,facilities/projects,2026-03-26,FracTracker Alliance U.S. Data Centers Tracker,https://fractracker.org/2026/04/open-u-s-data-centers-tracker/,State snapshot predates the national June update and should be interpreted on its own date.
Project development records,State,Alaska,Approved or Under Construction,0.0,facilities/projects,2026-03-26,FracTracker Alliance U.S. Data Centers Tracker,https://fractracker.org/2026/04/open-u-s-data-centers-tracker/,State snapshot predates the national June update and should be interpreted on its own date.
Project development records,State,Alaska,Cancelled,0.0,facilities/projects,2026-03-26,FracTracker Alliance U.S. Data Centers Tracker,https://fractracker.org/2026/04/open-u-s-data-centers-tracker/,State snapshot predates the national June update and should be interpreted on its own date.
Project development records,State,Alaska,Expanding,0.0,facilities/projects,2026-03-26,FracTracker Alliance U.S. Data Centers Tracker,https://fractracker.org/2026/04/open-u-s-data-centers-tracker/,State snapshot predates the national June update and should be interpreted on its own date.
Project development records,State,Alaska,Operating,0.0,facilities/projects,2026-03-26,FracTracker Alliance U.S. Data Centers Tracker,https://fractracker.org/2026/04/open-u-s-data-centers-tracker/,State snapshot predates the national June update and should be interpreted on its own date.
Project development records,State,Alaska,Proposed,0.0,facilities/projects,2026-03-26,FracTracker Alliance U.S. Data Centers Tracker,https://fractracker.org/2026/04/open-u-s-data-centers-tracker/,State snapshot predates the national June update and should be interpreted on its own date.
Project development records,State,Alaska,Suspended,0.0,facilities/projects,2026-03-26,FracTracker Alliance U.S. Data Centers Tracker,https://fractracker.org/2026/04/open-u-s-data-centers-tracker/,State snapshot predates the national June update and should be interpreted on its own date.
Project development records,State,Alaska,Total,0.0,facilities/projects,2026-03-26,FracTracker Alliance U.S. Data Centers Tracker,https://fractracker.org/2026/04/open-u-s-data-centers-tracker/,State snapshot predates the national June update and should be interpreted on its own date.
Project development records,State,Arizona,Active Pipeline,17.0,facilities/projects,2026-03-26,FracTracker Alliance U.S. Data Centers Tracker,https://fractracker.org/2026/04/open-u-s-data-centers-tracker/,State snapshot predates the national June update and should be interpreted on its own date.
Project development records,State,Arizona,Approved or Under Construction,8.0,facilities/projects,2026-03-26,FracTracker Alliance U.S. Data Centers Tracker,https://fractracker.org/2026/04/open-u-s-data-centers-tracker/,State snapshot predates the national June update and should be interpreted on its own date.
Project development records,State,Arizona,Cancelled,2.0,facilities/projects,2026-03-26,FracTracker Alliance U.S. Data Centers Tracker,https://fractracker.org/2026/04/open-u-s-data-centers-tracker/,State snapshot predates the national June update and should be interpreted on its own date.
Project development records,State,Arizona,Expanding,0.0,facilities/projects,2026-03-26,FracTracker Alliance U.S. Data Centers Tracker,https://fractracker.org/2026/04/open-u-s-data-centers-tracker/,State snapshot predates the national June update and should be interpreted on its own date.
Project development records,State,Arizona,Operating,9.0,facilities/projects,2026-03-26,FracTracker Alliance U.S. Data Centers Tracker,https://fractracker.org/2026/04/open-u-s-data-centers-tracker/,State snapshot predates the national June update and should be interpreted on its own date.
Project development records,State,Arizona,Proposed,9.0,facilities/projects,2026-03-26,FracTracker Alliance U.S. Data Centers Tracker,https://fractracker.org/2026/04/open-u-s-data-centers-tracker/,State snapshot predates the national June update and should be interpreted on its own date.
Project development records,State,Arizona,Suspended,0.0,facilities/projects,2026-03-26,FracTracker Alliance U.S. Data Centers Tracker,https://fractracker.org/2026/04/open-u-s-data-centers-tracker/,State snapshot predates the national June update and should be interpreted on its own date.
Project development records,State,Arizona,Total,28.0,facilities/projects,2026-03-26,FracTracker Alliance U.S. Data Centers Tracker,https://fractracker.org/2026/04/open-u-s-data-centers-tracker/,State snapshot predates the national June update and should be interpreted on its own date.
Project development records,State,Arkansas,Active Pipeline,4.0,facilities/projects,2026-03-26,FracTracker Alliance U.S. Data Centers Tracker,https://fractracker.org/2026/04/open-u-s-data-centers-tracker/,State snapshot predates the national June update and should be interpreted on its own date.
Project development records,State,Arkansas,Approved or Under Construction,1.0,facilities/projects,2026-03-26,FracTracker Alliance U.S. Data Centers Tracker,https://fractracker.org/2026/04/open-u-s-data-centers-tracker/,State snapshot predates the national June update and should be interpreted on its own date.
Project development records,State,Arkansas,Cancelled,0.0,facilities/projects,2026-03-26,FracTracker Alliance U.S. Data Centers Tracker,https://fractracker.org/2026/04/open-u-s-data-centers-tracker/,State snapshot predates the national June update and should be interpreted on its own date.
Project development records,State,Arkansas,Expanding,0.0,facilities/projects,2026-03-26,FracTracker Alliance U.S. Data Centers Tracker,https://fractracker.org/2026/04/open-u-s-data-centers-tracker/,State snapshot predates the national June update and should be interpreted on its own date.
Project development records,State,Arkansas,Operating,2.0,facilities/projects,2026-03-26,FracTracker Alliance U.S. Data Centers Tracker,https://fractracker.org/2026/04/open-u-s-data-centers-tracker/,State snapshot predates the national June update and should be interpreted on its own date.
Project development records,State,Arkansas,Proposed,3.0,facilities/projects,2026-03-26,FracTracker Alliance U.S. Data Centers Tracker,https://fractracker.org/2026/04/open-u-s-data-centers-tracker/,State snapshot predates the national June update and should be interpreted on its own date.
Project development records,State,Arkansas,Suspended,0.0,facilities/projects,2026-03-26,FracTracker Alliance U.S. Data Centers Tracker,https://fractracker.org/2026/04/open-u-s-data-centers-tracker/,State snapshot predates the national June update and should be interpreted on its own date.
Project development records,State,Arkansas,Total,6.0,facilities/projects,2026-03-26,FracTracker Alliance U.S. Data Centers Tracker,https://fractracker.org/2026/04/open-u-s-data-centers-tracker/,State snapshot predates the national June update and should be interpreted on its own date.
Project development records,State,California,Active Pipeline,15.0,facilities/projects,2026-03-26,FracTracker Alliance U.S. Data Centers Tracker,https://fractracker.org/2026/04/open-u-s-data-centers-tracker/,State snapshot predates the national June update and should be interpreted on its own date.
Project development records,State,California,Approved or Under Construction,3.0,facilities/projects,2026-03-26,FracTracker Alliance U.S. Data Centers Tracker,https://fractracker.org/2026/04/open-u-s-data-centers-tracker/,State snapshot predates the national June update and should be interpreted on its own date.
Project development records,State,California,Cancelled,0.0,facilities/projects,2026-03-26,FracTracker Alliance U.S. Data Centers Tracker,https://fractracker.org/2026/04/open-u-s-data-centers-tracker/,State snapshot predates the national June update and should be interpreted on its own date.
Project development records,State,California,Expanding,1.0,facilities/projects,2026-03-26,FracTracker Alliance U.S. Data Centers Tracker,https://fractracker.org/2026/04/open-u-s-data-centers-tracker/,State snapshot predates the national June update and should be interpreted on its own date.
Project development records,State,California,Operating,8.0,facilities/projects,2026-03-26,FracTracker Alliance U.S. Data Centers Tracker,https://fractracker.org/2026/04/open-u-s-data-centers-tracker/,State snapshot predates the national June update and should be interpreted on its own date.
Project development records,State,California,Proposed,11.0,facilities/projects,2026-03-26,FracTracker Alliance U.S. Data Centers Tracker,https://fractracker.org/2026/04/open-u-s-data-centers-tracker/,State snapshot predates the national June update and should be interpreted on its own date.
Project development records,State,California,Suspended,1.0,facilities/projects,2026-03-26,FracTracker Alliance U.S. Data Centers Tracker,https://fractracker.org/2026/04/open-u-s-data-centers-tracker/,State snapshot predates the national June update and should be interpreted on its own date.
Project development records,State,California,Total,24.0,facilities/projects,2026-03-26,FracTracker Alliance U.S. Data Centers Tracker,https://fractracker.org/2026/04/open-u-s-data-centers-tracker/,State snapshot predates the national June update and should be interpreted on its own date.
Project development records,State,Colorado,Active Pipeline,3.0,facilities/projects,2026-03-26,FracTracker Alliance U.S. Data Centers Tracker,https://fractracker.org/2026/04/open-u-s-data-centers-tracker/,State snapshot predates the national June update and should be interpreted on its own date.
Project development records,State,Colorado,Approved or Under Construction,1.0,facilities/projects,2026-03-26,FracTracker Alliance U.S. Data Centers Tracker,https://fractracker.org/2026/04/open-u-s-data-centers-tracker/,State snapshot predates the national June update and should be interpreted on its own date.
Project development records,State,Colorado,Cancelled,0.0,facilities/projects,2026-03-26,FracTracker Alliance U.S. Data Centers Tracker,https://fractracker.org/2026/04/open-u-s-data-centers-tracker/,State snapshot predates the national June update and should be interpreted on its own date.
Project development records,State,Colorado,Expanding,0.0,facilities/projects,2026-03-26,FracTracker Alliance U.S. Data Centers Tracker,https://fractracker.org/2026/04/open-u-s-data-centers-tracker/,State snapshot predates the national June update and should be interpreted on its own date.
Project development records,State,Colorado,Operating,4.0,facilities/projects,2026-03-26,FracTracker Alliance U.S. Data Centers Tracker,https://fractracker.org/2026/04/open-u-s-data-centers-tracker/,State snapshot predates the national June update and should be interpreted on its own date.
Project development records,State,Colorado,Proposed,2.0,facilities/projects,2026-03-26,FracTracker Alliance U.S. Data Centers Tracker,https://fractracker.org/2026/04/open-u-s-data-centers-tracker/,State snapshot predates the national June update and should be interpreted on its own date.
Project development records,State,Colorado,Suspended,0.0,facilities/projects,2026-03-26,FracTracker Alliance U.S. Data Centers Tracker,https://fractracker.org/2026/04/open-u-s-data-centers-tracker/,State snapshot predates the national June update and should be interpreted on its own date.
Project development records,State,Colorado,Total,7.0,facilities/projects,2026-03-26,FracTracker Alliance U.S. Data Centers Tracker,https://fractracker.org/2026/04/open-u-s-data-centers-tracker/,State snapshot predates the national June update and should be interpreted on its own date.
Project development records,State,Connecticut,Active Pipeline,3.0,facilities/projects,2026-03-26,FracTracker Alliance U.S. Data Centers Tracker,https://fractracker.org/2026/04/open-u-s-data-centers-tracker/,State snapshot predates the national June update and should be interpreted on its own date.
Project development records,State,Connecticut,Approved or Under Construction,0.0,facilities/projects,2026-03-26,FracTracker Alliance U.S. Data Centers Tracker,https://fractracker.org/2026/04/open-u-s-data-centers-tracker/,State snapshot predates the national June update and should be interpreted on its own date.
Project development records,State,Connecticut,Cancelled,0.0,facilities/projects,2026-03-26,FracTracker Alliance U.S. Data Centers Tracker,https://fractracker.org/2026/04/open-u-s-data-centers-tracker/,State snapshot predates the national June update and should be interpreted on its own date.
Project development records,State,Connecticut,Expanding,0.0,facilities/projects,2026-03-26,FracTracker Alliance U.S. Data Centers Tracker,https://fractracker.org/2026/04/open-u-s-data-centers-tracker/,State snapshot predates the national June update and should be interpreted on its own date.
Project development records,State,Connecticut,Operating,0.0,facilities/projects,2026-03-26,FracTracker Alliance U.S. Data Centers Tracker,https://fractracker.org/2026/04/open-u-s-data-centers-tracker/,State snapshot predates the national June update and should be interpreted on its own date.
Project development records,State,Connecticut,Proposed,3.0,facilities/projects,2026-03-26,FracTracker Alliance U.S. Data Centers Tracker,https://fractracker.org/2026/04/open-u-s-data-centers-tracker/,State snapshot predates the national June update and should be interpreted on its own date.
Project development records,State,Connecticut,Suspended,0.0,facilities/projects,2026-03-26,FracTracker Alliance U.S. Data Centers Tracker,https://fractracker.org/2026/04/open-u-s-data-centers-tracker/,State snapshot predates the national June update and should be interpreted on its own date.
Project development records,State,Connecticut,Total,3.0,facilities/projects,2026-03-26,FracTracker Alliance U.S. Data Centers Tracker,https://fractracker.org/2026/04/open-u-s-data-centers-tracker/,State snapshot predates the national June update and should be interpreted on its own date.
Project development records,State,Delaware,Active Pipeline,0.0,facilities/projects,2026-03-26,FracTracker Alliance U.S. Data Centers Tracker,https://fractracker.org/2026/04/open-u-s-data-centers-tracker/,State snapshot predates the national June update and should be interpreted on its own date.
Project development records,State,Delaware,Approved or Under Construction,0.0,facilities/projects,2026-03-26,FracTracker Alliance U.S. Data Centers Tracker,https://fractracker.org/2026/04/open-u-s-data-centers-tracker/,State snapshot predates the national June update and should be interpreted on its own date.
Project development records,State,Delaware,Cancelled,0.0,facilities/projects,2026-03-26,FracTracker Alliance U.S. Data Centers Tracker,https://fractracker.org/2026/04/open-u-s-data-centers-tracker/,State snapshot predates the national June update and should be interpreted on its own date.
Project development records,State,Delaware,Expanding,0.0,facilities/projects,2026-03-26,FracTracker Alliance U.S. Data Centers Tracker,https://fractracker.org/2026/04/open-u-s-data-centers-tracker/,State snapshot predates the national June update and should be interpreted on its own date.
Project development records,State,Delaware,Operating,0.0,facilities/projects,2026-03-26,FracTracker Alliance U.S. Data Centers Tracker,https://fractracker.org/2026/04/open-u-s-data-centers-tracker/,State snapshot predates the national June update and should be interpreted on its own date.
Project development records,State,Delaware,Proposed,0.0,facilities/projects,2026-03-26,FracTracker Alliance U.S. Data Centers Tracker,https://fractracker.org/2026/04/open-u-s-data-centers-tracker/,State snapshot predates the national June update and should be interpreted on its own date.
Project development records,State,Delaware,Suspended,1.0,facilities/projects,2026-03-26,FracTracker Alliance U.S. Data Centers Tracker,https://fractracker.org/2026/04/open-u-s-data-centers-tracker/,State snapshot predates the national June update and should be interpreted on its own date.
Project development records,State,Delaware,Total,1.0,facilities/projects,2026-03-26,FracTracker Alliance U.S. Data Centers Tracker,https://fractracker.org/2026/04/open-u-s-data-centers-tracker/,State snapshot predates the national June update and should be interpreted on its own date.
Project development records,State,Florida,Active Pipeline,6.0,facilities/projects,2026-03-26,FracTracker Alliance U.S. Data Centers Tracker,https://fractracker.org/2026/04/open-u-s-data-centers-tracker/,State snapshot predates the national June update and should be interpreted on its own date.
Project development records,State,Florida,Approved or Under Construction,2.0,facilities/projects,2026-03-26,FracTracker Alliance U.S. Data Centers Tracker,https://fractracker.org/2026/04/open-u-s-data-centers-tracker/,State snapshot predates the national June update and should be interpreted on its own date.
Project development records,State,Florida,Cancelled,0.0,facilities/projects,2026-03-26,FracTracker Alliance U.S. Data Centers Tracker,https://fractracker.org/2026/04/open-u-s-data-centers-tracker/,State snapshot predates the national June update and should be interpreted on its own date.
Project development records,State,Florida,Expanding,0.0,facilities/projects,2026-03-26,FracTracker Alliance U.S. Data Centers Tracker,https://fractracker.org/2026/04/open-u-s-data-centers-tracker/,State snapshot predates the national June update and should be interpreted on its own date.
Project development records,State,Florida,Operating,0.0,facilities/projects,2026-03-26,FracTracker Alliance U.S. Data Centers Tracker,https://fractracker.org/2026/04/open-u-s-data-centers-tracker/,State snapshot predates the national June update and should be interpreted on its own date.
Project development records,State,Florida,Proposed,4.0,facilities/projects,2026-03-26,FracTracker Alliance U.S. Data Centers Tracker,https://fractracker.org/2026/04/open-u-s-data-centers-tracker/,State snapshot predates the national June update and should be interpreted on its own date.
Project development records,State,Florida,Suspended,1.0,facilities/projects,2026-03-26,FracTracker Alliance U.S. Data Centers Tracker,https://fractracker.org/2026/04/open-u-s-data-centers-tracker/,State snapshot predates the national June update and should be interpreted on its own date.
Project development records,State,Florida,Total,7.0,facilities/projects,2026-03-26,FracTracker Alliance U.S. Data Centers Tracker,https://fractracker.org/2026/04/open-u-s-data-centers-tracker/,State snapshot predates the national June update and should be interpreted on its own date.
Project development records,State,Georgia,Active Pipeline,81.0,facilities/projects,2026-03-26,FracTracker Alliance U.S. Data Centers Tracker,https://fractracker.org/2026/04/open-u-s-data-centers-tracker/,State snapshot predates the national June update and should be interpreted on its own date.
Project development records,State,Georgia,Approved or Under Construction,11.0,facilities/projects,2026-03-26,FracTracker Alliance U.S. Data Centers Tracker,https://fractracker.org/2026/04/open-u-s-data-centers-tracker/,State snapshot predates the national June update and should be interpreted on its own date.
Project development records,State,Georgia,Cancelled,2.0,facilities/projects,2026-03-26,FracTracker Alliance U.S. Data Centers Tracker,https://fractracker.org/2026/04/open-u-s-data-centers-tracker/,State snapshot predates the national June update and should be interpreted on its own date.
Project development records,State,Georgia,Expanding,1.0,facilities/projects,2026-03-26,FracTracker Alliance U.S. Data Centers Tracker,https://fractracker.org/2026/04/open-u-s-data-centers-tracker/,State snapshot predates the national June update and should be interpreted on its own date.
Project development records,State,Georgia,Operating,86.0,facilities/projects,2026-03-26,FracTracker Alliance U.S. Data Centers Tracker,https://fractracker.org/2026/04/open-u-s-data-centers-tracker/,State snapshot predates the national June update and should be interpreted on its own date.
Project development records,State,Georgia,Proposed,69.0,facilities/projects,2026-03-26,FracTracker Alliance U.S. Data Centers Tracker,https://fractracker.org/2026/04/open-u-s-data-centers-tracker/,State snapshot predates the national June update and should be interpreted on its own date.
Project development records,State,Georgia,Suspended,5.0,facilities/projects,2026-03-26,FracTracker Alliance U.S. Data Centers Tracker,https://fractracker.org/2026/04/open-u-s-data-centers-tracker/,State snapshot predates the national June update and should be interpreted on its own date.
Project development records,State,Georgia,Total,174.0,facilities/projects,2026-03-26,FracTracker Alliance U.S. Data Centers Tracker,https://fractracker.org/2026/04/open-u-s-data-centers-tracker/,State snapshot predates the national June update and should be interpreted on its own date.
Project development records,State,Hawaii,Active Pipeline,1.0,facilities/projects,2026-03-26,FracTracker Alliance U.S. Data Centers Tracker,https://fractracker.org/2026/04/open-u-s-data-centers-tracker/,State snapshot predates the national June update and should be interpreted on its own date.
Project development records,State,Hawaii,Approved or Under Construction,0.0,facilities/projects,2026-03-26,FracTracker Alliance U.S. Data Centers Tracker,https://fractracker.org/2026/04/open-u-s-data-centers-tracker/,State snapshot predates the national June update and should be interpreted on its own date.
Project development records,State,Hawaii,Cancelled,0.0,facilities/projects,2026-03-26,FracTracker Alliance U.S. Data Centers Tracker,https://fractracker.org/2026/04/open-u-s-data-centers-tracker/,State snapshot predates the national June update and should be interpreted on its own date.
Project development records,State,Hawaii,Expanding,1.0,facilities/projects,2026-03-26,FracTracker Alliance U.S. Data Centers Tracker,https://fractracker.org/2026/04/open-u-s-data-centers-tracker/,State snapshot predates the national June update and should be interpreted on its own date.
Project development records,State,Hawaii,Operating,0.0,facilities/projects,2026-03-26,FracTracker Alliance U.S. Data Centers Tracker,https://fractracker.org/2026/04/open-u-s-data-centers-tracker/,State snapshot predates the national June update and should be interpreted on its own date.
Project development records,State,Hawaii,Proposed,0.0,facilities/projects,2026-03-26,FracTracker Alliance U.S. Data Centers Tracker,https://fractracker.org/2026/04/open-u-s-data-centers-tracker/,State snapshot predates the national June update and should be interpreted on its own date.
Project development records,State,Hawaii,Suspended,0.0,facilities/projects,2026-03-26,FracTracker Alliance U.S. Data Centers Tracker,https://fractracker.org/2026/04/open-u-s-data-centers-tracker/,State snapshot predates the national June update and should be interpreted on its own date.
Project development records,State,Hawaii,Total,1.0,facilities/projects,2026-03-26,FracTracker Alliance U.S. Data Centers Tracker,https://fractracker.org/2026/04/open-u-s-data-centers-tracker/,State snapshot predates the national June update and should be interpreted on its own date.
Project development records,State,Idaho,Active Pipeline,1.0,facilities/projects,2026-03-26,FracTracker Alliance U.S. Data Centers Tracker,https://fractracker.org/2026/04/open-u-s-data-centers-tracker/,State snapshot predates the national June update and should be interpreted on its own date.
Project development records,State,Idaho,Approved or Under Construction,0.0,facilities/projects,2026-03-26,FracTracker Alliance U.S. Data Centers Tracker,https://fractracker.org/2026/04/open-u-s-data-centers-tracker/,State snapshot predates the national June update and should be interpreted on its own date.
Project development records,State,Idaho,Cancelled,0.0,facilities/projects,2026-03-26,FracTracker Alliance U.S. Data Centers Tracker,https://fractracker.org/2026/04/open-u-s-data-centers-tracker/,State snapshot predates the national June update and should be interpreted on its own date.
Project development records,State,Idaho,Expanding,0.0,facilities/projects,2026-03-26,FracTracker Alliance U.S. Data Centers Tracker,https://fractracker.org/2026/04/open-u-s-data-centers-tracker/,State snapshot predates the national June update and should be interpreted on its own date.
Project development records,State,Idaho,Operating,0.0,facilities/projects,2026-03-26,FracTracker Alliance U.S. Data Centers Tracker,https://fractracker.org/2026/04/open-u-s-data-centers-tracker/,State snapshot predates the national June update and should be interpreted on its own date.
Project development records,State,Idaho,Proposed,1.0,facilities/projects,2026-03-26,FracTracker Alliance U.S. Data Centers Tracker,https://fractracker.org/2026/04/open-u-s-data-centers-tracker/,State snapshot predates the national June update and should be interpreted on its own date.
Project development records,State,Idaho,Suspended,0.0,facilities/projects,2026-03-26,FracTracker Alliance U.S. Data Centers Tracker,https://fractracker.org/2026/04/open-u-s-data-centers-tracker/,State snapshot predates the national June update and should be interpreted on its own date.
Project development records,State,Idaho,Total,1.0,facilities/projects,2026-03-26,FracTracker Alliance U.S. Data Centers Tracker,https://fractracker.org/2026/04/open-u-s-data-centers-tracker/,State snapshot predates the national June update and should be interpreted on its own date.
Project development records,State,Illinois,Active Pipeline,22.0,facilities/projects,2026-03-26,FracTracker Alliance U.S. Data Centers Tracker,https://fractracker.org/2026/04/open-u-s-data-centers-tracker/,State snapshot predates the national June update and should be interpreted on its own date.
Project development records,State,Illinois,Approved or Under Construction,6.0,facilities/projects,2026-03-26,FracTracker Alliance U.S. Data Centers Tracker,https://fractracker.org/2026/04/open-u-s-data-centers-tracker/,State snapshot predates the national June update and should be interpreted on its own date.
Project development records,State,Illinois,Cancelled,3.0,facilities/projects,2026-03-26,FracTracker Alliance U.S. Data Centers Tracker,https://fractracker.org/2026/04/open-u-s-data-centers-tracker/,State snapshot predates the national June update and should be interpreted on its own date.
Project development records,State,Illinois,Expanding,0.0,facilities/projects,2026-03-26,FracTracker Alliance U.S. Data Centers Tracker,https://fractracker.org/2026/04/open-u-s-data-centers-tracker/,State snapshot predates the national June update and should be interpreted on its own date.
Project development records,State,Illinois,Operating,4.0,facilities/projects,2026-03-26,FracTracker Alliance U.S. Data Centers Tracker,https://fractracker.org/2026/04/open-u-s-data-centers-tracker/,State snapshot predates the national June update and should be interpreted on its own date.
Project development records,State,Illinois,Proposed,16.0,facilities/projects,2026-03-26,FracTracker Alliance U.S. Data Centers Tracker,https://fractracker.org/2026/04/open-u-s-data-centers-tracker/,State snapshot predates the national June update and should be interpreted on its own date.
Project development records,State,Illinois,Suspended,1.0,facilities/projects,2026-03-26,FracTracker Alliance U.S. Data Centers Tracker,https://fractracker.org/2026/04/open-u-s-data-centers-tracker/,State snapshot predates the national June update and should be interpreted on its own date.
Project development records,State,Illinois,Total,30.0,facilities/projects,2026-03-26,FracTracker Alliance U.S. Data Centers Tracker,https://fractracker.org/2026/04/open-u-s-data-centers-tracker/,State snapshot predates the national June update and should be interpreted on its own date.
Project development records,State,Indiana,Active Pipeline,17.0,facilities/projects,2026-03-26,FracTracker Alliance U.S. Data Centers Tracker,https://fractracker.org/2026/04/open-u-s-data-centers-tracker/,State snapshot predates the national June update and should be interpreted on its own date.
Project development records,State,Indiana,Approved or Under Construction,4.0,facilities/projects,2026-03-26,FracTracker Alliance U.S. Data Centers Tracker,https://fractracker.org/2026/04/open-u-s-data-centers-tracker/,State snapshot predates the national June update and should be interpreted on its own date.
Project development records,State,Indiana,Cancelled,4.0,facilities/projects,2026-03-26,FracTracker Alliance U.S. Data Centers Tracker,https://fractracker.org/2026/04/open-u-s-data-centers-tracker/,State snapshot predates the national June update and should be interpreted on its own date.
Project development records,State,Indiana,Expanding,0.0,facilities/projects,2026-03-26,FracTracker Alliance U.S. Data Centers Tracker,https://fractracker.org/2026/04/open-u-s-data-centers-tracker/,State snapshot predates the national June update and should be interpreted on its own date.
Project development records,State,Indiana,Operating,7.0,facilities/projects,2026-03-26,FracTracker Alliance U.S. Data Centers Tracker,https://fractracker.org/2026/04/open-u-s-data-centers-tracker/,State snapshot predates the national June update and should be interpreted on its own date.
Project development records,State,Indiana,Proposed,13.0,facilities/projects,2026-03-26,FracTracker Alliance U.S. Data Centers Tracker,https://fractracker.org/2026/04/open-u-s-data-centers-tracker/,State snapshot predates the national June update and should be interpreted on its own date.
Project development records,State,Indiana,Suspended,7.0,facilities/projects,2026-03-26,FracTracker Alliance U.S. Data Centers Tracker,https://fractracker.org/2026/04/open-u-s-data-centers-tracker/,State snapshot predates the national June update and should be interpreted on its own date.
Project development records,State,Indiana,Total,35.0,facilities/projects,2026-03-26,FracTracker Alliance U.S. Data Centers Tracker,https://fractracker.org/2026/04/open-u-s-data-centers-tracker/,State snapshot predates the national June update and should be interpreted on its own date.
Project development records,State,Iowa,Active Pipeline,12.0,facilities/projects,2026-03-26,FracTracker Alliance U.S. Data Centers Tracker,https://fractracker.org/2026/04/open-u-s-data-centers-tracker/,State snapshot predates the national June update and should be interpreted on its own date.
Project development records,State,Iowa,Approved or Under Construction,4.0,facilities/projects,2026-03-26,FracTracker Alliance U.S. Data Centers Tracker,https://fractracker.org/2026/04/open-u-s-data-centers-tracker/,State snapshot predates the national June update and should be interpreted on its own date.
Project development records,State,Iowa,Cancelled,0.0,facilities/projects,2026-03-26,FracTracker Alliance U.S. Data Centers Tracker,https://fractracker.org/2026/04/open-u-s-data-centers-tracker/,State snapshot predates the national June update and should be interpreted on its own date.
Project development records,State,Iowa,Expanding,1.0,facilities/projects,2026-03-26,FracTracker Alliance U.S. Data Centers Tracker,https://fractracker.org/2026/04/open-u-s-data-centers-tracker/,State snapshot predates the national June update and should be interpreted on its own date.
Project development records,State,Iowa,Operating,5.0,facilities/projects,2026-03-26,FracTracker Alliance U.S. Data Centers Tracker,https://fractracker.org/2026/04/open-u-s-data-centers-tracker/,State snapshot predates the national June update and should be interpreted on its own date.
Project development records,State,Iowa,Proposed,7.0,facilities/projects,2026-03-26,FracTracker Alliance U.S. Data Centers Tracker,https://fractracker.org/2026/04/open-u-s-data-centers-tracker/,State snapshot predates the national June update and should be interpreted on its own date.
Project development records,State,Iowa,Suspended,0.0,facilities/projects,2026-03-26,FracTracker Alliance U.S. Data Centers Tracker,https://fractracker.org/2026/04/open-u-s-data-centers-tracker/,State snapshot predates the national June update and should be interpreted on its own date.
Project development records,State,Iowa,Total,17.0,facilities/projects,2026-03-26,FracTracker Alliance U.S. Data Centers Tracker,https://fractracker.org/2026/04/open-u-s-data-centers-tracker/,State snapshot predates the national June update and should be interpreted on its own date.
Project development records,State,Kansas,Active Pipeline,4.0,facilities/projects,2026-03-26,FracTracker Alliance U.S. Data Centers Tracker,https://fractracker.org/2026/04/open-u-s-data-centers-tracker/,State snapshot predates the national June update and should be interpreted on its own date.
Project development records,State,Kansas,Approved or Under Construction,0.0,facilities/projects,2026-03-26,FracTracker Alliance U.S. Data Centers Tracker,https://fractracker.org/2026/04/open-u-s-data-centers-tracker/,State snapshot predates the national June update and should be interpreted on its own date.
Project development records,State,Kansas,Cancelled,1.0,facilities/projects,2026-03-26,FracTracker Alliance U.S. Data Centers Tracker,https://fractracker.org/2026/04/open-u-s-data-centers-tracker/,State snapshot predates the national June update and should be interpreted on its own date.
Project development records,State,Kansas,Expanding,0.0,facilities/projects,2026-03-26,FracTracker Alliance U.S. Data Centers Tracker,https://fractracker.org/2026/04/open-u-s-data-centers-tracker/,State snapshot predates the national June update and should be interpreted on its own date.
Project development records,State,Kansas,Operating,0.0,facilities/projects,2026-03-26,FracTracker Alliance U.S. Data Centers Tracker,https://fractracker.org/2026/04/open-u-s-data-centers-tracker/,State snapshot predates the national June update and should be interpreted on its own date.
Project development records,State,Kansas,Proposed,4.0,facilities/projects,2026-03-26,FracTracker Alliance U.S. Data Centers Tracker,https://fractracker.org/2026/04/open-u-s-data-centers-tracker/,State snapshot predates the national June update and should be interpreted on its own date.
Project development records,State,Kansas,Suspended,0.0,facilities/projects,2026-03-26,FracTracker Alliance U.S. Data Centers Tracker,https://fractracker.org/2026/04/open-u-s-data-centers-tracker/,State snapshot predates the national June update and should be interpreted on its own date.
Project development records,State,Kansas,Total,5.0,facilities/projects,2026-03-26,FracTracker Alliance U.S. Data Centers Tracker,https://fractracker.org/2026/04/open-u-s-data-centers-tracker/,State snapshot predates the national June update and should be interpreted on its own date.
Project development records,State,Kentucky,Active Pipeline,7.0,facilities/projects,2026-03-26,FracTracker Alliance U.S. Data Centers Tracker,https://fractracker.org/2026/04/open-u-s-data-centers-tracker/,State snapshot predates the national June update and should be interpreted on its own date.
Project development records,State,Kentucky,Approved or Under Construction,2.0,facilities/projects,2026-03-26,FracTracker Alliance U.S. Data Centers Tracker,https://fractracker.org/2026/04/open-u-s-data-centers-tracker/,State snapshot predates the national June update and should be interpreted on its own date.
Project development records,State,Kentucky,Cancelled,2.0,facilities/projects,2026-03-26,FracTracker Alliance U.S. Data Centers Tracker,https://fractracker.org/2026/04/open-u-s-data-centers-tracker/,State snapshot predates the national June update and should be interpreted on its own date.
Project development records,State,Kentucky,Expanding,2.0,facilities/projects,2026-03-26,FracTracker Alliance U.S. Data Centers Tracker,https://fractracker.org/2026/04/open-u-s-data-centers-tracker/,State snapshot predates the national June update and should be interpreted on its own date.
Project development records,State,Kentucky,Operating,2.0,facilities/projects,2026-03-26,FracTracker Alliance U.S. Data Centers Tracker,https://fractracker.org/2026/04/open-u-s-data-centers-tracker/,State snapshot predates the national June update and should be interpreted on its own date.
Project development records,State,Kentucky,Proposed,3.0,facilities/projects,2026-03-26,FracTracker Alliance U.S. Data Centers Tracker,https://fractracker.org/2026/04/open-u-s-data-centers-tracker/,State snapshot predates the national June update and should be interpreted on its own date.
Project development records,State,Kentucky,Suspended,0.0,facilities/projects,2026-03-26,FracTracker Alliance U.S. Data Centers Tracker,https://fractracker.org/2026/04/open-u-s-data-centers-tracker/,State snapshot predates the national June update and should be interpreted on its own date.
Project development records,State,Kentucky,Total,11.0,facilities/projects,2026-03-26,FracTracker Alliance U.S. Data Centers Tracker,https://fractracker.org/2026/04/open-u-s-data-centers-tracker/,State snapshot predates the national June update and should be interpreted on its own date.
Project development records,State,Louisiana,Active Pipeline,6.0,facilities/projects,2026-03-26,FracTracker Alliance U.S. Data Centers Tracker,https://fractracker.org/2026/04/open-u-s-data-centers-tracker/,State snapshot predates the national June update and should be interpreted on its own date.
Project development records,State,Louisiana,Approved or Under Construction,1.0,facilities/projects,2026-03-26,FracTracker Alliance U.S. Data Centers Tracker,https://fractracker.org/2026/04/open-u-s-data-centers-tracker/,State snapshot predates the national June update and should be interpreted on its own date.
Project development records,State,Louisiana,Cancelled,0.0,facilities/projects,2026-03-26,FracTracker Alliance U.S. Data Centers Tracker,https://fractracker.org/2026/04/open-u-s-data-centers-tracker/,State snapshot predates the national June update and should be interpreted on its own date.
Project development records,State,Louisiana,Expanding,1.0,facilities/projects,2026-03-26,FracTracker Alliance U.S. Data Centers Tracker,https://fractracker.org/2026/04/open-u-s-data-centers-tracker/,State snapshot predates the national June update and should be interpreted on its own date.
Project development records,State,Louisiana,Operating,1.0,facilities/projects,2026-03-26,FracTracker Alliance U.S. Data Centers Tracker,https://fractracker.org/2026/04/open-u-s-data-centers-tracker/,State snapshot predates the national June update and should be interpreted on its own date.
Project development records,State,Louisiana,Proposed,4.0,facilities/projects,2026-03-26,FracTracker Alliance U.S. Data Centers Tracker,https://fractracker.org/2026/04/open-u-s-data-centers-tracker/,State snapshot predates the national June update and should be interpreted on its own date.
Project development records,State,Louisiana,Suspended,0.0,facilities/projects,2026-03-26,FracTracker Alliance U.S. Data Centers Tracker,https://fractracker.org/2026/04/open-u-s-data-centers-tracker/,State snapshot predates the national June update and should be interpreted on its own date.
Project development records,State,Louisiana,Total,7.0,facilities/projects,2026-03-26,FracTracker Alliance U.S. Data Centers Tracker,https://fractracker.org/2026/04/open-u-s-data-centers-tracker/,State snapshot predates the national June update and should be interpreted on its own date.
Project development records,State,Maine,Active Pipeline,2.0,facilities/projects,2026-03-26,FracTracker Alliance U.S. Data Centers Tracker,https://fractracker.org/2026/04/open-u-s-data-centers-tracker/,State snapshot predates the national June update and should be interpreted on its own date.
Project development records,State,Maine,Approved or Under Construction,0.0,facilities/projects,2026-03-26,FracTracker Alliance U.S. Data Centers Tracker,https://fractracker.org/2026/04/open-u-s-data-centers-tracker/,State snapshot predates the national June update and should be interpreted on its own date.
Project development records,State,Maine,Cancelled,1.0,facilities/projects,2026-03-26,FracTracker Alliance U.S. Data Centers Tracker,https://fractracker.org/2026/04/open-u-s-data-centers-tracker/,State snapshot predates the national June update and should be interpreted on its own date.
Project development records,State,Maine,Expanding,0.0,facilities/projects,2026-03-26,FracTracker Alliance U.S. Data Centers Tracker,https://fractracker.org/2026/04/open-u-s-data-centers-tracker/,State snapshot predates the national June update and should be interpreted on its own date.
Project development records,State,Maine,Operating,0.0,facilities/projects,2026-03-26,FracTracker Alliance U.S. Data Centers Tracker,https://fractracker.org/2026/04/open-u-s-data-centers-tracker/,State snapshot predates the national June update and should be interpreted on its own date.
Project development records,State,Maine,Proposed,2.0,facilities/projects,2026-03-26,FracTracker Alliance U.S. Data Centers Tracker,https://fractracker.org/2026/04/open-u-s-data-centers-tracker/,State snapshot predates the national June update and should be interpreted on its own date.
Project development records,State,Maine,Suspended,0.0,facilities/projects,2026-03-26,FracTracker Alliance U.S. Data Centers Tracker,https://fractracker.org/2026/04/open-u-s-data-centers-tracker/,State snapshot predates the national June update and should be interpreted on its own date.
Project development records,State,Maine,Total,3.0,facilities/projects,2026-03-26,FracTracker Alliance U.S. Data Centers Tracker,https://fractracker.org/2026/04/open-u-s-data-centers-tracker/,State snapshot predates the national June update and should be interpreted on its own date.
Project development records,State,Maryland,Active Pipeline,9.0,facilities/projects,2026-03-26,FracTracker Alliance U.S. Data Centers Tracker,https://fractracker.org/2026/04/open-u-s-data-centers-tracker/,State snapshot predates the national June update and should be interpreted on its own date.
Project development records,State,Maryland,Approved or Under Construction,1.0,facilities/projects,2026-03-26,FracTracker Alliance U.S. Data Centers Tracker,https://fractracker.org/2026/04/open-u-s-data-centers-tracker/,State snapshot predates the national June update and should be interpreted on its own date.
Project development records,State,Maryland,Cancelled,0.0,facilities/projects,2026-03-26,FracTracker Alliance U.S. Data Centers Tracker,https://fractracker.org/2026/04/open-u-s-data-centers-tracker/,State snapshot predates the national June update and should be interpreted on its own date.
Project development records,State,Maryland,Expanding,0.0,facilities/projects,2026-03-26,FracTracker Alliance U.S. Data Centers Tracker,https://fractracker.org/2026/04/open-u-s-data-centers-tracker/,State snapshot predates the national June update and should be interpreted on its own date.
Project development records,State,Maryland,Operating,3.0,facilities/projects,2026-03-26,FracTracker Alliance U.S. Data Centers Tracker,https://fractracker.org/2026/04/open-u-s-data-centers-tracker/,State snapshot predates the national June update and should be interpreted on its own date.
Project development records,State,Maryland,Proposed,8.0,facilities/projects,2026-03-26,FracTracker Alliance U.S. Data Centers Tracker,https://fractracker.org/2026/04/open-u-s-data-centers-tracker/,State snapshot predates the national June update and should be interpreted on its own date.
Project development records,State,Maryland,Suspended,1.0,facilities/projects,2026-03-26,FracTracker Alliance U.S. Data Centers Tracker,https://fractracker.org/2026/04/open-u-s-data-centers-tracker/,State snapshot predates the national June update and should be interpreted on its own date.
Project development records,State,Maryland,Total,13.0,facilities/projects,2026-03-26,FracTracker Alliance U.S. Data Centers Tracker,https://fractracker.org/2026/04/open-u-s-data-centers-tracker/,State snapshot predates the national June update and should be interpreted on its own date.
Project development records,State,Massachusetts,Active Pipeline,3.0,facilities/projects,2026-03-26,FracTracker Alliance U.S. Data Centers Tracker,https://fractracker.org/2026/04/open-u-s-data-centers-tracker/,State snapshot predates the national June update and should be interpreted on its own date.
Project development records,State,Massachusetts,Approved or Under Construction,0.0,facilities/projects,2026-03-26,FracTracker Alliance U.S. Data Centers Tracker,https://fractracker.org/2026/04/open-u-s-data-centers-tracker/,State snapshot predates the national June update and should be interpreted on its own date.
Project development records,State,Massachusetts,Cancelled,0.0,facilities/projects,2026-03-26,FracTracker Alliance U.S. Data Centers Tracker,https://fractracker.org/2026/04/open-u-s-data-centers-tracker/,State snapshot predates the national June update and should be interpreted on its own date.
Project development records,State,Massachusetts,Expanding,1.0,facilities/projects,2026-03-26,FracTracker Alliance U.S. Data Centers Tracker,https://fractracker.org/2026/04/open-u-s-data-centers-tracker/,State snapshot predates the national June update and should be interpreted on its own date.
Project development records,State,Massachusetts,Operating,2.0,facilities/projects,2026-03-26,FracTracker Alliance U.S. Data Centers Tracker,https://fractracker.org/2026/04/open-u-s-data-centers-tracker/,State snapshot predates the national June update and should be interpreted on its own date.
Project development records,State,Massachusetts,Proposed,2.0,facilities/projects,2026-03-26,FracTracker Alliance U.S. Data Centers Tracker,https://fractracker.org/2026/04/open-u-s-data-centers-tracker/,State snapshot predates the national June update and should be interpreted on its own date.
Project development records,State,Massachusetts,Suspended,0.0,facilities/projects,2026-03-26,FracTracker Alliance U.S. Data Centers Tracker,https://fractracker.org/2026/04/open-u-s-data-centers-tracker/,State snapshot predates the national June update and should be interpreted on its own date.
Project development records,State,Massachusetts,Total,5.0,facilities/projects,2026-03-26,FracTracker Alliance U.S. Data Centers Tracker,https://fractracker.org/2026/04/open-u-s-data-centers-tracker/,State snapshot predates the national June update and should be interpreted on its own date.
Project development records,State,Michigan,Active Pipeline,13.0,facilities/projects,2026-03-26,FracTracker Alliance U.S. Data Centers Tracker,https://fractracker.org/2026/04/open-u-s-data-centers-tracker/,State snapshot predates the national June update and should be interpreted on its own date.
Project development records,State,Michigan,Approved or Under Construction,3.0,facilities/projects,2026-03-26,FracTracker Alliance U.S. Data Centers Tracker,https://fractracker.org/2026/04/open-u-s-data-centers-tracker/,State snapshot predates the national June update and should be interpreted on its own date.
Project development records,State,Michigan,Cancelled,2.0,facilities/projects,2026-03-26,FracTracker Alliance U.S. Data Centers Tracker,https://fractracker.org/2026/04/open-u-s-data-centers-tracker/,State snapshot predates the national June update and should be interpreted on its own date.
Project development records,State,Michigan,Expanding,1.0,facilities/projects,2026-03-26,FracTracker Alliance U.S. Data Centers Tracker,https://fractracker.org/2026/04/open-u-s-data-centers-tracker/,State snapshot predates the national June update and should be interpreted on its own date.
Project development records,State,Michigan,Operating,1.0,facilities/projects,2026-03-26,FracTracker Alliance U.S. Data Centers Tracker,https://fractracker.org/2026/04/open-u-s-data-centers-tracker/,State snapshot predates the national June update and should be interpreted on its own date.
Project development records,State,Michigan,Proposed,9.0,facilities/projects,2026-03-26,FracTracker Alliance U.S. Data Centers Tracker,https://fractracker.org/2026/04/open-u-s-data-centers-tracker/,State snapshot predates the national June update and should be interpreted on its own date.
Project development records,State,Michigan,Suspended,4.0,facilities/projects,2026-03-26,FracTracker Alliance U.S. Data Centers Tracker,https://fractracker.org/2026/04/open-u-s-data-centers-tracker/,State snapshot predates the national June update and should be interpreted on its own date.
Project development records,State,Michigan,Total,20.0,facilities/projects,2026-03-26,FracTracker Alliance U.S. Data Centers Tracker,https://fractracker.org/2026/04/open-u-s-data-centers-tracker/,State snapshot predates the national June update and should be interpreted on its own date.
Project development records,State,Minnesota,Active Pipeline,8.0,facilities/projects,2026-03-26,FracTracker Alliance U.S. Data Centers Tracker,https://fractracker.org/2026/04/open-u-s-data-centers-tracker/,State snapshot predates the national June update and should be interpreted on its own date.
Project development records,State,Minnesota,Approved or Under Construction,1.0,facilities/projects,2026-03-26,FracTracker Alliance U.S. Data Centers Tracker,https://fractracker.org/2026/04/open-u-s-data-centers-tracker/,State snapshot predates the national June update and should be interpreted on its own date.
Project development records,State,Minnesota,Cancelled,0.0,facilities/projects,2026-03-26,FracTracker Alliance U.S. Data Centers Tracker,https://fractracker.org/2026/04/open-u-s-data-centers-tracker/,State snapshot predates the national June update and should be interpreted on its own date.
Project development records,State,Minnesota,Expanding,0.0,facilities/projects,2026-03-26,FracTracker Alliance U.S. Data Centers Tracker,https://fractracker.org/2026/04/open-u-s-data-centers-tracker/,State snapshot predates the national June update and should be interpreted on its own date.
Project development records,State,Minnesota,Operating,0.0,facilities/projects,2026-03-26,FracTracker Alliance U.S. Data Centers Tracker,https://fractracker.org/2026/04/open-u-s-data-centers-tracker/,State snapshot predates the national June update and should be interpreted on its own date.
Project development records,State,Minnesota,Proposed,7.0,facilities/projects,2026-03-26,FracTracker Alliance U.S. Data Centers Tracker,https://fractracker.org/2026/04/open-u-s-data-centers-tracker/,State snapshot predates the national June update and should be interpreted on its own date.
Project development records,State,Minnesota,Suspended,2.0,facilities/projects,2026-03-26,FracTracker Alliance U.S. Data Centers Tracker,https://fractracker.org/2026/04/open-u-s-data-centers-tracker/,State snapshot predates the national June update and should be interpreted on its own date.
Project development records,State,Minnesota,Total,10.0,facilities/projects,2026-03-26,FracTracker Alliance U.S. Data Centers Tracker,https://fractracker.org/2026/04/open-u-s-data-centers-tracker/,State snapshot predates the national June update and should be interpreted on its own date.
Project development records,State,Mississippi,Active Pipeline,6.0,facilities/projects,2026-03-26,FracTracker Alliance U.S. Data Centers Tracker,https://fractracker.org/2026/04/open-u-s-data-centers-tracker/,State snapshot predates the national June update and should be interpreted on its own date.
Project development records,State,Mississippi,Approved or Under Construction,2.0,facilities/projects,2026-03-26,FracTracker Alliance U.S. Data Centers Tracker,https://fractracker.org/2026/04/open-u-s-data-centers-tracker/,State snapshot predates the national June update and should be interpreted on its own date.
Project development records,State,Mississippi,Cancelled,0.0,facilities/projects,2026-03-26,FracTracker Alliance U.S. Data Centers Tracker,https://fractracker.org/2026/04/open-u-s-data-centers-tracker/,State snapshot predates the national June update and should be interpreted on its own date.
Project development records,State,Mississippi,Expanding,0.0,facilities/projects,2026-03-26,FracTracker Alliance U.S. Data Centers Tracker,https://fractracker.org/2026/04/open-u-s-data-centers-tracker/,State snapshot predates the national June update and should be interpreted on its own date.
Project development records,State,Mississippi,Operating,1.0,facilities/projects,2026-03-26,FracTracker Alliance U.S. Data Centers Tracker,https://fractracker.org/2026/04/open-u-s-data-centers-tracker/,State snapshot predates the national June update and should be interpreted on its own date.
Project development records,State,Mississippi,Proposed,4.0,facilities/projects,2026-03-26,FracTracker Alliance U.S. Data Centers Tracker,https://fractracker.org/2026/04/open-u-s-data-centers-tracker/,State snapshot predates the national June update and should be interpreted on its own date.
Project development records,State,Mississippi,Suspended,0.0,facilities/projects,2026-03-26,FracTracker Alliance U.S. Data Centers Tracker,https://fractracker.org/2026/04/open-u-s-data-centers-tracker/,State snapshot predates the national June update and should be interpreted on its own date.
Project development records,State,Mississippi,Total,7.0,facilities/projects,2026-03-26,FracTracker Alliance U.S. Data Centers Tracker,https://fractracker.org/2026/04/open-u-s-data-centers-tracker/,State snapshot predates the national June update and should be interpreted on its own date.
Project development records,State,Missouri,Active Pipeline,14.0,facilities/projects,2026-03-26,FracTracker Alliance U.S. Data Centers Tracker,https://fractracker.org/2026/04/open-u-s-data-centers-tracker/,State snapshot predates the national June update and should be interpreted on its own date.
Project development records,State,Missouri,Approved or Under Construction,2.0,facilities/projects,2026-03-26,FracTracker Alliance U.S. Data Centers Tracker,https://fractracker.org/2026/04/open-u-s-data-centers-tracker/,State snapshot predates the national June update and should be interpreted on its own date.
Project development records,State,Missouri,Cancelled,1.0,facilities/projects,2026-03-26,FracTracker Alliance U.S. Data Centers Tracker,https://fractracker.org/2026/04/open-u-s-data-centers-tracker/,State snapshot predates the national June update and should be interpreted on its own date.
Project development records,State,Missouri,Expanding,0.0,facilities/projects,2026-03-26,FracTracker Alliance U.S. Data Centers Tracker,https://fractracker.org/2026/04/open-u-s-data-centers-tracker/,State snapshot predates the national June update and should be interpreted on its own date.
Project development records,State,Missouri,Operating,4.0,facilities/projects,2026-03-26,FracTracker Alliance U.S. Data Centers Tracker,https://fractracker.org/2026/04/open-u-s-data-centers-tracker/,State snapshot predates the national June update and should be interpreted on its own date.
Project development records,State,Missouri,Proposed,12.0,facilities/projects,2026-03-26,FracTracker Alliance U.S. Data Centers Tracker,https://fractracker.org/2026/04/open-u-s-data-centers-tracker/,State snapshot predates the national June update and should be interpreted on its own date.
Project development records,State,Missouri,Suspended,0.0,facilities/projects,2026-03-26,FracTracker Alliance U.S. Data Centers Tracker,https://fractracker.org/2026/04/open-u-s-data-centers-tracker/,State snapshot predates the national June update and should be interpreted on its own date.
Project development records,State,Missouri,Total,19.0,facilities/projects,2026-03-26,FracTracker Alliance U.S. Data Centers Tracker,https://fractracker.org/2026/04/open-u-s-data-centers-tracker/,State snapshot predates the national June update and should be interpreted on its own date.
Project development records,State,Montana,Active Pipeline,3.0,facilities/projects,2026-03-26,FracTracker Alliance U.S. Data Centers Tracker,https://fractracker.org/2026/04/open-u-s-data-centers-tracker/,State snapshot predates the national June update and should be interpreted on its own date.
Project development records,State,Montana,Approved or Under Construction,0.0,facilities/projects,2026-03-26,FracTracker Alliance U.S. Data Centers Tracker,https://fractracker.org/2026/04/open-u-s-data-centers-tracker/,State snapshot predates the national June update and should be interpreted on its own date.
Project development records,State,Montana,Cancelled,0.0,facilities/projects,2026-03-26,FracTracker Alliance U.S. Data Centers Tracker,https://fractracker.org/2026/04/open-u-s-data-centers-tracker/,State snapshot predates the national June update and should be interpreted on its own date.
Project development records,State,Montana,Expanding,0.0,facilities/projects,2026-03-26,FracTracker Alliance U.S. Data Centers Tracker,https://fractracker.org/2026/04/open-u-s-data-centers-tracker/,State snapshot predates the national June update and should be interpreted on its own date.
Project development records,State,Montana,Operating,0.0,facilities/projects,2026-03-26,FracTracker Alliance U.S. Data Centers Tracker,https://fractracker.org/2026/04/open-u-s-data-centers-tracker/,State snapshot predates the national June update and should be interpreted on its own date.
Project development records,State,Montana,Proposed,3.0,facilities/projects,2026-03-26,FracTracker Alliance U.S. Data Centers Tracker,https://fractracker.org/2026/04/open-u-s-data-centers-tracker/,State snapshot predates the national June update and should be interpreted on its own date.
Project development records,State,Montana,Suspended,0.0,facilities/projects,2026-03-26,FracTracker Alliance U.S. Data Centers Tracker,https://fractracker.org/2026/04/open-u-s-data-centers-tracker/,State snapshot predates the national June update and should be interpreted on its own date.
Project development records,State,Montana,Total,3.0,facilities/projects,2026-03-26,FracTracker Alliance U.S. Data Centers Tracker,https://fractracker.org/2026/04/open-u-s-data-centers-tracker/,State snapshot predates the national June update and should be interpreted on its own date.
Project development records,State,Nebraska,Active Pipeline,2.0,facilities/projects,2026-03-26,FracTracker Alliance U.S. Data Centers Tracker,https://fractracker.org/2026/04/open-u-s-data-centers-tracker/,State snapshot predates the national June update and should be interpreted on its own date.
Project development records,State,Nebraska,Approved or Under Construction,1.0,facilities/projects,2026-03-26,FracTracker Alliance U.S. Data Centers Tracker,https://fractracker.org/2026/04/open-u-s-data-centers-tracker/,State snapshot predates the national June update and should be interpreted on its own date.
Project development records,State,Nebraska,Cancelled,0.0,facilities/projects,2026-03-26,FracTracker Alliance U.S. Data Centers Tracker,https://fractracker.org/2026/04/open-u-s-data-centers-tracker/,State snapshot predates the national June update and should be interpreted on its own date.
Project development records,State,Nebraska,Expanding,0.0,facilities/projects,2026-03-26,FracTracker Alliance U.S. Data Centers Tracker,https://fractracker.org/2026/04/open-u-s-data-centers-tracker/,State snapshot predates the national June update and should be interpreted on its own date.
Project development records,State,Nebraska,Operating,6.0,facilities/projects,2026-03-26,FracTracker Alliance U.S. Data Centers Tracker,https://fractracker.org/2026/04/open-u-s-data-centers-tracker/,State snapshot predates the national June update and should be interpreted on its own date.
Project development records,State,Nebraska,Proposed,1.0,facilities/projects,2026-03-26,FracTracker Alliance U.S. Data Centers Tracker,https://fractracker.org/2026/04/open-u-s-data-centers-tracker/,State snapshot predates the national June update and should be interpreted on its own date.
Project development records,State,Nebraska,Suspended,0.0,facilities/projects,2026-03-26,FracTracker Alliance U.S. Data Centers Tracker,https://fractracker.org/2026/04/open-u-s-data-centers-tracker/,State snapshot predates the national June update and should be interpreted on its own date.
Project development records,State,Nebraska,Total,8.0,facilities/projects,2026-03-26,FracTracker Alliance U.S. Data Centers Tracker,https://fractracker.org/2026/04/open-u-s-data-centers-tracker/,State snapshot predates the national June update and should be interpreted on its own date.
Project development records,State,Nevada,Active Pipeline,10.0,facilities/projects,2026-03-26,FracTracker Alliance U.S. Data Centers Tracker,https://fractracker.org/2026/04/open-u-s-data-centers-tracker/,State snapshot predates the national June update and should be interpreted on its own date.
Project development records,State,Nevada,Approved or Under Construction,3.0,facilities/projects,2026-03-26,FracTracker Alliance U.S. Data Centers Tracker,https://fractracker.org/2026/04/open-u-s-data-centers-tracker/,State snapshot predates the national June update and should be interpreted on its own date.
Project development records,State,Nevada,Cancelled,0.0,facilities/projects,2026-03-26,FracTracker Alliance U.S. Data Centers Tracker,https://fractracker.org/2026/04/open-u-s-data-centers-tracker/,State snapshot predates the national June update and should be interpreted on its own date.
Project development records,State,Nevada,Expanding,0.0,facilities/projects,2026-03-26,FracTracker Alliance U.S. Data Centers Tracker,https://fractracker.org/2026/04/open-u-s-data-centers-tracker/,State snapshot predates the national June update and should be interpreted on its own date.
Project development records,State,Nevada,Operating,4.0,facilities/projects,2026-03-26,FracTracker Alliance U.S. Data Centers Tracker,https://fractracker.org/2026/04/open-u-s-data-centers-tracker/,State snapshot predates the national June update and should be interpreted on its own date.
Project development records,State,Nevada,Proposed,7.0,facilities/projects,2026-03-26,FracTracker Alliance U.S. Data Centers Tracker,https://fractracker.org/2026/04/open-u-s-data-centers-tracker/,State snapshot predates the national June update and should be interpreted on its own date.
Project development records,State,Nevada,Suspended,0.0,facilities/projects,2026-03-26,FracTracker Alliance U.S. Data Centers Tracker,https://fractracker.org/2026/04/open-u-s-data-centers-tracker/,State snapshot predates the national June update and should be interpreted on its own date.
Project development records,State,Nevada,Total,14.0,facilities/projects,2026-03-26,FracTracker Alliance U.S. Data Centers Tracker,https://fractracker.org/2026/04/open-u-s-data-centers-tracker/,State snapshot predates the national June update and should be interpreted on its own date.
Project development records,State,New Hampshire,Active Pipeline,0.0,facilities/projects,2026-03-26,FracTracker Alliance U.S. Data Centers Tracker,https://fractracker.org/2026/04/open-u-s-data-centers-tracker/,State snapshot predates the national June update and should be interpreted on its own date.
Project development records,State,New Hampshire,Approved or Under Construction,0.0,facilities/projects,2026-03-26,FracTracker Alliance U.S. Data Centers Tracker,https://fractracker.org/2026/04/open-u-s-data-centers-tracker/,State snapshot predates the national June update and should be interpreted on its own date.
Project development records,State,New Hampshire,Cancelled,0.0,facilities/projects,2026-03-26,FracTracker Alliance U.S. Data Centers Tracker,https://fractracker.org/2026/04/open-u-s-data-centers-tracker/,State snapshot predates the national June update and should be interpreted on its own date.
Project development records,State,New Hampshire,Expanding,0.0,facilities/projects,2026-03-26,FracTracker Alliance U.S. Data Centers Tracker,https://fractracker.org/2026/04/open-u-s-data-centers-tracker/,State snapshot predates the national June update and should be interpreted on its own date.
Project development records,State,New Hampshire,Operating,1.0,facilities/projects,2026-03-26,FracTracker Alliance U.S. Data Centers Tracker,https://fractracker.org/2026/04/open-u-s-data-centers-tracker/,State snapshot predates the national June update and should be interpreted on its own date.
Project development records,State,New Hampshire,Proposed,0.0,facilities/projects,2026-03-26,FracTracker Alliance U.S. Data Centers Tracker,https://fractracker.org/2026/04/open-u-s-data-centers-tracker/,State snapshot predates the national June update and should be interpreted on its own date.
Project development records,State,New Hampshire,Suspended,0.0,facilities/projects,2026-03-26,FracTracker Alliance U.S. Data Centers Tracker,https://fractracker.org/2026/04/open-u-s-data-centers-tracker/,State snapshot predates the national June update and should be interpreted on its own date.
Project development records,State,New Hampshire,Total,1.0,facilities/projects,2026-03-26,FracTracker Alliance U.S. Data Centers Tracker,https://fractracker.org/2026/04/open-u-s-data-centers-tracker/,State snapshot predates the national June update and should be interpreted on its own date.
Project development records,State,New Jersey,Active Pipeline,5.0,facilities/projects,2026-03-26,FracTracker Alliance U.S. Data Centers Tracker,https://fractracker.org/2026/04/open-u-s-data-centers-tracker/,State snapshot predates the national June update and should be interpreted on its own date.
Project development records,State,New Jersey,Approved or Under Construction,1.0,facilities/projects,2026-03-26,FracTracker Alliance U.S. Data Centers Tracker,https://fractracker.org/2026/04/open-u-s-data-centers-tracker/,State snapshot predates the national June update and should be interpreted on its own date.
Project development records,State,New Jersey,Cancelled,2.0,facilities/projects,2026-03-26,FracTracker Alliance U.S. Data Centers Tracker,https://fractracker.org/2026/04/open-u-s-data-centers-tracker/,State snapshot predates the national June update and should be interpreted on its own date.
Project development records,State,New Jersey,Expanding,0.0,facilities/projects,2026-03-26,FracTracker Alliance U.S. Data Centers Tracker,https://fractracker.org/2026/04/open-u-s-data-centers-tracker/,State snapshot predates the national June update and should be interpreted on its own date.
Project development records,State,New Jersey,Operating,3.0,facilities/projects,2026-03-26,FracTracker Alliance U.S. Data Centers Tracker,https://fractracker.org/2026/04/open-u-s-data-centers-tracker/,State snapshot predates the national June update and should be interpreted on its own date.
Project development records,State,New Jersey,Proposed,4.0,facilities/projects,2026-03-26,FracTracker Alliance U.S. Data Centers Tracker,https://fractracker.org/2026/04/open-u-s-data-centers-tracker/,State snapshot predates the national June update and should be interpreted on its own date.
Project development records,State,New Jersey,Suspended,0.0,facilities/projects,2026-03-26,FracTracker Alliance U.S. Data Centers Tracker,https://fractracker.org/2026/04/open-u-s-data-centers-tracker/,State snapshot predates the national June update and should be interpreted on its own date.
Project development records,State,New Jersey,Total,10.0,facilities/projects,2026-03-26,FracTracker Alliance U.S. Data Centers Tracker,https://fractracker.org/2026/04/open-u-s-data-centers-tracker/,State snapshot predates the national June update and should be interpreted on its own date.
Project development records,State,New Mexico,Active Pipeline,3.0,facilities/projects,2026-03-26,FracTracker Alliance U.S. Data Centers Tracker,https://fractracker.org/2026/04/open-u-s-data-centers-tracker/,State snapshot predates the national June update and should be interpreted on its own date.
Project development records,State,New Mexico,Approved or Under Construction,1.0,facilities/projects,2026-03-26,FracTracker Alliance U.S. Data Centers Tracker,https://fractracker.org/2026/04/open-u-s-data-centers-tracker/,State snapshot predates the national June update and should be interpreted on its own date.
Project development records,State,New Mexico,Cancelled,0.0,facilities/projects,2026-03-26,FracTracker Alliance U.S. Data Centers Tracker,https://fractracker.org/2026/04/open-u-s-data-centers-tracker/,State snapshot predates the national June update and should be interpreted on its own date.
Project development records,State,New Mexico,Expanding,0.0,facilities/projects,2026-03-26,FracTracker Alliance U.S. Data Centers Tracker,https://fractracker.org/2026/04/open-u-s-data-centers-tracker/,State snapshot predates the national June update and should be interpreted on its own date.
Project development records,State,New Mexico,Operating,5.0,facilities/projects,2026-03-26,FracTracker Alliance U.S. Data Centers Tracker,https://fractracker.org/2026/04/open-u-s-data-centers-tracker/,State snapshot predates the national June update and should be interpreted on its own date.
Project development records,State,New Mexico,Proposed,2.0,facilities/projects,2026-03-26,FracTracker Alliance U.S. Data Centers Tracker,https://fractracker.org/2026/04/open-u-s-data-centers-tracker/,State snapshot predates the national June update and should be interpreted on its own date.
Project development records,State,New Mexico,Suspended,0.0,facilities/projects,2026-03-26,FracTracker Alliance U.S. Data Centers Tracker,https://fractracker.org/2026/04/open-u-s-data-centers-tracker/,State snapshot predates the national June update and should be interpreted on its own date.
Project development records,State,New Mexico,Total,8.0,facilities/projects,2026-03-26,FracTracker Alliance U.S. Data Centers Tracker,https://fractracker.org/2026/04/open-u-s-data-centers-tracker/,State snapshot predates the national June update and should be interpreted on its own date.
Project development records,State,New York,Active Pipeline,13.0,facilities/projects,2026-03-26,FracTracker Alliance U.S. Data Centers Tracker,https://fractracker.org/2026/04/open-u-s-data-centers-tracker/,State snapshot predates the national June update and should be interpreted on its own date.
Project development records,State,New York,Approved or Under Construction,1.0,facilities/projects,2026-03-26,FracTracker Alliance U.S. Data Centers Tracker,https://fractracker.org/2026/04/open-u-s-data-centers-tracker/,State snapshot predates the national June update and should be interpreted on its own date.
Project development records,State,New York,Cancelled,2.0,facilities/projects,2026-03-26,FracTracker Alliance U.S. Data Centers Tracker,https://fractracker.org/2026/04/open-u-s-data-centers-tracker/,State snapshot predates the national June update and should be interpreted on its own date.
Project development records,State,New York,Expanding,0.0,facilities/projects,2026-03-26,FracTracker Alliance U.S. Data Centers Tracker,https://fractracker.org/2026/04/open-u-s-data-centers-tracker/,State snapshot predates the national June update and should be interpreted on its own date.
Project development records,State,New York,Operating,16.0,facilities/projects,2026-03-26,FracTracker Alliance U.S. Data Centers Tracker,https://fractracker.org/2026/04/open-u-s-data-centers-tracker/,State snapshot predates the national June update and should be interpreted on its own date.
Project development records,State,New York,Proposed,12.0,facilities/projects,2026-03-26,FracTracker Alliance U.S. Data Centers Tracker,https://fractracker.org/2026/04/open-u-s-data-centers-tracker/,State snapshot predates the national June update and should be interpreted on its own date.
Project development records,State,New York,Suspended,1.0,facilities/projects,2026-03-26,FracTracker Alliance U.S. Data Centers Tracker,https://fractracker.org/2026/04/open-u-s-data-centers-tracker/,State snapshot predates the national June update and should be interpreted on its own date.
Project development records,State,New York,Total,32.0,facilities/projects,2026-03-26,FracTracker Alliance U.S. Data Centers Tracker,https://fractracker.org/2026/04/open-u-s-data-centers-tracker/,State snapshot predates the national June update and should be interpreted on its own date.
Project development records,State,North Carolina,Active Pipeline,15.0,facilities/projects,2026-03-26,FracTracker Alliance U.S. Data Centers Tracker,https://fractracker.org/2026/04/open-u-s-data-centers-tracker/,State snapshot predates the national June update and should be interpreted on its own date.
Project development records,State,North Carolina,Approved or Under Construction,1.0,facilities/projects,2026-03-26,FracTracker Alliance U.S. Data Centers Tracker,https://fractracker.org/2026/04/open-u-s-data-centers-tracker/,State snapshot predates the national June update and should be interpreted on its own date.
Project development records,State,North Carolina,Cancelled,3.0,facilities/projects,2026-03-26,FracTracker Alliance U.S. Data Centers Tracker,https://fractracker.org/2026/04/open-u-s-data-centers-tracker/,State snapshot predates the national June update and should be interpreted on its own date.
Project development records,State,North Carolina,Expanding,0.0,facilities/projects,2026-03-26,FracTracker Alliance U.S. Data Centers Tracker,https://fractracker.org/2026/04/open-u-s-data-centers-tracker/,State snapshot predates the national June update and should be interpreted on its own date.
Project development records,State,North Carolina,Operating,6.0,facilities/projects,2026-03-26,FracTracker Alliance U.S. Data Centers Tracker,https://fractracker.org/2026/04/open-u-s-data-centers-tracker/,State snapshot predates the national June update and should be interpreted on its own date.
Project development records,State,North Carolina,Proposed,14.0,facilities/projects,2026-03-26,FracTracker Alliance U.S. Data Centers Tracker,https://fractracker.org/2026/04/open-u-s-data-centers-tracker/,State snapshot predates the national June update and should be interpreted on its own date.
Project development records,State,North Carolina,Suspended,1.0,facilities/projects,2026-03-26,FracTracker Alliance U.S. Data Centers Tracker,https://fractracker.org/2026/04/open-u-s-data-centers-tracker/,State snapshot predates the national June update and should be interpreted on its own date.
Project development records,State,North Carolina,Total,25.0,facilities/projects,2026-03-26,FracTracker Alliance U.S. Data Centers Tracker,https://fractracker.org/2026/04/open-u-s-data-centers-tracker/,State snapshot predates the national June update and should be interpreted on its own date.
Project development records,State,North Dakota,Active Pipeline,2.0,facilities/projects,2026-03-26,FracTracker Alliance U.S. Data Centers Tracker,https://fractracker.org/2026/04/open-u-s-data-centers-tracker/,State snapshot predates the national June update and should be interpreted on its own date.
Project development records,State,North Dakota,Approved or Under Construction,1.0,facilities/projects,2026-03-26,FracTracker Alliance U.S. Data Centers Tracker,https://fractracker.org/2026/04/open-u-s-data-centers-tracker/,State snapshot predates the national June update and should be interpreted on its own date.
Project development records,State,North Dakota,Cancelled,0.0,facilities/projects,2026-03-26,FracTracker Alliance U.S. Data Centers Tracker,https://fractracker.org/2026/04/open-u-s-data-centers-tracker/,State snapshot predates the national June update and should be interpreted on its own date.
Project development records,State,North Dakota,Expanding,0.0,facilities/projects,2026-03-26,FracTracker Alliance U.S. Data Centers Tracker,https://fractracker.org/2026/04/open-u-s-data-centers-tracker/,State snapshot predates the national June update and should be interpreted on its own date.
Project development records,State,North Dakota,Operating,4.0,facilities/projects,2026-03-26,FracTracker Alliance U.S. Data Centers Tracker,https://fractracker.org/2026/04/open-u-s-data-centers-tracker/,State snapshot predates the national June update and should be interpreted on its own date.
Project development records,State,North Dakota,Proposed,1.0,facilities/projects,2026-03-26,FracTracker Alliance U.S. Data Centers Tracker,https://fractracker.org/2026/04/open-u-s-data-centers-tracker/,State snapshot predates the national June update and should be interpreted on its own date.
Project development records,State,North Dakota,Suspended,0.0,facilities/projects,2026-03-26,FracTracker Alliance U.S. Data Centers Tracker,https://fractracker.org/2026/04/open-u-s-data-centers-tracker/,State snapshot predates the national June update and should be interpreted on its own date.
Project development records,State,North Dakota,Total,6.0,facilities/projects,2026-03-26,FracTracker Alliance U.S. Data Centers Tracker,https://fractracker.org/2026/04/open-u-s-data-centers-tracker/,State snapshot predates the national June update and should be interpreted on its own date.
Project development records,State,Ohio,Active Pipeline,32.0,facilities/projects,2026-03-26,FracTracker Alliance U.S. Data Centers Tracker,https://fractracker.org/2026/04/open-u-s-data-centers-tracker/,State snapshot predates the national June update and should be interpreted on its own date.
Project development records,State,Ohio,Approved or Under Construction,4.0,facilities/projects,2026-03-26,FracTracker Alliance U.S. Data Centers Tracker,https://fractracker.org/2026/04/open-u-s-data-centers-tracker/,State snapshot predates the national June update and should be interpreted on its own date.
Project development records,State,Ohio,Cancelled,1.0,facilities/projects,2026-03-26,FracTracker Alliance U.S. Data Centers Tracker,https://fractracker.org/2026/04/open-u-s-data-centers-tracker/,State snapshot predates the national June update and should be interpreted on its own date.
Project development records,State,Ohio,Expanding,0.0,facilities/projects,2026-03-26,FracTracker Alliance U.S. Data Centers Tracker,https://fractracker.org/2026/04/open-u-s-data-centers-tracker/,State snapshot predates the national June update and should be interpreted on its own date.
Project development records,State,Ohio,Operating,16.0,facilities/projects,2026-03-26,FracTracker Alliance U.S. Data Centers Tracker,https://fractracker.org/2026/04/open-u-s-data-centers-tracker/,State snapshot predates the national June update and should be interpreted on its own date.
Project development records,State,Ohio,Proposed,28.0,facilities/projects,2026-03-26,FracTracker Alliance U.S. Data Centers Tracker,https://fractracker.org/2026/04/open-u-s-data-centers-tracker/,State snapshot predates the national June update and should be interpreted on its own date.
Project development records,State,Ohio,Suspended,3.0,facilities/projects,2026-03-26,FracTracker Alliance U.S. Data Centers Tracker,https://fractracker.org/2026/04/open-u-s-data-centers-tracker/,State snapshot predates the national June update and should be interpreted on its own date.
Project development records,State,Ohio,Total,52.0,facilities/projects,2026-03-26,FracTracker Alliance U.S. Data Centers Tracker,https://fractracker.org/2026/04/open-u-s-data-centers-tracker/,State snapshot predates the national June update and should be interpreted on its own date.
Project development records,State,Oklahoma,Active Pipeline,6.0,facilities/projects,2026-03-26,FracTracker Alliance U.S. Data Centers Tracker,https://fractracker.org/2026/04/open-u-s-data-centers-tracker/,State snapshot predates the national June update and should be interpreted on its own date.
Project development records,State,Oklahoma,Approved or Under Construction,3.0,facilities/projects,2026-03-26,FracTracker Alliance U.S. Data Centers Tracker,https://fractracker.org/2026/04/open-u-s-data-centers-tracker/,State snapshot predates the national June update and should be interpreted on its own date.
Project development records,State,Oklahoma,Cancelled,0.0,facilities/projects,2026-03-26,FracTracker Alliance U.S. Data Centers Tracker,https://fractracker.org/2026/04/open-u-s-data-centers-tracker/,State snapshot predates the national June update and should be interpreted on its own date.
Project development records,State,Oklahoma,Expanding,0.0,facilities/projects,2026-03-26,FracTracker Alliance U.S. Data Centers Tracker,https://fractracker.org/2026/04/open-u-s-data-centers-tracker/,State snapshot predates the national June update and should be interpreted on its own date.
Project development records,State,Oklahoma,Operating,5.0,facilities/projects,2026-03-26,FracTracker Alliance U.S. Data Centers Tracker,https://fractracker.org/2026/04/open-u-s-data-centers-tracker/,State snapshot predates the national June update and should be interpreted on its own date.
Project development records,State,Oklahoma,Proposed,3.0,facilities/projects,2026-03-26,FracTracker Alliance U.S. Data Centers Tracker,https://fractracker.org/2026/04/open-u-s-data-centers-tracker/,State snapshot predates the national June update and should be interpreted on its own date.
Project development records,State,Oklahoma,Suspended,0.0,facilities/projects,2026-03-26,FracTracker Alliance U.S. Data Centers Tracker,https://fractracker.org/2026/04/open-u-s-data-centers-tracker/,State snapshot predates the national June update and should be interpreted on its own date.
Project development records,State,Oklahoma,Total,11.0,facilities/projects,2026-03-26,FracTracker Alliance U.S. Data Centers Tracker,https://fractracker.org/2026/04/open-u-s-data-centers-tracker/,State snapshot predates the national June update and should be interpreted on its own date.
Project development records,State,Oregon,Active Pipeline,7.0,facilities/projects,2026-03-26,FracTracker Alliance U.S. Data Centers Tracker,https://fractracker.org/2026/04/open-u-s-data-centers-tracker/,State snapshot predates the national June update and should be interpreted on its own date.
Project development records,State,Oregon,Approved or Under Construction,1.0,facilities/projects,2026-03-26,FracTracker Alliance U.S. Data Centers Tracker,https://fractracker.org/2026/04/open-u-s-data-centers-tracker/,State snapshot predates the national June update and should be interpreted on its own date.
Project development records,State,Oregon,Cancelled,1.0,facilities/projects,2026-03-26,FracTracker Alliance U.S. Data Centers Tracker,https://fractracker.org/2026/04/open-u-s-data-centers-tracker/,State snapshot predates the national June update and should be interpreted on its own date.
Project development records,State,Oregon,Expanding,2.0,facilities/projects,2026-03-26,FracTracker Alliance U.S. Data Centers Tracker,https://fractracker.org/2026/04/open-u-s-data-centers-tracker/,State snapshot predates the national June update and should be interpreted on its own date.
Project development records,State,Oregon,Operating,9.0,facilities/projects,2026-03-26,FracTracker Alliance U.S. Data Centers Tracker,https://fractracker.org/2026/04/open-u-s-data-centers-tracker/,State snapshot predates the national June update and should be interpreted on its own date.
Project development records,State,Oregon,Proposed,4.0,facilities/projects,2026-03-26,FracTracker Alliance U.S. Data Centers Tracker,https://fractracker.org/2026/04/open-u-s-data-centers-tracker/,State snapshot predates the national June update and should be interpreted on its own date.
Project development records,State,Oregon,Suspended,0.0,facilities/projects,2026-03-26,FracTracker Alliance U.S. Data Centers Tracker,https://fractracker.org/2026/04/open-u-s-data-centers-tracker/,State snapshot predates the national June update and should be interpreted on its own date.
Project development records,State,Oregon,Total,17.0,facilities/projects,2026-03-26,FracTracker Alliance U.S. Data Centers Tracker,https://fractracker.org/2026/04/open-u-s-data-centers-tracker/,State snapshot predates the national June update and should be interpreted on its own date.
Project development records,State,Pennsylvania,Active Pipeline,42.0,facilities/projects,2026-03-26,FracTracker Alliance U.S. Data Centers Tracker,https://fractracker.org/2026/04/open-u-s-data-centers-tracker/,State snapshot predates the national June update and should be interpreted on its own date.
Project development records,State,Pennsylvania,Approved or Under Construction,0.0,facilities/projects,2026-03-26,FracTracker Alliance U.S. Data Centers Tracker,https://fractracker.org/2026/04/open-u-s-data-centers-tracker/,State snapshot predates the national June update and should be interpreted on its own date.
Project development records,State,Pennsylvania,Cancelled,3.0,facilities/projects,2026-03-26,FracTracker Alliance U.S. Data Centers Tracker,https://fractracker.org/2026/04/open-u-s-data-centers-tracker/,State snapshot predates the national June update and should be interpreted on its own date.
Project development records,State,Pennsylvania,Expanding,2.0,facilities/projects,2026-03-26,FracTracker Alliance U.S. Data Centers Tracker,https://fractracker.org/2026/04/open-u-s-data-centers-tracker/,State snapshot predates the national June update and should be interpreted on its own date.
Project development records,State,Pennsylvania,Operating,43.0,facilities/projects,2026-03-26,FracTracker Alliance U.S. Data Centers Tracker,https://fractracker.org/2026/04/open-u-s-data-centers-tracker/,State snapshot predates the national June update and should be interpreted on its own date.
Project development records,State,Pennsylvania,Proposed,40.0,facilities/projects,2026-03-26,FracTracker Alliance U.S. Data Centers Tracker,https://fractracker.org/2026/04/open-u-s-data-centers-tracker/,State snapshot predates the national June update and should be interpreted on its own date.
Project development records,State,Pennsylvania,Suspended,4.0,facilities/projects,2026-03-26,FracTracker Alliance U.S. Data Centers Tracker,https://fractracker.org/2026/04/open-u-s-data-centers-tracker/,State snapshot predates the national June update and should be interpreted on its own date.
Project development records,State,Pennsylvania,Total,92.0,facilities/projects,2026-03-26,FracTracker Alliance U.S. Data Centers Tracker,https://fractracker.org/2026/04/open-u-s-data-centers-tracker/,State snapshot predates the national June update and should be interpreted on its own date.
Project development records,State,Rhode Island,Active Pipeline,0.0,facilities/projects,2026-03-26,FracTracker Alliance U.S. Data Centers Tracker,https://fractracker.org/2026/04/open-u-s-data-centers-tracker/,State snapshot predates the national June update and should be interpreted on its own date.
Project development records,State,Rhode Island,Approved or Under Construction,0.0,facilities/projects,2026-03-26,FracTracker Alliance U.S. Data Centers Tracker,https://fractracker.org/2026/04/open-u-s-data-centers-tracker/,State snapshot predates the national June update and should be interpreted on its own date.
Project development records,State,Rhode Island,Cancelled,0.0,facilities/projects,2026-03-26,FracTracker Alliance U.S. Data Centers Tracker,https://fractracker.org/2026/04/open-u-s-data-centers-tracker/,State snapshot predates the national June update and should be interpreted on its own date.
Project development records,State,Rhode Island,Expanding,0.0,facilities/projects,2026-03-26,FracTracker Alliance U.S. Data Centers Tracker,https://fractracker.org/2026/04/open-u-s-data-centers-tracker/,State snapshot predates the national June update and should be interpreted on its own date.
Project development records,State,Rhode Island,Operating,0.0,facilities/projects,2026-03-26,FracTracker Alliance U.S. Data Centers Tracker,https://fractracker.org/2026/04/open-u-s-data-centers-tracker/,State snapshot predates the national June update and should be interpreted on its own date.
Project development records,State,Rhode Island,Proposed,0.0,facilities/projects,2026-03-26,FracTracker Alliance U.S. Data Centers Tracker,https://fractracker.org/2026/04/open-u-s-data-centers-tracker/,State snapshot predates the national June update and should be interpreted on its own date.
Project development records,State,Rhode Island,Suspended,0.0,facilities/projects,2026-03-26,FracTracker Alliance U.S. Data Centers Tracker,https://fractracker.org/2026/04/open-u-s-data-centers-tracker/,State snapshot predates the national June update and should be interpreted on its own date.
Project development records,State,Rhode Island,Total,0.0,facilities/projects,2026-03-26,FracTracker Alliance U.S. Data Centers Tracker,https://fractracker.org/2026/04/open-u-s-data-centers-tracker/,State snapshot predates the national June update and should be interpreted on its own date.
Project development records,State,South Carolina,Active Pipeline,5.0,facilities/projects,2026-03-26,FracTracker Alliance U.S. Data Centers Tracker,https://fractracker.org/2026/04/open-u-s-data-centers-tracker/,State snapshot predates the national June update and should be interpreted on its own date.
Project development records,State,South Carolina,Approved or Under Construction,1.0,facilities/projects,2026-03-26,FracTracker Alliance U.S. Data Centers Tracker,https://fractracker.org/2026/04/open-u-s-data-centers-tracker/,State snapshot predates the national June update and should be interpreted on its own date.
Project development records,State,South Carolina,Cancelled,1.0,facilities/projects,2026-03-26,FracTracker Alliance U.S. Data Centers Tracker,https://fractracker.org/2026/04/open-u-s-data-centers-tracker/,State snapshot predates the national June update and should be interpreted on its own date.
Project development records,State,South Carolina,Expanding,0.0,facilities/projects,2026-03-26,FracTracker Alliance U.S. Data Centers Tracker,https://fractracker.org/2026/04/open-u-s-data-centers-tracker/,State snapshot predates the national June update and should be interpreted on its own date.
Project development records,State,South Carolina,Operating,2.0,facilities/projects,2026-03-26,FracTracker Alliance U.S. Data Centers Tracker,https://fractracker.org/2026/04/open-u-s-data-centers-tracker/,State snapshot predates the national June update and should be interpreted on its own date.
Project development records,State,South Carolina,Proposed,4.0,facilities/projects,2026-03-26,FracTracker Alliance U.S. Data Centers Tracker,https://fractracker.org/2026/04/open-u-s-data-centers-tracker/,State snapshot predates the national June update and should be interpreted on its own date.
Project development records,State,South Carolina,Suspended,0.0,facilities/projects,2026-03-26,FracTracker Alliance U.S. Data Centers Tracker,https://fractracker.org/2026/04/open-u-s-data-centers-tracker/,State snapshot predates the national June update and should be interpreted on its own date.
Project development records,State,South Carolina,Total,8.0,facilities/projects,2026-03-26,FracTracker Alliance U.S. Data Centers Tracker,https://fractracker.org/2026/04/open-u-s-data-centers-tracker/,State snapshot predates the national June update and should be interpreted on its own date.
Project development records,State,South Dakota,Active Pipeline,2.0,facilities/projects,2026-03-26,FracTracker Alliance U.S. Data Centers Tracker,https://fractracker.org/2026/04/open-u-s-data-centers-tracker/,State snapshot predates the national June update and should be interpreted on its own date.
Project development records,State,South Dakota,Approved or Under Construction,0.0,facilities/projects,2026-03-26,FracTracker Alliance U.S. Data Centers Tracker,https://fractracker.org/2026/04/open-u-s-data-centers-tracker/,State snapshot predates the national June update and should be interpreted on its own date.
Project development records,State,South Dakota,Cancelled,0.0,facilities/projects,2026-03-26,FracTracker Alliance U.S. Data Centers Tracker,https://fractracker.org/2026/04/open-u-s-data-centers-tracker/,State snapshot predates the national June update and should be interpreted on its own date.
Project development records,State,South Dakota,Expanding,0.0,facilities/projects,2026-03-26,FracTracker Alliance U.S. Data Centers Tracker,https://fractracker.org/2026/04/open-u-s-data-centers-tracker/,State snapshot predates the national June update and should be interpreted on its own date.
Project development records,State,South Dakota,Operating,0.0,facilities/projects,2026-03-26,FracTracker Alliance U.S. Data Centers Tracker,https://fractracker.org/2026/04/open-u-s-data-centers-tracker/,State snapshot predates the national June update and should be interpreted on its own date.
Project development records,State,South Dakota,Proposed,2.0,facilities/projects,2026-03-26,FracTracker Alliance U.S. Data Centers Tracker,https://fractracker.org/2026/04/open-u-s-data-centers-tracker/,State snapshot predates the national June update and should be interpreted on its own date.
Project development records,State,South Dakota,Suspended,1.0,facilities/projects,2026-03-26,FracTracker Alliance U.S. Data Centers Tracker,https://fractracker.org/2026/04/open-u-s-data-centers-tracker/,State snapshot predates the national June update and should be interpreted on its own date.
Project development records,State,South Dakota,Total,3.0,facilities/projects,2026-03-26,FracTracker Alliance U.S. Data Centers Tracker,https://fractracker.org/2026/04/open-u-s-data-centers-tracker/,State snapshot predates the national June update and should be interpreted on its own date.
Project development records,State,Tennessee,Active Pipeline,5.0,facilities/projects,2026-03-26,FracTracker Alliance U.S. Data Centers Tracker,https://fractracker.org/2026/04/open-u-s-data-centers-tracker/,State snapshot predates the national June update and should be interpreted on its own date.
Project development records,State,Tennessee,Approved or Under Construction,0.0,facilities/projects,2026-03-26,FracTracker Alliance U.S. Data Centers Tracker,https://fractracker.org/2026/04/open-u-s-data-centers-tracker/,State snapshot predates the national June update and should be interpreted on its own date.
Project development records,State,Tennessee,Cancelled,0.0,facilities/projects,2026-03-26,FracTracker Alliance U.S. Data Centers Tracker,https://fractracker.org/2026/04/open-u-s-data-centers-tracker/,State snapshot predates the national June update and should be interpreted on its own date.
Project development records,State,Tennessee,Expanding,1.0,facilities/projects,2026-03-26,FracTracker Alliance U.S. Data Centers Tracker,https://fractracker.org/2026/04/open-u-s-data-centers-tracker/,State snapshot predates the national June update and should be interpreted on its own date.
Project development records,State,Tennessee,Operating,5.0,facilities/projects,2026-03-26,FracTracker Alliance U.S. Data Centers Tracker,https://fractracker.org/2026/04/open-u-s-data-centers-tracker/,State snapshot predates the national June update and should be interpreted on its own date.
Project development records,State,Tennessee,Proposed,4.0,facilities/projects,2026-03-26,FracTracker Alliance U.S. Data Centers Tracker,https://fractracker.org/2026/04/open-u-s-data-centers-tracker/,State snapshot predates the national June update and should be interpreted on its own date.
Project development records,State,Tennessee,Suspended,0.0,facilities/projects,2026-03-26,FracTracker Alliance U.S. Data Centers Tracker,https://fractracker.org/2026/04/open-u-s-data-centers-tracker/,State snapshot predates the national June update and should be interpreted on its own date.
Project development records,State,Tennessee,Total,10.0,facilities/projects,2026-03-26,FracTracker Alliance U.S. Data Centers Tracker,https://fractracker.org/2026/04/open-u-s-data-centers-tracker/,State snapshot predates the national June update and should be interpreted on its own date.
Project development records,State,Texas,Active Pipeline,105.0,facilities/projects,2026-03-26,FracTracker Alliance U.S. Data Centers Tracker,https://fractracker.org/2026/04/open-u-s-data-centers-tracker/,State snapshot predates the national June update and should be interpreted on its own date.
Project development records,State,Texas,Approved or Under Construction,26.0,facilities/projects,2026-03-26,FracTracker Alliance U.S. Data Centers Tracker,https://fractracker.org/2026/04/open-u-s-data-centers-tracker/,State snapshot predates the national June update and should be interpreted on its own date.
Project development records,State,Texas,Cancelled,0.0,facilities/projects,2026-03-26,FracTracker Alliance U.S. Data Centers Tracker,https://fractracker.org/2026/04/open-u-s-data-centers-tracker/,State snapshot predates the national June update and should be interpreted on its own date.
Project development records,State,Texas,Expanding,4.0,facilities/projects,2026-03-26,FracTracker Alliance U.S. Data Centers Tracker,https://fractracker.org/2026/04/open-u-s-data-centers-tracker/,State snapshot predates the national June update and should be interpreted on its own date.
Project development records,State,Texas,Operating,60.0,facilities/projects,2026-03-26,FracTracker Alliance U.S. Data Centers Tracker,https://fractracker.org/2026/04/open-u-s-data-centers-tracker/,State snapshot predates the national June update and should be interpreted on its own date.
Project development records,State,Texas,Proposed,75.0,facilities/projects,2026-03-26,FracTracker Alliance U.S. Data Centers Tracker,https://fractracker.org/2026/04/open-u-s-data-centers-tracker/,State snapshot predates the national June update and should be interpreted on its own date.
Project development records,State,Texas,Suspended,2.0,facilities/projects,2026-03-26,FracTracker Alliance U.S. Data Centers Tracker,https://fractracker.org/2026/04/open-u-s-data-centers-tracker/,State snapshot predates the national June update and should be interpreted on its own date.
Project development records,State,Texas,Total,167.0,facilities/projects,2026-03-26,FracTracker Alliance U.S. Data Centers Tracker,https://fractracker.org/2026/04/open-u-s-data-centers-tracker/,State snapshot predates the national June update and should be interpreted on its own date.
Project development records,State,Utah,Active Pipeline,6.0,facilities/projects,2026-03-26,FracTracker Alliance U.S. Data Centers Tracker,https://fractracker.org/2026/04/open-u-s-data-centers-tracker/,State snapshot predates the national June update and should be interpreted on its own date.
Project development records,State,Utah,Approved or Under Construction,0.0,facilities/projects,2026-03-26,FracTracker Alliance U.S. Data Centers Tracker,https://fractracker.org/2026/04/open-u-s-data-centers-tracker/,State snapshot predates the national June update and should be interpreted on its own date.
Project development records,State,Utah,Cancelled,0.0,facilities/projects,2026-03-26,FracTracker Alliance U.S. Data Centers Tracker,https://fractracker.org/2026/04/open-u-s-data-centers-tracker/,State snapshot predates the national June update and should be interpreted on its own date.
Project development records,State,Utah,Expanding,1.0,facilities/projects,2026-03-26,FracTracker Alliance U.S. Data Centers Tracker,https://fractracker.org/2026/04/open-u-s-data-centers-tracker/,State snapshot predates the national June update and should be interpreted on its own date.
Project development records,State,Utah,Operating,0.0,facilities/projects,2026-03-26,FracTracker Alliance U.S. Data Centers Tracker,https://fractracker.org/2026/04/open-u-s-data-centers-tracker/,State snapshot predates the national June update and should be interpreted on its own date.
Project development records,State,Utah,Proposed,5.0,facilities/projects,2026-03-26,FracTracker Alliance U.S. Data Centers Tracker,https://fractracker.org/2026/04/open-u-s-data-centers-tracker/,State snapshot predates the national June update and should be interpreted on its own date.
Project development records,State,Utah,Suspended,1.0,facilities/projects,2026-03-26,FracTracker Alliance U.S. Data Centers Tracker,https://fractracker.org/2026/04/open-u-s-data-centers-tracker/,State snapshot predates the national June update and should be interpreted on its own date.
Project development records,State,Utah,Total,7.0,facilities/projects,2026-03-26,FracTracker Alliance U.S. Data Centers Tracker,https://fractracker.org/2026/04/open-u-s-data-centers-tracker/,State snapshot predates the national June update and should be interpreted on its own date.
Project development records,State,Vermont,Active Pipeline,0.0,facilities/projects,2026-03-26,FracTracker Alliance U.S. Data Centers Tracker,https://fractracker.org/2026/04/open-u-s-data-centers-tracker/,State snapshot predates the national June update and should be interpreted on its own date.
Project development records,State,Vermont,Approved or Under Construction,0.0,facilities/projects,2026-03-26,FracTracker Alliance U.S. Data Centers Tracker,https://fractracker.org/2026/04/open-u-s-data-centers-tracker/,State snapshot predates the national June update and should be interpreted on its own date.
Project development records,State,Vermont,Cancelled,0.0,facilities/projects,2026-03-26,FracTracker Alliance U.S. Data Centers Tracker,https://fractracker.org/2026/04/open-u-s-data-centers-tracker/,State snapshot predates the national June update and should be interpreted on its own date.
Project development records,State,Vermont,Expanding,0.0,facilities/projects,2026-03-26,FracTracker Alliance U.S. Data Centers Tracker,https://fractracker.org/2026/04/open-u-s-data-centers-tracker/,State snapshot predates the national June update and should be interpreted on its own date.
Project development records,State,Vermont,Operating,0.0,facilities/projects,2026-03-26,FracTracker Alliance U.S. Data Centers Tracker,https://fractracker.org/2026/04/open-u-s-data-centers-tracker/,State snapshot predates the national June update and should be interpreted on its own date.
Project development records,State,Vermont,Proposed,0.0,facilities/projects,2026-03-26,FracTracker Alliance U.S. Data Centers Tracker,https://fractracker.org/2026/04/open-u-s-data-centers-tracker/,State snapshot predates the national June update and should be interpreted on its own date.
Project development records,State,Vermont,Suspended,0.0,facilities/projects,2026-03-26,FracTracker Alliance U.S. Data Centers Tracker,https://fractracker.org/2026/04/open-u-s-data-centers-tracker/,State snapshot predates the national June update and should be interpreted on its own date.
Project development records,State,Vermont,Total,0.0,facilities/projects,2026-03-26,FracTracker Alliance U.S. Data Centers Tracker,https://fractracker.org/2026/04/open-u-s-data-centers-tracker/,State snapshot predates the national June update and should be interpreted on its own date.
Project development records,State,Virginia,Active Pipeline,259.0,facilities/projects,2026-03-26,FracTracker Alliance U.S. Data Centers Tracker,https://fractracker.org/2026/04/open-u-s-data-centers-tracker/,State snapshot predates the national June update and should be interpreted on its own date.
Project development records,State,Virginia,Approved or Under Construction,11.0,facilities/projects,2026-03-26,FracTracker Alliance U.S. Data Centers Tracker,https://fractracker.org/2026/04/open-u-s-data-centers-tracker/,State snapshot predates the national June update and should be interpreted on its own date.
Project development records,State,Virginia,Cancelled,5.0,facilities/projects,2026-03-26,FracTracker Alliance U.S. Data Centers Tracker,https://fractracker.org/2026/04/open-u-s-data-centers-tracker/,State snapshot predates the national June update and should be interpreted on its own date.
Project development records,State,Virginia,Expanding,33.0,facilities/projects,2026-03-26,FracTracker Alliance U.S. Data Centers Tracker,https://fractracker.org/2026/04/open-u-s-data-centers-tracker/,State snapshot predates the national June update and should be interpreted on its own date.
Project development records,State,Virginia,Operating,181.0,facilities/projects,2026-03-26,FracTracker Alliance U.S. Data Centers Tracker,https://fractracker.org/2026/04/open-u-s-data-centers-tracker/,State snapshot predates the national June update and should be interpreted on its own date.
Project development records,State,Virginia,Proposed,215.0,facilities/projects,2026-03-26,FracTracker Alliance U.S. Data Centers Tracker,https://fractracker.org/2026/04/open-u-s-data-centers-tracker/,State snapshot predates the national June update and should be interpreted on its own date.
Project development records,State,Virginia,Suspended,7.0,facilities/projects,2026-03-26,FracTracker Alliance U.S. Data Centers Tracker,https://fractracker.org/2026/04/open-u-s-data-centers-tracker/,State snapshot predates the national June update and should be interpreted on its own date.
Project development records,State,Virginia,Total,452.0,facilities/projects,2026-03-26,FracTracker Alliance U.S. Data Centers Tracker,https://fractracker.org/2026/04/open-u-s-data-centers-tracker/,State snapshot predates the national June update and should be interpreted on its own date.
Project development records,State,Washington,Active Pipeline,1.0,facilities/projects,2026-03-26,FracTracker Alliance U.S. Data Centers Tracker,https://fractracker.org/2026/04/open-u-s-data-centers-tracker/,State snapshot predates the national June update and should be interpreted on its own date.
Project development records,State,Washington,Approved or Under Construction,0.0,facilities/projects,2026-03-26,FracTracker Alliance U.S. Data Centers Tracker,https://fractracker.org/2026/04/open-u-s-data-centers-tracker/,State snapshot predates the national June update and should be interpreted on its own date.
Project development records,State,Washington,Cancelled,0.0,facilities/projects,2026-03-26,FracTracker Alliance U.S. Data Centers Tracker,https://fractracker.org/2026/04/open-u-s-data-centers-tracker/,State snapshot predates the national June update and should be interpreted on its own date.
Project development records,State,Washington,Expanding,0.0,facilities/projects,2026-03-26,FracTracker Alliance U.S. Data Centers Tracker,https://fractracker.org/2026/04/open-u-s-data-centers-tracker/,State snapshot predates the national June update and should be interpreted on its own date.
Project development records,State,Washington,Operating,17.0,facilities/projects,2026-03-26,FracTracker Alliance U.S. Data Centers Tracker,https://fractracker.org/2026/04/open-u-s-data-centers-tracker/,State snapshot predates the national June update and should be interpreted on its own date.
Project development records,State,Washington,Proposed,1.0,facilities/projects,2026-03-26,FracTracker Alliance U.S. Data Centers Tracker,https://fractracker.org/2026/04/open-u-s-data-centers-tracker/,State snapshot predates the national June update and should be interpreted on its own date.
Project development records,State,Washington,Suspended,0.0,facilities/projects,2026-03-26,FracTracker Alliance U.S. Data Centers Tracker,https://fractracker.org/2026/04/open-u-s-data-centers-tracker/,State snapshot predates the national June update and should be interpreted on its own date.
Project development records,State,Washington,Total,18.0,facilities/projects,2026-03-26,FracTracker Alliance U.S. Data Centers Tracker,https://fractracker.org/2026/04/open-u-s-data-centers-tracker/,State snapshot predates the national June update and should be interpreted on its own date.
Project development records,State,West Virginia,Active Pipeline,8.0,facilities/projects,2026-03-26,FracTracker Alliance U.S. Data Centers Tracker,https://fractracker.org/2026/04/open-u-s-data-centers-tracker/,State snapshot predates the national June update and should be interpreted on its own date.
Project development records,State,West Virginia,Approved or Under Construction,2.0,facilities/projects,2026-03-26,FracTracker Alliance U.S. Data Centers Tracker,https://fractracker.org/2026/04/open-u-s-data-centers-tracker/,State snapshot predates the national June update and should be interpreted on its own date.
Project development records,State,West Virginia,Cancelled,0.0,facilities/projects,2026-03-26,FracTracker Alliance U.S. Data Centers Tracker,https://fractracker.org/2026/04/open-u-s-data-centers-tracker/,State snapshot predates the national June update and should be interpreted on its own date.
Project development records,State,West Virginia,Expanding,0.0,facilities/projects,2026-03-26,FracTracker Alliance U.S. Data Centers Tracker,https://fractracker.org/2026/04/open-u-s-data-centers-tracker/,State snapshot predates the national June update and should be interpreted on its own date.
Project development records,State,West Virginia,Operating,0.0,facilities/projects,2026-03-26,FracTracker Alliance U.S. Data Centers Tracker,https://fractracker.org/2026/04/open-u-s-data-centers-tracker/,State snapshot predates the national June update and should be interpreted on its own date.
Project development records,State,West Virginia,Proposed,6.0,facilities/projects,2026-03-26,FracTracker Alliance U.S. Data Centers Tracker,https://fractracker.org/2026/04/open-u-s-data-centers-tracker/,State snapshot predates the national June update and should be interpreted on its own date.
Project development records,State,West Virginia,Suspended,0.0,facilities/projects,2026-03-26,FracTracker Alliance U.S. Data Centers Tracker,https://fractracker.org/2026/04/open-u-s-data-centers-tracker/,State snapshot predates the national June update and should be interpreted on its own date.
Project development records,State,West Virginia,Total,8.0,facilities/projects,2026-03-26,FracTracker Alliance U.S. Data Centers Tracker,https://fractracker.org/2026/04/open-u-s-data-centers-tracker/,State snapshot predates the national June update and should be interpreted on its own date.
Project development records,State,Wisconsin,Active Pipeline,10.0,facilities/projects,2026-03-26,FracTracker Alliance U.S. Data Centers Tracker,https://fractracker.org/2026/04/open-u-s-data-centers-tracker/,State snapshot predates the national June update and should be interpreted on its own date.
Project development records,State,Wisconsin,Approved or Under Construction,3.0,facilities/projects,2026-03-26,FracTracker Alliance U.S. Data Centers Tracker,https://fractracker.org/2026/04/open-u-s-data-centers-tracker/,State snapshot predates the national June update and should be interpreted on its own date.
Project development records,State,Wisconsin,Cancelled,4.0,facilities/projects,2026-03-26,FracTracker Alliance U.S. Data Centers Tracker,https://fractracker.org/2026/04/open-u-s-data-centers-tracker/,State snapshot predates the national June update and should be interpreted on its own date.
Project development records,State,Wisconsin,Expanding,0.0,facilities/projects,2026-03-26,FracTracker Alliance U.S. Data Centers Tracker,https://fractracker.org/2026/04/open-u-s-data-centers-tracker/,State snapshot predates the national June update and should be interpreted on its own date.
Project development records,State,Wisconsin,Operating,1.0,facilities/projects,2026-03-26,FracTracker Alliance U.S. Data Centers Tracker,https://fractracker.org/2026/04/open-u-s-data-centers-tracker/,State snapshot predates the national June update and should be interpreted on its own date.
Project development records,State,Wisconsin,Proposed,7.0,facilities/projects,2026-03-26,FracTracker Alliance U.S. Data Centers Tracker,https://fractracker.org/2026/04/open-u-s-data-centers-tracker/,State snapshot predates the national June update and should be interpreted on its own date.
Project development records,State,Wisconsin,Suspended,2.0,facilities/projects,2026-03-26,FracTracker Alliance U.S. Data Centers Tracker,https://fractracker.org/2026/04/open-u-s-data-centers-tracker/,State snapshot predates the national June update and should be interpreted on its own date.
Project development records,State,Wisconsin,Total,17.0,facilities/projects,2026-03-26,FracTracker Alliance U.S. Data Centers Tracker,https://fractracker.org/2026/04/open-u-s-data-centers-tracker/,State snapshot predates the national June update and should be interpreted on its own date.
Project development records,State,Wyoming,Active Pipeline,4.0,facilities/projects,2026-03-26,FracTracker Alliance U.S. Data Centers Tracker,https://fractracker.org/2026/04/open-u-s-data-centers-tracker/,State snapshot predates the national June update and should be interpreted on its own date.
Project development records,State,Wyoming,Approved or Under Construction,2.0,facilities/projects,2026-03-26,FracTracker Alliance U.S. Data Centers Tracker,https://fractracker.org/2026/04/open-u-s-data-centers-tracker/,State snapshot predates the national June update and should be interpreted on its own date.
Project development records,State,Wyoming,Cancelled,0.0,facilities/projects,2026-03-26,FracTracker Alliance U.S. Data Centers Tracker,https://fractracker.org/2026/04/open-u-s-data-centers-tracker/,State snapshot predates the national June update and should be interpreted on its own date.
Project development records,State,Wyoming,Expanding,0.0,facilities/projects,2026-03-26,FracTracker Alliance U.S. Data Centers Tracker,https://fractracker.org/2026/04/open-u-s-data-centers-tracker/,State snapshot predates the national June update and should be interpreted on its own date.
Project development records,State,Wyoming,Operating,0.0,facilities/projects,2026-03-26,FracTracker Alliance U.S. Data Centers Tracker,https://fractracker.org/2026/04/open-u-s-data-centers-tracker/,State snapshot predates the national June update and should be interpreted on its own date.
Project development records,State,Wyoming,Proposed,2.0,facilities/projects,2026-03-26,FracTracker Alliance U.S. Data Centers Tracker,https://fractracker.org/2026/04/open-u-s-data-centers-tracker/,State snapshot predates the national June update and should be interpreted on its own date.
Project development records,State,Wyoming,Suspended,0.0,facilities/projects,2026-03-26,FracTracker Alliance U.S. Data Centers Tracker,https://fractracker.org/2026/04/open-u-s-data-centers-tracker/,State snapshot predates the national June update and should be interpreted on its own date.
Project development records,State,Wyoming,Total,4.0,facilities/projects,2026-03-26,FracTracker Alliance U.S. Data Centers Tracker,https://fractracker.org/2026/04/open-u-s-data-centers-tracker/,State snapshot predates the national June update and should be interpreted on its own date.
Project development records,United States,United States,Approved / under construction published capacity,75495.0,MW,2026-06-03,FracTracker Alliance / Halt the Harm,https://datacenters.halttheharm.net/data-center-locations/,Published capacity is partial and missing values remain missing; it is not energized load.
Project development records,United States,United States,Approved / under construction published floor area,163852656.0,square feet,2026-06-03,FracTracker Alliance / Halt the Harm,https://datacenters.halttheharm.net/data-center-locations/,Published floor area is partial and source-reported.
Project development records,United States,United States,Approved / under construction sites,143.0,facilities/projects,2026-06-03,FracTracker Alliance / Halt the Harm,https://datacenters.halttheharm.net/data-center-locations/,Open proposal-focused tracker; stage categories are source-defined and are not a complete operating-facility census.
Project development records,United States,United States,Cancelled sites,50.0,facilities/projects,2026-06-03,FracTracker Alliance / Halt the Harm,https://datacenters.halttheharm.net/data-center-locations/,Open proposal-focused tracker; stage categories are source-defined and are not a complete operating-facility census.
Project development records,United States,United States,Expanding published capacity,15083.0,MW,2026-06-03,FracTracker Alliance / Halt the Harm,https://datacenters.halttheharm.net/data-center-locations/,Published capacity is partial and missing values remain missing; it is not energized load.
Project development records,United States,United States,Expanding published floor area,33086829.0,square feet,2026-06-03,FracTracker Alliance / Halt the Harm,https://datacenters.halttheharm.net/data-center-locations/,Published floor area is partial and source-reported.
Project development records,United States,United States,Expanding sites,55.0,facilities/projects,2026-06-03,FracTracker Alliance / Halt the Harm,https://datacenters.halttheharm.net/data-center-locations/,Open proposal-focused tracker; stage categories are source-defined and are not a complete operating-facility census.
Project development records,United States,United States,Operating published capacity,22902.5,MW,2026-06-03,FracTracker Alliance / Halt the Harm,https://datacenters.halttheharm.net/data-center-locations/,Published capacity is partial and missing values remain missing; it is not energized load.
Project development records,United States,United States,Operating published floor area,144654242.0,square feet,2026-06-03,FracTracker Alliance / Halt the Harm,https://datacenters.halttheharm.net/data-center-locations/,Published floor area is partial and source-reported.
Project development records,United States,United States,Operating sites,529.0,facilities/projects,2026-06-03,FracTracker Alliance / Halt the Harm,https://datacenters.halttheharm.net/data-center-locations/,Open proposal-focused tracker; stage categories are source-defined and are not a complete operating-facility census.
Project development records,United States,United States,Proposed published capacity,196577.0,MW,2026-06-03,FracTracker Alliance / Halt the Harm,https://datacenters.halttheharm.net/data-center-locations/,Published capacity is partial and missing values remain missing; it is not energized load.
Project development records,United States,United States,Proposed published floor area,691089052.0,square feet,2026-06-03,FracTracker Alliance / Halt the Harm,https://datacenters.halttheharm.net/data-center-locations/,Published floor area is partial and source-reported.
Project development records,United States,United States,Proposed sites,696.0,facilities/projects,2026-06-03,FracTracker Alliance / Halt the Harm,https://datacenters.halttheharm.net/data-center-locations/,Open proposal-focused tracker; stage categories are source-defined and are not a complete operating-facility census.
Project development records,United States,United States,Suspended sites,50.0,facilities/projects,2026-06-03,FracTracker Alliance / Halt the Harm,https://datacenters.halttheharm.net/data-center-locations/,Open proposal-focused tracker; stage categories are source-defined and are not a complete operating-facility census.
