Member Entity ID,Parent Entity ID,Campus ID,Relationship,Source Record ID,Observation ID,Relationship Basis,Registry Version
campus:dd1a496569880473,campus:dd1a496569880473,campus:dd1a496569880473,observation_supports_campus,verified:project-caprock,curated:76920b8828f29f73,campus identity evidence,9.6.2
campus:b333e15b6132ee11,campus:b333e15b6132ee11,campus:b333e15b6132ee11,observation_supports_campus,verified:project-matador,curated:ce9e53f6e47c56fe,campus identity evidence,9.6.2
campus:b333e15b6132ee11,campus:b333e15b6132ee11,campus:b333e15b6132ee11,observation_supports_campus,682,fractracker:682,campus identity evidence,9.6.2
campus:df6cfb6f15ecc9c8,campus:df6cfb6f15ecc9c8,campus:df6cfb6f15ecc9c8,observation_supports_campus,verified:google-armstrong,curated:19c6d74cbd407bcd,campus identity evidence,9.6.2
building:d2ec4d3cc4e6ba48,campus:97a053fe32ba48dc,campus:97a053fe32ba48dc,building_in_campus,osm-way-840582927,gigawatt:osm-way-840582927,source-native building observation,9.6.2
campus:97a053fe32ba48dc,campus:97a053fe32ba48dc,campus:97a053fe32ba48dc,observation_supports_campus,im3-source:037bfe0b2c97f054,im3:037bfe0b2c97f054,campus identity evidence,9.6.2
campus:97a053fe32ba48dc,campus:97a053fe32ba48dc,campus:97a053fe32ba48dc,observation_supports_campus,1113,fractracker:1113,campus identity evidence,9.6.2
campus:3aad55e56a1fceff,campus:3aad55e56a1fceff,campus:3aad55e56a1fceff,observation_supports_campus,im3-source:0575cd9fdf086b16,im3:0575cd9fdf086b16,campus identity evidence,9.6.2
campus:3aad55e56a1fceff,campus:3aad55e56a1fceff,campus:3aad55e56a1fceff,observation_supports_campus,194,fractracker:194,campus identity evidence,9.6.2
campus:3aad55e56a1fceff,campus:3aad55e56a1fceff,campus:3aad55e56a1fceff,observation_supports_campus,google-atlanta-ga,gigawatt:google-atlanta-ga,campus identity evidence,9.6.2
campus:24cb05589eaa9ed5,campus:24cb05589eaa9ed5,campus:24cb05589eaa9ed5,observation_supports_campus,im3-source:06a320881cacdbdd,im3:06a320881cacdbdd,campus identity evidence,9.6.2
building:65cd2e852d0129a5,campus:d48b7cba4f55fe3f,campus:d48b7cba4f55fe3f,building_in_campus,osm-way-1281982572,gigawatt:osm-way-1281982572,source-native building observation,9.6.2
campus:d48b7cba4f55fe3f,campus:d48b7cba4f55fe3f,campus:d48b7cba4f55fe3f,observation_supports_campus,im3-source:077460dc9c7257b7,im3:077460dc9c7257b7,campus identity evidence,9.6.2
building:7b8c82c7047339dd,campus:13bfe812c61791c6,campus:13bfe812c61791c6,building_in_campus,osm-way-254756938,gigawatt:osm-way-254756938,source-native building observation,9.6.2
campus:13bfe812c61791c6,campus:13bfe812c61791c6,campus:13bfe812c61791c6,observation_supports_campus,im3-source:0a17ee96edd0b48b,im3:0a17ee96edd0b48b,campus identity evidence,9.6.2
building:9d41046a9d838ce4,campus:6931a4c12ebdc27c,campus:6931a4c12ebdc27c,building_in_campus,osm-way-1314355599,gigawatt:osm-way-1314355599,source-native building observation,9.6.2
campus:6931a4c12ebdc27c,campus:6931a4c12ebdc27c,campus:6931a4c12ebdc27c,observation_supports_campus,im3-source:0ca054e099246bf7,im3:0ca054e099246bf7,campus identity evidence,9.6.2
campus:d1c653d134a8f3b1,campus:d1c653d134a8f3b1,campus:d1c653d134a8f3b1,observation_supports_campus,im3-source:15a9a22ea50bc87a,im3:15a9a22ea50bc87a,campus identity evidence,9.6.2
building:9b6fec347b6ef31d,campus:b9eb2d29918e3b92,campus:b9eb2d29918e3b92,building_in_campus,osm-way-876120402,gigawatt:osm-way-876120402,source-native building observation,9.6.2
campus:b9eb2d29918e3b92,campus:b9eb2d29918e3b92,campus:b9eb2d29918e3b92,observation_supports_campus,im3-source:1a716faf8e236a2b,im3:1a716faf8e236a2b,campus identity evidence,9.6.2
campus:adc91de08a350537,campus:adc91de08a350537,campus:adc91de08a350537,observation_supports_campus,im3-source:1bd2a4906417dd06,im3:1bd2a4906417dd06,campus identity evidence,9.6.2
building:2cf11de5661ea734,campus:2000aeed4a747e73,campus:2000aeed4a747e73,building_in_campus,osm-way-635022480,gigawatt:osm-way-635022480,source-native building observation,9.6.2
campus:2000aeed4a747e73,campus:2000aeed4a747e73,campus:2000aeed4a747e73,observation_supports_campus,im3-source:1bf41bf6304df851,im3:1bf41bf6304df851,campus identity evidence,9.6.2
campus:2eb00d9c291b8dbd,campus:2eb00d9c291b8dbd,campus:2eb00d9c291b8dbd,observation_supports_campus,im3-source:1f2e515642618943,im3:1f2e515642618943,campus identity evidence,9.6.2
building:32c03bee0c125194,campus:b483affc24a91a43,campus:b483affc24a91a43,building_in_campus,osm-way-34770750,gigawatt:osm-way-34770750,source-native building observation,9.6.2
campus:b483affc24a91a43,campus:b483affc24a91a43,campus:b483affc24a91a43,observation_supports_campus,im3-source:211d6c0aa9d40907,im3:211d6c0aa9d40907,campus identity evidence,9.6.2
building:706738a90ffcaf7a,campus:932562f10075e669,campus:932562f10075e669,building_in_campus,osm-way-723117951,gigawatt:osm-way-723117951,source-native building observation,9.6.2
campus:932562f10075e669,campus:932562f10075e669,campus:932562f10075e669,observation_supports_campus,im3-source:240ebbaca5d9eb18,im3:240ebbaca5d9eb18,campus identity evidence,9.6.2
campus:613ba8d43cefc9bb,campus:613ba8d43cefc9bb,campus:613ba8d43cefc9bb,observation_supports_campus,im3-source:2cc4dedb6fd32b50,im3:2cc4dedb6fd32b50,campus identity evidence,9.6.2
building:9ab264aefe447139,campus:0f6f3a6a69d1eeab,campus:0f6f3a6a69d1eeab,building_in_campus,osm-way-700431553,gigawatt:osm-way-700431553,source-native building observation,9.6.2
campus:0f6f3a6a69d1eeab,campus:0f6f3a6a69d1eeab,campus:0f6f3a6a69d1eeab,observation_supports_campus,im3-source:2ddb8898afd63f85,im3:2ddb8898afd63f85,campus identity evidence,9.6.2
campus:c0a84d62e75fd16e,campus:c0a84d62e75fd16e,campus:c0a84d62e75fd16e,observation_supports_campus,im3-source:2effd7fcf03c7c6f,im3:2effd7fcf03c7c6f,campus identity evidence,9.6.2
campus:a02720d76912b4ad,campus:a02720d76912b4ad,campus:a02720d76912b4ad,observation_supports_campus,im3-source:313ad86302e53d47,im3:313ad86302e53d47,campus identity evidence,9.6.2
campus:a02720d76912b4ad,campus:a02720d76912b4ad,campus:a02720d76912b4ad,observation_supports_campus,567,fractracker:567,campus identity evidence,9.6.2
campus:a02720d76912b4ad,campus:a02720d76912b4ad,campus:a02720d76912b4ad,observation_supports_campus,google-the-dalles-or,gigawatt:google-the-dalles-or,campus identity evidence,9.6.2
building:b72e283e8ff03971,campus:a887ad4e0253994a,campus:a887ad4e0253994a,building_in_campus,osm-way-836908998,gigawatt:osm-way-836908998,source-native building observation,9.6.2
campus:a887ad4e0253994a,campus:a887ad4e0253994a,campus:a887ad4e0253994a,observation_supports_campus,im3-source:3bfffee17941929d,im3:3bfffee17941929d,campus identity evidence,9.6.2
building:e262dac9612dd748,campus:43e9dae6bd4b67df,campus:43e9dae6bd4b67df,building_in_campus,osm-way-1346610234,gigawatt:osm-way-1346610234,source-native building observation,9.6.2
campus:43e9dae6bd4b67df,campus:43e9dae6bd4b67df,campus:43e9dae6bd4b67df,observation_supports_campus,im3-source:4821009d0f0760ec,im3:4821009d0f0760ec,campus identity evidence,9.6.2
campus:7e9f1b6d5d961109,campus:7e9f1b6d5d961109,campus:7e9f1b6d5d961109,observation_supports_campus,im3-source:494cc7941305fb11,im3:494cc7941305fb11,campus identity evidence,9.6.2
campus:4930bbc52fb37371,campus:4930bbc52fb37371,campus:4930bbc52fb37371,observation_supports_campus,im3-source:6260ec3444522e42,im3:6260ec3444522e42,campus identity evidence,9.6.2
building:47be54cc594902ee,campus:47af5fe5ddfea398,campus:47af5fe5ddfea398,building_in_campus,osm-way-675108684,gigawatt:osm-way-675108684,source-native building observation,9.6.2
campus:47af5fe5ddfea398,campus:47af5fe5ddfea398,campus:47af5fe5ddfea398,observation_supports_campus,im3-source:65138509c711917d,im3:65138509c711917d,campus identity evidence,9.6.2
building:d19cc194418a8654,campus:c3f738ae73d02646,campus:c3f738ae73d02646,building_in_campus,osm-way-1356594646,gigawatt:osm-way-1356594646,source-native building observation,9.6.2
campus:c3f738ae73d02646,campus:c3f738ae73d02646,campus:c3f738ae73d02646,observation_supports_campus,im3-source:656ab37b0abf76df,im3:656ab37b0abf76df,campus identity evidence,9.6.2
campus:1dcbf46016046391,campus:1dcbf46016046391,campus:1dcbf46016046391,observation_supports_campus,im3-source:68887d2ffc03aa08,im3:68887d2ffc03aa08,campus identity evidence,9.6.2
building:0b884a832f0140ef,campus:206fccec778a3932,campus:206fccec778a3932,building_in_campus,osm-way-1357825755,gigawatt:osm-way-1357825755,source-native building observation,9.6.2
building:f2cf0dcb0cb39ab3,campus:206fccec778a3932,campus:206fccec778a3932,building_in_campus,osm-way-685011021,gigawatt:osm-way-685011021,source-native building observation,9.6.2
campus:206fccec778a3932,campus:206fccec778a3932,campus:206fccec778a3932,observation_supports_campus,im3-source:722ef13a461598a4,im3:722ef13a461598a4,campus identity evidence,9.6.2
campus:206fccec778a3932,campus:206fccec778a3932,campus:206fccec778a3932,observation_supports_campus,im3-source:7e68da727e0bb05c,im3:7e68da727e0bb05c,campus identity evidence,9.6.2
building:082597c6b8b09eaa,campus:ceb7ca028a747b13,campus:ceb7ca028a747b13,building_in_campus,osm-way-1422191450,gigawatt:osm-way-1422191450,source-native building observation,9.6.2
campus:ceb7ca028a747b13,campus:ceb7ca028a747b13,campus:ceb7ca028a747b13,observation_supports_campus,im3-source:7b844ecd629cd7b4,im3:7b844ecd629cd7b4,campus identity evidence,9.6.2
campus:ddaaf03282876ef2,campus:ddaaf03282876ef2,campus:ddaaf03282876ef2,observation_supports_campus,im3-source:8b86d3a268366bc0,im3:8b86d3a268366bc0,campus identity evidence,9.6.2
building:e902762f880220bb,campus:81d772beb55a1a2e,campus:81d772beb55a1a2e,building_in_campus,im3-source:31c2801897566e17,im3:31c2801897566e17,source-native building observation,9.6.2
building:aed47e5c3562cfb4,campus:81d772beb55a1a2e,campus:81d772beb55a1a2e,building_in_campus,im3-source:b37008c49d455f9d,im3:b37008c49d455f9d,source-native building observation,9.6.2
building:38ae54e46f8311d3,campus:81d772beb55a1a2e,campus:81d772beb55a1a2e,building_in_campus,im3-source:bad3b0354487d02b,im3:bad3b0354487d02b,source-native building observation,9.6.2
building:671627f6e4fe1133,campus:81d772beb55a1a2e,campus:81d772beb55a1a2e,building_in_campus,im3-source:e3801d3015c15282,im3:e3801d3015c15282,source-native building observation,9.6.2
building:5bd758bc6b742920,campus:81d772beb55a1a2e,campus:81d772beb55a1a2e,building_in_campus,im3-source:e62d54a294974df0,im3:e62d54a294974df0,source-native building observation,9.6.2
building:38656d9ff328573e,campus:81d772beb55a1a2e,campus:81d772beb55a1a2e,building_in_campus,osm-way-1465196735,gigawatt:osm-way-1465196735,source-native building observation,9.6.2
building:9719d319c6bac88f,campus:81d772beb55a1a2e,campus:81d772beb55a1a2e,building_in_campus,osm-way-1465196736,gigawatt:osm-way-1465196736,source-native building observation,9.6.2
campus:81d772beb55a1a2e,campus:81d772beb55a1a2e,campus:81d772beb55a1a2e,observation_supports_campus,im3-source:8c2bbb9e1b080b2c,im3:8c2bbb9e1b080b2c,campus identity evidence,9.6.2
campus:81d772beb55a1a2e,campus:81d772beb55a1a2e,campus:81d772beb55a1a2e,observation_supports_campus,im3-source:daf88cd703fbce5a,im3:daf88cd703fbce5a,campus identity evidence,9.6.2
building:e9db7263bf714525,campus:905bc4a95283343d,campus:905bc4a95283343d,building_in_campus,osm-way-714120969,gigawatt:osm-way-714120969,source-native building observation,9.6.2
campus:905bc4a95283343d,campus:905bc4a95283343d,campus:905bc4a95283343d,observation_supports_campus,im3-source:93a0a3cfd9b2161a,im3:93a0a3cfd9b2161a,campus identity evidence,9.6.2
building:7373d86681bec6b6,campus:4919ae0d066bfd33,campus:4919ae0d066bfd33,building_in_campus,osm-way-1301559332,gigawatt:osm-way-1301559332,source-native building observation,9.6.2
campus:4919ae0d066bfd33,campus:4919ae0d066bfd33,campus:4919ae0d066bfd33,observation_supports_campus,im3-source:981fe263e9118004,im3:981fe263e9118004,campus identity evidence,9.6.2
building:1433a7e3acf8d2af,campus:0b0158b0588a940c,campus:0b0158b0588a940c,building_in_campus,osm-way-1254161871,gigawatt:osm-way-1254161871,source-native building observation,9.6.2
campus:0b0158b0588a940c,campus:0b0158b0588a940c,campus:0b0158b0588a940c,observation_supports_campus,im3-source:9bcba42210b1616f,im3:9bcba42210b1616f,campus identity evidence,9.6.2
campus:e3bcf82ee6fb6f92,campus:e3bcf82ee6fb6f92,campus:e3bcf82ee6fb6f92,observation_supports_campus,im3-source:9cc2944b36863176,im3:9cc2944b36863176,campus identity evidence,9.6.2
campus:e3bcf82ee6fb6f92,campus:e3bcf82ee6fb6f92,campus:e3bcf82ee6fb6f92,observation_supports_campus,414,fractracker:414,campus identity evidence,9.6.2
campus:e3bcf82ee6fb6f92,campus:e3bcf82ee6fb6f92,campus:e3bcf82ee6fb6f92,observation_supports_campus,google-lenoir-nc,gigawatt:google-lenoir-nc,campus identity evidence,9.6.2
campus:b081c27f753e0e8c,campus:b081c27f753e0e8c,campus:b081c27f753e0e8c,observation_supports_campus,im3-source:a1537f19254373e2,im3:a1537f19254373e2,campus identity evidence,9.6.2
building:7c6a717ca1e54a93,campus:a32d4f6da5543903,campus:a32d4f6da5543903,building_in_campus,osm-way-450078003,gigawatt:osm-way-450078003,source-native building observation,9.6.2
campus:a32d4f6da5543903,campus:a32d4f6da5543903,campus:a32d4f6da5543903,observation_supports_campus,im3-source:abf28421cb0ff2c6,im3:abf28421cb0ff2c6,campus identity evidence,9.6.2
campus:a32d4f6da5543903,campus:a32d4f6da5543903,campus:a32d4f6da5543903,observation_supports_campus,952,fractracker:952,campus identity evidence,9.6.2
campus:40acd6d6ce5b37cf,campus:40acd6d6ce5b37cf,campus:40acd6d6ce5b37cf,observation_supports_campus,im3-source:ac91a11ef72e122c,im3:ac91a11ef72e122c,campus identity evidence,9.6.2
campus:f2f8c73691caea80,campus:f2f8c73691caea80,campus:f2f8c73691caea80,observation_supports_campus,im3-source:b11f95a3295d13d9,im3:b11f95a3295d13d9,campus identity evidence,9.6.2
building:b2f6b435502f207c,campus:df412ae31add6539,campus:df412ae31add6539,building_in_campus,osm-way-715098032,gigawatt:osm-way-715098032,source-native building observation,9.6.2
campus:df412ae31add6539,campus:df412ae31add6539,campus:df412ae31add6539,observation_supports_campus,im3-source:b64bc64dadf99bf5,im3:b64bc64dadf99bf5,campus identity evidence,9.6.2
campus:bf6e701ea95f2b68,campus:bf6e701ea95f2b68,campus:bf6e701ea95f2b68,observation_supports_campus,im3-source:b697f1239b2192cb,im3:b697f1239b2192cb,campus identity evidence,9.6.2
building:7472b9897de53a51,campus:1dbc52fe8dbcab0f,campus:1dbc52fe8dbcab0f,building_in_campus,osm-way-1282875386,gigawatt:osm-way-1282875386,source-native building observation,9.6.2
campus:1dbc52fe8dbcab0f,campus:1dbc52fe8dbcab0f,campus:1dbc52fe8dbcab0f,observation_supports_campus,im3-source:bd2cc35d1a10f602,im3:bd2cc35d1a10f602,campus identity evidence,9.6.2
building:b75501d809f4c33d,campus:7c186db68390802a,campus:7c186db68390802a,building_in_campus,osm-way-1092757323,gigawatt:osm-way-1092757323,source-native building observation,9.6.2
campus:7c186db68390802a,campus:7c186db68390802a,campus:7c186db68390802a,observation_supports_campus,im3-source:c5d8ad099231630d,im3:c5d8ad099231630d,campus identity evidence,9.6.2
campus:9d5bfe1a586d2d08,campus:9d5bfe1a586d2d08,campus:9d5bfe1a586d2d08,observation_supports_campus,im3-source:c88993b69a8535ec,im3:c88993b69a8535ec,campus identity evidence,9.6.2
building:4cf85c07096c09c0,campus:121ec8ec20455298,campus:121ec8ec20455298,building_in_campus,osm-way-429040021,gigawatt:osm-way-429040021,source-native building observation,9.6.2
campus:121ec8ec20455298,campus:121ec8ec20455298,campus:121ec8ec20455298,observation_supports_campus,im3-source:e0359372245a707f,im3:e0359372245a707f,campus identity evidence,9.6.2
campus:121ec8ec20455298,campus:121ec8ec20455298,campus:121ec8ec20455298,observation_supports_campus,1158,fractracker:1158,campus identity evidence,9.6.2
campus:2e2ded23b1c3a67b,campus:2e2ded23b1c3a67b,campus:2e2ded23b1c3a67b,observation_supports_campus,im3-source:e0c36ea75141f41f,im3:e0c36ea75141f41f,campus identity evidence,9.6.2
building:4db4ae540f9b7db8,campus:7a3c17800ac83ea6,campus:7a3c17800ac83ea6,building_in_campus,osm-way-819981908,gigawatt:osm-way-819981908,source-native building observation,9.6.2
campus:7a3c17800ac83ea6,campus:7a3c17800ac83ea6,campus:7a3c17800ac83ea6,observation_supports_campus,im3-source:e6b6b9f09c35b6fc,im3:e6b6b9f09c35b6fc,campus identity evidence,9.6.2
campus:032ed9a1f41fcfe5,campus:032ed9a1f41fcfe5,campus:032ed9a1f41fcfe5,observation_supports_campus,im3-source:e7f79847f8f087b5,im3:e7f79847f8f087b5,campus identity evidence,9.6.2
building:d9595031d05ed6aa,campus:b295fb27d3922acd,campus:b295fb27d3922acd,building_in_campus,osm-way-714776107,gigawatt:osm-way-714776107,source-native building observation,9.6.2
campus:b295fb27d3922acd,campus:b295fb27d3922acd,campus:b295fb27d3922acd,observation_supports_campus,im3-source:e8d601418664970c,im3:e8d601418664970c,campus identity evidence,9.6.2
campus:b295fb27d3922acd,campus:b295fb27d3922acd,campus:b295fb27d3922acd,observation_supports_campus,729,fractracker:729,campus identity evidence,9.6.2
building:7a164397a6133b98,campus:cd189759066e5ea4,campus:cd189759066e5ea4,building_in_campus,osm-way-1459680304,gigawatt:osm-way-1459680304,source-native building observation,9.6.2
campus:cd189759066e5ea4,campus:cd189759066e5ea4,campus:cd189759066e5ea4,observation_supports_campus,im3-source:f4adeb1d03b34925,im3:f4adeb1d03b34925,campus identity evidence,9.6.2
campus:cb05b67e1a1fec75,campus:cb05b67e1a1fec75,campus:cb05b67e1a1fec75,observation_supports_campus,1,fractracker:1,campus identity evidence,9.6.2
campus:79dab91ffbcf8d3b,campus:79dab91ffbcf8d3b,campus:79dab91ffbcf8d3b,observation_supports_campus,10,fractracker:10,campus identity evidence,9.6.2
campus:7725d1f5de37ba2b,campus:7725d1f5de37ba2b,campus:7725d1f5de37ba2b,observation_supports_campus,1000,fractracker:1000,campus identity evidence,9.6.2
campus:033211151c4c94a3,campus:033211151c4c94a3,campus:033211151c4c94a3,observation_supports_campus,1003,fractracker:1003,campus identity evidence,9.6.2
campus:e58b34306ec11b7a,campus:e58b34306ec11b7a,campus:e58b34306ec11b7a,observation_supports_campus,1004,fractracker:1004,campus identity evidence,9.6.2
building:895e0008c765a5ce,campus:02fc8759796f364e,campus:02fc8759796f364e,building_in_campus,im3-source:837af0abf3560548,im3:837af0abf3560548,source-native building observation,9.6.2
building:895e0008c765a5ce,campus:02fc8759796f364e,campus:02fc8759796f364e,building_in_campus,osm-way-1447029365,gigawatt:osm-way-1447029365,source-native building observation,9.6.2
building:bc3d8307df133538,campus:02fc8759796f364e,campus:02fc8759796f364e,building_in_campus,im3-source:840be3c284181221,im3:840be3c284181221,source-native building observation,9.6.2
campus:02fc8759796f364e,campus:02fc8759796f364e,campus:02fc8759796f364e,observation_supports_campus,1007,fractracker:1007,campus identity evidence,9.6.2
campus:0e6d8575df8e785d,campus:0e6d8575df8e785d,campus:0e6d8575df8e785d,observation_supports_campus,1008,fractracker:1008,campus identity evidence,9.6.2
campus:bd8e681006718701,campus:bd8e681006718701,campus:bd8e681006718701,observation_supports_campus,1010,fractracker:1010,campus identity evidence,9.6.2
building:2921b17ead253f3c,campus:dcef5d50a01a25d1,campus:dcef5d50a01a25d1,building_in_campus,im3-source:803db7375774bb7b,im3:803db7375774bb7b,source-native building observation,9.6.2
building:2921b17ead253f3c,campus:dcef5d50a01a25d1,campus:dcef5d50a01a25d1,building_in_campus,osm-way-828135845,gigawatt:osm-way-828135845,source-native building observation,9.6.2
building:1bcbae759d229bd6,campus:dcef5d50a01a25d1,campus:dcef5d50a01a25d1,building_in_campus,im3-source:81eb109cdb19d8bb,im3:81eb109cdb19d8bb,source-native building observation,9.6.2
building:1bcbae759d229bd6,campus:dcef5d50a01a25d1,campus:dcef5d50a01a25d1,building_in_campus,osm-way-1280340216,gigawatt:osm-way-1280340216,source-native building observation,9.6.2
building:332566086797ea01,campus:dcef5d50a01a25d1,campus:dcef5d50a01a25d1,building_in_campus,im3-source:90e24a9b1e5593fa,im3:90e24a9b1e5593fa,source-native building observation,9.6.2
building:332566086797ea01,campus:dcef5d50a01a25d1,campus:dcef5d50a01a25d1,building_in_campus,osm-way-1280340217,gigawatt:osm-way-1280340217,source-native building observation,9.6.2
building:1dc396e324ad2213,campus:dcef5d50a01a25d1,campus:dcef5d50a01a25d1,building_in_campus,im3-source:9abf8cf84617f829,im3:9abf8cf84617f829,source-native building observation,9.6.2
building:1dc396e324ad2213,campus:dcef5d50a01a25d1,campus:dcef5d50a01a25d1,building_in_campus,osm-way-222672860,gigawatt:osm-way-222672860,source-native building observation,9.6.2
building:fa54e41b648a6ded,campus:dcef5d50a01a25d1,campus:dcef5d50a01a25d1,building_in_campus,im3-source:d3e4144294055514,im3:d3e4144294055514,source-native building observation,9.6.2
building:fa54e41b648a6ded,campus:dcef5d50a01a25d1,campus:dcef5d50a01a25d1,building_in_campus,osm-way-697021948,gigawatt:osm-way-697021948,source-native building observation,9.6.2
building:fde18ec56085c433,campus:dcef5d50a01a25d1,campus:dcef5d50a01a25d1,building_in_campus,osm-way-697021949,gigawatt:osm-way-697021949,source-native building observation,9.6.2
campus:dcef5d50a01a25d1,campus:dcef5d50a01a25d1,campus:dcef5d50a01a25d1,observation_supports_campus,1014,fractracker:1014,campus identity evidence,9.6.2
campus:93f40bd3ca91092c,campus:93f40bd3ca91092c,campus:93f40bd3ca91092c,observation_supports_campus,1019,fractracker:1019,campus identity evidence,9.6.2
campus:821d2b2c0fe7f83b,campus:821d2b2c0fe7f83b,campus:821d2b2c0fe7f83b,observation_supports_campus,1020,fractracker:1020,campus identity evidence,9.6.2
campus:4525e11658341835,campus:4525e11658341835,campus:4525e11658341835,observation_supports_campus,1021,fractracker:1021,campus identity evidence,9.6.2
campus:e35fcbdb63a82f90,campus:e35fcbdb63a82f90,campus:e35fcbdb63a82f90,observation_supports_campus,1029,fractracker:1029,campus identity evidence,9.6.2
campus:e61538da2635ea1d,campus:e61538da2635ea1d,campus:e61538da2635ea1d,observation_supports_campus,1030,fractracker:1030,campus identity evidence,9.6.2
campus:1fb19c99c3f32915,campus:1fb19c99c3f32915,campus:1fb19c99c3f32915,observation_supports_campus,1031,fractracker:1031,campus identity evidence,9.6.2
campus:8735be2876bef006,campus:8735be2876bef006,campus:8735be2876bef006,observation_supports_campus,1032,fractracker:1032,campus identity evidence,9.6.2
campus:44bb86b7afa7a4b2,campus:44bb86b7afa7a4b2,campus:44bb86b7afa7a4b2,observation_supports_campus,1034,fractracker:1034,campus identity evidence,9.6.2
campus:2e021c3664518110,campus:2e021c3664518110,campus:2e021c3664518110,observation_supports_campus,1035,fractracker:1035,campus identity evidence,9.6.2
campus:986f723fe108b543,campus:986f723fe108b543,campus:986f723fe108b543,observation_supports_campus,1036,fractracker:1036,campus identity evidence,9.6.2
campus:d6db7f6d4837cafc,campus:d6db7f6d4837cafc,campus:d6db7f6d4837cafc,observation_supports_campus,1037,fractracker:1037,campus identity evidence,9.6.2
campus:6cfb14e677eb0312,campus:6cfb14e677eb0312,campus:6cfb14e677eb0312,observation_supports_campus,1038,fractracker:1038,campus identity evidence,9.6.2
campus:6b5e06ded8325c6b,campus:6b5e06ded8325c6b,campus:6b5e06ded8325c6b,observation_supports_campus,1039,fractracker:1039,campus identity evidence,9.6.2
building:07b9ca9f0df48f26,campus:bb1f6db617bc0fc7,campus:bb1f6db617bc0fc7,building_in_campus,im3-source:5e18ca4d2956557d,im3:5e18ca4d2956557d,source-native building observation,9.6.2
building:07b9ca9f0df48f26,campus:bb1f6db617bc0fc7,campus:bb1f6db617bc0fc7,building_in_campus,osm-way-710070925,gigawatt:osm-way-710070925,source-native building observation,9.6.2
building:578afa302ae1e472,campus:bb1f6db617bc0fc7,campus:bb1f6db617bc0fc7,building_in_campus,osm-way-706726088,gigawatt:osm-way-706726088,source-native building observation,9.6.2
campus:bb1f6db617bc0fc7,campus:bb1f6db617bc0fc7,campus:bb1f6db617bc0fc7,observation_supports_campus,1040,fractracker:1040,campus identity evidence,9.6.2
campus:ce36c6a8071112a2,campus:ce36c6a8071112a2,campus:ce36c6a8071112a2,observation_supports_campus,1041,fractracker:1041,campus identity evidence,9.6.2
campus:2356d663b237fa32,campus:2356d663b237fa32,campus:2356d663b237fa32,observation_supports_campus,1042,fractracker:1042,campus identity evidence,9.6.2
campus:cd00ef31c12c4b36,campus:cd00ef31c12c4b36,campus:cd00ef31c12c4b36,observation_supports_campus,1043,fractracker:1043,campus identity evidence,9.6.2
campus:f6ebd29d36498ccd,campus:f6ebd29d36498ccd,campus:f6ebd29d36498ccd,observation_supports_campus,1044,fractracker:1044,campus identity evidence,9.6.2
campus:ed9fdffce187b77a,campus:ed9fdffce187b77a,campus:ed9fdffce187b77a,observation_supports_campus,1047,fractracker:1047,campus identity evidence,9.6.2
campus:e54d36a90b958dfb,campus:e54d36a90b958dfb,campus:e54d36a90b958dfb,observation_supports_campus,1049,fractracker:1049,campus identity evidence,9.6.2
campus:2a580e0da4710237,campus:2a580e0da4710237,campus:2a580e0da4710237,observation_supports_campus,1050,fractracker:1050,campus identity evidence,9.6.2
campus:78b14384a93606c5,campus:78b14384a93606c5,campus:78b14384a93606c5,observation_supports_campus,1055,fractracker:1055,campus identity evidence,9.6.2
campus:7b4990267edfeec7,campus:7b4990267edfeec7,campus:7b4990267edfeec7,observation_supports_campus,1056,fractracker:1056,campus identity evidence,9.6.2
campus:b900ac088c2c8c9a,campus:b900ac088c2c8c9a,campus:b900ac088c2c8c9a,observation_supports_campus,1057,fractracker:1057,campus identity evidence,9.6.2
campus:00e35461967bb29b,campus:00e35461967bb29b,campus:00e35461967bb29b,observation_supports_campus,1064,fractracker:1064,campus identity evidence,9.6.2
campus:c7ab9e50f707afd3,campus:c7ab9e50f707afd3,campus:c7ab9e50f707afd3,observation_supports_campus,1068,fractracker:1068,campus identity evidence,9.6.2
campus:857aac48bcfbcfa1,campus:857aac48bcfbcfa1,campus:857aac48bcfbcfa1,observation_supports_campus,1072,fractracker:1072,campus identity evidence,9.6.2
campus:5402bd219baa5a1e,campus:5402bd219baa5a1e,campus:5402bd219baa5a1e,observation_supports_campus,1073,fractracker:1073,campus identity evidence,9.6.2
building:e135bedf4cf558ff,campus:bc686521ad88c394,campus:bc686521ad88c394,building_in_campus,im3-source:f658cef514373f30,im3:f658cef514373f30,source-native building observation,9.6.2
building:e135bedf4cf558ff,campus:bc686521ad88c394,campus:bc686521ad88c394,building_in_campus,osm-way-996723586,gigawatt:osm-way-996723586,source-native building observation,9.6.2
campus:bc686521ad88c394,campus:bc686521ad88c394,campus:bc686521ad88c394,observation_supports_campus,1074,fractracker:1074,campus identity evidence,9.6.2
building:32671fd45dc4a4bb,campus:c48baf3f1c93e683,campus:c48baf3f1c93e683,building_in_campus,im3-source:40d68bd4a86110ab,im3:40d68bd4a86110ab,source-native building observation,9.6.2
building:32671fd45dc4a4bb,campus:c48baf3f1c93e683,campus:c48baf3f1c93e683,building_in_campus,osm-way-1287260557,gigawatt:osm-way-1287260557,source-native building observation,9.6.2
campus:c48baf3f1c93e683,campus:c48baf3f1c93e683,campus:c48baf3f1c93e683,observation_supports_campus,1075,fractracker:1075,campus identity evidence,9.6.2
campus:549f438b8b5c33cc,campus:549f438b8b5c33cc,campus:549f438b8b5c33cc,observation_supports_campus,1076,fractracker:1076,campus identity evidence,9.6.2
campus:dc049567c8c97283,campus:dc049567c8c97283,campus:dc049567c8c97283,observation_supports_campus,1080,fractracker:1080,campus identity evidence,9.6.2
campus:655b85e5b85c6d89,campus:655b85e5b85c6d89,campus:655b85e5b85c6d89,observation_supports_campus,1082,fractracker:1082,campus identity evidence,9.6.2
campus:a6c13d275cc117cd,campus:a6c13d275cc117cd,campus:a6c13d275cc117cd,observation_supports_campus,1084,fractracker:1084,campus identity evidence,9.6.2
campus:f5c810b16d5b66e1,campus:f5c810b16d5b66e1,campus:f5c810b16d5b66e1,observation_supports_campus,1085,fractracker:1085,campus identity evidence,9.6.2
campus:20954da1348c9945,campus:20954da1348c9945,campus:20954da1348c9945,observation_supports_campus,1087,fractracker:1087,campus identity evidence,9.6.2
building:e12927d4d8545aa2,campus:510fd814c1019ac6,campus:510fd814c1019ac6,building_in_campus,osm-way-1000784035,gigawatt:osm-way-1000784035,source-native building observation,9.6.2
building:1796f9aab66d785d,campus:510fd814c1019ac6,campus:510fd814c1019ac6,building_in_campus,osm-way-1059030596,gigawatt:osm-way-1059030596,source-native building observation,9.6.2
building:4c12ec3fc0f41d1a,campus:510fd814c1019ac6,campus:510fd814c1019ac6,building_in_campus,osm-way-1059037050,gigawatt:osm-way-1059037050,source-native building observation,9.6.2
building:a5f0f46d23edaea2,campus:510fd814c1019ac6,campus:510fd814c1019ac6,building_in_campus,osm-way-1059037051,gigawatt:osm-way-1059037051,source-native building observation,9.6.2
building:10c11d02ebfc3132,campus:510fd814c1019ac6,campus:510fd814c1019ac6,building_in_campus,osm-way-1134911640,gigawatt:osm-way-1134911640,source-native building observation,9.6.2
building:ae58db1414f0bc10,campus:510fd814c1019ac6,campus:510fd814c1019ac6,building_in_campus,osm-way-1134911641,gigawatt:osm-way-1134911641,source-native building observation,9.6.2
building:962b3b64b1e14ba9,campus:510fd814c1019ac6,campus:510fd814c1019ac6,building_in_campus,osm-way-1221862807,gigawatt:osm-way-1221862807,source-native building observation,9.6.2
building:a37d65d854d352ef,campus:510fd814c1019ac6,campus:510fd814c1019ac6,building_in_campus,osm-way-1280340215,gigawatt:osm-way-1280340215,source-native building observation,9.6.2
campus:510fd814c1019ac6,campus:510fd814c1019ac6,campus:510fd814c1019ac6,observation_supports_campus,1088,fractracker:1088,campus identity evidence,9.6.2
campus:fa50fc3912667ec5,campus:fa50fc3912667ec5,campus:fa50fc3912667ec5,observation_supports_campus,1089,fractracker:1089,campus identity evidence,9.6.2
campus:3cd20fa1c7ea52fc,campus:3cd20fa1c7ea52fc,campus:3cd20fa1c7ea52fc,observation_supports_campus,1090,fractracker:1090,campus identity evidence,9.6.2
campus:d090a9c6ed3af5d7,campus:d090a9c6ed3af5d7,campus:d090a9c6ed3af5d7,observation_supports_campus,1092,fractracker:1092,campus identity evidence,9.6.2
campus:6a5391cc76299296,campus:6a5391cc76299296,campus:6a5391cc76299296,observation_supports_campus,1095,fractracker:1095,campus identity evidence,9.6.2
campus:963d73b63e72c2bf,campus:963d73b63e72c2bf,campus:963d73b63e72c2bf,observation_supports_campus,1096,fractracker:1096,campus identity evidence,9.6.2
campus:eb9fffcac1199b62,campus:eb9fffcac1199b62,campus:eb9fffcac1199b62,observation_supports_campus,1104,fractracker:1104,campus identity evidence,9.6.2
campus:338acdfb01c95f41,campus:338acdfb01c95f41,campus:338acdfb01c95f41,observation_supports_campus,1105,fractracker:1105,campus identity evidence,9.6.2
campus:3636f70401d39bb9,campus:3636f70401d39bb9,campus:3636f70401d39bb9,observation_supports_campus,1106,fractracker:1106,campus identity evidence,9.6.2
campus:e00ad765fb3ead56,campus:e00ad765fb3ead56,campus:e00ad765fb3ead56,observation_supports_campus,1107,fractracker:1107,campus identity evidence,9.6.2
building:0b283eb68b853033,campus:61da03f47ce2955f,campus:61da03f47ce2955f,building_in_campus,osm-way-1181391921,gigawatt:osm-way-1181391921,source-native building observation,9.6.2
building:ba0600b67dd6a3ef,campus:61da03f47ce2955f,campus:61da03f47ce2955f,building_in_campus,osm-way-1181391922,gigawatt:osm-way-1181391922,source-native building observation,9.6.2
campus:61da03f47ce2955f,campus:61da03f47ce2955f,campus:61da03f47ce2955f,observation_supports_campus,1108,fractracker:1108,campus identity evidence,9.6.2
campus:a866a3793f88d224,campus:a866a3793f88d224,campus:a866a3793f88d224,observation_supports_campus,1111,fractracker:1111,campus identity evidence,9.6.2
campus:8f31c5f68b1ad3b6,campus:8f31c5f68b1ad3b6,campus:8f31c5f68b1ad3b6,observation_supports_campus,1112,fractracker:1112,campus identity evidence,9.6.2
campus:658af7157c9b6dba,campus:658af7157c9b6dba,campus:658af7157c9b6dba,observation_supports_campus,1114,fractracker:1114,campus identity evidence,9.6.2
campus:2a7db6b0165480cb,campus:2a7db6b0165480cb,campus:2a7db6b0165480cb,observation_supports_campus,1115,fractracker:1115,campus identity evidence,9.6.2
campus:8e55e944d1c60e1e,campus:8e55e944d1c60e1e,campus:8e55e944d1c60e1e,observation_supports_campus,1116,fractracker:1116,campus identity evidence,9.6.2
campus:dd4d7f4e8059baff,campus:dd4d7f4e8059baff,campus:dd4d7f4e8059baff,observation_supports_campus,1118,fractracker:1118,campus identity evidence,9.6.2
campus:072e64d37c5b352a,campus:072e64d37c5b352a,campus:072e64d37c5b352a,observation_supports_campus,1119,fractracker:1119,campus identity evidence,9.6.2
campus:ffa916d0741e45d6,campus:ffa916d0741e45d6,campus:ffa916d0741e45d6,observation_supports_campus,1120,fractracker:1120,campus identity evidence,9.6.2
campus:dcc8d04d501d269c,campus:dcc8d04d501d269c,campus:dcc8d04d501d269c,observation_supports_campus,1123,fractracker:1123,campus identity evidence,9.6.2
campus:809258751d90fc72,campus:809258751d90fc72,campus:809258751d90fc72,observation_supports_campus,1125,fractracker:1125,campus identity evidence,9.6.2
campus:1b42e4b977b5684a,campus:1b42e4b977b5684a,campus:1b42e4b977b5684a,observation_supports_campus,1126,fractracker:1126,campus identity evidence,9.6.2
campus:efacebd14f7f288d,campus:efacebd14f7f288d,campus:efacebd14f7f288d,observation_supports_campus,1127,fractracker:1127,campus identity evidence,9.6.2
campus:d211dfa6678f897b,campus:d211dfa6678f897b,campus:d211dfa6678f897b,observation_supports_campus,1128,fractracker:1128,campus identity evidence,9.6.2
campus:d4614e3a48cff26a,campus:d4614e3a48cff26a,campus:d4614e3a48cff26a,observation_supports_campus,1129,fractracker:1129,campus identity evidence,9.6.2
campus:756b9b16cc4f2142,campus:756b9b16cc4f2142,campus:756b9b16cc4f2142,observation_supports_campus,113,fractracker:113,campus identity evidence,9.6.2
building:5e569b5461fe69fd,campus:23603b838d16d87c,campus:23603b838d16d87c,building_in_campus,im3-source:7893be4912f3a9e0,im3:7893be4912f3a9e0,source-native building observation,9.6.2
building:5e569b5461fe69fd,campus:23603b838d16d87c,campus:23603b838d16d87c,building_in_campus,osm-way-79818498,gigawatt:osm-way-79818498,source-native building observation,9.6.2
campus:23603b838d16d87c,campus:23603b838d16d87c,campus:23603b838d16d87c,observation_supports_campus,1130,fractracker:1130,campus identity evidence,9.6.2
building:8c2fdca4267cf0cd,campus:e0a08c155dc94c51,campus:e0a08c155dc94c51,building_in_campus,im3-source:09e64421b9d9875e,im3:09e64421b9d9875e,source-native building observation,9.6.2
campus:e0a08c155dc94c51,campus:e0a08c155dc94c51,campus:e0a08c155dc94c51,observation_supports_campus,1131,fractracker:1131,campus identity evidence,9.6.2
building:015a8b054a6d6abb,campus:535f8e2a9b098694,campus:535f8e2a9b098694,building_in_campus,im3-source:87ce3b5acf713006,im3:87ce3b5acf713006,source-native building observation,9.6.2
building:015a8b054a6d6abb,campus:535f8e2a9b098694,campus:535f8e2a9b098694,building_in_campus,osm-way-79298926,gigawatt:osm-way-79298926,source-native building observation,9.6.2
building:cae8f4325cfa2cb6,campus:535f8e2a9b098694,campus:535f8e2a9b098694,building_in_campus,im3-source:f61d72dc8feea2de,im3:f61d72dc8feea2de,source-native building observation,9.6.2
building:cae8f4325cfa2cb6,campus:535f8e2a9b098694,campus:535f8e2a9b098694,building_in_campus,osm-way-1134104431,gigawatt:osm-way-1134104431,source-native building observation,9.6.2
campus:535f8e2a9b098694,campus:535f8e2a9b098694,campus:535f8e2a9b098694,observation_supports_campus,1134,fractracker:1134,campus identity evidence,9.6.2
campus:9c7b4bffad6a60a2,campus:9c7b4bffad6a60a2,campus:9c7b4bffad6a60a2,observation_supports_campus,1135,fractracker:1135,campus identity evidence,9.6.2
campus:9c7b4bffad6a60a2,campus:9c7b4bffad6a60a2,campus:9c7b4bffad6a60a2,observation_supports_campus,1136,fractracker:1136,campus identity evidence,9.6.2
campus:b9189f8b3120c253,campus:b9189f8b3120c253,campus:b9189f8b3120c253,observation_supports_campus,1140,fractracker:1140,campus identity evidence,9.6.2
campus:039a9734e0e515bf,campus:039a9734e0e515bf,campus:039a9734e0e515bf,observation_supports_campus,1141,fractracker:1141,campus identity evidence,9.6.2
campus:f8ca6989ec835779,campus:f8ca6989ec835779,campus:f8ca6989ec835779,observation_supports_campus,1149,fractracker:1149,campus identity evidence,9.6.2
campus:5ff4499613430507,campus:5ff4499613430507,campus:5ff4499613430507,observation_supports_campus,115,fractracker:115,campus identity evidence,9.6.2
campus:9d756a29cadcc522,campus:9d756a29cadcc522,campus:9d756a29cadcc522,observation_supports_campus,1157,fractracker:1157,campus identity evidence,9.6.2
campus:8d5b1b1142643c96,campus:8d5b1b1142643c96,campus:8d5b1b1142643c96,observation_supports_campus,1160,fractracker:1160,campus identity evidence,9.6.2
campus:a3e85941bd7f46af,campus:a3e85941bd7f46af,campus:a3e85941bd7f46af,observation_supports_campus,1162,fractracker:1162,campus identity evidence,9.6.2
building:40383a1c2b7b11f4,campus:d98eef93a523237f,campus:d98eef93a523237f,building_in_campus,osm-way-1252196826,gigawatt:osm-way-1252196826,source-native building observation,9.6.2
campus:d98eef93a523237f,campus:d98eef93a523237f,campus:d98eef93a523237f,observation_supports_campus,1165,fractracker:1165,campus identity evidence,9.6.2
campus:595276ba127ece12,campus:595276ba127ece12,campus:595276ba127ece12,observation_supports_campus,1166,fractracker:1166,campus identity evidence,9.6.2
campus:b058cf3a3aefc764,campus:b058cf3a3aefc764,campus:b058cf3a3aefc764,observation_supports_campus,1168,fractracker:1168,campus identity evidence,9.6.2
campus:5e17be08f557241d,campus:5e17be08f557241d,campus:5e17be08f557241d,observation_supports_campus,1169,fractracker:1169,campus identity evidence,9.6.2
campus:e5c8a67646952f6d,campus:e5c8a67646952f6d,campus:e5c8a67646952f6d,observation_supports_campus,1170,fractracker:1170,campus identity evidence,9.6.2
campus:f61877b7fdba71f0,campus:f61877b7fdba71f0,campus:f61877b7fdba71f0,observation_supports_campus,1172,fractracker:1172,campus identity evidence,9.6.2
campus:de8d42fa4df99f12,campus:de8d42fa4df99f12,campus:de8d42fa4df99f12,observation_supports_campus,1173,fractracker:1173,campus identity evidence,9.6.2
campus:40a09774619011a7,campus:40a09774619011a7,campus:40a09774619011a7,observation_supports_campus,1174,fractracker:1174,campus identity evidence,9.6.2
campus:e12ce67bde1a3bb3,campus:e12ce67bde1a3bb3,campus:e12ce67bde1a3bb3,observation_supports_campus,1178,fractracker:1178,campus identity evidence,9.6.2
campus:30eb5f62229199c2,campus:30eb5f62229199c2,campus:30eb5f62229199c2,observation_supports_campus,1179,fractracker:1179,campus identity evidence,9.6.2
campus:c0ed6a77872587a4,campus:c0ed6a77872587a4,campus:c0ed6a77872587a4,observation_supports_campus,1181,fractracker:1181,campus identity evidence,9.6.2
campus:7934172b0e972652,campus:7934172b0e972652,campus:7934172b0e972652,observation_supports_campus,1185,fractracker:1185,campus identity evidence,9.6.2
campus:2078ba3d51c8a960,campus:2078ba3d51c8a960,campus:2078ba3d51c8a960,observation_supports_campus,1188,fractracker:1188,campus identity evidence,9.6.2
campus:70985e60099b3c77,campus:70985e60099b3c77,campus:70985e60099b3c77,observation_supports_campus,1189,fractracker:1189,campus identity evidence,9.6.2
campus:110533dbaf8434e9,campus:110533dbaf8434e9,campus:110533dbaf8434e9,observation_supports_campus,1190,fractracker:1190,campus identity evidence,9.6.2
building:cb2c161bf41229c5,campus:df3600bc478a45b0,campus:df3600bc478a45b0,building_in_campus,im3-source:0c7f55070c38a085,im3:0c7f55070c38a085,source-native building observation,9.6.2
campus:df3600bc478a45b0,campus:df3600bc478a45b0,campus:df3600bc478a45b0,observation_supports_campus,1191,fractracker:1191,campus identity evidence,9.6.2
campus:f09fd9d937c4b54b,campus:f09fd9d937c4b54b,campus:f09fd9d937c4b54b,observation_supports_campus,1194,fractracker:1194,campus identity evidence,9.6.2
campus:8e20615eb95a31c2,campus:8e20615eb95a31c2,campus:8e20615eb95a31c2,observation_supports_campus,1196,fractracker:1196,campus identity evidence,9.6.2
campus:8e0806ea9d02d6b9,campus:8e0806ea9d02d6b9,campus:8e0806ea9d02d6b9,observation_supports_campus,1198,fractracker:1198,campus identity evidence,9.6.2
campus:48483379d09200fa,campus:48483379d09200fa,campus:48483379d09200fa,observation_supports_campus,1199,fractracker:1199,campus identity evidence,9.6.2
campus:d9b25bbdc91b3398,campus:d9b25bbdc91b3398,campus:d9b25bbdc91b3398,observation_supports_campus,1202,fractracker:1202,campus identity evidence,9.6.2
campus:2128eb996adaefb5,campus:2128eb996adaefb5,campus:2128eb996adaefb5,observation_supports_campus,1203,fractracker:1203,campus identity evidence,9.6.2
campus:3c9218ade8b1b18a,campus:3c9218ade8b1b18a,campus:3c9218ade8b1b18a,observation_supports_campus,1207,fractracker:1207,campus identity evidence,9.6.2
campus:54a5830a17e6e50f,campus:54a5830a17e6e50f,campus:54a5830a17e6e50f,observation_supports_campus,1208,fractracker:1208,campus identity evidence,9.6.2
campus:b626e9a2e77f76c5,campus:b626e9a2e77f76c5,campus:b626e9a2e77f76c5,observation_supports_campus,1209,fractracker:1209,campus identity evidence,9.6.2
campus:2e389e6df2314ebb,campus:2e389e6df2314ebb,campus:2e389e6df2314ebb,observation_supports_campus,1210,fractracker:1210,campus identity evidence,9.6.2
campus:d9a988466431eb42,campus:d9a988466431eb42,campus:d9a988466431eb42,observation_supports_campus,1211,fractracker:1211,campus identity evidence,9.6.2
campus:5b377f2ea56b87ec,campus:5b377f2ea56b87ec,campus:5b377f2ea56b87ec,observation_supports_campus,1212,fractracker:1212,campus identity evidence,9.6.2
campus:9494cf333f3efb68,campus:9494cf333f3efb68,campus:9494cf333f3efb68,observation_supports_campus,1214,fractracker:1214,campus identity evidence,9.6.2
campus:036c9aa2f554d5b2,campus:036c9aa2f554d5b2,campus:036c9aa2f554d5b2,observation_supports_campus,1215,fractracker:1215,campus identity evidence,9.6.2
campus:f752aedaefdceea6,campus:f752aedaefdceea6,campus:f752aedaefdceea6,observation_supports_campus,1218,fractracker:1218,campus identity evidence,9.6.2
campus:0d2dc76d6bb3abc5,campus:0d2dc76d6bb3abc5,campus:0d2dc76d6bb3abc5,observation_supports_campus,1219,fractracker:1219,campus identity evidence,9.6.2
building:f5cc6d452fae143d,campus:e2e51fecf305d27a,campus:e2e51fecf305d27a,building_in_campus,im3-source:eddf0090530fc2ec,im3:eddf0090530fc2ec,source-native building observation,9.6.2
building:f5cc6d452fae143d,campus:e2e51fecf305d27a,campus:e2e51fecf305d27a,building_in_campus,osm-way-1276518684,gigawatt:osm-way-1276518684,source-native building observation,9.6.2
campus:e2e51fecf305d27a,campus:e2e51fecf305d27a,campus:e2e51fecf305d27a,observation_supports_campus,1220,fractracker:1220,campus identity evidence,9.6.2
campus:9179a27225691dbe,campus:9179a27225691dbe,campus:9179a27225691dbe,observation_supports_campus,1221,fractracker:1221,campus identity evidence,9.6.2
campus:e199dda61e3cbf00,campus:e199dda61e3cbf00,campus:e199dda61e3cbf00,observation_supports_campus,1225,fractracker:1225,campus identity evidence,9.6.2
campus:d2a7cb7da7aeb503,campus:d2a7cb7da7aeb503,campus:d2a7cb7da7aeb503,observation_supports_campus,1226,fractracker:1226,campus identity evidence,9.6.2
campus:b8110fa213abfcc7,campus:b8110fa213abfcc7,campus:b8110fa213abfcc7,observation_supports_campus,1227,fractracker:1227,campus identity evidence,9.6.2
campus:0f6804f824ef2d62,campus:0f6804f824ef2d62,campus:0f6804f824ef2d62,observation_supports_campus,1229,fractracker:1229,campus identity evidence,9.6.2
campus:31df85c95ce64c1f,campus:31df85c95ce64c1f,campus:31df85c95ce64c1f,observation_supports_campus,1230,fractracker:1230,campus identity evidence,9.6.2
campus:dc0f7442061755f8,campus:dc0f7442061755f8,campus:dc0f7442061755f8,observation_supports_campus,1234,fractracker:1234,campus identity evidence,9.6.2
campus:6b908689fc878ee0,campus:6b908689fc878ee0,campus:6b908689fc878ee0,observation_supports_campus,1235,fractracker:1235,campus identity evidence,9.6.2
campus:867b0e8769788cbd,campus:867b0e8769788cbd,campus:867b0e8769788cbd,observation_supports_campus,1236,fractracker:1236,campus identity evidence,9.6.2
campus:93d8f7b0012bd839,campus:93d8f7b0012bd839,campus:93d8f7b0012bd839,observation_supports_campus,1239,fractracker:1239,campus identity evidence,9.6.2
campus:750836fb450965ae,campus:750836fb450965ae,campus:750836fb450965ae,observation_supports_campus,1241,fractracker:1241,campus identity evidence,9.6.2
campus:d5971da50306b92a,campus:d5971da50306b92a,campus:d5971da50306b92a,observation_supports_campus,1242,fractracker:1242,campus identity evidence,9.6.2
campus:8863e3c5e2949bc8,campus:8863e3c5e2949bc8,campus:8863e3c5e2949bc8,observation_supports_campus,1243,fractracker:1243,campus identity evidence,9.6.2
campus:fc3cdc70062791fe,campus:fc3cdc70062791fe,campus:fc3cdc70062791fe,observation_supports_campus,1245,fractracker:1245,campus identity evidence,9.6.2
campus:2ed4853d38351358,campus:2ed4853d38351358,campus:2ed4853d38351358,observation_supports_campus,1250,fractracker:1250,campus identity evidence,9.6.2
campus:9c203106c298ac1a,campus:9c203106c298ac1a,campus:9c203106c298ac1a,observation_supports_campus,1251,fractracker:1251,campus identity evidence,9.6.2
campus:824ecf88a75e570c,campus:824ecf88a75e570c,campus:824ecf88a75e570c,observation_supports_campus,1253,fractracker:1253,campus identity evidence,9.6.2
campus:42d5275e356da66b,campus:42d5275e356da66b,campus:42d5275e356da66b,observation_supports_campus,1254,fractracker:1254,campus identity evidence,9.6.2
building:1d1b307a5a85d9ee,campus:8912427c6e5f84d0,campus:8912427c6e5f84d0,building_in_campus,osm-way-701924665,gigawatt:osm-way-701924665,source-native building observation,9.6.2
building:ec801898205d86cc,campus:8912427c6e5f84d0,campus:8912427c6e5f84d0,building_in_campus,osm-way-985207884,gigawatt:osm-way-985207884,source-native building observation,9.6.2
campus:8912427c6e5f84d0,campus:8912427c6e5f84d0,campus:8912427c6e5f84d0,observation_supports_campus,1255,fractracker:1255,campus identity evidence,9.6.2
building:e83ea71e50c12682,campus:ae3ec26a8a753125,campus:ae3ec26a8a753125,building_in_campus,osm-way-1344901575,gigawatt:osm-way-1344901575,source-native building observation,9.6.2
campus:ae3ec26a8a753125,campus:ae3ec26a8a753125,campus:ae3ec26a8a753125,observation_supports_campus,1257,fractracker:1257,campus identity evidence,9.6.2
campus:7bf3fbabc55e45b3,campus:7bf3fbabc55e45b3,campus:7bf3fbabc55e45b3,observation_supports_campus,1259,fractracker:1259,campus identity evidence,9.6.2
campus:f7da2a3c117a9745,campus:f7da2a3c117a9745,campus:f7da2a3c117a9745,observation_supports_campus,1260,fractracker:1260,campus identity evidence,9.6.2
campus:d35a14d6777423d1,campus:d35a14d6777423d1,campus:d35a14d6777423d1,observation_supports_campus,1261,fractracker:1261,campus identity evidence,9.6.2
campus:c6d552bf726f017f,campus:c6d552bf726f017f,campus:c6d552bf726f017f,observation_supports_campus,1263,fractracker:1263,campus identity evidence,9.6.2
campus:a0280eac2e2acd18,campus:a0280eac2e2acd18,campus:a0280eac2e2acd18,observation_supports_campus,1264,fractracker:1264,campus identity evidence,9.6.2
campus:36da44883d37f79e,campus:36da44883d37f79e,campus:36da44883d37f79e,observation_supports_campus,1265,fractracker:1265,campus identity evidence,9.6.2
campus:fee96353201e591e,campus:fee96353201e591e,campus:fee96353201e591e,observation_supports_campus,1268,fractracker:1268,campus identity evidence,9.6.2
campus:005e2e078ee6609d,campus:005e2e078ee6609d,campus:005e2e078ee6609d,observation_supports_campus,1269,fractracker:1269,campus identity evidence,9.6.2
campus:06fff7f37ee14b3b,campus:06fff7f37ee14b3b,campus:06fff7f37ee14b3b,observation_supports_campus,1271,fractracker:1271,campus identity evidence,9.6.2
campus:d5d13bf5697ceb63,campus:d5d13bf5697ceb63,campus:d5d13bf5697ceb63,observation_supports_campus,1272,fractracker:1272,campus identity evidence,9.6.2
campus:1ad8365e9f410dff,campus:1ad8365e9f410dff,campus:1ad8365e9f410dff,observation_supports_campus,1273,fractracker:1273,campus identity evidence,9.6.2
campus:30d30d05f56227fd,campus:30d30d05f56227fd,campus:30d30d05f56227fd,observation_supports_campus,1282,fractracker:1282,campus identity evidence,9.6.2
campus:9a5090e24b1cd673,campus:9a5090e24b1cd673,campus:9a5090e24b1cd673,observation_supports_campus,1283,fractracker:1283,campus identity evidence,9.6.2
campus:cc2920a0e5a1d260,campus:cc2920a0e5a1d260,campus:cc2920a0e5a1d260,observation_supports_campus,1295,fractracker:1295,campus identity evidence,9.6.2
campus:7608f1f83d003d49,campus:7608f1f83d003d49,campus:7608f1f83d003d49,observation_supports_campus,1299,fractracker:1299,campus identity evidence,9.6.2
campus:a99cb796eb9fa2be,campus:a99cb796eb9fa2be,campus:a99cb796eb9fa2be,observation_supports_campus,13,fractracker:13,campus identity evidence,9.6.2
campus:b8a8b1b7c788fb89,campus:b8a8b1b7c788fb89,campus:b8a8b1b7c788fb89,observation_supports_campus,1300,fractracker:1300,campus identity evidence,9.6.2
campus:9f5664563389f4d4,campus:9f5664563389f4d4,campus:9f5664563389f4d4,observation_supports_campus,1301,fractracker:1301,campus identity evidence,9.6.2
campus:e8c198ffeba46c09,campus:e8c198ffeba46c09,campus:e8c198ffeba46c09,observation_supports_campus,1302,fractracker:1302,campus identity evidence,9.6.2
campus:e8c198ffeba46c09,campus:e8c198ffeba46c09,campus:e8c198ffeba46c09,observation_supports_campus,1307,fractracker:1307,campus identity evidence,9.6.2
campus:e8c198ffeba46c09,campus:e8c198ffeba46c09,campus:e8c198ffeba46c09,observation_supports_campus,1306,fractracker:1306,campus identity evidence,9.6.2
campus:e8c198ffeba46c09,campus:e8c198ffeba46c09,campus:e8c198ffeba46c09,observation_supports_campus,microsoft-mt-pleasant-wi,gigawatt:microsoft-mt-pleasant-wi,campus identity evidence,9.6.2
campus:16842a23e4763136,campus:16842a23e4763136,campus:16842a23e4763136,observation_supports_campus,1303,fractracker:1303,campus identity evidence,9.6.2
campus:3189c4b5e7e256af,campus:3189c4b5e7e256af,campus:3189c4b5e7e256af,observation_supports_campus,1304,fractracker:1304,campus identity evidence,9.6.2
campus:a074af5916363fb7,campus:a074af5916363fb7,campus:a074af5916363fb7,observation_supports_campus,1305,fractracker:1305,campus identity evidence,9.6.2
campus:afc33b483fa3e03b,campus:afc33b483fa3e03b,campus:afc33b483fa3e03b,observation_supports_campus,1308,fractracker:1308,campus identity evidence,9.6.2
campus:3605e94abaed02a4,campus:3605e94abaed02a4,campus:3605e94abaed02a4,observation_supports_campus,1309,fractracker:1309,campus identity evidence,9.6.2
campus:8fa4cabeb3ddf687,campus:8fa4cabeb3ddf687,campus:8fa4cabeb3ddf687,observation_supports_campus,1310,fractracker:1310,campus identity evidence,9.6.2
campus:e2972f8a0d961675,campus:e2972f8a0d961675,campus:e2972f8a0d961675,observation_supports_campus,1314,fractracker:1314,campus identity evidence,9.6.2
campus:c774bb0d9c8f7cbd,campus:c774bb0d9c8f7cbd,campus:c774bb0d9c8f7cbd,observation_supports_campus,1315,fractracker:1315,campus identity evidence,9.6.2
campus:87b9a04adf7b5b44,campus:87b9a04adf7b5b44,campus:87b9a04adf7b5b44,observation_supports_campus,1316,fractracker:1316,campus identity evidence,9.6.2
campus:249a18b9c0479ea9,campus:249a18b9c0479ea9,campus:249a18b9c0479ea9,observation_supports_campus,1317,fractracker:1317,campus identity evidence,9.6.2
campus:4ca0ca79b4f5d521,campus:4ca0ca79b4f5d521,campus:4ca0ca79b4f5d521,observation_supports_campus,1320,fractracker:1320,campus identity evidence,9.6.2
campus:479f9a0e84184f86,campus:479f9a0e84184f86,campus:479f9a0e84184f86,observation_supports_campus,1321,fractracker:1321,campus identity evidence,9.6.2
campus:f7a390aee52a3666,campus:f7a390aee52a3666,campus:f7a390aee52a3666,observation_supports_campus,1322,fractracker:1322,campus identity evidence,9.6.2
campus:f06563719628565a,campus:f06563719628565a,campus:f06563719628565a,observation_supports_campus,135,fractracker:135,campus identity evidence,9.6.2
campus:0e9cbe4e717e674d,campus:0e9cbe4e717e674d,campus:0e9cbe4e717e674d,observation_supports_campus,137,fractracker:137,campus identity evidence,9.6.2
campus:fe938971eb947d2a,campus:fe938971eb947d2a,campus:fe938971eb947d2a,observation_supports_campus,139,fractracker:139,campus identity evidence,9.6.2
campus:bd897d1c8fa173c5,campus:bd897d1c8fa173c5,campus:bd897d1c8fa173c5,observation_supports_campus,144,fractracker:144,campus identity evidence,9.6.2
campus:2b0b10390aa9282b,campus:2b0b10390aa9282b,campus:2b0b10390aa9282b,observation_supports_campus,146,fractracker:146,campus identity evidence,9.6.2
campus:2019cb4e5563ba16,campus:2019cb4e5563ba16,campus:2019cb4e5563ba16,observation_supports_campus,150,fractracker:150,campus identity evidence,9.6.2
campus:2169fa4844ae5094,campus:2169fa4844ae5094,campus:2169fa4844ae5094,observation_supports_campus,151,fractracker:151,campus identity evidence,9.6.2
campus:1468897ef5d39fe8,campus:1468897ef5d39fe8,campus:1468897ef5d39fe8,observation_supports_campus,162,fractracker:162,campus identity evidence,9.6.2
campus:3f41c408f89e54ca,campus:3f41c408f89e54ca,campus:3f41c408f89e54ca,observation_supports_campus,164,fractracker:164,campus identity evidence,9.6.2
campus:b7e7efb095cc1f91,campus:b7e7efb095cc1f91,campus:b7e7efb095cc1f91,observation_supports_campus,165,fractracker:165,campus identity evidence,9.6.2
building:9455053e740b9b31,campus:4827bf4d3d09fed6,campus:4827bf4d3d09fed6,building_in_campus,im3-source:99aa33aa7df5cd4c,im3:99aa33aa7df5cd4c,source-native building observation,9.6.2
campus:4827bf4d3d09fed6,campus:4827bf4d3d09fed6,campus:4827bf4d3d09fed6,observation_supports_campus,169,fractracker:169,campus identity evidence,9.6.2
building:876722249b9743bc,campus:6b9aef355afaabc3,campus:6b9aef355afaabc3,building_in_campus,im3-source:bf7ec026210d7e59,im3:bf7ec026210d7e59,source-native building observation,9.6.2
campus:6b9aef355afaabc3,campus:6b9aef355afaabc3,campus:6b9aef355afaabc3,observation_supports_campus,170,fractracker:170,campus identity evidence,9.6.2
campus:9d59d5292d4e9cc3,campus:9d59d5292d4e9cc3,campus:9d59d5292d4e9cc3,observation_supports_campus,172,fractracker:172,campus identity evidence,9.6.2
campus:0faa2a2a14b52efd,campus:0faa2a2a14b52efd,campus:0faa2a2a14b52efd,observation_supports_campus,173,fractracker:173,campus identity evidence,9.6.2
campus:46cdc3e386c60d15,campus:46cdc3e386c60d15,campus:46cdc3e386c60d15,observation_supports_campus,176,fractracker:176,campus identity evidence,9.6.2
campus:fbcff465b0fa5035,campus:fbcff465b0fa5035,campus:fbcff465b0fa5035,observation_supports_campus,178,fractracker:178,campus identity evidence,9.6.2
campus:dce37de57d4ca9cc,campus:dce37de57d4ca9cc,campus:dce37de57d4ca9cc,observation_supports_campus,182,fractracker:182,campus identity evidence,9.6.2
campus:eacde485423e6c26,campus:eacde485423e6c26,campus:eacde485423e6c26,observation_supports_campus,185,fractracker:185,campus identity evidence,9.6.2
campus:da707499c817a377,campus:da707499c817a377,campus:da707499c817a377,observation_supports_campus,190,fractracker:190,campus identity evidence,9.6.2
campus:552f333962423777,campus:552f333962423777,campus:552f333962423777,observation_supports_campus,197,fractracker:197,campus identity evidence,9.6.2
campus:4f4d5d793b15ebf8,campus:4f4d5d793b15ebf8,campus:4f4d5d793b15ebf8,observation_supports_campus,198,fractracker:198,campus identity evidence,9.6.2
campus:bb937ab27c930222,campus:bb937ab27c930222,campus:bb937ab27c930222,observation_supports_campus,20,fractracker:20,campus identity evidence,9.6.2
campus:977db5302c508a5d,campus:977db5302c508a5d,campus:977db5302c508a5d,observation_supports_campus,200,fractracker:200,campus identity evidence,9.6.2
campus:05437384964c750a,campus:05437384964c750a,campus:05437384964c750a,observation_supports_campus,201,fractracker:201,campus identity evidence,9.6.2
campus:6531415818cdaecf,campus:6531415818cdaecf,campus:6531415818cdaecf,observation_supports_campus,208,fractracker:208,campus identity evidence,9.6.2
campus:358857f38a46915a,campus:358857f38a46915a,campus:358857f38a46915a,observation_supports_campus,214,fractracker:214,campus identity evidence,9.6.2
building:62a5c8230e01a3a8,campus:57ed47acf0b629b9,campus:57ed47acf0b629b9,building_in_campus,im3-source:6e15c9e415cb0197,im3:6e15c9e415cb0197,source-native building observation,9.6.2
building:62a5c8230e01a3a8,campus:57ed47acf0b629b9,campus:57ed47acf0b629b9,building_in_campus,osm-way-1070895994,gigawatt:osm-way-1070895994,source-native building observation,9.6.2
building:70ad5a255aec71b8,campus:57ed47acf0b629b9,campus:57ed47acf0b629b9,building_in_campus,im3-source:6f3bc09f92811b3f,im3:6f3bc09f92811b3f,source-native building observation,9.6.2
building:70ad5a255aec71b8,campus:57ed47acf0b629b9,campus:57ed47acf0b629b9,building_in_campus,osm-way-1054387471,gigawatt:osm-way-1054387471,source-native building observation,9.6.2
building:b415419f94833e8d,campus:57ed47acf0b629b9,campus:57ed47acf0b629b9,building_in_campus,im3-source:d6bba6ae2d996231,im3:d6bba6ae2d996231,source-native building observation,9.6.2
building:b415419f94833e8d,campus:57ed47acf0b629b9,campus:57ed47acf0b629b9,building_in_campus,osm-way-1070895993,gigawatt:osm-way-1070895993,source-native building observation,9.6.2
building:572187cc0a783cdc,campus:57ed47acf0b629b9,campus:57ed47acf0b629b9,building_in_campus,osm-way-1054387470,gigawatt:osm-way-1054387470,source-native building observation,9.6.2
campus:57ed47acf0b629b9,campus:57ed47acf0b629b9,campus:57ed47acf0b629b9,observation_supports_campus,225,fractracker:225,campus identity evidence,9.6.2
campus:c62217c64f418027,campus:c62217c64f418027,campus:c62217c64f418027,observation_supports_campus,229,fractracker:229,campus identity evidence,9.6.2
campus:3f4687189e5c55d0,campus:3f4687189e5c55d0,campus:3f4687189e5c55d0,observation_supports_campus,234,fractracker:234,campus identity evidence,9.6.2
campus:3f4687189e5c55d0,campus:3f4687189e5c55d0,campus:3f4687189e5c55d0,observation_supports_campus,235,fractracker:235,campus identity evidence,9.6.2
campus:903d59a0e8ce8fd1,campus:903d59a0e8ce8fd1,campus:903d59a0e8ce8fd1,observation_supports_campus,242,fractracker:242,campus identity evidence,9.6.2
campus:f0a48b4a2cbd49b9,campus:f0a48b4a2cbd49b9,campus:f0a48b4a2cbd49b9,observation_supports_campus,246,fractracker:246,campus identity evidence,9.6.2
campus:fb624dc8b285f5c0,campus:fb624dc8b285f5c0,campus:fb624dc8b285f5c0,observation_supports_campus,247,fractracker:247,campus identity evidence,9.6.2
campus:7dd378dceeaa3a2b,campus:7dd378dceeaa3a2b,campus:7dd378dceeaa3a2b,observation_supports_campus,251,fractracker:251,campus identity evidence,9.6.2
campus:4ced1260875d3fc8,campus:4ced1260875d3fc8,campus:4ced1260875d3fc8,observation_supports_campus,254,fractracker:254,campus identity evidence,9.6.2
campus:3893db05f71094b5,campus:3893db05f71094b5,campus:3893db05f71094b5,observation_supports_campus,256,fractracker:256,campus identity evidence,9.6.2
campus:9b3f24eed36b0059,campus:9b3f24eed36b0059,campus:9b3f24eed36b0059,observation_supports_campus,258,fractracker:258,campus identity evidence,9.6.2
building:65cf0e62f5bd12f9,campus:6ecd581c0a1c3201,campus:6ecd581c0a1c3201,building_in_campus,im3-source:4a5a0aa0544affe5,im3:4a5a0aa0544affe5,source-native building observation,9.6.2
building:65cf0e62f5bd12f9,campus:6ecd581c0a1c3201,campus:6ecd581c0a1c3201,building_in_campus,osm-way-1173569101,gigawatt:osm-way-1173569101,source-native building observation,9.6.2
building:35628dd8dd8b6f07,campus:6ecd581c0a1c3201,campus:6ecd581c0a1c3201,building_in_campus,im3-source:8445fe42cb627b4f,im3:8445fe42cb627b4f,source-native building observation,9.6.2
building:35628dd8dd8b6f07,campus:6ecd581c0a1c3201,campus:6ecd581c0a1c3201,building_in_campus,osm-way-1375475071,gigawatt:osm-way-1375475071,source-native building observation,9.6.2
building:4012a31df61fdfe5,campus:6ecd581c0a1c3201,campus:6ecd581c0a1c3201,building_in_campus,im3-source:930e0e311d7217a5,im3:930e0e311d7217a5,source-native building observation,9.6.2
building:4012a31df61fdfe5,campus:6ecd581c0a1c3201,campus:6ecd581c0a1c3201,building_in_campus,osm-way-1375475072,gigawatt:osm-way-1375475072,source-native building observation,9.6.2
building:4175bc114bb6cf72,campus:6ecd581c0a1c3201,campus:6ecd581c0a1c3201,building_in_campus,im3-source:e8ad26250009bba7,im3:e8ad26250009bba7,source-native building observation,9.6.2
building:4175bc114bb6cf72,campus:6ecd581c0a1c3201,campus:6ecd581c0a1c3201,building_in_campus,osm-way-1375475073,gigawatt:osm-way-1375475073,source-native building observation,9.6.2
campus:6ecd581c0a1c3201,campus:6ecd581c0a1c3201,campus:6ecd581c0a1c3201,observation_supports_campus,259,fractracker:259,campus identity evidence,9.6.2
campus:ca349242f1a343b6,campus:ca349242f1a343b6,campus:ca349242f1a343b6,observation_supports_campus,266,fractracker:266,campus identity evidence,9.6.2
campus:c624290898f10841,campus:c624290898f10841,campus:c624290898f10841,observation_supports_campus,267,fractracker:267,campus identity evidence,9.6.2
campus:6878d490bec7f437,campus:6878d490bec7f437,campus:6878d490bec7f437,observation_supports_campus,27,fractracker:27,campus identity evidence,9.6.2
campus:ee95b36719c14d67,campus:ee95b36719c14d67,campus:ee95b36719c14d67,observation_supports_campus,276,fractracker:276,campus identity evidence,9.6.2
campus:5b02b55792a80eca,campus:5b02b55792a80eca,campus:5b02b55792a80eca,observation_supports_campus,280,fractracker:280,campus identity evidence,9.6.2
campus:1815e6aa84ba6d57,campus:1815e6aa84ba6d57,campus:1815e6aa84ba6d57,observation_supports_campus,287,fractracker:287,campus identity evidence,9.6.2
campus:c758e7c7b515fa51,campus:c758e7c7b515fa51,campus:c758e7c7b515fa51,observation_supports_campus,289,fractracker:289,campus identity evidence,9.6.2
campus:b9b241dd635600df,campus:b9b241dd635600df,campus:b9b241dd635600df,observation_supports_campus,291,fractracker:291,campus identity evidence,9.6.2
campus:a0eae2f43ade12aa,campus:a0eae2f43ade12aa,campus:a0eae2f43ade12aa,observation_supports_campus,294,fractracker:294,campus identity evidence,9.6.2
campus:7354d780f5828b45,campus:7354d780f5828b45,campus:7354d780f5828b45,observation_supports_campus,298,fractracker:298,campus identity evidence,9.6.2
campus:a2194a1f4189a497,campus:a2194a1f4189a497,campus:a2194a1f4189a497,observation_supports_campus,299,fractracker:299,campus identity evidence,9.6.2
campus:d46352cae2d50bd0,campus:d46352cae2d50bd0,campus:d46352cae2d50bd0,observation_supports_campus,305,fractracker:305,campus identity evidence,9.6.2
campus:e03fb956c20406aa,campus:e03fb956c20406aa,campus:e03fb956c20406aa,observation_supports_campus,306,fractracker:306,campus identity evidence,9.6.2
campus:d06721c8f5f24012,campus:d06721c8f5f24012,campus:d06721c8f5f24012,observation_supports_campus,307,fractracker:307,campus identity evidence,9.6.2
campus:8574fc533fc2f669,campus:8574fc533fc2f669,campus:8574fc533fc2f669,observation_supports_campus,308,fractracker:308,campus identity evidence,9.6.2
campus:b7491633ca01b656,campus:b7491633ca01b656,campus:b7491633ca01b656,observation_supports_campus,309,fractracker:309,campus identity evidence,9.6.2
campus:0726063a348007c1,campus:0726063a348007c1,campus:0726063a348007c1,observation_supports_campus,311,fractracker:311,campus identity evidence,9.6.2
campus:66a1d922366a3627,campus:66a1d922366a3627,campus:66a1d922366a3627,observation_supports_campus,312,fractracker:312,campus identity evidence,9.6.2
campus:66a1d922366a3627,campus:66a1d922366a3627,campus:66a1d922366a3627,observation_supports_campus,amazon-rainier-ms,gigawatt:amazon-rainier-ms,campus identity evidence,9.6.2
campus:a92d52c802e6daa1,campus:a92d52c802e6daa1,campus:a92d52c802e6daa1,observation_supports_campus,313,fractracker:313,campus identity evidence,9.6.2
campus:0dfe15c605fcf66a,campus:0dfe15c605fcf66a,campus:0dfe15c605fcf66a,observation_supports_campus,317,fractracker:317,campus identity evidence,9.6.2
campus:0dfe15c605fcf66a,campus:0dfe15c605fcf66a,campus:0dfe15c605fcf66a,observation_supports_campus,318,fractracker:318,campus identity evidence,9.6.2
campus:716202487edf69d8,campus:716202487edf69d8,campus:716202487edf69d8,observation_supports_campus,319,fractracker:319,campus identity evidence,9.6.2
campus:52f61045a7f8414b,campus:52f61045a7f8414b,campus:52f61045a7f8414b,observation_supports_campus,321,fractracker:321,campus identity evidence,9.6.2
campus:08aa7977a5e847a9,campus:08aa7977a5e847a9,campus:08aa7977a5e847a9,observation_supports_campus,322,fractracker:322,campus identity evidence,9.6.2
campus:f8557eb1c3b3451a,campus:f8557eb1c3b3451a,campus:f8557eb1c3b3451a,observation_supports_campus,325,fractracker:325,campus identity evidence,9.6.2
campus:250128e469e5c980,campus:250128e469e5c980,campus:250128e469e5c980,observation_supports_campus,327,fractracker:327,campus identity evidence,9.6.2
campus:7b3e00c62ce79760,campus:7b3e00c62ce79760,campus:7b3e00c62ce79760,observation_supports_campus,328,fractracker:328,campus identity evidence,9.6.2
campus:cc57f35519e71a0b,campus:cc57f35519e71a0b,campus:cc57f35519e71a0b,observation_supports_campus,329,fractracker:329,campus identity evidence,9.6.2
campus:19dd2d82460b601e,campus:19dd2d82460b601e,campus:19dd2d82460b601e,observation_supports_campus,333,fractracker:333,campus identity evidence,9.6.2
campus:bf37850b134a47ae,campus:bf37850b134a47ae,campus:bf37850b134a47ae,observation_supports_campus,336,fractracker:336,campus identity evidence,9.6.2
campus:bf37850b134a47ae,campus:bf37850b134a47ae,campus:bf37850b134a47ae,observation_supports_campus,337,fractracker:337,campus identity evidence,9.6.2
campus:9785b241debdcacf,campus:9785b241debdcacf,campus:9785b241debdcacf,observation_supports_campus,338,fractracker:338,campus identity evidence,9.6.2
campus:45a01e4175fcd4d2,campus:45a01e4175fcd4d2,campus:45a01e4175fcd4d2,observation_supports_campus,340,fractracker:340,campus identity evidence,9.6.2
campus:bc371e46ab24cedf,campus:bc371e46ab24cedf,campus:bc371e46ab24cedf,observation_supports_campus,342,fractracker:342,campus identity evidence,9.6.2
campus:f16447c608479dfd,campus:f16447c608479dfd,campus:f16447c608479dfd,observation_supports_campus,346,fractracker:346,campus identity evidence,9.6.2
campus:3c05596f5e2d0b02,campus:3c05596f5e2d0b02,campus:3c05596f5e2d0b02,observation_supports_campus,350,fractracker:350,campus identity evidence,9.6.2
campus:99eb0b995c131190,campus:99eb0b995c131190,campus:99eb0b995c131190,observation_supports_campus,352,fractracker:352,campus identity evidence,9.6.2
campus:0b2667f4c2a800b5,campus:0b2667f4c2a800b5,campus:0b2667f4c2a800b5,observation_supports_campus,353,fractracker:353,campus identity evidence,9.6.2
campus:951ccfc012112ded,campus:951ccfc012112ded,campus:951ccfc012112ded,observation_supports_campus,354,fractracker:354,campus identity evidence,9.6.2
campus:f98a4413249ff7ff,campus:f98a4413249ff7ff,campus:f98a4413249ff7ff,observation_supports_campus,358,fractracker:358,campus identity evidence,9.6.2
campus:61ae1bffa32265c8,campus:61ae1bffa32265c8,campus:61ae1bffa32265c8,observation_supports_campus,359,fractracker:359,campus identity evidence,9.6.2
campus:b2d08409e553466e,campus:b2d08409e553466e,campus:b2d08409e553466e,observation_supports_campus,36,fractracker:36,campus identity evidence,9.6.2
campus:f98fdde86759527e,campus:f98fdde86759527e,campus:f98fdde86759527e,observation_supports_campus,361,fractracker:361,campus identity evidence,9.6.2
campus:d1ce18aefd23a266,campus:d1ce18aefd23a266,campus:d1ce18aefd23a266,observation_supports_campus,362,fractracker:362,campus identity evidence,9.6.2
campus:69d5c6ffb6a72c64,campus:69d5c6ffb6a72c64,campus:69d5c6ffb6a72c64,observation_supports_campus,363,fractracker:363,campus identity evidence,9.6.2
campus:948517edca441186,campus:948517edca441186,campus:948517edca441186,observation_supports_campus,364,fractracker:364,campus identity evidence,9.6.2
campus:ce476e112f51c804,campus:ce476e112f51c804,campus:ce476e112f51c804,observation_supports_campus,366,fractracker:366,campus identity evidence,9.6.2
campus:21308124ca67d4e9,campus:21308124ca67d4e9,campus:21308124ca67d4e9,observation_supports_campus,367,fractracker:367,campus identity evidence,9.6.2
campus:b6140bec0b6c6805,campus:b6140bec0b6c6805,campus:b6140bec0b6c6805,observation_supports_campus,368,fractracker:368,campus identity evidence,9.6.2
campus:123c679bfad20f9c,campus:123c679bfad20f9c,campus:123c679bfad20f9c,observation_supports_campus,369,fractracker:369,campus identity evidence,9.6.2
campus:5134b2ebdfa43ba7,campus:5134b2ebdfa43ba7,campus:5134b2ebdfa43ba7,observation_supports_campus,37,fractracker:37,campus identity evidence,9.6.2
campus:01b2c24465897aa1,campus:01b2c24465897aa1,campus:01b2c24465897aa1,observation_supports_campus,371,fractracker:371,campus identity evidence,9.6.2
campus:91d9e12b7b09707d,campus:91d9e12b7b09707d,campus:91d9e12b7b09707d,observation_supports_campus,373,fractracker:373,campus identity evidence,9.6.2
campus:9fb715d714896802,campus:9fb715d714896802,campus:9fb715d714896802,observation_supports_campus,377,fractracker:377,campus identity evidence,9.6.2
campus:a4de6ac809153292,campus:a4de6ac809153292,campus:a4de6ac809153292,observation_supports_campus,38,fractracker:38,campus identity evidence,9.6.2
campus:b4c5c4b3780298e7,campus:b4c5c4b3780298e7,campus:b4c5c4b3780298e7,observation_supports_campus,380,fractracker:380,campus identity evidence,9.6.2
campus:25c306faeb8e0f10,campus:25c306faeb8e0f10,campus:25c306faeb8e0f10,observation_supports_campus,381,fractracker:381,campus identity evidence,9.6.2
campus:bd79e1f192213f6c,campus:bd79e1f192213f6c,campus:bd79e1f192213f6c,observation_supports_campus,385,fractracker:385,campus identity evidence,9.6.2
campus:070d2b1fee65a146,campus:070d2b1fee65a146,campus:070d2b1fee65a146,observation_supports_campus,386,fractracker:386,campus identity evidence,9.6.2
campus:54057a9d13a75eaf,campus:54057a9d13a75eaf,campus:54057a9d13a75eaf,observation_supports_campus,387,fractracker:387,campus identity evidence,9.6.2
campus:336920719f3f4339,campus:336920719f3f4339,campus:336920719f3f4339,observation_supports_campus,388,fractracker:388,campus identity evidence,9.6.2
campus:4791468ccfce81fd,campus:4791468ccfce81fd,campus:4791468ccfce81fd,observation_supports_campus,390,fractracker:390,campus identity evidence,9.6.2
campus:dca85dbea185fa5d,campus:dca85dbea185fa5d,campus:dca85dbea185fa5d,observation_supports_campus,392,fractracker:392,campus identity evidence,9.6.2
campus:aaa28e2b6b7f1483,campus:aaa28e2b6b7f1483,campus:aaa28e2b6b7f1483,observation_supports_campus,398,fractracker:398,campus identity evidence,9.6.2
campus:41253184e291d92c,campus:41253184e291d92c,campus:41253184e291d92c,observation_supports_campus,4,fractracker:4,campus identity evidence,9.6.2
campus:f55e533742c5fd4d,campus:f55e533742c5fd4d,campus:f55e533742c5fd4d,observation_supports_campus,400,fractracker:400,campus identity evidence,9.6.2
campus:dd956b5e60e9060b,campus:dd956b5e60e9060b,campus:dd956b5e60e9060b,observation_supports_campus,401,fractracker:401,campus identity evidence,9.6.2
campus:f74c03557678b916,campus:f74c03557678b916,campus:f74c03557678b916,observation_supports_campus,403,fractracker:403,campus identity evidence,9.6.2
campus:b179046a0c5a515d,campus:b179046a0c5a515d,campus:b179046a0c5a515d,observation_supports_campus,405,fractracker:405,campus identity evidence,9.6.2
campus:63fe9522130412ae,campus:63fe9522130412ae,campus:63fe9522130412ae,observation_supports_campus,407,fractracker:407,campus identity evidence,9.6.2
campus:1b0ca8ea9e81982e,campus:1b0ca8ea9e81982e,campus:1b0ca8ea9e81982e,observation_supports_campus,415,fractracker:415,campus identity evidence,9.6.2
campus:ea299f3620f37f58,campus:ea299f3620f37f58,campus:ea299f3620f37f58,observation_supports_campus,417,fractracker:417,campus identity evidence,9.6.2
campus:9aebf3ded827c4c6,campus:9aebf3ded827c4c6,campus:9aebf3ded827c4c6,observation_supports_campus,419,fractracker:419,campus identity evidence,9.6.2
campus:3f56665d3ff61bd8,campus:3f56665d3ff61bd8,campus:3f56665d3ff61bd8,observation_supports_campus,420,fractracker:420,campus identity evidence,9.6.2
campus:2df7dbbf86284d07,campus:2df7dbbf86284d07,campus:2df7dbbf86284d07,observation_supports_campus,421,fractracker:421,campus identity evidence,9.6.2
campus:7ce9f0cef5e2dcc6,campus:7ce9f0cef5e2dcc6,campus:7ce9f0cef5e2dcc6,observation_supports_campus,424,fractracker:424,campus identity evidence,9.6.2
campus:a36b127dc425d164,campus:a36b127dc425d164,campus:a36b127dc425d164,observation_supports_campus,425,fractracker:425,campus identity evidence,9.6.2
campus:c67fc2d1faf6b31e,campus:c67fc2d1faf6b31e,campus:c67fc2d1faf6b31e,observation_supports_campus,426,fractracker:426,campus identity evidence,9.6.2
campus:197195659c3df77c,campus:197195659c3df77c,campus:197195659c3df77c,observation_supports_campus,427,fractracker:427,campus identity evidence,9.6.2
campus:b3033866a17a4b53,campus:b3033866a17a4b53,campus:b3033866a17a4b53,observation_supports_campus,429,fractracker:429,campus identity evidence,9.6.2
campus:4279f75a8c4982cf,campus:4279f75a8c4982cf,campus:4279f75a8c4982cf,observation_supports_campus,430,fractracker:430,campus identity evidence,9.6.2
campus:afe2623139796e78,campus:afe2623139796e78,campus:afe2623139796e78,observation_supports_campus,433,fractracker:433,campus identity evidence,9.6.2
campus:3427b046ad8fe146,campus:3427b046ad8fe146,campus:3427b046ad8fe146,observation_supports_campus,436,fractracker:436,campus identity evidence,9.6.2
campus:a2a99f8297594cb5,campus:a2a99f8297594cb5,campus:a2a99f8297594cb5,observation_supports_campus,447,fractracker:447,campus identity evidence,9.6.2
campus:d81f577565c3b961,campus:d81f577565c3b961,campus:d81f577565c3b961,observation_supports_campus,456,fractracker:456,campus identity evidence,9.6.2
campus:9aae1a14bb67e120,campus:9aae1a14bb67e120,campus:9aae1a14bb67e120,observation_supports_campus,458,fractracker:458,campus identity evidence,9.6.2
campus:8478c681c8a97de3,campus:8478c681c8a97de3,campus:8478c681c8a97de3,observation_supports_campus,465,fractracker:465,campus identity evidence,9.6.2
campus:28218c49c0f9970c,campus:28218c49c0f9970c,campus:28218c49c0f9970c,observation_supports_campus,467,fractracker:467,campus identity evidence,9.6.2
campus:8bd2060aee93e20a,campus:8bd2060aee93e20a,campus:8bd2060aee93e20a,observation_supports_campus,469,fractracker:469,campus identity evidence,9.6.2
campus:409d8880c51a7c37,campus:409d8880c51a7c37,campus:409d8880c51a7c37,observation_supports_campus,471,fractracker:471,campus identity evidence,9.6.2
campus:af59c2f398fbf7ac,campus:af59c2f398fbf7ac,campus:af59c2f398fbf7ac,observation_supports_campus,472,fractracker:472,campus identity evidence,9.6.2
campus:ff7ec0397ea427de,campus:ff7ec0397ea427de,campus:ff7ec0397ea427de,observation_supports_campus,474,fractracker:474,campus identity evidence,9.6.2
campus:6eca80ebe8d1caac,campus:6eca80ebe8d1caac,campus:6eca80ebe8d1caac,observation_supports_campus,475,fractracker:475,campus identity evidence,9.6.2
campus:369b3ef3205978db,campus:369b3ef3205978db,campus:369b3ef3205978db,observation_supports_campus,476,fractracker:476,campus identity evidence,9.6.2
campus:02248773dc4c98de,campus:02248773dc4c98de,campus:02248773dc4c98de,observation_supports_campus,477,fractracker:477,campus identity evidence,9.6.2
campus:c8be63da69814a05,campus:c8be63da69814a05,campus:c8be63da69814a05,observation_supports_campus,480,fractracker:480,campus identity evidence,9.6.2
campus:fedf43c4b1b402c6,campus:fedf43c4b1b402c6,campus:fedf43c4b1b402c6,observation_supports_campus,481,fractracker:481,campus identity evidence,9.6.2
campus:d7f87bcf150792f4,campus:d7f87bcf150792f4,campus:d7f87bcf150792f4,observation_supports_campus,482,fractracker:482,campus identity evidence,9.6.2
campus:f2cbfd32618f85c5,campus:f2cbfd32618f85c5,campus:f2cbfd32618f85c5,observation_supports_campus,489,fractracker:489,campus identity evidence,9.6.2
campus:545a18cea311b25b,campus:545a18cea311b25b,campus:545a18cea311b25b,observation_supports_campus,49,fractracker:49,campus identity evidence,9.6.2
campus:d5ed400ccaad9e18,campus:d5ed400ccaad9e18,campus:d5ed400ccaad9e18,observation_supports_campus,492,fractracker:492,campus identity evidence,9.6.2
campus:a66d4da7d7a0c406,campus:a66d4da7d7a0c406,campus:a66d4da7d7a0c406,observation_supports_campus,493,fractracker:493,campus identity evidence,9.6.2
campus:ed18626293253343,campus:ed18626293253343,campus:ed18626293253343,observation_supports_campus,496,fractracker:496,campus identity evidence,9.6.2
campus:7bd3b441310cfc92,campus:7bd3b441310cfc92,campus:7bd3b441310cfc92,observation_supports_campus,498,fractracker:498,campus identity evidence,9.6.2
campus:38620e6f073ba242,campus:38620e6f073ba242,campus:38620e6f073ba242,observation_supports_campus,499,fractracker:499,campus identity evidence,9.6.2
campus:0171611e227420b0,campus:0171611e227420b0,campus:0171611e227420b0,observation_supports_campus,505,fractracker:505,campus identity evidence,9.6.2
campus:6e28471e516bf73f,campus:6e28471e516bf73f,campus:6e28471e516bf73f,observation_supports_campus,511,fractracker:511,campus identity evidence,9.6.2
campus:0ea324b0658b8399,campus:0ea324b0658b8399,campus:0ea324b0658b8399,observation_supports_campus,514,fractracker:514,campus identity evidence,9.6.2
campus:14771e84a07a4f0d,campus:14771e84a07a4f0d,campus:14771e84a07a4f0d,observation_supports_campus,517,fractracker:517,campus identity evidence,9.6.2
campus:6bc40d76d4890a7d,campus:6bc40d76d4890a7d,campus:6bc40d76d4890a7d,observation_supports_campus,533,fractracker:533,campus identity evidence,9.6.2
campus:18af94c6ff231681,campus:18af94c6ff231681,campus:18af94c6ff231681,observation_supports_campus,535,fractracker:535,campus identity evidence,9.6.2
campus:a5ae8f3f75267ed2,campus:a5ae8f3f75267ed2,campus:a5ae8f3f75267ed2,observation_supports_campus,538,fractracker:538,campus identity evidence,9.6.2
campus:171e6293dece548a,campus:171e6293dece548a,campus:171e6293dece548a,observation_supports_campus,539,fractracker:539,campus identity evidence,9.6.2
building:89bb08605ad4bbe6,campus:83bed7c78750a500,campus:83bed7c78750a500,building_in_campus,im3-source:3a5e7dfc24ac8a8e,im3:3a5e7dfc24ac8a8e,source-native building observation,9.6.2
building:c51496fe0832f22b,campus:83bed7c78750a500,campus:83bed7c78750a500,building_in_campus,im3-source:54572ec157e7c88b,im3:54572ec157e7c88b,source-native building observation,9.6.2
building:a33a07a9f7b7210e,campus:83bed7c78750a500,campus:83bed7c78750a500,building_in_campus,im3-source:727570677ccc96ae,im3:727570677ccc96ae,source-native building observation,9.6.2
building:aadee87445ea61ed,campus:83bed7c78750a500,campus:83bed7c78750a500,building_in_campus,im3-source:88f10596c2dfc3ea,im3:88f10596c2dfc3ea,source-native building observation,9.6.2
building:56b27a08fe064506,campus:83bed7c78750a500,campus:83bed7c78750a500,building_in_campus,im3-source:94f70ea985eb9621,im3:94f70ea985eb9621,source-native building observation,9.6.2
building:71e8c80a342ee1c3,campus:83bed7c78750a500,campus:83bed7c78750a500,building_in_campus,im3-source:abc509659257b13b,im3:abc509659257b13b,source-native building observation,9.6.2
building:eb30ba72d46451ec,campus:83bed7c78750a500,campus:83bed7c78750a500,building_in_campus,im3-source:ca671e451f2d815b,im3:ca671e451f2d815b,source-native building observation,9.6.2
building:7a56639524194828,campus:83bed7c78750a500,campus:83bed7c78750a500,building_in_campus,im3-source:e817ed9d0fa6003d,im3:e817ed9d0fa6003d,source-native building observation,9.6.2
building:a12e86e0970b5ad8,campus:83bed7c78750a500,campus:83bed7c78750a500,building_in_campus,im3-source:ff05ee6729720032,im3:ff05ee6729720032,source-native building observation,9.6.2
campus:83bed7c78750a500,campus:83bed7c78750a500,campus:83bed7c78750a500,observation_supports_campus,54,fractracker:54,campus identity evidence,9.6.2
campus:b31556a43b63da68,campus:b31556a43b63da68,campus:b31556a43b63da68,observation_supports_campus,541,fractracker:541,campus identity evidence,9.6.2
campus:57ad98ac0935b47a,campus:57ad98ac0935b47a,campus:57ad98ac0935b47a,observation_supports_campus,542,fractracker:542,campus identity evidence,9.6.2
campus:8cd0f8c28628235b,campus:8cd0f8c28628235b,campus:8cd0f8c28628235b,observation_supports_campus,544,fractracker:544,campus identity evidence,9.6.2
campus:b2ce604bc23a0701,campus:b2ce604bc23a0701,campus:b2ce604bc23a0701,observation_supports_campus,545,fractracker:545,campus identity evidence,9.6.2
campus:b2ce604bc23a0701,campus:b2ce604bc23a0701,campus:b2ce604bc23a0701,observation_supports_campus,google-pryor-creek-ok,gigawatt:google-pryor-creek-ok,campus identity evidence,9.6.2
campus:60195863c0b4f54f,campus:60195863c0b4f54f,campus:60195863c0b4f54f,observation_supports_campus,546,fractracker:546,campus identity evidence,9.6.2
campus:aa32f78011005fb3,campus:aa32f78011005fb3,campus:aa32f78011005fb3,observation_supports_campus,549,fractracker:549,campus identity evidence,9.6.2
campus:5bb58d7f69a66b0e,campus:5bb58d7f69a66b0e,campus:5bb58d7f69a66b0e,observation_supports_campus,550,fractracker:550,campus identity evidence,9.6.2
campus:6c602d04e79cdc6d,campus:6c602d04e79cdc6d,campus:6c602d04e79cdc6d,observation_supports_campus,551,fractracker:551,campus identity evidence,9.6.2
campus:0af0aaaba0c2465c,campus:0af0aaaba0c2465c,campus:0af0aaaba0c2465c,observation_supports_campus,555,fractracker:555,campus identity evidence,9.6.2
campus:742cbdd7b90645f8,campus:742cbdd7b90645f8,campus:742cbdd7b90645f8,observation_supports_campus,556,fractracker:556,campus identity evidence,9.6.2
campus:c7649465d94a15c2,campus:c7649465d94a15c2,campus:c7649465d94a15c2,observation_supports_campus,557,fractracker:557,campus identity evidence,9.6.2
campus:86f00d9d80c49e03,campus:86f00d9d80c49e03,campus:86f00d9d80c49e03,observation_supports_campus,569,fractracker:569,campus identity evidence,9.6.2
campus:07a87e833eae2d7d,campus:07a87e833eae2d7d,campus:07a87e833eae2d7d,observation_supports_campus,570,fractracker:570,campus identity evidence,9.6.2
campus:cf528cc04904e6e9,campus:cf528cc04904e6e9,campus:cf528cc04904e6e9,observation_supports_campus,572,fractracker:572,campus identity evidence,9.6.2
campus:885d2c319891091e,campus:885d2c319891091e,campus:885d2c319891091e,observation_supports_campus,573,fractracker:573,campus identity evidence,9.6.2
campus:c29f0d37ba9d543c,campus:c29f0d37ba9d543c,campus:c29f0d37ba9d543c,observation_supports_campus,575,fractracker:575,campus identity evidence,9.6.2
campus:5f7b830bf03474fc,campus:5f7b830bf03474fc,campus:5f7b830bf03474fc,observation_supports_campus,578,fractracker:578,campus identity evidence,9.6.2
campus:7c7ff3efa0f299f3,campus:7c7ff3efa0f299f3,campus:7c7ff3efa0f299f3,observation_supports_campus,579,fractracker:579,campus identity evidence,9.6.2
campus:34ffd0255bdef1b4,campus:34ffd0255bdef1b4,campus:34ffd0255bdef1b4,observation_supports_campus,58,fractracker:58,campus identity evidence,9.6.2
campus:80545854156fd5a6,campus:80545854156fd5a6,campus:80545854156fd5a6,observation_supports_campus,581,fractracker:581,campus identity evidence,9.6.2
campus:6591e1844853c247,campus:6591e1844853c247,campus:6591e1844853c247,observation_supports_campus,583,fractracker:583,campus identity evidence,9.6.2
campus:48f1b134ff9d7c53,campus:48f1b134ff9d7c53,campus:48f1b134ff9d7c53,observation_supports_campus,585,fractracker:585,campus identity evidence,9.6.2
campus:156a7bb3b6f9e183,campus:156a7bb3b6f9e183,campus:156a7bb3b6f9e183,observation_supports_campus,586,fractracker:586,campus identity evidence,9.6.2
campus:fc3c4ec323dcbf9a,campus:fc3c4ec323dcbf9a,campus:fc3c4ec323dcbf9a,observation_supports_campus,588,fractracker:588,campus identity evidence,9.6.2
campus:8386cb3bc16197bd,campus:8386cb3bc16197bd,campus:8386cb3bc16197bd,observation_supports_campus,589,fractracker:589,campus identity evidence,9.6.2
campus:6846966a9fd9eb41,campus:6846966a9fd9eb41,campus:6846966a9fd9eb41,observation_supports_campus,592,fractracker:592,campus identity evidence,9.6.2
campus:73f930aa495e7109,campus:73f930aa495e7109,campus:73f930aa495e7109,observation_supports_campus,594,fractracker:594,campus identity evidence,9.6.2
campus:a00976720c642797,campus:a00976720c642797,campus:a00976720c642797,observation_supports_campus,595,fractracker:595,campus identity evidence,9.6.2
campus:80649604ce0457a7,campus:80649604ce0457a7,campus:80649604ce0457a7,observation_supports_campus,596,fractracker:596,campus identity evidence,9.6.2
campus:d2c52e3d8701f08e,campus:d2c52e3d8701f08e,campus:d2c52e3d8701f08e,observation_supports_campus,597,fractracker:597,campus identity evidence,9.6.2
campus:c57a10ee31d1f458,campus:c57a10ee31d1f458,campus:c57a10ee31d1f458,observation_supports_campus,599,fractracker:599,campus identity evidence,9.6.2
campus:b094f74dce063e87,campus:b094f74dce063e87,campus:b094f74dce063e87,observation_supports_campus,601,fractracker:601,campus identity evidence,9.6.2
campus:59d3d03ad28432c4,campus:59d3d03ad28432c4,campus:59d3d03ad28432c4,observation_supports_campus,606,fractracker:606,campus identity evidence,9.6.2
campus:598b327421d5d304,campus:598b327421d5d304,campus:598b327421d5d304,observation_supports_campus,607,fractracker:607,campus identity evidence,9.6.2
campus:df2afac200e3fbb2,campus:df2afac200e3fbb2,campus:df2afac200e3fbb2,observation_supports_campus,608,fractracker:608,campus identity evidence,9.6.2
campus:f582530df80a8832,campus:f582530df80a8832,campus:f582530df80a8832,observation_supports_campus,611,fractracker:611,campus identity evidence,9.6.2
campus:01c2a02f5d2b69cb,campus:01c2a02f5d2b69cb,campus:01c2a02f5d2b69cb,observation_supports_campus,614,fractracker:614,campus identity evidence,9.6.2
campus:7c8ed20b720840b6,campus:7c8ed20b720840b6,campus:7c8ed20b720840b6,observation_supports_campus,633,fractracker:633,campus identity evidence,9.6.2
campus:15d6b3aad9d71a64,campus:15d6b3aad9d71a64,campus:15d6b3aad9d71a64,observation_supports_campus,634,fractracker:634,campus identity evidence,9.6.2
campus:29e0a75b977f0bc7,campus:29e0a75b977f0bc7,campus:29e0a75b977f0bc7,observation_supports_campus,639,fractracker:639,campus identity evidence,9.6.2
campus:abf91e82afa242a3,campus:abf91e82afa242a3,campus:abf91e82afa242a3,observation_supports_campus,64,fractracker:64,campus identity evidence,9.6.2
campus:bb240520a02c4cf6,campus:bb240520a02c4cf6,campus:bb240520a02c4cf6,observation_supports_campus,641,fractracker:641,campus identity evidence,9.6.2
campus:9fa030c80e8f60ad,campus:9fa030c80e8f60ad,campus:9fa030c80e8f60ad,observation_supports_campus,642,fractracker:642,campus identity evidence,9.6.2
campus:9321caab00058d7d,campus:9321caab00058d7d,campus:9321caab00058d7d,observation_supports_campus,643,fractracker:643,campus identity evidence,9.6.2
campus:a57636f7fb2f2791,campus:a57636f7fb2f2791,campus:a57636f7fb2f2791,observation_supports_campus,645,fractracker:645,campus identity evidence,9.6.2
campus:3073d2b654121aa6,campus:3073d2b654121aa6,campus:3073d2b654121aa6,observation_supports_campus,650,fractracker:650,campus identity evidence,9.6.2
campus:25685087b157fff2,campus:25685087b157fff2,campus:25685087b157fff2,observation_supports_campus,653,fractracker:653,campus identity evidence,9.6.2
campus:24062400c6542b81,campus:24062400c6542b81,campus:24062400c6542b81,observation_supports_campus,655,fractracker:655,campus identity evidence,9.6.2
campus:0cbaf7c05811a65a,campus:0cbaf7c05811a65a,campus:0cbaf7c05811a65a,observation_supports_campus,658,fractracker:658,campus identity evidence,9.6.2
campus:789280eb1f0edcba,campus:789280eb1f0edcba,campus:789280eb1f0edcba,observation_supports_campus,663,fractracker:663,campus identity evidence,9.6.2
campus:ce577873692fb812,campus:ce577873692fb812,campus:ce577873692fb812,observation_supports_campus,664,fractracker:664,campus identity evidence,9.6.2
campus:26c5e5ca13ec8eda,campus:26c5e5ca13ec8eda,campus:26c5e5ca13ec8eda,observation_supports_campus,665,fractracker:665,campus identity evidence,9.6.2
campus:01f8c602dd66a515,campus:01f8c602dd66a515,campus:01f8c602dd66a515,observation_supports_campus,67,fractracker:67,campus identity evidence,9.6.2
building:10cbc4cb79143f7c,campus:326c3e3a8c2a1c88,campus:326c3e3a8c2a1c88,building_in_campus,im3-source:20cbf446ae3db367,im3:20cbf446ae3db367,source-native building observation,9.6.2
building:10cbc4cb79143f7c,campus:326c3e3a8c2a1c88,campus:326c3e3a8c2a1c88,building_in_campus,osm-way-1386926534,gigawatt:osm-way-1386926534,source-native building observation,9.6.2
campus:326c3e3a8c2a1c88,campus:326c3e3a8c2a1c88,campus:326c3e3a8c2a1c88,observation_supports_campus,673,fractracker:673,campus identity evidence,9.6.2
campus:231e3e0fcc4d8b12,campus:231e3e0fcc4d8b12,campus:231e3e0fcc4d8b12,observation_supports_campus,674,fractracker:674,campus identity evidence,9.6.2
campus:e13f869dc928dced,campus:e13f869dc928dced,campus:e13f869dc928dced,observation_supports_campus,675,fractracker:675,campus identity evidence,9.6.2
campus:f73d63b40407dec9,campus:f73d63b40407dec9,campus:f73d63b40407dec9,observation_supports_campus,676,fractracker:676,campus identity evidence,9.6.2
campus:f73d63b40407dec9,campus:f73d63b40407dec9,campus:f73d63b40407dec9,observation_supports_campus,vantage-frontier-tx,gigawatt:vantage-frontier-tx,campus identity evidence,9.6.2
campus:61ebd290a15e1b49,campus:61ebd290a15e1b49,campus:61ebd290a15e1b49,observation_supports_campus,677,fractracker:677,campus identity evidence,9.6.2
campus:befea92e006200f5,campus:befea92e006200f5,campus:befea92e006200f5,observation_supports_campus,678,fractracker:678,campus identity evidence,9.6.2
campus:9e103793867b360a,campus:9e103793867b360a,campus:9e103793867b360a,observation_supports_campus,686,fractracker:686,campus identity evidence,9.6.2
campus:864394825bcdc022,campus:864394825bcdc022,campus:864394825bcdc022,observation_supports_campus,69,fractracker:69,campus identity evidence,9.6.2
campus:1cb8c5d5250ffce7,campus:1cb8c5d5250ffce7,campus:1cb8c5d5250ffce7,observation_supports_campus,690,fractracker:690,campus identity evidence,9.6.2
campus:91b8f0e53fba9e68,campus:91b8f0e53fba9e68,campus:91b8f0e53fba9e68,observation_supports_campus,693,fractracker:693,campus identity evidence,9.6.2
campus:43692845a152b7ec,campus:43692845a152b7ec,campus:43692845a152b7ec,observation_supports_campus,694,fractracker:694,campus identity evidence,9.6.2
campus:96e7a61d2045cbd9,campus:96e7a61d2045cbd9,campus:96e7a61d2045cbd9,observation_supports_campus,696,fractracker:696,campus identity evidence,9.6.2
campus:fe0c060092445fc4,campus:fe0c060092445fc4,campus:fe0c060092445fc4,observation_supports_campus,698,fractracker:698,campus identity evidence,9.6.2
campus:baf62900a66c28ec,campus:baf62900a66c28ec,campus:baf62900a66c28ec,observation_supports_campus,709,fractracker:709,campus identity evidence,9.6.2
campus:16584ae2f1384aaf,campus:16584ae2f1384aaf,campus:16584ae2f1384aaf,observation_supports_campus,71,fractracker:71,campus identity evidence,9.6.2
campus:daea6f163a54a77a,campus:daea6f163a54a77a,campus:daea6f163a54a77a,observation_supports_campus,713,fractracker:713,campus identity evidence,9.6.2
campus:2103ba724173aa9a,campus:2103ba724173aa9a,campus:2103ba724173aa9a,observation_supports_campus,715,fractracker:715,campus identity evidence,9.6.2
campus:bec9b8b97223ab80,campus:bec9b8b97223ab80,campus:bec9b8b97223ab80,observation_supports_campus,726,fractracker:726,campus identity evidence,9.6.2
campus:c12557e0a531e1c8,campus:c12557e0a531e1c8,campus:c12557e0a531e1c8,observation_supports_campus,728,fractracker:728,campus identity evidence,9.6.2
campus:7b9d743fa8bc705d,campus:7b9d743fa8bc705d,campus:7b9d743fa8bc705d,observation_supports_campus,730,fractracker:730,campus identity evidence,9.6.2
campus:f91c758b005f035a,campus:f91c758b005f035a,campus:f91c758b005f035a,observation_supports_campus,732,fractracker:732,campus identity evidence,9.6.2
campus:7bbbccbd158e714d,campus:7bbbccbd158e714d,campus:7bbbccbd158e714d,observation_supports_campus,736,fractracker:736,campus identity evidence,9.6.2
campus:2505201f61b0654d,campus:2505201f61b0654d,campus:2505201f61b0654d,observation_supports_campus,755,fractracker:755,campus identity evidence,9.6.2
campus:f4979f2015262b0d,campus:f4979f2015262b0d,campus:f4979f2015262b0d,observation_supports_campus,756,fractracker:756,campus identity evidence,9.6.2
campus:384371b7787fa489,campus:384371b7787fa489,campus:384371b7787fa489,observation_supports_campus,757,fractracker:757,campus identity evidence,9.6.2
campus:380f68b281755b55,campus:380f68b281755b55,campus:380f68b281755b55,observation_supports_campus,77,fractracker:77,campus identity evidence,9.6.2
campus:09a06e77dd0505a2,campus:09a06e77dd0505a2,campus:09a06e77dd0505a2,observation_supports_campus,779,fractracker:779,campus identity evidence,9.6.2
building:3c6ef0d74edcd9d9,campus:f94b433c1bd626af,campus:f94b433c1bd626af,building_in_campus,im3-source:12fd2f6e260d8d94,im3:12fd2f6e260d8d94,source-native building observation,9.6.2
building:3c6ef0d74edcd9d9,campus:f94b433c1bd626af,campus:f94b433c1bd626af,building_in_campus,osm-way-639176157,gigawatt:osm-way-639176157,source-native building observation,9.6.2
building:fe7fbe9df3cac14c,campus:f94b433c1bd626af,campus:f94b433c1bd626af,building_in_campus,im3-source:68672eb3950c211a,im3:68672eb3950c211a,source-native building observation,9.6.2
building:fe7fbe9df3cac14c,campus:f94b433c1bd626af,campus:f94b433c1bd626af,building_in_campus,osm-way-639176155,gigawatt:osm-way-639176155,source-native building observation,9.6.2
building:d3c23f600ede0f9b,campus:f94b433c1bd626af,campus:f94b433c1bd626af,building_in_campus,im3-source:aee16c39c23f55a2,im3:aee16c39c23f55a2,source-native building observation,9.6.2
building:d3c23f600ede0f9b,campus:f94b433c1bd626af,campus:f94b433c1bd626af,building_in_campus,osm-way-1010260677,gigawatt:osm-way-1010260677,source-native building observation,9.6.2
building:56722a83ae3d53ba,campus:f94b433c1bd626af,campus:f94b433c1bd626af,building_in_campus,im3-source:fb17271df313283e,im3:fb17271df313283e,source-native building observation,9.6.2
building:56722a83ae3d53ba,campus:f94b433c1bd626af,campus:f94b433c1bd626af,building_in_campus,osm-way-1010260676,gigawatt:osm-way-1010260676,source-native building observation,9.6.2
campus:f94b433c1bd626af,campus:f94b433c1bd626af,campus:f94b433c1bd626af,observation_supports_campus,790,fractracker:790,campus identity evidence,9.6.2
campus:fb98bc3aff763c87,campus:fb98bc3aff763c87,campus:fb98bc3aff763c87,observation_supports_campus,796,fractracker:796,campus identity evidence,9.6.2
campus:2ffcc59893ee58e2,campus:2ffcc59893ee58e2,campus:2ffcc59893ee58e2,observation_supports_campus,800,fractracker:800,campus identity evidence,9.6.2
campus:a65c520a44aa23d3,campus:a65c520a44aa23d3,campus:a65c520a44aa23d3,observation_supports_campus,801,fractracker:801,campus identity evidence,9.6.2
campus:4a0deec9f44d52af,campus:4a0deec9f44d52af,campus:4a0deec9f44d52af,observation_supports_campus,804,fractracker:804,campus identity evidence,9.6.2
campus:97b21301dda0168c,campus:97b21301dda0168c,campus:97b21301dda0168c,observation_supports_campus,806,fractracker:806,campus identity evidence,9.6.2
campus:80b5d6e2ee14c590,campus:80b5d6e2ee14c590,campus:80b5d6e2ee14c590,observation_supports_campus,807,fractracker:807,campus identity evidence,9.6.2
campus:5019b635a24bb6e5,campus:5019b635a24bb6e5,campus:5019b635a24bb6e5,observation_supports_campus,808,fractracker:808,campus identity evidence,9.6.2
campus:39717ff2f42200f4,campus:39717ff2f42200f4,campus:39717ff2f42200f4,observation_supports_campus,809,fractracker:809,campus identity evidence,9.6.2
campus:4364469ca517cb8a,campus:4364469ca517cb8a,campus:4364469ca517cb8a,observation_supports_campus,820,fractracker:820,campus identity evidence,9.6.2
campus:6e2b893af086fe46,campus:6e2b893af086fe46,campus:6e2b893af086fe46,observation_supports_campus,821,fractracker:821,campus identity evidence,9.6.2
campus:f23abcd183a1d461,campus:f23abcd183a1d461,campus:f23abcd183a1d461,observation_supports_campus,822,fractracker:822,campus identity evidence,9.6.2
campus:cf4fe9e36df21b7e,campus:cf4fe9e36df21b7e,campus:cf4fe9e36df21b7e,observation_supports_campus,824,fractracker:824,campus identity evidence,9.6.2
campus:0f460a9ed21d4ba0,campus:0f460a9ed21d4ba0,campus:0f460a9ed21d4ba0,observation_supports_campus,829,fractracker:829,campus identity evidence,9.6.2
campus:118f731dc1737d23,campus:118f731dc1737d23,campus:118f731dc1737d23,observation_supports_campus,831,fractracker:831,campus identity evidence,9.6.2
campus:71fd42ad0db3061c,campus:71fd42ad0db3061c,campus:71fd42ad0db3061c,observation_supports_campus,832,fractracker:832,campus identity evidence,9.6.2
campus:1927f3123b1c900b,campus:1927f3123b1c900b,campus:1927f3123b1c900b,observation_supports_campus,833,fractracker:833,campus identity evidence,9.6.2
campus:358855107de588d1,campus:358855107de588d1,campus:358855107de588d1,observation_supports_campus,834,fractracker:834,campus identity evidence,9.6.2
campus:413f91571b79ddec,campus:413f91571b79ddec,campus:413f91571b79ddec,observation_supports_campus,835,fractracker:835,campus identity evidence,9.6.2
campus:acfdc710cb9f9a4c,campus:acfdc710cb9f9a4c,campus:acfdc710cb9f9a4c,observation_supports_campus,836,fractracker:836,campus identity evidence,9.6.2
building:7d357d1a3cc5522f,campus:6989565460ea8176,campus:6989565460ea8176,building_in_campus,im3-source:0d674cf1dda7a078,im3:0d674cf1dda7a078,source-native building observation,9.6.2
building:c1b074a6d0ccee10,campus:6989565460ea8176,campus:6989565460ea8176,building_in_campus,im3-source:2bc1d082a67ee3fa,im3:2bc1d082a67ee3fa,source-native building observation,9.6.2
building:2e7ab000fb21067e,campus:6989565460ea8176,campus:6989565460ea8176,building_in_campus,im3-source:6dd72a8abe20adb3,im3:6dd72a8abe20adb3,source-native building observation,9.6.2
building:6ab7145962287419,campus:6989565460ea8176,campus:6989565460ea8176,building_in_campus,im3-source:9d899e7bb9a42cd4,im3:9d899e7bb9a42cd4,source-native building observation,9.6.2
campus:6989565460ea8176,campus:6989565460ea8176,campus:6989565460ea8176,observation_supports_campus,846,fractracker:846,campus identity evidence,9.6.2
campus:9f88d28b274197a1,campus:9f88d28b274197a1,campus:9f88d28b274197a1,observation_supports_campus,850,fractracker:850,campus identity evidence,9.6.2
campus:adf6e199d275ff9b,campus:adf6e199d275ff9b,campus:adf6e199d275ff9b,observation_supports_campus,853,fractracker:853,campus identity evidence,9.6.2
campus:420bb65845f30190,campus:420bb65845f30190,campus:420bb65845f30190,observation_supports_campus,855,fractracker:855,campus identity evidence,9.6.2
campus:9094e912877f85a6,campus:9094e912877f85a6,campus:9094e912877f85a6,observation_supports_campus,858,fractracker:858,campus identity evidence,9.6.2
campus:30f9e92be635f91f,campus:30f9e92be635f91f,campus:30f9e92be635f91f,observation_supports_campus,860,fractracker:860,campus identity evidence,9.6.2
campus:82391cc7328647a5,campus:82391cc7328647a5,campus:82391cc7328647a5,observation_supports_campus,861,fractracker:861,campus identity evidence,9.6.2
campus:3b2ceb3615499b01,campus:3b2ceb3615499b01,campus:3b2ceb3615499b01,observation_supports_campus,863,fractracker:863,campus identity evidence,9.6.2
campus:30a1748ecc8f8511,campus:30a1748ecc8f8511,campus:30a1748ecc8f8511,observation_supports_campus,864,fractracker:864,campus identity evidence,9.6.2
building:07c46410b8540e5b,campus:b11a92d978f6ce77,campus:b11a92d978f6ce77,building_in_campus,im3-source:831989f947e3a6ac,im3:831989f947e3a6ac,source-native building observation,9.6.2
building:9997393285ea505c,campus:b11a92d978f6ce77,campus:b11a92d978f6ce77,building_in_campus,im3-source:c9d3c60befda7348,im3:c9d3c60befda7348,source-native building observation,9.6.2
campus:b11a92d978f6ce77,campus:b11a92d978f6ce77,campus:b11a92d978f6ce77,observation_supports_campus,867,fractracker:867,campus identity evidence,9.6.2
building:72d692c4238ceb96,campus:9f7046898f4f0bb1,campus:9f7046898f4f0bb1,building_in_campus,osm-node-13154826377,gigawatt:osm-node-13154826377,source-native building observation,9.6.2
campus:9f7046898f4f0bb1,campus:9f7046898f4f0bb1,campus:9f7046898f4f0bb1,observation_supports_campus,872,fractracker:872,campus identity evidence,9.6.2
campus:9f7046898f4f0bb1,campus:9f7046898f4f0bb1,campus:9f7046898f4f0bb1,observation_supports_campus,im3-source:ac75d0f6057fe8d7,im3:ac75d0f6057fe8d7,campus identity evidence,9.6.2
campus:d3d4b63b381af05b,campus:d3d4b63b381af05b,campus:d3d4b63b381af05b,observation_supports_campus,876,fractracker:876,campus identity evidence,9.6.2
campus:74fbb492eb50e871,campus:74fbb492eb50e871,campus:74fbb492eb50e871,observation_supports_campus,886,fractracker:886,campus identity evidence,9.6.2
campus:54f5286da5388da8,campus:54f5286da5388da8,campus:54f5286da5388da8,observation_supports_campus,891,fractracker:891,campus identity evidence,9.6.2
campus:f512af222b2200e3,campus:f512af222b2200e3,campus:f512af222b2200e3,observation_supports_campus,892,fractracker:892,campus identity evidence,9.6.2
campus:4e0e2fe3eedd5f6d,campus:4e0e2fe3eedd5f6d,campus:4e0e2fe3eedd5f6d,observation_supports_campus,893,fractracker:893,campus identity evidence,9.6.2
building:e70a349b7dfc5c31,campus:5f32b348512f3fb7,campus:5f32b348512f3fb7,building_in_campus,im3-source:d6c1521a2d50603c,im3:d6c1521a2d50603c,source-native building observation,9.6.2
building:e70a349b7dfc5c31,campus:5f32b348512f3fb7,campus:5f32b348512f3fb7,building_in_campus,osm-way-59294476,gigawatt:osm-way-59294476,source-native building observation,9.6.2
campus:5f32b348512f3fb7,campus:5f32b348512f3fb7,campus:5f32b348512f3fb7,observation_supports_campus,894,fractracker:894,campus identity evidence,9.6.2
campus:6dc844b8d54338b8,campus:6dc844b8d54338b8,campus:6dc844b8d54338b8,observation_supports_campus,895,fractracker:895,campus identity evidence,9.6.2
campus:2643b0427c71463f,campus:2643b0427c71463f,campus:2643b0427c71463f,observation_supports_campus,896,fractracker:896,campus identity evidence,9.6.2
campus:5cdf74efc240e725,campus:5cdf74efc240e725,campus:5cdf74efc240e725,observation_supports_campus,898,fractracker:898,campus identity evidence,9.6.2
building:4b8d5b48d38b5679,campus:3bb08b2912b244d2,campus:3bb08b2912b244d2,building_in_campus,im3-source:ff1c5ce1d7912e04,im3:ff1c5ce1d7912e04,source-native building observation,9.6.2
campus:3bb08b2912b244d2,campus:3bb08b2912b244d2,campus:3bb08b2912b244d2,observation_supports_campus,901,fractracker:901,campus identity evidence,9.6.2
campus:1ab0b2c1128f4358,campus:1ab0b2c1128f4358,campus:1ab0b2c1128f4358,observation_supports_campus,902,fractracker:902,campus identity evidence,9.6.2
campus:2d996909e7e2043f,campus:2d996909e7e2043f,campus:2d996909e7e2043f,observation_supports_campus,905,fractracker:905,campus identity evidence,9.6.2
campus:35ba6f71ede2e0e0,campus:35ba6f71ede2e0e0,campus:35ba6f71ede2e0e0,observation_supports_campus,910,fractracker:910,campus identity evidence,9.6.2
campus:4953351371e44f71,campus:4953351371e44f71,campus:4953351371e44f71,observation_supports_campus,911,fractracker:911,campus identity evidence,9.6.2
campus:9a64859c8af35aaa,campus:9a64859c8af35aaa,campus:9a64859c8af35aaa,observation_supports_campus,912,fractracker:912,campus identity evidence,9.6.2
campus:a339164b40b7e01e,campus:a339164b40b7e01e,campus:a339164b40b7e01e,observation_supports_campus,913,fractracker:913,campus identity evidence,9.6.2
campus:64d5504360c66864,campus:64d5504360c66864,campus:64d5504360c66864,observation_supports_campus,914,fractracker:914,campus identity evidence,9.6.2
campus:3695845a4d51f4a8,campus:3695845a4d51f4a8,campus:3695845a4d51f4a8,observation_supports_campus,916,fractracker:916,campus identity evidence,9.6.2
campus:b2eba0b98746f391,campus:b2eba0b98746f391,campus:b2eba0b98746f391,observation_supports_campus,918,fractracker:918,campus identity evidence,9.6.2
campus:d3fd43b137a798a6,campus:d3fd43b137a798a6,campus:d3fd43b137a798a6,observation_supports_campus,922,fractracker:922,campus identity evidence,9.6.2
campus:ee05b359cf2525cc,campus:ee05b359cf2525cc,campus:ee05b359cf2525cc,observation_supports_campus,923,fractracker:923,campus identity evidence,9.6.2
campus:689017083d758e04,campus:689017083d758e04,campus:689017083d758e04,observation_supports_campus,925,fractracker:925,campus identity evidence,9.6.2
building:f7fb6de0391e658a,campus:3a5cd8dddc4e837b,campus:3a5cd8dddc4e837b,building_in_campus,osm-way-1252196797,gigawatt:osm-way-1252196797,source-native building observation,9.6.2
building:dc6f3f4ebb5c0652,campus:3a5cd8dddc4e837b,campus:3a5cd8dddc4e837b,building_in_campus,osm-way-1252196798,gigawatt:osm-way-1252196798,source-native building observation,9.6.2
campus:3a5cd8dddc4e837b,campus:3a5cd8dddc4e837b,campus:3a5cd8dddc4e837b,observation_supports_campus,926,fractracker:926,campus identity evidence,9.6.2
campus:d487320709e0679b,campus:d487320709e0679b,campus:d487320709e0679b,observation_supports_campus,928,fractracker:928,campus identity evidence,9.6.2
campus:0768b3e96d9521d7,campus:0768b3e96d9521d7,campus:0768b3e96d9521d7,observation_supports_campus,929,fractracker:929,campus identity evidence,9.6.2
campus:a810fdd73cbd0405,campus:a810fdd73cbd0405,campus:a810fdd73cbd0405,observation_supports_campus,930,fractracker:930,campus identity evidence,9.6.2
building:6c8066a104e4cf23,campus:70f007b20e04faab,campus:70f007b20e04faab,building_in_campus,osm-way-258343748,gigawatt:osm-way-258343748,source-native building observation,9.6.2
building:e608d6a5f39ddcbc,campus:70f007b20e04faab,campus:70f007b20e04faab,building_in_campus,osm-way-258343749,gigawatt:osm-way-258343749,source-native building observation,9.6.2
campus:70f007b20e04faab,campus:70f007b20e04faab,campus:70f007b20e04faab,observation_supports_campus,933,fractracker:933,campus identity evidence,9.6.2
building:80bfa0bb9336f4eb,campus:7eab67913f76efc1,campus:7eab67913f76efc1,building_in_campus,osm-way-258343744,gigawatt:osm-way-258343744,source-native building observation,9.6.2
campus:7eab67913f76efc1,campus:7eab67913f76efc1,campus:7eab67913f76efc1,observation_supports_campus,934,fractracker:934,campus identity evidence,9.6.2
campus:d4d556cd5622ef8e,campus:d4d556cd5622ef8e,campus:d4d556cd5622ef8e,observation_supports_campus,937,fractracker:937,campus identity evidence,9.6.2
campus:770e0d7084203cab,campus:770e0d7084203cab,campus:770e0d7084203cab,observation_supports_campus,938,fractracker:938,campus identity evidence,9.6.2
building:ace61de3eaf9d0f2,campus:94b25e0e82b0002b,campus:94b25e0e82b0002b,building_in_campus,osm-node-8109664813,gigawatt:osm-node-8109664813,source-native building observation,9.6.2
campus:94b25e0e82b0002b,campus:94b25e0e82b0002b,campus:94b25e0e82b0002b,observation_supports_campus,94,fractracker:94,campus identity evidence,9.6.2
campus:94b25e0e82b0002b,campus:94b25e0e82b0002b,campus:94b25e0e82b0002b,observation_supports_campus,91,fractracker:91,campus identity evidence,9.6.2
campus:94b25e0e82b0002b,campus:94b25e0e82b0002b,campus:94b25e0e82b0002b,observation_supports_campus,im3-source:81598c7cce5d6e5d,im3:81598c7cce5d6e5d,campus identity evidence,9.6.2
campus:83b8d6eb308ead28,campus:83b8d6eb308ead28,campus:83b8d6eb308ead28,observation_supports_campus,942,fractracker:942,campus identity evidence,9.6.2
campus:83b8d6eb308ead28,campus:83b8d6eb308ead28,campus:83b8d6eb308ead28,observation_supports_campus,941,fractracker:941,campus identity evidence,9.6.2
campus:d04186fac7a5d94f,campus:d04186fac7a5d94f,campus:d04186fac7a5d94f,observation_supports_campus,947,fractracker:947,campus identity evidence,9.6.2
campus:1776a245e0d10cf5,campus:1776a245e0d10cf5,campus:1776a245e0d10cf5,observation_supports_campus,948,fractracker:948,campus identity evidence,9.6.2
campus:2fc305dd459fa942,campus:2fc305dd459fa942,campus:2fc305dd459fa942,observation_supports_campus,949,fractracker:949,campus identity evidence,9.6.2
campus:4e8ddbb68c850893,campus:4e8ddbb68c850893,campus:4e8ddbb68c850893,observation_supports_campus,95,fractracker:95,campus identity evidence,9.6.2
campus:ee481b660b54e397,campus:ee481b660b54e397,campus:ee481b660b54e397,observation_supports_campus,950,fractracker:950,campus identity evidence,9.6.2
campus:3e8571faa88b71ee,campus:3e8571faa88b71ee,campus:3e8571faa88b71ee,observation_supports_campus,956,fractracker:956,campus identity evidence,9.6.2
campus:5d8de162e37fed66,campus:5d8de162e37fed66,campus:5d8de162e37fed66,observation_supports_campus,957,fractracker:957,campus identity evidence,9.6.2
campus:09329c8d172f0da4,campus:09329c8d172f0da4,campus:09329c8d172f0da4,observation_supports_campus,958,fractracker:958,campus identity evidence,9.6.2
campus:2de6acf6648e7df4,campus:2de6acf6648e7df4,campus:2de6acf6648e7df4,observation_supports_campus,96,fractracker:96,campus identity evidence,9.6.2
campus:f3ec58cd8d0203ed,campus:f3ec58cd8d0203ed,campus:f3ec58cd8d0203ed,observation_supports_campus,961,fractracker:961,campus identity evidence,9.6.2
campus:0518c0c39f44e490,campus:0518c0c39f44e490,campus:0518c0c39f44e490,observation_supports_campus,963,fractracker:963,campus identity evidence,9.6.2
campus:bc6ffd45eb9a95e8,campus:bc6ffd45eb9a95e8,campus:bc6ffd45eb9a95e8,observation_supports_campus,966,fractracker:966,campus identity evidence,9.6.2
campus:71e396f55dbe3fae,campus:71e396f55dbe3fae,campus:71e396f55dbe3fae,observation_supports_campus,967,fractracker:967,campus identity evidence,9.6.2
campus:e5ab94cb63f06d74,campus:e5ab94cb63f06d74,campus:e5ab94cb63f06d74,observation_supports_campus,97,fractracker:97,campus identity evidence,9.6.2
campus:4afcc298395443c6,campus:4afcc298395443c6,campus:4afcc298395443c6,observation_supports_campus,973,fractracker:973,campus identity evidence,9.6.2
campus:4952adbfbed44a82,campus:4952adbfbed44a82,campus:4952adbfbed44a82,observation_supports_campus,977,fractracker:977,campus identity evidence,9.6.2
campus:a0c3e8ba45be7280,campus:a0c3e8ba45be7280,campus:a0c3e8ba45be7280,observation_supports_campus,98,fractracker:98,campus identity evidence,9.6.2
campus:ee0c9b174cf05b48,campus:ee0c9b174cf05b48,campus:ee0c9b174cf05b48,observation_supports_campus,980,fractracker:980,campus identity evidence,9.6.2
campus:5471ae6b2ba8f015,campus:5471ae6b2ba8f015,campus:5471ae6b2ba8f015,observation_supports_campus,981,fractracker:981,campus identity evidence,9.6.2
campus:dce26300f7bcb5cd,campus:dce26300f7bcb5cd,campus:dce26300f7bcb5cd,observation_supports_campus,982,fractracker:982,campus identity evidence,9.6.2
campus:76898c197f7452c2,campus:76898c197f7452c2,campus:76898c197f7452c2,observation_supports_campus,983,fractracker:983,campus identity evidence,9.6.2
campus:fb8831f3664b1e95,campus:fb8831f3664b1e95,campus:fb8831f3664b1e95,observation_supports_campus,984,fractracker:984,campus identity evidence,9.6.2
campus:a793f2075c0fe2c4,campus:a793f2075c0fe2c4,campus:a793f2075c0fe2c4,observation_supports_campus,986,fractracker:986,campus identity evidence,9.6.2
campus:f468a5b262f24dde,campus:f468a5b262f24dde,campus:f468a5b262f24dde,observation_supports_campus,987,fractracker:987,campus identity evidence,9.6.2
campus:c9b8f946dd14eb0a,campus:c9b8f946dd14eb0a,campus:c9b8f946dd14eb0a,observation_supports_campus,988,fractracker:988,campus identity evidence,9.6.2
campus:1bd515389bea2e1c,campus:1bd515389bea2e1c,campus:1bd515389bea2e1c,observation_supports_campus,99,fractracker:99,campus identity evidence,9.6.2
campus:1046c4eccec44c2a,campus:1046c4eccec44c2a,campus:1046c4eccec44c2a,observation_supports_campus,990,fractracker:990,campus identity evidence,9.6.2
campus:e723aa63ad4808c5,campus:e723aa63ad4808c5,campus:e723aa63ad4808c5,observation_supports_campus,991,fractracker:991,campus identity evidence,9.6.2
campus:e84d9f5a5f0396c2,campus:e84d9f5a5f0396c2,campus:e84d9f5a5f0396c2,observation_supports_campus,993,fractracker:993,campus identity evidence,9.6.2
campus:646dd4f9a3f04864,campus:646dd4f9a3f04864,campus:646dd4f9a3f04864,observation_supports_campus,994,fractracker:994,campus identity evidence,9.6.2
campus:a25710714bf949f0,campus:a25710714bf949f0,campus:a25710714bf949f0,observation_supports_campus,995,fractracker:995,campus identity evidence,9.6.2
campus:5903a1fd7e70ecef,campus:5903a1fd7e70ecef,campus:5903a1fd7e70ecef,observation_supports_campus,999,fractracker:999,campus identity evidence,9.6.2
campus:f2ec3a00bac5555a,campus:f2ec3a00bac5555a,campus:f2ec3a00bac5555a,observation_supports_campus,100,fractracker:100,campus identity evidence,9.6.2
campus:0f0d5d62f3e68162,campus:0f0d5d62f3e68162,campus:0f0d5d62f3e68162,observation_supports_campus,1001,fractracker:1001,campus identity evidence,9.6.2
campus:8e5958be4bd1346b,campus:8e5958be4bd1346b,campus:8e5958be4bd1346b,observation_supports_campus,1002,fractracker:1002,campus identity evidence,9.6.2
campus:791830a872f9ca90,campus:791830a872f9ca90,campus:791830a872f9ca90,observation_supports_campus,1005,fractracker:1005,campus identity evidence,9.6.2
campus:3fa8698f3d2a933d,campus:3fa8698f3d2a933d,campus:3fa8698f3d2a933d,observation_supports_campus,1006,fractracker:1006,campus identity evidence,9.6.2
campus:950a27c8d8f5a59c,campus:950a27c8d8f5a59c,campus:950a27c8d8f5a59c,observation_supports_campus,1009,fractracker:1009,campus identity evidence,9.6.2
campus:618ce0cc4735b605,campus:618ce0cc4735b605,campus:618ce0cc4735b605,observation_supports_campus,101,fractracker:101,campus identity evidence,9.6.2
campus:980b8fafa9528483,campus:980b8fafa9528483,campus:980b8fafa9528483,observation_supports_campus,1011,fractracker:1011,campus identity evidence,9.6.2
campus:d8471af4d8b56366,campus:d8471af4d8b56366,campus:d8471af4d8b56366,observation_supports_campus,1012,fractracker:1012,campus identity evidence,9.6.2
campus:1e81c579a883d150,campus:1e81c579a883d150,campus:1e81c579a883d150,observation_supports_campus,1013,fractracker:1013,campus identity evidence,9.6.2
campus:cbbb252d252f797b,campus:cbbb252d252f797b,campus:cbbb252d252f797b,observation_supports_campus,1015,fractracker:1015,campus identity evidence,9.6.2
campus:7bc7effd8b6ce82c,campus:7bc7effd8b6ce82c,campus:7bc7effd8b6ce82c,observation_supports_campus,1016,fractracker:1016,campus identity evidence,9.6.2
campus:05024c1d60860a0a,campus:05024c1d60860a0a,campus:05024c1d60860a0a,observation_supports_campus,1017,fractracker:1017,campus identity evidence,9.6.2
campus:964d7cb4a3354a2e,campus:964d7cb4a3354a2e,campus:964d7cb4a3354a2e,observation_supports_campus,1018,fractracker:1018,campus identity evidence,9.6.2
campus:3155599ea4561f4e,campus:3155599ea4561f4e,campus:3155599ea4561f4e,observation_supports_campus,102,fractracker:102,campus identity evidence,9.6.2
campus:8683d8259be1af4c,campus:8683d8259be1af4c,campus:8683d8259be1af4c,observation_supports_campus,1022,fractracker:1022,campus identity evidence,9.6.2
campus:7d6d2d718fcc544d,campus:7d6d2d718fcc544d,campus:7d6d2d718fcc544d,observation_supports_campus,1023,fractracker:1023,campus identity evidence,9.6.2
campus:477eb6fc5a29b531,campus:477eb6fc5a29b531,campus:477eb6fc5a29b531,observation_supports_campus,1024,fractracker:1024,campus identity evidence,9.6.2
campus:2f636fdebf97b565,campus:2f636fdebf97b565,campus:2f636fdebf97b565,observation_supports_campus,1025,fractracker:1025,campus identity evidence,9.6.2
campus:317c88022dfc23a6,campus:317c88022dfc23a6,campus:317c88022dfc23a6,observation_supports_campus,1026,fractracker:1026,campus identity evidence,9.6.2
campus:dc3b82e089b9389d,campus:dc3b82e089b9389d,campus:dc3b82e089b9389d,observation_supports_campus,1027,fractracker:1027,campus identity evidence,9.6.2
campus:ff7e6c678cc5633f,campus:ff7e6c678cc5633f,campus:ff7e6c678cc5633f,observation_supports_campus,1028,fractracker:1028,campus identity evidence,9.6.2
campus:5b47aad5587d97f1,campus:5b47aad5587d97f1,campus:5b47aad5587d97f1,observation_supports_campus,103,fractracker:103,campus identity evidence,9.6.2
building:ddbea99daf202c05,campus:5c49e7498c4c0337,campus:5c49e7498c4c0337,building_in_campus,im3-source:aa570966db53e663,im3:aa570966db53e663,source-native building observation,9.6.2
building:ddbea99daf202c05,campus:5c49e7498c4c0337,campus:5c49e7498c4c0337,building_in_campus,osm-way-886330269,gigawatt:osm-way-886330269,source-native building observation,9.6.2
building:fcd06aa432e3bb35,campus:5c49e7498c4c0337,campus:5c49e7498c4c0337,building_in_campus,im3-source:bc6978830f641d3b,im3:bc6978830f641d3b,source-native building observation,9.6.2
building:fcd06aa432e3bb35,campus:5c49e7498c4c0337,campus:5c49e7498c4c0337,building_in_campus,osm-way-986829280,gigawatt:osm-way-986829280,source-native building observation,9.6.2
campus:5c49e7498c4c0337,campus:5c49e7498c4c0337,campus:5c49e7498c4c0337,observation_supports_campus,1033,fractracker:1033,campus identity evidence,9.6.2
campus:000ab59f234d8733,campus:000ab59f234d8733,campus:000ab59f234d8733,observation_supports_campus,104,fractracker:104,campus identity evidence,9.6.2
campus:f70d06fbf49165b7,campus:f70d06fbf49165b7,campus:f70d06fbf49165b7,observation_supports_campus,1045,fractracker:1045,campus identity evidence,9.6.2
campus:3df915e0e242fa47,campus:3df915e0e242fa47,campus:3df915e0e242fa47,observation_supports_campus,1046,fractracker:1046,campus identity evidence,9.6.2
campus:477c084f4c87cbdd,campus:477c084f4c87cbdd,campus:477c084f4c87cbdd,observation_supports_campus,1048,fractracker:1048,campus identity evidence,9.6.2
campus:4d305c82cfba144c,campus:4d305c82cfba144c,campus:4d305c82cfba144c,observation_supports_campus,105,fractracker:105,campus identity evidence,9.6.2
building:4e40491a5f4d82e2,campus:5dd4c41385f36185,campus:5dd4c41385f36185,building_in_campus,im3-source:2f5f3ba60230eb02,im3:2f5f3ba60230eb02,source-native building observation,9.6.2
building:46b6832fe76fc741,campus:5dd4c41385f36185,campus:5dd4c41385f36185,building_in_campus,im3-source:f162d5a6fc1b0647,im3:f162d5a6fc1b0647,source-native building observation,9.6.2
campus:5dd4c41385f36185,campus:5dd4c41385f36185,campus:5dd4c41385f36185,observation_supports_campus,1051,fractracker:1051,campus identity evidence,9.6.2
campus:ba70745fe51b8d2f,campus:ba70745fe51b8d2f,campus:ba70745fe51b8d2f,observation_supports_campus,1052,fractracker:1052,campus identity evidence,9.6.2
campus:0f53141feae57203,campus:0f53141feae57203,campus:0f53141feae57203,observation_supports_campus,1053,fractracker:1053,campus identity evidence,9.6.2
campus:000865e6f4ce64e6,campus:000865e6f4ce64e6,campus:000865e6f4ce64e6,observation_supports_campus,1054,fractracker:1054,campus identity evidence,9.6.2
campus:53e837cb26635b7b,campus:53e837cb26635b7b,campus:53e837cb26635b7b,observation_supports_campus,1058,fractracker:1058,campus identity evidence,9.6.2
campus:d8b80b42c4770585,campus:d8b80b42c4770585,campus:d8b80b42c4770585,observation_supports_campus,1059,fractracker:1059,campus identity evidence,9.6.2
campus:3109c043f3575819,campus:3109c043f3575819,campus:3109c043f3575819,observation_supports_campus,106,fractracker:106,campus identity evidence,9.6.2
building:b068c74a408d5f6b,campus:2351d3d83921e0bc,campus:2351d3d83921e0bc,building_in_campus,osm-way-1227612684,gigawatt:osm-way-1227612684,source-native building observation,9.6.2
building:e1006ecba26a27e0,campus:2351d3d83921e0bc,campus:2351d3d83921e0bc,building_in_campus,osm-way-1252196825,gigawatt:osm-way-1252196825,source-native building observation,9.6.2
building:02ce7ada5645a68c,campus:2351d3d83921e0bc,campus:2351d3d83921e0bc,building_in_campus,osm-way-996899486,gigawatt:osm-way-996899486,source-native building observation,9.6.2
building:32da0ba114abb909,campus:2351d3d83921e0bc,campus:2351d3d83921e0bc,building_in_campus,osm-way-996899487,gigawatt:osm-way-996899487,source-native building observation,9.6.2
building:c84cdcd82a62c413,campus:2351d3d83921e0bc,campus:2351d3d83921e0bc,building_in_campus,osm-way-996899488,gigawatt:osm-way-996899488,source-native building observation,9.6.2
campus:2351d3d83921e0bc,campus:2351d3d83921e0bc,campus:2351d3d83921e0bc,observation_supports_campus,1060,fractracker:1060,campus identity evidence,9.6.2
building:b4168b372bd00d23,campus:a473543004073ed1,campus:a473543004073ed1,building_in_campus,osm-way-460060341,gigawatt:osm-way-460060341,source-native building observation,9.6.2
campus:a473543004073ed1,campus:a473543004073ed1,campus:a473543004073ed1,observation_supports_campus,1061,fractracker:1061,campus identity evidence,9.6.2
building:d5ca55b91c325a34,campus:4cf5fc79383a2e13,campus:4cf5fc79383a2e13,building_in_campus,osm-way-460059465,gigawatt:osm-way-460059465,source-native building observation,9.6.2
campus:4cf5fc79383a2e13,campus:4cf5fc79383a2e13,campus:4cf5fc79383a2e13,observation_supports_campus,1062,fractracker:1062,campus identity evidence,9.6.2
building:a757ce5dfa9bba90,campus:13fb4307464c80c3,campus:13fb4307464c80c3,building_in_campus,osm-way-460060340,gigawatt:osm-way-460060340,source-native building observation,9.6.2
campus:13fb4307464c80c3,campus:13fb4307464c80c3,campus:13fb4307464c80c3,observation_supports_campus,1063,fractracker:1063,campus identity evidence,9.6.2
building:f4899264e964a2a2,campus:ba05ab108cabe8d7,campus:ba05ab108cabe8d7,building_in_campus,im3-source:ce7fccb47777c854,im3:ce7fccb47777c854,source-native building observation,9.6.2
campus:ba05ab108cabe8d7,campus:ba05ab108cabe8d7,campus:ba05ab108cabe8d7,observation_supports_campus,1065,fractracker:1065,campus identity evidence,9.6.2
campus:840758d4a05a7226,campus:840758d4a05a7226,campus:840758d4a05a7226,observation_supports_campus,1066,fractracker:1066,campus identity evidence,9.6.2
building:873135dec4767e94,campus:33818ec5d65fdd7a,campus:33818ec5d65fdd7a,building_in_campus,osm-way-1015995259,gigawatt:osm-way-1015995259,source-native building observation,9.6.2
building:dcd7685dae8a1515,campus:33818ec5d65fdd7a,campus:33818ec5d65fdd7a,building_in_campus,osm-way-490997243,gigawatt:osm-way-490997243,source-native building observation,9.6.2
building:0ed8d446b9a3d326,campus:33818ec5d65fdd7a,campus:33818ec5d65fdd7a,building_in_campus,osm-way-490997244,gigawatt:osm-way-490997244,source-native building observation,9.6.2
campus:33818ec5d65fdd7a,campus:33818ec5d65fdd7a,campus:33818ec5d65fdd7a,observation_supports_campus,1067,fractracker:1067,campus identity evidence,9.6.2
building:5b926445af322847,campus:4d7cc792f1a645d5,campus:4d7cc792f1a645d5,building_in_campus,osm-way-1227539675,gigawatt:osm-way-1227539675,source-native building observation,9.6.2
campus:4d7cc792f1a645d5,campus:4d7cc792f1a645d5,campus:4d7cc792f1a645d5,observation_supports_campus,1069,fractracker:1069,campus identity evidence,9.6.2
campus:5c5f08558da0c81f,campus:5c5f08558da0c81f,campus:5c5f08558da0c81f,observation_supports_campus,107,fractracker:107,campus identity evidence,9.6.2
building:8d6f8157b6b1f89d,campus:7ade144ca8fb4db1,campus:7ade144ca8fb4db1,building_in_campus,osm-way-45776978,gigawatt:osm-way-45776978,source-native building observation,9.6.2
building:046c4a967cc7578e,campus:7ade144ca8fb4db1,campus:7ade144ca8fb4db1,building_in_campus,osm-way-45776979,gigawatt:osm-way-45776979,source-native building observation,9.6.2
building:08fd0ddf9ef6106e,campus:7ade144ca8fb4db1,campus:7ade144ca8fb4db1,building_in_campus,osm-way-667573133,gigawatt:osm-way-667573133,source-native building observation,9.6.2
building:9aa4a861c45133a2,campus:7ade144ca8fb4db1,campus:7ade144ca8fb4db1,building_in_campus,osm-way-996723587,gigawatt:osm-way-996723587,source-native building observation,9.6.2
building:734738a1c5373a5a,campus:7ade144ca8fb4db1,campus:7ade144ca8fb4db1,building_in_campus,osm-way-996723588,gigawatt:osm-way-996723588,source-native building observation,9.6.2
building:d7d315f404d40af3,campus:7ade144ca8fb4db1,campus:7ade144ca8fb4db1,building_in_campus,osm-way-996723589,gigawatt:osm-way-996723589,source-native building observation,9.6.2
campus:7ade144ca8fb4db1,campus:7ade144ca8fb4db1,campus:7ade144ca8fb4db1,observation_supports_campus,1070,fractracker:1070,campus identity evidence,9.6.2
campus:175a208b46a25bcc,campus:175a208b46a25bcc,campus:175a208b46a25bcc,observation_supports_campus,1071,fractracker:1071,campus identity evidence,9.6.2
campus:1c1ecfbd353aee0c,campus:1c1ecfbd353aee0c,campus:1c1ecfbd353aee0c,observation_supports_campus,1077,fractracker:1077,campus identity evidence,9.6.2
campus:9fc2f2fa9e14d545,campus:9fc2f2fa9e14d545,campus:9fc2f2fa9e14d545,observation_supports_campus,1078,fractracker:1078,campus identity evidence,9.6.2
campus:b965c559050e6bf7,campus:b965c559050e6bf7,campus:b965c559050e6bf7,observation_supports_campus,1079,fractracker:1079,campus identity evidence,9.6.2
campus:362900f5d9398410,campus:362900f5d9398410,campus:362900f5d9398410,observation_supports_campus,108,fractracker:108,campus identity evidence,9.6.2
building:f710e1e5305008c1,campus:6d33e3a52db6fa30,campus:6d33e3a52db6fa30,building_in_campus,osm-way-45776988,gigawatt:osm-way-45776988,source-native building observation,9.6.2
campus:6d33e3a52db6fa30,campus:6d33e3a52db6fa30,campus:6d33e3a52db6fa30,observation_supports_campus,1081,fractracker:1081,campus identity evidence,9.6.2
campus:1032651ffa6d47a2,campus:1032651ffa6d47a2,campus:1032651ffa6d47a2,observation_supports_campus,1083,fractracker:1083,campus identity evidence,9.6.2
campus:172d7b7c07dfcac0,campus:172d7b7c07dfcac0,campus:172d7b7c07dfcac0,observation_supports_campus,1086,fractracker:1086,campus identity evidence,9.6.2
campus:5b24306dde0159e8,campus:5b24306dde0159e8,campus:5b24306dde0159e8,observation_supports_campus,109,fractracker:109,campus identity evidence,9.6.2
campus:f5a4236daec281c3,campus:f5a4236daec281c3,campus:f5a4236daec281c3,observation_supports_campus,1091,fractracker:1091,campus identity evidence,9.6.2
campus:82e0feecdafe2034,campus:82e0feecdafe2034,campus:82e0feecdafe2034,observation_supports_campus,1093,fractracker:1093,campus identity evidence,9.6.2
campus:be7346b2cd9bbca2,campus:be7346b2cd9bbca2,campus:be7346b2cd9bbca2,observation_supports_campus,1094,fractracker:1094,campus identity evidence,9.6.2
campus:50f6b19c96a4b274,campus:50f6b19c96a4b274,campus:50f6b19c96a4b274,observation_supports_campus,1097,fractracker:1097,campus identity evidence,9.6.2
campus:18dd36a3fca8d9af,campus:18dd36a3fca8d9af,campus:18dd36a3fca8d9af,observation_supports_campus,1098,fractracker:1098,campus identity evidence,9.6.2
campus:c0b118cde9590386,campus:c0b118cde9590386,campus:c0b118cde9590386,observation_supports_campus,1099,fractracker:1099,campus identity evidence,9.6.2
campus:42b6c00dd527b30b,campus:42b6c00dd527b30b,campus:42b6c00dd527b30b,observation_supports_campus,11,fractracker:11,campus identity evidence,9.6.2
campus:f95061250d578081,campus:f95061250d578081,campus:f95061250d578081,observation_supports_campus,110,fractracker:110,campus identity evidence,9.6.2
campus:3f45bb6817af403a,campus:3f45bb6817af403a,campus:3f45bb6817af403a,observation_supports_campus,1100,fractracker:1100,campus identity evidence,9.6.2
campus:44fd505dfc2eaba8,campus:44fd505dfc2eaba8,campus:44fd505dfc2eaba8,observation_supports_campus,1101,fractracker:1101,campus identity evidence,9.6.2
campus:4c35d4e6fef31baa,campus:4c35d4e6fef31baa,campus:4c35d4e6fef31baa,observation_supports_campus,1102,fractracker:1102,campus identity evidence,9.6.2
campus:20c5f2a3fc2cce89,campus:20c5f2a3fc2cce89,campus:20c5f2a3fc2cce89,observation_supports_campus,1103,fractracker:1103,campus identity evidence,9.6.2
campus:d2c804d15b7834cb,campus:d2c804d15b7834cb,campus:d2c804d15b7834cb,observation_supports_campus,1109,fractracker:1109,campus identity evidence,9.6.2
campus:7604640ea8fb6d09,campus:7604640ea8fb6d09,campus:7604640ea8fb6d09,observation_supports_campus,111,fractracker:111,campus identity evidence,9.6.2
campus:894baa98a6f6060b,campus:894baa98a6f6060b,campus:894baa98a6f6060b,observation_supports_campus,1110,fractracker:1110,campus identity evidence,9.6.2
campus:f17bc66a7612bb2d,campus:f17bc66a7612bb2d,campus:f17bc66a7612bb2d,observation_supports_campus,1117,fractracker:1117,campus identity evidence,9.6.2
campus:66fea7382678e56a,campus:66fea7382678e56a,campus:66fea7382678e56a,observation_supports_campus,112,fractracker:112,campus identity evidence,9.6.2
campus:9f9f880f318b2eea,campus:9f9f880f318b2eea,campus:9f9f880f318b2eea,observation_supports_campus,1121,fractracker:1121,campus identity evidence,9.6.2
campus:51682dc1f988802a,campus:51682dc1f988802a,campus:51682dc1f988802a,observation_supports_campus,1122,fractracker:1122,campus identity evidence,9.6.2
campus:da67d2d4f23e2ee2,campus:da67d2d4f23e2ee2,campus:da67d2d4f23e2ee2,observation_supports_campus,1124,fractracker:1124,campus identity evidence,9.6.2
campus:f5895b59243f1e3d,campus:f5895b59243f1e3d,campus:f5895b59243f1e3d,observation_supports_campus,1132,fractracker:1132,campus identity evidence,9.6.2
campus:5b349c0f92eb5d29,campus:5b349c0f92eb5d29,campus:5b349c0f92eb5d29,observation_supports_campus,1133,fractracker:1133,campus identity evidence,9.6.2
campus:612890826b9db0c7,campus:612890826b9db0c7,campus:612890826b9db0c7,observation_supports_campus,1137,fractracker:1137,campus identity evidence,9.6.2
campus:0139443ceca3bc92,campus:0139443ceca3bc92,campus:0139443ceca3bc92,observation_supports_campus,1138,fractracker:1138,campus identity evidence,9.6.2
campus:eba3cc3b2054749e,campus:eba3cc3b2054749e,campus:eba3cc3b2054749e,observation_supports_campus,1139,fractracker:1139,campus identity evidence,9.6.2
campus:1a84d6f16415178a,campus:1a84d6f16415178a,campus:1a84d6f16415178a,observation_supports_campus,114,fractracker:114,campus identity evidence,9.6.2
campus:d72a1cc6977948b7,campus:d72a1cc6977948b7,campus:d72a1cc6977948b7,observation_supports_campus,1142,fractracker:1142,campus identity evidence,9.6.2
campus:5e87e2f11b7d9283,campus:5e87e2f11b7d9283,campus:5e87e2f11b7d9283,observation_supports_campus,1143,fractracker:1143,campus identity evidence,9.6.2
campus:be7a2d541059f948,campus:be7a2d541059f948,campus:be7a2d541059f948,observation_supports_campus,1144,fractracker:1144,campus identity evidence,9.6.2
campus:5123d34cbceeb50f,campus:5123d34cbceeb50f,campus:5123d34cbceeb50f,observation_supports_campus,1145,fractracker:1145,campus identity evidence,9.6.2
campus:ae854606d1ce1d06,campus:ae854606d1ce1d06,campus:ae854606d1ce1d06,observation_supports_campus,1146,fractracker:1146,campus identity evidence,9.6.2
campus:810cec0e29a6d0aa,campus:810cec0e29a6d0aa,campus:810cec0e29a6d0aa,observation_supports_campus,1147,fractracker:1147,campus identity evidence,9.6.2
campus:6f8bc03b09aa044a,campus:6f8bc03b09aa044a,campus:6f8bc03b09aa044a,observation_supports_campus,1148,fractracker:1148,campus identity evidence,9.6.2
campus:c45299ed0125b11c,campus:c45299ed0125b11c,campus:c45299ed0125b11c,observation_supports_campus,1150,fractracker:1150,campus identity evidence,9.6.2
campus:d3ea9537d145213f,campus:d3ea9537d145213f,campus:d3ea9537d145213f,observation_supports_campus,1151,fractracker:1151,campus identity evidence,9.6.2
campus:f873601fe353afb0,campus:f873601fe353afb0,campus:f873601fe353afb0,observation_supports_campus,1152,fractracker:1152,campus identity evidence,9.6.2
campus:197e5e29ef6ad6d9,campus:197e5e29ef6ad6d9,campus:197e5e29ef6ad6d9,observation_supports_campus,1153,fractracker:1153,campus identity evidence,9.6.2
campus:71df7b862b8470e9,campus:71df7b862b8470e9,campus:71df7b862b8470e9,observation_supports_campus,1154,fractracker:1154,campus identity evidence,9.6.2
campus:005fd2bcaf8a6342,campus:005fd2bcaf8a6342,campus:005fd2bcaf8a6342,observation_supports_campus,1155,fractracker:1155,campus identity evidence,9.6.2
campus:1556aee68cf45842,campus:1556aee68cf45842,campus:1556aee68cf45842,observation_supports_campus,1156,fractracker:1156,campus identity evidence,9.6.2
campus:4fc527fd2416b58b,campus:4fc527fd2416b58b,campus:4fc527fd2416b58b,observation_supports_campus,1159,fractracker:1159,campus identity evidence,9.6.2
campus:613f5114f34c24bc,campus:613f5114f34c24bc,campus:613f5114f34c24bc,observation_supports_campus,116,fractracker:116,campus identity evidence,9.6.2
building:eeb7a70a6b6b0ff4,campus:a71af69b84edf0f6,campus:a71af69b84edf0f6,building_in_campus,osm-way-1493516619,gigawatt:osm-way-1493516619,source-native building observation,9.6.2
building:455e08788ec55fa9,campus:a71af69b84edf0f6,campus:a71af69b84edf0f6,building_in_campus,osm-way-1493516620,gigawatt:osm-way-1493516620,source-native building observation,9.6.2
building:9dd18e0130ef0d1b,campus:a71af69b84edf0f6,campus:a71af69b84edf0f6,building_in_campus,osm-way-1493516621,gigawatt:osm-way-1493516621,source-native building observation,9.6.2
building:139701fa227c9c40,campus:a71af69b84edf0f6,campus:a71af69b84edf0f6,building_in_campus,osm-way-1493516629,gigawatt:osm-way-1493516629,source-native building observation,9.6.2
building:52aa58f6b9d11ed3,campus:a71af69b84edf0f6,campus:a71af69b84edf0f6,building_in_campus,osm-way-1493516630,gigawatt:osm-way-1493516630,source-native building observation,9.6.2
building:00352d33d4b4588f,campus:a71af69b84edf0f6,campus:a71af69b84edf0f6,building_in_campus,osm-way-1493516631,gigawatt:osm-way-1493516631,source-native building observation,9.6.2
building:a4abec825ce6ac14,campus:a71af69b84edf0f6,campus:a71af69b84edf0f6,building_in_campus,osm-way-1493516632,gigawatt:osm-way-1493516632,source-native building observation,9.6.2
building:593209606964f9c2,campus:a71af69b84edf0f6,campus:a71af69b84edf0f6,building_in_campus,osm-way-1493516633,gigawatt:osm-way-1493516633,source-native building observation,9.6.2
campus:a71af69b84edf0f6,campus:a71af69b84edf0f6,campus:a71af69b84edf0f6,observation_supports_campus,1161,fractracker:1161,campus identity evidence,9.6.2
campus:58bdef383b71e45f,campus:58bdef383b71e45f,campus:58bdef383b71e45f,observation_supports_campus,1163,fractracker:1163,campus identity evidence,9.6.2
campus:21342ad7d7180130,campus:21342ad7d7180130,campus:21342ad7d7180130,observation_supports_campus,1164,fractracker:1164,campus identity evidence,9.6.2
building:c6ecfb83ab352b26,campus:f543dc64bd8c4519,campus:f543dc64bd8c4519,building_in_campus,osm-way-701931820,gigawatt:osm-way-701931820,source-native building observation,9.6.2
building:9810d8bbe3ac8349,campus:f543dc64bd8c4519,campus:f543dc64bd8c4519,building_in_campus,osm-way-989735623,gigawatt:osm-way-989735623,source-native building observation,9.6.2
building:5e69c31c64fe5018,campus:f543dc64bd8c4519,campus:f543dc64bd8c4519,building_in_campus,osm-way-989735624,gigawatt:osm-way-989735624,source-native building observation,9.6.2
campus:f543dc64bd8c4519,campus:f543dc64bd8c4519,campus:f543dc64bd8c4519,observation_supports_campus,1167,fractracker:1167,campus identity evidence,9.6.2
campus:0b6f71a03762841a,campus:0b6f71a03762841a,campus:0b6f71a03762841a,observation_supports_campus,117,fractracker:117,campus identity evidence,9.6.2
campus:e8369bc0d8db5748,campus:e8369bc0d8db5748,campus:e8369bc0d8db5748,observation_supports_campus,1171,fractracker:1171,campus identity evidence,9.6.2
campus:00afdb61855f149c,campus:00afdb61855f149c,campus:00afdb61855f149c,observation_supports_campus,1175,fractracker:1175,campus identity evidence,9.6.2
campus:70670b0ead935595,campus:70670b0ead935595,campus:70670b0ead935595,observation_supports_campus,1176,fractracker:1176,campus identity evidence,9.6.2
campus:b65edc8709f7385e,campus:b65edc8709f7385e,campus:b65edc8709f7385e,observation_supports_campus,1177,fractracker:1177,campus identity evidence,9.6.2
campus:2a210e001bfbbb12,campus:2a210e001bfbbb12,campus:2a210e001bfbbb12,observation_supports_campus,118,fractracker:118,campus identity evidence,9.6.2
campus:c7ebb2dc26a44eae,campus:c7ebb2dc26a44eae,campus:c7ebb2dc26a44eae,observation_supports_campus,1180,fractracker:1180,campus identity evidence,9.6.2
building:d741293a33ac1fe6,campus:5decd86ef5df65ad,campus:5decd86ef5df65ad,building_in_campus,osm-way-1037871048,gigawatt:osm-way-1037871048,source-native building observation,9.6.2
building:1fd555ce94515a86,campus:5decd86ef5df65ad,campus:5decd86ef5df65ad,building_in_campus,osm-way-1088203906,gigawatt:osm-way-1088203906,source-native building observation,9.6.2
building:a494b0dde8e8aa57,campus:5decd86ef5df65ad,campus:5decd86ef5df65ad,building_in_campus,osm-way-1088203907,gigawatt:osm-way-1088203907,source-native building observation,9.6.2
building:e64624dc064fdf01,campus:5decd86ef5df65ad,campus:5decd86ef5df65ad,building_in_campus,osm-way-460053028,gigawatt:osm-way-460053028,source-native building observation,9.6.2
building:e64624dc064fdf01,campus:5decd86ef5df65ad,campus:5decd86ef5df65ad,building_in_campus,osm-way-463571876,gigawatt:osm-way-463571876,source-native building observation,9.6.2
building:f0a6f661bfd1f5aa,campus:5decd86ef5df65ad,campus:5decd86ef5df65ad,building_in_campus,osm-way-463571875,gigawatt:osm-way-463571875,source-native building observation,9.6.2
building:e0d9695df3ccf297,campus:5decd86ef5df65ad,campus:5decd86ef5df65ad,building_in_campus,osm-way-48242814,gigawatt:osm-way-48242814,source-native building observation,9.6.2
building:4e9820769e6a2e71,campus:5decd86ef5df65ad,campus:5decd86ef5df65ad,building_in_campus,osm-way-48242816,gigawatt:osm-way-48242816,source-native building observation,9.6.2
building:92a87ad2fa0a4adf,campus:5decd86ef5df65ad,campus:5decd86ef5df65ad,building_in_campus,osm-way-596690174,gigawatt:osm-way-596690174,source-native building observation,9.6.2
building:05288df6f38484b4,campus:5decd86ef5df65ad,campus:5decd86ef5df65ad,building_in_campus,osm-way-701930920,gigawatt:osm-way-701930920,source-native building observation,9.6.2
building:4142210c751c4a48,campus:5decd86ef5df65ad,campus:5decd86ef5df65ad,building_in_campus,osm-way-701930921,gigawatt:osm-way-701930921,source-native building observation,9.6.2
building:590350d7b9c90967,campus:5decd86ef5df65ad,campus:5decd86ef5df65ad,building_in_campus,osm-way-793087859,gigawatt:osm-way-793087859,source-native building observation,9.6.2
building:158b2503359a6c00,campus:5decd86ef5df65ad,campus:5decd86ef5df65ad,building_in_campus,osm-way-852039781,gigawatt:osm-way-852039781,source-native building observation,9.6.2
building:4cebd9f8d5ae048d,campus:5decd86ef5df65ad,campus:5decd86ef5df65ad,building_in_campus,osm-way-886028872,gigawatt:osm-way-886028872,source-native building observation,9.6.2
campus:5decd86ef5df65ad,campus:5decd86ef5df65ad,campus:5decd86ef5df65ad,observation_supports_campus,1182,fractracker:1182,campus identity evidence,9.6.2
building:92b7bf7283839ab5,campus:d847a59a3ebcaaba,campus:d847a59a3ebcaaba,building_in_campus,osm-way-1188680255,gigawatt:osm-way-1188680255,source-native building observation,9.6.2
building:4d8d953fef17675f,campus:d847a59a3ebcaaba,campus:d847a59a3ebcaaba,building_in_campus,osm-way-299929061,gigawatt:osm-way-299929061,source-native building observation,9.6.2
building:dfbfbb5f8eceacbe,campus:d847a59a3ebcaaba,campus:d847a59a3ebcaaba,building_in_campus,osm-way-460056019,gigawatt:osm-way-460056019,source-native building observation,9.6.2
building:ccd4d1b66acdd800,campus:d847a59a3ebcaaba,campus:d847a59a3ebcaaba,building_in_campus,osm-way-460056020,gigawatt:osm-way-460056020,source-native building observation,9.6.2
building:91bde3633bcdc5d7,campus:d847a59a3ebcaaba,campus:d847a59a3ebcaaba,building_in_campus,osm-way-460056023,gigawatt:osm-way-460056023,source-native building observation,9.6.2
building:e76ab1bcf1bb1106,campus:d847a59a3ebcaaba,campus:d847a59a3ebcaaba,building_in_campus,osm-way-460056024,gigawatt:osm-way-460056024,source-native building observation,9.6.2
building:5c967074cc108c57,campus:d847a59a3ebcaaba,campus:d847a59a3ebcaaba,building_in_campus,osm-way-465062052,gigawatt:osm-way-465062052,source-native building observation,9.6.2
building:9acca5e0af181201,campus:d847a59a3ebcaaba,campus:d847a59a3ebcaaba,building_in_campus,osm-way-465062053,gigawatt:osm-way-465062053,source-native building observation,9.6.2
building:28b881a0ca2025dd,campus:d847a59a3ebcaaba,campus:d847a59a3ebcaaba,building_in_campus,osm-way-697020849,gigawatt:osm-way-697020849,source-native building observation,9.6.2
building:90c272eec61e5ea4,campus:d847a59a3ebcaaba,campus:d847a59a3ebcaaba,building_in_campus,osm-way-697020850,gigawatt:osm-way-697020850,source-native building observation,9.6.2
building:9697bc81faf11a07,campus:d847a59a3ebcaaba,campus:d847a59a3ebcaaba,building_in_campus,osm-way-958662382,gigawatt:osm-way-958662382,source-native building observation,9.6.2
campus:d847a59a3ebcaaba,campus:d847a59a3ebcaaba,campus:d847a59a3ebcaaba,observation_supports_campus,1183,fractracker:1183,campus identity evidence,9.6.2
building:d72b99a1710fe1a9,campus:a91dad8f432388dc,campus:a91dad8f432388dc,building_in_campus,osm-way-299927846,gigawatt:osm-way-299927846,source-native building observation,9.6.2
building:e9635cf1270dc488,campus:a91dad8f432388dc,campus:a91dad8f432388dc,building_in_campus,osm-way-794147657,gigawatt:osm-way-794147657,source-native building observation,9.6.2
campus:a91dad8f432388dc,campus:a91dad8f432388dc,campus:a91dad8f432388dc,observation_supports_campus,1184,fractracker:1184,campus identity evidence,9.6.2
building:cc130035f1ef94e4,campus:fb0fa97a39ea2142,campus:fb0fa97a39ea2142,building_in_campus,osm-way-1106454555,gigawatt:osm-way-1106454555,source-native building observation,9.6.2
building:777c27281ad67519,campus:fb0fa97a39ea2142,campus:fb0fa97a39ea2142,building_in_campus,osm-way-1161094246,gigawatt:osm-way-1161094246,source-native building observation,9.6.2
building:5d49b2bd8b35c965,campus:fb0fa97a39ea2142,campus:fb0fa97a39ea2142,building_in_campus,osm-way-1177893426,gigawatt:osm-way-1177893426,source-native building observation,9.6.2
building:f16a571df5cf6569,campus:fb0fa97a39ea2142,campus:fb0fa97a39ea2142,building_in_campus,osm-way-1276518679,gigawatt:osm-way-1276518679,source-native building observation,9.6.2
building:32a8ba7a708b14f6,campus:fb0fa97a39ea2142,campus:fb0fa97a39ea2142,building_in_campus,osm-way-1280340213,gigawatt:osm-way-1280340213,source-native building observation,9.6.2
building:ca71109f1af98fc9,campus:fb0fa97a39ea2142,campus:fb0fa97a39ea2142,building_in_campus,osm-way-701924667,gigawatt:osm-way-701924667,source-native building observation,9.6.2
building:c9c89eaeb1ec21e5,campus:fb0fa97a39ea2142,campus:fb0fa97a39ea2142,building_in_campus,osm-way-701924668,gigawatt:osm-way-701924668,source-native building observation,9.6.2
building:ec59284e3c43a03a,campus:fb0fa97a39ea2142,campus:fb0fa97a39ea2142,building_in_campus,osm-way-701924669,gigawatt:osm-way-701924669,source-native building observation,9.6.2
building:b73cfa09cff252fb,campus:fb0fa97a39ea2142,campus:fb0fa97a39ea2142,building_in_campus,osm-way-701929066,gigawatt:osm-way-701929066,source-native building observation,9.6.2
building:623e6ad9ee7285a9,campus:fb0fa97a39ea2142,campus:fb0fa97a39ea2142,building_in_campus,osm-way-744491691,gigawatt:osm-way-744491691,source-native building observation,9.6.2
building:5409e1b76e4f29da,campus:fb0fa97a39ea2142,campus:fb0fa97a39ea2142,building_in_campus,osm-way-817338831,gigawatt:osm-way-817338831,source-native building observation,9.6.2
building:0aced31a22f99e43,campus:fb0fa97a39ea2142,campus:fb0fa97a39ea2142,building_in_campus,osm-way-817338832,gigawatt:osm-way-817338832,source-native building observation,9.6.2
building:b1c3272ecf1c36b0,campus:fb0fa97a39ea2142,campus:fb0fa97a39ea2142,building_in_campus,osm-way-954433119,gigawatt:osm-way-954433119,source-native building observation,9.6.2
campus:fb0fa97a39ea2142,campus:fb0fa97a39ea2142,campus:fb0fa97a39ea2142,observation_supports_campus,1186,fractracker:1186,campus identity evidence,9.6.2
campus:6f80fa8849b4b6f3,campus:6f80fa8849b4b6f3,campus:6f80fa8849b4b6f3,observation_supports_campus,1187,fractracker:1187,campus identity evidence,9.6.2
campus:b33c5bc39bacd970,campus:b33c5bc39bacd970,campus:b33c5bc39bacd970,observation_supports_campus,119,fractracker:119,campus identity evidence,9.6.2
campus:e86049a505db37aa,campus:e86049a505db37aa,campus:e86049a505db37aa,observation_supports_campus,1192,fractracker:1192,campus identity evidence,9.6.2
campus:b2e07c26369587b1,campus:b2e07c26369587b1,campus:b2e07c26369587b1,observation_supports_campus,1193,fractracker:1193,campus identity evidence,9.6.2
building:9139b5b6ed8ebe36,campus:5b3973b9ad2263a8,campus:5b3973b9ad2263a8,building_in_campus,im3-source:406c8caab489583e,im3:406c8caab489583e,source-native building observation,9.6.2
building:9139b5b6ed8ebe36,campus:5b3973b9ad2263a8,campus:5b3973b9ad2263a8,building_in_campus,osm-way-435817145,gigawatt:osm-way-435817145,source-native building observation,9.6.2
building:f8ab0c295af39908,campus:5b3973b9ad2263a8,campus:5b3973b9ad2263a8,building_in_campus,im3-source:913796e8bc268a5e,im3:913796e8bc268a5e,source-native building observation,9.6.2
building:f8ab0c295af39908,campus:5b3973b9ad2263a8,campus:5b3973b9ad2263a8,building_in_campus,osm-way-435324552,gigawatt:osm-way-435324552,source-native building observation,9.6.2
building:0809c4c066b64b46,campus:5b3973b9ad2263a8,campus:5b3973b9ad2263a8,building_in_campus,im3-source:9ced26b380656d57,im3:9ced26b380656d57,source-native building observation,9.6.2
building:0809c4c066b64b46,campus:5b3973b9ad2263a8,campus:5b3973b9ad2263a8,building_in_campus,osm-way-983627455,gigawatt:osm-way-983627455,source-native building observation,9.6.2
building:2073ed6433adf010,campus:5b3973b9ad2263a8,campus:5b3973b9ad2263a8,building_in_campus,im3-source:f83f01771115a73c,im3:f83f01771115a73c,source-native building observation,9.6.2
building:2073ed6433adf010,campus:5b3973b9ad2263a8,campus:5b3973b9ad2263a8,building_in_campus,osm-way-701930919,gigawatt:osm-way-701930919,source-native building observation,9.6.2
campus:5b3973b9ad2263a8,campus:5b3973b9ad2263a8,campus:5b3973b9ad2263a8,observation_supports_campus,1195,fractracker:1195,campus identity evidence,9.6.2
campus:7b4e5e924a45d9d2,campus:7b4e5e924a45d9d2,campus:7b4e5e924a45d9d2,observation_supports_campus,1197,fractracker:1197,campus identity evidence,9.6.2
campus:9fcf6d7432ff0946,campus:9fcf6d7432ff0946,campus:9fcf6d7432ff0946,observation_supports_campus,12,fractracker:12,campus identity evidence,9.6.2
campus:30d1de72e3717a64,campus:30d1de72e3717a64,campus:30d1de72e3717a64,observation_supports_campus,120,fractracker:120,campus identity evidence,9.6.2
campus:ab5b86c7b5c3c896,campus:ab5b86c7b5c3c896,campus:ab5b86c7b5c3c896,observation_supports_campus,1200,fractracker:1200,campus identity evidence,9.6.2
campus:faf2c705b0115e79,campus:faf2c705b0115e79,campus:faf2c705b0115e79,observation_supports_campus,1201,fractracker:1201,campus identity evidence,9.6.2
campus:4644bbb44486e0fc,campus:4644bbb44486e0fc,campus:4644bbb44486e0fc,observation_supports_campus,1204,fractracker:1204,campus identity evidence,9.6.2
campus:c037caf3526e52eb,campus:c037caf3526e52eb,campus:c037caf3526e52eb,observation_supports_campus,1205,fractracker:1205,campus identity evidence,9.6.2
campus:33b8b8df7943c129,campus:33b8b8df7943c129,campus:33b8b8df7943c129,observation_supports_campus,1206,fractracker:1206,campus identity evidence,9.6.2
campus:1080c520486940ae,campus:1080c520486940ae,campus:1080c520486940ae,observation_supports_campus,121,fractracker:121,campus identity evidence,9.6.2
campus:076c95d05b033739,campus:076c95d05b033739,campus:076c95d05b033739,observation_supports_campus,1213,fractracker:1213,campus identity evidence,9.6.2
campus:62ecd55421d4f4cb,campus:62ecd55421d4f4cb,campus:62ecd55421d4f4cb,observation_supports_campus,1216,fractracker:1216,campus identity evidence,9.6.2
campus:ea6325cf4892ec9a,campus:ea6325cf4892ec9a,campus:ea6325cf4892ec9a,observation_supports_campus,1217,fractracker:1217,campus identity evidence,9.6.2
campus:174f150658983761,campus:174f150658983761,campus:174f150658983761,observation_supports_campus,122,fractracker:122,campus identity evidence,9.6.2
campus:c65997911b92e7b9,campus:c65997911b92e7b9,campus:c65997911b92e7b9,observation_supports_campus,1222,fractracker:1222,campus identity evidence,9.6.2
campus:fca21b705ce0e87a,campus:fca21b705ce0e87a,campus:fca21b705ce0e87a,observation_supports_campus,1223,fractracker:1223,campus identity evidence,9.6.2
campus:57c9528c2e9e0647,campus:57c9528c2e9e0647,campus:57c9528c2e9e0647,observation_supports_campus,1224,fractracker:1224,campus identity evidence,9.6.2
building:bccb731cc781af20,campus:00f93494fd95b47c,campus:00f93494fd95b47c,building_in_campus,osm-node-9092482804,gigawatt:osm-node-9092482804,source-native building observation,9.6.2
building:769162f88b4357c6,campus:00f93494fd95b47c,campus:00f93494fd95b47c,building_in_campus,osm-way-744496741,gigawatt:osm-way-744496741,source-native building observation,9.6.2
building:731711b5f6a3ec7a,campus:00f93494fd95b47c,campus:00f93494fd95b47c,building_in_campus,osm-way-744496750,gigawatt:osm-way-744496750,source-native building observation,9.6.2
building:7f1660922d705b8f,campus:00f93494fd95b47c,campus:00f93494fd95b47c,building_in_campus,osm-way-930849744,gigawatt:osm-way-930849744,source-native building observation,9.6.2
building:82a30b62d091f98b,campus:00f93494fd95b47c,campus:00f93494fd95b47c,building_in_campus,osm-way-984953813,gigawatt:osm-way-984953813,source-native building observation,9.6.2
building:03402eb116cff4b2,campus:00f93494fd95b47c,campus:00f93494fd95b47c,building_in_campus,osm-way-984953814,gigawatt:osm-way-984953814,source-native building observation,9.6.2
campus:00f93494fd95b47c,campus:00f93494fd95b47c,campus:00f93494fd95b47c,observation_supports_campus,1228,fractracker:1228,campus identity evidence,9.6.2
campus:94a9f5243520a37a,campus:94a9f5243520a37a,campus:94a9f5243520a37a,observation_supports_campus,123,fractracker:123,campus identity evidence,9.6.2
campus:7de433dea07a4b13,campus:7de433dea07a4b13,campus:7de433dea07a4b13,observation_supports_campus,1231,fractracker:1231,campus identity evidence,9.6.2
campus:88d3103e14218380,campus:88d3103e14218380,campus:88d3103e14218380,observation_supports_campus,1232,fractracker:1232,campus identity evidence,9.6.2
campus:07f171d47b9cab9e,campus:07f171d47b9cab9e,campus:07f171d47b9cab9e,observation_supports_campus,1233,fractracker:1233,campus identity evidence,9.6.2
campus:f389b24daac83395,campus:f389b24daac83395,campus:f389b24daac83395,observation_supports_campus,1237,fractracker:1237,campus identity evidence,9.6.2
campus:49d38728a7573e02,campus:49d38728a7573e02,campus:49d38728a7573e02,observation_supports_campus,1238,fractracker:1238,campus identity evidence,9.6.2
campus:e0622e3e62fa2a8f,campus:e0622e3e62fa2a8f,campus:e0622e3e62fa2a8f,observation_supports_campus,124,fractracker:124,campus identity evidence,9.6.2
campus:1d4d491c0817d70d,campus:1d4d491c0817d70d,campus:1d4d491c0817d70d,observation_supports_campus,1240,fractracker:1240,campus identity evidence,9.6.2
campus:3971c02270d4ea11,campus:3971c02270d4ea11,campus:3971c02270d4ea11,observation_supports_campus,1244,fractracker:1244,campus identity evidence,9.6.2
campus:984fd4269309939b,campus:984fd4269309939b,campus:984fd4269309939b,observation_supports_campus,1246,fractracker:1246,campus identity evidence,9.6.2
campus:eb717d5c694de004,campus:eb717d5c694de004,campus:eb717d5c694de004,observation_supports_campus,1247,fractracker:1247,campus identity evidence,9.6.2
campus:25446931bf205d1d,campus:25446931bf205d1d,campus:25446931bf205d1d,observation_supports_campus,1248,fractracker:1248,campus identity evidence,9.6.2
building:741165e78190d352,campus:b270e57f2432c5da,campus:b270e57f2432c5da,building_in_campus,im3-source:d14be2ff6bcd13d4,im3:d14be2ff6bcd13d4,source-native building observation,9.6.2
campus:b270e57f2432c5da,campus:b270e57f2432c5da,campus:b270e57f2432c5da,observation_supports_campus,1249,fractracker:1249,campus identity evidence,9.6.2
campus:9a5ec31c71fed1c0,campus:9a5ec31c71fed1c0,campus:9a5ec31c71fed1c0,observation_supports_campus,125,fractracker:125,campus identity evidence,9.6.2
campus:c01e27b3cdd73b92,campus:c01e27b3cdd73b92,campus:c01e27b3cdd73b92,observation_supports_campus,1252,fractracker:1252,campus identity evidence,9.6.2
building:1aff5d983803371f,campus:98f3010c6f7d6e0c,campus:98f3010c6f7d6e0c,building_in_campus,osm-way-1227777116,gigawatt:osm-way-1227777116,source-native building observation,9.6.2
campus:98f3010c6f7d6e0c,campus:98f3010c6f7d6e0c,campus:98f3010c6f7d6e0c,observation_supports_campus,1256,fractracker:1256,campus identity evidence,9.6.2
campus:846f3995b162fa65,campus:846f3995b162fa65,campus:846f3995b162fa65,observation_supports_campus,1258,fractracker:1258,campus identity evidence,9.6.2
campus:b7e12e78562e3910,campus:b7e12e78562e3910,campus:b7e12e78562e3910,observation_supports_campus,126,fractracker:126,campus identity evidence,9.6.2
building:17866c68f3a3280e,campus:5ec31c8e418bef98,campus:5ec31c8e418bef98,building_in_campus,im3-source:3b71a3a3f1831f58,im3:3b71a3a3f1831f58,source-native building observation,9.6.2
building:17866c68f3a3280e,campus:5ec31c8e418bef98,campus:5ec31c8e418bef98,building_in_campus,osm-way-1124864831,gigawatt:osm-way-1124864831,source-native building observation,9.6.2
building:91e90ce2929d0a26,campus:5ec31c8e418bef98,campus:5ec31c8e418bef98,building_in_campus,osm-way-897226569,gigawatt:osm-way-897226569,source-native building observation,9.6.2
campus:5ec31c8e418bef98,campus:5ec31c8e418bef98,campus:5ec31c8e418bef98,observation_supports_campus,1262,fractracker:1262,campus identity evidence,9.6.2
building:55661ac793878ce9,campus:064933346b0ef091,campus:064933346b0ef091,building_in_campus,im3-source:0bced4510048e051,im3:0bced4510048e051,source-native building observation,9.6.2
building:55661ac793878ce9,campus:064933346b0ef091,campus:064933346b0ef091,building_in_campus,osm-way-368724474,gigawatt:osm-way-368724474,source-native building observation,9.6.2
campus:064933346b0ef091,campus:064933346b0ef091,campus:064933346b0ef091,observation_supports_campus,1266,fractracker:1266,campus identity evidence,9.6.2
campus:21498f0bd94e4113,campus:21498f0bd94e4113,campus:21498f0bd94e4113,observation_supports_campus,1267,fractracker:1267,campus identity evidence,9.6.2
campus:306d267a8b8a1765,campus:306d267a8b8a1765,campus:306d267a8b8a1765,observation_supports_campus,127,fractracker:127,campus identity evidence,9.6.2
campus:2e319c5e47da65b2,campus:2e319c5e47da65b2,campus:2e319c5e47da65b2,observation_supports_campus,1270,fractracker:1270,campus identity evidence,9.6.2
campus:249eac4fdfa7cca2,campus:249eac4fdfa7cca2,campus:249eac4fdfa7cca2,observation_supports_campus,1274,fractracker:1274,campus identity evidence,9.6.2
campus:b2c35f278fd836d0,campus:b2c35f278fd836d0,campus:b2c35f278fd836d0,observation_supports_campus,1275,fractracker:1275,campus identity evidence,9.6.2
campus:8fa19e718f8e0ae2,campus:8fa19e718f8e0ae2,campus:8fa19e718f8e0ae2,observation_supports_campus,1276,fractracker:1276,campus identity evidence,9.6.2
campus:2fe5adc196580981,campus:2fe5adc196580981,campus:2fe5adc196580981,observation_supports_campus,1277,fractracker:1277,campus identity evidence,9.6.2
campus:5a03452f491f30be,campus:5a03452f491f30be,campus:5a03452f491f30be,observation_supports_campus,1278,fractracker:1278,campus identity evidence,9.6.2
campus:1dd5b563accc7f11,campus:1dd5b563accc7f11,campus:1dd5b563accc7f11,observation_supports_campus,1279,fractracker:1279,campus identity evidence,9.6.2
campus:c96e221c38da3723,campus:c96e221c38da3723,campus:c96e221c38da3723,observation_supports_campus,128,fractracker:128,campus identity evidence,9.6.2
campus:90f171510813808c,campus:90f171510813808c,campus:90f171510813808c,observation_supports_campus,1280,fractracker:1280,campus identity evidence,9.6.2
campus:dc6a2d23d88881b0,campus:dc6a2d23d88881b0,campus:dc6a2d23d88881b0,observation_supports_campus,1281,fractracker:1281,campus identity evidence,9.6.2
campus:34f0a8e586c8cd47,campus:34f0a8e586c8cd47,campus:34f0a8e586c8cd47,observation_supports_campus,1284,fractracker:1284,campus identity evidence,9.6.2
campus:e8346a375f093b31,campus:e8346a375f093b31,campus:e8346a375f093b31,observation_supports_campus,1285,fractracker:1285,campus identity evidence,9.6.2
campus:dc9fc8fefeca0025,campus:dc9fc8fefeca0025,campus:dc9fc8fefeca0025,observation_supports_campus,1286,fractracker:1286,campus identity evidence,9.6.2
campus:ec7369660346eee2,campus:ec7369660346eee2,campus:ec7369660346eee2,observation_supports_campus,1287,fractracker:1287,campus identity evidence,9.6.2
campus:03f2ed76abc1cd06,campus:03f2ed76abc1cd06,campus:03f2ed76abc1cd06,observation_supports_campus,1288,fractracker:1288,campus identity evidence,9.6.2
campus:c88dce5e64a0cbba,campus:c88dce5e64a0cbba,campus:c88dce5e64a0cbba,observation_supports_campus,1289,fractracker:1289,campus identity evidence,9.6.2
campus:226e5f3bd05a0f1f,campus:226e5f3bd05a0f1f,campus:226e5f3bd05a0f1f,observation_supports_campus,129,fractracker:129,campus identity evidence,9.6.2
campus:5f261041c7f96800,campus:5f261041c7f96800,campus:5f261041c7f96800,observation_supports_campus,1290,fractracker:1290,campus identity evidence,9.6.2
campus:988dbd35f29e2bd3,campus:988dbd35f29e2bd3,campus:988dbd35f29e2bd3,observation_supports_campus,1291,fractracker:1291,campus identity evidence,9.6.2
campus:4315a526caf6f773,campus:4315a526caf6f773,campus:4315a526caf6f773,observation_supports_campus,1292,fractracker:1292,campus identity evidence,9.6.2
campus:b804a6165cab8665,campus:b804a6165cab8665,campus:b804a6165cab8665,observation_supports_campus,1293,fractracker:1293,campus identity evidence,9.6.2
campus:2ebfe373233fc4b7,campus:2ebfe373233fc4b7,campus:2ebfe373233fc4b7,observation_supports_campus,1294,fractracker:1294,campus identity evidence,9.6.2
campus:8c59db60c2e946f4,campus:8c59db60c2e946f4,campus:8c59db60c2e946f4,observation_supports_campus,1296,fractracker:1296,campus identity evidence,9.6.2
campus:ada51ab8434de67f,campus:ada51ab8434de67f,campus:ada51ab8434de67f,observation_supports_campus,1297,fractracker:1297,campus identity evidence,9.6.2
campus:020fb42b8f927e0e,campus:020fb42b8f927e0e,campus:020fb42b8f927e0e,observation_supports_campus,1298,fractracker:1298,campus identity evidence,9.6.2
campus:d0b0015f3c80aab4,campus:d0b0015f3c80aab4,campus:d0b0015f3c80aab4,observation_supports_campus,130,fractracker:130,campus identity evidence,9.6.2
campus:f0609f768355be89,campus:f0609f768355be89,campus:f0609f768355be89,observation_supports_campus,131,fractracker:131,campus identity evidence,9.6.2
campus:9c3be0bfd21a0666,campus:9c3be0bfd21a0666,campus:9c3be0bfd21a0666,observation_supports_campus,1311,fractracker:1311,campus identity evidence,9.6.2
campus:6f8f62762db11dcd,campus:6f8f62762db11dcd,campus:6f8f62762db11dcd,observation_supports_campus,1312,fractracker:1312,campus identity evidence,9.6.2
campus:5e00c6b43e05732a,campus:5e00c6b43e05732a,campus:5e00c6b43e05732a,observation_supports_campus,1313,fractracker:1313,campus identity evidence,9.6.2
campus:44687910c1077ad3,campus:44687910c1077ad3,campus:44687910c1077ad3,observation_supports_campus,1318,fractracker:1318,campus identity evidence,9.6.2
building:af62f9e673c71a49,campus:c73e842bb43c2d3f,campus:c73e842bb43c2d3f,building_in_campus,im3-source:87417c321588218d,im3:87417c321588218d,source-native building observation,9.6.2
building:af62f9e673c71a49,campus:c73e842bb43c2d3f,campus:c73e842bb43c2d3f,building_in_campus,osm-way-1386017501,gigawatt:osm-way-1386017501,source-native building observation,9.6.2
building:d2f09636053af461,campus:c73e842bb43c2d3f,campus:c73e842bb43c2d3f,building_in_campus,im3-source:e4cdf318e8526913,im3:e4cdf318e8526913,source-native building observation,9.6.2
building:d2f09636053af461,campus:c73e842bb43c2d3f,campus:c73e842bb43c2d3f,building_in_campus,osm-way-1386017500,gigawatt:osm-way-1386017500,source-native building observation,9.6.2
building:d687bc7cc7978d37,campus:c73e842bb43c2d3f,campus:c73e842bb43c2d3f,building_in_campus,osm-way-414055237,gigawatt:osm-way-414055237,source-native building observation,9.6.2
campus:c73e842bb43c2d3f,campus:c73e842bb43c2d3f,campus:c73e842bb43c2d3f,observation_supports_campus,1319,fractracker:1319,campus identity evidence,9.6.2
campus:023236bd8fd66cc3,campus:023236bd8fd66cc3,campus:023236bd8fd66cc3,observation_supports_campus,226,fractracker:226,campus identity evidence,9.6.2
campus:023236bd8fd66cc3,campus:023236bd8fd66cc3,campus:023236bd8fd66cc3,observation_supports_campus,132,fractracker:132,campus identity evidence,9.6.2
campus:e81072c3610e9727,campus:e81072c3610e9727,campus:e81072c3610e9727,observation_supports_campus,133,fractracker:133,campus identity evidence,9.6.2
campus:1eb99268a9d509d7,campus:1eb99268a9d509d7,campus:1eb99268a9d509d7,observation_supports_campus,134,fractracker:134,campus identity evidence,9.6.2
campus:042a7ebc6727ed2c,campus:042a7ebc6727ed2c,campus:042a7ebc6727ed2c,observation_supports_campus,136,fractracker:136,campus identity evidence,9.6.2
campus:1998ac14ae356823,campus:1998ac14ae356823,campus:1998ac14ae356823,observation_supports_campus,138,fractracker:138,campus identity evidence,9.6.2
campus:f82f2c83b89e0321,campus:f82f2c83b89e0321,campus:f82f2c83b89e0321,observation_supports_campus,14,fractracker:14,campus identity evidence,9.6.2
campus:da34a0e3f2774a4d,campus:da34a0e3f2774a4d,campus:da34a0e3f2774a4d,observation_supports_campus,140,fractracker:140,campus identity evidence,9.6.2
campus:2fe8af06d26688f6,campus:2fe8af06d26688f6,campus:2fe8af06d26688f6,observation_supports_campus,141,fractracker:141,campus identity evidence,9.6.2
campus:3686a3fe53fc12b6,campus:3686a3fe53fc12b6,campus:3686a3fe53fc12b6,observation_supports_campus,142,fractracker:142,campus identity evidence,9.6.2
campus:e345d196a8e69d07,campus:e345d196a8e69d07,campus:e345d196a8e69d07,observation_supports_campus,143,fractracker:143,campus identity evidence,9.6.2
campus:d18b632002cc0a30,campus:d18b632002cc0a30,campus:d18b632002cc0a30,observation_supports_campus,145,fractracker:145,campus identity evidence,9.6.2
campus:e7cde3a283e08916,campus:e7cde3a283e08916,campus:e7cde3a283e08916,observation_supports_campus,147,fractracker:147,campus identity evidence,9.6.2
campus:807ed98d2a026cf9,campus:807ed98d2a026cf9,campus:807ed98d2a026cf9,observation_supports_campus,148,fractracker:148,campus identity evidence,9.6.2
campus:801fa70f7690ae93,campus:801fa70f7690ae93,campus:801fa70f7690ae93,observation_supports_campus,149,fractracker:149,campus identity evidence,9.6.2
campus:29f4dcc1573a26b4,campus:29f4dcc1573a26b4,campus:29f4dcc1573a26b4,observation_supports_campus,15,fractracker:15,campus identity evidence,9.6.2
campus:7c7a71a1b04d4b5e,campus:7c7a71a1b04d4b5e,campus:7c7a71a1b04d4b5e,observation_supports_campus,152,fractracker:152,campus identity evidence,9.6.2
campus:fc7058b2bd09e504,campus:fc7058b2bd09e504,campus:fc7058b2bd09e504,observation_supports_campus,153,fractracker:153,campus identity evidence,9.6.2
campus:4de0f1a17b790c8b,campus:4de0f1a17b790c8b,campus:4de0f1a17b790c8b,observation_supports_campus,154,fractracker:154,campus identity evidence,9.6.2
campus:abefa68e23cc87e8,campus:abefa68e23cc87e8,campus:abefa68e23cc87e8,observation_supports_campus,155,fractracker:155,campus identity evidence,9.6.2
campus:cdaa53d56981bd37,campus:cdaa53d56981bd37,campus:cdaa53d56981bd37,observation_supports_campus,156,fractracker:156,campus identity evidence,9.6.2
campus:870d9d73126f7719,campus:870d9d73126f7719,campus:870d9d73126f7719,observation_supports_campus,157,fractracker:157,campus identity evidence,9.6.2
building:851ebec8fc45d4aa,campus:5936fac0933b4798,campus:5936fac0933b4798,building_in_campus,im3-source:08bbe3a5744ae0c0,im3:08bbe3a5744ae0c0,source-native building observation,9.6.2
building:851ebec8fc45d4aa,campus:5936fac0933b4798,campus:5936fac0933b4798,building_in_campus,osm-way-1097502168,gigawatt:osm-way-1097502168,source-native building observation,9.6.2
campus:5936fac0933b4798,campus:5936fac0933b4798,campus:5936fac0933b4798,observation_supports_campus,158,fractracker:158,campus identity evidence,9.6.2
building:874fd4db13ac68ad,campus:d5f5139876843a9d,campus:d5f5139876843a9d,building_in_campus,im3-source:82cad500477443f7,im3:82cad500477443f7,source-native building observation,9.6.2
building:874fd4db13ac68ad,campus:d5f5139876843a9d,campus:d5f5139876843a9d,building_in_campus,osm-way-1258702591,gigawatt:osm-way-1258702591,source-native building observation,9.6.2
campus:d5f5139876843a9d,campus:d5f5139876843a9d,campus:d5f5139876843a9d,observation_supports_campus,159,fractracker:159,campus identity evidence,9.6.2
campus:5c875acfd9257203,campus:5c875acfd9257203,campus:5c875acfd9257203,observation_supports_campus,16,fractracker:16,campus identity evidence,9.6.2
campus:0c67e0ba1ff38aaf,campus:0c67e0ba1ff38aaf,campus:0c67e0ba1ff38aaf,observation_supports_campus,160,fractracker:160,campus identity evidence,9.6.2
campus:0c67e0ba1ff38aaf,campus:0c67e0ba1ff38aaf,campus:0c67e0ba1ff38aaf,observation_supports_campus,195,fractracker:195,campus identity evidence,9.6.2
campus:9e9d91cc726bc5d8,campus:9e9d91cc726bc5d8,campus:9e9d91cc726bc5d8,observation_supports_campus,161,fractracker:161,campus identity evidence,9.6.2
campus:06d9d6af3acafaf1,campus:06d9d6af3acafaf1,campus:06d9d6af3acafaf1,observation_supports_campus,163,fractracker:163,campus identity evidence,9.6.2
campus:e88748d2bc05ba27,campus:e88748d2bc05ba27,campus:e88748d2bc05ba27,observation_supports_campus,166,fractracker:166,campus identity evidence,9.6.2
campus:6cdf83d3dd8aa98a,campus:6cdf83d3dd8aa98a,campus:6cdf83d3dd8aa98a,observation_supports_campus,167,fractracker:167,campus identity evidence,9.6.2
campus:9289547dda45ad11,campus:9289547dda45ad11,campus:9289547dda45ad11,observation_supports_campus,168,fractracker:168,campus identity evidence,9.6.2
building:d12f1939fd2a23f8,campus:f064df80456f483d,campus:f064df80456f483d,building_in_campus,im3-source:1259772c531ddfbc,im3:1259772c531ddfbc,source-native building observation,9.6.2
building:d12f1939fd2a23f8,campus:f064df80456f483d,campus:f064df80456f483d,building_in_campus,osm-way-1091128478,gigawatt:osm-way-1091128478,source-native building observation,9.6.2
building:b31b2b2a96943bae,campus:f064df80456f483d,campus:f064df80456f483d,building_in_campus,im3-source:62a32346f8160f62,im3:62a32346f8160f62,source-native building observation,9.6.2
building:b31b2b2a96943bae,campus:f064df80456f483d,campus:f064df80456f483d,building_in_campus,osm-way-795384117,gigawatt:osm-way-795384117,source-native building observation,9.6.2
campus:f064df80456f483d,campus:f064df80456f483d,campus:f064df80456f483d,observation_supports_campus,17,fractracker:17,campus identity evidence,9.6.2
campus:814e5e7c1585821a,campus:814e5e7c1585821a,campus:814e5e7c1585821a,observation_supports_campus,171,fractracker:171,campus identity evidence,9.6.2
campus:c29d9df73915d1e9,campus:c29d9df73915d1e9,campus:c29d9df73915d1e9,observation_supports_campus,174,fractracker:174,campus identity evidence,9.6.2
campus:a64d77de0d7a6cb7,campus:a64d77de0d7a6cb7,campus:a64d77de0d7a6cb7,observation_supports_campus,177,fractracker:177,campus identity evidence,9.6.2
campus:72ef22164465de35,campus:72ef22164465de35,campus:72ef22164465de35,observation_supports_campus,181,fractracker:181,campus identity evidence,9.6.2
campus:72ef22164465de35,campus:72ef22164465de35,campus:72ef22164465de35,observation_supports_campus,179,fractracker:179,campus identity evidence,9.6.2
campus:194b36b3665b63bf,campus:194b36b3665b63bf,campus:194b36b3665b63bf,observation_supports_campus,18,fractracker:18,campus identity evidence,9.6.2
campus:5c0aa633ae036e25,campus:5c0aa633ae036e25,campus:5c0aa633ae036e25,observation_supports_campus,180,fractracker:180,campus identity evidence,9.6.2
campus:d28a81f0b5ffc90d,campus:d28a81f0b5ffc90d,campus:d28a81f0b5ffc90d,observation_supports_campus,183,fractracker:183,campus identity evidence,9.6.2
campus:9c74a0f91db096a4,campus:9c74a0f91db096a4,campus:9c74a0f91db096a4,observation_supports_campus,184,fractracker:184,campus identity evidence,9.6.2
campus:3cfe636dd5e3215a,campus:3cfe636dd5e3215a,campus:3cfe636dd5e3215a,observation_supports_campus,186,fractracker:186,campus identity evidence,9.6.2
campus:9878f085640f6631,campus:9878f085640f6631,campus:9878f085640f6631,observation_supports_campus,187,fractracker:187,campus identity evidence,9.6.2
campus:6435c8bcc60112bf,campus:6435c8bcc60112bf,campus:6435c8bcc60112bf,observation_supports_campus,188,fractracker:188,campus identity evidence,9.6.2
building:d3a6af15afdce1b6,campus:8234424833b3ddcb,campus:8234424833b3ddcb,building_in_campus,osm-way-975064004,gigawatt:osm-way-975064004,source-native building observation,9.6.2
campus:8234424833b3ddcb,campus:8234424833b3ddcb,campus:8234424833b3ddcb,observation_supports_campus,189,fractracker:189,campus identity evidence,9.6.2
campus:773a1710c5628bf4,campus:773a1710c5628bf4,campus:773a1710c5628bf4,observation_supports_campus,19,fractracker:19,campus identity evidence,9.6.2
campus:f9bce30958fc409f,campus:f9bce30958fc409f,campus:f9bce30958fc409f,observation_supports_campus,191,fractracker:191,campus identity evidence,9.6.2
campus:f9bce30958fc409f,campus:f9bce30958fc409f,campus:f9bce30958fc409f,observation_supports_campus,192,fractracker:192,campus identity evidence,9.6.2
campus:72c1bd5a3e6ef1c2,campus:72c1bd5a3e6ef1c2,campus:72c1bd5a3e6ef1c2,observation_supports_campus,193,fractracker:193,campus identity evidence,9.6.2
campus:c114d8a1258a7a47,campus:c114d8a1258a7a47,campus:c114d8a1258a7a47,observation_supports_campus,196,fractracker:196,campus identity evidence,9.6.2
building:3cb897c3a2c1826a,campus:d73b0fe10225fad2,campus:d73b0fe10225fad2,building_in_campus,im3-source:26ed747492e654b6,im3:26ed747492e654b6,source-native building observation,9.6.2
campus:d73b0fe10225fad2,campus:d73b0fe10225fad2,campus:d73b0fe10225fad2,observation_supports_campus,199,fractracker:199,campus identity evidence,9.6.2
campus:2ab74f944f50280b,campus:2ab74f944f50280b,campus:2ab74f944f50280b,observation_supports_campus,2,fractracker:2,campus identity evidence,9.6.2
campus:153ec63097fd8da2,campus:153ec63097fd8da2,campus:153ec63097fd8da2,observation_supports_campus,202,fractracker:202,campus identity evidence,9.6.2
campus:7bbb5e5cdf601941,campus:7bbb5e5cdf601941,campus:7bbb5e5cdf601941,observation_supports_campus,203,fractracker:203,campus identity evidence,9.6.2
campus:0498ae828a7d7405,campus:0498ae828a7d7405,campus:0498ae828a7d7405,observation_supports_campus,205,fractracker:205,campus identity evidence,9.6.2
campus:0498ae828a7d7405,campus:0498ae828a7d7405,campus:0498ae828a7d7405,observation_supports_campus,204,fractracker:204,campus identity evidence,9.6.2
campus:8879ed1c74a062d7,campus:8879ed1c74a062d7,campus:8879ed1c74a062d7,observation_supports_campus,206,fractracker:206,campus identity evidence,9.6.2
campus:0fe3263cae91611c,campus:0fe3263cae91611c,campus:0fe3263cae91611c,observation_supports_campus,207,fractracker:207,campus identity evidence,9.6.2
campus:246a557849c19726,campus:246a557849c19726,campus:246a557849c19726,observation_supports_campus,209,fractracker:209,campus identity evidence,9.6.2
campus:a02d7fa202265f28,campus:a02d7fa202265f28,campus:a02d7fa202265f28,observation_supports_campus,21,fractracker:21,campus identity evidence,9.6.2
building:54c0a33b823ac320,campus:8ad190d094cd33fb,campus:8ad190d094cd33fb,building_in_campus,im3-source:0d233f269d804ed8,im3:0d233f269d804ed8,source-native building observation,9.6.2
building:54c0a33b823ac320,campus:8ad190d094cd33fb,campus:8ad190d094cd33fb,building_in_campus,osm-way-392324240,gigawatt:osm-way-392324240,source-native building observation,9.6.2
campus:8ad190d094cd33fb,campus:8ad190d094cd33fb,campus:8ad190d094cd33fb,observation_supports_campus,210,fractracker:210,campus identity evidence,9.6.2
campus:ffa3b9ee1f1af5b9,campus:ffa3b9ee1f1af5b9,campus:ffa3b9ee1f1af5b9,observation_supports_campus,211,fractracker:211,campus identity evidence,9.6.2
campus:9a83c73426728876,campus:9a83c73426728876,campus:9a83c73426728876,observation_supports_campus,212,fractracker:212,campus identity evidence,9.6.2
campus:4eab28fb84fc799a,campus:4eab28fb84fc799a,campus:4eab28fb84fc799a,observation_supports_campus,213,fractracker:213,campus identity evidence,9.6.2
campus:833978bc81ef6c54,campus:833978bc81ef6c54,campus:833978bc81ef6c54,observation_supports_campus,215,fractracker:215,campus identity evidence,9.6.2
campus:23a4a4df1c63a103,campus:23a4a4df1c63a103,campus:23a4a4df1c63a103,observation_supports_campus,216,fractracker:216,campus identity evidence,9.6.2
campus:272d3142647a45c6,campus:272d3142647a45c6,campus:272d3142647a45c6,observation_supports_campus,217,fractracker:217,campus identity evidence,9.6.2
campus:24074a42d1d979c1,campus:24074a42d1d979c1,campus:24074a42d1d979c1,observation_supports_campus,218,fractracker:218,campus identity evidence,9.6.2
campus:665c1a634412e129,campus:665c1a634412e129,campus:665c1a634412e129,observation_supports_campus,76,fractracker:76,campus identity evidence,9.6.2
campus:665c1a634412e129,campus:665c1a634412e129,campus:665c1a634412e129,observation_supports_campus,219,fractracker:219,campus identity evidence,9.6.2
campus:f4b45c82384b7803,campus:f4b45c82384b7803,campus:f4b45c82384b7803,observation_supports_campus,22,fractracker:22,campus identity evidence,9.6.2
campus:59c00d21e82a1d2a,campus:59c00d21e82a1d2a,campus:59c00d21e82a1d2a,observation_supports_campus,220,fractracker:220,campus identity evidence,9.6.2
campus:b600e2c2ee6b97c8,campus:b600e2c2ee6b97c8,campus:b600e2c2ee6b97c8,observation_supports_campus,221,fractracker:221,campus identity evidence,9.6.2
campus:de3b0ad2ebe1b042,campus:de3b0ad2ebe1b042,campus:de3b0ad2ebe1b042,observation_supports_campus,222,fractracker:222,campus identity evidence,9.6.2
campus:391938d463068d51,campus:391938d463068d51,campus:391938d463068d51,observation_supports_campus,223,fractracker:223,campus identity evidence,9.6.2
campus:7bf8bdf6dd1d3879,campus:7bf8bdf6dd1d3879,campus:7bf8bdf6dd1d3879,observation_supports_campus,224,fractracker:224,campus identity evidence,9.6.2
campus:b2a27e963f5592ad,campus:b2a27e963f5592ad,campus:b2a27e963f5592ad,observation_supports_campus,227,fractracker:227,campus identity evidence,9.6.2
campus:ca98e6cbbf749e67,campus:ca98e6cbbf749e67,campus:ca98e6cbbf749e67,observation_supports_campus,228,fractracker:228,campus identity evidence,9.6.2
building:d2863f79e047e9ed,campus:9d6b5a7a0a9f3890,campus:9d6b5a7a0a9f3890,building_in_campus,im3-source:4b5bf0a28f7a0f83,im3:4b5bf0a28f7a0f83,source-native building observation,9.6.2
building:d2863f79e047e9ed,campus:9d6b5a7a0a9f3890,campus:9d6b5a7a0a9f3890,building_in_campus,osm-way-300974499,gigawatt:osm-way-300974499,source-native building observation,9.6.2
campus:9d6b5a7a0a9f3890,campus:9d6b5a7a0a9f3890,campus:9d6b5a7a0a9f3890,observation_supports_campus,23,fractracker:23,campus identity evidence,9.6.2
campus:7f67cc0a40dab05e,campus:7f67cc0a40dab05e,campus:7f67cc0a40dab05e,observation_supports_campus,230,fractracker:230,campus identity evidence,9.6.2
campus:30e75d9a31b85555,campus:30e75d9a31b85555,campus:30e75d9a31b85555,observation_supports_campus,231,fractracker:231,campus identity evidence,9.6.2
campus:f63abc313327746b,campus:f63abc313327746b,campus:f63abc313327746b,observation_supports_campus,232,fractracker:232,campus identity evidence,9.6.2
campus:2923bae7fa98f668,campus:2923bae7fa98f668,campus:2923bae7fa98f668,observation_supports_campus,233,fractracker:233,campus identity evidence,9.6.2
campus:70dc4c9a2eb78f5d,campus:70dc4c9a2eb78f5d,campus:70dc4c9a2eb78f5d,observation_supports_campus,236,fractracker:236,campus identity evidence,9.6.2
campus:fc2972c206923baf,campus:fc2972c206923baf,campus:fc2972c206923baf,observation_supports_campus,237,fractracker:237,campus identity evidence,9.6.2
campus:cf2c7561f7cd02a2,campus:cf2c7561f7cd02a2,campus:cf2c7561f7cd02a2,observation_supports_campus,238,fractracker:238,campus identity evidence,9.6.2
campus:cf2c7561f7cd02a2,campus:cf2c7561f7cd02a2,campus:cf2c7561f7cd02a2,observation_supports_campus,239,fractracker:239,campus identity evidence,9.6.2
campus:7814df1648f2bd82,campus:7814df1648f2bd82,campus:7814df1648f2bd82,observation_supports_campus,24,fractracker:24,campus identity evidence,9.6.2
campus:f93e3843fb5a3880,campus:f93e3843fb5a3880,campus:f93e3843fb5a3880,observation_supports_campus,240,fractracker:240,campus identity evidence,9.6.2
campus:67b5f301841f9ab3,campus:67b5f301841f9ab3,campus:67b5f301841f9ab3,observation_supports_campus,241,fractracker:241,campus identity evidence,9.6.2
campus:fb1cd791f76219e5,campus:fb1cd791f76219e5,campus:fb1cd791f76219e5,observation_supports_campus,243,fractracker:243,campus identity evidence,9.6.2
campus:04f023dcb71f8b36,campus:04f023dcb71f8b36,campus:04f023dcb71f8b36,observation_supports_campus,244,fractracker:244,campus identity evidence,9.6.2
campus:8f533cc80d598ffb,campus:8f533cc80d598ffb,campus:8f533cc80d598ffb,observation_supports_campus,245,fractracker:245,campus identity evidence,9.6.2
campus:2dcaecaed501945d,campus:2dcaecaed501945d,campus:2dcaecaed501945d,observation_supports_campus,248,fractracker:248,campus identity evidence,9.6.2
campus:c0c8eef493459831,campus:c0c8eef493459831,campus:c0c8eef493459831,observation_supports_campus,249,fractracker:249,campus identity evidence,9.6.2
campus:c0c8eef493459831,campus:c0c8eef493459831,campus:c0c8eef493459831,observation_supports_campus,google-council-bluffs-ia,gigawatt:google-council-bluffs-ia,campus identity evidence,9.6.2
campus:1a817d339660e857,campus:1a817d339660e857,campus:1a817d339660e857,observation_supports_campus,25,fractracker:25,campus identity evidence,9.6.2
building:f087ced0154aea60,campus:2391ea5c79c76380,campus:2391ea5c79c76380,building_in_campus,im3-source:3e12d786cb7e9d01,im3:3e12d786cb7e9d01,source-native building observation,9.6.2
building:f087ced0154aea60,campus:2391ea5c79c76380,campus:2391ea5c79c76380,building_in_campus,osm-way-830885773,gigawatt:osm-way-830885773,source-native building observation,9.6.2
building:f43e74474a4900ad,campus:2391ea5c79c76380,campus:2391ea5c79c76380,building_in_campus,im3-source:7f49be4d96d70d68,im3:7f49be4d96d70d68,source-native building observation,9.6.2
building:f43e74474a4900ad,campus:2391ea5c79c76380,campus:2391ea5c79c76380,building_in_campus,osm-way-1075278060,gigawatt:osm-way-1075278060,source-native building observation,9.6.2
building:ef05c0ecb584f7c4,campus:2391ea5c79c76380,campus:2391ea5c79c76380,building_in_campus,im3-source:b490013f7bb416b3,im3:b490013f7bb416b3,source-native building observation,9.6.2
building:ef05c0ecb584f7c4,campus:2391ea5c79c76380,campus:2391ea5c79c76380,building_in_campus,osm-way-830885774,gigawatt:osm-way-830885774,source-native building observation,9.6.2
building:0ca3a0deebc59289,campus:2391ea5c79c76380,campus:2391ea5c79c76380,building_in_campus,im3-source:c8b0aa8622844ea1,im3:c8b0aa8622844ea1,source-native building observation,9.6.2
building:0ca3a0deebc59289,campus:2391ea5c79c76380,campus:2391ea5c79c76380,building_in_campus,osm-way-1318322073,gigawatt:osm-way-1318322073,source-native building observation,9.6.2
building:70c6b6ad9b90f76a,campus:2391ea5c79c76380,campus:2391ea5c79c76380,building_in_campus,im3-source:f5be1b6e508536cf,im3:f5be1b6e508536cf,source-native building observation,9.6.2
building:70c6b6ad9b90f76a,campus:2391ea5c79c76380,campus:2391ea5c79c76380,building_in_campus,osm-way-1318322071,gigawatt:osm-way-1318322071,source-native building observation,9.6.2
campus:2391ea5c79c76380,campus:2391ea5c79c76380,campus:2391ea5c79c76380,observation_supports_campus,250,fractracker:250,campus identity evidence,9.6.2
campus:c004db31abed43aa,campus:c004db31abed43aa,campus:c004db31abed43aa,observation_supports_campus,252,fractracker:252,campus identity evidence,9.6.2
campus:896f2998ecf8f04b,campus:896f2998ecf8f04b,campus:896f2998ecf8f04b,observation_supports_campus,253,fractracker:253,campus identity evidence,9.6.2
campus:5ba17be784b3857b,campus:5ba17be784b3857b,campus:5ba17be784b3857b,observation_supports_campus,255,fractracker:255,campus identity evidence,9.6.2
building:75ce271d870f9566,campus:01f9da3ecadd32d8,campus:01f9da3ecadd32d8,building_in_campus,im3-source:1c0c531cf6b30c57,im3:1c0c531cf6b30c57,source-native building observation,9.6.2
building:75ce271d870f9566,campus:01f9da3ecadd32d8,campus:01f9da3ecadd32d8,building_in_campus,osm-way-830881733,gigawatt:osm-way-830881733,source-native building observation,9.6.2
building:3f323bf1d30a69ae,campus:01f9da3ecadd32d8,campus:01f9da3ecadd32d8,building_in_campus,im3-source:2077f0003d12d194,im3:2077f0003d12d194,source-native building observation,9.6.2
building:3f323bf1d30a69ae,campus:01f9da3ecadd32d8,campus:01f9da3ecadd32d8,building_in_campus,osm-way-830881745,gigawatt:osm-way-830881745,source-native building observation,9.6.2
building:9ca76a2cc545c8f8,campus:01f9da3ecadd32d8,campus:01f9da3ecadd32d8,building_in_campus,im3-source:5387679eb9cfeb98,im3:5387679eb9cfeb98,source-native building observation,9.6.2
building:9ca76a2cc545c8f8,campus:01f9da3ecadd32d8,campus:01f9da3ecadd32d8,building_in_campus,osm-way-830881732,gigawatt:osm-way-830881732,source-native building observation,9.6.2
building:d5d981083b369d91,campus:01f9da3ecadd32d8,campus:01f9da3ecadd32d8,building_in_campus,im3-source:6b3a9bb9d48692d7,im3:6b3a9bb9d48692d7,source-native building observation,9.6.2
building:d5d981083b369d91,campus:01f9da3ecadd32d8,campus:01f9da3ecadd32d8,building_in_campus,osm-way-830881734,gigawatt:osm-way-830881734,source-native building observation,9.6.2
building:2248bc7c24b61b27,campus:01f9da3ecadd32d8,campus:01f9da3ecadd32d8,building_in_campus,im3-source:71b17aef40ace4b0,im3:71b17aef40ace4b0,source-native building observation,9.6.2
building:2248bc7c24b61b27,campus:01f9da3ecadd32d8,campus:01f9da3ecadd32d8,building_in_campus,osm-way-830881743,gigawatt:osm-way-830881743,source-native building observation,9.6.2
building:08888c8631a7c8f6,campus:01f9da3ecadd32d8,campus:01f9da3ecadd32d8,building_in_campus,im3-source:7d71e6fe6dba96d5,im3:7d71e6fe6dba96d5,source-native building observation,9.6.2
building:08888c8631a7c8f6,campus:01f9da3ecadd32d8,campus:01f9da3ecadd32d8,building_in_campus,osm-way-830881742,gigawatt:osm-way-830881742,source-native building observation,9.6.2
building:729af7b0de63ef92,campus:01f9da3ecadd32d8,campus:01f9da3ecadd32d8,building_in_campus,im3-source:8cded6bf5e73e3b0,im3:8cded6bf5e73e3b0,source-native building observation,9.6.2
building:729af7b0de63ef92,campus:01f9da3ecadd32d8,campus:01f9da3ecadd32d8,building_in_campus,osm-way-830881731,gigawatt:osm-way-830881731,source-native building observation,9.6.2
building:5520aed29794f6f6,campus:01f9da3ecadd32d8,campus:01f9da3ecadd32d8,building_in_campus,im3-source:ba6b3b8b294f0a58,im3:ba6b3b8b294f0a58,source-native building observation,9.6.2
building:5520aed29794f6f6,campus:01f9da3ecadd32d8,campus:01f9da3ecadd32d8,building_in_campus,osm-way-830881744,gigawatt:osm-way-830881744,source-native building observation,9.6.2
campus:01f9da3ecadd32d8,campus:01f9da3ecadd32d8,campus:01f9da3ecadd32d8,observation_supports_campus,257,fractracker:257,campus identity evidence,9.6.2
campus:16b09cf7a8687d34,campus:16b09cf7a8687d34,campus:16b09cf7a8687d34,observation_supports_campus,26,fractracker:26,campus identity evidence,9.6.2
building:2bad1782948b3fca,campus:12220e74ce214226,campus:12220e74ce214226,building_in_campus,im3-source:04eda2caf48c8fa8,im3:04eda2caf48c8fa8,source-native building observation,9.6.2
building:2bad1782948b3fca,campus:12220e74ce214226,campus:12220e74ce214226,building_in_campus,osm-way-1075278062,gigawatt:osm-way-1075278062,source-native building observation,9.6.2
building:3193558bf388f23d,campus:12220e74ce214226,campus:12220e74ce214226,building_in_campus,im3-source:2e794ed285fa5fb2,im3:2e794ed285fa5fb2,source-native building observation,9.6.2
building:3193558bf388f23d,campus:12220e74ce214226,campus:12220e74ce214226,building_in_campus,osm-way-1075278061,gigawatt:osm-way-1075278061,source-native building observation,9.6.2
building:e7712f22799771db,campus:12220e74ce214226,campus:12220e74ce214226,building_in_campus,im3-source:3a2a1933b96e82d0,im3:3a2a1933b96e82d0,source-native building observation,9.6.2
building:e7712f22799771db,campus:12220e74ce214226,campus:12220e74ce214226,building_in_campus,osm-way-438077632,gigawatt:osm-way-438077632,source-native building observation,9.6.2
building:4b6f9296081715ef,campus:12220e74ce214226,campus:12220e74ce214226,building_in_campus,im3-source:7b1e9d451e6bb2f1,im3:7b1e9d451e6bb2f1,source-native building observation,9.6.2
building:4b6f9296081715ef,campus:12220e74ce214226,campus:12220e74ce214226,building_in_campus,osm-way-871745265,gigawatt:osm-way-871745265,source-native building observation,9.6.2
campus:12220e74ce214226,campus:12220e74ce214226,campus:12220e74ce214226,observation_supports_campus,260,fractracker:260,campus identity evidence,9.6.2
campus:33151206e069c84b,campus:33151206e069c84b,campus:33151206e069c84b,observation_supports_campus,261,fractracker:261,campus identity evidence,9.6.2
campus:ad5687ede023a4eb,campus:ad5687ede023a4eb,campus:ad5687ede023a4eb,observation_supports_campus,262,fractracker:262,campus identity evidence,9.6.2
campus:0d192ac66c8cb1fd,campus:0d192ac66c8cb1fd,campus:0d192ac66c8cb1fd,observation_supports_campus,263,fractracker:263,campus identity evidence,9.6.2
campus:ad1fff6e739028b2,campus:ad1fff6e739028b2,campus:ad1fff6e739028b2,observation_supports_campus,264,fractracker:264,campus identity evidence,9.6.2
campus:6af5e976681e675c,campus:6af5e976681e675c,campus:6af5e976681e675c,observation_supports_campus,265,fractracker:265,campus identity evidence,9.6.2
campus:7a7a8c53c2aa2433,campus:7a7a8c53c2aa2433,campus:7a7a8c53c2aa2433,observation_supports_campus,268,fractracker:268,campus identity evidence,9.6.2
campus:d382d361daab490b,campus:d382d361daab490b,campus:d382d361daab490b,observation_supports_campus,269,fractracker:269,campus identity evidence,9.6.2
campus:26f531ec52fd84fe,campus:26f531ec52fd84fe,campus:26f531ec52fd84fe,observation_supports_campus,270,fractracker:270,campus identity evidence,9.6.2
campus:26062b74f8a6ce26,campus:26062b74f8a6ce26,campus:26062b74f8a6ce26,observation_supports_campus,271,fractracker:271,campus identity evidence,9.6.2
campus:f7e36ce13cf839c7,campus:f7e36ce13cf839c7,campus:f7e36ce13cf839c7,observation_supports_campus,272,fractracker:272,campus identity evidence,9.6.2
campus:add3fe826f15cf28,campus:add3fe826f15cf28,campus:add3fe826f15cf28,observation_supports_campus,273,fractracker:273,campus identity evidence,9.6.2
campus:aed477a7b5295c93,campus:aed477a7b5295c93,campus:aed477a7b5295c93,observation_supports_campus,274,fractracker:274,campus identity evidence,9.6.2
campus:c70c454d385f7504,campus:c70c454d385f7504,campus:c70c454d385f7504,observation_supports_campus,275,fractracker:275,campus identity evidence,9.6.2
campus:e83e2d25dd77e21f,campus:e83e2d25dd77e21f,campus:e83e2d25dd77e21f,observation_supports_campus,277,fractracker:277,campus identity evidence,9.6.2
campus:b0fda4f0f55cc7ff,campus:b0fda4f0f55cc7ff,campus:b0fda4f0f55cc7ff,observation_supports_campus,278,fractracker:278,campus identity evidence,9.6.2
campus:ee70c12f56d360a3,campus:ee70c12f56d360a3,campus:ee70c12f56d360a3,observation_supports_campus,279,fractracker:279,campus identity evidence,9.6.2
campus:77bf9505822e6e22,campus:77bf9505822e6e22,campus:77bf9505822e6e22,observation_supports_campus,28,fractracker:28,campus identity evidence,9.6.2
campus:2738e4c554eab3cc,campus:2738e4c554eab3cc,campus:2738e4c554eab3cc,observation_supports_campus,281,fractracker:281,campus identity evidence,9.6.2
building:6672110c7a0d5db9,campus:8fe98c3d7d74ff10,campus:8fe98c3d7d74ff10,building_in_campus,im3-source:4a24270571bab810,im3:4a24270571bab810,source-native building observation,9.6.2
building:6672110c7a0d5db9,campus:8fe98c3d7d74ff10,campus:8fe98c3d7d74ff10,building_in_campus,osm-way-1217649348,gigawatt:osm-way-1217649348,source-native building observation,9.6.2
campus:8fe98c3d7d74ff10,campus:8fe98c3d7d74ff10,campus:8fe98c3d7d74ff10,observation_supports_campus,282,fractracker:282,campus identity evidence,9.6.2
building:6e0e0f52481bd809,campus:7390fafcdedf9653,campus:7390fafcdedf9653,building_in_campus,im3-source:74b89dd2a8f64c00,im3:74b89dd2a8f64c00,source-native building observation,9.6.2
building:6e0e0f52481bd809,campus:7390fafcdedf9653,campus:7390fafcdedf9653,building_in_campus,osm-way-1217649350,gigawatt:osm-way-1217649350,source-native building observation,9.6.2
campus:7390fafcdedf9653,campus:7390fafcdedf9653,campus:7390fafcdedf9653,observation_supports_campus,283,fractracker:283,campus identity evidence,9.6.2
campus:4b0456fda5b09ac1,campus:4b0456fda5b09ac1,campus:4b0456fda5b09ac1,observation_supports_campus,284,fractracker:284,campus identity evidence,9.6.2
campus:4822282c65e1ac9c,campus:4822282c65e1ac9c,campus:4822282c65e1ac9c,observation_supports_campus,285,fractracker:285,campus identity evidence,9.6.2
campus:d4072af5a5f0adc2,campus:d4072af5a5f0adc2,campus:d4072af5a5f0adc2,observation_supports_campus,286,fractracker:286,campus identity evidence,9.6.2
campus:f2c9dcf16e5bc774,campus:f2c9dcf16e5bc774,campus:f2c9dcf16e5bc774,observation_supports_campus,288,fractracker:288,campus identity evidence,9.6.2
campus:ede232049de48af3,campus:ede232049de48af3,campus:ede232049de48af3,observation_supports_campus,30,fractracker:30,campus identity evidence,9.6.2
campus:ede232049de48af3,campus:ede232049de48af3,campus:ede232049de48af3,observation_supports_campus,29,fractracker:29,campus identity evidence,9.6.2
campus:f2c983dd608d17b8,campus:f2c983dd608d17b8,campus:f2c983dd608d17b8,observation_supports_campus,290,fractracker:290,campus identity evidence,9.6.2
campus:7cd87ecb14e55c24,campus:7cd87ecb14e55c24,campus:7cd87ecb14e55c24,observation_supports_campus,292,fractracker:292,campus identity evidence,9.6.2
campus:e8e8a3fc28bebc29,campus:e8e8a3fc28bebc29,campus:e8e8a3fc28bebc29,observation_supports_campus,295,fractracker:295,campus identity evidence,9.6.2
building:02fc3b0461db5850,campus:794a0bd302c99a21,campus:794a0bd302c99a21,building_in_campus,osm-way-978934687,gigawatt:osm-way-978934687,source-native building observation,9.6.2
campus:794a0bd302c99a21,campus:794a0bd302c99a21,campus:794a0bd302c99a21,observation_supports_campus,296,fractracker:296,campus identity evidence,9.6.2
campus:dade080935af0bbd,campus:dade080935af0bbd,campus:dade080935af0bbd,observation_supports_campus,297,fractracker:297,campus identity evidence,9.6.2
building:3c00879d5d3938a9,campus:b036680fb40c6a83,campus:b036680fb40c6a83,building_in_campus,im3-source:bb18c55b9b6f5674,im3:bb18c55b9b6f5674,source-native building observation,9.6.2
building:3c00879d5d3938a9,campus:b036680fb40c6a83,campus:b036680fb40c6a83,building_in_campus,osm-way-844371952,gigawatt:osm-way-844371952,source-native building observation,9.6.2
building:5d49721e4b0c7696,campus:b036680fb40c6a83,campus:b036680fb40c6a83,building_in_campus,im3-source:ff8710e2b38fe219,im3:ff8710e2b38fe219,source-native building observation,9.6.2
building:5d49721e4b0c7696,campus:b036680fb40c6a83,campus:b036680fb40c6a83,building_in_campus,osm-way-844371953,gigawatt:osm-way-844371953,source-native building observation,9.6.2
building:d0ae901701bccda0,campus:b036680fb40c6a83,campus:b036680fb40c6a83,building_in_campus,osm-way-714889192,gigawatt:osm-way-714889192,source-native building observation,9.6.2
campus:b036680fb40c6a83,campus:b036680fb40c6a83,campus:b036680fb40c6a83,observation_supports_campus,3,fractracker:3,campus identity evidence,9.6.2
campus:f17860b3dbd27a0d,campus:f17860b3dbd27a0d,campus:f17860b3dbd27a0d,observation_supports_campus,300,fractracker:300,campus identity evidence,9.6.2
campus:d4784e3ced7ec41e,campus:d4784e3ced7ec41e,campus:d4784e3ced7ec41e,observation_supports_campus,301,fractracker:301,campus identity evidence,9.6.2
campus:173c440e1c3c99a7,campus:173c440e1c3c99a7,campus:173c440e1c3c99a7,observation_supports_campus,302,fractracker:302,campus identity evidence,9.6.2
campus:ba61b5e41b019316,campus:ba61b5e41b019316,campus:ba61b5e41b019316,observation_supports_campus,303,fractracker:303,campus identity evidence,9.6.2
campus:0f9ace02649d7e23,campus:0f9ace02649d7e23,campus:0f9ace02649d7e23,observation_supports_campus,304,fractracker:304,campus identity evidence,9.6.2
campus:a3e14afe5465d168,campus:a3e14afe5465d168,campus:a3e14afe5465d168,observation_supports_campus,31,fractracker:31,campus identity evidence,9.6.2
campus:c94c1fbb1c70419f,campus:c94c1fbb1c70419f,campus:c94c1fbb1c70419f,observation_supports_campus,310,fractracker:310,campus identity evidence,9.6.2
campus:7d5e74129bde9d61,campus:7d5e74129bde9d61,campus:7d5e74129bde9d61,observation_supports_campus,315,fractracker:315,campus identity evidence,9.6.2
campus:c6a009bd028a5630,campus:c6a009bd028a5630,campus:c6a009bd028a5630,observation_supports_campus,316,fractracker:316,campus identity evidence,9.6.2
building:65a5fabe4183ae8f,campus:f6012227d697e489,campus:f6012227d697e489,building_in_campus,im3-source:1285c3e8cf1b2863,im3:1285c3e8cf1b2863,source-native building observation,9.6.2
building:ed82947c2c5fe752,campus:f6012227d697e489,campus:f6012227d697e489,building_in_campus,im3-source:68056d23ae476d5e,im3:68056d23ae476d5e,source-native building observation,9.6.2
campus:f6012227d697e489,campus:f6012227d697e489,campus:f6012227d697e489,observation_supports_campus,32,fractracker:32,campus identity evidence,9.6.2
campus:4fcde74138264480,campus:4fcde74138264480,campus:4fcde74138264480,observation_supports_campus,320,fractracker:320,campus identity evidence,9.6.2
campus:ef5d2c58d4aa873e,campus:ef5d2c58d4aa873e,campus:ef5d2c58d4aa873e,observation_supports_campus,323,fractracker:323,campus identity evidence,9.6.2
campus:3d1cd4e43fb09ad4,campus:3d1cd4e43fb09ad4,campus:3d1cd4e43fb09ad4,observation_supports_campus,324,fractracker:324,campus identity evidence,9.6.2
campus:ab20b2b3a495b89f,campus:ab20b2b3a495b89f,campus:ab20b2b3a495b89f,observation_supports_campus,326,fractracker:326,campus identity evidence,9.6.2
campus:ceb37df7198f76fb,campus:ceb37df7198f76fb,campus:ceb37df7198f76fb,observation_supports_campus,33,fractracker:33,campus identity evidence,9.6.2
campus:0ff87939a4df12cf,campus:0ff87939a4df12cf,campus:0ff87939a4df12cf,observation_supports_campus,330,fractracker:330,campus identity evidence,9.6.2
campus:32c7ecaf226f6cf1,campus:32c7ecaf226f6cf1,campus:32c7ecaf226f6cf1,observation_supports_campus,331,fractracker:331,campus identity evidence,9.6.2
campus:51269b3dede25039,campus:51269b3dede25039,campus:51269b3dede25039,observation_supports_campus,332,fractracker:332,campus identity evidence,9.6.2
campus:5822811f5a5fc751,campus:5822811f5a5fc751,campus:5822811f5a5fc751,observation_supports_campus,334,fractracker:334,campus identity evidence,9.6.2
campus:3654bf19d6cbcf18,campus:3654bf19d6cbcf18,campus:3654bf19d6cbcf18,observation_supports_campus,335,fractracker:335,campus identity evidence,9.6.2
campus:125407bcde92679e,campus:125407bcde92679e,campus:125407bcde92679e,observation_supports_campus,339,fractracker:339,campus identity evidence,9.6.2
campus:f0da04ba22af30ff,campus:f0da04ba22af30ff,campus:f0da04ba22af30ff,observation_supports_campus,34,fractracker:34,campus identity evidence,9.6.2
campus:6e5a3f2df40cc0b3,campus:6e5a3f2df40cc0b3,campus:6e5a3f2df40cc0b3,observation_supports_campus,341,fractracker:341,campus identity evidence,9.6.2
campus:ae2425ade41f80b5,campus:ae2425ade41f80b5,campus:ae2425ade41f80b5,observation_supports_campus,343,fractracker:343,campus identity evidence,9.6.2
campus:5894caf2b8b15a26,campus:5894caf2b8b15a26,campus:5894caf2b8b15a26,observation_supports_campus,344,fractracker:344,campus identity evidence,9.6.2
campus:c3d5152d29c17514,campus:c3d5152d29c17514,campus:c3d5152d29c17514,observation_supports_campus,345,fractracker:345,campus identity evidence,9.6.2
campus:fbb66bba3f683fa4,campus:fbb66bba3f683fa4,campus:fbb66bba3f683fa4,observation_supports_campus,347,fractracker:347,campus identity evidence,9.6.2
campus:941f2ef72e372882,campus:941f2ef72e372882,campus:941f2ef72e372882,observation_supports_campus,348,fractracker:348,campus identity evidence,9.6.2
campus:3bd5a37d85476dd3,campus:3bd5a37d85476dd3,campus:3bd5a37d85476dd3,observation_supports_campus,349,fractracker:349,campus identity evidence,9.6.2
campus:754280968ea0703a,campus:754280968ea0703a,campus:754280968ea0703a,observation_supports_campus,35,fractracker:35,campus identity evidence,9.6.2
campus:985847ef177b2d7b,campus:985847ef177b2d7b,campus:985847ef177b2d7b,observation_supports_campus,351,fractracker:351,campus identity evidence,9.6.2
campus:a2cb0340cb4b8785,campus:a2cb0340cb4b8785,campus:a2cb0340cb4b8785,observation_supports_campus,355,fractracker:355,campus identity evidence,9.6.2
campus:ca7ab38ce29bea1c,campus:ca7ab38ce29bea1c,campus:ca7ab38ce29bea1c,observation_supports_campus,356,fractracker:356,campus identity evidence,9.6.2
campus:e2dfca38af08c6a3,campus:e2dfca38af08c6a3,campus:e2dfca38af08c6a3,observation_supports_campus,357,fractracker:357,campus identity evidence,9.6.2
campus:cfa394d997fd4e84,campus:cfa394d997fd4e84,campus:cfa394d997fd4e84,observation_supports_campus,360,fractracker:360,campus identity evidence,9.6.2
campus:70c81bdae41b1ef6,campus:70c81bdae41b1ef6,campus:70c81bdae41b1ef6,observation_supports_campus,365,fractracker:365,campus identity evidence,9.6.2
campus:c497c8202fc9a132,campus:c497c8202fc9a132,campus:c497c8202fc9a132,observation_supports_campus,370,fractracker:370,campus identity evidence,9.6.2
campus:df4c5e979ddf1448,campus:df4c5e979ddf1448,campus:df4c5e979ddf1448,observation_supports_campus,374,fractracker:374,campus identity evidence,9.6.2
campus:950233c97297ea77,campus:950233c97297ea77,campus:950233c97297ea77,observation_supports_campus,375,fractracker:375,campus identity evidence,9.6.2
campus:5196f9ff2af69d2b,campus:5196f9ff2af69d2b,campus:5196f9ff2af69d2b,observation_supports_campus,376,fractracker:376,campus identity evidence,9.6.2
campus:9f483e23584b105d,campus:9f483e23584b105d,campus:9f483e23584b105d,observation_supports_campus,378,fractracker:378,campus identity evidence,9.6.2
campus:b8637361c1290a88,campus:b8637361c1290a88,campus:b8637361c1290a88,observation_supports_campus,379,fractracker:379,campus identity evidence,9.6.2
campus:0398b2053aa5de68,campus:0398b2053aa5de68,campus:0398b2053aa5de68,observation_supports_campus,382,fractracker:382,campus identity evidence,9.6.2
campus:b8314843d16c119c,campus:b8314843d16c119c,campus:b8314843d16c119c,observation_supports_campus,383,fractracker:383,campus identity evidence,9.6.2
campus:4233f57a4b22b50f,campus:4233f57a4b22b50f,campus:4233f57a4b22b50f,observation_supports_campus,384,fractracker:384,campus identity evidence,9.6.2
campus:504f82e82ae512b2,campus:504f82e82ae512b2,campus:504f82e82ae512b2,observation_supports_campus,389,fractracker:389,campus identity evidence,9.6.2
campus:3f9bcdd48625c2d9,campus:3f9bcdd48625c2d9,campus:3f9bcdd48625c2d9,observation_supports_campus,39,fractracker:39,campus identity evidence,9.6.2
campus:1bdd4037469c764f,campus:1bdd4037469c764f,campus:1bdd4037469c764f,observation_supports_campus,391,fractracker:391,campus identity evidence,9.6.2
campus:904c9698c170e05f,campus:904c9698c170e05f,campus:904c9698c170e05f,observation_supports_campus,393,fractracker:393,campus identity evidence,9.6.2
campus:a781133a82fce915,campus:a781133a82fce915,campus:a781133a82fce915,observation_supports_campus,394,fractracker:394,campus identity evidence,9.6.2
campus:e839117adb3988b2,campus:e839117adb3988b2,campus:e839117adb3988b2,observation_supports_campus,395,fractracker:395,campus identity evidence,9.6.2
campus:5be4709fcbbf4c55,campus:5be4709fcbbf4c55,campus:5be4709fcbbf4c55,observation_supports_campus,396,fractracker:396,campus identity evidence,9.6.2
campus:7d1b49e3c152acb9,campus:7d1b49e3c152acb9,campus:7d1b49e3c152acb9,observation_supports_campus,397,fractracker:397,campus identity evidence,9.6.2
campus:46494db1e658e980,campus:46494db1e658e980,campus:46494db1e658e980,observation_supports_campus,399,fractracker:399,campus identity evidence,9.6.2
campus:8041aa85779da791,campus:8041aa85779da791,campus:8041aa85779da791,observation_supports_campus,40,fractracker:40,campus identity evidence,9.6.2
campus:69951d6c0a02ab6b,campus:69951d6c0a02ab6b,campus:69951d6c0a02ab6b,observation_supports_campus,404,fractracker:404,campus identity evidence,9.6.2
campus:089c1bee8e24138d,campus:089c1bee8e24138d,campus:089c1bee8e24138d,observation_supports_campus,406,fractracker:406,campus identity evidence,9.6.2
campus:cba863a5625c5065,campus:cba863a5625c5065,campus:cba863a5625c5065,observation_supports_campus,408,fractracker:408,campus identity evidence,9.6.2
campus:dcd0f8903761c201,campus:dcd0f8903761c201,campus:dcd0f8903761c201,observation_supports_campus,409,fractracker:409,campus identity evidence,9.6.2
campus:7d9c83b23fd6d1d7,campus:7d9c83b23fd6d1d7,campus:7d9c83b23fd6d1d7,observation_supports_campus,41,fractracker:41,campus identity evidence,9.6.2
building:50937382baf8b25f,campus:acf1bb93b83ca813,campus:acf1bb93b83ca813,building_in_campus,osm-way-883809862,gigawatt:osm-way-883809862,source-native building observation,9.6.2
campus:acf1bb93b83ca813,campus:acf1bb93b83ca813,campus:acf1bb93b83ca813,observation_supports_campus,410,fractracker:410,campus identity evidence,9.6.2
campus:e6363217681bd8ff,campus:e6363217681bd8ff,campus:e6363217681bd8ff,observation_supports_campus,411,fractracker:411,campus identity evidence,9.6.2
campus:9ea76686b7f38764,campus:9ea76686b7f38764,campus:9ea76686b7f38764,observation_supports_campus,412,fractracker:412,campus identity evidence,9.6.2
campus:a0169b6e217a08c1,campus:a0169b6e217a08c1,campus:a0169b6e217a08c1,observation_supports_campus,413,fractracker:413,campus identity evidence,9.6.2
campus:534f9e6b3f389641,campus:534f9e6b3f389641,campus:534f9e6b3f389641,observation_supports_campus,416,fractracker:416,campus identity evidence,9.6.2
campus:c077e49e2d895aa7,campus:c077e49e2d895aa7,campus:c077e49e2d895aa7,observation_supports_campus,418,fractracker:418,campus identity evidence,9.6.2
campus:a2f0b61eea2f0448,campus:a2f0b61eea2f0448,campus:a2f0b61eea2f0448,observation_supports_campus,42,fractracker:42,campus identity evidence,9.6.2
campus:623bf8e736e97513,campus:623bf8e736e97513,campus:623bf8e736e97513,observation_supports_campus,422,fractracker:422,campus identity evidence,9.6.2
campus:f2cc3c3146bdf466,campus:f2cc3c3146bdf466,campus:f2cc3c3146bdf466,observation_supports_campus,423,fractracker:423,campus identity evidence,9.6.2
campus:18927b2e98e98ec8,campus:18927b2e98e98ec8,campus:18927b2e98e98ec8,observation_supports_campus,428,fractracker:428,campus identity evidence,9.6.2
campus:dfb991a114e5d615,campus:dfb991a114e5d615,campus:dfb991a114e5d615,observation_supports_campus,43,fractracker:43,campus identity evidence,9.6.2
campus:b8aa1f5a2db792fa,campus:b8aa1f5a2db792fa,campus:b8aa1f5a2db792fa,observation_supports_campus,431,fractracker:431,campus identity evidence,9.6.2
campus:1ce4982d119f3e85,campus:1ce4982d119f3e85,campus:1ce4982d119f3e85,observation_supports_campus,432,fractracker:432,campus identity evidence,9.6.2
campus:c648f5737a8b0b2a,campus:c648f5737a8b0b2a,campus:c648f5737a8b0b2a,observation_supports_campus,434,fractracker:434,campus identity evidence,9.6.2
campus:2f8c495038fa8c71,campus:2f8c495038fa8c71,campus:2f8c495038fa8c71,observation_supports_campus,435,fractracker:435,campus identity evidence,9.6.2
campus:33b51199d4ebbc88,campus:33b51199d4ebbc88,campus:33b51199d4ebbc88,observation_supports_campus,437,fractracker:437,campus identity evidence,9.6.2
campus:7ad4e8155411b31e,campus:7ad4e8155411b31e,campus:7ad4e8155411b31e,observation_supports_campus,438,fractracker:438,campus identity evidence,9.6.2
campus:2fc523a201c819d2,campus:2fc523a201c819d2,campus:2fc523a201c819d2,observation_supports_campus,439,fractracker:439,campus identity evidence,9.6.2
campus:7b290b7dcc79fbf4,campus:7b290b7dcc79fbf4,campus:7b290b7dcc79fbf4,observation_supports_campus,44,fractracker:44,campus identity evidence,9.6.2
building:ba5dad7cb61aa34c,campus:1cf429a81d68e649,campus:1cf429a81d68e649,building_in_campus,im3-source:19bdf23a81fb1a0c,im3:19bdf23a81fb1a0c,source-native building observation,9.6.2
building:ba5dad7cb61aa34c,campus:1cf429a81d68e649,campus:1cf429a81d68e649,building_in_campus,osm-way-1253282100,gigawatt:osm-way-1253282100,source-native building observation,9.6.2
building:f257c20924f0b540,campus:1cf429a81d68e649,campus:1cf429a81d68e649,building_in_campus,im3-source:59c556a2e0359726,im3:59c556a2e0359726,source-native building observation,9.6.2
building:f257c20924f0b540,campus:1cf429a81d68e649,campus:1cf429a81d68e649,building_in_campus,osm-way-844394340,gigawatt:osm-way-844394340,source-native building observation,9.6.2
building:0e21138ac947fe7d,campus:1cf429a81d68e649,campus:1cf429a81d68e649,building_in_campus,im3-source:a5e7ed47ac5168c4,im3:a5e7ed47ac5168c4,source-native building observation,9.6.2
building:0e21138ac947fe7d,campus:1cf429a81d68e649,campus:1cf429a81d68e649,building_in_campus,osm-way-1253282102,gigawatt:osm-way-1253282102,source-native building observation,9.6.2
building:15cc9d00dd5b09da,campus:1cf429a81d68e649,campus:1cf429a81d68e649,building_in_campus,im3-source:d1fc3b34dfe7309b,im3:d1fc3b34dfe7309b,source-native building observation,9.6.2
building:15cc9d00dd5b09da,campus:1cf429a81d68e649,campus:1cf429a81d68e649,building_in_campus,osm-way-1253282101,gigawatt:osm-way-1253282101,source-native building observation,9.6.2
building:247ffa10ae0ffb54,campus:1cf429a81d68e649,campus:1cf429a81d68e649,building_in_campus,im3-source:ed6cab9975275e78,im3:ed6cab9975275e78,source-native building observation,9.6.2
building:247ffa10ae0ffb54,campus:1cf429a81d68e649,campus:1cf429a81d68e649,building_in_campus,osm-way-844394339,gigawatt:osm-way-844394339,source-native building observation,9.6.2
campus:1cf429a81d68e649,campus:1cf429a81d68e649,campus:1cf429a81d68e649,observation_supports_campus,440,fractracker:440,campus identity evidence,9.6.2
campus:9f501e1ae3478980,campus:9f501e1ae3478980,campus:9f501e1ae3478980,observation_supports_campus,441,fractracker:441,campus identity evidence,9.6.2
campus:5dd5d72a1700b893,campus:5dd5d72a1700b893,campus:5dd5d72a1700b893,observation_supports_campus,442,fractracker:442,campus identity evidence,9.6.2
campus:fdce60c768911e42,campus:fdce60c768911e42,campus:fdce60c768911e42,observation_supports_campus,443,fractracker:443,campus identity evidence,9.6.2
campus:8140fbda15cd45bc,campus:8140fbda15cd45bc,campus:8140fbda15cd45bc,observation_supports_campus,444,fractracker:444,campus identity evidence,9.6.2
campus:9a35f6ebc2cc47fc,campus:9a35f6ebc2cc47fc,campus:9a35f6ebc2cc47fc,observation_supports_campus,445,fractracker:445,campus identity evidence,9.6.2
campus:350b4a8a8c4ecb40,campus:350b4a8a8c4ecb40,campus:350b4a8a8c4ecb40,observation_supports_campus,446,fractracker:446,campus identity evidence,9.6.2
campus:8468e2a68f742898,campus:8468e2a68f742898,campus:8468e2a68f742898,observation_supports_campus,448,fractracker:448,campus identity evidence,9.6.2
campus:3438442c4f01c6df,campus:3438442c4f01c6df,campus:3438442c4f01c6df,observation_supports_campus,449,fractracker:449,campus identity evidence,9.6.2
campus:132813a5ec2918a4,campus:132813a5ec2918a4,campus:132813a5ec2918a4,observation_supports_campus,45,fractracker:45,campus identity evidence,9.6.2
campus:b82bf0020f6e1d51,campus:b82bf0020f6e1d51,campus:b82bf0020f6e1d51,observation_supports_campus,450,fractracker:450,campus identity evidence,9.6.2
campus:3e769551b2340b5c,campus:3e769551b2340b5c,campus:3e769551b2340b5c,observation_supports_campus,451,fractracker:451,campus identity evidence,9.6.2
campus:9e522c6f66a56ab5,campus:9e522c6f66a56ab5,campus:9e522c6f66a56ab5,observation_supports_campus,452,fractracker:452,campus identity evidence,9.6.2
campus:e8f87e22f9092fc7,campus:e8f87e22f9092fc7,campus:e8f87e22f9092fc7,observation_supports_campus,453,fractracker:453,campus identity evidence,9.6.2
campus:cc756b945a99d5df,campus:cc756b945a99d5df,campus:cc756b945a99d5df,observation_supports_campus,455,fractracker:455,campus identity evidence,9.6.2
campus:adb0004cee00a268,campus:adb0004cee00a268,campus:adb0004cee00a268,observation_supports_campus,457,fractracker:457,campus identity evidence,9.6.2
campus:3018808dd0ff6e5b,campus:3018808dd0ff6e5b,campus:3018808dd0ff6e5b,observation_supports_campus,459,fractracker:459,campus identity evidence,9.6.2
campus:cd736e8106241eda,campus:cd736e8106241eda,campus:cd736e8106241eda,observation_supports_campus,46,fractracker:46,campus identity evidence,9.6.2
building:4e9d3e4d2cbefbc3,campus:92cab78b4549119f,campus:92cab78b4549119f,building_in_campus,im3-source:098969c68c6d909f,im3:098969c68c6d909f,source-native building observation,9.6.2
building:4e9d3e4d2cbefbc3,campus:92cab78b4549119f,campus:92cab78b4549119f,building_in_campus,osm-way-585998677,gigawatt:osm-way-585998677,source-native building observation,9.6.2
building:42067d4c341fda83,campus:92cab78b4549119f,campus:92cab78b4549119f,building_in_campus,im3-source:0e4280b7a6bc8102,im3:0e4280b7a6bc8102,source-native building observation,9.6.2
building:42067d4c341fda83,campus:92cab78b4549119f,campus:92cab78b4549119f,building_in_campus,osm-way-617194689,gigawatt:osm-way-617194689,source-native building observation,9.6.2
building:2a89628d1497921c,campus:92cab78b4549119f,campus:92cab78b4549119f,building_in_campus,im3-source:291892efe5781d69,im3:291892efe5781d69,source-native building observation,9.6.2
building:2a89628d1497921c,campus:92cab78b4549119f,campus:92cab78b4549119f,building_in_campus,osm-way-1421212901,gigawatt:osm-way-1421212901,source-native building observation,9.6.2
building:f45895813fed1c3c,campus:92cab78b4549119f,campus:92cab78b4549119f,building_in_campus,im3-source:39d3facd19356b8c,im3:39d3facd19356b8c,source-native building observation,9.6.2
building:f45895813fed1c3c,campus:92cab78b4549119f,campus:92cab78b4549119f,building_in_campus,osm-way-172739950,gigawatt:osm-way-172739950,source-native building observation,9.6.2
building:ff6691bf76116e11,campus:92cab78b4549119f,campus:92cab78b4549119f,building_in_campus,im3-source:87ea13659124b1d5,im3:87ea13659124b1d5,source-native building observation,9.6.2
building:ff6691bf76116e11,campus:92cab78b4549119f,campus:92cab78b4549119f,building_in_campus,osm-way-585998678,gigawatt:osm-way-585998678,source-native building observation,9.6.2
building:9d75bc8bb765038a,campus:92cab78b4549119f,campus:92cab78b4549119f,building_in_campus,im3-source:8b2b29e45c0b79d0,im3:8b2b29e45c0b79d0,source-native building observation,9.6.2
building:9d75bc8bb765038a,campus:92cab78b4549119f,campus:92cab78b4549119f,building_in_campus,osm-way-172739953,gigawatt:osm-way-172739953,source-native building observation,9.6.2
building:7b8c3605bf62590d,campus:92cab78b4549119f,campus:92cab78b4549119f,building_in_campus,im3-source:b7a655dcbc8a5230,im3:b7a655dcbc8a5230,source-native building observation,9.6.2
building:7b8c3605bf62590d,campus:92cab78b4549119f,campus:92cab78b4549119f,building_in_campus,osm-way-1263819877,gigawatt:osm-way-1263819877,source-native building observation,9.6.2
campus:92cab78b4549119f,campus:92cab78b4549119f,campus:92cab78b4549119f,observation_supports_campus,460,fractracker:460,campus identity evidence,9.6.2
campus:c6a321149fdce930,campus:c6a321149fdce930,campus:c6a321149fdce930,observation_supports_campus,461,fractracker:461,campus identity evidence,9.6.2
campus:9aaf142fb249b96b,campus:9aaf142fb249b96b,campus:9aaf142fb249b96b,observation_supports_campus,462,fractracker:462,campus identity evidence,9.6.2
campus:774b13ea29a3aabd,campus:774b13ea29a3aabd,campus:774b13ea29a3aabd,observation_supports_campus,463,fractracker:463,campus identity evidence,9.6.2
campus:b71fe89b9489631d,campus:b71fe89b9489631d,campus:b71fe89b9489631d,observation_supports_campus,464,fractracker:464,campus identity evidence,9.6.2
campus:2c07555a35218cae,campus:2c07555a35218cae,campus:2c07555a35218cae,observation_supports_campus,466,fractracker:466,campus identity evidence,9.6.2
campus:a60cbf3e88e6a8b8,campus:a60cbf3e88e6a8b8,campus:a60cbf3e88e6a8b8,observation_supports_campus,468,fractracker:468,campus identity evidence,9.6.2
campus:b74e89a22b0700b6,campus:b74e89a22b0700b6,campus:b74e89a22b0700b6,observation_supports_campus,47,fractracker:47,campus identity evidence,9.6.2
campus:0f4ca5994db0bc97,campus:0f4ca5994db0bc97,campus:0f4ca5994db0bc97,observation_supports_campus,470,fractracker:470,campus identity evidence,9.6.2
building:1dc3b32ef3741cda,campus:4cc736968b89b77e,campus:4cc736968b89b77e,building_in_campus,osm-node-12766117170,gigawatt:osm-node-12766117170,source-native building observation,9.6.2
campus:4cc736968b89b77e,campus:4cc736968b89b77e,campus:4cc736968b89b77e,observation_supports_campus,473,fractracker:473,campus identity evidence,9.6.2
campus:4cc736968b89b77e,campus:4cc736968b89b77e,campus:4cc736968b89b77e,observation_supports_campus,im3-source:2ace02dfa6755981,im3:2ace02dfa6755981,campus identity evidence,9.6.2
campus:d9981f3f1f59d96c,campus:d9981f3f1f59d96c,campus:d9981f3f1f59d96c,observation_supports_campus,478,fractracker:478,campus identity evidence,9.6.2
campus:189a3d6f048160f2,campus:189a3d6f048160f2,campus:189a3d6f048160f2,observation_supports_campus,479,fractracker:479,campus identity evidence,9.6.2
building:d2505384535e92ad,campus:46e9c040f578c359,campus:46e9c040f578c359,building_in_campus,im3-source:3def72e2f7cf4dbe,im3:3def72e2f7cf4dbe,source-native building observation,9.6.2
building:d2505384535e92ad,campus:46e9c040f578c359,campus:46e9c040f578c359,building_in_campus,osm-way-1227604493,gigawatt:osm-way-1227604493,source-native building observation,9.6.2
building:fbbd5f5504a5d187,campus:46e9c040f578c359,campus:46e9c040f578c359,building_in_campus,im3-source:7cdba71408eae14c,im3:7cdba71408eae14c,source-native building observation,9.6.2
building:fbbd5f5504a5d187,campus:46e9c040f578c359,campus:46e9c040f578c359,building_in_campus,osm-way-600806974,gigawatt:osm-way-600806974,source-native building observation,9.6.2
building:b8b7b01c3a6c52a0,campus:46e9c040f578c359,campus:46e9c040f578c359,building_in_campus,im3-source:8260cded8e74a3ff,im3:8260cded8e74a3ff,source-native building observation,9.6.2
building:b8b7b01c3a6c52a0,campus:46e9c040f578c359,campus:46e9c040f578c359,building_in_campus,osm-way-35491576,gigawatt:osm-way-35491576,source-native building observation,9.6.2
building:4a7038beb15f5876,campus:46e9c040f578c359,campus:46e9c040f578c359,building_in_campus,im3-source:fc555e4255b19811,im3:fc555e4255b19811,source-native building observation,9.6.2
building:4a7038beb15f5876,campus:46e9c040f578c359,campus:46e9c040f578c359,building_in_campus,osm-way-161126131,gigawatt:osm-way-161126131,source-native building observation,9.6.2
campus:46e9c040f578c359,campus:46e9c040f578c359,campus:46e9c040f578c359,observation_supports_campus,48,fractracker:48,campus identity evidence,9.6.2
campus:93280746d7f46c1e,campus:93280746d7f46c1e,campus:93280746d7f46c1e,observation_supports_campus,483,fractracker:483,campus identity evidence,9.6.2
campus:0f2f4b04c1b9b84b,campus:0f2f4b04c1b9b84b,campus:0f2f4b04c1b9b84b,observation_supports_campus,485,fractracker:485,campus identity evidence,9.6.2
campus:0f2f4b04c1b9b84b,campus:0f2f4b04c1b9b84b,campus:0f2f4b04c1b9b84b,observation_supports_campus,484,fractracker:484,campus identity evidence,9.6.2
campus:192ddec5e440ff4a,campus:192ddec5e440ff4a,campus:192ddec5e440ff4a,observation_supports_campus,486,fractracker:486,campus identity evidence,9.6.2
campus:442b4d942841510c,campus:442b4d942841510c,campus:442b4d942841510c,observation_supports_campus,488,fractracker:488,campus identity evidence,9.6.2
campus:9adbe057a565a630,campus:9adbe057a565a630,campus:9adbe057a565a630,observation_supports_campus,490,fractracker:490,campus identity evidence,9.6.2
campus:f56e2a5fa1af5df2,campus:f56e2a5fa1af5df2,campus:f56e2a5fa1af5df2,observation_supports_campus,491,fractracker:491,campus identity evidence,9.6.2
campus:7dfe30596b7f740e,campus:7dfe30596b7f740e,campus:7dfe30596b7f740e,observation_supports_campus,494,fractracker:494,campus identity evidence,9.6.2
building:bf23d7ee289f0923,campus:120da56b1b1035c6,campus:120da56b1b1035c6,building_in_campus,im3-source:4fe9883c9424bffc,im3:4fe9883c9424bffc,source-native building observation,9.6.2
building:bf23d7ee289f0923,campus:120da56b1b1035c6,campus:120da56b1b1035c6,building_in_campus,osm-way-247428943,gigawatt:osm-way-247428943,source-native building observation,9.6.2
campus:120da56b1b1035c6,campus:120da56b1b1035c6,campus:120da56b1b1035c6,observation_supports_campus,495,fractracker:495,campus identity evidence,9.6.2
campus:d2bfb7b90983c517,campus:d2bfb7b90983c517,campus:d2bfb7b90983c517,observation_supports_campus,497,fractracker:497,campus identity evidence,9.6.2
campus:ac0bbb956d867fd4,campus:ac0bbb956d867fd4,campus:ac0bbb956d867fd4,observation_supports_campus,5,fractracker:5,campus identity evidence,9.6.2
campus:cd61d3747587b394,campus:cd61d3747587b394,campus:cd61d3747587b394,observation_supports_campus,50,fractracker:50,campus identity evidence,9.6.2
campus:7f05536778195a3e,campus:7f05536778195a3e,campus:7f05536778195a3e,observation_supports_campus,500,fractracker:500,campus identity evidence,9.6.2
campus:cea1e63e44a7b967,campus:cea1e63e44a7b967,campus:cea1e63e44a7b967,observation_supports_campus,501,fractracker:501,campus identity evidence,9.6.2
campus:cd7eb94bb8476eb3,campus:cd7eb94bb8476eb3,campus:cd7eb94bb8476eb3,observation_supports_campus,502,fractracker:502,campus identity evidence,9.6.2
campus:4ce78788cba56855,campus:4ce78788cba56855,campus:4ce78788cba56855,observation_supports_campus,503,fractracker:503,campus identity evidence,9.6.2
campus:01f210fc2abbd59b,campus:01f210fc2abbd59b,campus:01f210fc2abbd59b,observation_supports_campus,506,fractracker:506,campus identity evidence,9.6.2
campus:d897175ef725de90,campus:d897175ef725de90,campus:d897175ef725de90,observation_supports_campus,507,fractracker:507,campus identity evidence,9.6.2
campus:c2e94225378c4720,campus:c2e94225378c4720,campus:c2e94225378c4720,observation_supports_campus,508,fractracker:508,campus identity evidence,9.6.2
building:0fd325bf6a1bb3e2,campus:1db411b65eb38858,campus:1db411b65eb38858,building_in_campus,im3-source:fc5e842215782de5,im3:fc5e842215782de5,source-native building observation,9.6.2
building:0fd325bf6a1bb3e2,campus:1db411b65eb38858,campus:1db411b65eb38858,building_in_campus,osm-way-1252196814,gigawatt:osm-way-1252196814,source-native building observation,9.6.2
building:eee568eee0370221,campus:1db411b65eb38858,campus:1db411b65eb38858,building_in_campus,osm-way-1281982556,gigawatt:osm-way-1281982556,source-native building observation,9.6.2
campus:1db411b65eb38858,campus:1db411b65eb38858,campus:1db411b65eb38858,observation_supports_campus,509,fractracker:509,campus identity evidence,9.6.2
building:57874aa5b41d862e,campus:cc28ef9e2f7cffa6,campus:cc28ef9e2f7cffa6,building_in_campus,im3-source:16dbe3fe3b760221,im3:16dbe3fe3b760221,source-native building observation,9.6.2
building:57874aa5b41d862e,campus:cc28ef9e2f7cffa6,campus:cc28ef9e2f7cffa6,building_in_campus,osm-way-209073645,gigawatt:osm-way-209073645,source-native building observation,9.6.2
campus:cc28ef9e2f7cffa6,campus:cc28ef9e2f7cffa6,campus:cc28ef9e2f7cffa6,observation_supports_campus,51,fractracker:51,campus identity evidence,9.6.2
campus:27f662fe73ceff3b,campus:27f662fe73ceff3b,campus:27f662fe73ceff3b,observation_supports_campus,512,fractracker:512,campus identity evidence,9.6.2
campus:e759916db7aede78,campus:e759916db7aede78,campus:e759916db7aede78,observation_supports_campus,513,fractracker:513,campus identity evidence,9.6.2
campus:a5526d481f6af82c,campus:a5526d481f6af82c,campus:a5526d481f6af82c,observation_supports_campus,515,fractracker:515,campus identity evidence,9.6.2
campus:98377b2f5a2f7f46,campus:98377b2f5a2f7f46,campus:98377b2f5a2f7f46,observation_supports_campus,516,fractracker:516,campus identity evidence,9.6.2
building:97a4ecc3a65cde6f,campus:334d14101716c1bd,campus:334d14101716c1bd,building_in_campus,im3-source:2458b4ae916ea3a9,im3:2458b4ae916ea3a9,source-native building observation,9.6.2
building:97a4ecc3a65cde6f,campus:334d14101716c1bd,campus:334d14101716c1bd,building_in_campus,osm-way-975484796,gigawatt:osm-way-975484796,source-native building observation,9.6.2
building:5fa0b32759cbeb63,campus:334d14101716c1bd,campus:334d14101716c1bd,building_in_campus,im3-source:296099a15faae468,im3:296099a15faae468,source-native building observation,9.6.2
building:5fa0b32759cbeb63,campus:334d14101716c1bd,campus:334d14101716c1bd,building_in_campus,osm-way-874506250,gigawatt:osm-way-874506250,source-native building observation,9.6.2
building:7beff93f13a476dd,campus:334d14101716c1bd,campus:334d14101716c1bd,building_in_campus,im3-source:8f9616a3f48dc0d1,im3:8f9616a3f48dc0d1,source-native building observation,9.6.2
building:7beff93f13a476dd,campus:334d14101716c1bd,campus:334d14101716c1bd,building_in_campus,osm-way-975484797,gigawatt:osm-way-975484797,source-native building observation,9.6.2
building:5bd030fdc3b46fcd,campus:334d14101716c1bd,campus:334d14101716c1bd,building_in_campus,im3-source:bf462b10e2d9589b,im3:bf462b10e2d9589b,source-native building observation,9.6.2
building:5bd030fdc3b46fcd,campus:334d14101716c1bd,campus:334d14101716c1bd,building_in_campus,osm-way-975484798,gigawatt:osm-way-975484798,source-native building observation,9.6.2
building:6b7f02cbd77559d5,campus:334d14101716c1bd,campus:334d14101716c1bd,building_in_campus,im3-source:cfdec28c0abb89d6,im3:cfdec28c0abb89d6,source-native building observation,9.6.2
building:6b7f02cbd77559d5,campus:334d14101716c1bd,campus:334d14101716c1bd,building_in_campus,osm-way-673532692,gigawatt:osm-way-673532692,source-native building observation,9.6.2
building:2edd8ce54b4df635,campus:334d14101716c1bd,campus:334d14101716c1bd,building_in_campus,osm-way-460067225,gigawatt:osm-way-460067225,source-native building observation,9.6.2
campus:334d14101716c1bd,campus:334d14101716c1bd,campus:334d14101716c1bd,observation_supports_campus,518,fractracker:518,campus identity evidence,9.6.2
campus:ca525b1abaff5a0f,campus:ca525b1abaff5a0f,campus:ca525b1abaff5a0f,observation_supports_campus,519,fractracker:519,campus identity evidence,9.6.2
campus:a00fe84a3ecd1011,campus:a00fe84a3ecd1011,campus:a00fe84a3ecd1011,observation_supports_campus,52,fractracker:52,campus identity evidence,9.6.2
campus:861d475000045766,campus:861d475000045766,campus:861d475000045766,observation_supports_campus,520,fractracker:520,campus identity evidence,9.6.2
building:853b0ce3803f6c29,campus:e9da8c18b3f40170,campus:e9da8c18b3f40170,building_in_campus,im3-source:16d6bc4e37823bb8,im3:16d6bc4e37823bb8,source-native building observation,9.6.2
building:853b0ce3803f6c29,campus:e9da8c18b3f40170,campus:e9da8c18b3f40170,building_in_campus,osm-way-1252196802,gigawatt:osm-way-1252196802,source-native building observation,9.6.2
building:5fbc1753a9dfbfc4,campus:e9da8c18b3f40170,campus:e9da8c18b3f40170,building_in_campus,im3-source:29b18bd675552dc7,im3:29b18bd675552dc7,source-native building observation,9.6.2
building:5fbc1753a9dfbfc4,campus:e9da8c18b3f40170,campus:e9da8c18b3f40170,building_in_campus,osm-way-1252196803,gigawatt:osm-way-1252196803,source-native building observation,9.6.2
building:0119cacf7147964d,campus:e9da8c18b3f40170,campus:e9da8c18b3f40170,building_in_campus,im3-source:7a8ca2c9dbaba183,im3:7a8ca2c9dbaba183,source-native building observation,9.6.2
building:0119cacf7147964d,campus:e9da8c18b3f40170,campus:e9da8c18b3f40170,building_in_campus,osm-way-1252196804,gigawatt:osm-way-1252196804,source-native building observation,9.6.2
building:00c53490e48530a1,campus:e9da8c18b3f40170,campus:e9da8c18b3f40170,building_in_campus,im3-source:7fcbc664876a7b29,im3:7fcbc664876a7b29,source-native building observation,9.6.2
building:00c53490e48530a1,campus:e9da8c18b3f40170,campus:e9da8c18b3f40170,building_in_campus,osm-way-1386016630,gigawatt:osm-way-1386016630,source-native building observation,9.6.2
building:dffc5b4acc77fa8e,campus:e9da8c18b3f40170,campus:e9da8c18b3f40170,building_in_campus,im3-source:d415d6acbb286afb,im3:d415d6acbb286afb,source-native building observation,9.6.2
building:dffc5b4acc77fa8e,campus:e9da8c18b3f40170,campus:e9da8c18b3f40170,building_in_campus,osm-way-1386016631,gigawatt:osm-way-1386016631,source-native building observation,9.6.2
building:c0b2eb6b36bfe3c5,campus:e9da8c18b3f40170,campus:e9da8c18b3f40170,building_in_campus,im3-source:fdeb317ccd5c226c,im3:fdeb317ccd5c226c,source-native building observation,9.6.2
building:c0b2eb6b36bfe3c5,campus:e9da8c18b3f40170,campus:e9da8c18b3f40170,building_in_campus,osm-way-1386016629,gigawatt:osm-way-1386016629,source-native building observation,9.6.2
campus:e9da8c18b3f40170,campus:e9da8c18b3f40170,campus:e9da8c18b3f40170,observation_supports_campus,521,fractracker:521,campus identity evidence,9.6.2
building:7046b55eefec7554,campus:ae232121abbc5e91,campus:ae232121abbc5e91,building_in_campus,im3-source:33d0567b9fa29019,im3:33d0567b9fa29019,source-native building observation,9.6.2
building:7046b55eefec7554,campus:ae232121abbc5e91,campus:ae232121abbc5e91,building_in_campus,osm-way-1020374279,gigawatt:osm-way-1020374279,source-native building observation,9.6.2
building:bc3d6e25309f3694,campus:ae232121abbc5e91,campus:ae232121abbc5e91,building_in_campus,im3-source:b087d2081ca47533,im3:b087d2081ca47533,source-native building observation,9.6.2
building:bc3d6e25309f3694,campus:ae232121abbc5e91,campus:ae232121abbc5e91,building_in_campus,osm-way-1020374277,gigawatt:osm-way-1020374277,source-native building observation,9.6.2
building:ca12bd14056042a4,campus:ae232121abbc5e91,campus:ae232121abbc5e91,building_in_campus,im3-source:b9c22adf267566b5,im3:b9c22adf267566b5,source-native building observation,9.6.2
building:ca12bd14056042a4,campus:ae232121abbc5e91,campus:ae232121abbc5e91,building_in_campus,osm-way-1252196801,gigawatt:osm-way-1252196801,source-native building observation,9.6.2
building:589eebe562ee7712,campus:ae232121abbc5e91,campus:ae232121abbc5e91,building_in_campus,im3-source:d3cbab2d5ab92492,im3:d3cbab2d5ab92492,source-native building observation,9.6.2
building:589eebe562ee7712,campus:ae232121abbc5e91,campus:ae232121abbc5e91,building_in_campus,osm-way-562775657,gigawatt:osm-way-562775657,source-native building observation,9.6.2
building:47c31d1c222d72f7,campus:ae232121abbc5e91,campus:ae232121abbc5e91,building_in_campus,osm-way-460067220,gigawatt:osm-way-460067220,source-native building observation,9.6.2
campus:ae232121abbc5e91,campus:ae232121abbc5e91,campus:ae232121abbc5e91,observation_supports_campus,522,fractracker:522,campus identity evidence,9.6.2
building:6c1558a2d822afa2,campus:7e05eec5472f1ad6,campus:7e05eec5472f1ad6,building_in_campus,im3-source:46a203a63db5459b,im3:46a203a63db5459b,source-native building observation,9.6.2
building:6c1558a2d822afa2,campus:7e05eec5472f1ad6,campus:7e05eec5472f1ad6,building_in_campus,osm-way-1386016628,gigawatt:osm-way-1386016628,source-native building observation,9.6.2
building:11876185ff88a9c8,campus:7e05eec5472f1ad6,campus:7e05eec5472f1ad6,building_in_campus,im3-source:52d6e255796ea33b,im3:52d6e255796ea33b,source-native building observation,9.6.2
building:11876185ff88a9c8,campus:7e05eec5472f1ad6,campus:7e05eec5472f1ad6,building_in_campus,osm-way-1386016627,gigawatt:osm-way-1386016627,source-native building observation,9.6.2
building:fc295bf0a3c4b7d2,campus:7e05eec5472f1ad6,campus:7e05eec5472f1ad6,building_in_campus,im3-source:cc7ce806db73d1fb,im3:cc7ce806db73d1fb,source-native building observation,9.6.2
building:fc295bf0a3c4b7d2,campus:7e05eec5472f1ad6,campus:7e05eec5472f1ad6,building_in_campus,osm-way-1020374278,gigawatt:osm-way-1020374278,source-native building observation,9.6.2
campus:7e05eec5472f1ad6,campus:7e05eec5472f1ad6,campus:7e05eec5472f1ad6,observation_supports_campus,523,fractracker:523,campus identity evidence,9.6.2
campus:eb1343603799e4de,campus:eb1343603799e4de,campus:eb1343603799e4de,observation_supports_campus,524,fractracker:524,campus identity evidence,9.6.2
campus:ea41d5743dacbb5a,campus:ea41d5743dacbb5a,campus:ea41d5743dacbb5a,observation_supports_campus,525,fractracker:525,campus identity evidence,9.6.2
campus:61fc21b2cabbc519,campus:61fc21b2cabbc519,campus:61fc21b2cabbc519,observation_supports_campus,526,fractracker:526,campus identity evidence,9.6.2
campus:26d2cae6c5d7c908,campus:26d2cae6c5d7c908,campus:26d2cae6c5d7c908,observation_supports_campus,527,fractracker:527,campus identity evidence,9.6.2
building:d16cbc399fd05aab,campus:d21c2d5053cc9ad6,campus:d21c2d5053cc9ad6,building_in_campus,im3-source:0461e3913ee107b5,im3:0461e3913ee107b5,source-native building observation,9.6.2
building:d16cbc399fd05aab,campus:d21c2d5053cc9ad6,campus:d21c2d5053cc9ad6,building_in_campus,osm-way-1252196824,gigawatt:osm-way-1252196824,source-native building observation,9.6.2
campus:d21c2d5053cc9ad6,campus:d21c2d5053cc9ad6,campus:d21c2d5053cc9ad6,observation_supports_campus,528,fractracker:528,campus identity evidence,9.6.2
campus:a6041f23909c30d6,campus:a6041f23909c30d6,campus:a6041f23909c30d6,observation_supports_campus,529,fractracker:529,campus identity evidence,9.6.2
building:d891d795c96e16b8,campus:57a889ac8d728e53,campus:57a889ac8d728e53,building_in_campus,im3-source:ded749ebbdccd1d9,im3:ded749ebbdccd1d9,source-native building observation,9.6.2
building:d891d795c96e16b8,campus:57a889ac8d728e53,campus:57a889ac8d728e53,building_in_campus,osm-way-54383197,gigawatt:osm-way-54383197,source-native building observation,9.6.2
campus:57a889ac8d728e53,campus:57a889ac8d728e53,campus:57a889ac8d728e53,observation_supports_campus,53,fractracker:53,campus identity evidence,9.6.2
campus:907ec90e2d4a10a6,campus:907ec90e2d4a10a6,campus:907ec90e2d4a10a6,observation_supports_campus,530,fractracker:530,campus identity evidence,9.6.2
campus:a3c9cbc950fb1fab,campus:a3c9cbc950fb1fab,campus:a3c9cbc950fb1fab,observation_supports_campus,531,fractracker:531,campus identity evidence,9.6.2
campus:7963bf44f90bd83e,campus:7963bf44f90bd83e,campus:7963bf44f90bd83e,observation_supports_campus,532,fractracker:532,campus identity evidence,9.6.2
building:78eabd4f662c7cc5,campus:a58ac91d7a6f090a,campus:a58ac91d7a6f090a,building_in_campus,im3-source:e75943b343e5e218,im3:e75943b343e5e218,source-native building observation,9.6.2
building:78eabd4f662c7cc5,campus:a58ac91d7a6f090a,campus:a58ac91d7a6f090a,building_in_campus,osm-way-1252196812,gigawatt:osm-way-1252196812,source-native building observation,9.6.2
building:f77d65de1a34687b,campus:a58ac91d7a6f090a,campus:a58ac91d7a6f090a,building_in_campus,im3-source:ea7eaca2e07c42f7,im3:ea7eaca2e07c42f7,source-native building observation,9.6.2
building:f77d65de1a34687b,campus:a58ac91d7a6f090a,campus:a58ac91d7a6f090a,building_in_campus,osm-way-1386016632,gigawatt:osm-way-1386016632,source-native building observation,9.6.2
campus:a58ac91d7a6f090a,campus:a58ac91d7a6f090a,campus:a58ac91d7a6f090a,observation_supports_campus,534,fractracker:534,campus identity evidence,9.6.2
campus:6bf170b0aa97d349,campus:6bf170b0aa97d349,campus:6bf170b0aa97d349,observation_supports_campus,536,fractracker:536,campus identity evidence,9.6.2
campus:42fa1658f6c5de29,campus:42fa1658f6c5de29,campus:42fa1658f6c5de29,observation_supports_campus,537,fractracker:537,campus identity evidence,9.6.2
campus:313d9be4f9adc997,campus:313d9be4f9adc997,campus:313d9be4f9adc997,observation_supports_campus,540,fractracker:540,campus identity evidence,9.6.2
campus:0ae4144094b8f85b,campus:0ae4144094b8f85b,campus:0ae4144094b8f85b,observation_supports_campus,543,fractracker:543,campus identity evidence,9.6.2
campus:6536fc9e240072c8,campus:6536fc9e240072c8,campus:6536fc9e240072c8,observation_supports_campus,547,fractracker:547,campus identity evidence,9.6.2
campus:e23c3a93edea9869,campus:e23c3a93edea9869,campus:e23c3a93edea9869,observation_supports_campus,548,fractracker:548,campus identity evidence,9.6.2
campus:e36683d8f8ac12b4,campus:e36683d8f8ac12b4,campus:e36683d8f8ac12b4,observation_supports_campus,55,fractracker:55,campus identity evidence,9.6.2
building:97c9c4d9c3f1a883,campus:827992939ab339a5,campus:827992939ab339a5,building_in_campus,im3-source:1a4643a9b0536516,im3:1a4643a9b0536516,source-native building observation,9.6.2
building:97c9c4d9c3f1a883,campus:827992939ab339a5,campus:827992939ab339a5,building_in_campus,osm-way-195664350,gigawatt:osm-way-195664350,source-native building observation,9.6.2
campus:827992939ab339a5,campus:827992939ab339a5,campus:827992939ab339a5,observation_supports_campus,552,fractracker:552,campus identity evidence,9.6.2
campus:6aa771b3aa8d4aa3,campus:6aa771b3aa8d4aa3,campus:6aa771b3aa8d4aa3,observation_supports_campus,553,fractracker:553,campus identity evidence,9.6.2
campus:06d3278ea4b47e59,campus:06d3278ea4b47e59,campus:06d3278ea4b47e59,observation_supports_campus,554,fractracker:554,campus identity evidence,9.6.2
campus:a54f0cc4f0b04d57,campus:a54f0cc4f0b04d57,campus:a54f0cc4f0b04d57,observation_supports_campus,558,fractracker:558,campus identity evidence,9.6.2
campus:27fe1cab6024c950,campus:27fe1cab6024c950,campus:27fe1cab6024c950,observation_supports_campus,559,fractracker:559,campus identity evidence,9.6.2
campus:f6beca624713a548,campus:f6beca624713a548,campus:f6beca624713a548,observation_supports_campus,56,fractracker:56,campus identity evidence,9.6.2
building:71913f0a5bfdecde,campus:3b4025bf86a34f74,campus:3b4025bf86a34f74,building_in_campus,im3-source:1e79713eb7953cb7,im3:1e79713eb7953cb7,source-native building observation,9.6.2
building:71913f0a5bfdecde,campus:3b4025bf86a34f74,campus:3b4025bf86a34f74,building_in_campus,osm-way-918873142,gigawatt:osm-way-918873142,source-native building observation,9.6.2
campus:3b4025bf86a34f74,campus:3b4025bf86a34f74,campus:3b4025bf86a34f74,observation_supports_campus,560,fractracker:560,campus identity evidence,9.6.2
building:0d0231d1efead879,campus:985d7b8da61d29a5,campus:985d7b8da61d29a5,building_in_campus,im3-source:395f1f97e3b14c7b,im3:395f1f97e3b14c7b,source-native building observation,9.6.2
building:0d0231d1efead879,campus:985d7b8da61d29a5,campus:985d7b8da61d29a5,building_in_campus,osm-way-860433344,gigawatt:osm-way-860433344,source-native building observation,9.6.2
campus:985d7b8da61d29a5,campus:985d7b8da61d29a5,campus:985d7b8da61d29a5,observation_supports_campus,561,fractracker:561,campus identity evidence,9.6.2
building:6e04e70bf51175dc,campus:0063561a371cef1f,campus:0063561a371cef1f,building_in_campus,im3-source:4ac0c6073332fc2a,im3:4ac0c6073332fc2a,source-native building observation,9.6.2
building:6e04e70bf51175dc,campus:0063561a371cef1f,campus:0063561a371cef1f,building_in_campus,osm-way-1080170580,gigawatt:osm-way-1080170580,source-native building observation,9.6.2
campus:0063561a371cef1f,campus:0063561a371cef1f,campus:0063561a371cef1f,observation_supports_campus,562,fractracker:562,campus identity evidence,9.6.2
campus:3ecd2786fae0322d,campus:3ecd2786fae0322d,campus:3ecd2786fae0322d,observation_supports_campus,563,fractracker:563,campus identity evidence,9.6.2
campus:e18616bd26b7742d,campus:e18616bd26b7742d,campus:e18616bd26b7742d,observation_supports_campus,564,fractracker:564,campus identity evidence,9.6.2
campus:6755bc5f8bef2b5c,campus:6755bc5f8bef2b5c,campus:6755bc5f8bef2b5c,observation_supports_campus,565,fractracker:565,campus identity evidence,9.6.2
campus:f6b1d829ddff31f7,campus:f6b1d829ddff31f7,campus:f6b1d829ddff31f7,observation_supports_campus,566,fractracker:566,campus identity evidence,9.6.2
campus:fae5b6e1aee89dce,campus:fae5b6e1aee89dce,campus:fae5b6e1aee89dce,observation_supports_campus,568,fractracker:568,campus identity evidence,9.6.2
campus:ab204f3cf1fa140a,campus:ab204f3cf1fa140a,campus:ab204f3cf1fa140a,observation_supports_campus,57,fractracker:57,campus identity evidence,9.6.2
campus:c44656f18c325700,campus:c44656f18c325700,campus:c44656f18c325700,observation_supports_campus,571,fractracker:571,campus identity evidence,9.6.2
campus:b150d5bca406cc75,campus:b150d5bca406cc75,campus:b150d5bca406cc75,observation_supports_campus,574,fractracker:574,campus identity evidence,9.6.2
campus:0d07c6a9b6d5d20b,campus:0d07c6a9b6d5d20b,campus:0d07c6a9b6d5d20b,observation_supports_campus,576,fractracker:576,campus identity evidence,9.6.2
campus:b57f6261668189dc,campus:b57f6261668189dc,campus:b57f6261668189dc,observation_supports_campus,577,fractracker:577,campus identity evidence,9.6.2
campus:d647d26e819cba2d,campus:d647d26e819cba2d,campus:d647d26e819cba2d,observation_supports_campus,580,fractracker:580,campus identity evidence,9.6.2
campus:27682b6105936340,campus:27682b6105936340,campus:27682b6105936340,observation_supports_campus,582,fractracker:582,campus identity evidence,9.6.2
building:6466c1645aabe39b,campus:6cb40661d1a6d15b,campus:6cb40661d1a6d15b,building_in_campus,im3-source:36d94d503a0be029,im3:36d94d503a0be029,source-native building observation,9.6.2
building:6466c1645aabe39b,campus:6cb40661d1a6d15b,campus:6cb40661d1a6d15b,building_in_campus,osm-way-1178609569,gigawatt:osm-way-1178609569,source-native building observation,9.6.2
campus:6cb40661d1a6d15b,campus:6cb40661d1a6d15b,campus:6cb40661d1a6d15b,observation_supports_campus,584,fractracker:584,campus identity evidence,9.6.2
campus:f84a01d913450096,campus:f84a01d913450096,campus:f84a01d913450096,observation_supports_campus,587,fractracker:587,campus identity evidence,9.6.2
campus:6fcd50f2653c266b,campus:6fcd50f2653c266b,campus:6fcd50f2653c266b,observation_supports_campus,59,fractracker:59,campus identity evidence,9.6.2
campus:52452684302e104a,campus:52452684302e104a,campus:52452684302e104a,observation_supports_campus,590,fractracker:590,campus identity evidence,9.6.2
campus:119e004579b0041f,campus:119e004579b0041f,campus:119e004579b0041f,observation_supports_campus,591,fractracker:591,campus identity evidence,9.6.2
campus:57b2dc1670a97cea,campus:57b2dc1670a97cea,campus:57b2dc1670a97cea,observation_supports_campus,593,fractracker:593,campus identity evidence,9.6.2
campus:1217a6821f7b7566,campus:1217a6821f7b7566,campus:1217a6821f7b7566,observation_supports_campus,598,fractracker:598,campus identity evidence,9.6.2
building:acceb254d2aa094a,campus:2ce74c7a43df01b6,campus:2ce74c7a43df01b6,building_in_campus,im3-source:3824e64a7781991f,im3:3824e64a7781991f,source-native building observation,9.6.2
building:acceb254d2aa094a,campus:2ce74c7a43df01b6,campus:2ce74c7a43df01b6,building_in_campus,osm-way-1160814413,gigawatt:osm-way-1160814413,source-native building observation,9.6.2
building:6b0bd03e79fc55a5,campus:2ce74c7a43df01b6,campus:2ce74c7a43df01b6,building_in_campus,im3-source:63cfb0e9c5e55db0,im3:63cfb0e9c5e55db0,source-native building observation,9.6.2
building:6b0bd03e79fc55a5,campus:2ce74c7a43df01b6,campus:2ce74c7a43df01b6,building_in_campus,osm-way-1160814416,gigawatt:osm-way-1160814416,source-native building observation,9.6.2
building:ea1843efec86f905,campus:2ce74c7a43df01b6,campus:2ce74c7a43df01b6,building_in_campus,im3-source:e47ad24fb5304736,im3:e47ad24fb5304736,source-native building observation,9.6.2
building:ea1843efec86f905,campus:2ce74c7a43df01b6,campus:2ce74c7a43df01b6,building_in_campus,osm-way-1160814415,gigawatt:osm-way-1160814415,source-native building observation,9.6.2
campus:2ce74c7a43df01b6,campus:2ce74c7a43df01b6,campus:2ce74c7a43df01b6,observation_supports_campus,6,fractracker:6,campus identity evidence,9.6.2
campus:8d0f184f4669526e,campus:8d0f184f4669526e,campus:8d0f184f4669526e,observation_supports_campus,60,fractracker:60,campus identity evidence,9.6.2
campus:8edffaa65ee1967e,campus:8edffaa65ee1967e,campus:8edffaa65ee1967e,observation_supports_campus,600,fractracker:600,campus identity evidence,9.6.2
campus:0e54033cfb33bc6e,campus:0e54033cfb33bc6e,campus:0e54033cfb33bc6e,observation_supports_campus,602,fractracker:602,campus identity evidence,9.6.2
campus:784af769827f8c46,campus:784af769827f8c46,campus:784af769827f8c46,observation_supports_campus,603,fractracker:603,campus identity evidence,9.6.2
campus:49c1ffb59ac621f5,campus:49c1ffb59ac621f5,campus:49c1ffb59ac621f5,observation_supports_campus,604,fractracker:604,campus identity evidence,9.6.2
campus:502b79e05797c5a8,campus:502b79e05797c5a8,campus:502b79e05797c5a8,observation_supports_campus,605,fractracker:605,campus identity evidence,9.6.2
campus:f9124420386fb594,campus:f9124420386fb594,campus:f9124420386fb594,observation_supports_campus,609,fractracker:609,campus identity evidence,9.6.2
campus:18b07135c10bdc0e,campus:18b07135c10bdc0e,campus:18b07135c10bdc0e,observation_supports_campus,61,fractracker:61,campus identity evidence,9.6.2
campus:2a3eba00dcdf60e5,campus:2a3eba00dcdf60e5,campus:2a3eba00dcdf60e5,observation_supports_campus,610,fractracker:610,campus identity evidence,9.6.2
building:405a98452153dce9,campus:da48c29e9054e7ff,campus:da48c29e9054e7ff,building_in_campus,im3-source:335cc078f32a2460,im3:335cc078f32a2460,source-native building observation,9.6.2
building:405a98452153dce9,campus:da48c29e9054e7ff,campus:da48c29e9054e7ff,building_in_campus,osm-way-1109881281,gigawatt:osm-way-1109881281,source-native building observation,9.6.2
campus:da48c29e9054e7ff,campus:da48c29e9054e7ff,campus:da48c29e9054e7ff,observation_supports_campus,612,fractracker:612,campus identity evidence,9.6.2
campus:5bc82a8ef44479d4,campus:5bc82a8ef44479d4,campus:5bc82a8ef44479d4,observation_supports_campus,613,fractracker:613,campus identity evidence,9.6.2
campus:80673597600fc31e,campus:80673597600fc31e,campus:80673597600fc31e,observation_supports_campus,615,fractracker:615,campus identity evidence,9.6.2
campus:a23827fe799cbee8,campus:a23827fe799cbee8,campus:a23827fe799cbee8,observation_supports_campus,616,fractracker:616,campus identity evidence,9.6.2
campus:81dceb6b3342a306,campus:81dceb6b3342a306,campus:81dceb6b3342a306,observation_supports_campus,617,fractracker:617,campus identity evidence,9.6.2
campus:5def3d6cfcd6bf41,campus:5def3d6cfcd6bf41,campus:5def3d6cfcd6bf41,observation_supports_campus,618,fractracker:618,campus identity evidence,9.6.2
campus:2b9300e8d4230096,campus:2b9300e8d4230096,campus:2b9300e8d4230096,observation_supports_campus,619,fractracker:619,campus identity evidence,9.6.2
campus:2b9300e8d4230096,campus:2b9300e8d4230096,campus:2b9300e8d4230096,observation_supports_campus,620,fractracker:620,campus identity evidence,9.6.2
campus:1502949df2df2ef3,campus:1502949df2df2ef3,campus:1502949df2df2ef3,observation_supports_campus,62,fractracker:62,campus identity evidence,9.6.2
campus:bc2f4b52089351ad,campus:bc2f4b52089351ad,campus:bc2f4b52089351ad,observation_supports_campus,621,fractracker:621,campus identity evidence,9.6.2
campus:66bcd8b71c2402bc,campus:66bcd8b71c2402bc,campus:66bcd8b71c2402bc,observation_supports_campus,622,fractracker:622,campus identity evidence,9.6.2
campus:99735f42c202a028,campus:99735f42c202a028,campus:99735f42c202a028,observation_supports_campus,623,fractracker:623,campus identity evidence,9.6.2
campus:919e4d48e9eaa0bb,campus:919e4d48e9eaa0bb,campus:919e4d48e9eaa0bb,observation_supports_campus,624,fractracker:624,campus identity evidence,9.6.2
campus:0127b4b53760eb34,campus:0127b4b53760eb34,campus:0127b4b53760eb34,observation_supports_campus,625,fractracker:625,campus identity evidence,9.6.2
campus:e866d872d0f68e53,campus:e866d872d0f68e53,campus:e866d872d0f68e53,observation_supports_campus,626,fractracker:626,campus identity evidence,9.6.2
campus:7890f8729d63e5c3,campus:7890f8729d63e5c3,campus:7890f8729d63e5c3,observation_supports_campus,627,fractracker:627,campus identity evidence,9.6.2
building:32ce7f9590ac6453,campus:071fc0a24ecbecf8,campus:071fc0a24ecbecf8,building_in_campus,im3-source:3c13f0958c77a681,im3:3c13f0958c77a681,source-native building observation,9.6.2
campus:071fc0a24ecbecf8,campus:071fc0a24ecbecf8,campus:071fc0a24ecbecf8,observation_supports_campus,628,fractracker:628,campus identity evidence,9.6.2
campus:43aeccbb0f9fd593,campus:43aeccbb0f9fd593,campus:43aeccbb0f9fd593,observation_supports_campus,629,fractracker:629,campus identity evidence,9.6.2
campus:dad67d3ca522b9e5,campus:dad67d3ca522b9e5,campus:dad67d3ca522b9e5,observation_supports_campus,63,fractracker:63,campus identity evidence,9.6.2
campus:d05131f42eef6b81,campus:d05131f42eef6b81,campus:d05131f42eef6b81,observation_supports_campus,630,fractracker:630,campus identity evidence,9.6.2
campus:a939bfa338860637,campus:a939bfa338860637,campus:a939bfa338860637,observation_supports_campus,631,fractracker:631,campus identity evidence,9.6.2
campus:e84ed71a773d06c1,campus:e84ed71a773d06c1,campus:e84ed71a773d06c1,observation_supports_campus,632,fractracker:632,campus identity evidence,9.6.2
campus:74b95f3d22e53266,campus:74b95f3d22e53266,campus:74b95f3d22e53266,observation_supports_campus,635,fractracker:635,campus identity evidence,9.6.2
campus:82e20b5fb3202895,campus:82e20b5fb3202895,campus:82e20b5fb3202895,observation_supports_campus,636,fractracker:636,campus identity evidence,9.6.2
campus:82e20b5fb3202895,campus:82e20b5fb3202895,campus:82e20b5fb3202895,observation_supports_campus,637,fractracker:637,campus identity evidence,9.6.2
campus:07f53f12a0109a31,campus:07f53f12a0109a31,campus:07f53f12a0109a31,observation_supports_campus,638,fractracker:638,campus identity evidence,9.6.2
campus:809af098783e698e,campus:809af098783e698e,campus:809af098783e698e,observation_supports_campus,640,fractracker:640,campus identity evidence,9.6.2
campus:fd8922f3a973716d,campus:fd8922f3a973716d,campus:fd8922f3a973716d,observation_supports_campus,644,fractracker:644,campus identity evidence,9.6.2
campus:58d127bcd961f779,campus:58d127bcd961f779,campus:58d127bcd961f779,observation_supports_campus,646,fractracker:646,campus identity evidence,9.6.2
campus:465d4045c6e92a4f,campus:465d4045c6e92a4f,campus:465d4045c6e92a4f,observation_supports_campus,647,fractracker:647,campus identity evidence,9.6.2
campus:454cb05a62b868ee,campus:454cb05a62b868ee,campus:454cb05a62b868ee,observation_supports_campus,648,fractracker:648,campus identity evidence,9.6.2
campus:f93c83982ca286a9,campus:f93c83982ca286a9,campus:f93c83982ca286a9,observation_supports_campus,649,fractracker:649,campus identity evidence,9.6.2
campus:95f0a6d8eb289eca,campus:95f0a6d8eb289eca,campus:95f0a6d8eb289eca,observation_supports_campus,65,fractracker:65,campus identity evidence,9.6.2
campus:6f9050ff210b84b4,campus:6f9050ff210b84b4,campus:6f9050ff210b84b4,observation_supports_campus,651,fractracker:651,campus identity evidence,9.6.2
campus:29e3a49b2962bed7,campus:29e3a49b2962bed7,campus:29e3a49b2962bed7,observation_supports_campus,652,fractracker:652,campus identity evidence,9.6.2
campus:bf3dacf617641ece,campus:bf3dacf617641ece,campus:bf3dacf617641ece,observation_supports_campus,654,fractracker:654,campus identity evidence,9.6.2
campus:2537576161da6f5d,campus:2537576161da6f5d,campus:2537576161da6f5d,observation_supports_campus,656,fractracker:656,campus identity evidence,9.6.2
campus:40bfc81d66c06674,campus:40bfc81d66c06674,campus:40bfc81d66c06674,observation_supports_campus,657,fractracker:657,campus identity evidence,9.6.2
campus:41800b345aad52f7,campus:41800b345aad52f7,campus:41800b345aad52f7,observation_supports_campus,659,fractracker:659,campus identity evidence,9.6.2
campus:4c374f3cbdb4cef9,campus:4c374f3cbdb4cef9,campus:4c374f3cbdb4cef9,observation_supports_campus,66,fractracker:66,campus identity evidence,9.6.2
campus:fbc9db58cc0cf7df,campus:fbc9db58cc0cf7df,campus:fbc9db58cc0cf7df,observation_supports_campus,660,fractracker:660,campus identity evidence,9.6.2
campus:6a44402cbe7c43fc,campus:6a44402cbe7c43fc,campus:6a44402cbe7c43fc,observation_supports_campus,661,fractracker:661,campus identity evidence,9.6.2
campus:36925573d3136707,campus:36925573d3136707,campus:36925573d3136707,observation_supports_campus,666,fractracker:666,campus identity evidence,9.6.2
campus:bcc056355334b84a,campus:bcc056355334b84a,campus:bcc056355334b84a,observation_supports_campus,667,fractracker:667,campus identity evidence,9.6.2
campus:33f7bbe2279035fa,campus:33f7bbe2279035fa,campus:33f7bbe2279035fa,observation_supports_campus,668,fractracker:668,campus identity evidence,9.6.2
building:a536a059910aa002,campus:def0c4f0dc07ff24,campus:def0c4f0dc07ff24,building_in_campus,im3-source:372be5584b5dc863,im3:372be5584b5dc863,source-native building observation,9.6.2
building:a536a059910aa002,campus:def0c4f0dc07ff24,campus:def0c4f0dc07ff24,building_in_campus,osm-way-844389014,gigawatt:osm-way-844389014,source-native building observation,9.6.2
building:c6db0986a040f6ed,campus:def0c4f0dc07ff24,campus:def0c4f0dc07ff24,building_in_campus,im3-source:3df21be7a0d836bf,im3:3df21be7a0d836bf,source-native building observation,9.6.2
building:c6db0986a040f6ed,campus:def0c4f0dc07ff24,campus:def0c4f0dc07ff24,building_in_campus,osm-way-1103333136,gigawatt:osm-way-1103333136,source-native building observation,9.6.2
building:7dc6df05d7751714,campus:def0c4f0dc07ff24,campus:def0c4f0dc07ff24,building_in_campus,im3-source:82052fff92c4d4af,im3:82052fff92c4d4af,source-native building observation,9.6.2
building:7dc6df05d7751714,campus:def0c4f0dc07ff24,campus:def0c4f0dc07ff24,building_in_campus,osm-way-1103333137,gigawatt:osm-way-1103333137,source-native building observation,9.6.2
building:0319370e7ec76171,campus:def0c4f0dc07ff24,campus:def0c4f0dc07ff24,building_in_campus,im3-source:89e1eb44ee511e46,im3:89e1eb44ee511e46,source-native building observation,9.6.2
building:0319370e7ec76171,campus:def0c4f0dc07ff24,campus:def0c4f0dc07ff24,building_in_campus,osm-way-1470261550,gigawatt:osm-way-1470261550,source-native building observation,9.6.2
building:3ed2a3ada5ebeaab,campus:def0c4f0dc07ff24,campus:def0c4f0dc07ff24,building_in_campus,osm-way-708931343,gigawatt:osm-way-708931343,source-native building observation,9.6.2
campus:def0c4f0dc07ff24,campus:def0c4f0dc07ff24,campus:def0c4f0dc07ff24,observation_supports_campus,669,fractracker:669,campus identity evidence,9.6.2
building:12f50d3c2978bdd8,campus:6facdf306845154d,campus:6facdf306845154d,building_in_campus,im3-source:0d3f76629d4ef2aa,im3:0d3f76629d4ef2aa,source-native building observation,9.6.2
building:12f50d3c2978bdd8,campus:6facdf306845154d,campus:6facdf306845154d,building_in_campus,osm-way-1312795640,gigawatt:osm-way-1312795640,source-native building observation,9.6.2
building:d1038c93afba7c46,campus:6facdf306845154d,campus:6facdf306845154d,building_in_campus,im3-source:1b8a30246e9fb9ec,im3:1b8a30246e9fb9ec,source-native building observation,9.6.2
building:d1038c93afba7c46,campus:6facdf306845154d,campus:6facdf306845154d,building_in_campus,osm-way-1294595615,gigawatt:osm-way-1294595615,source-native building observation,9.6.2
building:9cb4ccf78ce61076,campus:6facdf306845154d,campus:6facdf306845154d,building_in_campus,im3-source:37173088a22ea806,im3:37173088a22ea806,source-native building observation,9.6.2
building:9cb4ccf78ce61076,campus:6facdf306845154d,campus:6facdf306845154d,building_in_campus,osm-way-1312795639,gigawatt:osm-way-1312795639,source-native building observation,9.6.2
building:620277a1f0405481,campus:6facdf306845154d,campus:6facdf306845154d,building_in_campus,osm-way-1213758201,gigawatt:osm-way-1213758201,source-native building observation,9.6.2
campus:6facdf306845154d,campus:6facdf306845154d,campus:6facdf306845154d,observation_supports_campus,670,fractracker:670,campus identity evidence,9.6.2
campus:ab3eea3884b4229f,campus:ab3eea3884b4229f,campus:ab3eea3884b4229f,observation_supports_campus,671,fractracker:671,campus identity evidence,9.6.2
campus:0fb0e99224287560,campus:0fb0e99224287560,campus:0fb0e99224287560,observation_supports_campus,672,fractracker:672,campus identity evidence,9.6.2
campus:a3b2cb7a9cbb1c9c,campus:a3b2cb7a9cbb1c9c,campus:a3b2cb7a9cbb1c9c,observation_supports_campus,679,fractracker:679,campus identity evidence,9.6.2
campus:9ceea7dabc1f5a52,campus:9ceea7dabc1f5a52,campus:9ceea7dabc1f5a52,observation_supports_campus,68,fractracker:68,campus identity evidence,9.6.2
campus:c271618a95255fcf,campus:c271618a95255fcf,campus:c271618a95255fcf,observation_supports_campus,680,fractracker:680,campus identity evidence,9.6.2
campus:fb5fd1f73d2aefdf,campus:fb5fd1f73d2aefdf,campus:fb5fd1f73d2aefdf,observation_supports_campus,681,fractracker:681,campus identity evidence,9.6.2
campus:447090c43dd07a97,campus:447090c43dd07a97,campus:447090c43dd07a97,observation_supports_campus,683,fractracker:683,campus identity evidence,9.6.2
campus:f8c016371c45f21b,campus:f8c016371c45f21b,campus:f8c016371c45f21b,observation_supports_campus,684,fractracker:684,campus identity evidence,9.6.2
campus:ad4f40bb2743d5b8,campus:ad4f40bb2743d5b8,campus:ad4f40bb2743d5b8,observation_supports_campus,685,fractracker:685,campus identity evidence,9.6.2
campus:6d413fda89430431,campus:6d413fda89430431,campus:6d413fda89430431,observation_supports_campus,687,fractracker:687,campus identity evidence,9.6.2
campus:1cc2058213e11027,campus:1cc2058213e11027,campus:1cc2058213e11027,observation_supports_campus,688,fractracker:688,campus identity evidence,9.6.2
campus:a84b4d34244aa0ab,campus:a84b4d34244aa0ab,campus:a84b4d34244aa0ab,observation_supports_campus,689,fractracker:689,campus identity evidence,9.6.2
campus:5277666a4bf4bd09,campus:5277666a4bf4bd09,campus:5277666a4bf4bd09,observation_supports_campus,691,fractracker:691,campus identity evidence,9.6.2
campus:ac516c2eb7934728,campus:ac516c2eb7934728,campus:ac516c2eb7934728,observation_supports_campus,692,fractracker:692,campus identity evidence,9.6.2
campus:a36085b8903c73ad,campus:a36085b8903c73ad,campus:a36085b8903c73ad,observation_supports_campus,695,fractracker:695,campus identity evidence,9.6.2
campus:ea1628ed8163979a,campus:ea1628ed8163979a,campus:ea1628ed8163979a,observation_supports_campus,697,fractracker:697,campus identity evidence,9.6.2
campus:37766af60631d092,campus:37766af60631d092,campus:37766af60631d092,observation_supports_campus,699,fractracker:699,campus identity evidence,9.6.2
campus:8a4a51eb8383c5c3,campus:8a4a51eb8383c5c3,campus:8a4a51eb8383c5c3,observation_supports_campus,7,fractracker:7,campus identity evidence,9.6.2
campus:f65c38431627810e,campus:f65c38431627810e,campus:f65c38431627810e,observation_supports_campus,70,fractracker:70,campus identity evidence,9.6.2
campus:0fef0e6086ed886f,campus:0fef0e6086ed886f,campus:0fef0e6086ed886f,observation_supports_campus,700,fractracker:700,campus identity evidence,9.6.2
campus:8be79d4dc75b5b57,campus:8be79d4dc75b5b57,campus:8be79d4dc75b5b57,observation_supports_campus,701,fractracker:701,campus identity evidence,9.6.2
campus:adab67c8258ac427,campus:adab67c8258ac427,campus:adab67c8258ac427,observation_supports_campus,702,fractracker:702,campus identity evidence,9.6.2
campus:ce01c71537cd5c0d,campus:ce01c71537cd5c0d,campus:ce01c71537cd5c0d,observation_supports_campus,703,fractracker:703,campus identity evidence,9.6.2
building:162dc942a1dc7c3c,campus:88fd9b370b0b56f3,campus:88fd9b370b0b56f3,building_in_campus,im3-source:ba6276789fb7ba67,im3:ba6276789fb7ba67,source-native building observation,9.6.2
building:162dc942a1dc7c3c,campus:88fd9b370b0b56f3,campus:88fd9b370b0b56f3,building_in_campus,osm-way-548184239,gigawatt:osm-way-548184239,source-native building observation,9.6.2
campus:88fd9b370b0b56f3,campus:88fd9b370b0b56f3,campus:88fd9b370b0b56f3,observation_supports_campus,704,fractracker:704,campus identity evidence,9.6.2
campus:5e6b73f084f61410,campus:5e6b73f084f61410,campus:5e6b73f084f61410,observation_supports_campus,705,fractracker:705,campus identity evidence,9.6.2
campus:f7956fb1126d9354,campus:f7956fb1126d9354,campus:f7956fb1126d9354,observation_supports_campus,706,fractracker:706,campus identity evidence,9.6.2
campus:96874b7603f8a04b,campus:96874b7603f8a04b,campus:96874b7603f8a04b,observation_supports_campus,707,fractracker:707,campus identity evidence,9.6.2
building:8ab1da4fec0377d9,campus:0f3e4078cffffb0b,campus:0f3e4078cffffb0b,building_in_campus,im3-source:bce4cc23855d1419,im3:bce4cc23855d1419,source-native building observation,9.6.2
building:8ab1da4fec0377d9,campus:0f3e4078cffffb0b,campus:0f3e4078cffffb0b,building_in_campus,osm-way-465042594,gigawatt:osm-way-465042594,source-native building observation,9.6.2
campus:0f3e4078cffffb0b,campus:0f3e4078cffffb0b,campus:0f3e4078cffffb0b,observation_supports_campus,708,fractracker:708,campus identity evidence,9.6.2
campus:7ebec01d04970bcc,campus:7ebec01d04970bcc,campus:7ebec01d04970bcc,observation_supports_campus,710,fractracker:710,campus identity evidence,9.6.2
campus:1cdeb269a3e4325a,campus:1cdeb269a3e4325a,campus:1cdeb269a3e4325a,observation_supports_campus,711,fractracker:711,campus identity evidence,9.6.2
campus:3c32a1c4588ee600,campus:3c32a1c4588ee600,campus:3c32a1c4588ee600,observation_supports_campus,712,fractracker:712,campus identity evidence,9.6.2
campus:343af72fce73ea06,campus:343af72fce73ea06,campus:343af72fce73ea06,observation_supports_campus,714,fractracker:714,campus identity evidence,9.6.2
campus:ff92daa78a2b51e5,campus:ff92daa78a2b51e5,campus:ff92daa78a2b51e5,observation_supports_campus,716,fractracker:716,campus identity evidence,9.6.2
building:7e0f4a9b8e813084,campus:88e2a145069bd97a,campus:88e2a145069bd97a,building_in_campus,im3-source:73a0117e1c4fb2f6,im3:73a0117e1c4fb2f6,source-native building observation,9.6.2
building:7e0f4a9b8e813084,campus:88e2a145069bd97a,campus:88e2a145069bd97a,building_in_campus,osm-way-815057182,gigawatt:osm-way-815057182,source-native building observation,9.6.2
building:c47330ea642e1fb2,campus:88e2a145069bd97a,campus:88e2a145069bd97a,building_in_campus,im3-source:ddce24049adfc018,im3:ddce24049adfc018,source-native building observation,9.6.2
building:c47330ea642e1fb2,campus:88e2a145069bd97a,campus:88e2a145069bd97a,building_in_campus,osm-way-673145182,gigawatt:osm-way-673145182,source-native building observation,9.6.2
building:c149bedc3f5562fc,campus:88e2a145069bd97a,campus:88e2a145069bd97a,building_in_campus,im3-source:eb2e572f5bf19cfe,im3:eb2e572f5bf19cfe,source-native building observation,9.6.2
building:c149bedc3f5562fc,campus:88e2a145069bd97a,campus:88e2a145069bd97a,building_in_campus,osm-way-500820007,gigawatt:osm-way-500820007,source-native building observation,9.6.2
campus:88e2a145069bd97a,campus:88e2a145069bd97a,campus:88e2a145069bd97a,observation_supports_campus,717,fractracker:717,campus identity evidence,9.6.2
campus:81cdd261511f6a96,campus:81cdd261511f6a96,campus:81cdd261511f6a96,observation_supports_campus,718,fractracker:718,campus identity evidence,9.6.2
campus:ee1e2470dcf2b425,campus:ee1e2470dcf2b425,campus:ee1e2470dcf2b425,observation_supports_campus,719,fractracker:719,campus identity evidence,9.6.2
campus:ec44cd3a18006cad,campus:ec44cd3a18006cad,campus:ec44cd3a18006cad,observation_supports_campus,72,fractracker:72,campus identity evidence,9.6.2
campus:25ab78b96effbf6c,campus:25ab78b96effbf6c,campus:25ab78b96effbf6c,observation_supports_campus,720,fractracker:720,campus identity evidence,9.6.2
campus:dc03a1d200c73357,campus:dc03a1d200c73357,campus:dc03a1d200c73357,observation_supports_campus,721,fractracker:721,campus identity evidence,9.6.2
campus:3dbac24b7a97a5bf,campus:3dbac24b7a97a5bf,campus:3dbac24b7a97a5bf,observation_supports_campus,722,fractracker:722,campus identity evidence,9.6.2
campus:5dd06dee90cdc528,campus:5dd06dee90cdc528,campus:5dd06dee90cdc528,observation_supports_campus,723,fractracker:723,campus identity evidence,9.6.2
campus:dd7633c64a6f9b40,campus:dd7633c64a6f9b40,campus:dd7633c64a6f9b40,observation_supports_campus,724,fractracker:724,campus identity evidence,9.6.2
campus:6a9e1724025681a5,campus:6a9e1724025681a5,campus:6a9e1724025681a5,observation_supports_campus,725,fractracker:725,campus identity evidence,9.6.2
campus:0b8fd2d5c3d150dc,campus:0b8fd2d5c3d150dc,campus:0b8fd2d5c3d150dc,observation_supports_campus,727,fractracker:727,campus identity evidence,9.6.2
campus:47809a97af73232e,campus:47809a97af73232e,campus:47809a97af73232e,observation_supports_campus,73,fractracker:73,campus identity evidence,9.6.2
campus:5c50b16d29407e24,campus:5c50b16d29407e24,campus:5c50b16d29407e24,observation_supports_campus,731,fractracker:731,campus identity evidence,9.6.2
campus:026f66d4b72a5741,campus:026f66d4b72a5741,campus:026f66d4b72a5741,observation_supports_campus,733,fractracker:733,campus identity evidence,9.6.2
campus:c8be6e727ab8b396,campus:c8be6e727ab8b396,campus:c8be6e727ab8b396,observation_supports_campus,734,fractracker:734,campus identity evidence,9.6.2
campus:b923acfc101a1f53,campus:b923acfc101a1f53,campus:b923acfc101a1f53,observation_supports_campus,735,fractracker:735,campus identity evidence,9.6.2
campus:e3a714f1f981a995,campus:e3a714f1f981a995,campus:e3a714f1f981a995,observation_supports_campus,737,fractracker:737,campus identity evidence,9.6.2
campus:2759e377b22105af,campus:2759e377b22105af,campus:2759e377b22105af,observation_supports_campus,738,fractracker:738,campus identity evidence,9.6.2
campus:ad0736db48de88aa,campus:ad0736db48de88aa,campus:ad0736db48de88aa,observation_supports_campus,739,fractracker:739,campus identity evidence,9.6.2
campus:e5d3a98508917126,campus:e5d3a98508917126,campus:e5d3a98508917126,observation_supports_campus,74,fractracker:74,campus identity evidence,9.6.2
campus:a5fe2f31abd67db5,campus:a5fe2f31abd67db5,campus:a5fe2f31abd67db5,observation_supports_campus,740,fractracker:740,campus identity evidence,9.6.2
building:db05b059c2ae57f3,campus:298e57311989fcb2,campus:298e57311989fcb2,building_in_campus,im3-source:60d7f210d6dc344a,im3:60d7f210d6dc344a,source-native building observation,9.6.2
building:db05b059c2ae57f3,campus:298e57311989fcb2,campus:298e57311989fcb2,building_in_campus,osm-way-549418041,gigawatt:osm-way-549418041,source-native building observation,9.6.2
campus:298e57311989fcb2,campus:298e57311989fcb2,campus:298e57311989fcb2,observation_supports_campus,741,fractracker:741,campus identity evidence,9.6.2
campus:3f11c9e1b8ee2e3f,campus:3f11c9e1b8ee2e3f,campus:3f11c9e1b8ee2e3f,observation_supports_campus,742,fractracker:742,campus identity evidence,9.6.2
building:82bc9487d70eeb6c,campus:6b905a9a0281818d,campus:6b905a9a0281818d,building_in_campus,im3-source:427a700e56e4ff47,im3:427a700e56e4ff47,source-native building observation,9.6.2
building:82bc9487d70eeb6c,campus:6b905a9a0281818d,campus:6b905a9a0281818d,building_in_campus,osm-way-1458626323,gigawatt:osm-way-1458626323,source-native building observation,9.6.2
campus:6b905a9a0281818d,campus:6b905a9a0281818d,campus:6b905a9a0281818d,observation_supports_campus,743,fractracker:743,campus identity evidence,9.6.2
campus:dd7f6178ea74c8f8,campus:dd7f6178ea74c8f8,campus:dd7f6178ea74c8f8,observation_supports_campus,744,fractracker:744,campus identity evidence,9.6.2
campus:9cba5410ceac59b3,campus:9cba5410ceac59b3,campus:9cba5410ceac59b3,observation_supports_campus,745,fractracker:745,campus identity evidence,9.6.2
campus:e75053e4f87f55ba,campus:e75053e4f87f55ba,campus:e75053e4f87f55ba,observation_supports_campus,746,fractracker:746,campus identity evidence,9.6.2
campus:5e163f70f75f07eb,campus:5e163f70f75f07eb,campus:5e163f70f75f07eb,observation_supports_campus,747,fractracker:747,campus identity evidence,9.6.2
campus:fd0c16876ac1347e,campus:fd0c16876ac1347e,campus:fd0c16876ac1347e,observation_supports_campus,748,fractracker:748,campus identity evidence,9.6.2
campus:a200e098538fd80e,campus:a200e098538fd80e,campus:a200e098538fd80e,observation_supports_campus,749,fractracker:749,campus identity evidence,9.6.2
campus:4e2bda5ead774124,campus:4e2bda5ead774124,campus:4e2bda5ead774124,observation_supports_campus,75,fractracker:75,campus identity evidence,9.6.2
campus:e7a769134a1d9c74,campus:e7a769134a1d9c74,campus:e7a769134a1d9c74,observation_supports_campus,750,fractracker:750,campus identity evidence,9.6.2
campus:1eb444af66fec9a0,campus:1eb444af66fec9a0,campus:1eb444af66fec9a0,observation_supports_campus,751,fractracker:751,campus identity evidence,9.6.2
campus:1eb444af66fec9a0,campus:1eb444af66fec9a0,campus:1eb444af66fec9a0,observation_supports_campus,752,fractracker:752,campus identity evidence,9.6.2
campus:c197887f1ebf7767,campus:c197887f1ebf7767,campus:c197887f1ebf7767,observation_supports_campus,753,fractracker:753,campus identity evidence,9.6.2
campus:effb136ac77c56e1,campus:effb136ac77c56e1,campus:effb136ac77c56e1,observation_supports_campus,754,fractracker:754,campus identity evidence,9.6.2
campus:5f6ff608066d32af,campus:5f6ff608066d32af,campus:5f6ff608066d32af,observation_supports_campus,758,fractracker:758,campus identity evidence,9.6.2
campus:f435d200d5899823,campus:f435d200d5899823,campus:f435d200d5899823,observation_supports_campus,759,fractracker:759,campus identity evidence,9.6.2
campus:10684dc04df7cdc0,campus:10684dc04df7cdc0,campus:10684dc04df7cdc0,observation_supports_campus,760,fractracker:760,campus identity evidence,9.6.2
campus:ada3ed503538e5d3,campus:ada3ed503538e5d3,campus:ada3ed503538e5d3,observation_supports_campus,761,fractracker:761,campus identity evidence,9.6.2
campus:2d460a34eb79bd2b,campus:2d460a34eb79bd2b,campus:2d460a34eb79bd2b,observation_supports_campus,762,fractracker:762,campus identity evidence,9.6.2
campus:0f083529935f892c,campus:0f083529935f892c,campus:0f083529935f892c,observation_supports_campus,763,fractracker:763,campus identity evidence,9.6.2
campus:31e9c3179101134e,campus:31e9c3179101134e,campus:31e9c3179101134e,observation_supports_campus,764,fractracker:764,campus identity evidence,9.6.2
campus:7018678d2ed33211,campus:7018678d2ed33211,campus:7018678d2ed33211,observation_supports_campus,765,fractracker:765,campus identity evidence,9.6.2
building:9b6e56c9e61dc9b6,campus:4cd69a61d49561d2,campus:4cd69a61d49561d2,building_in_campus,im3-source:02efa2d841617cd2,im3:02efa2d841617cd2,source-native building observation,9.6.2
building:9b6e56c9e61dc9b6,campus:4cd69a61d49561d2,campus:4cd69a61d49561d2,building_in_campus,osm-way-850965775,gigawatt:osm-way-850965775,source-native building observation,9.6.2
building:5c91ff55450f057b,campus:4cd69a61d49561d2,campus:4cd69a61d49561d2,building_in_campus,im3-source:03757be1c5408d67,im3:03757be1c5408d67,source-native building observation,9.6.2
building:5c91ff55450f057b,campus:4cd69a61d49561d2,campus:4cd69a61d49561d2,building_in_campus,osm-way-1426525215,gigawatt:osm-way-1426525215,source-native building observation,9.6.2
building:16e01d0427333ebc,campus:4cd69a61d49561d2,campus:4cd69a61d49561d2,building_in_campus,im3-source:2956912b5a8f898c,im3:2956912b5a8f898c,source-native building observation,9.6.2
building:16e01d0427333ebc,campus:4cd69a61d49561d2,campus:4cd69a61d49561d2,building_in_campus,osm-way-1426525216,gigawatt:osm-way-1426525216,source-native building observation,9.6.2
building:5f75d1a0e8c93f7a,campus:4cd69a61d49561d2,campus:4cd69a61d49561d2,building_in_campus,im3-source:4c3883cabf7e1dd6,im3:4c3883cabf7e1dd6,source-native building observation,9.6.2
building:5f75d1a0e8c93f7a,campus:4cd69a61d49561d2,campus:4cd69a61d49561d2,building_in_campus,osm-way-1426525212,gigawatt:osm-way-1426525212,source-native building observation,9.6.2
building:7bbee6e66597b891,campus:4cd69a61d49561d2,campus:4cd69a61d49561d2,building_in_campus,im3-source:56d6a2136b14bc16,im3:56d6a2136b14bc16,source-native building observation,9.6.2
building:7bbee6e66597b891,campus:4cd69a61d49561d2,campus:4cd69a61d49561d2,building_in_campus,osm-way-1426525217,gigawatt:osm-way-1426525217,source-native building observation,9.6.2
building:1e220609d136f09c,campus:4cd69a61d49561d2,campus:4cd69a61d49561d2,building_in_campus,im3-source:659e708ebd5b16d1,im3:659e708ebd5b16d1,source-native building observation,9.6.2
building:1e220609d136f09c,campus:4cd69a61d49561d2,campus:4cd69a61d49561d2,building_in_campus,osm-way-1426525214,gigawatt:osm-way-1426525214,source-native building observation,9.6.2
building:c4c454068a3fd75c,campus:4cd69a61d49561d2,campus:4cd69a61d49561d2,building_in_campus,im3-source:893b7dfa951dcefd,im3:893b7dfa951dcefd,source-native building observation,9.6.2
building:c4c454068a3fd75c,campus:4cd69a61d49561d2,campus:4cd69a61d49561d2,building_in_campus,osm-way-1426525218,gigawatt:osm-way-1426525218,source-native building observation,9.6.2
building:a9914413e928dfc3,campus:4cd69a61d49561d2,campus:4cd69a61d49561d2,building_in_campus,im3-source:9d8a34cbfb84243e,im3:9d8a34cbfb84243e,source-native building observation,9.6.2
building:a9914413e928dfc3,campus:4cd69a61d49561d2,campus:4cd69a61d49561d2,building_in_campus,osm-way-1426525213,gigawatt:osm-way-1426525213,source-native building observation,9.6.2
building:127f2dbfa721b521,campus:4cd69a61d49561d2,campus:4cd69a61d49561d2,building_in_campus,im3-source:eb1d62a918ef7c59,im3:eb1d62a918ef7c59,source-native building observation,9.6.2
building:127f2dbfa721b521,campus:4cd69a61d49561d2,campus:4cd69a61d49561d2,building_in_campus,osm-way-1426525219,gigawatt:osm-way-1426525219,source-native building observation,9.6.2
campus:4cd69a61d49561d2,campus:4cd69a61d49561d2,campus:4cd69a61d49561d2,observation_supports_campus,766,fractracker:766,campus identity evidence,9.6.2
campus:ff40c189f5295da5,campus:ff40c189f5295da5,campus:ff40c189f5295da5,observation_supports_campus,767,fractracker:767,campus identity evidence,9.6.2
building:f58dd91be9ca31b2,campus:320b50ec1fce83be,campus:320b50ec1fce83be,building_in_campus,im3-source:a39f978d86c2ba0c,im3:a39f978d86c2ba0c,source-native building observation,9.6.2
building:f58dd91be9ca31b2,campus:320b50ec1fce83be,campus:320b50ec1fce83be,building_in_campus,osm-way-1426525184,gigawatt:osm-way-1426525184,source-native building observation,9.6.2
campus:320b50ec1fce83be,campus:320b50ec1fce83be,campus:320b50ec1fce83be,observation_supports_campus,768,fractracker:768,campus identity evidence,9.6.2
campus:5f0af36c71d79a99,campus:5f0af36c71d79a99,campus:5f0af36c71d79a99,observation_supports_campus,769,fractracker:769,campus identity evidence,9.6.2
campus:d79df5acbdfceeee,campus:d79df5acbdfceeee,campus:d79df5acbdfceeee,observation_supports_campus,770,fractracker:770,campus identity evidence,9.6.2
campus:bee74138b61478c1,campus:bee74138b61478c1,campus:bee74138b61478c1,observation_supports_campus,771,fractracker:771,campus identity evidence,9.6.2
campus:f5890133ac225604,campus:f5890133ac225604,campus:f5890133ac225604,observation_supports_campus,772,fractracker:772,campus identity evidence,9.6.2
campus:47b6045b1b74a3da,campus:47b6045b1b74a3da,campus:47b6045b1b74a3da,observation_supports_campus,773,fractracker:773,campus identity evidence,9.6.2
campus:ab1c240d39c574fb,campus:ab1c240d39c574fb,campus:ab1c240d39c574fb,observation_supports_campus,774,fractracker:774,campus identity evidence,9.6.2
campus:cdd2fd1f87caa3f5,campus:cdd2fd1f87caa3f5,campus:cdd2fd1f87caa3f5,observation_supports_campus,775,fractracker:775,campus identity evidence,9.6.2
campus:1cd06f71f19c22ad,campus:1cd06f71f19c22ad,campus:1cd06f71f19c22ad,observation_supports_campus,776,fractracker:776,campus identity evidence,9.6.2
campus:3a3a1873bfca9e0c,campus:3a3a1873bfca9e0c,campus:3a3a1873bfca9e0c,observation_supports_campus,777,fractracker:777,campus identity evidence,9.6.2
campus:f86e98ae29f00af9,campus:f86e98ae29f00af9,campus:f86e98ae29f00af9,observation_supports_campus,778,fractracker:778,campus identity evidence,9.6.2
campus:6701ed7effaa3b97,campus:6701ed7effaa3b97,campus:6701ed7effaa3b97,observation_supports_campus,78,fractracker:78,campus identity evidence,9.6.2
campus:71fec7fa8170c599,campus:71fec7fa8170c599,campus:71fec7fa8170c599,observation_supports_campus,780,fractracker:780,campus identity evidence,9.6.2
campus:c8eb9f427af8ee1d,campus:c8eb9f427af8ee1d,campus:c8eb9f427af8ee1d,observation_supports_campus,781,fractracker:781,campus identity evidence,9.6.2
campus:0989d73e2411c0f8,campus:0989d73e2411c0f8,campus:0989d73e2411c0f8,observation_supports_campus,782,fractracker:782,campus identity evidence,9.6.2
campus:b3b2bce8ba0be0f4,campus:b3b2bce8ba0be0f4,campus:b3b2bce8ba0be0f4,observation_supports_campus,783,fractracker:783,campus identity evidence,9.6.2
campus:6a735fb71701f2c7,campus:6a735fb71701f2c7,campus:6a735fb71701f2c7,observation_supports_campus,784,fractracker:784,campus identity evidence,9.6.2
campus:d6fd7190360f2f1b,campus:d6fd7190360f2f1b,campus:d6fd7190360f2f1b,observation_supports_campus,785,fractracker:785,campus identity evidence,9.6.2
campus:42919fb2939cf8fb,campus:42919fb2939cf8fb,campus:42919fb2939cf8fb,observation_supports_campus,786,fractracker:786,campus identity evidence,9.6.2
campus:15819579cca4029a,campus:15819579cca4029a,campus:15819579cca4029a,observation_supports_campus,787,fractracker:787,campus identity evidence,9.6.2
campus:58c7644d6c4cddb2,campus:58c7644d6c4cddb2,campus:58c7644d6c4cddb2,observation_supports_campus,788,fractracker:788,campus identity evidence,9.6.2
campus:fe433e4fc4c62828,campus:fe433e4fc4c62828,campus:fe433e4fc4c62828,observation_supports_campus,789,fractracker:789,campus identity evidence,9.6.2
campus:df2225637e0a39ae,campus:df2225637e0a39ae,campus:df2225637e0a39ae,observation_supports_campus,79,fractracker:79,campus identity evidence,9.6.2
building:f87dc5eb3647063f,campus:3551795641ca51b4,campus:3551795641ca51b4,building_in_campus,im3-source:3ecbcbb648f2753b,im3:3ecbcbb648f2753b,source-native building observation,9.6.2
building:f87dc5eb3647063f,campus:3551795641ca51b4,campus:3551795641ca51b4,building_in_campus,osm-way-364289077,gigawatt:osm-way-364289077,source-native building observation,9.6.2
building:9e666c2bbdc7d6f7,campus:3551795641ca51b4,campus:3551795641ca51b4,building_in_campus,im3-source:5cad09e75dfc10a1,im3:5cad09e75dfc10a1,source-native building observation,9.6.2
building:9e666c2bbdc7d6f7,campus:3551795641ca51b4,campus:3551795641ca51b4,building_in_campus,osm-way-364289073,gigawatt:osm-way-364289073,source-native building observation,9.6.2
building:675591babccfa57a,campus:3551795641ca51b4,campus:3551795641ca51b4,building_in_campus,im3-source:ba64ef0b014e619a,im3:ba64ef0b014e619a,source-native building observation,9.6.2
building:675591babccfa57a,campus:3551795641ca51b4,campus:3551795641ca51b4,building_in_campus,osm-way-364289074,gigawatt:osm-way-364289074,source-native building observation,9.6.2
campus:3551795641ca51b4,campus:3551795641ca51b4,campus:3551795641ca51b4,observation_supports_campus,791,fractracker:791,campus identity evidence,9.6.2
campus:3551795641ca51b4,campus:3551795641ca51b4,campus:3551795641ca51b4,observation_supports_campus,792,fractracker:792,campus identity evidence,9.6.2
campus:84a4bff8c169fa3e,campus:84a4bff8c169fa3e,campus:84a4bff8c169fa3e,observation_supports_campus,793,fractracker:793,campus identity evidence,9.6.2
building:fc6afe3037ea06b9,campus:e4aa724c5886f322,campus:e4aa724c5886f322,building_in_campus,im3-source:09fe877885e9410e,im3:09fe877885e9410e,source-native building observation,9.6.2
building:37b01737c3c45a80,campus:e4aa724c5886f322,campus:e4aa724c5886f322,building_in_campus,osm-way-1081973944,gigawatt:osm-way-1081973944,source-native building observation,9.6.2
campus:e4aa724c5886f322,campus:e4aa724c5886f322,campus:e4aa724c5886f322,observation_supports_campus,794,fractracker:794,campus identity evidence,9.6.2
campus:8164a15baab93b8a,campus:8164a15baab93b8a,campus:8164a15baab93b8a,observation_supports_campus,795,fractracker:795,campus identity evidence,9.6.2
campus:71a65ffa02f45a15,campus:71a65ffa02f45a15,campus:71a65ffa02f45a15,observation_supports_campus,797,fractracker:797,campus identity evidence,9.6.2
campus:12affbae45ede640,campus:12affbae45ede640,campus:12affbae45ede640,observation_supports_campus,798,fractracker:798,campus identity evidence,9.6.2
campus:c7c298e6c16c85dc,campus:c7c298e6c16c85dc,campus:c7c298e6c16c85dc,observation_supports_campus,799,fractracker:799,campus identity evidence,9.6.2
campus:76f2086fccc01049,campus:76f2086fccc01049,campus:76f2086fccc01049,observation_supports_campus,8,fractracker:8,campus identity evidence,9.6.2
campus:65d172d03805f093,campus:65d172d03805f093,campus:65d172d03805f093,observation_supports_campus,80,fractracker:80,campus identity evidence,9.6.2
campus:be81673b0ba48dd8,campus:be81673b0ba48dd8,campus:be81673b0ba48dd8,observation_supports_campus,802,fractracker:802,campus identity evidence,9.6.2
campus:3bf83f2947c67a2b,campus:3bf83f2947c67a2b,campus:3bf83f2947c67a2b,observation_supports_campus,803,fractracker:803,campus identity evidence,9.6.2
campus:47ae444b5d0773f9,campus:47ae444b5d0773f9,campus:47ae444b5d0773f9,observation_supports_campus,805,fractracker:805,campus identity evidence,9.6.2
building:72173b459ac89ae4,campus:bc82b14aeecc93c4,campus:bc82b14aeecc93c4,building_in_campus,im3-source:346da3a413627908,im3:346da3a413627908,source-native building observation,9.6.2
building:72173b459ac89ae4,campus:bc82b14aeecc93c4,campus:bc82b14aeecc93c4,building_in_campus,osm-way-39083797,gigawatt:osm-way-39083797,source-native building observation,9.6.2
campus:bc82b14aeecc93c4,campus:bc82b14aeecc93c4,campus:bc82b14aeecc93c4,observation_supports_campus,81,fractracker:81,campus identity evidence,9.6.2
campus:bc5d979d0b51a32b,campus:bc5d979d0b51a32b,campus:bc5d979d0b51a32b,observation_supports_campus,810,fractracker:810,campus identity evidence,9.6.2
campus:5b631f10c2bd2305,campus:5b631f10c2bd2305,campus:5b631f10c2bd2305,observation_supports_campus,811,fractracker:811,campus identity evidence,9.6.2
campus:56b72bd13ebe9016,campus:56b72bd13ebe9016,campus:56b72bd13ebe9016,observation_supports_campus,812,fractracker:812,campus identity evidence,9.6.2
campus:12e72a5e3074ae4f,campus:12e72a5e3074ae4f,campus:12e72a5e3074ae4f,observation_supports_campus,813,fractracker:813,campus identity evidence,9.6.2
campus:12e72a5e3074ae4f,campus:12e72a5e3074ae4f,campus:12e72a5e3074ae4f,observation_supports_campus,814,fractracker:814,campus identity evidence,9.6.2
campus:cae17a628ac1871b,campus:cae17a628ac1871b,campus:cae17a628ac1871b,observation_supports_campus,815,fractracker:815,campus identity evidence,9.6.2
campus:cae17a628ac1871b,campus:cae17a628ac1871b,campus:cae17a628ac1871b,observation_supports_campus,816,fractracker:816,campus identity evidence,9.6.2
campus:db1e277729590e10,campus:db1e277729590e10,campus:db1e277729590e10,observation_supports_campus,817,fractracker:817,campus identity evidence,9.6.2
campus:02b5214329788c76,campus:02b5214329788c76,campus:02b5214329788c76,observation_supports_campus,818,fractracker:818,campus identity evidence,9.6.2
campus:e997e92727bf90f9,campus:e997e92727bf90f9,campus:e997e92727bf90f9,observation_supports_campus,819,fractracker:819,campus identity evidence,9.6.2
campus:3aef3af34a579cb7,campus:3aef3af34a579cb7,campus:3aef3af34a579cb7,observation_supports_campus,82,fractracker:82,campus identity evidence,9.6.2
campus:ce0b6f8141068a42,campus:ce0b6f8141068a42,campus:ce0b6f8141068a42,observation_supports_campus,823,fractracker:823,campus identity evidence,9.6.2
campus:b15d288c9d92f8ef,campus:b15d288c9d92f8ef,campus:b15d288c9d92f8ef,observation_supports_campus,825,fractracker:825,campus identity evidence,9.6.2
campus:e835418195ba9b2e,campus:e835418195ba9b2e,campus:e835418195ba9b2e,observation_supports_campus,826,fractracker:826,campus identity evidence,9.6.2
campus:dd6e9e94bdc32c80,campus:dd6e9e94bdc32c80,campus:dd6e9e94bdc32c80,observation_supports_campus,827,fractracker:827,campus identity evidence,9.6.2
building:b9edde4849832ef8,campus:10c5b05028b3c8c1,campus:10c5b05028b3c8c1,building_in_campus,osm-way-897226574,gigawatt:osm-way-897226574,source-native building observation,9.6.2
building:85be5e759d647de5,campus:10c5b05028b3c8c1,campus:10c5b05028b3c8c1,building_in_campus,osm-way-897226575,gigawatt:osm-way-897226575,source-native building observation,9.6.2
campus:10c5b05028b3c8c1,campus:10c5b05028b3c8c1,campus:10c5b05028b3c8c1,observation_supports_campus,828,fractracker:828,campus identity evidence,9.6.2
campus:4e89667e4efa45ce,campus:4e89667e4efa45ce,campus:4e89667e4efa45ce,observation_supports_campus,83,fractracker:83,campus identity evidence,9.6.2
campus:631db19de1a1b30c,campus:631db19de1a1b30c,campus:631db19de1a1b30c,observation_supports_campus,830,fractracker:830,campus identity evidence,9.6.2
campus:e271d80703313b87,campus:e271d80703313b87,campus:e271d80703313b87,observation_supports_campus,837,fractracker:837,campus identity evidence,9.6.2
building:898017ee75d4d8f2,campus:8115739cd0a6531a,campus:8115739cd0a6531a,building_in_campus,im3-source:9d798ab3efd56546,im3:9d798ab3efd56546,source-native building observation,9.6.2
building:898017ee75d4d8f2,campus:8115739cd0a6531a,campus:8115739cd0a6531a,building_in_campus,osm-way-1088241977,gigawatt:osm-way-1088241977,source-native building observation,9.6.2
campus:8115739cd0a6531a,campus:8115739cd0a6531a,campus:8115739cd0a6531a,observation_supports_campus,838,fractracker:838,campus identity evidence,9.6.2
building:216263cf6236cd9d,campus:1e803c78e0fbc250,campus:1e803c78e0fbc250,building_in_campus,im3-source:c322313c46d0eb17,im3:c322313c46d0eb17,source-native building observation,9.6.2
building:0a69df0013d50ffb,campus:1e803c78e0fbc250,campus:1e803c78e0fbc250,building_in_campus,im3-source:c8126de22d86d315,im3:c8126de22d86d315,source-native building observation,9.6.2
campus:1e803c78e0fbc250,campus:1e803c78e0fbc250,campus:1e803c78e0fbc250,observation_supports_campus,839,fractracker:839,campus identity evidence,9.6.2
campus:76d5e42217efe242,campus:76d5e42217efe242,campus:76d5e42217efe242,observation_supports_campus,84,fractracker:84,campus identity evidence,9.6.2
building:ed40ee8ca019046a,campus:4f9511781f4c2ced,campus:4f9511781f4c2ced,building_in_campus,im3-source:8da9c2adf2a7485a,im3:8da9c2adf2a7485a,source-native building observation,9.6.2
campus:4f9511781f4c2ced,campus:4f9511781f4c2ced,campus:4f9511781f4c2ced,observation_supports_campus,840,fractracker:840,campus identity evidence,9.6.2
building:cb7ca7546acf1a28,campus:bd8fe7bc071c41c1,campus:bd8fe7bc071c41c1,building_in_campus,im3-source:438cf9e367dff4ca,im3:438cf9e367dff4ca,source-native building observation,9.6.2
building:cb7ca7546acf1a28,campus:bd8fe7bc071c41c1,campus:bd8fe7bc071c41c1,building_in_campus,osm-way-298242260,gigawatt:osm-way-298242260,source-native building observation,9.6.2
campus:bd8fe7bc071c41c1,campus:bd8fe7bc071c41c1,campus:bd8fe7bc071c41c1,observation_supports_campus,841,fractracker:841,campus identity evidence,9.6.2
campus:eb19f2084af15076,campus:eb19f2084af15076,campus:eb19f2084af15076,observation_supports_campus,842,fractracker:842,campus identity evidence,9.6.2
campus:83351ca6e6907c18,campus:83351ca6e6907c18,campus:83351ca6e6907c18,observation_supports_campus,843,fractracker:843,campus identity evidence,9.6.2
campus:75bfa91c2aefac44,campus:75bfa91c2aefac44,campus:75bfa91c2aefac44,observation_supports_campus,844,fractracker:844,campus identity evidence,9.6.2
building:bb4518d2c5c8007f,campus:f927abc71f7174d5,campus:f927abc71f7174d5,building_in_campus,im3-source:5b690890b5a92a4b,im3:5b690890b5a92a4b,source-native building observation,9.6.2
building:bb4518d2c5c8007f,campus:f927abc71f7174d5,campus:f927abc71f7174d5,building_in_campus,osm-way-596690175,gigawatt:osm-way-596690175,source-native building observation,9.6.2
building:8948d3826325b556,campus:f927abc71f7174d5,campus:f927abc71f7174d5,building_in_campus,im3-source:60023f1da8dcfb3d,im3:60023f1da8dcfb3d,source-native building observation,9.6.2
building:8948d3826325b556,campus:f927abc71f7174d5,campus:f927abc71f7174d5,building_in_campus,osm-way-1123249721,gigawatt:osm-way-1123249721,source-native building observation,9.6.2
building:6b14b4f93b910a7e,campus:f927abc71f7174d5,campus:f927abc71f7174d5,building_in_campus,im3-source:ac9f5a0192629795,im3:ac9f5a0192629795,source-native building observation,9.6.2
building:6b14b4f93b910a7e,campus:f927abc71f7174d5,campus:f927abc71f7174d5,building_in_campus,osm-way-793888408,gigawatt:osm-way-793888408,source-native building observation,9.6.2
building:fed02904fff8a012,campus:f927abc71f7174d5,campus:f927abc71f7174d5,building_in_campus,im3-source:fb312992a0dcde18,im3:fb312992a0dcde18,source-native building observation,9.6.2
building:fed02904fff8a012,campus:f927abc71f7174d5,campus:f927abc71f7174d5,building_in_campus,osm-way-460050155,gigawatt:osm-way-460050155,source-native building observation,9.6.2
campus:f927abc71f7174d5,campus:f927abc71f7174d5,campus:f927abc71f7174d5,observation_supports_campus,845,fractracker:845,campus identity evidence,9.6.2
building:3d071128f2c16c13,campus:5b38dbc99871b206,campus:5b38dbc99871b206,building_in_campus,im3-source:019fa2424b9380f9,im3:019fa2424b9380f9,source-native building observation,9.6.2
building:f1a0d6c737bb65c4,campus:5b38dbc99871b206,campus:5b38dbc99871b206,building_in_campus,im3-source:2213dceedde01970,im3:2213dceedde01970,source-native building observation,9.6.2
building:d3b43f98af2db7be,campus:5b38dbc99871b206,campus:5b38dbc99871b206,building_in_campus,im3-source:23e6db8a028111b7,im3:23e6db8a028111b7,source-native building observation,9.6.2
building:e9fea6ac59d157a4,campus:5b38dbc99871b206,campus:5b38dbc99871b206,building_in_campus,im3-source:66a37a39a0e10151,im3:66a37a39a0e10151,source-native building observation,9.6.2
building:81b46744a6251860,campus:5b38dbc99871b206,campus:5b38dbc99871b206,building_in_campus,im3-source:fa85775ff54606a4,im3:fa85775ff54606a4,source-native building observation,9.6.2
building:82cd37fbcf67e138,campus:5b38dbc99871b206,campus:5b38dbc99871b206,building_in_campus,osm-way-298126010,gigawatt:osm-way-298126010,source-native building observation,9.6.2
campus:5b38dbc99871b206,campus:5b38dbc99871b206,campus:5b38dbc99871b206,observation_supports_campus,847,fractracker:847,campus identity evidence,9.6.2
building:d5f28d63dd258d16,campus:95e40ec1cae016f8,campus:95e40ec1cae016f8,building_in_campus,osm-way-300162674,gigawatt:osm-way-300162674,source-native building observation,9.6.2
building:81102913e0d827d8,campus:95e40ec1cae016f8,campus:95e40ec1cae016f8,building_in_campus,osm-way-300162675,gigawatt:osm-way-300162675,source-native building observation,9.6.2
campus:95e40ec1cae016f8,campus:95e40ec1cae016f8,campus:95e40ec1cae016f8,observation_supports_campus,848,fractracker:848,campus identity evidence,9.6.2
building:3de7083558b03d0d,campus:dcfc314f5d83a0cc,campus:dcfc314f5d83a0cc,building_in_campus,osm-way-649319778,gigawatt:osm-way-649319778,source-native building observation,9.6.2
campus:dcfc314f5d83a0cc,campus:dcfc314f5d83a0cc,campus:dcfc314f5d83a0cc,observation_supports_campus,849,fractracker:849,campus identity evidence,9.6.2
campus:6aad67c39e342ac6,campus:6aad67c39e342ac6,campus:6aad67c39e342ac6,observation_supports_campus,85,fractracker:85,campus identity evidence,9.6.2
building:18f3c80690fc5ca8,campus:0e88c90ea5828773,campus:0e88c90ea5828773,building_in_campus,im3-source:9e850b980c8155ac,im3:9e850b980c8155ac,source-native building observation,9.6.2
building:18f3c80690fc5ca8,campus:0e88c90ea5828773,campus:0e88c90ea5828773,building_in_campus,osm-way-793622740,gigawatt:osm-way-793622740,source-native building observation,9.6.2
campus:0e88c90ea5828773,campus:0e88c90ea5828773,campus:0e88c90ea5828773,observation_supports_campus,851,fractracker:851,campus identity evidence,9.6.2
campus:18b0b7a41991f914,campus:18b0b7a41991f914,campus:18b0b7a41991f914,observation_supports_campus,852,fractracker:852,campus identity evidence,9.6.2
building:7338d64060d8e0d5,campus:3644ceed392acf07,campus:3644ceed392acf07,building_in_campus,osm-way-1188680247,gigawatt:osm-way-1188680247,source-native building observation,9.6.2
building:76546eebdaccb757,campus:3644ceed392acf07,campus:3644ceed392acf07,building_in_campus,osm-way-1188680253,gigawatt:osm-way-1188680253,source-native building observation,9.6.2
building:7095a928fc618180,campus:3644ceed392acf07,campus:3644ceed392acf07,building_in_campus,osm-way-1188680254,gigawatt:osm-way-1188680254,source-native building observation,9.6.2
campus:3644ceed392acf07,campus:3644ceed392acf07,campus:3644ceed392acf07,observation_supports_campus,854,fractracker:854,campus identity evidence,9.6.2
campus:dd6b8f75aefe3230,campus:dd6b8f75aefe3230,campus:dd6b8f75aefe3230,observation_supports_campus,856,fractracker:856,campus identity evidence,9.6.2
campus:5eedfd2579d87f06,campus:5eedfd2579d87f06,campus:5eedfd2579d87f06,observation_supports_campus,857,fractracker:857,campus identity evidence,9.6.2
campus:3dc780d6b2917a81,campus:3dc780d6b2917a81,campus:3dc780d6b2917a81,observation_supports_campus,859,fractracker:859,campus identity evidence,9.6.2
campus:f5ed127cee0b2ae2,campus:f5ed127cee0b2ae2,campus:f5ed127cee0b2ae2,observation_supports_campus,86,fractracker:86,campus identity evidence,9.6.2
campus:d9fd722c3c7a4874,campus:d9fd722c3c7a4874,campus:d9fd722c3c7a4874,observation_supports_campus,862,fractracker:862,campus identity evidence,9.6.2
campus:c39eeba01d63639c,campus:c39eeba01d63639c,campus:c39eeba01d63639c,observation_supports_campus,865,fractracker:865,campus identity evidence,9.6.2
campus:f69d1208060b7e77,campus:f69d1208060b7e77,campus:f69d1208060b7e77,observation_supports_campus,866,fractracker:866,campus identity evidence,9.6.2
building:3299fbe10843217f,campus:a1913b7d36f0a310,campus:a1913b7d36f0a310,building_in_campus,osm-way-701923204,gigawatt:osm-way-701923204,source-native building observation,9.6.2
campus:a1913b7d36f0a310,campus:a1913b7d36f0a310,campus:a1913b7d36f0a310,observation_supports_campus,868,fractracker:868,campus identity evidence,9.6.2
campus:46eb5f2f96666309,campus:46eb5f2f96666309,campus:46eb5f2f96666309,observation_supports_campus,869,fractracker:869,campus identity evidence,9.6.2
campus:0842910bd2dd8612,campus:0842910bd2dd8612,campus:0842910bd2dd8612,observation_supports_campus,87,fractracker:87,campus identity evidence,9.6.2
campus:bcf7a0671d6dae42,campus:bcf7a0671d6dae42,campus:bcf7a0671d6dae42,observation_supports_campus,870,fractracker:870,campus identity evidence,9.6.2
building:b4d837f936b1f71c,campus:3e8ec291a518f983,campus:3e8ec291a518f983,building_in_campus,im3-source:794ba1a84f8d4209,im3:794ba1a84f8d4209,source-native building observation,9.6.2
building:b4d837f936b1f71c,campus:3e8ec291a518f983,campus:3e8ec291a518f983,building_in_campus,osm-way-300969250,gigawatt:osm-way-300969250,source-native building observation,9.6.2
campus:3e8ec291a518f983,campus:3e8ec291a518f983,campus:3e8ec291a518f983,observation_supports_campus,871,fractracker:871,campus identity evidence,9.6.2
campus:277acaaaec8bb4c1,campus:277acaaaec8bb4c1,campus:277acaaaec8bb4c1,observation_supports_campus,873,fractracker:873,campus identity evidence,9.6.2
building:5c12f71ea825cfe6,campus:36817d20fff5d8e8,campus:36817d20fff5d8e8,building_in_campus,im3-source:44e91d7ce3bcfc99,im3:44e91d7ce3bcfc99,source-native building observation,9.6.2
building:5c12f71ea825cfe6,campus:36817d20fff5d8e8,campus:36817d20fff5d8e8,building_in_campus,osm-way-796933516,gigawatt:osm-way-796933516,source-native building observation,9.6.2
campus:36817d20fff5d8e8,campus:36817d20fff5d8e8,campus:36817d20fff5d8e8,observation_supports_campus,874,fractracker:874,campus identity evidence,9.6.2
building:db45cdfb048e4d55,campus:ebdf260c68d292d8,campus:ebdf260c68d292d8,building_in_campus,im3-source:1df5069717c57ba0,im3:1df5069717c57ba0,source-native building observation,9.6.2
building:db45cdfb048e4d55,campus:ebdf260c68d292d8,campus:ebdf260c68d292d8,building_in_campus,osm-way-1309123033,gigawatt:osm-way-1309123033,source-native building observation,9.6.2
building:96382b8d61e32e4d,campus:ebdf260c68d292d8,campus:ebdf260c68d292d8,building_in_campus,im3-source:5dded70f89341b47,im3:5dded70f89341b47,source-native building observation,9.6.2
building:96382b8d61e32e4d,campus:ebdf260c68d292d8,campus:ebdf260c68d292d8,building_in_campus,osm-way-1309123034,gigawatt:osm-way-1309123034,source-native building observation,9.6.2
building:0153a7a98e224bb3,campus:ebdf260c68d292d8,campus:ebdf260c68d292d8,building_in_campus,im3-source:8322c9824e075804,im3:8322c9824e075804,source-native building observation,9.6.2
building:0153a7a98e224bb3,campus:ebdf260c68d292d8,campus:ebdf260c68d292d8,building_in_campus,osm-way-298127420,gigawatt:osm-way-298127420,source-native building observation,9.6.2
building:852cebb3e1e6b2a9,campus:ebdf260c68d292d8,campus:ebdf260c68d292d8,building_in_campus,im3-source:9bc2efe67a95af28,im3:9bc2efe67a95af28,source-native building observation,9.6.2
building:852cebb3e1e6b2a9,campus:ebdf260c68d292d8,campus:ebdf260c68d292d8,building_in_campus,osm-way-234722029,gigawatt:osm-way-234722029,source-native building observation,9.6.2
building:9e72facdf7be4de6,campus:ebdf260c68d292d8,campus:ebdf260c68d292d8,building_in_campus,im3-source:b5b92f01e264fd15,im3:b5b92f01e264fd15,source-native building observation,9.6.2
building:9e72facdf7be4de6,campus:ebdf260c68d292d8,campus:ebdf260c68d292d8,building_in_campus,osm-way-298127361,gigawatt:osm-way-298127361,source-native building observation,9.6.2
building:8b74b7a530238278,campus:ebdf260c68d292d8,campus:ebdf260c68d292d8,building_in_campus,im3-source:b956163e058b7f41,im3:b956163e058b7f41,source-native building observation,9.6.2
building:8b74b7a530238278,campus:ebdf260c68d292d8,campus:ebdf260c68d292d8,building_in_campus,osm-way-298127059,gigawatt:osm-way-298127059,source-native building observation,9.6.2
campus:ebdf260c68d292d8,campus:ebdf260c68d292d8,campus:ebdf260c68d292d8,observation_supports_campus,875,fractracker:875,campus identity evidence,9.6.2
campus:89243e171cb28f10,campus:89243e171cb28f10,campus:89243e171cb28f10,observation_supports_campus,877,fractracker:877,campus identity evidence,9.6.2
building:b148e8b0f2d6e564,campus:be4741a6e3d1d1b0,campus:be4741a6e3d1d1b0,building_in_campus,im3-source:2e4b9e6d22b8f7b2,im3:2e4b9e6d22b8f7b2,source-native building observation,9.6.2
building:bec6933afa3d60d7,campus:be4741a6e3d1d1b0,campus:be4741a6e3d1d1b0,building_in_campus,im3-source:3cc2af5e0b9d34ad,im3:3cc2af5e0b9d34ad,source-native building observation,9.6.2
building:bf9b666303ee7516,campus:be4741a6e3d1d1b0,campus:be4741a6e3d1d1b0,building_in_campus,im3-source:c17e106fbf24832e,im3:c17e106fbf24832e,source-native building observation,9.6.2
building:67e33906930e98e6,campus:be4741a6e3d1d1b0,campus:be4741a6e3d1d1b0,building_in_campus,im3-source:cae6fc4996a3e28b,im3:cae6fc4996a3e28b,source-native building observation,9.6.2
campus:be4741a6e3d1d1b0,campus:be4741a6e3d1d1b0,campus:be4741a6e3d1d1b0,observation_supports_campus,878,fractracker:878,campus identity evidence,9.6.2
campus:c2ff75c5313051f5,campus:c2ff75c5313051f5,campus:c2ff75c5313051f5,observation_supports_campus,879,fractracker:879,campus identity evidence,9.6.2
campus:ba7554e84ccefd49,campus:ba7554e84ccefd49,campus:ba7554e84ccefd49,observation_supports_campus,88,fractracker:88,campus identity evidence,9.6.2
campus:0d639fd2d873d02d,campus:0d639fd2d873d02d,campus:0d639fd2d873d02d,observation_supports_campus,880,fractracker:880,campus identity evidence,9.6.2
building:87742ab8626e300c,campus:a054d4af924f6926,campus:a054d4af924f6926,building_in_campus,im3-source:62e953f7fe7fefdb,im3:62e953f7fe7fefdb,source-native building observation,9.6.2
building:da5a4c4596e2c5b3,campus:a054d4af924f6926,campus:a054d4af924f6926,building_in_campus,im3-source:71f635b328c1abf0,im3:71f635b328c1abf0,source-native building observation,9.6.2
campus:a054d4af924f6926,campus:a054d4af924f6926,campus:a054d4af924f6926,observation_supports_campus,881,fractracker:881,campus identity evidence,9.6.2
building:602f69300665bae9,campus:a52a49b48c8623a0,campus:a52a49b48c8623a0,building_in_campus,im3-source:51414fa7a52a65b3,im3:51414fa7a52a65b3,source-native building observation,9.6.2
campus:a52a49b48c8623a0,campus:a52a49b48c8623a0,campus:a52a49b48c8623a0,observation_supports_campus,882,fractracker:882,campus identity evidence,9.6.2
campus:4eb83e4f55308ed6,campus:4eb83e4f55308ed6,campus:4eb83e4f55308ed6,observation_supports_campus,883,fractracker:883,campus identity evidence,9.6.2
campus:4f54172165d57a3a,campus:4f54172165d57a3a,campus:4f54172165d57a3a,observation_supports_campus,884,fractracker:884,campus identity evidence,9.6.2
campus:3352317829d37c0e,campus:3352317829d37c0e,campus:3352317829d37c0e,observation_supports_campus,885,fractracker:885,campus identity evidence,9.6.2
building:ad8ff5f7aecc874e,campus:65c3a1b9a81b7946,campus:65c3a1b9a81b7946,building_in_campus,osm-way-1188715508,gigawatt:osm-way-1188715508,source-native building observation,9.6.2
campus:65c3a1b9a81b7946,campus:65c3a1b9a81b7946,campus:65c3a1b9a81b7946,observation_supports_campus,887,fractracker:887,campus identity evidence,9.6.2
building:43ac95b616b51901,campus:4a4820fd7b8a9fa4,campus:4a4820fd7b8a9fa4,building_in_campus,osm-way-1003348567,gigawatt:osm-way-1003348567,source-native building observation,9.6.2
campus:4a4820fd7b8a9fa4,campus:4a4820fd7b8a9fa4,campus:4a4820fd7b8a9fa4,observation_supports_campus,888,fractracker:888,campus identity evidence,9.6.2
campus:c7e35cb665d560eb,campus:c7e35cb665d560eb,campus:c7e35cb665d560eb,observation_supports_campus,889,fractracker:889,campus identity evidence,9.6.2
campus:2ada3dfdb523a4f5,campus:2ada3dfdb523a4f5,campus:2ada3dfdb523a4f5,observation_supports_campus,89,fractracker:89,campus identity evidence,9.6.2
campus:939d43fc462ba07a,campus:939d43fc462ba07a,campus:939d43fc462ba07a,observation_supports_campus,890,fractracker:890,campus identity evidence,9.6.2
campus:f19f6f2e9fa7f21d,campus:f19f6f2e9fa7f21d,campus:f19f6f2e9fa7f21d,observation_supports_campus,897,fractracker:897,campus identity evidence,9.6.2
campus:108b98738de5c720,campus:108b98738de5c720,campus:108b98738de5c720,observation_supports_campus,899,fractracker:899,campus identity evidence,9.6.2
campus:45675eb91bf47c81,campus:45675eb91bf47c81,campus:45675eb91bf47c81,observation_supports_campus,9,fractracker:9,campus identity evidence,9.6.2
campus:5778b3aa57373cb4,campus:5778b3aa57373cb4,campus:5778b3aa57373cb4,observation_supports_campus,90,fractracker:90,campus identity evidence,9.6.2
campus:7681ec4b75f0670d,campus:7681ec4b75f0670d,campus:7681ec4b75f0670d,observation_supports_campus,900,fractracker:900,campus identity evidence,9.6.2
campus:e36aeab579decef4,campus:e36aeab579decef4,campus:e36aeab579decef4,observation_supports_campus,903,fractracker:903,campus identity evidence,9.6.2
campus:b187e3744772d7da,campus:b187e3744772d7da,campus:b187e3744772d7da,observation_supports_campus,904,fractracker:904,campus identity evidence,9.6.2
campus:9791005c76e52e49,campus:9791005c76e52e49,campus:9791005c76e52e49,observation_supports_campus,906,fractracker:906,campus identity evidence,9.6.2
campus:3e8e134dc21adac3,campus:3e8e134dc21adac3,campus:3e8e134dc21adac3,observation_supports_campus,907,fractracker:907,campus identity evidence,9.6.2
campus:5436e252e6a992b0,campus:5436e252e6a992b0,campus:5436e252e6a992b0,observation_supports_campus,908,fractracker:908,campus identity evidence,9.6.2
campus:8f0785829c706a74,campus:8f0785829c706a74,campus:8f0785829c706a74,observation_supports_campus,909,fractracker:909,campus identity evidence,9.6.2
campus:d5ffee6309731b02,campus:d5ffee6309731b02,campus:d5ffee6309731b02,observation_supports_campus,915,fractracker:915,campus identity evidence,9.6.2
campus:30237935d04988a9,campus:30237935d04988a9,campus:30237935d04988a9,observation_supports_campus,917,fractracker:917,campus identity evidence,9.6.2
campus:7c75d5c34fdac1f6,campus:7c75d5c34fdac1f6,campus:7c75d5c34fdac1f6,observation_supports_campus,919,fractracker:919,campus identity evidence,9.6.2
building:570f21d7ddbce0b8,campus:5f5956cb3b349981,campus:5f5956cb3b349981,building_in_campus,osm-node-12331366645,gigawatt:osm-node-12331366645,source-native building observation,9.6.2
campus:5f5956cb3b349981,campus:5f5956cb3b349981,campus:5f5956cb3b349981,observation_supports_campus,92,fractracker:92,campus identity evidence,9.6.2
campus:5f5956cb3b349981,campus:5f5956cb3b349981,campus:5f5956cb3b349981,observation_supports_campus,im3-source:074e9c7480d79c00,im3:074e9c7480d79c00,campus identity evidence,9.6.2
campus:2d44609ce5cf6d20,campus:2d44609ce5cf6d20,campus:2d44609ce5cf6d20,observation_supports_campus,920,fractracker:920,campus identity evidence,9.6.2
campus:1de0b11f3172f245,campus:1de0b11f3172f245,campus:1de0b11f3172f245,observation_supports_campus,921,fractracker:921,campus identity evidence,9.6.2
campus:fe7eb3ce6ec98c44,campus:fe7eb3ce6ec98c44,campus:fe7eb3ce6ec98c44,observation_supports_campus,924,fractracker:924,campus identity evidence,9.6.2
campus:b7acaad77acfb657,campus:b7acaad77acfb657,campus:b7acaad77acfb657,observation_supports_campus,927,fractracker:927,campus identity evidence,9.6.2
building:f4d4290510a2f54f,campus:f6442bc4b059e677,campus:f6442bc4b059e677,building_in_campus,im3-source:e8794711fb0d7d52,im3:e8794711fb0d7d52,source-native building observation,9.6.2
campus:f6442bc4b059e677,campus:f6442bc4b059e677,campus:f6442bc4b059e677,observation_supports_campus,93,fractracker:93,campus identity evidence,9.6.2
campus:03f9141577639274,campus:03f9141577639274,campus:03f9141577639274,observation_supports_campus,931,fractracker:931,campus identity evidence,9.6.2
building:5da94db52a3bf6ff,campus:d8c25cf630d96668,campus:d8c25cf630d96668,building_in_campus,osm-way-1181391920,gigawatt:osm-way-1181391920,source-native building observation,9.6.2
building:67f1a0230e31fbbe,campus:d8c25cf630d96668,campus:d8c25cf630d96668,building_in_campus,osm-way-1252196799,gigawatt:osm-way-1252196799,source-native building observation,9.6.2
building:6d93473b6f8b2f62,campus:d8c25cf630d96668,campus:d8c25cf630d96668,building_in_campus,osm-way-1252196800,gigawatt:osm-way-1252196800,source-native building observation,9.6.2
building:002f84b6f0f81280,campus:d8c25cf630d96668,campus:d8c25cf630d96668,building_in_campus,osm-way-460056017,gigawatt:osm-way-460056017,source-native building observation,9.6.2
building:96227291ce1e3325,campus:d8c25cf630d96668,campus:d8c25cf630d96668,building_in_campus,osm-way-544596573,gigawatt:osm-way-544596573,source-native building observation,9.6.2
building:c43acfe9ecd44453,campus:d8c25cf630d96668,campus:d8c25cf630d96668,building_in_campus,osm-way-701931819,gigawatt:osm-way-701931819,source-native building observation,9.6.2
campus:d8c25cf630d96668,campus:d8c25cf630d96668,campus:d8c25cf630d96668,observation_supports_campus,932,fractracker:932,campus identity evidence,9.6.2
campus:3f4fbfb3e84be329,campus:3f4fbfb3e84be329,campus:3f4fbfb3e84be329,observation_supports_campus,935,fractracker:935,campus identity evidence,9.6.2
campus:57cc35c52d0c7674,campus:57cc35c52d0c7674,campus:57cc35c52d0c7674,observation_supports_campus,936,fractracker:936,campus identity evidence,9.6.2
campus:1d3f397ac8c6125c,campus:1d3f397ac8c6125c,campus:1d3f397ac8c6125c,observation_supports_campus,939,fractracker:939,campus identity evidence,9.6.2
campus:d0917b92e8eee282,campus:d0917b92e8eee282,campus:d0917b92e8eee282,observation_supports_campus,940,fractracker:940,campus identity evidence,9.6.2
campus:d686096ccaa91266,campus:d686096ccaa91266,campus:d686096ccaa91266,observation_supports_campus,943,fractracker:943,campus identity evidence,9.6.2
campus:427ec2436d9fa1e0,campus:427ec2436d9fa1e0,campus:427ec2436d9fa1e0,observation_supports_campus,944,fractracker:944,campus identity evidence,9.6.2
campus:9f6a319119bba986,campus:9f6a319119bba986,campus:9f6a319119bba986,observation_supports_campus,945,fractracker:945,campus identity evidence,9.6.2
campus:8cfe265e66f9cd6c,campus:8cfe265e66f9cd6c,campus:8cfe265e66f9cd6c,observation_supports_campus,951,fractracker:951,campus identity evidence,9.6.2
campus:14822756a8ee7bb4,campus:14822756a8ee7bb4,campus:14822756a8ee7bb4,observation_supports_campus,953,fractracker:953,campus identity evidence,9.6.2
campus:857263b77762b052,campus:857263b77762b052,campus:857263b77762b052,observation_supports_campus,954,fractracker:954,campus identity evidence,9.6.2
campus:3b0cde4c15a478c1,campus:3b0cde4c15a478c1,campus:3b0cde4c15a478c1,observation_supports_campus,955,fractracker:955,campus identity evidence,9.6.2
campus:151639c1a0191d02,campus:151639c1a0191d02,campus:151639c1a0191d02,observation_supports_campus,959,fractracker:959,campus identity evidence,9.6.2
building:fa3c2923f28db71a,campus:eb485687e2451cdc,campus:eb485687e2451cdc,building_in_campus,osm-way-1222134968,gigawatt:osm-way-1222134968,source-native building observation,9.6.2
building:0f26cf9b0b9fd41f,campus:eb485687e2451cdc,campus:eb485687e2451cdc,building_in_campus,osm-way-1280340212,gigawatt:osm-way-1280340212,source-native building observation,9.6.2
building:4a920d300e67b0a4,campus:eb485687e2451cdc,campus:eb485687e2451cdc,building_in_campus,osm-way-545396372,gigawatt:osm-way-545396372,source-native building observation,9.6.2
building:7cf1e8c68304fc37,campus:eb485687e2451cdc,campus:eb485687e2451cdc,building_in_campus,osm-way-693381106,gigawatt:osm-way-693381106,source-native building observation,9.6.2
building:f50af2769932eb10,campus:eb485687e2451cdc,campus:eb485687e2451cdc,building_in_campus,osm-way-693381107,gigawatt:osm-way-693381107,source-native building observation,9.6.2
building:91cb822c1d946be2,campus:eb485687e2451cdc,campus:eb485687e2451cdc,building_in_campus,osm-way-990537813,gigawatt:osm-way-990537813,source-native building observation,9.6.2
building:0231622df65878bb,campus:eb485687e2451cdc,campus:eb485687e2451cdc,building_in_campus,osm-way-990537821,gigawatt:osm-way-990537821,source-native building observation,9.6.2
campus:eb485687e2451cdc,campus:eb485687e2451cdc,campus:eb485687e2451cdc,observation_supports_campus,960,fractracker:960,campus identity evidence,9.6.2
building:6b0ec805a8b6fec8,campus:1b56382afc72deda,campus:1b56382afc72deda,building_in_campus,im3-source:b1a0c233f525e739,im3:b1a0c233f525e739,source-native building observation,9.6.2
campus:1b56382afc72deda,campus:1b56382afc72deda,campus:1b56382afc72deda,observation_supports_campus,962,fractracker:962,campus identity evidence,9.6.2
campus:4cbe1989f4b1451c,campus:4cbe1989f4b1451c,campus:4cbe1989f4b1451c,observation_supports_campus,964,fractracker:964,campus identity evidence,9.6.2
campus:0057d750da5641ce,campus:0057d750da5641ce,campus:0057d750da5641ce,observation_supports_campus,965,fractracker:965,campus identity evidence,9.6.2
campus:ff9c8879ba1c6a6a,campus:ff9c8879ba1c6a6a,campus:ff9c8879ba1c6a6a,observation_supports_campus,968,fractracker:968,campus identity evidence,9.6.2
campus:0e4c2b33a2527793,campus:0e4c2b33a2527793,campus:0e4c2b33a2527793,observation_supports_campus,969,fractracker:969,campus identity evidence,9.6.2
campus:12306957757a3a2f,campus:12306957757a3a2f,campus:12306957757a3a2f,observation_supports_campus,970,fractracker:970,campus identity evidence,9.6.2
campus:db12f8ac3a61a48b,campus:db12f8ac3a61a48b,campus:db12f8ac3a61a48b,observation_supports_campus,971,fractracker:971,campus identity evidence,9.6.2
campus:37e2ae3d4437747a,campus:37e2ae3d4437747a,campus:37e2ae3d4437747a,observation_supports_campus,972,fractracker:972,campus identity evidence,9.6.2
campus:e21b58a4418d2208,campus:e21b58a4418d2208,campus:e21b58a4418d2208,observation_supports_campus,979,fractracker:979,campus identity evidence,9.6.2
campus:e21b58a4418d2208,campus:e21b58a4418d2208,campus:e21b58a4418d2208,observation_supports_campus,974,fractracker:974,campus identity evidence,9.6.2
campus:e21b58a4418d2208,campus:e21b58a4418d2208,campus:e21b58a4418d2208,observation_supports_campus,976,fractracker:976,campus identity evidence,9.6.2
campus:a37c65f9b9afe225,campus:a37c65f9b9afe225,campus:a37c65f9b9afe225,observation_supports_campus,975,fractracker:975,campus identity evidence,9.6.2
campus:a5e7a53b5bf5ad50,campus:a5e7a53b5bf5ad50,campus:a5e7a53b5bf5ad50,observation_supports_campus,978,fractracker:978,campus identity evidence,9.6.2
campus:f134645819b216df,campus:f134645819b216df,campus:f134645819b216df,observation_supports_campus,985,fractracker:985,campus identity evidence,9.6.2
campus:f0d034b111169544,campus:f0d034b111169544,campus:f0d034b111169544,observation_supports_campus,989,fractracker:989,campus identity evidence,9.6.2
campus:8fea7dd984aea585,campus:8fea7dd984aea585,campus:8fea7dd984aea585,observation_supports_campus,992,fractracker:992,campus identity evidence,9.6.2
campus:fd8e54eb5f6df1f5,campus:fd8e54eb5f6df1f5,campus:fd8e54eb5f6df1f5,observation_supports_campus,996,fractracker:996,campus identity evidence,9.6.2
campus:229506fa1544349b,campus:229506fa1544349b,campus:229506fa1544349b,observation_supports_campus,997,fractracker:997,campus identity evidence,9.6.2
campus:d5845a0f243abff1,campus:d5845a0f243abff1,campus:d5845a0f243abff1,observation_supports_campus,998,fractracker:998,campus identity evidence,9.6.2
campus:10fcace20b00aea7,campus:10fcace20b00aea7,campus:10fcace20b00aea7,observation_supports_campus,amazon-columbus-oh,gigawatt:amazon-columbus-oh,campus identity evidence,9.6.2
campus:dc9ea3922e2cb02f,campus:dc9ea3922e2cb02f,campus:dc9ea3922e2cb02f,observation_supports_campus,amazon-us-east-1-va,gigawatt:amazon-us-east-1-va,campus identity evidence,9.6.2
campus:71566664cb6c7c0b,campus:71566664cb6c7c0b,campus:71566664cb6c7c0b,observation_supports_campus,applied-digital-ellendale-nd,gigawatt:applied-digital-ellendale-nd,campus identity evidence,9.6.2
campus:221e04e5bdb4b0b8,campus:221e04e5bdb4b0b8,campus:221e04e5bdb4b0b8,observation_supports_campus,coreweave-plano-tx,gigawatt:coreweave-plano-tx,campus identity evidence,9.6.2
campus:91932e5b5c85d1fd,campus:91932e5b5c85d1fd,campus:91932e5b5c85d1fd,observation_supports_campus,crusoe-abilene-tx,gigawatt:crusoe-abilene-tx,campus identity evidence,9.6.2
campus:3676e95052229814,campus:3676e95052229814,campus:3676e95052229814,observation_supports_campus,crusoe-abilene-tx-2,gigawatt:crusoe-abilene-tx-2,campus identity evidence,9.6.2
campus:f12844508656b7cf,campus:f12844508656b7cf,campus:f12844508656b7cf,observation_supports_campus,digitalrealty-ord11-elk-grove,gigawatt:digitalrealty-ord11-elk-grove,campus identity evidence,9.6.2
campus:6e891a1be39b1935,campus:6e891a1be39b1935,campus:6e891a1be39b1935,observation_supports_campus,equinix-dc11-ashburn,gigawatt:equinix-dc11-ashburn,campus identity evidence,9.6.2
building:2509a02703459150,campus:08959e55b38de289,campus:08959e55b38de289,building_in_campus,im3-source:03b294869bace46e,im3:03b294869bace46e,source-native building observation,9.6.2
building:739323e219ff8436,campus:08959e55b38de289,campus:08959e55b38de289,building_in_campus,im3-source:ed8dbd24cf895619,im3:ed8dbd24cf895619,source-native building observation,9.6.2
building:739323e219ff8436,campus:08959e55b38de289,campus:08959e55b38de289,building_in_campus,osm-way-844359207,gigawatt:osm-way-844359207,source-native building observation,9.6.2
campus:08959e55b38de289,campus:08959e55b38de289,campus:08959e55b38de289,observation_supports_campus,google-henderson-nv,gigawatt:google-henderson-nv,campus identity evidence,9.6.2
building:c6cb8f0a1c810465,campus:a412fb58bdcb68f5,campus:a412fb58bdcb68f5,building_in_campus,im3-source:684658eea07cbf17,im3:684658eea07cbf17,source-native building observation,9.6.2
building:b4d55c06b15f90bb,campus:a412fb58bdcb68f5,campus:a412fb58bdcb68f5,building_in_campus,im3-source:ea5a2008accbdec2,im3:ea5a2008accbdec2,source-native building observation,9.6.2
building:b4d55c06b15f90bb,campus:a412fb58bdcb68f5,campus:a412fb58bdcb68f5,building_in_campus,osm-way-844386860,gigawatt:osm-way-844386860,source-native building observation,9.6.2
campus:a412fb58bdcb68f5,campus:a412fb58bdcb68f5,campus:a412fb58bdcb68f5,observation_supports_campus,google-midlothian-tx,gigawatt:google-midlothian-tx,campus identity evidence,9.6.2
building:7bb838da6f80c110,campus:7e1ae48bc2d09f18,campus:7e1ae48bc2d09f18,building_in_campus,im3-source:513e56f469c27ae1,im3:513e56f469c27ae1,source-native building observation,9.6.2
building:7bb838da6f80c110,campus:7e1ae48bc2d09f18,campus:7e1ae48bc2d09f18,building_in_campus,osm-way-1069388141,gigawatt:osm-way-1069388141,source-native building observation,9.6.2
building:7bfcec49a44d1a3c,campus:7e1ae48bc2d09f18,campus:7e1ae48bc2d09f18,building_in_campus,im3-source:7637fa6b1de52a8b,im3:7637fa6b1de52a8b,source-native building observation,9.6.2
building:7bfcec49a44d1a3c,campus:7e1ae48bc2d09f18,campus:7e1ae48bc2d09f18,building_in_campus,osm-way-1069388147,gigawatt:osm-way-1069388147,source-native building observation,9.6.2
building:03be1b143975889d,campus:7e1ae48bc2d09f18,campus:7e1ae48bc2d09f18,building_in_campus,im3-source:8e34aed7b871e8fe,im3:8e34aed7b871e8fe,source-native building observation,9.6.2
building:a8e4c6fb87252295,campus:7e1ae48bc2d09f18,campus:7e1ae48bc2d09f18,building_in_campus,im3-source:9dfd014bb8bf7397,im3:9dfd014bb8bf7397,source-native building observation,9.6.2
building:a8e4c6fb87252295,campus:7e1ae48bc2d09f18,campus:7e1ae48bc2d09f18,building_in_campus,osm-way-1069388075,gigawatt:osm-way-1069388075,source-native building observation,9.6.2
building:6af049e6c9cb8d82,campus:7e1ae48bc2d09f18,campus:7e1ae48bc2d09f18,building_in_campus,im3-source:b95eafc69f97e818,im3:b95eafc69f97e818,source-native building observation,9.6.2
building:6af049e6c9cb8d82,campus:7e1ae48bc2d09f18,campus:7e1ae48bc2d09f18,building_in_campus,osm-way-610827836,gigawatt:osm-way-610827836,source-native building observation,9.6.2
building:44e01b5a9599733e,campus:7e1ae48bc2d09f18,campus:7e1ae48bc2d09f18,building_in_campus,im3-source:cca902f1a9723046,im3:cca902f1a9723046,source-native building observation,9.6.2
building:44e01b5a9599733e,campus:7e1ae48bc2d09f18,campus:7e1ae48bc2d09f18,building_in_campus,osm-way-1069388186,gigawatt:osm-way-1069388186,source-native building observation,9.6.2
building:f6c2f08cf85e3c27,campus:7e1ae48bc2d09f18,campus:7e1ae48bc2d09f18,building_in_campus,im3-source:e844fc01a9a5191d,im3:e844fc01a9a5191d,source-native building observation,9.6.2
building:f6c2f08cf85e3c27,campus:7e1ae48bc2d09f18,campus:7e1ae48bc2d09f18,building_in_campus,osm-way-1069388211,gigawatt:osm-way-1069388211,source-native building observation,9.6.2
building:cb94ee54fe9a72b0,campus:7e1ae48bc2d09f18,campus:7e1ae48bc2d09f18,building_in_campus,im3-source:e9b26fab16ae4ec4,im3:e9b26fab16ae4ec4,source-native building observation,9.6.2
building:cb94ee54fe9a72b0,campus:7e1ae48bc2d09f18,campus:7e1ae48bc2d09f18,building_in_campus,osm-way-1069388067,gigawatt:osm-way-1069388067,source-native building observation,9.6.2
building:546f305b002a5d21,campus:7e1ae48bc2d09f18,campus:7e1ae48bc2d09f18,building_in_campus,im3-source:fab855de49de942d,im3:fab855de49de942d,source-native building observation,9.6.2
building:546f305b002a5d21,campus:7e1ae48bc2d09f18,campus:7e1ae48bc2d09f18,building_in_campus,osm-way-1069388095,gigawatt:osm-way-1069388095,source-native building observation,9.6.2
building:8fd645bc35447ef2,campus:7e1ae48bc2d09f18,campus:7e1ae48bc2d09f18,building_in_campus,osm-way-626226408,gigawatt:osm-way-626226408,source-native building observation,9.6.2
campus:7e1ae48bc2d09f18,campus:7e1ae48bc2d09f18,campus:7e1ae48bc2d09f18,observation_supports_campus,google-moncks-corner-sc,gigawatt:google-moncks-corner-sc,campus identity evidence,9.6.2
building:1952406015be5dc6,campus:23d744f193dd923b,campus:23d744f193dd923b,building_in_campus,im3-source:104191c09401c808,im3:104191c09401c808,source-native building observation,9.6.2
building:1952406015be5dc6,campus:23d744f193dd923b,campus:23d744f193dd923b,building_in_campus,osm-way-844391358,gigawatt:osm-way-844391358,source-native building observation,9.6.2
building:d15bfcbb5af7c38a,campus:23d744f193dd923b,campus:23d744f193dd923b,building_in_campus,im3-source:1d30a111f9a88b1e,im3:1d30a111f9a88b1e,source-native building observation,9.6.2
building:d15bfcbb5af7c38a,campus:23d744f193dd923b,campus:23d744f193dd923b,building_in_campus,osm-way-1386016633,gigawatt:osm-way-1386016633,source-native building observation,9.6.2
building:a5e21c2843ab9b9a,campus:23d744f193dd923b,campus:23d744f193dd923b,building_in_campus,im3-source:5695a381544a9962,im3:5695a381544a9962,source-native building observation,9.6.2
building:a5e21c2843ab9b9a,campus:23d744f193dd923b,campus:23d744f193dd923b,building_in_campus,osm-way-1252196811,gigawatt:osm-way-1252196811,source-native building observation,9.6.2
building:bf2720ca8d559672,campus:23d744f193dd923b,campus:23d744f193dd923b,building_in_campus,im3-source:ab572e92760bc5db,im3:ab572e92760bc5db,source-native building observation,9.6.2
building:bf2720ca8d559672,campus:23d744f193dd923b,campus:23d744f193dd923b,building_in_campus,osm-way-1427613543,gigawatt:osm-way-1427613543,source-native building observation,9.6.2
building:8f41f5bde59b7e79,campus:23d744f193dd923b,campus:23d744f193dd923b,building_in_campus,im3-source:e6a0651918a6d105,im3:e6a0651918a6d105,source-native building observation,9.6.2
building:8f41f5bde59b7e79,campus:23d744f193dd923b,campus:23d744f193dd923b,building_in_campus,osm-way-1222007663,gigawatt:osm-way-1222007663,source-native building observation,9.6.2
campus:23d744f193dd923b,campus:23d744f193dd923b,campus:23d744f193dd923b,observation_supports_campus,google-new-albany-oh,gigawatt:google-new-albany-oh,campus identity evidence,9.6.2
building:0bc88a30fae5244d,campus:3768e1f667291e55,campus:3768e1f667291e55,building_in_campus,im3-source:27af896a4dcd425a,im3:27af896a4dcd425a,source-native building observation,9.6.2
building:0bc88a30fae5244d,campus:3768e1f667291e55,campus:3768e1f667291e55,building_in_campus,osm-way-844394357,gigawatt:osm-way-844394357,source-native building observation,9.6.2
building:f22c9b5d6c734b58,campus:3768e1f667291e55,campus:3768e1f667291e55,building_in_campus,im3-source:36ea315e1a44e479,im3:36ea315e1a44e479,source-native building observation,9.6.2
building:f22c9b5d6c734b58,campus:3768e1f667291e55,campus:3768e1f667291e55,building_in_campus,osm-way-1312801354,gigawatt:osm-way-1312801354,source-native building observation,9.6.2
building:00a123eb177de3e5,campus:3768e1f667291e55,campus:3768e1f667291e55,building_in_campus,im3-source:39b3d26954f6a333,im3:39b3d26954f6a333,source-native building observation,9.6.2
building:b2fe822c70496025,campus:3768e1f667291e55,campus:3768e1f667291e55,building_in_campus,im3-source:e7e9c938b1942eeb,im3:e7e9c938b1942eeb,source-native building observation,9.6.2
building:b2fe822c70496025,campus:3768e1f667291e55,campus:3768e1f667291e55,building_in_campus,osm-way-1237494981,gigawatt:osm-way-1237494981,source-native building observation,9.6.2
campus:3768e1f667291e55,campus:3768e1f667291e55,campus:3768e1f667291e55,observation_supports_campus,google-papillion-ne,gigawatt:google-papillion-ne,campus identity evidence,9.6.2
campus:4ec98bb614bfd468,campus:4ec98bb614bfd468,campus:4ec98bb614bfd468,observation_supports_campus,homer-city-pa,gigawatt:homer-city-pa,campus identity evidence,9.6.2
campus:42139be17edf4a91,campus:42139be17edf4a91,campus:42139be17edf4a91,observation_supports_campus,iren-childress-tx,gigawatt:iren-childress-tx,campus identity evidence,9.6.2
campus:5d0a0e706219b80e,campus:5d0a0e706219b80e,campus:5d0a0e706219b80e,observation_supports_campus,meta-eagle-mountain-ut,gigawatt:meta-eagle-mountain-ut,campus identity evidence,9.6.2
campus:bccd9ffedeba3668,campus:bccd9ffedeba3668,campus:bccd9ffedeba3668,observation_supports_campus,meta-hyperion-la,gigawatt:meta-hyperion-la,campus identity evidence,9.6.2
campus:4b2dd481a90d37e3,campus:4b2dd481a90d37e3,campus:4b2dd481a90d37e3,observation_supports_campus,meta-prometheus-oh,gigawatt:meta-prometheus-oh,campus identity evidence,9.6.2
campus:eae86390c7375342,campus:eae86390c7375342,campus:eae86390c7375342,observation_supports_campus,microsoft-mt-shadow-va,gigawatt:microsoft-mt-shadow-va,campus identity evidence,9.6.2
campus:81ed090ec17f7988,campus:81ed090ec17f7988,campus:81ed090ec17f7988,observation_supports_campus,microsoft-quincy-wa,gigawatt:microsoft-quincy-wa,campus identity evidence,9.6.2
campus:cea8fbffbee8c128,campus:cea8fbffbee8c128,campus:cea8fbffbee8c128,observation_supports_campus,nebius-vineland-nj,gigawatt:nebius-vineland-nj,campus identity evidence,9.6.2
campus:14e63a7bffe08ebd,campus:14e63a7bffe08ebd,campus:14e63a7bffe08ebd,observation_supports_campus,oracle-cloud-arizona,gigawatt:oracle-cloud-arizona,campus identity evidence,9.6.2
campus:573df0c42b6d6a63,campus:573df0c42b6d6a63,campus:573df0c42b6d6a63,observation_supports_campus,qts-ashburn-va,gigawatt:qts-ashburn-va,campus identity evidence,9.6.2
campus:a2734a2b4e8df22c,campus:a2734a2b4e8df22c,campus:a2734a2b4e8df22c,observation_supports_campus,stargate-dona-ana-nm,gigawatt:stargate-dona-ana-nm,campus identity evidence,9.6.2
campus:66f60f0d0e391602,campus:66f60f0d0e391602,campus:66f60f0d0e391602,observation_supports_campus,stargate-lordstown-oh,gigawatt:stargate-lordstown-oh,campus identity evidence,9.6.2
campus:cc504a53b406c88e,campus:cc504a53b406c88e,campus:cc504a53b406c88e,observation_supports_campus,stargate-milam-tx,gigawatt:stargate-milam-tx,campus identity evidence,9.6.2
campus:ae3d2f997cf4c94a,campus:ae3d2f997cf4c94a,campus:ae3d2f997cf4c94a,observation_supports_campus,stargate-shackelford-tx,gigawatt:stargate-shackelford-tx,campus identity evidence,9.6.2
campus:4cfb8da25bd92e66,campus:4cfb8da25bd92e66,campus:4cfb8da25bd92e66,observation_supports_campus,talen-susquehanna-pa,gigawatt:talen-susquehanna-pa,campus identity evidence,9.6.2
campus:298ee776bb8831fd,campus:298ee776bb8831fd,campus:298ee776bb8831fd,observation_supports_campus,xai-colossus-1-tn,gigawatt:xai-colossus-1-tn,campus identity evidence,9.6.2
campus:91e397c8808a7f99,campus:91e397c8808a7f99,campus:91e397c8808a7f99,observation_supports_campus,xai-colossus-2-tn,gigawatt:xai-colossus-2-tn,campus identity evidence,9.6.2
building:5e4e217aabdc769d,campus-inferred:f2603b17d6465516,campus-inferred:f2603b17d6465516,building_in_campus,im3-source:911d39b4a10ed4b5,im3:911d39b4a10ed4b5,source-native building observation,9.6.2
building:5e4e217aabdc769d,campus-inferred:f2603b17d6465516,campus-inferred:f2603b17d6465516,building_in_campus,osm-way-977653858,gigawatt:osm-way-977653858,source-native building observation,9.6.2
building:5ec75d25d6533e47,campus-inferred:f2603b17d6465516,campus-inferred:f2603b17d6465516,building_in_campus,im3-source:e3a6ef761dee738d,im3:e3a6ef761dee738d,source-native building observation,9.6.2
building:5ec75d25d6533e47,campus-inferred:f2603b17d6465516,campus-inferred:f2603b17d6465516,building_in_campus,osm-way-1227684020,gigawatt:osm-way-1227684020,source-native building observation,9.6.2
building:4e1cb3349e110fa2,campus-inferred:8ce99202469699a6,campus-inferred:8ce99202469699a6,building_in_campus,im3-source:0e3597a2fdb51ce9,im3:0e3597a2fdb51ce9,source-native building observation,9.6.2
building:168b5d8373a92109,campus-inferred:8ce99202469699a6,campus-inferred:8ce99202469699a6,building_in_campus,osm-way-300952513,gigawatt:osm-way-300952513,source-native building observation,9.6.2
building:42c32940431553f4,campus-inferred:a4bec5c5d23e1759,campus-inferred:a4bec5c5d23e1759,building_in_campus,im3-source:6eaae53b465051a3,im3:6eaae53b465051a3,source-native building observation,9.6.2
building:7994a0e4a25b52d7,campus-inferred:a4bec5c5d23e1759,campus-inferred:a4bec5c5d23e1759,building_in_campus,osm-way-220518160,gigawatt:osm-way-220518160,source-native building observation,9.6.2
building:0e36bfc5e312b25c,campus-inferred:08853d04401dbc92,campus-inferred:08853d04401dbc92,building_in_campus,im3-source:9a8c6c8f95634a7a,im3:9a8c6c8f95634a7a,source-native building observation,9.6.2
building:846e8d1da86c45ab,campus-inferred:08853d04401dbc92,campus-inferred:08853d04401dbc92,building_in_campus,osm-way-492699069,gigawatt:osm-way-492699069,source-native building observation,9.6.2
building:417c4fce1b5d05a4,campus-inferred:1d308bed59a168aa,campus-inferred:1d308bed59a168aa,building_in_campus,im3-source:e9a5aaf552cfff38,im3:e9a5aaf552cfff38,source-native building observation,9.6.2
building:c192ee8dc31687e1,campus-inferred:1d308bed59a168aa,campus-inferred:1d308bed59a168aa,building_in_campus,osm-way-424945852,gigawatt:osm-way-424945852,source-native building observation,9.6.2
building:412e2a36bf0eaa21,campus-inferred:7d5d52f4d10d811b,campus-inferred:7d5d52f4d10d811b,building_in_campus,im3-source:1679dee5af4809e5,im3:1679dee5af4809e5,source-native building observation,9.6.2
building:412e2a36bf0eaa21,campus-inferred:7d5d52f4d10d811b,campus-inferred:7d5d52f4d10d811b,building_in_campus,osm-way-460159928,gigawatt:osm-way-460159928,source-native building observation,9.6.2
building:bb4ca9cdc48fc94b,campus-inferred:7d5d52f4d10d811b,campus-inferred:7d5d52f4d10d811b,building_in_campus,im3-source:5548e60f57081e95,im3:5548e60f57081e95,source-native building observation,9.6.2
building:bb4ca9cdc48fc94b,campus-inferred:7d5d52f4d10d811b,campus-inferred:7d5d52f4d10d811b,building_in_campus,osm-way-38305568,gigawatt:osm-way-38305568,source-native building observation,9.6.2
building:3afdf67e15de3393,campus-inferred:4e9609de1aff9720,campus-inferred:4e9609de1aff9720,building_in_campus,osm-way-209073641,gigawatt:osm-way-209073641,source-native building observation,9.6.2
building:f4a36a4a7d01cfb0,campus-inferred:4e9609de1aff9720,campus-inferred:4e9609de1aff9720,building_in_campus,osm-way-209073649,gigawatt:osm-way-209073649,source-native building observation,9.6.2
building:65653887769f856c,campus-inferred:4e9609de1aff9720,campus-inferred:4e9609de1aff9720,building_in_campus,osm-way-209073653,gigawatt:osm-way-209073653,source-native building observation,9.6.2
building:021eb584de6a66be,campus-inferred:4e9609de1aff9720,campus-inferred:4e9609de1aff9720,building_in_campus,osm-way-209073657,gigawatt:osm-way-209073657,source-native building observation,9.6.2
building:21cde6ccb30672be,campus-inferred:1cbc51c9d5c76cef,campus-inferred:1cbc51c9d5c76cef,building_in_campus,im3-source:453d25a09ab46407,im3:453d25a09ab46407,source-native building observation,9.6.2
building:21cde6ccb30672be,campus-inferred:1cbc51c9d5c76cef,campus-inferred:1cbc51c9d5c76cef,building_in_campus,osm-way-209073658,gigawatt:osm-way-209073658,source-native building observation,9.6.2
building:8022f27f1064f2ab,campus-inferred:1cbc51c9d5c76cef,campus-inferred:1cbc51c9d5c76cef,building_in_campus,im3-source:a792f973bbb0132d,im3:a792f973bbb0132d,source-native building observation,9.6.2
building:8022f27f1064f2ab,campus-inferred:1cbc51c9d5c76cef,campus-inferred:1cbc51c9d5c76cef,building_in_campus,osm-way-1344376231,gigawatt:osm-way-1344376231,source-native building observation,9.6.2
building:b5d6ad55e6851856,campus-inferred:a4249f425d31fae5,campus-inferred:a4249f425d31fae5,building_in_campus,osm-way-54121151,gigawatt:osm-way-54121151,source-native building observation,9.6.2
building:83c15c13b5abb8f7,campus-inferred:a4249f425d31fae5,campus-inferred:a4249f425d31fae5,building_in_campus,osm-way-58708529,gigawatt:osm-way-58708529,source-native building observation,9.6.2
building:47450f2835c43f22,campus-inferred:236a3c0484b3fa24,campus-inferred:236a3c0484b3fa24,building_in_campus,im3-source:4dbc05c5dcfce5ad,im3:4dbc05c5dcfce5ad,source-native building observation,9.6.2
building:70f6612fceaff7ce,campus-inferred:236a3c0484b3fa24,campus-inferred:236a3c0484b3fa24,building_in_campus,im3-source:83f0bf210632ed31,im3:83f0bf210632ed31,source-native building observation,9.6.2
building:d4e2925ffa5b01c5,campus-inferred:c887acb79cd7ff0a,campus-inferred:c887acb79cd7ff0a,building_in_campus,im3-source:3642cf3c6ea5cab6,im3:3642cf3c6ea5cab6,source-native building observation,9.6.2
building:d4e2925ffa5b01c5,campus-inferred:c887acb79cd7ff0a,campus-inferred:c887acb79cd7ff0a,building_in_campus,osm-way-54119667,gigawatt:osm-way-54119667,source-native building observation,9.6.2
building:b822930ec68260a6,campus-inferred:c887acb79cd7ff0a,campus-inferred:c887acb79cd7ff0a,building_in_campus,im3-source:b51644595f083a8d,im3:b51644595f083a8d,source-native building observation,9.6.2
building:b822930ec68260a6,campus-inferred:c887acb79cd7ff0a,campus-inferred:c887acb79cd7ff0a,building_in_campus,osm-way-54119665,gigawatt:osm-way-54119665,source-native building observation,9.6.2
building:24c38ecf415ac851,campus-inferred:3311a260f4198f22,campus-inferred:3311a260f4198f22,building_in_campus,im3-source:070c23ac6fff3825,im3:070c23ac6fff3825,source-native building observation,9.6.2
building:24c38ecf415ac851,campus-inferred:3311a260f4198f22,campus-inferred:3311a260f4198f22,building_in_campus,osm-way-553223629,gigawatt:osm-way-553223629,source-native building observation,9.6.2
building:6214d98b84226932,campus-inferred:3311a260f4198f22,campus-inferred:3311a260f4198f22,building_in_campus,im3-source:5ef1a334341df94d,im3:5ef1a334341df94d,source-native building observation,9.6.2
building:6214d98b84226932,campus-inferred:3311a260f4198f22,campus-inferred:3311a260f4198f22,building_in_campus,osm-way-553223628,gigawatt:osm-way-553223628,source-native building observation,9.6.2
building:bc05b5ca49995924,campus-inferred:3311a260f4198f22,campus-inferred:3311a260f4198f22,building_in_campus,osm-node-8238715059,gigawatt:osm-node-8238715059,source-native building observation,9.6.2
building:bc05b5ca49995924,campus-inferred:3311a260f4198f22,campus-inferred:3311a260f4198f22,building_in_campus,osm-node-8238715061,gigawatt:osm-node-8238715061,source-native building observation,9.6.2
building:3c2d8dfbef6a6f34,campus-inferred:0aabb7409e426eaf,campus-inferred:0aabb7409e426eaf,building_in_campus,im3-source:23600d1854540f7e,im3:23600d1854540f7e,source-native building observation,9.6.2
building:2fe80ff5a4b83d2b,campus-inferred:0aabb7409e426eaf,campus-inferred:0aabb7409e426eaf,building_in_campus,osm-way-289620443,gigawatt:osm-way-289620443,source-native building observation,9.6.2
building:3376f3198995c6ca,campus-inferred:37a0956117d1ef6c,campus-inferred:37a0956117d1ef6c,building_in_campus,im3-source:d82a2fa8f96a6bf8,im3:d82a2fa8f96a6bf8,source-native building observation,9.6.2
building:cd7a631f2ae88ab9,campus-inferred:37a0956117d1ef6c,campus-inferred:37a0956117d1ef6c,building_in_campus,osm-way-460085343,gigawatt:osm-way-460085343,source-native building observation,9.6.2
building:5a2a2ef2d6ebfc66,campus-inferred:e43c466138b23d72,campus-inferred:e43c466138b23d72,building_in_campus,im3-source:0a04a3880b519126,im3:0a04a3880b519126,source-native building observation,9.6.2
building:5a36053a7a351caa,campus-inferred:e43c466138b23d72,campus-inferred:e43c466138b23d72,building_in_campus,osm-way-192307107,gigawatt:osm-way-192307107,source-native building observation,9.6.2
building:198641862e9c8586,campus-inferred:59b43551036e2e6f,campus-inferred:59b43551036e2e6f,building_in_campus,im3-source:dd611cd007733dcc,im3:dd611cd007733dcc,source-native building observation,9.6.2
building:a34233389823691e,campus-inferred:59b43551036e2e6f,campus-inferred:59b43551036e2e6f,building_in_campus,osm-way-194049551,gigawatt:osm-way-194049551,source-native building observation,9.6.2
building:e74321473935567d,campus-inferred:07dad9229cfdc9b9,campus-inferred:07dad9229cfdc9b9,building_in_campus,im3-source:22b909f917c655ec,im3:22b909f917c655ec,source-native building observation,9.6.2
building:e74321473935567d,campus-inferred:07dad9229cfdc9b9,campus-inferred:07dad9229cfdc9b9,building_in_campus,osm-way-460159955,gigawatt:osm-way-460159955,source-native building observation,9.6.2
building:8daec0fefb0d6b83,campus-inferred:07dad9229cfdc9b9,campus-inferred:07dad9229cfdc9b9,building_in_campus,im3-source:90722012bcf761f9,im3:90722012bcf761f9,source-native building observation,9.6.2
building:8daec0fefb0d6b83,campus-inferred:07dad9229cfdc9b9,campus-inferred:07dad9229cfdc9b9,building_in_campus,osm-way-38305611,gigawatt:osm-way-38305611,source-native building observation,9.6.2
building:e3eaf42f6aae7f55,campus-inferred:2e63bd180ba8f71f,campus-inferred:2e63bd180ba8f71f,building_in_campus,im3-source:3d85b43a1d0eb0db,im3:3d85b43a1d0eb0db,source-native building observation,9.6.2
building:0b6ecec248fba692,campus-inferred:2e63bd180ba8f71f,campus-inferred:2e63bd180ba8f71f,building_in_campus,osm-way-38305431,gigawatt:osm-way-38305431,source-native building observation,9.6.2
building:6173233005315386,campus-inferred:79fdd8adcb8f7070,campus-inferred:79fdd8adcb8f7070,building_in_campus,im3-source:32971fd98d5f456d,im3:32971fd98d5f456d,source-native building observation,9.6.2
building:6173233005315386,campus-inferred:79fdd8adcb8f7070,campus-inferred:79fdd8adcb8f7070,building_in_campus,osm-way-209073636,gigawatt:osm-way-209073636,source-native building observation,9.6.2
building:1a89b591419bdbc8,campus-inferred:79fdd8adcb8f7070,campus-inferred:79fdd8adcb8f7070,building_in_campus,im3-source:850bf65a5827c81a,im3:850bf65a5827c81a,source-native building observation,9.6.2
building:1a89b591419bdbc8,campus-inferred:79fdd8adcb8f7070,campus-inferred:79fdd8adcb8f7070,building_in_campus,osm-way-209073659,gigawatt:osm-way-209073659,source-native building observation,9.6.2
building:418e30fd8a28a8f7,campus-inferred:8015716be073c9e3,campus-inferred:8015716be073c9e3,building_in_campus,im3-source:6dff20edf7a1f568,im3:6dff20edf7a1f568,source-native building observation,9.6.2
building:418e30fd8a28a8f7,campus-inferred:8015716be073c9e3,campus-inferred:8015716be073c9e3,building_in_campus,osm-way-453969917,gigawatt:osm-way-453969917,source-native building observation,9.6.2
building:8d463d3dbb802543,campus-inferred:8015716be073c9e3,campus-inferred:8015716be073c9e3,building_in_campus,im3-source:c1ae5336ba69e48e,im3:c1ae5336ba69e48e,source-native building observation,9.6.2
building:8d463d3dbb802543,campus-inferred:8015716be073c9e3,campus-inferred:8015716be073c9e3,building_in_campus,osm-way-453969923,gigawatt:osm-way-453969923,source-native building observation,9.6.2
building:41590a5c38dddb82,campus-inferred:e249d6f8de109bf7,campus-inferred:e249d6f8de109bf7,building_in_campus,im3-source:7ee24c8397f1ce54,im3:7ee24c8397f1ce54,source-native building observation,9.6.2
building:048f31251484dbea,campus-inferred:e249d6f8de109bf7,campus-inferred:e249d6f8de109bf7,building_in_campus,osm-way-122665255,gigawatt:osm-way-122665255,source-native building observation,9.6.2
building:a6046640fb378837,campus-inferred:701a80fd22d7f87d,campus-inferred:701a80fd22d7f87d,building_in_campus,im3-source:a5c501673a0b3687,im3:a5c501673a0b3687,source-native building observation,9.6.2
building:bc33287783ae22db,campus-inferred:701a80fd22d7f87d,campus-inferred:701a80fd22d7f87d,building_in_campus,osm-way-975064000,gigawatt:osm-way-975064000,source-native building observation,9.6.2
building:998376e4316afa1f,campus-inferred:606d61b900f8d76e,campus-inferred:606d61b900f8d76e,building_in_campus,im3-source:7bbce29c2a7a7b49,im3:7bbce29c2a7a7b49,source-native building observation,9.6.2
building:336b73d956f6a6ef,campus-inferred:606d61b900f8d76e,campus-inferred:606d61b900f8d76e,building_in_campus,osm-way-1007825570,gigawatt:osm-way-1007825570,source-native building observation,9.6.2
building:5c37eddbf9a4291b,campus-inferred:021f44990c3286da,campus-inferred:021f44990c3286da,building_in_campus,im3-source:289823a133da33fa,im3:289823a133da33fa,source-native building observation,9.6.2
building:e95997c5beaae91b,campus-inferred:021f44990c3286da,campus-inferred:021f44990c3286da,building_in_campus,osm-way-269847438,gigawatt:osm-way-269847438,source-native building observation,9.6.2
building:30d3bdf143923774,campus-inferred:1d18d34e1078ace8,campus-inferred:1d18d34e1078ace8,building_in_campus,im3-source:0f9005b8ed688d0e,im3:0f9005b8ed688d0e,source-native building observation,9.6.2
building:2b4da139d10eae9f,campus-inferred:1d18d34e1078ace8,campus-inferred:1d18d34e1078ace8,building_in_campus,osm-way-387378765,gigawatt:osm-way-387378765,source-native building observation,9.6.2
building:13274a6e868db939,campus-inferred:dd52460e880819a1,campus-inferred:dd52460e880819a1,building_in_campus,im3-source:99f9ecabafbf1935,im3:99f9ecabafbf1935,source-native building observation,9.6.2
building:166972f00fdaca89,campus-inferred:dd52460e880819a1,campus-inferred:dd52460e880819a1,building_in_campus,osm-way-387379196,gigawatt:osm-way-387379196,source-native building observation,9.6.2
building:f9b4d3bee1a2e672,campus-inferred:cdb5354effc6dce8,campus-inferred:cdb5354effc6dce8,building_in_campus,im3-source:2aa9c7a49e6d73de,im3:2aa9c7a49e6d73de,source-native building observation,9.6.2
building:f9b4d3bee1a2e672,campus-inferred:cdb5354effc6dce8,campus-inferred:cdb5354effc6dce8,building_in_campus,osm-way-1253282103,gigawatt:osm-way-1253282103,source-native building observation,9.6.2
building:f9c11d577b448d16,campus-inferred:cdb5354effc6dce8,campus-inferred:cdb5354effc6dce8,building_in_campus,im3-source:df848ddb70c36788,im3:df848ddb70c36788,source-native building observation,9.6.2
building:f9c11d577b448d16,campus-inferred:cdb5354effc6dce8,campus-inferred:cdb5354effc6dce8,building_in_campus,osm-way-830931210,gigawatt:osm-way-830931210,source-native building observation,9.6.2
building:d212a24bb08744ae,campus-inferred:8a5d3e54074e2098,campus-inferred:8a5d3e54074e2098,building_in_campus,im3-source:0ec79a957d777eda,im3:0ec79a957d777eda,source-native building observation,9.6.2
building:d212a24bb08744ae,campus-inferred:8a5d3e54074e2098,campus-inferred:8a5d3e54074e2098,building_in_campus,osm-way-1073720219,gigawatt:osm-way-1073720219,source-native building observation,9.6.2
building:14b841c1c9c75b96,campus-inferred:8a5d3e54074e2098,campus-inferred:8a5d3e54074e2098,building_in_campus,im3-source:23890e570eb82a72,im3:23890e570eb82a72,source-native building observation,9.6.2
building:14b841c1c9c75b96,campus-inferred:8a5d3e54074e2098,campus-inferred:8a5d3e54074e2098,building_in_campus,osm-way-1073720220,gigawatt:osm-way-1073720220,source-native building observation,9.6.2
building:bdb6cc3ab3e4736f,campus-inferred:8a5d3e54074e2098,campus-inferred:8a5d3e54074e2098,building_in_campus,im3-source:353e5c1b1e32b320,im3:353e5c1b1e32b320,source-native building observation,9.6.2
building:bdb6cc3ab3e4736f,campus-inferred:8a5d3e54074e2098,campus-inferred:8a5d3e54074e2098,building_in_campus,osm-way-1073720208,gigawatt:osm-way-1073720208,source-native building observation,9.6.2
building:65d34909038b759c,campus-inferred:8a5d3e54074e2098,campus-inferred:8a5d3e54074e2098,building_in_campus,im3-source:3a13df931fc23e56,im3:3a13df931fc23e56,source-native building observation,9.6.2
building:65d34909038b759c,campus-inferred:8a5d3e54074e2098,campus-inferred:8a5d3e54074e2098,building_in_campus,osm-way-1073720221,gigawatt:osm-way-1073720221,source-native building observation,9.6.2
building:955661f760570162,campus-inferred:8a5d3e54074e2098,campus-inferred:8a5d3e54074e2098,building_in_campus,im3-source:3b62143c652a5833,im3:3b62143c652a5833,source-native building observation,9.6.2
building:955661f760570162,campus-inferred:8a5d3e54074e2098,campus-inferred:8a5d3e54074e2098,building_in_campus,osm-way-1073720214,gigawatt:osm-way-1073720214,source-native building observation,9.6.2
building:c2b8c5c0080e06d5,campus-inferred:8a5d3e54074e2098,campus-inferred:8a5d3e54074e2098,building_in_campus,im3-source:83db16687957ee21,im3:83db16687957ee21,source-native building observation,9.6.2
building:c2b8c5c0080e06d5,campus-inferred:8a5d3e54074e2098,campus-inferred:8a5d3e54074e2098,building_in_campus,osm-way-1073720217,gigawatt:osm-way-1073720217,source-native building observation,9.6.2
building:4f881eaa35b0bf31,campus-inferred:8a5d3e54074e2098,campus-inferred:8a5d3e54074e2098,building_in_campus,im3-source:8ba50a717b66d814,im3:8ba50a717b66d814,source-native building observation,9.6.2
building:4f881eaa35b0bf31,campus-inferred:8a5d3e54074e2098,campus-inferred:8a5d3e54074e2098,building_in_campus,osm-way-1073720218,gigawatt:osm-way-1073720218,source-native building observation,9.6.2
building:3641f92e7280b7c1,campus-inferred:8a5d3e54074e2098,campus-inferred:8a5d3e54074e2098,building_in_campus,im3-source:ad6ec05d335ff7c1,im3:ad6ec05d335ff7c1,source-native building observation,9.6.2
building:3641f92e7280b7c1,campus-inferred:8a5d3e54074e2098,campus-inferred:8a5d3e54074e2098,building_in_campus,osm-way-1073720215,gigawatt:osm-way-1073720215,source-native building observation,9.6.2
building:0efca8b4199e660a,campus-inferred:8a5d3e54074e2098,campus-inferred:8a5d3e54074e2098,building_in_campus,im3-source:b54f832d62f65350,im3:b54f832d62f65350,source-native building observation,9.6.2
building:0efca8b4199e660a,campus-inferred:8a5d3e54074e2098,campus-inferred:8a5d3e54074e2098,building_in_campus,osm-way-1073720210,gigawatt:osm-way-1073720210,source-native building observation,9.6.2
building:b21eea75db0b933d,campus-inferred:8a5d3e54074e2098,campus-inferred:8a5d3e54074e2098,building_in_campus,im3-source:cc24287593a3b24e,im3:cc24287593a3b24e,source-native building observation,9.6.2
building:b21eea75db0b933d,campus-inferred:8a5d3e54074e2098,campus-inferred:8a5d3e54074e2098,building_in_campus,osm-way-1073720209,gigawatt:osm-way-1073720209,source-native building observation,9.6.2
building:7f58dbe08d455dc8,campus-inferred:8a5d3e54074e2098,campus-inferred:8a5d3e54074e2098,building_in_campus,im3-source:dad816922ca33fa2,im3:dad816922ca33fa2,source-native building observation,9.6.2
building:7f58dbe08d455dc8,campus-inferred:8a5d3e54074e2098,campus-inferred:8a5d3e54074e2098,building_in_campus,osm-way-1073720211,gigawatt:osm-way-1073720211,source-native building observation,9.6.2
building:8132ba5fdc30d080,campus-inferred:8a5d3e54074e2098,campus-inferred:8a5d3e54074e2098,building_in_campus,im3-source:e4084fa6c4fb6e8a,im3:e4084fa6c4fb6e8a,source-native building observation,9.6.2
building:8132ba5fdc30d080,campus-inferred:8a5d3e54074e2098,campus-inferred:8a5d3e54074e2098,building_in_campus,osm-way-1073720212,gigawatt:osm-way-1073720212,source-native building observation,9.6.2
building:2be79a72cb89f691,campus-inferred:8a5d3e54074e2098,campus-inferred:8a5d3e54074e2098,building_in_campus,im3-source:ed65c7283ea57497,im3:ed65c7283ea57497,source-native building observation,9.6.2
building:2be79a72cb89f691,campus-inferred:8a5d3e54074e2098,campus-inferred:8a5d3e54074e2098,building_in_campus,osm-way-1073720216,gigawatt:osm-way-1073720216,source-native building observation,9.6.2
building:d8063d27aafffb4f,campus-inferred:8a5d3e54074e2098,campus-inferred:8a5d3e54074e2098,building_in_campus,im3-source:fde24513287bb3ba,im3:fde24513287bb3ba,source-native building observation,9.6.2
building:d8063d27aafffb4f,campus-inferred:8a5d3e54074e2098,campus-inferred:8a5d3e54074e2098,building_in_campus,osm-way-1073720213,gigawatt:osm-way-1073720213,source-native building observation,9.6.2
building:d146fc2fbf3d9057,campus-inferred:e30fe652e4904538,campus-inferred:e30fe652e4904538,building_in_campus,im3-source:4c7d454c47595370,im3:4c7d454c47595370,source-native building observation,9.6.2
building:d146fc2fbf3d9057,campus-inferred:e30fe652e4904538,campus-inferred:e30fe652e4904538,building_in_campus,osm-way-1287260560,gigawatt:osm-way-1287260560,source-native building observation,9.6.2
building:d6a5816352e275f5,campus-inferred:e30fe652e4904538,campus-inferred:e30fe652e4904538,building_in_campus,im3-source:ff2c235962176c91,im3:ff2c235962176c91,source-native building observation,9.6.2
building:d6a5816352e275f5,campus-inferred:e30fe652e4904538,campus-inferred:e30fe652e4904538,building_in_campus,osm-way-1287260561,gigawatt:osm-way-1287260561,source-native building observation,9.6.2
building:d11df50e50f914c7,campus-inferred:e47eae4581382e99,campus-inferred:e47eae4581382e99,building_in_campus,im3-source:73188a009ddf80ba,im3:73188a009ddf80ba,source-native building observation,9.6.2
building:f65c2851aee2616c,campus-inferred:e47eae4581382e99,campus-inferred:e47eae4581382e99,building_in_campus,osm-way-209786637,gigawatt:osm-way-209786637,source-native building observation,9.6.2
building:3577b4168f2cd1eb,campus-inferred:be3bb5dbaaaabfee,campus-inferred:be3bb5dbaaaabfee,building_in_campus,im3-source:5c1d1ca1b39750b9,im3:5c1d1ca1b39750b9,source-native building observation,9.6.2
building:08393ae116f02f1d,campus-inferred:be3bb5dbaaaabfee,campus-inferred:be3bb5dbaaaabfee,building_in_campus,osm-way-149379943,gigawatt:osm-way-149379943,source-native building observation,9.6.2
building:ab82d507850a1901,campus-inferred:0920ea806374a7bb,campus-inferred:0920ea806374a7bb,building_in_campus,im3-source:356ea982a5e5633b,im3:356ea982a5e5633b,source-native building observation,9.6.2
building:1fc6f7d57230b541,campus-inferred:0920ea806374a7bb,campus-inferred:0920ea806374a7bb,building_in_campus,osm-way-409296605,gigawatt:osm-way-409296605,source-native building observation,9.6.2
building:911294e8c86b3ce8,campus-inferred:40f2eb4648f86878,campus-inferred:40f2eb4648f86878,building_in_campus,im3-source:d439fbb16720b955,im3:d439fbb16720b955,source-native building observation,9.6.2
building:631cc983e4090aad,campus-inferred:40f2eb4648f86878,campus-inferred:40f2eb4648f86878,building_in_campus,osm-way-128499684,gigawatt:osm-way-128499684,source-native building observation,9.6.2
building:53a5c71bd4d6b412,campus-inferred:c95182f73b555953,campus-inferred:c95182f73b555953,building_in_campus,im3-source:5ccb511d9587c558,im3:5ccb511d9587c558,source-native building observation,9.6.2
building:46ee2b70d4d4191e,campus-inferred:c95182f73b555953,campus-inferred:c95182f73b555953,building_in_campus,osm-way-713428715,gigawatt:osm-way-713428715,source-native building observation,9.6.2
building:c4f7be5210423794,campus-inferred:4f768bffece83e5b,campus-inferred:4f768bffece83e5b,building_in_campus,im3-source:4c6bb45ce5de8058,im3:4c6bb45ce5de8058,source-native building observation,9.6.2
building:97c8fdbc7503eeb6,campus-inferred:4f768bffece83e5b,campus-inferred:4f768bffece83e5b,building_in_campus,osm-way-713433204,gigawatt:osm-way-713433204,source-native building observation,9.6.2
building:d3478ded5818ebad,campus-inferred:762c60030fbf9216,campus-inferred:762c60030fbf9216,building_in_campus,im3-source:5cea3fe64ec30a25,im3:5cea3fe64ec30a25,source-native building observation,9.6.2
building:da0dba400ded0c9e,campus-inferred:762c60030fbf9216,campus-inferred:762c60030fbf9216,building_in_campus,osm-way-1219083554,gigawatt:osm-way-1219083554,source-native building observation,9.6.2
building:2170bcfcccba37fe,campus-inferred:bf673dfbf3b45f4c,campus-inferred:bf673dfbf3b45f4c,building_in_campus,im3-source:14f5e301cf436cba,im3:14f5e301cf436cba,source-native building observation,9.6.2
building:2170bcfcccba37fe,campus-inferred:bf673dfbf3b45f4c,campus-inferred:bf673dfbf3b45f4c,building_in_campus,osm-way-1312792612,gigawatt:osm-way-1312792612,source-native building observation,9.6.2
building:c79241d54770a167,campus-inferred:bf673dfbf3b45f4c,campus-inferred:bf673dfbf3b45f4c,building_in_campus,im3-source:3b42a10840645b89,im3:3b42a10840645b89,source-native building observation,9.6.2
building:c79241d54770a167,campus-inferred:bf673dfbf3b45f4c,campus-inferred:bf673dfbf3b45f4c,building_in_campus,osm-way-1312792611,gigawatt:osm-way-1312792611,source-native building observation,9.6.2
building:d225e7b37b238ddf,campus-inferred:bf673dfbf3b45f4c,campus-inferred:bf673dfbf3b45f4c,building_in_campus,im3-source:f0cec01c2b7566a9,im3:f0cec01c2b7566a9,source-native building observation,9.6.2
building:d225e7b37b238ddf,campus-inferred:bf673dfbf3b45f4c,campus-inferred:bf673dfbf3b45f4c,building_in_campus,osm-way-1312792613,gigawatt:osm-way-1312792613,source-native building observation,9.6.2
building:d897143d81745e15,campus-inferred:54ef02960928afe2,campus-inferred:54ef02960928afe2,building_in_campus,im3-source:822f1f75693d26c1,im3:822f1f75693d26c1,source-native building observation,9.6.2
building:80f44a25687326dc,campus-inferred:54ef02960928afe2,campus-inferred:54ef02960928afe2,building_in_campus,osm-way-1391966326,gigawatt:osm-way-1391966326,source-native building observation,9.6.2
building:149109403ad90ccc,campus-inferred:2a1313b8c59c82e5,campus-inferred:2a1313b8c59c82e5,building_in_campus,im3-source:7997376be03006c7,im3:7997376be03006c7,source-native building observation,9.6.2
building:149109403ad90ccc,campus-inferred:2a1313b8c59c82e5,campus-inferred:2a1313b8c59c82e5,building_in_campus,osm-way-460089168,gigawatt:osm-way-460089168,source-native building observation,9.6.2
building:c1de92af4074a5d1,campus-inferred:2a1313b8c59c82e5,campus-inferred:2a1313b8c59c82e5,building_in_campus,im3-source:b6b8d23ab0f08c9b,im3:b6b8d23ab0f08c9b,source-native building observation,9.6.2
building:c1de92af4074a5d1,campus-inferred:2a1313b8c59c82e5,campus-inferred:2a1313b8c59c82e5,building_in_campus,osm-way-883809860,gigawatt:osm-way-883809860,source-native building observation,9.6.2
building:901580f07d4ba82f,campus-inferred:2a1313b8c59c82e5,campus-inferred:2a1313b8c59c82e5,building_in_campus,im3-source:c52a01bd53fbe857,im3:c52a01bd53fbe857,source-native building observation,9.6.2
building:901580f07d4ba82f,campus-inferred:2a1313b8c59c82e5,campus-inferred:2a1313b8c59c82e5,building_in_campus,osm-way-460089167,gigawatt:osm-way-460089167,source-native building observation,9.6.2
building:3633154e832dd005,campus-inferred:e8a8ddfbaa6ea7df,campus-inferred:e8a8ddfbaa6ea7df,building_in_campus,im3-source:15532617f0919bd4,im3:15532617f0919bd4,source-native building observation,9.6.2
building:3633154e832dd005,campus-inferred:e8a8ddfbaa6ea7df,campus-inferred:e8a8ddfbaa6ea7df,building_in_campus,osm-way-405034584,gigawatt:osm-way-405034584,source-native building observation,9.6.2
building:8deda6124bcb6394,campus-inferred:e8a8ddfbaa6ea7df,campus-inferred:e8a8ddfbaa6ea7df,building_in_campus,im3-source:6055dba99a2e01db,im3:6055dba99a2e01db,source-native building observation,9.6.2
building:8deda6124bcb6394,campus-inferred:e8a8ddfbaa6ea7df,campus-inferred:e8a8ddfbaa6ea7df,building_in_campus,osm-way-405034574,gigawatt:osm-way-405034574,source-native building observation,9.6.2
building:ba3370b995b81bc5,campus-inferred:d417506e4255b4ea,campus-inferred:d417506e4255b4ea,building_in_campus,im3-source:824dbc355a1ba686,im3:824dbc355a1ba686,source-native building observation,9.6.2
building:ba3370b995b81bc5,campus-inferred:d417506e4255b4ea,campus-inferred:d417506e4255b4ea,building_in_campus,osm-way-1422101108,gigawatt:osm-way-1422101108,source-native building observation,9.6.2
building:4cfe71b7e5052ee9,campus-inferred:d417506e4255b4ea,campus-inferred:d417506e4255b4ea,building_in_campus,im3-source:cd08e3a980f0078f,im3:cd08e3a980f0078f,source-native building observation,9.6.2
building:4cfe71b7e5052ee9,campus-inferred:d417506e4255b4ea,campus-inferred:d417506e4255b4ea,building_in_campus,osm-way-1422101112,gigawatt:osm-way-1422101112,source-native building observation,9.6.2
building:94e2454098feda93,campus-inferred:4586addd47a9043f,campus-inferred:4586addd47a9043f,building_in_campus,osm-way-204460903,gigawatt:osm-way-204460903,source-native building observation,9.6.2
building:cf1dc3d8a51152e9,campus-inferred:4586addd47a9043f,campus-inferred:4586addd47a9043f,building_in_campus,osm-way-204460950,gigawatt:osm-way-204460950,source-native building observation,9.6.2
building:fc7dc35c7e93761a,campus-inferred:b3effcb468b817f5,campus-inferred:b3effcb468b817f5,building_in_campus,im3-source:896ccc2e65651af4,im3:896ccc2e65651af4,source-native building observation,9.6.2
building:386f2493f90c804b,campus-inferred:b3effcb468b817f5,campus-inferred:b3effcb468b817f5,building_in_campus,im3-source:9c3cd1e65b9aa131,im3:9c3cd1e65b9aa131,source-native building observation,9.6.2
building:fe4937d460470e65,campus-inferred:6e963ecb0c77bc65,campus-inferred:6e963ecb0c77bc65,building_in_campus,im3-source:bec4a0914a7dcdf6,im3:bec4a0914a7dcdf6,source-native building observation,9.6.2
building:5841628dbc68fc07,campus-inferred:6e963ecb0c77bc65,campus-inferred:6e963ecb0c77bc65,building_in_campus,osm-way-362662493,gigawatt:osm-way-362662493,source-native building observation,9.6.2
building:37dce4a2b38ca7de,campus-inferred:9abb5b19ef94f33d,campus-inferred:9abb5b19ef94f33d,building_in_campus,im3-source:e43190943ecdfe33,im3:e43190943ecdfe33,source-native building observation,9.6.2
building:4e563c8337f31d45,campus-inferred:9abb5b19ef94f33d,campus-inferred:9abb5b19ef94f33d,building_in_campus,osm-way-279410766,gigawatt:osm-way-279410766,source-native building observation,9.6.2
building:4db4ac66e5d909c8,campus-inferred:b85b9e33a294e3a0,campus-inferred:b85b9e33a294e3a0,building_in_campus,im3-source:79b30618051017d2,im3:79b30618051017d2,source-native building observation,9.6.2
building:4db4ac66e5d909c8,campus-inferred:b85b9e33a294e3a0,campus-inferred:b85b9e33a294e3a0,building_in_campus,osm-way-193611211,gigawatt:osm-way-193611211,source-native building observation,9.6.2
building:b51b8fb16857f27f,campus-inferred:b85b9e33a294e3a0,campus-inferred:b85b9e33a294e3a0,building_in_campus,im3-source:ecd5c67b8139834a,im3:ecd5c67b8139834a,source-native building observation,9.6.2
building:b51b8fb16857f27f,campus-inferred:b85b9e33a294e3a0,campus-inferred:b85b9e33a294e3a0,building_in_campus,osm-way-193611192,gigawatt:osm-way-193611192,source-native building observation,9.6.2
building:f69a28c2043e087e,campus-inferred:49ce97d050b819da,campus-inferred:49ce97d050b819da,building_in_campus,osm-way-460177088,gigawatt:osm-way-460177088,source-native building observation,9.6.2
building:9681251b471ba6f5,campus-inferred:49ce97d050b819da,campus-inferred:49ce97d050b819da,building_in_campus,osm-way-460182351,gigawatt:osm-way-460182351,source-native building observation,9.6.2
building:cf90535faa73d3ab,campus-inferred:e4f610ed8f842617,campus-inferred:e4f610ed8f842617,building_in_campus,im3-source:caa376755c6c0792,im3:caa376755c6c0792,source-native building observation,9.6.2
building:bfd4ffb021a40987,campus-inferred:e4f610ed8f842617,campus-inferred:e4f610ed8f842617,building_in_campus,im3-source:e00beec042d9e45c,im3:e00beec042d9e45c,source-native building observation,9.6.2
building:6d60c82f7a597b92,campus-inferred:8d6b0cbceaf249af,campus-inferred:8d6b0cbceaf249af,building_in_campus,im3-source:022c146440ac5bda,im3:022c146440ac5bda,source-native building observation,9.6.2
building:6d60c82f7a597b92,campus-inferred:8d6b0cbceaf249af,campus-inferred:8d6b0cbceaf249af,building_in_campus,osm-way-1340746574,gigawatt:osm-way-1340746574,source-native building observation,9.6.2
building:6662b35f2332e2e2,campus-inferred:8d6b0cbceaf249af,campus-inferred:8d6b0cbceaf249af,building_in_campus,im3-source:203e0fe866011769,im3:203e0fe866011769,source-native building observation,9.6.2
building:6662b35f2332e2e2,campus-inferred:8d6b0cbceaf249af,campus-inferred:8d6b0cbceaf249af,building_in_campus,osm-way-756778306,gigawatt:osm-way-756778306,source-native building observation,9.6.2
building:0e95af134f1649ba,campus-inferred:8d6b0cbceaf249af,campus-inferred:8d6b0cbceaf249af,building_in_campus,im3-source:a2aa0b56be855792,im3:a2aa0b56be855792,source-native building observation,9.6.2
building:0e95af134f1649ba,campus-inferred:8d6b0cbceaf249af,campus-inferred:8d6b0cbceaf249af,building_in_campus,osm-way-777679751,gigawatt:osm-way-777679751,source-native building observation,9.6.2
building:e275e94bb3b2570c,campus-inferred:8d6b0cbceaf249af,campus-inferred:8d6b0cbceaf249af,building_in_campus,im3-source:d3ea5abb59183f69,im3:d3ea5abb59183f69,source-native building observation,9.6.2
building:e275e94bb3b2570c,campus-inferred:8d6b0cbceaf249af,campus-inferred:8d6b0cbceaf249af,building_in_campus,osm-way-1191496040,gigawatt:osm-way-1191496040,source-native building observation,9.6.2
building:69b082a3f3c2fc2c,campus-inferred:8d6b0cbceaf249af,campus-inferred:8d6b0cbceaf249af,building_in_campus,im3-source:f77fd9538442cf22,im3:f77fd9538442cf22,source-native building observation,9.6.2
building:69b082a3f3c2fc2c,campus-inferred:8d6b0cbceaf249af,campus-inferred:8d6b0cbceaf249af,building_in_campus,osm-way-626785488,gigawatt:osm-way-626785488,source-native building observation,9.6.2
building:6a7c0b00306c01f0,campus-inferred:8d6b0cbceaf249af,campus-inferred:8d6b0cbceaf249af,building_in_campus,osm-way-578412815,gigawatt:osm-way-578412815,source-native building observation,9.6.2
building:ae78d06ad7d54b3d,campus-inferred:703ceb529836735c,campus-inferred:703ceb529836735c,building_in_campus,im3-source:33a636e861a7795c,im3:33a636e861a7795c,source-native building observation,9.6.2
building:ae78d06ad7d54b3d,campus-inferred:703ceb529836735c,campus-inferred:703ceb529836735c,building_in_campus,osm-way-1017460715,gigawatt:osm-way-1017460715,source-native building observation,9.6.2
building:f8fa707e46178bc0,campus-inferred:703ceb529836735c,campus-inferred:703ceb529836735c,building_in_campus,im3-source:d71f49cf89d55ee6,im3:d71f49cf89d55ee6,source-native building observation,9.6.2
building:f8fa707e46178bc0,campus-inferred:703ceb529836735c,campus-inferred:703ceb529836735c,building_in_campus,osm-way-1017460713,gigawatt:osm-way-1017460713,source-native building observation,9.6.2
building:b6ad46f4a103db4e,campus-inferred:9d86d23cdad1bde9,campus-inferred:9d86d23cdad1bde9,building_in_campus,osm-node-12221811811,gigawatt:osm-node-12221811811,source-native building observation,9.6.2
building:80e04e342eb1e679,campus-inferred:9d86d23cdad1bde9,campus-inferred:9d86d23cdad1bde9,building_in_campus,osm-node-12221880448,gigawatt:osm-node-12221880448,source-native building observation,9.6.2
building:3d0f7de723096299,campus-inferred:4ffeee6f466af4ed,campus-inferred:4ffeee6f466af4ed,building_in_campus,osm-way-1425043212,gigawatt:osm-way-1425043212,source-native building observation,9.6.2
building:32c77793ab1e4e84,campus-inferred:4ffeee6f466af4ed,campus-inferred:4ffeee6f466af4ed,building_in_campus,osm-way-1425043213,gigawatt:osm-way-1425043213,source-native building observation,9.6.2
building:31fe99894098c58e,campus-inferred:c73d7b01c7bc8024,campus-inferred:c73d7b01c7bc8024,building_in_campus,im3-source:1e0b9bc84ef6b12e,im3:1e0b9bc84ef6b12e,source-native building observation,9.6.2
building:1e2a51f515c12dd5,campus-inferred:c73d7b01c7bc8024,campus-inferred:c73d7b01c7bc8024,building_in_campus,im3-source:2cfe59b92aa6874b,im3:2cfe59b92aa6874b,source-native building observation,9.6.2
building:cd682c433505be22,campus-inferred:b657600046365a7a,campus-inferred:b657600046365a7a,building_in_campus,im3-source:625b83feb64b567b,im3:625b83feb64b567b,source-native building observation,9.6.2
building:cccd15807590be0d,campus-inferred:b657600046365a7a,campus-inferred:b657600046365a7a,building_in_campus,osm-way-1425043215,gigawatt:osm-way-1425043215,source-native building observation,9.6.2
building:90bb90873c3cdc91,campus-inferred:764beeb81fc2da3b,campus-inferred:764beeb81fc2da3b,building_in_campus,im3-source:6bd6e16e823dbb41,im3:6bd6e16e823dbb41,source-native building observation,9.6.2
building:640395b6bcd12b7b,campus-inferred:764beeb81fc2da3b,campus-inferred:764beeb81fc2da3b,building_in_campus,osm-way-1292169104,gigawatt:osm-way-1292169104,source-native building observation,9.6.2
building:c652b0f7ef127193,campus-inferred:764beeb81fc2da3b,campus-inferred:764beeb81fc2da3b,building_in_campus,osm-way-1382205749,gigawatt:osm-way-1382205749,source-native building observation,9.6.2
building:c2e8c360ea7d3f2e,campus-inferred:0612dfe154892d44,campus-inferred:0612dfe154892d44,building_in_campus,im3-source:c1aaff3cc583496c,im3:c1aaff3cc583496c,source-native building observation,9.6.2
building:c2e8c360ea7d3f2e,campus-inferred:0612dfe154892d44,campus-inferred:0612dfe154892d44,building_in_campus,osm-way-1386016643,gigawatt:osm-way-1386016643,source-native building observation,9.6.2
building:5e8e2591b831206b,campus-inferred:0612dfe154892d44,campus-inferred:0612dfe154892d44,building_in_campus,im3-source:c1e35aa7bb701e6c,im3:c1e35aa7bb701e6c,source-native building observation,9.6.2
building:5e8e2591b831206b,campus-inferred:0612dfe154892d44,campus-inferred:0612dfe154892d44,building_in_campus,osm-way-1386016642,gigawatt:osm-way-1386016642,source-native building observation,9.6.2
building:74ad8340be8f8602,campus-inferred:ae72f65c04143b79,campus-inferred:ae72f65c04143b79,building_in_campus,im3-source:2870216439b771c4,im3:2870216439b771c4,source-native building observation,9.6.2
building:74ad8340be8f8602,campus-inferred:ae72f65c04143b79,campus-inferred:ae72f65c04143b79,building_in_campus,osm-way-1386016640,gigawatt:osm-way-1386016640,source-native building observation,9.6.2
building:c50990516643be7c,campus-inferred:ae72f65c04143b79,campus-inferred:ae72f65c04143b79,building_in_campus,im3-source:2933d3cf5ab412de,im3:2933d3cf5ab412de,source-native building observation,9.6.2
building:c50990516643be7c,campus-inferred:ae72f65c04143b79,campus-inferred:ae72f65c04143b79,building_in_campus,osm-way-1386016641,gigawatt:osm-way-1386016641,source-native building observation,9.6.2
building:6b4700a5cc5f6826,campus-inferred:ae72f65c04143b79,campus-inferred:ae72f65c04143b79,building_in_campus,im3-source:5d59a34c79259c89,im3:5d59a34c79259c89,source-native building observation,9.6.2
building:6b4700a5cc5f6826,campus-inferred:ae72f65c04143b79,campus-inferred:ae72f65c04143b79,building_in_campus,osm-way-1252196808,gigawatt:osm-way-1252196808,source-native building observation,9.6.2
building:852245a9fbce5ea0,campus-inferred:ae72f65c04143b79,campus-inferred:ae72f65c04143b79,building_in_campus,im3-source:cace586a5b7e2c6f,im3:cace586a5b7e2c6f,source-native building observation,9.6.2
building:852245a9fbce5ea0,campus-inferred:ae72f65c04143b79,campus-inferred:ae72f65c04143b79,building_in_campus,osm-way-1252196810,gigawatt:osm-way-1252196810,source-native building observation,9.6.2
building:f420d189681b143d,campus-inferred:ae72f65c04143b79,campus-inferred:ae72f65c04143b79,building_in_campus,im3-source:d8ac87a498f3593a,im3:d8ac87a498f3593a,source-native building observation,9.6.2
building:f420d189681b143d,campus-inferred:ae72f65c04143b79,campus-inferred:ae72f65c04143b79,building_in_campus,osm-way-1252196809,gigawatt:osm-way-1252196809,source-native building observation,9.6.2
building:d3a51d56cfc64f0a,campus-inferred:1ca9eb04f6b62bad,campus-inferred:1ca9eb04f6b62bad,building_in_campus,im3-source:27e2156b5e754dab,im3:27e2156b5e754dab,source-native building observation,9.6.2
building:d3a51d56cfc64f0a,campus-inferred:1ca9eb04f6b62bad,campus-inferred:1ca9eb04f6b62bad,building_in_campus,osm-way-1154503131,gigawatt:osm-way-1154503131,source-native building observation,9.6.2
building:59f179b4e4111b34,campus-inferred:1ca9eb04f6b62bad,campus-inferred:1ca9eb04f6b62bad,building_in_campus,im3-source:30834b46894dca54,im3:30834b46894dca54,source-native building observation,9.6.2
building:59f179b4e4111b34,campus-inferred:1ca9eb04f6b62bad,campus-inferred:1ca9eb04f6b62bad,building_in_campus,osm-way-1154503132,gigawatt:osm-way-1154503132,source-native building observation,9.6.2
building:8ea7e25cf054c65a,campus-inferred:1ca9eb04f6b62bad,campus-inferred:1ca9eb04f6b62bad,building_in_campus,im3-source:4cfe1c67eebfaa27,im3:4cfe1c67eebfaa27,source-native building observation,9.6.2
building:8ea7e25cf054c65a,campus-inferred:1ca9eb04f6b62bad,campus-inferred:1ca9eb04f6b62bad,building_in_campus,osm-way-821081358,gigawatt:osm-way-821081358,source-native building observation,9.6.2
building:767d66bccf1969e1,campus-inferred:1ca9eb04f6b62bad,campus-inferred:1ca9eb04f6b62bad,building_in_campus,im3-source:76ecca8ea6006b33,im3:76ecca8ea6006b33,source-native building observation,9.6.2
building:767d66bccf1969e1,campus-inferred:1ca9eb04f6b62bad,campus-inferred:1ca9eb04f6b62bad,building_in_campus,osm-way-821081357,gigawatt:osm-way-821081357,source-native building observation,9.6.2
building:b60b1298b1a23e41,campus-inferred:1ca9eb04f6b62bad,campus-inferred:1ca9eb04f6b62bad,building_in_campus,im3-source:fa5a60dfd801f46e,im3:fa5a60dfd801f46e,source-native building observation,9.6.2
building:b60b1298b1a23e41,campus-inferred:1ca9eb04f6b62bad,campus-inferred:1ca9eb04f6b62bad,building_in_campus,osm-way-1154503133,gigawatt:osm-way-1154503133,source-native building observation,9.6.2
building:67e3b3bb76b5c63b,campus-inferred:d3e9f6da4888cefc,campus-inferred:d3e9f6da4888cefc,building_in_campus,im3-source:52e58fbc0dbc5e1b,im3:52e58fbc0dbc5e1b,source-native building observation,9.6.2
building:67e3b3bb76b5c63b,campus-inferred:d3e9f6da4888cefc,campus-inferred:d3e9f6da4888cefc,building_in_campus,osm-way-547277699,gigawatt:osm-way-547277699,source-native building observation,9.6.2
building:f18f5dd75c91415b,campus-inferred:d3e9f6da4888cefc,campus-inferred:d3e9f6da4888cefc,building_in_campus,im3-source:b5a4142d09a2c579,im3:b5a4142d09a2c579,source-native building observation,9.6.2
building:f18f5dd75c91415b,campus-inferred:d3e9f6da4888cefc,campus-inferred:d3e9f6da4888cefc,building_in_campus,osm-way-547156405,gigawatt:osm-way-547156405,source-native building observation,9.6.2
building:c6cadc7e59428ca5,campus-inferred:266400e094f08b2a,campus-inferred:266400e094f08b2a,building_in_campus,im3-source:992d214f50bcfd22,im3:992d214f50bcfd22,source-native building observation,9.6.2
building:127bae5dd83f4fe5,campus-inferred:266400e094f08b2a,campus-inferred:266400e094f08b2a,building_in_campus,im3-source:d1c56fd3f5cf0cfe,im3:d1c56fd3f5cf0cfe,source-native building observation,9.6.2
building:127bae5dd83f4fe5,campus-inferred:266400e094f08b2a,campus-inferred:266400e094f08b2a,building_in_campus,osm-way-1252196813,gigawatt:osm-way-1252196813,source-native building observation,9.6.2
building:c786593717e20ea8,campus-inferred:266400e094f08b2a,campus-inferred:266400e094f08b2a,building_in_campus,osm-way-802160675,gigawatt:osm-way-802160675,source-native building observation,9.6.2
building:7686c2e62375ccb8,campus-inferred:006952d44c69ce56,campus-inferred:006952d44c69ce56,building_in_campus,im3-source:744eddb09f705d1f,im3:744eddb09f705d1f,source-native building observation,9.6.2
building:7686c2e62375ccb8,campus-inferred:006952d44c69ce56,campus-inferred:006952d44c69ce56,building_in_campus,osm-way-1386016635,gigawatt:osm-way-1386016635,source-native building observation,9.6.2
building:a0fb8462f930782b,campus-inferred:006952d44c69ce56,campus-inferred:006952d44c69ce56,building_in_campus,im3-source:bb970b4e68f8af82,im3:bb970b4e68f8af82,source-native building observation,9.6.2
building:a0fb8462f930782b,campus-inferred:006952d44c69ce56,campus-inferred:006952d44c69ce56,building_in_campus,osm-way-1386016634,gigawatt:osm-way-1386016634,source-native building observation,9.6.2
building:12c11f57c065bbf6,campus-inferred:42a3ab032ee979d0,campus-inferred:42a3ab032ee979d0,building_in_campus,im3-source:5b509ccd9010a3e3,im3:5b509ccd9010a3e3,source-native building observation,9.6.2
building:12c11f57c065bbf6,campus-inferred:42a3ab032ee979d0,campus-inferred:42a3ab032ee979d0,building_in_campus,osm-way-1252196805,gigawatt:osm-way-1252196805,source-native building observation,9.6.2
building:177535e9e5be4a65,campus-inferred:42a3ab032ee979d0,campus-inferred:42a3ab032ee979d0,building_in_campus,im3-source:7ba24646af618219,im3:7ba24646af618219,source-native building observation,9.6.2
building:177535e9e5be4a65,campus-inferred:42a3ab032ee979d0,campus-inferred:42a3ab032ee979d0,building_in_campus,osm-way-1252196807,gigawatt:osm-way-1252196807,source-native building observation,9.6.2
building:3d1da87a5bfcb456,campus-inferred:42a3ab032ee979d0,campus-inferred:42a3ab032ee979d0,building_in_campus,im3-source:a0cc848b86387e50,im3:a0cc848b86387e50,source-native building observation,9.6.2
building:3d1da87a5bfcb456,campus-inferred:42a3ab032ee979d0,campus-inferred:42a3ab032ee979d0,building_in_campus,osm-way-1386016639,gigawatt:osm-way-1386016639,source-native building observation,9.6.2
building:45a7f49c2aa8b38a,campus-inferred:42a3ab032ee979d0,campus-inferred:42a3ab032ee979d0,building_in_campus,im3-source:ad8bc3243fd5e489,im3:ad8bc3243fd5e489,source-native building observation,9.6.2
building:45a7f49c2aa8b38a,campus-inferred:42a3ab032ee979d0,campus-inferred:42a3ab032ee979d0,building_in_campus,osm-way-1386016637,gigawatt:osm-way-1386016637,source-native building observation,9.6.2
building:b03bdb8b6f993c99,campus-inferred:42a3ab032ee979d0,campus-inferred:42a3ab032ee979d0,building_in_campus,im3-source:d39f5b62c51a917c,im3:d39f5b62c51a917c,source-native building observation,9.6.2
building:b03bdb8b6f993c99,campus-inferred:42a3ab032ee979d0,campus-inferred:42a3ab032ee979d0,building_in_campus,osm-way-1386016638,gigawatt:osm-way-1386016638,source-native building observation,9.6.2
building:0a081e9ad16a218a,campus-inferred:42a3ab032ee979d0,campus-inferred:42a3ab032ee979d0,building_in_campus,im3-source:e10a70ea796ebda3,im3:e10a70ea796ebda3,source-native building observation,9.6.2
building:0a081e9ad16a218a,campus-inferred:42a3ab032ee979d0,campus-inferred:42a3ab032ee979d0,building_in_campus,osm-way-1252196806,gigawatt:osm-way-1252196806,source-native building observation,9.6.2
building:e4f3ef2f75f216af,campus-inferred:253a7d6e85a051d0,campus-inferred:253a7d6e85a051d0,building_in_campus,im3-source:417cd740521a163d,im3:417cd740521a163d,source-native building observation,9.6.2
building:e4f3ef2f75f216af,campus-inferred:253a7d6e85a051d0,campus-inferred:253a7d6e85a051d0,building_in_campus,osm-way-1280344148,gigawatt:osm-way-1280344148,source-native building observation,9.6.2
building:5109eb68d5ba2704,campus-inferred:253a7d6e85a051d0,campus-inferred:253a7d6e85a051d0,building_in_campus,im3-source:affa581c69693d9b,im3:affa581c69693d9b,source-native building observation,9.6.2
building:5109eb68d5ba2704,campus-inferred:253a7d6e85a051d0,campus-inferred:253a7d6e85a051d0,building_in_campus,osm-way-1386016636,gigawatt:osm-way-1386016636,source-native building observation,9.6.2
building:d2897265e8603863,campus-inferred:0a87788c06d71cd2,campus-inferred:0a87788c06d71cd2,building_in_campus,im3-source:c20798c07aa44a5c,im3:c20798c07aa44a5c,source-native building observation,9.6.2
building:d2897265e8603863,campus-inferred:0a87788c06d71cd2,campus-inferred:0a87788c06d71cd2,building_in_campus,osm-way-328703598,gigawatt:osm-way-328703598,source-native building observation,9.6.2
building:c15c3f22d4fe60ad,campus-inferred:0a87788c06d71cd2,campus-inferred:0a87788c06d71cd2,building_in_campus,im3-source:caba5641bdd6af42,im3:caba5641bdd6af42,source-native building observation,9.6.2
building:c15c3f22d4fe60ad,campus-inferred:0a87788c06d71cd2,campus-inferred:0a87788c06d71cd2,building_in_campus,osm-way-328703599,gigawatt:osm-way-328703599,source-native building observation,9.6.2
building:0513c3d469d0ccc8,campus-inferred:f5269b0633f327cb,campus-inferred:f5269b0633f327cb,building_in_campus,im3-source:3847fc1389c08940,im3:3847fc1389c08940,source-native building observation,9.6.2
building:5c7cf0f498adc167,campus-inferred:f5269b0633f327cb,campus-inferred:f5269b0633f327cb,building_in_campus,im3-source:aa8da163be5d0743,im3:aa8da163be5d0743,source-native building observation,9.6.2
building:dec28f0b4615decf,campus-inferred:f5269b0633f327cb,campus-inferred:f5269b0633f327cb,building_in_campus,osm-way-1153935548,gigawatt:osm-way-1153935548,source-native building observation,9.6.2
building:ff5113fd4cca7dc7,campus-inferred:f5269b0633f327cb,campus-inferred:f5269b0633f327cb,building_in_campus,osm-way-734323663,gigawatt:osm-way-734323663,source-native building observation,9.6.2
building:1247c084d76e0374,campus-inferred:dc35f50be129e312,campus-inferred:dc35f50be129e312,building_in_campus,im3-source:156a214ef0f63851,im3:156a214ef0f63851,source-native building observation,9.6.2
building:1247c084d76e0374,campus-inferred:dc35f50be129e312,campus-inferred:dc35f50be129e312,building_in_campus,osm-way-460070145,gigawatt:osm-way-460070145,source-native building observation,9.6.2
building:bd6dce74920266df,campus-inferred:dc35f50be129e312,campus-inferred:dc35f50be129e312,building_in_campus,im3-source:4a60fa6dee61faaf,im3:4a60fa6dee61faaf,source-native building observation,9.6.2
building:bd6dce74920266df,campus-inferred:dc35f50be129e312,campus-inferred:dc35f50be129e312,building_in_campus,osm-way-697415323,gigawatt:osm-way-697415323,source-native building observation,9.6.2
building:2451ada528912b45,campus-inferred:dc35f50be129e312,campus-inferred:dc35f50be129e312,building_in_campus,im3-source:9364b3e19060a078,im3:9364b3e19060a078,source-native building observation,9.6.2
building:2451ada528912b45,campus-inferred:dc35f50be129e312,campus-inferred:dc35f50be129e312,building_in_campus,osm-way-460070147,gigawatt:osm-way-460070147,source-native building observation,9.6.2
building:1ac39393c802dc4b,campus-inferred:fab3f41a49b5bcea,campus-inferred:fab3f41a49b5bcea,building_in_campus,im3-source:1157c2fd2095aea7,im3:1157c2fd2095aea7,source-native building observation,9.6.2
building:1ac39393c802dc4b,campus-inferred:fab3f41a49b5bcea,campus-inferred:fab3f41a49b5bcea,building_in_campus,osm-way-1386017491,gigawatt:osm-way-1386017491,source-native building observation,9.6.2
building:b4b7892d2c9f64c7,campus-inferred:fab3f41a49b5bcea,campus-inferred:fab3f41a49b5bcea,building_in_campus,im3-source:51da5d06ae603e24,im3:51da5d06ae603e24,source-native building observation,9.6.2
building:b4b7892d2c9f64c7,campus-inferred:fab3f41a49b5bcea,campus-inferred:fab3f41a49b5bcea,building_in_campus,osm-way-1386017490,gigawatt:osm-way-1386017490,source-native building observation,9.6.2
building:8b07c7676c96a6ba,campus-inferred:ddec07615981c6f1,campus-inferred:ddec07615981c6f1,building_in_campus,im3-source:108e3d046ef67cc1,im3:108e3d046ef67cc1,source-native building observation,9.6.2
building:8b07c7676c96a6ba,campus-inferred:ddec07615981c6f1,campus-inferred:ddec07615981c6f1,building_in_campus,osm-way-1386017492,gigawatt:osm-way-1386017492,source-native building observation,9.6.2
building:10286494281a892d,campus-inferred:ddec07615981c6f1,campus-inferred:ddec07615981c6f1,building_in_campus,im3-source:134b3eabe235d324,im3:134b3eabe235d324,source-native building observation,9.6.2
building:10286494281a892d,campus-inferred:ddec07615981c6f1,campus-inferred:ddec07615981c6f1,building_in_campus,osm-way-1386017494,gigawatt:osm-way-1386017494,source-native building observation,9.6.2
building:4d5e31188b8098b5,campus-inferred:ddec07615981c6f1,campus-inferred:ddec07615981c6f1,building_in_campus,im3-source:6af95c594f43260e,im3:6af95c594f43260e,source-native building observation,9.6.2
building:4d5e31188b8098b5,campus-inferred:ddec07615981c6f1,campus-inferred:ddec07615981c6f1,building_in_campus,osm-way-1386017493,gigawatt:osm-way-1386017493,source-native building observation,9.6.2
building:4d43871dfd8c5a5f,campus-inferred:ddec07615981c6f1,campus-inferred:ddec07615981c6f1,building_in_campus,im3-source:cbdb0cacac02b342,im3:cbdb0cacac02b342,source-native building observation,9.6.2
building:4d43871dfd8c5a5f,campus-inferred:ddec07615981c6f1,campus-inferred:ddec07615981c6f1,building_in_campus,osm-way-1280344157,gigawatt:osm-way-1280344157,source-native building observation,9.6.2
building:110b9d2b6746d164,campus-inferred:cbdfddf107d7f64e,campus-inferred:cbdfddf107d7f64e,building_in_campus,im3-source:47ca58a69853087c,im3:47ca58a69853087c,source-native building observation,9.6.2
building:110b9d2b6746d164,campus-inferred:cbdfddf107d7f64e,campus-inferred:cbdfddf107d7f64e,building_in_campus,osm-way-460070144,gigawatt:osm-way-460070144,source-native building observation,9.6.2
building:90e1b864b2fc0b01,campus-inferred:cbdfddf107d7f64e,campus-inferred:cbdfddf107d7f64e,building_in_campus,im3-source:93674ca6f290b3ea,im3:93674ca6f290b3ea,source-native building observation,9.6.2
building:90e1b864b2fc0b01,campus-inferred:cbdfddf107d7f64e,campus-inferred:cbdfddf107d7f64e,building_in_campus,osm-way-592171280,gigawatt:osm-way-592171280,source-native building observation,9.6.2
building:88a080e910e3e2a9,campus-inferred:cbdfddf107d7f64e,campus-inferred:cbdfddf107d7f64e,building_in_campus,im3-source:9a64d7acf621b5e5,im3:9a64d7acf621b5e5,source-native building observation,9.6.2
building:88a080e910e3e2a9,campus-inferred:cbdfddf107d7f64e,campus-inferred:cbdfddf107d7f64e,building_in_campus,osm-way-633034071,gigawatt:osm-way-633034071,source-native building observation,9.6.2
building:0dfe0dc144b9d496,campus-inferred:cbdfddf107d7f64e,campus-inferred:cbdfddf107d7f64e,building_in_campus,im3-source:d3a4fb26e352a85f,im3:d3a4fb26e352a85f,source-native building observation,9.6.2
building:0dfe0dc144b9d496,campus-inferred:cbdfddf107d7f64e,campus-inferred:cbdfddf107d7f64e,building_in_campus,osm-way-697415321,gigawatt:osm-way-697415321,source-native building observation,9.6.2
building:68d9649653636185,campus-inferred:b4d9e6bd13e92586,campus-inferred:b4d9e6bd13e92586,building_in_campus,im3-source:1dc88c2a5512416b,im3:1dc88c2a5512416b,source-native building observation,9.6.2
building:68d9649653636185,campus-inferred:b4d9e6bd13e92586,campus-inferred:b4d9e6bd13e92586,building_in_campus,osm-way-1252196819,gigawatt:osm-way-1252196819,source-native building observation,9.6.2
building:7d12d5bb9f7e88af,campus-inferred:b4d9e6bd13e92586,campus-inferred:b4d9e6bd13e92586,building_in_campus,im3-source:e3b86ec603d7f5a5,im3:e3b86ec603d7f5a5,source-native building observation,9.6.2
building:7d12d5bb9f7e88af,campus-inferred:b4d9e6bd13e92586,campus-inferred:b4d9e6bd13e92586,building_in_campus,osm-way-1280344156,gigawatt:osm-way-1280344156,source-native building observation,9.6.2
building:04330c7fff4e63fd,campus-inferred:aed316e4ba86fdda,campus-inferred:aed316e4ba86fdda,building_in_campus,im3-source:0975ac817d681403,im3:0975ac817d681403,source-native building observation,9.6.2
building:04330c7fff4e63fd,campus-inferred:aed316e4ba86fdda,campus-inferred:aed316e4ba86fdda,building_in_campus,osm-way-1027471509,gigawatt:osm-way-1027471509,source-native building observation,9.6.2
building:0a27ba78ef420716,campus-inferred:aed316e4ba86fdda,campus-inferred:aed316e4ba86fdda,building_in_campus,im3-source:3c8f749137b0396b,im3:3c8f749137b0396b,source-native building observation,9.6.2
building:0a27ba78ef420716,campus-inferred:aed316e4ba86fdda,campus-inferred:aed316e4ba86fdda,building_in_campus,osm-way-697417726,gigawatt:osm-way-697417726,source-native building observation,9.6.2
building:55c12e46e1a0e6e7,campus-inferred:aed316e4ba86fdda,campus-inferred:aed316e4ba86fdda,building_in_campus,im3-source:3de1bf1a8302e943,im3:3de1bf1a8302e943,source-native building observation,9.6.2
building:55c12e46e1a0e6e7,campus-inferred:aed316e4ba86fdda,campus-inferred:aed316e4ba86fdda,building_in_campus,osm-way-914616810,gigawatt:osm-way-914616810,source-native building observation,9.6.2
building:019a5cf5377fdda7,campus-inferred:aed316e4ba86fdda,campus-inferred:aed316e4ba86fdda,building_in_campus,im3-source:9727e48f32a121d2,im3:9727e48f32a121d2,source-native building observation,9.6.2
building:019a5cf5377fdda7,campus-inferred:aed316e4ba86fdda,campus-inferred:aed316e4ba86fdda,building_in_campus,osm-way-1027471510,gigawatt:osm-way-1027471510,source-native building observation,9.6.2
building:9ca0d87d8d996571,campus-inferred:84b84e6aa1b9b23d,campus-inferred:84b84e6aa1b9b23d,building_in_campus,im3-source:299d0226d58870ba,im3:299d0226d58870ba,source-native building observation,9.6.2
building:9ca0d87d8d996571,campus-inferred:84b84e6aa1b9b23d,campus-inferred:84b84e6aa1b9b23d,building_in_campus,osm-way-1280344155,gigawatt:osm-way-1280344155,source-native building observation,9.6.2
building:5d32fe77ddf42225,campus-inferred:84b84e6aa1b9b23d,campus-inferred:84b84e6aa1b9b23d,building_in_campus,im3-source:2aff030996faddff,im3:2aff030996faddff,source-native building observation,9.6.2
building:5d32fe77ddf42225,campus-inferred:84b84e6aa1b9b23d,campus-inferred:84b84e6aa1b9b23d,building_in_campus,osm-way-1280344154,gigawatt:osm-way-1280344154,source-native building observation,9.6.2
building:5175aa91ec6ca4af,campus-inferred:84b84e6aa1b9b23d,campus-inferred:84b84e6aa1b9b23d,building_in_campus,im3-source:2dd5357d86461a44,im3:2dd5357d86461a44,source-native building observation,9.6.2
building:5175aa91ec6ca4af,campus-inferred:84b84e6aa1b9b23d,campus-inferred:84b84e6aa1b9b23d,building_in_campus,osm-way-1252196818,gigawatt:osm-way-1252196818,source-native building observation,9.6.2
building:4a51e592549f1fa3,campus-inferred:84b84e6aa1b9b23d,campus-inferred:84b84e6aa1b9b23d,building_in_campus,im3-source:77d2e8ea2dba148c,im3:77d2e8ea2dba148c,source-native building observation,9.6.2
building:4a51e592549f1fa3,campus-inferred:84b84e6aa1b9b23d,campus-inferred:84b84e6aa1b9b23d,building_in_campus,osm-way-1252196817,gigawatt:osm-way-1252196817,source-native building observation,9.6.2
building:3919d6bb090d812f,campus-inferred:84b84e6aa1b9b23d,campus-inferred:84b84e6aa1b9b23d,building_in_campus,im3-source:b1b716d05779ddd2,im3:b1b716d05779ddd2,source-native building observation,9.6.2
building:3919d6bb090d812f,campus-inferred:84b84e6aa1b9b23d,campus-inferred:84b84e6aa1b9b23d,building_in_campus,osm-way-1252196816,gigawatt:osm-way-1252196816,source-native building observation,9.6.2
building:e32237ab0b311465,campus-inferred:5f146cca3f119b01,campus-inferred:5f146cca3f119b01,building_in_campus,im3-source:7f81e6c5cf5027a1,im3:7f81e6c5cf5027a1,source-native building observation,9.6.2
building:e32237ab0b311465,campus-inferred:5f146cca3f119b01,campus-inferred:5f146cca3f119b01,building_in_campus,osm-way-1252196822,gigawatt:osm-way-1252196822,source-native building observation,9.6.2
building:0d665a3a0b8dfcdf,campus-inferred:5f146cca3f119b01,campus-inferred:5f146cca3f119b01,building_in_campus,im3-source:a06292e6e8c5fdb5,im3:a06292e6e8c5fdb5,source-native building observation,9.6.2
building:0d665a3a0b8dfcdf,campus-inferred:5f146cca3f119b01,campus-inferred:5f146cca3f119b01,building_in_campus,osm-way-1386017499,gigawatt:osm-way-1386017499,source-native building observation,9.6.2
building:99907cc632163021,campus-inferred:5f146cca3f119b01,campus-inferred:5f146cca3f119b01,building_in_campus,im3-source:b9eaedf19cdd0065,im3:b9eaedf19cdd0065,source-native building observation,9.6.2
building:99907cc632163021,campus-inferred:5f146cca3f119b01,campus-inferred:5f146cca3f119b01,building_in_campus,osm-way-1386017497,gigawatt:osm-way-1386017497,source-native building observation,9.6.2
building:9a5e793e832e322b,campus-inferred:5f146cca3f119b01,campus-inferred:5f146cca3f119b01,building_in_campus,im3-source:c55252eb3feb1ce4,im3:c55252eb3feb1ce4,source-native building observation,9.6.2
building:9a5e793e832e322b,campus-inferred:5f146cca3f119b01,campus-inferred:5f146cca3f119b01,building_in_campus,osm-way-1386017498,gigawatt:osm-way-1386017498,source-native building observation,9.6.2
building:fbcd9509420e648b,campus-inferred:5f146cca3f119b01,campus-inferred:5f146cca3f119b01,building_in_campus,im3-source:ed6193ea1a6af975,im3:ed6193ea1a6af975,source-native building observation,9.6.2
building:fbcd9509420e648b,campus-inferred:5f146cca3f119b01,campus-inferred:5f146cca3f119b01,building_in_campus,osm-way-1252196823,gigawatt:osm-way-1252196823,source-native building observation,9.6.2
building:2b6c9ebf5e35f52f,campus-inferred:cffded6bd71d22f0,campus-inferred:cffded6bd71d22f0,building_in_campus,im3-source:15b167bccdaf5728,im3:15b167bccdaf5728,source-native building observation,9.6.2
building:2b6c9ebf5e35f52f,campus-inferred:cffded6bd71d22f0,campus-inferred:cffded6bd71d22f0,building_in_campus,osm-way-1386017495,gigawatt:osm-way-1386017495,source-native building observation,9.6.2
building:2990edb39eead158,campus-inferred:cffded6bd71d22f0,campus-inferred:cffded6bd71d22f0,building_in_campus,im3-source:778291c8a8fff779,im3:778291c8a8fff779,source-native building observation,9.6.2
building:2990edb39eead158,campus-inferred:cffded6bd71d22f0,campus-inferred:cffded6bd71d22f0,building_in_campus,osm-way-1386017496,gigawatt:osm-way-1386017496,source-native building observation,9.6.2
building:a39ff02903065e08,campus-inferred:0d853f0f43138bf6,campus-inferred:0d853f0f43138bf6,building_in_campus,im3-source:287873eb7bdf7362,im3:287873eb7bdf7362,source-native building observation,9.6.2
building:a39ff02903065e08,campus-inferred:0d853f0f43138bf6,campus-inferred:0d853f0f43138bf6,building_in_campus,osm-way-1374895922,gigawatt:osm-way-1374895922,source-native building observation,9.6.2
building:2594af433a320829,campus-inferred:0d853f0f43138bf6,campus-inferred:0d853f0f43138bf6,building_in_campus,im3-source:678b91e8203d72ed,im3:678b91e8203d72ed,source-native building observation,9.6.2
building:2594af433a320829,campus-inferred:0d853f0f43138bf6,campus-inferred:0d853f0f43138bf6,building_in_campus,osm-way-1374895921,gigawatt:osm-way-1374895921,source-native building observation,9.6.2
building:0811ccb814cf1acf,campus-inferred:0d853f0f43138bf6,campus-inferred:0d853f0f43138bf6,building_in_campus,im3-source:facaff04da62b6d0,im3:facaff04da62b6d0,source-native building observation,9.6.2
building:0811ccb814cf1acf,campus-inferred:0d853f0f43138bf6,campus-inferred:0d853f0f43138bf6,building_in_campus,osm-way-1280344153,gigawatt:osm-way-1280344153,source-native building observation,9.6.2
building:4784e207954971df,campus-inferred:bd2162abbafa6b72,campus-inferred:bd2162abbafa6b72,building_in_campus,im3-source:205fd3399f8d7484,im3:205fd3399f8d7484,source-native building observation,9.6.2
building:4784e207954971df,campus-inferred:bd2162abbafa6b72,campus-inferred:bd2162abbafa6b72,building_in_campus,osm-way-1252196820,gigawatt:osm-way-1252196820,source-native building observation,9.6.2
building:684090a6b0f93d1e,campus-inferred:bd2162abbafa6b72,campus-inferred:bd2162abbafa6b72,building_in_campus,im3-source:446892b40ddca040,im3:446892b40ddca040,source-native building observation,9.6.2
building:684090a6b0f93d1e,campus-inferred:bd2162abbafa6b72,campus-inferred:bd2162abbafa6b72,building_in_campus,osm-way-1280344151,gigawatt:osm-way-1280344151,source-native building observation,9.6.2
building:9fadf3ba4f6759ee,campus-inferred:bd2162abbafa6b72,campus-inferred:bd2162abbafa6b72,building_in_campus,im3-source:5922faa31b7678b0,im3:5922faa31b7678b0,source-native building observation,9.6.2
building:9fadf3ba4f6759ee,campus-inferred:bd2162abbafa6b72,campus-inferred:bd2162abbafa6b72,building_in_campus,osm-way-1280344150,gigawatt:osm-way-1280344150,source-native building observation,9.6.2
building:99600bab451c1568,campus-inferred:bd2162abbafa6b72,campus-inferred:bd2162abbafa6b72,building_in_campus,im3-source:5edcaf5f26052c5d,im3:5edcaf5f26052c5d,source-native building observation,9.6.2
building:99600bab451c1568,campus-inferred:bd2162abbafa6b72,campus-inferred:bd2162abbafa6b72,building_in_campus,osm-way-1280344149,gigawatt:osm-way-1280344149,source-native building observation,9.6.2
building:6b0962ded365413c,campus-inferred:bd2162abbafa6b72,campus-inferred:bd2162abbafa6b72,building_in_campus,im3-source:d452106d9a838de7,im3:d452106d9a838de7,source-native building observation,9.6.2
building:6b0962ded365413c,campus-inferred:bd2162abbafa6b72,campus-inferred:bd2162abbafa6b72,building_in_campus,osm-way-1252196821,gigawatt:osm-way-1252196821,source-native building observation,9.6.2
building:7ac658a6e5498249,campus-inferred:77ed7025f6cf1e34,campus-inferred:77ed7025f6cf1e34,building_in_campus,im3-source:f460161d2f40599d,im3:f460161d2f40599d,source-native building observation,9.6.2
building:21b0e84dd31aa148,campus-inferred:77ed7025f6cf1e34,campus-inferred:77ed7025f6cf1e34,building_in_campus,osm-way-328702750,gigawatt:osm-way-328702750,source-native building observation,9.6.2
building:a8e5209bd230495c,campus-inferred:9006d5b295aff7ba,campus-inferred:9006d5b295aff7ba,building_in_campus,im3-source:650d9aec029347e0,im3:650d9aec029347e0,source-native building observation,9.6.2
building:a8e5209bd230495c,campus-inferred:9006d5b295aff7ba,campus-inferred:9006d5b295aff7ba,building_in_campus,osm-way-1243089555,gigawatt:osm-way-1243089555,source-native building observation,9.6.2
building:d6b7d24e83313af5,campus-inferred:9006d5b295aff7ba,campus-inferred:9006d5b295aff7ba,building_in_campus,im3-source:725236e6be6f3dae,im3:725236e6be6f3dae,source-native building observation,9.6.2
building:d6b7d24e83313af5,campus-inferred:9006d5b295aff7ba,campus-inferred:9006d5b295aff7ba,building_in_campus,osm-way-899634245,gigawatt:osm-way-899634245,source-native building observation,9.6.2
building:b0e55c1711b952cf,campus-inferred:9006d5b295aff7ba,campus-inferred:9006d5b295aff7ba,building_in_campus,im3-source:c1d788d466b9e138,im3:c1d788d466b9e138,source-native building observation,9.6.2
building:b0e55c1711b952cf,campus-inferred:9006d5b295aff7ba,campus-inferred:9006d5b295aff7ba,building_in_campus,osm-way-1243089554,gigawatt:osm-way-1243089554,source-native building observation,9.6.2
building:804e537ed51f7193,campus-inferred:287ed781e12aa457,campus-inferred:287ed781e12aa457,building_in_campus,im3-source:534cc93f52c9e68b,im3:534cc93f52c9e68b,source-native building observation,9.6.2
building:ddf9b6f79a4caf9c,campus-inferred:287ed781e12aa457,campus-inferred:287ed781e12aa457,building_in_campus,osm-way-102129663,gigawatt:osm-way-102129663,source-native building observation,9.6.2
building:f92c5256dadea975,campus-inferred:96fc19fc9080fe88,campus-inferred:96fc19fc9080fe88,building_in_campus,im3-source:145b8b4c4147f507,im3:145b8b4c4147f507,source-native building observation,9.6.2
building:d0dd2ebd494dc9d3,campus-inferred:96fc19fc9080fe88,campus-inferred:96fc19fc9080fe88,building_in_campus,osm-way-465032487,gigawatt:osm-way-465032487,source-native building observation,9.6.2
building:51b7c2def2aa5acb,campus-inferred:b7973d8c18a0492a,campus-inferred:b7973d8c18a0492a,building_in_campus,im3-source:26cfa1e54179de07,im3:26cfa1e54179de07,source-native building observation,9.6.2
building:51b7c2def2aa5acb,campus-inferred:b7973d8c18a0492a,campus-inferred:b7973d8c18a0492a,building_in_campus,osm-way-465032380,gigawatt:osm-way-465032380,source-native building observation,9.6.2
building:fb636adf03d4933d,campus-inferred:b7973d8c18a0492a,campus-inferred:b7973d8c18a0492a,building_in_campus,im3-source:e003300bb7ae9722,im3:e003300bb7ae9722,source-native building observation,9.6.2
building:fb636adf03d4933d,campus-inferred:b7973d8c18a0492a,campus-inferred:b7973d8c18a0492a,building_in_campus,osm-way-1461896928,gigawatt:osm-way-1461896928,source-native building observation,9.6.2
building:d761f6e64e8dd8c8,campus-inferred:7b38f79542299164,campus-inferred:7b38f79542299164,building_in_campus,im3-source:3e6e149f351270a2,im3:3e6e149f351270a2,source-native building observation,9.6.2
building:83a68edbd967b6cd,campus-inferred:7b38f79542299164,campus-inferred:7b38f79542299164,building_in_campus,osm-way-526806006,gigawatt:osm-way-526806006,source-native building observation,9.6.2
building:551db86a1d24f6d4,campus-inferred:8651eb206d03a4c3,campus-inferred:8651eb206d03a4c3,building_in_campus,osm-way-597876721,gigawatt:osm-way-597876721,source-native building observation,9.6.2
building:137e59ce05a7e639,campus-inferred:8651eb206d03a4c3,campus-inferred:8651eb206d03a4c3,building_in_campus,osm-way-597876722,gigawatt:osm-way-597876722,source-native building observation,9.6.2
building:69d87addb5459e8e,campus-inferred:8651eb206d03a4c3,campus-inferred:8651eb206d03a4c3,building_in_campus,osm-way-597876724,gigawatt:osm-way-597876724,source-native building observation,9.6.2
building:a147e2476f570fbb,campus-inferred:8651eb206d03a4c3,campus-inferred:8651eb206d03a4c3,building_in_campus,osm-way-597876726,gigawatt:osm-way-597876726,source-native building observation,9.6.2
building:bed839ea5e25b395,campus-inferred:8651eb206d03a4c3,campus-inferred:8651eb206d03a4c3,building_in_campus,osm-way-597876730,gigawatt:osm-way-597876730,source-native building observation,9.6.2
building:7b2f489c3189fdc8,campus-inferred:d1bc78d71db77f20,campus-inferred:d1bc78d71db77f20,building_in_campus,im3-source:b63ed8cfda195b0b,im3:b63ed8cfda195b0b,source-native building observation,9.6.2
building:a53ebab7ffcc2be4,campus-inferred:d1bc78d71db77f20,campus-inferred:d1bc78d71db77f20,building_in_campus,osm-way-597876798,gigawatt:osm-way-597876798,source-native building observation,9.6.2
building:0f8ae342e234f63f,campus-inferred:696ec5855515c7aa,campus-inferred:696ec5855515c7aa,building_in_campus,im3-source:054098e30ecb57bd,im3:054098e30ecb57bd,source-native building observation,9.6.2
building:6e9d9e21ebea8cad,campus-inferred:696ec5855515c7aa,campus-inferred:696ec5855515c7aa,building_in_campus,im3-source:542717a31be4be61,im3:542717a31be4be61,source-native building observation,9.6.2
building:231c92fec56d4130,campus-inferred:696ec5855515c7aa,campus-inferred:696ec5855515c7aa,building_in_campus,im3-source:87506b9bd6fca898,im3:87506b9bd6fca898,source-native building observation,9.6.2
building:14f58a74c97523ff,campus-inferred:696ec5855515c7aa,campus-inferred:696ec5855515c7aa,building_in_campus,im3-source:a5a7537927a45745,im3:a5a7537927a45745,source-native building observation,9.6.2
building:f64c806b6128b7bd,campus-inferred:696ec5855515c7aa,campus-inferred:696ec5855515c7aa,building_in_campus,im3-source:f564d9d35293f522,im3:f564d9d35293f522,source-native building observation,9.6.2
building:97a003b9a81ac01b,campus-inferred:e93a82758de5de34,campus-inferred:e93a82758de5de34,building_in_campus,im3-source:293d679bc52ecc8f,im3:293d679bc52ecc8f,source-native building observation,9.6.2
building:97a003b9a81ac01b,campus-inferred:e93a82758de5de34,campus-inferred:e93a82758de5de34,building_in_campus,osm-way-509611439,gigawatt:osm-way-509611439,source-native building observation,9.6.2
building:00f514831af586e8,campus-inferred:e93a82758de5de34,campus-inferred:e93a82758de5de34,building_in_campus,im3-source:2a006539150d3c4a,im3:2a006539150d3c4a,source-native building observation,9.6.2
building:00f514831af586e8,campus-inferred:e93a82758de5de34,campus-inferred:e93a82758de5de34,building_in_campus,osm-way-509611438,gigawatt:osm-way-509611438,source-native building observation,9.6.2
building:7500ec6dc28e9f59,campus-inferred:4f874ed01c30b6bf,campus-inferred:4f874ed01c30b6bf,building_in_campus,im3-source:043b45b5ce720e21,im3:043b45b5ce720e21,source-native building observation,9.6.2
building:7500ec6dc28e9f59,campus-inferred:4f874ed01c30b6bf,campus-inferred:4f874ed01c30b6bf,building_in_campus,osm-way-1426525221,gigawatt:osm-way-1426525221,source-native building observation,9.6.2
building:780c7af33df566e0,campus-inferred:4f874ed01c30b6bf,campus-inferred:4f874ed01c30b6bf,building_in_campus,im3-source:a3f5d693f246f23a,im3:a3f5d693f246f23a,source-native building observation,9.6.2
building:780c7af33df566e0,campus-inferred:4f874ed01c30b6bf,campus-inferred:4f874ed01c30b6bf,building_in_campus,osm-way-1426525220,gigawatt:osm-way-1426525220,source-native building observation,9.6.2
building:859420da0e6d19b2,campus-inferred:454e6b0ecce238d2,campus-inferred:454e6b0ecce238d2,building_in_campus,im3-source:1b9c7f50b75cb119,im3:1b9c7f50b75cb119,source-native building observation,9.6.2
building:a632af6bc08d8516,campus-inferred:454e6b0ecce238d2,campus-inferred:454e6b0ecce238d2,building_in_campus,im3-source:83c8203795437fdb,im3:83c8203795437fdb,source-native building observation,9.6.2
building:5523d215830f3cd3,campus-inferred:3ea3ce1d73251a80,campus-inferred:3ea3ce1d73251a80,building_in_campus,im3-source:12d65f580d35e5e8,im3:12d65f580d35e5e8,source-native building observation,9.6.2
building:d872f47683efc8c7,campus-inferred:3ea3ce1d73251a80,campus-inferred:3ea3ce1d73251a80,building_in_campus,osm-way-507673437,gigawatt:osm-way-507673437,source-native building observation,9.6.2
building:f6d4ceac6f23141f,campus-inferred:ab60e849fb086c44,campus-inferred:ab60e849fb086c44,building_in_campus,im3-source:27ed0da60969f31a,im3:27ed0da60969f31a,source-native building observation,9.6.2
building:f6d4ceac6f23141f,campus-inferred:ab60e849fb086c44,campus-inferred:ab60e849fb086c44,building_in_campus,osm-way-240724127,gigawatt:osm-way-240724127,source-native building observation,9.6.2
building:4916e20a5447409c,campus-inferred:ab60e849fb086c44,campus-inferred:ab60e849fb086c44,building_in_campus,im3-source:30972968ebd9d986,im3:30972968ebd9d986,source-native building observation,9.6.2
building:4916e20a5447409c,campus-inferred:ab60e849fb086c44,campus-inferred:ab60e849fb086c44,building_in_campus,osm-way-931732650,gigawatt:osm-way-931732650,source-native building observation,9.6.2
building:5a7141c2fa8c308b,campus-inferred:8e4d2c0240bcf776,campus-inferred:8e4d2c0240bcf776,building_in_campus,im3-source:58a65093607b20bd,im3:58a65093607b20bd,source-native building observation,9.6.2
building:5a7141c2fa8c308b,campus-inferred:8e4d2c0240bcf776,campus-inferred:8e4d2c0240bcf776,building_in_campus,osm-way-1024051997,gigawatt:osm-way-1024051997,source-native building observation,9.6.2
building:4270bfb3ce949246,campus-inferred:8e4d2c0240bcf776,campus-inferred:8e4d2c0240bcf776,building_in_campus,im3-source:9d875cee69d9860b,im3:9d875cee69d9860b,source-native building observation,9.6.2
building:4270bfb3ce949246,campus-inferred:8e4d2c0240bcf776,campus-inferred:8e4d2c0240bcf776,building_in_campus,osm-way-1024051963,gigawatt:osm-way-1024051963,source-native building observation,9.6.2
building:3bb2ac1795b2c97c,campus-inferred:8e4d2c0240bcf776,campus-inferred:8e4d2c0240bcf776,building_in_campus,im3-source:f90f10a8e6cffffe,im3:f90f10a8e6cffffe,source-native building observation,9.6.2
building:3bb2ac1795b2c97c,campus-inferred:8e4d2c0240bcf776,campus-inferred:8e4d2c0240bcf776,building_in_campus,osm-way-1035123473,gigawatt:osm-way-1035123473,source-native building observation,9.6.2
building:66638eea0ddbee86,campus-inferred:dc0a2402b77f5754,campus-inferred:dc0a2402b77f5754,building_in_campus,im3-source:0ebc533745815e2d,im3:0ebc533745815e2d,source-native building observation,9.6.2
building:e8fe82410c39d031,campus-inferred:dc0a2402b77f5754,campus-inferred:dc0a2402b77f5754,building_in_campus,osm-way-46831933,gigawatt:osm-way-46831933,source-native building observation,9.6.2
building:efaa7489b6bf196c,campus-inferred:0b0366a1063aba25,campus-inferred:0b0366a1063aba25,building_in_campus,im3-source:1a31b05b17be0424,im3:1a31b05b17be0424,source-native building observation,9.6.2
building:efaa7489b6bf196c,campus-inferred:0b0366a1063aba25,campus-inferred:0b0366a1063aba25,building_in_campus,osm-way-1287260554,gigawatt:osm-way-1287260554,source-native building observation,9.6.2
building:4e7182695bf5338e,campus-inferred:0b0366a1063aba25,campus-inferred:0b0366a1063aba25,building_in_campus,im3-source:35fbdc26ff820fdc,im3:35fbdc26ff820fdc,source-native building observation,9.6.2
building:4e7182695bf5338e,campus-inferred:0b0366a1063aba25,campus-inferred:0b0366a1063aba25,building_in_campus,osm-way-1287260555,gigawatt:osm-way-1287260555,source-native building observation,9.6.2
building:c56af80d050a7478,campus-inferred:0b0366a1063aba25,campus-inferred:0b0366a1063aba25,building_in_campus,im3-source:94100d1aa4679de8,im3:94100d1aa4679de8,source-native building observation,9.6.2
building:c56af80d050a7478,campus-inferred:0b0366a1063aba25,campus-inferred:0b0366a1063aba25,building_in_campus,osm-way-1280340214,gigawatt:osm-way-1280340214,source-native building observation,9.6.2
building:f2e467ffe534f314,campus-inferred:6c6b8cc935548533,campus-inferred:6c6b8cc935548533,building_in_campus,im3-source:e40af44d6ef77c97,im3:e40af44d6ef77c97,source-native building observation,9.6.2
building:f2e467ffe534f314,campus-inferred:6c6b8cc935548533,campus-inferred:6c6b8cc935548533,building_in_campus,osm-way-239147373,gigawatt:osm-way-239147373,source-native building observation,9.6.2
building:ef35f7d54e9b46e0,campus-inferred:6c6b8cc935548533,campus-inferred:6c6b8cc935548533,building_in_campus,osm-node-9669639033,gigawatt:osm-node-9669639033,source-native building observation,9.6.2
building:a5b36a8b918fb403,campus-inferred:11fbc141f8684ce2,campus-inferred:11fbc141f8684ce2,building_in_campus,im3-source:76db4117c56c985f,im3:76db4117c56c985f,source-native building observation,9.6.2
building:c99f2143bce31030,campus-inferred:11fbc141f8684ce2,campus-inferred:11fbc141f8684ce2,building_in_campus,osm-way-1276518687,gigawatt:osm-way-1276518687,source-native building observation,9.6.2
building:a6b2f3e88b4ece26,campus-inferred:4c806380785a99bb,campus-inferred:4c806380785a99bb,building_in_campus,im3-source:d2693a042b60c80a,im3:d2693a042b60c80a,source-native building observation,9.6.2
building:60030ada071ba230,campus-inferred:4c806380785a99bb,campus-inferred:4c806380785a99bb,building_in_campus,osm-way-701923200,gigawatt:osm-way-701923200,source-native building observation,9.6.2
building:e4f586f881ec4b65,campus-inferred:2f31659401a6c3de,campus-inferred:2f31659401a6c3de,building_in_campus,osm-way-701923202,gigawatt:osm-way-701923202,source-native building observation,9.6.2
building:3a0fe48c39ce92c8,campus-inferred:2f31659401a6c3de,campus-inferred:2f31659401a6c3de,building_in_campus,osm-way-701923203,gigawatt:osm-way-701923203,source-native building observation,9.6.2
building:cc2bf7af2a57e8c6,campus-inferred:0773f437043a689a,campus-inferred:0773f437043a689a,building_in_campus,im3-source:31dee2d9d6cfb7ca,im3:31dee2d9d6cfb7ca,source-native building observation,9.6.2
building:3bdae182484916b7,campus-inferred:0773f437043a689a,campus-inferred:0773f437043a689a,building_in_campus,im3-source:94a317653d658940,im3:94a317653d658940,source-native building observation,9.6.2
building:f1023780ef172264,campus-inferred:0773f437043a689a,campus-inferred:0773f437043a689a,building_in_campus,im3-source:f47bcbea2c0bc511,im3:f47bcbea2c0bc511,source-native building observation,9.6.2
building:42ab344f08d239f3,campus-inferred:f7fb19d02ca54b66,campus-inferred:f7fb19d02ca54b66,building_in_campus,im3-source:2ee800490e078f77,im3:2ee800490e078f77,source-native building observation,9.6.2
building:42ab344f08d239f3,campus-inferred:f7fb19d02ca54b66,campus-inferred:f7fb19d02ca54b66,building_in_campus,osm-way-1132541700,gigawatt:osm-way-1132541700,source-native building observation,9.6.2
building:91cf706221aa8615,campus-inferred:f7fb19d02ca54b66,campus-inferred:f7fb19d02ca54b66,building_in_campus,im3-source:55ecce0c3e9246dc,im3:55ecce0c3e9246dc,source-native building observation,9.6.2
building:91cf706221aa8615,campus-inferred:f7fb19d02ca54b66,campus-inferred:f7fb19d02ca54b66,building_in_campus,osm-way-1030970564,gigawatt:osm-way-1030970564,source-native building observation,9.6.2
building:33682e1bcb5386f4,campus-inferred:35cfeaca421f34e7,campus-inferred:35cfeaca421f34e7,building_in_campus,im3-source:51a8391b431e44bc,im3:51a8391b431e44bc,source-native building observation,9.6.2
building:0b12d34e835179f8,campus-inferred:35cfeaca421f34e7,campus-inferred:35cfeaca421f34e7,building_in_campus,im3-source:7563cd6483c7b389,im3:7563cd6483c7b389,source-native building observation,9.6.2
building:8c5606166c222129,campus-inferred:35cfeaca421f34e7,campus-inferred:35cfeaca421f34e7,building_in_campus,im3-source:bc7854232b72bbea,im3:bc7854232b72bbea,source-native building observation,9.6.2
building:7989b25ad74bc182,campus-inferred:393732daebaec4e6,campus-inferred:393732daebaec4e6,building_in_campus,im3-source:3199cc0321d03528,im3:3199cc0321d03528,source-native building observation,9.6.2
building:d89597fc6c47513d,campus-inferred:393732daebaec4e6,campus-inferred:393732daebaec4e6,building_in_campus,im3-source:a8a79a48d295207d,im3:a8a79a48d295207d,source-native building observation,9.6.2
building:581150bc5ae5fde7,campus-inferred:eeb0935b0123b0be,campus-inferred:eeb0935b0123b0be,building_in_campus,im3-source:479159ad5bf0c343,im3:479159ad5bf0c343,source-native building observation,9.6.2
building:581150bc5ae5fde7,campus-inferred:eeb0935b0123b0be,campus-inferred:eeb0935b0123b0be,building_in_campus,osm-way-693385812,gigawatt:osm-way-693385812,source-native building observation,9.6.2
building:6f4d6ceab631114d,campus-inferred:eeb0935b0123b0be,campus-inferred:eeb0935b0123b0be,building_in_campus,osm-way-714622339,gigawatt:osm-way-714622339,source-native building observation,9.6.2
building:8eab5c5cae483a26,campus-inferred:062bfb28f93a1bcd,campus-inferred:062bfb28f93a1bcd,building_in_campus,im3-source:597885250eb70be3,im3:597885250eb70be3,source-native building observation,9.6.2
building:e96c5b39c47553f6,campus-inferred:062bfb28f93a1bcd,campus-inferred:062bfb28f93a1bcd,building_in_campus,im3-source:8f815dc48f95429b,im3:8f815dc48f95429b,source-native building observation,9.6.2
building:b80a49b2b696a280,campus-inferred:062bfb28f93a1bcd,campus-inferred:062bfb28f93a1bcd,building_in_campus,im3-source:d480aabcfe3923d5,im3:d480aabcfe3923d5,source-native building observation,9.6.2
building:05d39ee471b8c5ac,campus-inferred:062bfb28f93a1bcd,campus-inferred:062bfb28f93a1bcd,building_in_campus,im3-source:f63c28d14a25bf50,im3:f63c28d14a25bf50,source-native building observation,9.6.2
building:401f0691a6af7564,campus-inferred:1c577f87b9924225,campus-inferred:1c577f87b9924225,building_in_campus,im3-source:1cd6d81262a813b8,im3:1cd6d81262a813b8,source-native building observation,9.6.2
building:232511ed01fa5879,campus-inferred:1c577f87b9924225,campus-inferred:1c577f87b9924225,building_in_campus,im3-source:2d728ae464bbb54f,im3:2d728ae464bbb54f,source-native building observation,9.6.2
building:f0c692b05782168b,campus-inferred:1c577f87b9924225,campus-inferred:1c577f87b9924225,building_in_campus,im3-source:bd2058744821a858,im3:bd2058744821a858,source-native building observation,9.6.2
building:0da4be58465d02ff,campus-inferred:7f8a30fb1214180b,campus-inferred:7f8a30fb1214180b,building_in_campus,im3-source:43f1163dec42562d,im3:43f1163dec42562d,source-native building observation,9.6.2
building:06894cdc3b9adff7,campus-inferred:7f8a30fb1214180b,campus-inferred:7f8a30fb1214180b,building_in_campus,im3-source:d9fc54c15300c8c0,im3:d9fc54c15300c8c0,source-native building observation,9.6.2
building:9b715370c428e024,campus-inferred:9dc723c78e2bafeb,campus-inferred:9dc723c78e2bafeb,building_in_campus,im3-source:98032db8c95c11c7,im3:98032db8c95c11c7,source-native building observation,9.6.2
building:9b715370c428e024,campus-inferred:9dc723c78e2bafeb,campus-inferred:9dc723c78e2bafeb,building_in_campus,osm-way-1253282099,gigawatt:osm-way-1253282099,source-native building observation,9.6.2
building:76c5512189432b1a,campus-inferred:9dc723c78e2bafeb,campus-inferred:9dc723c78e2bafeb,building_in_campus,im3-source:a2bdc64aaf5d01b2,im3:a2bdc64aaf5d01b2,source-native building observation,9.6.2
building:76c5512189432b1a,campus-inferred:9dc723c78e2bafeb,campus-inferred:9dc723c78e2bafeb,building_in_campus,osm-way-1020877489,gigawatt:osm-way-1020877489,source-native building observation,9.6.2
building:9d859845770f6ab9,campus-inferred:9dc723c78e2bafeb,campus-inferred:9dc723c78e2bafeb,building_in_campus,im3-source:b7c56d04afc61139,im3:b7c56d04afc61139,source-native building observation,9.6.2
building:9d859845770f6ab9,campus-inferred:9dc723c78e2bafeb,campus-inferred:9dc723c78e2bafeb,building_in_campus,osm-way-1020877488,gigawatt:osm-way-1020877488,source-native building observation,9.6.2
building:0faeff456ef228b1,campus-inferred:a7e44d020c6ee305,campus-inferred:a7e44d020c6ee305,building_in_campus,im3-source:1908bdb3ace4f00a,im3:1908bdb3ace4f00a,source-native building observation,9.6.2
building:14dc12a2b93427c0,campus-inferred:a7e44d020c6ee305,campus-inferred:a7e44d020c6ee305,building_in_campus,im3-source:272e0c989216c865,im3:272e0c989216c865,source-native building observation,9.6.2
building:f0cc6f96cdab404d,campus-inferred:681e56c9e6b6132c,campus-inferred:681e56c9e6b6132c,building_in_campus,im3-source:a62023b37d826775,im3:a62023b37d826775,source-native building observation,9.6.2
building:3c23bb8de2d850f6,campus-inferred:681e56c9e6b6132c,campus-inferred:681e56c9e6b6132c,building_in_campus,im3-source:bf30d410191b773d,im3:bf30d410191b773d,source-native building observation,9.6.2
building:609b91252976a057,campus-inferred:f97572a0ef9fd07b,campus-inferred:f97572a0ef9fd07b,building_in_campus,osm-way-597970806,gigawatt:osm-way-597970806,source-native building observation,9.6.2
building:956fda3501d1a560,campus-inferred:f97572a0ef9fd07b,campus-inferred:f97572a0ef9fd07b,building_in_campus,osm-way-597970809,gigawatt:osm-way-597970809,source-native building observation,9.6.2
building:844b7bc3fbec99e7,campus-inferred:f97572a0ef9fd07b,campus-inferred:f97572a0ef9fd07b,building_in_campus,osm-way-597970811,gigawatt:osm-way-597970811,source-native building observation,9.6.2
building:4e5759dfa19c8127,campus-inferred:f97572a0ef9fd07b,campus-inferred:f97572a0ef9fd07b,building_in_campus,osm-way-597970813,gigawatt:osm-way-597970813,source-native building observation,9.6.2
building:5cfc97de3c642e07,campus-inferred:396286d756570e0a,campus-inferred:396286d756570e0a,building_in_campus,osm-way-300969614,gigawatt:osm-way-300969614,source-native building observation,9.6.2
building:f8c1477aef2252a6,campus-inferred:396286d756570e0a,campus-inferred:396286d756570e0a,building_in_campus,osm-way-300969616,gigawatt:osm-way-300969616,source-native building observation,9.6.2
building:9ba1d0915c56a99d,campus-inferred:396286d756570e0a,campus-inferred:396286d756570e0a,building_in_campus,osm-way-300969619,gigawatt:osm-way-300969619,source-native building observation,9.6.2
building:330d50882c5d4c7b,campus-inferred:8b565af7511e7170,campus-inferred:8b565af7511e7170,building_in_campus,im3-source:0133def8113668e3,im3:0133def8113668e3,source-native building observation,9.6.2
building:1c318917a867143e,campus-inferred:8b565af7511e7170,campus-inferred:8b565af7511e7170,building_in_campus,im3-source:a10f8abc04db7843,im3:a10f8abc04db7843,source-native building observation,9.6.2
building:f1eb2babde1957cf,campus-inferred:78a5262ef80b21d9,campus-inferred:78a5262ef80b21d9,building_in_campus,im3-source:548d7405b8b21cfb,im3:548d7405b8b21cfb,source-native building observation,9.6.2
building:428240123ca775d9,campus-inferred:78a5262ef80b21d9,campus-inferred:78a5262ef80b21d9,building_in_campus,im3-source:caf3ce376dc00050,im3:caf3ce376dc00050,source-native building observation,9.6.2
building:8572d7896d428294,campus-inferred:86254f990601c599,campus-inferred:86254f990601c599,building_in_campus,im3-source:43a5f3c5d552bf7b,im3:43a5f3c5d552bf7b,source-native building observation,9.6.2
building:6e6c813007ce81ac,campus-inferred:86254f990601c599,campus-inferred:86254f990601c599,building_in_campus,im3-source:5dff1ba1d22f086c,im3:5dff1ba1d22f086c,source-native building observation,9.6.2
building:45fc6bfbce78f2c6,campus-inferred:86254f990601c599,campus-inferred:86254f990601c599,building_in_campus,im3-source:7a30703244c0898a,im3:7a30703244c0898a,source-native building observation,9.6.2
building:599031d55d2f06ee,campus-inferred:86254f990601c599,campus-inferred:86254f990601c599,building_in_campus,im3-source:9b7b501a80ca38f9,im3:9b7b501a80ca38f9,source-native building observation,9.6.2
building:f8e056a99480e2a7,campus-inferred:8b8ea684c4ff39a9,campus-inferred:8b8ea684c4ff39a9,building_in_campus,im3-source:5c152a6b6b097632,im3:5c152a6b6b097632,source-native building observation,9.6.2
building:442060d8342f6afa,campus-inferred:8b8ea684c4ff39a9,campus-inferred:8b8ea684c4ff39a9,building_in_campus,im3-source:727b0ec609d5735c,im3:727b0ec609d5735c,source-native building observation,9.6.2
building:f2f443ef2a51b030,campus-inferred:d4c5ffa549d3fdb6,campus-inferred:d4c5ffa549d3fdb6,building_in_campus,im3-source:79a70cbe773bcca9,im3:79a70cbe773bcca9,source-native building observation,9.6.2
building:d1955c726f1b59f0,campus-inferred:d4c5ffa549d3fdb6,campus-inferred:d4c5ffa549d3fdb6,building_in_campus,im3-source:f0226597023a9e86,im3:f0226597023a9e86,source-native building observation,9.6.2
building:439e57fe4061482d,campus-inferred:d4c5ffa549d3fdb6,campus-inferred:d4c5ffa549d3fdb6,building_in_campus,osm-way-1134911642,gigawatt:osm-way-1134911642,source-native building observation,9.6.2
building:02e4811bb9011b8b,campus-inferred:d4c5ffa549d3fdb6,campus-inferred:d4c5ffa549d3fdb6,building_in_campus,osm-way-1464257784,gigawatt:osm-way-1464257784,source-native building observation,9.6.2
building:afcc70aca279cb90,campus-inferred:9e24d66abed4ec26,campus-inferred:9e24d66abed4ec26,building_in_campus,im3-source:aa520151ca3dbf93,im3:aa520151ca3dbf93,source-native building observation,9.6.2
building:86fe6501efd71f3a,campus-inferred:9e24d66abed4ec26,campus-inferred:9e24d66abed4ec26,building_in_campus,osm-way-1287260558,gigawatt:osm-way-1287260558,source-native building observation,9.6.2
building:2463d170e08bd7be,campus-inferred:4e159b315728f4be,campus-inferred:4e159b315728f4be,building_in_campus,im3-source:6b9cdee4c155db16,im3:6b9cdee4c155db16,source-native building observation,9.6.2
building:db7f2f33e05c30c8,campus-inferred:4e159b315728f4be,campus-inferred:4e159b315728f4be,building_in_campus,osm-way-1090837713,gigawatt:osm-way-1090837713,source-native building observation,9.6.2
building:bf5abf9dd590e27e,campus-inferred:b5df3b84b8ba4ed7,campus-inferred:b5df3b84b8ba4ed7,building_in_campus,im3-source:20a87ec66153abaa,im3:20a87ec66153abaa,source-native building observation,9.6.2
building:bf5abf9dd590e27e,campus-inferred:b5df3b84b8ba4ed7,campus-inferred:b5df3b84b8ba4ed7,building_in_campus,osm-way-1287260553,gigawatt:osm-way-1287260553,source-native building observation,9.6.2
building:00ee8a25a809c1ee,campus-inferred:b5df3b84b8ba4ed7,campus-inferred:b5df3b84b8ba4ed7,building_in_campus,im3-source:68e10634e971f366,im3:68e10634e971f366,source-native building observation,9.6.2
building:00ee8a25a809c1ee,campus-inferred:b5df3b84b8ba4ed7,campus-inferred:b5df3b84b8ba4ed7,building_in_campus,osm-way-1464257783,gigawatt:osm-way-1464257783,source-native building observation,9.6.2
building:0aaef29d308558ec,campus-inferred:b5df3b84b8ba4ed7,campus-inferred:b5df3b84b8ba4ed7,building_in_campus,im3-source:bf90aba34606d8df,im3:bf90aba34606d8df,source-native building observation,9.6.2
building:0aaef29d308558ec,campus-inferred:b5df3b84b8ba4ed7,campus-inferred:b5df3b84b8ba4ed7,building_in_campus,osm-way-1252196815,gigawatt:osm-way-1252196815,source-native building observation,9.6.2
building:2dfa6f5a6f475949,campus-inferred:88d2b41f435ae4a2,campus-inferred:88d2b41f435ae4a2,building_in_campus,im3-source:11ee9898d568126a,im3:11ee9898d568126a,source-native building observation,9.6.2
building:880aa82d1d0f709f,campus-inferred:88d2b41f435ae4a2,campus-inferred:88d2b41f435ae4a2,building_in_campus,im3-source:17b2aca025ddd077,im3:17b2aca025ddd077,source-native building observation,9.6.2
building:880d0dc7fe6afc18,campus-inferred:88d2b41f435ae4a2,campus-inferred:88d2b41f435ae4a2,building_in_campus,im3-source:6ed56c9d272cf551,im3:6ed56c9d272cf551,source-native building observation,9.6.2
building:b81b40b954d5a705,campus-inferred:88d2b41f435ae4a2,campus-inferred:88d2b41f435ae4a2,building_in_campus,im3-source:ddbe80bf91fb3ca3,im3:ddbe80bf91fb3ca3,source-native building observation,9.6.2
building:91d47ee3fc5a9a81,campus-inferred:b1b930f1b57c43be,campus-inferred:b1b930f1b57c43be,building_in_campus,im3-source:0415a3f12ecb9902,im3:0415a3f12ecb9902,source-native building observation,9.6.2
building:28758d7b1deac1fb,campus-inferred:b1b930f1b57c43be,campus-inferred:b1b930f1b57c43be,building_in_campus,osm-way-293211687,gigawatt:osm-way-293211687,source-native building observation,9.6.2
building:9eb017d677356491,campus-inferred:b0f89f2051bd0380,campus-inferred:b0f89f2051bd0380,building_in_campus,im3-source:874d0ec780cd566b,im3:874d0ec780cd566b,source-native building observation,9.6.2
building:d47e9f10f39e8165,campus-inferred:b0f89f2051bd0380,campus-inferred:b0f89f2051bd0380,building_in_campus,osm-way-223928497,gigawatt:osm-way-223928497,source-native building observation,9.6.2
building:a32ce47fcef40523,campus-inferred:2dd118eb36ed4042,campus-inferred:2dd118eb36ed4042,building_in_campus,im3-source:dff1b34ca7df0c06,im3:dff1b34ca7df0c06,source-native building observation,9.6.2
building:737f0d38888eb471,campus-inferred:2dd118eb36ed4042,campus-inferred:2dd118eb36ed4042,building_in_campus,osm-way-231664575,gigawatt:osm-way-231664575,source-native building observation,9.6.2
building:202cfcce01e737c0,campus-inferred:f23ae65c157c7cb8,campus-inferred:f23ae65c157c7cb8,building_in_campus,im3-source:06d294cdaac09e3f,im3:06d294cdaac09e3f,source-native building observation,9.6.2
building:202cfcce01e737c0,campus-inferred:f23ae65c157c7cb8,campus-inferred:f23ae65c157c7cb8,building_in_campus,osm-way-499403180,gigawatt:osm-way-499403180,source-native building observation,9.6.2
building:e14fc0d0fda1e56c,campus-inferred:f23ae65c157c7cb8,campus-inferred:f23ae65c157c7cb8,building_in_campus,im3-source:339c1f6046f0930e,im3:339c1f6046f0930e,source-native building observation,9.6.2
building:e14fc0d0fda1e56c,campus-inferred:f23ae65c157c7cb8,campus-inferred:f23ae65c157c7cb8,building_in_campus,osm-way-410408073,gigawatt:osm-way-410408073,source-native building observation,9.6.2
building:3554174b5ca1c402,campus-inferred:f23ae65c157c7cb8,campus-inferred:f23ae65c157c7cb8,building_in_campus,im3-source:7b117c3620590d52,im3:7b117c3620590d52,source-native building observation,9.6.2
building:3554174b5ca1c402,campus-inferred:f23ae65c157c7cb8,campus-inferred:f23ae65c157c7cb8,building_in_campus,osm-way-694493125,gigawatt:osm-way-694493125,source-native building observation,9.6.2
building:f074fc7d73b33eca,campus-inferred:f23ae65c157c7cb8,campus-inferred:f23ae65c157c7cb8,building_in_campus,im3-source:a7a32ff0ba0f9e10,im3:a7a32ff0ba0f9e10,source-native building observation,9.6.2
building:f074fc7d73b33eca,campus-inferred:f23ae65c157c7cb8,campus-inferred:f23ae65c157c7cb8,building_in_campus,osm-way-694493126,gigawatt:osm-way-694493126,source-native building observation,9.6.2
building:1550273afd7ee69a,campus-inferred:f23ae65c157c7cb8,campus-inferred:f23ae65c157c7cb8,building_in_campus,im3-source:ab164bd96b448220,im3:ab164bd96b448220,source-native building observation,9.6.2
building:1550273afd7ee69a,campus-inferred:f23ae65c157c7cb8,campus-inferred:f23ae65c157c7cb8,building_in_campus,osm-way-1429883881,gigawatt:osm-way-1429883881,source-native building observation,9.6.2
building:2ede97e71e38384c,campus-inferred:f23ae65c157c7cb8,campus-inferred:f23ae65c157c7cb8,building_in_campus,im3-source:b4929857453de28a,im3:b4929857453de28a,source-native building observation,9.6.2
building:2ede97e71e38384c,campus-inferred:f23ae65c157c7cb8,campus-inferred:f23ae65c157c7cb8,building_in_campus,osm-way-694493128,gigawatt:osm-way-694493128,source-native building observation,9.6.2
building:99bcf14eef415d86,campus-inferred:f23ae65c157c7cb8,campus-inferred:f23ae65c157c7cb8,building_in_campus,im3-source:c899aa5d8ca22eb9,im3:c899aa5d8ca22eb9,source-native building observation,9.6.2
building:99bcf14eef415d86,campus-inferred:f23ae65c157c7cb8,campus-inferred:f23ae65c157c7cb8,building_in_campus,osm-way-410408074,gigawatt:osm-way-410408074,source-native building observation,9.6.2
building:8a0b6c5b19a39d1c,campus-inferred:f23ae65c157c7cb8,campus-inferred:f23ae65c157c7cb8,building_in_campus,im3-source:f737a8301d75700b,im3:f737a8301d75700b,source-native building observation,9.6.2
building:8a0b6c5b19a39d1c,campus-inferred:f23ae65c157c7cb8,campus-inferred:f23ae65c157c7cb8,building_in_campus,osm-way-694493127,gigawatt:osm-way-694493127,source-native building observation,9.6.2
building:112d0155b5d0b6a5,campus-inferred:0fadfa2fe40f9b93,campus-inferred:0fadfa2fe40f9b93,building_in_campus,im3-source:22895af5f7f41b34,im3:22895af5f7f41b34,source-native building observation,9.6.2
building:1928cd6cbf01b28c,campus-inferred:0fadfa2fe40f9b93,campus-inferred:0fadfa2fe40f9b93,building_in_campus,osm-way-376627431,gigawatt:osm-way-376627431,source-native building observation,9.6.2
