Observation ID,Source Record ID,Source,Source Class,Observation Level,Name,Operator,Owner,Developer,Occupant,Address,City,State,County,ZIP Code,Latitude,Longitude,Location Precision,Purpose,Status,Status Detail,Status Date,Expected Service Date,Square Feet,Facility Count,Building Count,Property Size Acres,Project Cost,Raw Capacity Text,Published Capacity Estimate Low MW,Published Capacity Estimate MW,Published Capacity Estimate High MW,Capacity Estimate Basis,Planned Data Center Capacity MW,Contracted Utility Capacity MW,Energized Capacity MW,Annual Electricity Consumption MWh,Planned Onsite Generation MW,Power Source,Dedicated Power Plant,Generator Count,Utility,Balancing Authority,Watershed,Water Withdrawal Gallons/Year,Water Consumption Gallons/Year,Site WUE L/kWh,Cooling System,Water Source,Water Permit or Utility Record,Reclaimed Water Use,Water Evidence Scope,Water Evidence Grade,Water Evidence Type,Water Evidence Source,Water Evidence URL,Water Evidence Date,Community Response,Evidence Grade,Evidence Type,Inventory Confidence,Source URL,Upstream Source URL,Source Date,Source Updated Date,Notes,Resolution Reason
fractracker:293,293,FracTracker Open U.S. Data Centers Tracker,Open project tracker,campus,Microsoft,Microsoft,,Microsoft,,,Granger,IN,St. Joseph,46530.0,41.72418,-86.1341,High,,Status unknown,Unknown,,,,,,900.0,,,,,,nan,,,,,,,,,,,,,,,,,,,,,,,,,,C,Cross-referenced open project tracker,High,https://www.insideindianabusiness.com/articles/new-data-center-project-being-proposed-for-new-carlisle,https://www.insideindianabusiness.com/articles/new-data-center-project-being-proposed-for-new-carlisle,2025-05-14,2025-05-14,Expansion of existing Media Monitoring,Insufficient evidence to establish or attach a distinct campus
fractracker:372,372,FracTracker Open U.S. Data Centers Tracker,Open project tracker,campus,Amazon,Amazon,,Amazon,,,Becker,MN,Sherburne,55308.0,45.38527,-93.8805,Medium,,Suspended,Suspended,,,,,,,,,,,,nan,,,,,,,,,,,,,,,,,,,,,,,,,,B,Cross-referenced open project tracker,Medium,https://www.msn.com/en-us/money/companies/amazon-suspends-minnesota-data-center-as-lawmakers-plan-to-reduce-big-tech-tax-breaks/ar-AA1Fj3re,https://www.msn.com/en-us/money/companies/amazon-suspends-minnesota-data-center-as-lawmakers-plan-to-reduce-big-tech-tax-breaks/ar-AA1Fj3re | https://www.fox9.com/news/amazon-becker-data-center | https://www.datacenterdynamics.com/en/news/amazon-web-services-suspends-plans-for-minnesota-data-center/,2025-05-23,2025-05-23,Media Monitoring,Insufficient evidence to establish or attach a distinct campus
fractracker:504,504,FracTracker Open U.S. Data Centers Tracker,Open project tracker,campus,Amazon,Amazon,,Amazon,,,Columbus,OH,Franklin,,39.96418,-83.0171,Low,,Suspended,Suspended,,,,,,,,,,,,nan,,,,,,,,,,,,,,,,,,,,,,,,,,B,Cross-referenced open project tracker,Low,https://marcellusdrilling.com/2025/04/microsoft-hits-pause-button-on-1b-data-centers-near-columbus-oh/,https://marcellusdrilling.com/2025/04/microsoft-hits-pause-button-on-1b-data-centers-near-columbus-oh/ | https://www.dispatch.com/story/business/2025/04/07/microsoft-backs-out-of-plans-to-build-data-centers-in-licking-county/82973097007/,,,Media Monitoring,Insufficient evidence to establish or attach a distinct campus
fractracker:510,510,FracTracker Open U.S. Data Centers Tracker,Open project tracker,campus,Microsoft,Microsoft,,Microsoft,,,Columbus,OH,Franklin,,39.96418,-83.0171,Low,,Suspended,Suspended,,,,,,,,,,,,nan,,,,,,,,,,,,,,,,,,,,,,,,,,B,Cross-referenced open project tracker,Low,https://marcellusdrilling.com/2025/04/microsoft-hits-pause-button-on-1b-data-centers-near-columbus-oh/,https://marcellusdrilling.com/2025/04/microsoft-hits-pause-button-on-1b-data-centers-near-columbus-oh/ | https://www.dispatch.com/story/business/2025/04/07/microsoft-backs-out-of-plans-to-build-data-centers-in-licking-county/82973097007/,,,Media Monitoring,Insufficient evidence to establish or attach a distinct campus
fractracker:946,946,FracTracker Open U.S. Data Centers Tracker,Open project tracker,campus,Cielo Digital Infrastructure,Cielo Digital Infrastructure,,Cielo Digital Infrastructure,,,Culpepper,VA,Culpeper,22701.0,38.466785,-77.96353,Medium,,Proposed,Proposed,,,1400000.0,,,121.0,,,,,,nan,,,,,,,,,,,,,,,,,,,,,,,,,,B,Cross-referenced open project tracker,Medium,http://go.boarddocs.com/va/ccva/Board.nsf/goto?open&id=CWBKLL525B17,http://go.boarddocs.com/va/ccva/Board.nsf/goto?open&id=CWBKLL525B17 | https://gis.vgsi.com/culpeperva/Parcel.aspx?pid=3148,2024-04-10,2025-10-17,"Project covers more than one parcel, the acreage represents the combined acreage PEC",Insufficient evidence to establish or attach a distinct campus
gigawatt:osm-node-10014176940,osm-node-10014176940,Gigawatt Map retained export,Observed footprint,building,Microsoft,microsoft,,microsoft,,,,PR,,,18.417436,-66.10899,Published point,,Observed footprint,,,,,,,,,,,,,,,,,,,,,,,,,,,,,,,,,,,,,,,D,Open geospatial inventory,osm_only,https://gigawattmap.com/data,,,,,Insufficient evidence to establish or attach a distinct campus
gigawatt:osm-node-10537283366,osm-node-10537283366,Gigawatt Map retained export,Observed footprint,building,Netrality,,,,,,,IL,,,41.872881,-87.63344,Published point,,Observed footprint,,,,,,,,,,,,,,,,,,,,,,,,,,,,,,,,,,,,,,,D,Open geospatial inventory,osm_only,https://gigawattmap.com/data,,,,,Insufficient evidence to establish or attach a distinct campus
gigawatt:osm-node-10567817971,osm-node-10567817971,Gigawatt Map retained export,Observed footprint,building,Brandaleone Lab for Data and Visualization,,,,,,,NC,Durham County,,36.003099,-78.938532,Published point,,Observed footprint,,,,,,,,,,,,,,,,,,,,,,,,,,,,,,,,,,,,,,,D,Open geospatial inventory,osm_only,https://gigawattmap.com/data,,,,U.S. jurisdiction reconciled from co-located IM3 geometry.,Insufficient evidence to establish or attach a distinct campus
gigawatt:osm-node-10648552506,osm-node-10648552506,Gigawatt Map retained export,Observed footprint,building,Frontier (supercomputer),,,,,,,TN,Roane County,,35.929513,-84.310567,Published point,,Observed footprint,,,,,,,,,,,,,,,,,,,,,,,,,,,,,,,,,,,,,,,D,Open geospatial inventory,osm_only,https://gigawattmap.com/data,,,,U.S. jurisdiction reconciled from co-located IM3 geometry.,Insufficient evidence to establish or attach a distinct campus
gigawatt:osm-node-10780794741,osm-node-10780794741,Gigawatt Map retained export,Observed footprint,building,Ntirety,,,,,,,CA,,,37.779653,-122.394001,Published point,,Observed footprint,,,,,,,,,,,,,,,,,,,,,,,,,,,,,,,,,,,,,,,D,Open geospatial inventory,osm_only,https://gigawattmap.com/data,,,,,Insufficient evidence to establish or attach a distinct campus
gigawatt:osm-node-10796113031,osm-node-10796113031,Gigawatt Map retained export,Observed footprint,building,VaultLogix,,,,,,,AZ,Maricopa County,,33.627367,-111.901703,Published point,,Observed footprint,,,,,,,,,,,,,,,,,,,,,,,,,,,,,,,,,,,,,,,D,Open geospatial inventory,osm_only,https://gigawattmap.com/data,,,,U.S. jurisdiction reconciled from co-located IM3 geometry.,Insufficient evidence to establish or attach a distinct campus
gigawatt:osm-node-10796113033,osm-node-10796113033,Gigawatt Map retained export,Observed footprint,building,Profit Finder Pro Software,,,,,,,AZ,Maricopa County,,33.627248,-111.902048,Published point,,Observed footprint,,,,,,,,,,,,,,,,,,,,,,,,,,,,,,,,,,,,,,,D,Open geospatial inventory,osm_only,https://gigawattmap.com/data,,,,U.S. jurisdiction reconciled from co-located IM3 geometry.,Insufficient evidence to establish or attach a distinct campus
gigawatt:osm-node-10798644674,osm-node-10798644674,Gigawatt Map retained export,Observed footprint,building,DataPro USA Web Development,,,,,,,AZ,Maricopa County,,33.611662,-111.913983,Published point,,Observed footprint,,,,,,,,,,,,,,,,,,,,,,,,,,,,,,,,,,,,,,,D,Open geospatial inventory,osm_only,https://gigawattmap.com/data,,,,U.S. jurisdiction reconciled from co-located IM3 geometry.,Insufficient evidence to establish or attach a distinct campus
gigawatt:osm-node-10880725408,osm-node-10880725408,Gigawatt Map retained export,Observed footprint,building,e360,,,,,,,CA,,,37.971081,-122.043738,Published point,,Observed footprint,,,,,,,,,,,,,,,,,,,,,,,,,,,,,,,,,,,,,,,D,Open geospatial inventory,osm_only,https://gigawattmap.com/data,,,,,Insufficient evidence to establish or attach a distinct campus
gigawatt:osm-node-10910879064,osm-node-10910879064,Gigawatt Map retained export,Observed footprint,building,Digital Realty ORD10,digitalrealty,,digitalrealty,,,,IL,,,41.853351,-87.618307,Published point,,Observed footprint,,,,,,,,,,,,,,,,,,,,,,,,,,,,,,,,,,,,,,,D,Open geospatial inventory,osm_only,https://gigawattmap.com/data,,,,,Insufficient evidence to establish or attach a distinct campus
gigawatt:osm-node-10910879065,osm-node-10910879065,Gigawatt Map retained export,Observed footprint,building,Centersquare Chicago Data Center - ORD1,,,,,,,IL,,,41.853383,-87.618607,Published point,,Observed footprint,,,,,,,,,,,,,,,,,,,,,,,,,,,,,,,,,,,,,,,D,Open geospatial inventory,osm_only,https://gigawattmap.com/data,,,,,Insufficient evidence to establish or attach a distinct campus
gigawatt:osm-node-10938672218,osm-node-10938672218,Gigawatt Map retained export,Observed footprint,building,K-Motion Interactive,,,,,,,AZ,Maricopa County,,33.634484,-111.884346,Published point,,Observed footprint,,,,,,,,,,,,,,,,,,,,,,,,,,,,,,,,,,,,,,,D,Open geospatial inventory,osm_only,https://gigawattmap.com/data,,,,U.S. jurisdiction reconciled from co-located IM3 geometry.,Insufficient evidence to establish or attach a distinct campus
gigawatt:osm-node-10945121336,osm-node-10945121336,Gigawatt Map retained export,Observed footprint,building,West Monroe,,,,,,,IL,Cook County,,41.880527,-87.635938,Published point,,Observed footprint,,,,,,,,,,,,,,,,,,,,,,,,,,,,,,,,,,,,,,,D,Open geospatial inventory,osm_only,https://gigawattmap.com/data,,,,U.S. jurisdiction reconciled from co-located IM3 geometry.,Insufficient evidence to establish or attach a distinct campus
gigawatt:osm-node-11018926315,osm-node-11018926315,Gigawatt Map retained export,Observed footprint,building,Iron Mountain Data Centers AZS-1,,,,,,,AZ,Maricopa County,,33.644666,-111.896098,Published point,,Observed footprint,,,,,,,,,,,,,,,,,,,,,,,,,,,,,,,,,,,,,,,D,Open geospatial inventory,osm_only,https://gigawattmap.com/data,,,,U.S. jurisdiction reconciled from co-located IM3 geometry.,Insufficient evidence to establish or attach a distinct campus
gigawatt:osm-node-11098469355,osm-node-11098469355,Gigawatt Map retained export,Observed footprint,building,CoreSite Chicago Data Center (CH1),coresite,,coresite,,,,IL,,,41.87594,-87.631466,Published point,,Observed footprint,,,,,,,,,,,,,,,,,,,,,,,,,,,,,,,,,,,,,,,D,Open geospatial inventory,osm_only,https://gigawattmap.com/data,,,,,Insufficient evidence to establish or attach a distinct campus
gigawatt:osm-node-11113161710,osm-node-11113161710,Gigawatt Map retained export,Observed footprint,building,Accelera Data Systems,,,,,,,AZ,Maricopa County,,33.664746,-112.111714,Published point,,Observed footprint,,,,,,,,,,,,,,,,,,,,,,,,,,,,,,,,,,,,,,,D,Open geospatial inventory,osm_only,https://gigawattmap.com/data,,,,U.S. jurisdiction reconciled from co-located IM3 geometry.,Insufficient evidence to establish or attach a distinct campus
gigawatt:osm-node-11167641842,osm-node-11167641842,Gigawatt Map retained export,Observed footprint,building,Expedient Owings Mills,,,,,,,MD,,,39.427318,-76.81155,Published point,,Observed footprint,,,,,,,,,,,,,,,,,,,,,,,,,,,,,,,,,,,,,,,D,Open geospatial inventory,osm_only,https://gigawattmap.com/data,,,,,Insufficient evidence to establish or attach a distinct campus
gigawatt:osm-node-11168593074,osm-node-11168593074,Gigawatt Map retained export,Observed footprint,building,Lumen Baltimore,,,,,,,MD,Baltimore city,,39.291759,-76.620402,Published point,,Observed footprint,,,,,,,,,,,,,,,,,,,,,,,,,,,,,,,,,,,,,,,D,Open geospatial inventory,osm_only,https://gigawattmap.com/data,,,,U.S. jurisdiction reconciled from co-located IM3 geometry.,Insufficient evidence to establish or attach a distinct campus
gigawatt:osm-node-11168593094,osm-node-11168593094,Gigawatt Map retained export,Observed footprint,building,Expedient Tidepoint,,,,,,,MD,Baltimore city,,39.274655,-76.591671,Published point,,Observed footprint,,,,,,,,,,,,,,,,,,,,,,,,,,,,,,,,,,,,,,,D,Open geospatial inventory,osm_only,https://gigawattmap.com/data,,,,U.S. jurisdiction reconciled from co-located IM3 geometry.,Insufficient evidence to establish or attach a distinct campus
gigawatt:osm-node-11400893880,osm-node-11400893880,Gigawatt Map retained export,Observed footprint,building,Flexential - Denver - Centennial Data Center,flexential,,flexential,,,,CO,,,39.593873,-104.84316,Published point,,Observed footprint,,,,,,,,,,,,,,,,,,,,,,,,,,,,,,,,,,,,,,,D,Open geospatial inventory,osm_only,https://gigawattmap.com/data,,,,,Insufficient evidence to establish or attach a distinct campus
gigawatt:osm-node-11526819452,osm-node-11526819452,Gigawatt Map retained export,Observed footprint,building,EarthClick.net LLC,,,,,,,OR,,,43.797155,-123.055946,Published point,,Observed footprint,,,,,,,,,,,,,,,,,,,,,,,,,,,,,,,,,,,,,,,D,Open geospatial inventory,osm_only,https://gigawattmap.com/data,,,,,Insufficient evidence to establish or attach a distinct campus
gigawatt:osm-node-11666916913,osm-node-11666916913,Gigawatt Map retained export,Observed footprint,building,EdgeConneX Data Center,edgeconnex,,edgeconnex,,,,AZ,Maricopa County,,33.395586,-111.970076,Published point,,Observed footprint,,,,,,,,,,,,,,,,,,,,,,,,,,,,,,,,,,,,,,,D,Open geospatial inventory,osm_only,https://gigawattmap.com/data,,,,U.S. jurisdiction reconciled from co-located IM3 geometry.,Insufficient evidence to establish or attach a distinct campus
gigawatt:osm-node-11924506303,osm-node-11924506303,Gigawatt Map retained export,Observed footprint,building,IT,,,,,,,CA,Riverside County,,33.91029,-117.503021,Published point,,Observed footprint,,,,,,,,,,,,,,,,,,,,,,,,,,,,,,,,,,,,,,,D,Open geospatial inventory,osm_only,https://gigawattmap.com/data,,,,U.S. jurisdiction reconciled from co-located IM3 geometry.,Insufficient evidence to establish or attach a distinct campus
gigawatt:osm-node-11938614120,osm-node-11938614120,Gigawatt Map retained export,Observed footprint,building,"Alembic Computer Services, Inc.",,,,,,,AZ,Maricopa County,,33.405131,-111.977335,Published point,,Observed footprint,,,,,,,,,,,,,,,,,,,,,,,,,,,,,,,,,,,,,,,D,Open geospatial inventory,osm_only,https://gigawattmap.com/data,,,,U.S. jurisdiction reconciled from co-located IM3 geometry.,Insufficient evidence to establish or attach a distinct campus
gigawatt:osm-node-11938631189,osm-node-11938631189,Gigawatt Map retained export,Observed footprint,building,J-Curve Technologies,,,,,,,AZ,Maricopa County,,33.413186,-111.971154,Published point,,Observed footprint,,,,,,,,,,,,,,,,,,,,,,,,,,,,,,,,,,,,,,,D,Open geospatial inventory,osm_only,https://gigawattmap.com/data,,,,U.S. jurisdiction reconciled from co-located IM3 geometry.,Insufficient evidence to establish or attach a distinct campus
gigawatt:osm-node-12112201416,osm-node-12112201416,Gigawatt Map retained export,Observed footprint,building,Flexential Cincinnati,flexential,,flexential,,,,OH,,,39.315931,-84.449464,Published point,,Observed footprint,,,,,,,,,,,,,,,,,,,,,,,,,,,,,,,,,,,,,,,D,Open geospatial inventory,osm_only,https://gigawattmap.com/data,,,,,Insufficient evidence to establish or attach a distinct campus
gigawatt:osm-node-12112236372,osm-node-12112236372,Gigawatt Map retained export,Observed footprint,building,Flexential Denver - Downtown,flexential,,flexential,,,,CO,,,39.74597,-104.994159,Published point,,Observed footprint,,,,,,,,,,,,,,,,,,,,,,,,,,,,,,,,,,,,,,,D,Open geospatial inventory,osm_only,https://gigawattmap.com/data,,,,,Insufficient evidence to establish or attach a distinct campus
gigawatt:osm-node-12112238944,osm-node-12112238944,Gigawatt Map retained export,Observed footprint,building,Flexential Dallas - Downtown Dallas,flexential,,flexential,,,,TX,,,32.80041,-96.819371,Published point,,Observed footprint,,,,,,,,,,,,,,,,,,,,,,,,,,,,,,,,,,,,,,,D,Open geospatial inventory,osm_only,https://gigawattmap.com/data,,,,,Insufficient evidence to establish or attach a distinct campus
gigawatt:osm-node-12112266917,osm-node-12112266917,Gigawatt Map retained export,Observed footprint,building,Flexential Jacksonville,flexential,,flexential,,,,FL,,,30.245748,-81.581723,Published point,,Observed footprint,,,,,,,,,,,,,,,,,,,,,,,,,,,,,,,,,,,,,,,D,Open geospatial inventory,osm_only,https://gigawattmap.com/data,,,,,Insufficient evidence to establish or attach a distinct campus
gigawatt:osm-node-12112270180,osm-node-12112270180,Gigawatt Map retained export,Observed footprint,building,Flexential - Denver - Aurora,flexential,,flexential,,,,CO,,,39.661049,-104.848832,Published point,,Observed footprint,,,,,,,,,,,,,,,,,,,,,,,,,,,,,,,,,,,,,,,D,Open geospatial inventory,osm_only,https://gigawattmap.com/data,,,,,Insufficient evidence to establish or attach a distinct campus
gigawatt:osm-node-12112295055,osm-node-12112295055,Gigawatt Map retained export,Observed footprint,building,Flexential Nashville - Brentwood,flexential,,flexential,,,,TN,,,35.972729,-86.808495,Published point,,Observed footprint,,,,,,,,,,,,,,,,,,,,,,,,,,,,,,,,,,,,,,,D,Open geospatial inventory,osm_only,https://gigawattmap.com/data,,,,,Insufficient evidence to establish or attach a distinct campus
gigawatt:osm-node-12112361725,osm-node-12112361725,Gigawatt Map retained export,Observed footprint,building,Flexential Raleigh,flexential,,flexential,,,,NC,,,35.850528,-78.829143,Published point,,Observed footprint,,,,,,,,,,,,,,,,,,,,,,,,,,,,,,,,,,,,,,,D,Open geospatial inventory,osm_only,https://gigawattmap.com/data,,,,,Insufficient evidence to establish or attach a distinct campus
gigawatt:osm-node-12112380995,osm-node-12112380995,Gigawatt Map retained export,Observed footprint,building,Flexential Tampa - West,flexential,,flexential,,,,FL,,,28.037299,-82.539978,Published point,,Observed footprint,,,,,,,,,,,,,,,,,,,,,,,,,,,,,,,,,,,,,,,D,Open geospatial inventory,osm_only,https://gigawattmap.com/data,,,,,Insufficient evidence to establish or attach a distinct campus
gigawatt:osm-node-12112382397,osm-node-12112382397,Gigawatt Map retained export,Observed footprint,building,Flexential Salt Lake City - Lindon,flexential,,flexential,,,,UT,,,40.332648,-111.727875,Published point,,Observed footprint,,,,,,,,,,,,,,,,,,,,,,,,,,,,,,,,,,,,,,,D,Open geospatial inventory,osm_only,https://gigawattmap.com/data,,,,,Insufficient evidence to establish or attach a distinct campus
gigawatt:osm-node-12387534800,osm-node-12387534800,Gigawatt Map retained export,Observed footprint,building,UNM Data Center,,,,,,,NM,,,35.086739,-106.615348,Published point,,Observed footprint,,,,,,,,,,,,,,,,,,,,,,,,,,,,,,,,,,,,,,,D,Open geospatial inventory,osm_only,https://gigawattmap.com/data,,,,,Insufficient evidence to establish or attach a distinct campus
gigawatt:osm-node-12437277166,osm-node-12437277166,Gigawatt Map retained export,Observed footprint,building,Prime Santa Clara,,,,,,,CA,Santa Clara County,,37.366662,-121.962865,Published point,,Observed footprint,,,,,,,,,,,,,,,,,,,,,,,,,,,,,,,,,,,,,,,D,Open geospatial inventory,osm_only,https://gigawattmap.com/data,,,,U.S. jurisdiction reconciled from co-located IM3 geometry.,Insufficient evidence to establish or attach a distinct campus
gigawatt:osm-node-12452254071,osm-node-12452254071,Gigawatt Map retained export,Observed footprint,building,Open Data Centers Piscataway,,,,,,,NJ,Middlesex County,,40.55035,-74.456856,Published point,,Observed footprint,,,,,,,,,,,,,,,,,,,,,,,,,,,,,,,,,,,,,,,D,Open geospatial inventory,osm_only,https://gigawattmap.com/data,,,,U.S. jurisdiction reconciled from co-located IM3 geometry.,Insufficient evidence to establish or attach a distinct campus
gigawatt:osm-node-12471740457,osm-node-12471740457,Gigawatt Map retained export,Observed footprint,building,H5 Secaucus,,,,,,,NJ,Hudson County,,40.785395,-74.075012,Published point,,Observed footprint,,,,,,,,,,,,,,,,,,,,,,,,,,,,,,,,,,,,,,,D,Open geospatial inventory,osm_only,https://gigawattmap.com/data,,,,U.S. jurisdiction reconciled from co-located IM3 geometry.,Insufficient evidence to establish or attach a distinct campus
gigawatt:osm-node-12550746951,osm-node-12550746951,Gigawatt Map retained export,Observed footprint,building,"Forescout Technologies, Inc.",,,,,,,CA,,,37.322868,-121.947418,Published point,,Observed footprint,,,,,,,,,,,,,,,,,,,,,,,,,,,,,,,,,,,,,,,D,Open geospatial inventory,osm_only,https://gigawattmap.com/data,,,,,Insufficient evidence to establish or attach a distinct campus
gigawatt:osm-node-12682482760,osm-node-12682482760,Gigawatt Map retained export,Observed footprint,building,Lumen Albany 4,,,,,,,NY,,,42.735631,-73.818665,Published point,,Observed footprint,,,,,,,,,,,,,,,,,,,,,,,,,,,,,,,,,,,,,,,D,Open geospatial inventory,osm_only,https://gigawattmap.com/data,,,,,Insufficient evidence to establish or attach a distinct campus
gigawatt:osm-node-12695496267,osm-node-12695496267,Gigawatt Map retained export,Observed footprint,building,Equinix Chicago Data Center - CH1,equinix,,equinix,,,,IL,,,41.853558,-87.618048,Published point,,Observed footprint,,,,,,,,,,,,,,,,,,,,,,,,,,,,,,,,,,,,,,,D,Open geospatial inventory,osm_only,https://gigawattmap.com/data,,,,,Insufficient evidence to establish or attach a distinct campus
gigawatt:osm-node-12708029111,osm-node-12708029111,Gigawatt Map retained export,Observed footprint,building,501 West,,,,,,,NJ,,,40.315558,-74.668851,Published point,,Observed footprint,,,,,,,,,,,,,,,,,,,,,,,,,,,,,,,,,,,,,,,D,Open geospatial inventory,osm_only,https://gigawattmap.com/data,,,,,Insufficient evidence to establish or attach a distinct campus
gigawatt:osm-node-12793428582,osm-node-12793428582,Gigawatt Map retained export,Observed footprint,building,TulsaConnect DC3,,,,,,,OK,Tulsa County,,36.099474,-95.838283,Published point,,Observed footprint,,,,,,,,,,,,,,,,,,,,,,,,,,,,,,,,,,,,,,,D,Open geospatial inventory,osm_only,https://gigawattmap.com/data,,,,U.S. jurisdiction reconciled from co-located IM3 geometry.,Insufficient evidence to establish or attach a distinct campus
gigawatt:osm-node-13019681063,osm-node-13019681063,Gigawatt Map retained export,Observed footprint,building,Comarch,,,,,,,AZ,,,33.356679,-111.635236,Published point,,Observed footprint,,,,,,,,,,,,,,,,,,,,,,,,,,,,,,,,,,,,,,,D,Open geospatial inventory,osm_only,https://gigawattmap.com/data,,,,,Insufficient evidence to establish or attach a distinct campus
gigawatt:osm-node-13042311881,osm-node-13042311881,Gigawatt Map retained export,Observed footprint,building,CoreSite - LA2,coresite,,coresite,,,,CA,,,34.058479,-118.235914,Published point,,Observed footprint,,,,,,,,,,,,,,,,,,,,,,,,,,,,,,,,,,,,,,,D,Open geospatial inventory,osm_only,https://gigawattmap.com/data,,,,,Insufficient evidence to establish or attach a distinct campus
gigawatt:osm-node-13154826378,osm-node-13154826378,Gigawatt Map retained export,Observed footprint,building,NTT Ashburn VA7 Data Center,ntt,,ntt,,,,VA,,,39.016014,-77.471954,Published point,,Observed footprint,,,,,,,,,,,,,,,,,,,,,,,,,,,,,,,,,,,,,,,D,Open geospatial inventory,osm_only,https://gigawattmap.com/data,,,,,Insufficient evidence to establish or attach a distinct campus
gigawatt:osm-node-13154826379,osm-node-13154826379,Gigawatt Map retained export,Observed footprint,building,NTT VA11 Data Center,ntt,,ntt,,,,VA,,,38.799973,-77.609964,Published point,,Observed footprint,,,,,,,,,,,,,,,,,,,,,,,,,,,,,,,,,,,,,,,D,Open geospatial inventory,osm_only,https://gigawattmap.com/data,,,,,Insufficient evidence to establish or attach a distinct campus
gigawatt:osm-node-13226718075,osm-node-13226718075,Gigawatt Map retained export,Observed footprint,building,Lumen Madison 1 Data Center,,,,,,,WI,Dane County,,43.067716,-89.392279,Published point,,Observed footprint,,,,,,,,,,,,,,,,,,,,,,,,,,,,,,,,,,,,,,,D,Open geospatial inventory,osm_only,https://gigawattmap.com/data,,,,U.S. jurisdiction reconciled from co-located IM3 geometry.,Insufficient evidence to establish or attach a distinct campus
gigawatt:osm-node-13311012216,osm-node-13311012216,Gigawatt Map retained export,Observed footprint,building,Fiberhub LAS1,,,,,,,NV,,,36.065941,-115.139883,Published point,,Observed footprint,,,,,,,,,,,,,,,,,,,,,,,,,,,,,,,,,,,,,,,D,Open geospatial inventory,osm_only,https://gigawattmap.com/data,,,,,Insufficient evidence to establish or attach a distinct campus
gigawatt:osm-node-13409186015,osm-node-13409186015,Gigawatt Map retained export,Observed footprint,building,DāStor: 3400 Horizon Drive,,,,,,,PA,,,40.087919,-75.33972,Published point,,Observed footprint,,,,,,,,,,,,,,,,,,,,,,,,,,,,,,,,,,,,,,,D,Open geospatial inventory,osm_only,https://gigawattmap.com/data,,,,,Insufficient evidence to establish or attach a distinct campus
gigawatt:osm-node-13465438761,osm-node-13465438761,Gigawatt Map retained export,Observed footprint,building,Rad Web Hosting,,,,,,,TX,,,32.778447,-96.798496,Published point,,Observed footprint,,,,,,,,,,,,,,,,,,,,,,,,,,,,,,,,,,,,,,,D,Open geospatial inventory,osm_only,https://gigawattmap.com/data,,,,,Insufficient evidence to establish or attach a distinct campus
gigawatt:osm-node-13546262077,osm-node-13546262077,Gigawatt Map retained export,Observed footprint,building,Alpha Federal,,,,,,,WV,,,38.353177,-81.696182,Published point,,Observed footprint,,,,,,,,,,,,,,,,,,,,,,,,,,,,,,,,,,,,,,,D,Open geospatial inventory,osm_only,https://gigawattmap.com/data,,,,,Insufficient evidence to establish or attach a distinct campus
gigawatt:osm-node-13639231258,osm-node-13639231258,Gigawatt Map retained export,Observed footprint,building,Applied Digital,,,,,,,ND,,,46.974172,-96.87394,Published point,,Observed footprint,,,,,,,,,,,,,,,,,,,,,,,,,,,,,,,,,,,,,,,D,Open geospatial inventory,osm_only,https://gigawattmap.com/data,,,,,Insufficient evidence to establish or attach a distinct campus
gigawatt:osm-node-1825907839,osm-node-1825907839,Gigawatt Map retained export,Observed footprint,building,Southwest Cyberport,,,,,,,NM,,,35.103293,-106.589349,Published point,,Observed footprint,,,,,,,,,,,,,,,,,,,,,,,,,,,,,,,,,,,,,,,D,Open geospatial inventory,osm_only,https://gigawattmap.com/data,,,,,Insufficient evidence to establish or attach a distinct campus
gigawatt:osm-node-2590601520,osm-node-2590601520,Gigawatt Map retained export,Observed footprint,building,FCR,,,,,,,OR,,,42.437882,-123.32863,Published point,,Observed footprint,,,,,,,,,,,,,,,,,,,,,,,,,,,,,,,,,,,,,,,D,Open geospatial inventory,osm_only,https://gigawattmap.com/data,,,,,Insufficient evidence to establish or attach a distinct campus
gigawatt:osm-node-2607827436,osm-node-2607827436,Gigawatt Map retained export,Observed footprint,building,SDSU Computer Room,,,,,,,CA,San Diego County,,32.775025,-117.070888,Published point,,Observed footprint,,,,,,,,,,,,,,,,,,,,,,,,,,,,,,,,,,,,,,,D,Open geospatial inventory,osm_only,https://gigawattmap.com/data,,,,U.S. jurisdiction reconciled from co-located IM3 geometry.,Insufficient evidence to establish or attach a distinct campus
gigawatt:osm-node-3406467087,osm-node-3406467087,Gigawatt Map retained export,Observed footprint,building,NocRoom Miami IT Services,,,,,,,FL,Miami-Dade County,,25.791545,-80.317748,Published point,,Observed footprint,,,,,,,,,,,,,,,,,,,,,,,,,,,,,,,,,,,,,,,D,Open geospatial inventory,osm_only,https://gigawattmap.com/data,,,,U.S. jurisdiction reconciled from co-located IM3 geometry.,Insufficient evidence to establish or attach a distinct campus
gigawatt:osm-node-3406476814,osm-node-3406476814,Gigawatt Map retained export,Observed footprint,building,NocRoom Miami IT Services,,,,,,,FL,Miami-Dade County,,25.646562,-80.423435,Published point,,Observed footprint,,,,,,,,,,,,,,,,,,,,,,,,,,,,,,,,,,,,,,,D,Open geospatial inventory,osm_only,https://gigawattmap.com/data,,,,U.S. jurisdiction reconciled from co-located IM3 geometry.,Insufficient evidence to establish or attach a distinct campus
gigawatt:osm-node-3468203102,osm-node-3468203102,Gigawatt Map retained export,Observed footprint,building,Center for Computation & Technology (CCT),,,,,,,LA,East Baton Rouge Parish,,30.407446,-91.172545,Published point,,Observed footprint,,,,,,,,,,,,,,,,,,,,,,,,,,,,,,,,,,,,,,,D,Open geospatial inventory,osm_only,https://gigawattmap.com/data,,,,U.S. jurisdiction reconciled from co-located IM3 geometry.,Insufficient evidence to establish or attach a distinct campus
gigawatt:osm-node-3732415309,osm-node-3732415309,Gigawatt Map retained export,Observed footprint,building,The Pittock Internet Exchange,,,,,,,OR,,,45.521425,-122.680562,Published point,,Observed footprint,,,,,,,,,,,,,,,,,,,,,,,,,,,,,,,,,,,,,,,D,Open geospatial inventory,osm_only,https://gigawattmap.com/data,,,,,Insufficient evidence to establish or attach a distinct campus
gigawatt:osm-node-4879481820,osm-node-4879481820,Gigawatt Map retained export,Observed footprint,building,Google Fiber,google,,google,,,,GA,Fulton County,,33.771568,-84.366859,Published point,,Observed footprint,,,,,,,,,,,,,,,,,,,,,,,,,,,,,,,,,,,,,,,D,Open geospatial inventory,osm_only,https://gigawattmap.com/data,,,,U.S. jurisdiction reconciled from co-located IM3 geometry.,Insufficient evidence to establish or attach a distinct campus
gigawatt:osm-node-5146323411,osm-node-5146323411,Gigawatt Map retained export,Observed footprint,building,Open Computing Facility,,,,,,,CA,Alameda County,,37.869852,-122.259823,Published point,,Observed footprint,,,,,,,,,,,,,,,,,,,,,,,,,,,,,,,,,,,,,,,D,Open geospatial inventory,osm_only,https://gigawattmap.com/data,,,,U.S. jurisdiction reconciled from co-located IM3 geometry.,Insufficient evidence to establish or attach a distinct campus
gigawatt:osm-node-5225685660,osm-node-5225685660,Gigawatt Map retained export,Observed footprint,building,Lumos Networks,,,,,,,VA,Lynchburg city,,37.415688,-79.142706,Published point,,Observed footprint,,,,,,,,,,,,,,,,,,,,,,,,,,,,,,,,,,,,,,,D,Open geospatial inventory,osm_only,https://gigawattmap.com/data,,,,U.S. jurisdiction reconciled from co-located IM3 geometry.,Insufficient evidence to establish or attach a distinct campus
gigawatt:osm-node-6401035673,osm-node-6401035673,Gigawatt Map retained export,Observed footprint,building,Rack59 Data Center,,,,,,,OK,,,35.467205,-97.649745,Published point,,Observed footprint,,,,,,,,,,,,,,,,,,,,,,,,,,,,,,,,,,,,,,,D,Open geospatial inventory,osm_only,https://gigawattmap.com/data,,,,,Insufficient evidence to establish or attach a distinct campus
gigawatt:osm-node-6625492701,osm-node-6625492701,Gigawatt Map retained export,Observed footprint,building,Oso Grande,,,,,,,NM,,,35.092501,-106.653671,Published point,,Observed footprint,,,,,,,,,,,,,,,,,,,,,,,,,,,,,,,,,,,,,,,D,Open geospatial inventory,osm_only,https://gigawattmap.com/data,,,,,Insufficient evidence to establish or attach a distinct campus
gigawatt:osm-node-6685432442,osm-node-6685432442,Gigawatt Map retained export,Observed footprint,building,Switch Tahoe Reno - The Citadel Campus,global-switch,,global-switch,,,,NV,,,39.514096,-119.479592,Published point,,Observed footprint,,,,,,,,,,,,,,,,,,,,,,,,,,,,,,,,,,,,,,,D,Open geospatial inventory,osm_only,https://gigawattmap.com/data,,,,,Insufficient evidence to establish or attach a distinct campus
gigawatt:osm-node-6793837329,osm-node-6793837329,Gigawatt Map retained export,Observed footprint,building,Morgan Wireless,,,,,,,WV,,,39.630985,-78.22532,Published point,,Observed footprint,,,,,,,,,,,,,,,,,,,,,,,,,,,,,,,,,,,,,,,D,Open geospatial inventory,osm_only,https://gigawattmap.com/data,,,,,Insufficient evidence to establish or attach a distinct campus
gigawatt:osm-node-6856057098,osm-node-6856057098,Gigawatt Map retained export,Observed footprint,building,VIRTBIZ,,,,,,,TX,,,32.782546,-96.782815,Published point,,Observed footprint,,,,,,,,,,,,,,,,,,,,,,,,,,,,,,,,,,,,,,,D,Open geospatial inventory,osm_only,https://gigawattmap.com/data,,,,,Insufficient evidence to establish or attach a distinct campus
gigawatt:osm-node-7171975407,osm-node-7171975407,Gigawatt Map retained export,Observed footprint,building,FirstLight Data Center,,,,,,,ME,,,43.657839,-70.261379,Published point,,Observed footprint,,,,,,,,,,,,,,,,,,,,,,,,,,,,,,,,,,,,,,,D,Open geospatial inventory,osm_only,https://gigawattmap.com/data,,,,,Insufficient evidence to establish or attach a distinct campus
gigawatt:osm-node-7264976228,osm-node-7264976228,Gigawatt Map retained export,Observed footprint,building,Learning GIS!,,,,,,,IN,Tippecanoe County,,40.42179,-86.914155,Published point,,Observed footprint,,,,,,,,,,,,,,,,,,,,,,,,,,,,,,,,,,,,,,,D,Open geospatial inventory,osm_only,https://gigawattmap.com/data,,,,U.S. jurisdiction reconciled from co-located IM3 geometry.,Insufficient evidence to establish or attach a distinct campus
gigawatt:osm-node-7264976991,osm-node-7264976991,Gigawatt Map retained export,Observed footprint,building,Agricultural and Biological Engineering,,,,,,,IN,Tippecanoe County,,40.421854,-86.916545,Published point,,Observed footprint,,,,,,,,,,,,,,,,,,,,,,,,,,,,,,,,,,,,,,,D,Open geospatial inventory,osm_only,https://gigawattmap.com/data,,,,U.S. jurisdiction reconciled from co-located IM3 geometry.,Insufficient evidence to establish or attach a distinct campus
gigawatt:osm-node-7324132050,osm-node-7324132050,Gigawatt Map retained export,Observed footprint,building,Windstream Communications,,,,,,,NC,,,35.881397,-78.851552,Published point,,Observed footprint,,,,,,,,,,,,,,,,,,,,,,,,,,,,,,,,,,,,,,,D,Open geospatial inventory,osm_only,https://gigawattmap.com/data,,,,,Insufficient evidence to establish or attach a distinct campus
gigawatt:osm-node-7324132051,osm-node-7324132051,Gigawatt Map retained export,Observed footprint,building,Level 3 Communications,,,,,,,NC,,,35.881364,-78.851573,Published point,,Observed footprint,,,,,,,,,,,,,,,,,,,,,,,,,,,,,,,,,,,,,,,D,Open geospatial inventory,osm_only,https://gigawattmap.com/data,,,,,Insufficient evidence to establish or attach a distinct campus
gigawatt:osm-node-751881301,osm-node-751881301,Gigawatt Map retained export,Observed footprint,building,CoreSite DC1,coresite,,coresite,,,,DC,District of Columbia,,38.902888,-77.029149,Published point,,Observed footprint,,,,,,,,,,,,,,,,,,,,,,,,,,,,,,,,,,,,,,,D,Open geospatial inventory,osm_only,https://gigawattmap.com/data,,,,U.S. jurisdiction reconciled from co-located IM3 geometry.,Insufficient evidence to establish or attach a distinct campus
gigawatt:osm-node-7557854384,osm-node-7557854384,Gigawatt Map retained export,Observed footprint,building,OptimumHQ,,,,,,,AZ,,,33.380415,-111.752668,Published point,,Observed footprint,,,,,,,,,,,,,,,,,,,,,,,,,,,,,,,,,,,,,,,D,Open geospatial inventory,osm_only,https://gigawattmap.com/data,,,,,Insufficient evidence to establish or attach a distinct campus
gigawatt:osm-node-7557868585,osm-node-7557868585,Gigawatt Map retained export,Observed footprint,building,The Chatfield Group,,,,,,,AZ,,,33.380601,-111.752889,Published point,,Observed footprint,,,,,,,,,,,,,,,,,,,,,,,,,,,,,,,,,,,,,,,D,Open geospatial inventory,osm_only,https://gigawattmap.com/data,,,,,Insufficient evidence to establish or attach a distinct campus
gigawatt:osm-node-7578821329,osm-node-7578821329,Gigawatt Map retained export,Observed footprint,building,All About Serving Process Server,,,,,,,AZ,,,33.319916,-111.809686,Published point,,Observed footprint,,,,,,,,,,,,,,,,,,,,,,,,,,,,,,,,,,,,,,,D,Open geospatial inventory,osm_only,https://gigawattmap.com/data,,,,,Insufficient evidence to establish or attach a distinct campus
gigawatt:osm-node-7737996606,osm-node-7737996606,Gigawatt Map retained export,Observed footprint,building,Emailage,,,,,,,AZ,Maricopa County,,33.302965,-111.840539,Published point,,Observed footprint,,,,,,,,,,,,,,,,,,,,,,,,,,,,,,,,,,,,,,,D,Open geospatial inventory,osm_only,https://gigawattmap.com/data,,,,U.S. jurisdiction reconciled from co-located IM3 geometry.,Insufficient evidence to establish or attach a distinct campus
gigawatt:osm-node-7821940847,osm-node-7821940847,Gigawatt Map retained export,Observed footprint,building,Alliance Technology,,,,,,,AZ,,,33.379986,-111.728405,Published point,,Observed footprint,,,,,,,,,,,,,,,,,,,,,,,,,,,,,,,,,,,,,,,D,Open geospatial inventory,osm_only,https://gigawattmap.com/data,,,,,Insufficient evidence to establish or attach a distinct campus
gigawatt:osm-node-8165754026,osm-node-8165754026,Gigawatt Map retained export,Observed footprint,building,Data Holdings Data Center,,,,,,,WI,,,43.043941,-87.953979,Published point,,Observed footprint,,,,,,,,,,,,,,,,,,,,,,,,,,,,,,,,,,,,,,,D,Open geospatial inventory,osm_only,https://gigawattmap.com/data,,,,,Insufficient evidence to establish or attach a distinct campus
gigawatt:osm-node-8477460442,osm-node-8477460442,Gigawatt Map retained export,Observed footprint,building,Digital West Data Center,,,,,,,CA,San Luis Obispo County,,35.255316,-120.641513,Published point,,Observed footprint,,,,,,,,,,,,,,,,,,,,,,,,,,,,,,,,,,,,,,,D,Open geospatial inventory,osm_only,https://gigawattmap.com/data,,,,U.S. jurisdiction reconciled from co-located IM3 geometry.,Insufficient evidence to establish or attach a distinct campus
gigawatt:osm-node-8641856300,osm-node-8641856300,Gigawatt Map retained export,Observed footprint,building,Chick-fil-A Hiring Center,,,,,,,MI,Macomb County,,42.627942,-82.988394,Published point,,Observed footprint,,,,,,,,,,,,,,,,,,,,,,,,,,,,,,,,,,,,,,,D,Open geospatial inventory,osm_only,https://gigawattmap.com/data,,,,U.S. jurisdiction reconciled from co-located IM3 geometry.,Insufficient evidence to establish or attach a distinct campus
gigawatt:osm-node-8767284091,osm-node-8767284091,Gigawatt Map retained export,Observed footprint,building,Ergonomic Group,,,,,,,CT,,,41.707078,-72.589864,Published point,,Observed footprint,,,,,,,,,,,,,,,,,,,,,,,,,,,,,,,,,,,,,,,D,Open geospatial inventory,osm_only,https://gigawattmap.com/data,,,,,Insufficient evidence to establish or attach a distinct campus
gigawatt:osm-node-8897151054,osm-node-8897151054,Gigawatt Map retained export,Observed footprint,building,San Jose Colocation Center,coresite,,coresite,,,,CA,,,37.334118,-121.891646,Published point,,Observed footprint,,,,,,,,,,,,,,,,,,,,,,,,,,,,,,,,,,,,,,,D,Open geospatial inventory,osm_only,https://gigawattmap.com/data,,,,,Insufficient evidence to establish or attach a distinct campus
gigawatt:osm-node-9190480200,osm-node-9190480200,Gigawatt Map retained export,Observed footprint,building,Stream Data Centers Houston,,,,,,,TX,,,30.178137,-95.486046,Published point,,Observed footprint,,,,,,,,,,,,,,,,,,,,,,,,,,,,,,,,,,,,,,,D,Open geospatial inventory,osm_only,https://gigawattmap.com/data,,,,,Insufficient evidence to establish or attach a distinct campus
gigawatt:osm-node-9669340912,osm-node-9669340912,Gigawatt Map retained export,Observed footprint,building,Crown Castle Baltimore,,,,,,,MD,,,39.287702,-76.606489,Published point,,Observed footprint,,,,,,,,,,,,,,,,,,,,,,,,,,,,,,,,,,,,,,,D,Open geospatial inventory,osm_only,https://gigawattmap.com/data,,,,,Insufficient evidence to establish or attach a distinct campus
gigawatt:osm-node-9669405859,osm-node-9669405859,Gigawatt Map retained export,Observed footprint,building,AiNET One Market Center,,,,,,,MD,,,39.291758,-76.620374,Published point,,Observed footprint,,,,,,,,,,,,,,,,,,,,,,,,,,,,,,,,,,,,,,,D,Open geospatial inventory,osm_only,https://gigawattmap.com/data,,,,,Insufficient evidence to establish or attach a distinct campus
gigawatt:osm-node-9721703993,osm-node-9721703993,Gigawatt Map retained export,Observed footprint,building,TierPoint Milwaukee,,,,,,,WI,Milwaukee County,,43.009378,-87.961062,Published point,,Observed footprint,,,,,,,,,,,,,,,,,,,,,,,,,,,,,,,,,,,,,,,D,Open geospatial inventory,osm_only,https://gigawattmap.com/data,,,,U.S. jurisdiction reconciled from co-located IM3 geometry.,Insufficient evidence to establish or attach a distinct campus
gigawatt:osm-node-9736262934,osm-node-9736262934,Gigawatt Map retained export,Observed footprint,building,Frontier Science,,,,,,,NY,,,42.990201,-78.812384,Published point,,Observed footprint,,,,,,,,,,,,,,,,,,,,,,,,,,,,,,,,,,,,,,,D,Open geospatial inventory,osm_only,https://gigawattmap.com/data,,,,,Insufficient evidence to establish or attach a distinct campus
gigawatt:osm-node-9808044830,osm-node-9808044830,Gigawatt Map retained export,Observed footprint,building,505 Marquette,,,,,,,NM,,,35.088629,-106.652646,Published point,,Observed footprint,,,,,,,,,,,,,,,,,,,,,,,,,,,,,,,,,,,,,,,D,Open geospatial inventory,osm_only,https://gigawattmap.com/data,,,,,Insufficient evidence to establish or attach a distinct campus
gigawatt:osm-node-9808044840,osm-node-9808044840,Gigawatt Map retained export,Observed footprint,building,123 Central,,,,,,,NM,,,35.084449,-106.648985,Published point,,Observed footprint,,,,,,,,,,,,,,,,,,,,,,,,,,,,,,,,,,,,,,,D,Open geospatial inventory,osm_only,https://gigawattmap.com/data,,,,,Insufficient evidence to establish or attach a distinct campus
gigawatt:osm-node-9922928085,osm-node-9922928085,Gigawatt Map retained export,Observed footprint,building,Netrality Data Centers,,,,,,,MO,,,39.100907,-94.581145,Published point,,Observed footprint,,,,,,,,,,,,,,,,,,,,,,,,,,,,,,,,,,,,,,,D,Open geospatial inventory,osm_only,https://gigawattmap.com/data,,,,,Insufficient evidence to establish or attach a distinct campus
gigawatt:osm-relation-19390019,osm-relation-19390019,Gigawatt Map retained export,Observed footprint,building,Dakota Carrier Network,,,,,,,ND,Cass County,,46.815097,-96.844326,Published point,,Observed footprint,,,,,,,,,,0.97,1.3,1.62,estimate,,,,,,,,,,,,,,,,,,,,,,,,,,D,Open geospatial inventory,osm_only,https://gigawattmap.com/data,,,,U.S. jurisdiction reconciled from co-located IM3 geometry.,Insufficient evidence to establish or attach a distinct campus
gigawatt:osm-relation-2744301,osm-relation-2744301,Gigawatt Map retained export,Observed footprint,building,Verizon,,,,,,,NJ,Middlesex County,,40.544255,-74.496521,Published point,,Observed footprint,,,,,,,,,,4.09,5.45,6.82,estimate,,,,,,,,,,,,,,,,,,,,,,,,,,D,Open geospatial inventory,osm_only,https://gigawattmap.com/data,,,,U.S. jurisdiction reconciled from co-located IM3 geometry.,Insufficient evidence to establish or attach a distinct campus
gigawatt:osm-way-1010260675,osm-way-1010260675,Gigawatt Map retained export,Observed footprint,building,Microsoft TRP3 (SAT46),microsoft,,microsoft,,,,TX,Medina County,,29.412977,-98.806374,Published point,,Observed footprint,,,,,,,,,,8.58,11.44,14.31,estimate,,,,,,,,,,,,,,,,,,,,,,,,,,D,Open geospatial inventory,osm_only,https://gigawattmap.com/data,,,,U.S. jurisdiction reconciled from co-located IM3 geometry.,Insufficient evidence to establish or attach a distinct campus
gigawatt:osm-way-1011125238,osm-way-1011125238,Gigawatt Map retained export,Observed footprint,building,Pewaukee Data Center,,,,,,,WI,,,43.051389,-88.216665,Published point,,Observed footprint,,,,,,,,,,1.77,2.36,2.96,estimate,,,,,,,,,,,,,,,,,,,,,,,,,,D,Open geospatial inventory,osm_only,https://gigawattmap.com/data,,,,,Insufficient evidence to establish or attach a distinct campus
gigawatt:osm-way-1013396352,osm-way-1013396352,Gigawatt Map retained export,Observed footprint,building,CenturyLink,,,,,,,NV,Clark County,,36.182998,-115.06267,Published point,,Observed footprint,,,,,,,,,,0.44,0.58,0.73,estimate,,,,,,,,,,,,,,,,,,,,,,,,,,D,Open geospatial inventory,osm_only,https://gigawattmap.com/data,,,,U.S. jurisdiction reconciled from co-located IM3 geometry.,Insufficient evidence to establish or attach a distinct campus
gigawatt:osm-way-1015704066,osm-way-1015704066,Gigawatt Map retained export,Observed footprint,building,EdgeConneX PHX02 Data Center,edgeconnex,,edgeconnex,,,,AZ,,,33.352011,-111.64753,Published point,,Observed footprint,,,,,,,,,,24.53,32.71,40.88,estimate,,,,,,,,,,,,,,,,,,,,,,,,,,D,Open geospatial inventory,osm_only,https://gigawattmap.com/data,,,,,Insufficient evidence to establish or attach a distinct campus
gigawatt:osm-way-1017048670,osm-way-1017048670,Gigawatt Map retained export,Observed footprint,building,Switch Edge 1,,,,,,,NV,Clark County,,36.059149,-115.213682,Published point,,Observed footprint,,,,,,,,,,1.04,1.38,1.73,estimate,,,,,,,,,,,,,,,,,,,,,,,,,,D,Open geospatial inventory,osm_only,https://gigawattmap.com/data,,,,U.S. jurisdiction reconciled from co-located IM3 geometry.,Insufficient evidence to establish or attach a distinct campus
gigawatt:osm-way-1017518460,osm-way-1017518460,Gigawatt Map retained export,Observed footprint,building,T-Mobile Everglades MSO Data Center,,,,,,,FL,,,26.184997,-80.286916,Published point,,Observed footprint,,,,,,,,,,1.85,2.46,3.08,estimate,,,,,,,,,,,,,,,,,,,,,,,,,,D,Open geospatial inventory,osm_only,https://gigawattmap.com/data,,,,,Insufficient evidence to establish or attach a distinct campus
gigawatt:osm-way-1019812125,osm-way-1019812125,Gigawatt Map retained export,Observed footprint,building,EdgeConneX Data Center,edgeconnex,,edgeconnex,,,,OR,Washington County,,45.556621,-122.912213,Published point,,Observed footprint,,,,,,,,,,4.18,5.58,6.97,estimate,,,,,,,,,,,,,,,,,,,,,,,,,,D,Open geospatial inventory,osm_only,https://gigawattmap.com/data,,,,U.S. jurisdiction reconciled from co-located IM3 geometry.,Insufficient evidence to establish or attach a distinct campus
gigawatt:osm-way-1020721870,osm-way-1020721870,Gigawatt Map retained export,Observed footprint,building,Searcy Information Technologies,,,,,,,AR,,,35.249216,-91.740906,Published point,,Observed footprint,,,,,,,,,,0.17,0.23,0.29,estimate,,,,,,,,,,,,,,,,,,,,,,,,,,D,Open geospatial inventory,osm_only,https://gigawattmap.com/data,,,,,Insufficient evidence to establish or attach a distinct campus
gigawatt:osm-way-1024384322,osm-way-1024384322,Gigawatt Map retained export,Observed footprint,building,OSM way 1024384322,,,,,,,KS,,,38.926806,-94.768373,Published point,,Observed footprint,,,,,,,,,,0.18,0.25,0.31,estimate,,,,,,,,,,,,,,,,,,,,,,,,,,D,Open geospatial inventory,osm_only,https://gigawattmap.com/data,,,,,Insufficient evidence to establish or attach a distinct campus
gigawatt:osm-way-1025002889,osm-way-1025002889,Gigawatt Map retained export,Observed footprint,building,Digital Realty IAD42,digitalrealty,,digitalrealty,,,,VA,Loudoun County,,39.005719,-77.449449,Published point,,Observed footprint,,,,,,,,,,8.18,10.91,13.64,estimate,,,,,,,,,,,,,,,,,,,,,,,,,,D,Open geospatial inventory,osm_only,https://gigawattmap.com/data,,,,U.S. jurisdiction reconciled from co-located IM3 geometry.,Insufficient evidence to establish or attach a distinct campus
gigawatt:osm-way-1034230196,osm-way-1034230196,Gigawatt Map retained export,Observed footprint,building,OSM way 1034230196,,,,,,,FL,,,28.294077,-81.834848,Published point,,Observed footprint,,,,,,,,,,0.85,1.13,1.41,estimate,,,,,,,,,,,,,,,,,,,,,,,,,,D,Open geospatial inventory,osm_only,https://gigawattmap.com/data,,,,,Insufficient evidence to establish or attach a distinct campus
gigawatt:osm-way-1034475557,osm-way-1034475557,Gigawatt Map retained export,Observed footprint,building,DataBank Las Vegas LAS1,,,,,,,NV,,,36.059728,-115.147211,Published point,,Observed footprint,,,,,,,,,,2.2,2.93,3.66,estimate,,,,,,,,,,,,,,,,,,,,,,,,,,D,Open geospatial inventory,osm_only,https://gigawattmap.com/data,,,,,Insufficient evidence to establish or attach a distinct campus
gigawatt:osm-way-104082694,osm-way-104082694,Gigawatt Map retained export,Observed footprint,building,Aureon,,,,,,,IA,,,41.587999,-93.631009,Published point,,Observed footprint,,,,,,,,,,0.42,0.56,0.7,estimate,,,,,,,,,,,,,,,,,,,,,,,,,,D,Open geospatial inventory,osm_only,https://gigawattmap.com/data,,,,,Insufficient evidence to establish or attach a distinct campus
gigawatt:osm-way-1042260902,osm-way-1042260902,Gigawatt Map retained export,Observed footprint,building,DirecTV,,,,,,,AZ,,,31.972675,-110.304752,Published point,,Observed footprint,,,,,,,,,,0.28,0.38,0.47,estimate,,,,,,,,,,,,,,,,,,,,,,,,,,D,Open geospatial inventory,osm_only,https://gigawattmap.com/data,,,,,Insufficient evidence to establish or attach a distinct campus
gigawatt:osm-way-1052182309,osm-way-1052182309,Gigawatt Map retained export,Observed footprint,building,OSM way 1052182309,,,,,,,AZ,,,33.493408,-112.070639,Published point,,Observed footprint,,,,,,,,,,11.04,14.71,18.39,estimate,,,,,,,,,,,,,,,,,,,,,,,,,,D,Open geospatial inventory,osm_only,https://gigawattmap.com/data,,,,,Insufficient evidence to establish or attach a distinct campus
gigawatt:osm-way-1056658555,osm-way-1056658555,Gigawatt Map retained export,Observed footprint,building,Flexential Salt Lake City - Millcreek,flexential,,flexential,,,,UT,,,40.685525,-111.885044,Published point,,Observed footprint,,,,,,,,,,1.05,1.4,1.76,estimate,,,,,,,,,,,,,,,,,,,,,,,,,,D,Open geospatial inventory,osm_only,https://gigawattmap.com/data,,,,,Insufficient evidence to establish or attach a distinct campus
gigawatt:osm-way-1057230915,osm-way-1057230915,Gigawatt Map retained export,Observed footprint,building,Amazon PDX93,amazon,,amazon,,,,OR,Morrow County,,45.836542,-119.689866,Published point,,Observed footprint,,,,,,,,,,8.02,10.69,13.36,estimate,,,,,,,,,,,,,,,,,,,,,,,,,,D,Open geospatial inventory,osm_only,https://gigawattmap.com/data,,,,U.S. jurisdiction reconciled from co-located IM3 geometry.,Insufficient evidence to establish or attach a distinct campus
gigawatt:osm-way-1059036248,osm-way-1059036248,Gigawatt Map retained export,Observed footprint,building,OSM way 1059036248,,,,,,,VA,,,38.745959,-77.537509,Published point,,Observed footprint,,,,,,,,,,9.67,12.9,16.12,estimate,,,,,,,,,,,,,,,,,,,,,,,,,,D,Open geospatial inventory,osm_only,https://gigawattmap.com/data,,,,,Insufficient evidence to establish or attach a distinct campus
gigawatt:osm-way-1065780801,osm-way-1065780801,Gigawatt Map retained export,Observed footprint,building,Amazon,amazon,,amazon,,,,CA,Santa Clara County,,37.389933,-121.96599,Published point,,Observed footprint,,,,,,,,,,3.68,4.91,6.13,estimate,,,,,,,,,,,,,,,,,,,,,,,,,,D,Open geospatial inventory,osm_only,https://gigawattmap.com/data,,,,U.S. jurisdiction reconciled from co-located IM3 geometry.,Insufficient evidence to establish or attach a distinct campus
gigawatt:osm-way-1071772119,osm-way-1071772119,Gigawatt Map retained export,Observed footprint,building,Microsoft EAT02,microsoft,,microsoft,,,,WA,Douglas County,,47.416868,-120.207688,Published point,,Observed footprint,,,,,,,,,,9.23,12.31,15.38,estimate,,,,,,,,,,,,,,,,,,,,,,,,,,D,Open geospatial inventory,osm_only,https://gigawattmap.com/data,,,,U.S. jurisdiction reconciled from co-located IM3 geometry.,Insufficient evidence to establish or attach a distinct campus
gigawatt:osm-way-1071774674,osm-way-1071774674,Gigawatt Map retained export,Observed footprint,building,Intergate Columbia D,,,,,,,WA,Douglas County,,47.407585,-120.191601,Published point,,Observed footprint,,,,,,,,,,5.06,6.75,8.44,estimate,,,,,,,,,,,,,,,,,,,,,,,,,,D,Open geospatial inventory,osm_only,https://gigawattmap.com/data,,,,U.S. jurisdiction reconciled from co-located IM3 geometry.,Insufficient evidence to establish or attach a distinct campus
gigawatt:osm-way-1075445245,osm-way-1075445245,Gigawatt Map retained export,Observed footprint,building,OSM way 1075445245,,,,,,,CA,,,37.36114,-121.942306,Published point,,Observed footprint,,,,,,,,,,4.06,5.42,6.77,estimate,,,,,,,,,,,,,,,,,,,,,,,,,,D,Open geospatial inventory,osm_only,https://gigawattmap.com/data,,,,,Insufficient evidence to establish or attach a distinct campus
gigawatt:osm-way-1077131079,osm-way-1077131079,Gigawatt Map retained export,Observed footprint,building,xAI Macrohardrr,xai,,xai,,,,TN,,,34.993488,-90.03417,Published point,,Observed footprint,,,,,,,,,,30.49,40.65,50.81,estimate,,,,,,,,,,,,,,,,,,,,,,,,,,D,Open geospatial inventory,osm_only,https://gigawattmap.com/data,,,,,Insufficient evidence to establish or attach a distinct campus
gigawatt:osm-way-1080170579,osm-way-1080170579,Gigawatt Map retained export,Observed footprint,building,Flexential Portland - Hillsboro 4 Expansion,flexential,,flexential,,,,OR,,,45.555391,-122.941087,Published point,,Observed footprint,,,,,,,,,,0.75,1.0,1.25,estimate,,,,,,,,,,,,,,,,,,,,,,,,,,D,Open geospatial inventory,osm_only,https://gigawattmap.com/data,,,,,Insufficient evidence to establish or attach a distinct campus
gigawatt:osm-way-1083841125,osm-way-1083841125,Gigawatt Map retained export,Observed footprint,building,T5@Colorado Springs,,,,,,,CO,,,38.786172,-104.788535,Published point,,Observed footprint,,,,,,,,,,2.79,3.72,4.64,estimate,,,,,,,,,,,,,,,,,,,,,,,,,,D,Open geospatial inventory,osm_only,https://gigawattmap.com/data,,,,,Insufficient evidence to establish or attach a distinct campus
gigawatt:osm-way-1085608797,osm-way-1085608797,Gigawatt Map retained export,Observed footprint,building,Flexential Tampa - North,flexential,,flexential,,,,FL,,,28.073856,-82.368338,Published point,,Observed footprint,,,,,,,,,,1.15,1.53,1.92,estimate,,,,,,,,,,,,,,,,,,,,,,,,,,D,Open geospatial inventory,osm_only,https://gigawattmap.com/data,,,,,Insufficient evidence to establish or attach a distinct campus
gigawatt:osm-way-1092283612,osm-way-1092283612,Gigawatt Map retained export,Observed footprint,building,OSM way 1092283612,,,,,,,NY,,,41.05233,-73.971839,Published point,,Observed footprint,,,,,,,,,,9.85,13.14,16.42,estimate,,,,,,,,,,,,,,,,,,,,,,,,,,D,Open geospatial inventory,osm_only,https://gigawattmap.com/data,,,,,Insufficient evidence to establish or attach a distinct campus
gigawatt:osm-way-1114969101,osm-way-1114969101,Gigawatt Map retained export,Observed footprint,building,Aligned Data Centers,aligned,,aligned,,,,OR,Washington County,,45.554064,-122.949312,Published point,,Observed footprint,,,,,,,,,,5.83,7.77,9.71,estimate,,,,,,,,,,,,,,,,,,,,,,,,,,D,Open geospatial inventory,osm_only,https://gigawattmap.com/data,,,,U.S. jurisdiction reconciled from co-located IM3 geometry.,Insufficient evidence to establish or attach a distinct campus
gigawatt:osm-way-1121188409,osm-way-1121188409,Gigawatt Map retained export,Observed footprint,building,Flexential Salt Lake City - Fair Park,flexential,,flexential,,,,UT,,,40.766786,-111.920292,Published point,,Observed footprint,,,,,,,,,,0.47,0.63,0.79,estimate,,,,,,,,,,,,,,,,,,,,,,,,,,D,Open geospatial inventory,osm_only,https://gigawattmap.com/data,,,,,Insufficient evidence to establish or attach a distinct campus
gigawatt:osm-way-1121592786,osm-way-1121592786,Gigawatt Map retained export,Observed footprint,building,CyrusOne San Antonio IV,,,,,,,TX,Bexar County,,29.470679,-98.67063,Published point,,Observed footprint,,,,,,,,,,3.47,4.63,5.78,estimate,,,,,,,,,,,,,,,,,,,,,,,,,,D,Open geospatial inventory,osm_only,https://gigawattmap.com/data,,,,U.S. jurisdiction reconciled from co-located IM3 geometry.,Insufficient evidence to establish or attach a distinct campus
gigawatt:osm-way-1126159710,osm-way-1126159710,Gigawatt Map retained export,Observed footprint,building,Amazon PDX63,amazon,,amazon,,,,OR,Umatilla County,,45.90145,-119.320522,Published point,,Observed footprint,,,,,,,,,,8.53,11.37,14.21,estimate,,,,,,,,,,,,,,,,,,,,,,,,,,D,Open geospatial inventory,osm_only,https://gigawattmap.com/data,,,,U.S. jurisdiction reconciled from co-located IM3 geometry.,Insufficient evidence to establish or attach a distinct campus
gigawatt:osm-way-1126159711,osm-way-1126159711,Gigawatt Map retained export,Observed footprint,building,Amazon PDX65,amazon,,amazon,,,,OR,Umatilla County,,45.902763,-119.320498,Published point,,Observed footprint,,,,,,,,,,8.15,10.87,13.59,estimate,,,,,,,,,,,,,,,,,,,,,,,,,,D,Open geospatial inventory,osm_only,https://gigawattmap.com/data,,,,U.S. jurisdiction reconciled from co-located IM3 geometry.,Insufficient evidence to establish or attach a distinct campus
gigawatt:osm-way-1126159714,osm-way-1126159714,Gigawatt Map retained export,Observed footprint,building,Amazon PDX67,amazon,,amazon,,,,OR,Umatilla County,,45.903851,-119.320487,Published point,,Observed footprint,,,,,,,,,,8.25,11.0,13.74,estimate,,,,,,,,,,,,,,,,,,,,,,,,,,D,Open geospatial inventory,osm_only,https://gigawattmap.com/data,,,,U.S. jurisdiction reconciled from co-located IM3 geometry.,Insufficient evidence to establish or attach a distinct campus
gigawatt:osm-way-1126159715,osm-way-1126159715,Gigawatt Map retained export,Observed footprint,building,Amazon PDX69,amazon,,amazon,,,,OR,Umatilla County,,45.905094,-119.320167,Published point,,Observed footprint,,,,,,,,,,8.24,10.99,13.73,estimate,,,,,,,,,,,,,,,,,,,,,,,,,,D,Open geospatial inventory,osm_only,https://gigawattmap.com/data,,,,U.S. jurisdiction reconciled from co-located IM3 geometry.,Insufficient evidence to establish or attach a distinct campus
gigawatt:osm-way-1128589933,osm-way-1128589933,Gigawatt Map retained export,Observed footprint,building,OSM way 1128589933,,,,,,,VA,,,39.069647,-77.560771,Published point,,Observed footprint,,,,,,,,,,9.1,12.13,15.16,estimate,,,,,,,,,,,,,,,,,,,,,,,,,,D,Open geospatial inventory,osm_only,https://gigawattmap.com/data,,,,,Insufficient evidence to establish or attach a distinct campus
gigawatt:osm-way-1128589934,osm-way-1128589934,Gigawatt Map retained export,Observed footprint,building,OSM way 1128589934,,,,,,,VA,,,39.069654,-77.559433,Published point,,Observed footprint,,,,,,,,,,9.26,12.35,15.44,estimate,,,,,,,,,,,,,,,,,,,,,,,,,,D,Open geospatial inventory,osm_only,https://gigawattmap.com/data,,,,,Insufficient evidence to establish or attach a distinct campus
gigawatt:osm-way-1132632705,osm-way-1132632705,Gigawatt Map retained export,Observed footprint,building,QTS,qts,,qts,,,,AZ,,,33.460806,-111.997122,Published point,,Observed footprint,,,,,,,,,,5.87,7.83,9.78,estimate,,,,,,,,,,,,,,,,,,,,,,,,,,D,Open geospatial inventory,osm_only,https://gigawattmap.com/data,,,,,Insufficient evidence to establish or attach a distinct campus
gigawatt:osm-way-1143804764,osm-way-1143804764,Gigawatt Map retained export,Observed footprint,building,OSM way 1143804764,,,,,,,MD,,,39.133685,-76.851407,Published point,,Observed footprint,,,,,,,,,,4.21,5.61,7.01,estimate,,,,,,,,,,,,,,,,,,,,,,,,,,D,Open geospatial inventory,osm_only,https://gigawattmap.com/data,,,,,Insufficient evidence to establish or attach a distinct campus
gigawatt:osm-way-1154349280,osm-way-1154349280,Gigawatt Map retained export,Observed footprint,building,Datacenter (386),,,,,,,IL,DuPage County,,41.707134,-87.975956,Published point,,Observed footprint,,,,,,,,,,0.47,0.62,0.78,estimate,,,,,,,,,,,,,,,,,,,,,,,,,,D,Open geospatial inventory,osm_only,https://gigawattmap.com/data,,,,U.S. jurisdiction reconciled from co-located IM3 geometry.,Insufficient evidence to establish or attach a distinct campus
gigawatt:osm-way-1154636644,osm-way-1154636644,Gigawatt Map retained export,Observed footprint,building,NTT Chicago CH1,ntt,,ntt,,,,IL,,,41.987919,-88.007265,Published point,,Observed footprint,,,,,,,,,,4.26,5.68,7.1,estimate,,,,,,,,,,,,,,,,,,,,,,,,,,D,Open geospatial inventory,osm_only,https://gigawattmap.com/data,,,,,Insufficient evidence to establish or attach a distinct campus
gigawatt:osm-way-1157356188,osm-way-1157356188,Gigawatt Map retained export,Observed footprint,building,West Wisconsin Telcom,,,,,,,WI,,,44.877165,-91.919999,Published point,,Observed footprint,,,,,,,,,,0.13,0.17,0.21,estimate,,,,,,,,,,,,,,,,,,,,,,,,,,D,Open geospatial inventory,osm_only,https://gigawattmap.com/data,,,,,Insufficient evidence to establish or attach a distinct campus
gigawatt:osm-way-1160688107,osm-way-1160688107,Gigawatt Map retained export,Observed footprint,building,CoreSite SV7,coresite,,coresite,,,,CA,Santa Clara County,,37.376079,-121.973057,Published point,,Observed footprint,,,,,,,,,,2.29,3.05,3.81,estimate,,,,,,,,,,,,,,,,,,,,,,,,,,D,Open geospatial inventory,osm_only,https://gigawattmap.com/data,,,,U.S. jurisdiction reconciled from co-located IM3 geometry.,Insufficient evidence to establish or attach a distinct campus
gigawatt:osm-way-1173537116,osm-way-1173537116,Gigawatt Map retained export,Observed footprint,building,Microsoft EAT03,microsoft,,microsoft,,,,WA,,,47.418324,-120.20771,Published point,,Observed footprint,,,,,,,,,,8.83,11.77,14.71,estimate,,,,,,,,,,,,,,,,,,,,,,,,,,D,Open geospatial inventory,osm_only,https://gigawattmap.com/data,,,,,Insufficient evidence to establish or attach a distinct campus
gigawatt:osm-way-1173537117,osm-way-1173537117,Gigawatt Map retained export,Observed footprint,building,Microsoft EAT04,microsoft,,microsoft,,,,WA,Douglas County,,47.419637,-120.213821,Published point,,Observed footprint,,,,,,,,,,8.81,11.74,14.68,estimate,,,,,,,,,,,,,,,,,,,,,,,,,,D,Open geospatial inventory,osm_only,https://gigawattmap.com/data,,,,U.S. jurisdiction reconciled from co-located IM3 geometry.,Insufficient evidence to establish or attach a distinct campus
gigawatt:osm-way-1173770902,osm-way-1173770902,Gigawatt Map retained export,Observed footprint,building,Google: Arcola 2,google,,google,,,,VA,Loudoun County,,38.941821,-77.527429,Published point,,Observed footprint,,,,,,,,,,10.87,14.49,18.12,estimate,,,,,,,,,,,,,,,,,,,,,,,,,,D,Open geospatial inventory,osm_only,https://gigawattmap.com/data,,,,U.S. jurisdiction reconciled from co-located IM3 geometry.,Insufficient evidence to establish or attach a distinct campus
gigawatt:osm-way-1173822721,osm-way-1173822721,Gigawatt Map retained export,Observed footprint,building,EAT14,,,,,,,WA,Chelan County,,47.359497,-120.160091,Published point,,Observed footprint,,,,,,,,,,9.07,12.09,15.11,estimate,,,,,,,,,,,,,,,,,,,,,,,,,,D,Open geospatial inventory,osm_only,https://gigawattmap.com/data,,,,U.S. jurisdiction reconciled from co-located IM3 geometry.,Insufficient evidence to establish or attach a distinct campus
gigawatt:osm-way-1173822722,osm-way-1173822722,Gigawatt Map retained export,Observed footprint,building,EAT13,,,,,,,WA,Chelan County,,47.358426,-120.159976,Published point,,Observed footprint,,,,,,,,,,8.71,11.61,14.51,estimate,,,,,,,,,,,,,,,,,,,,,,,,,,D,Open geospatial inventory,osm_only,https://gigawattmap.com/data,,,,U.S. jurisdiction reconciled from co-located IM3 geometry.,Insufficient evidence to establish or attach a distinct campus
gigawatt:osm-way-1173822723,osm-way-1173822723,Gigawatt Map retained export,Observed footprint,building,EAT12,,,,,,,WA,Chelan County,,47.357433,-120.159546,Published point,,Observed footprint,,,,,,,,,,9.33,12.45,15.56,estimate,,,,,,,,,,,,,,,,,,,,,,,,,,D,Open geospatial inventory,osm_only,https://gigawattmap.com/data,,,,U.S. jurisdiction reconciled from co-located IM3 geometry.,Insufficient evidence to establish or attach a distinct campus
gigawatt:osm-way-1184066765,osm-way-1184066765,Gigawatt Map retained export,Observed footprint,building,Meta Data Center,meta,,meta,,,,MO,Clay County,,39.322651,-94.598064,Published point,,Observed footprint,,,,,,,,,,23.1,30.8,38.5,estimate,,,,,,,,,,,,,,,,,,,,,,,,,,D,Open geospatial inventory,osm_only,https://gigawattmap.com/data,,,,U.S. jurisdiction reconciled from co-located IM3 geometry.,Insufficient evidence to establish or attach a distinct campus
gigawatt:osm-way-118650988,osm-way-118650988,Gigawatt Map retained export,Observed footprint,building,"Patmos Hosting, Inc.",,,,,,,MO,,,39.094415,-94.579432,Published point,,Observed footprint,,,,,,,,,,6.91,9.22,11.52,estimate,,,,,,,,,,,,,,,,,,,,,,,,,,D,Open geospatial inventory,osm_only,https://gigawattmap.com/data,,,,,Insufficient evidence to establish or attach a distinct campus
gigawatt:osm-way-1188691868,osm-way-1188691868,Gigawatt Map retained export,Observed footprint,building,NTT Ashburn VA8 Data Centre,ntt,,ntt,,,,VA,Loudoun County,,39.02019,-77.475531,Published point,,Observed footprint,,,,,,,,,,4.17,5.56,6.95,estimate,,,,,,,,,,,,,,,,,,,,,,,,,,D,Open geospatial inventory,osm_only,https://gigawattmap.com/data,,,,U.S. jurisdiction reconciled from co-located IM3 geometry.,Insufficient evidence to establish or attach a distinct campus
gigawatt:osm-way-1188691869,osm-way-1188691869,Gigawatt Map retained export,Observed footprint,building,DataBank Ashburn IAD3,,,,,,,VA,Loudoun County,,39.017878,-77.481828,Published point,,Observed footprint,,,,,,,,,,5.48,7.31,9.14,estimate,,,,,,,,,,,,,,,,,,,,,,,,,,D,Open geospatial inventory,osm_only,https://gigawattmap.com/data,,,,U.S. jurisdiction reconciled from co-located IM3 geometry.,Insufficient evidence to establish or attach a distinct campus
gigawatt:osm-way-1202051225,osm-way-1202051225,Gigawatt Map retained export,Observed footprint,building,Lightedge Des Moines 2,,,,,,,IA,,,41.666799,-93.455955,Published point,,Observed footprint,,,,,,,,,,2.12,2.83,3.54,estimate,,,,,,,,,,,,,,,,,,,,,,,,,,D,Open geospatial inventory,osm_only,https://gigawattmap.com/data,,,,,Insufficient evidence to establish or attach a distinct campus
gigawatt:osm-way-1207052719,osm-way-1207052719,Gigawatt Map retained export,Observed footprint,building,QTS Suwanee,qts,,qts,,,,GA,Gwinnett County,,34.036231,-84.059266,Published point,,Observed footprint,,,,,,,,,,54.45,72.6,90.75,estimate,,,,,,,,,,,,,,,,,,,,,,,,,,D,Open geospatial inventory,osm_only,https://gigawattmap.com/data,,,,U.S. jurisdiction reconciled from co-located IM3 geometry.,Insufficient evidence to establish or attach a distinct campus
gigawatt:osm-way-1210421871,osm-way-1210421871,Gigawatt Map retained export,Observed footprint,building,Carrier Services Group,,,,,,,OH,,,41.04106,-80.63309,Published point,,Observed footprint,,,,,,,,,,2.83,3.77,4.71,estimate,,,,,,,,,,,,,,,,,,,,,,,,,,D,Open geospatial inventory,osm_only,https://gigawattmap.com/data,,,,,Insufficient evidence to establish or attach a distinct campus
gigawatt:osm-way-1210515186,osm-way-1210515186,Gigawatt Map retained export,Observed footprint,building,Flexential Nashville - Cool Springs,flexential,,flexential,,,,TN,,,35.951041,-86.833381,Published point,,Observed footprint,,,,,,,,,,2.6,3.46,4.33,estimate,,,,,,,,,,,,,,,,,,,,,,,,,,D,Open geospatial inventory,osm_only,https://gigawattmap.com/data,,,,,Insufficient evidence to establish or attach a distinct campus
gigawatt:osm-way-1221574918,osm-way-1221574918,Gigawatt Map retained export,Observed footprint,building,Cortex supercomputer,,,,,,,TX,Travis County,,30.215402,-97.618965,Published point,,Observed footprint,,,,,,,,,,15.98,21.31,26.63,estimate,,,,,,,,,,,,,,,,,,,,,,,,,,D,Open geospatial inventory,osm_only,https://gigawattmap.com/data,,,,U.S. jurisdiction reconciled from co-located IM3 geometry.,Insufficient evidence to establish or attach a distinct campus
gigawatt:osm-way-1226436457,osm-way-1226436457,Gigawatt Map retained export,Observed footprint,building,CyrusOne OCB1 Council Bluffs,cyrusone,,cyrusone,,,,IA,,,41.212215,-95.878018,Published point,,Observed footprint,,,,,,,,,,13.2,17.6,22.0,estimate,,,,,,,,,,,,,,,,,,,,,,,,,,D,Open geospatial inventory,osm_only,https://gigawattmap.com/data,,,,,Insufficient evidence to establish or attach a distinct campus
gigawatt:osm-way-1226439731,osm-way-1226439731,Gigawatt Map retained export,Observed footprint,building,Amazon Web Services,amazon,,amazon,,,,OR,Morrow County,,45.836184,-119.694048,Published point,,Observed footprint,,,,,,,,,,8.02,10.69,13.37,estimate,,,,,,,,,,,,,,,,,,,,,,,,,,D,Open geospatial inventory,osm_only,https://gigawattmap.com/data,,,,U.S. jurisdiction reconciled from co-located IM3 geometry.,Insufficient evidence to establish or attach a distinct campus
gigawatt:osm-way-1227550179,osm-way-1227550179,Gigawatt Map retained export,Observed footprint,building,Novartis,,,,,,,TX,Tarrant County,,32.651234,-97.319709,Published point,,Observed footprint,,,,,,,,,,1.6,2.13,2.67,estimate,,,,,,,,,,,,,,,,,,,,,,,,,,D,Open geospatial inventory,osm_only,https://gigawattmap.com/data,,,,U.S. jurisdiction reconciled from co-located IM3 geometry.,Insufficient evidence to establish or attach a distinct campus
gigawatt:osm-way-1227614670,osm-way-1227614670,Gigawatt Map retained export,Observed footprint,building,CloudHQ MCC3,,,,,,,VA,Prince William County,,38.71497,-77.495128,Published point,,Observed footprint,,,,,,,,,,4.61,6.14,7.68,estimate,,,,,,,,,,,,,,,,,,,,,,,,,,D,Open geospatial inventory,osm_only,https://gigawattmap.com/data,,,,U.S. jurisdiction reconciled from co-located IM3 geometry.,Insufficient evidence to establish or attach a distinct campus
gigawatt:osm-way-1227682824,osm-way-1227682824,Gigawatt Map retained export,Observed footprint,building,CyrusOne PHX8,,,,,,,AZ,,,33.266344,-111.88329,Published point,,Observed footprint,,,,,,,,,,5.2,6.94,8.67,estimate,,,,,,,,,,,,,,,,,,,,,,,,,,D,Open geospatial inventory,osm_only,https://gigawattmap.com/data,,,,,Insufficient evidence to establish or attach a distinct campus
gigawatt:osm-way-1227684019,osm-way-1227684019,Gigawatt Map retained export,Observed footprint,building,CyrusOne PHX3,,,,,,,AZ,,,33.271968,-111.881627,Published point,,Observed footprint,,,,,,,,,,4.04,5.38,6.73,estimate,,,,,,,,,,,,,,,,,,,,,,,,,,D,Open geospatial inventory,osm_only,https://gigawattmap.com/data,,,,,Insufficient evidence to establish or attach a distinct campus
gigawatt:osm-way-1227883682,osm-way-1227883682,Gigawatt Map retained export,Observed footprint,building,Lightedge Des Moines 1,,,,,,,IA,,,41.667657,-93.455482,Published point,,Observed footprint,,,,,,,,,,1.13,1.5,1.88,estimate,,,,,,,,,,,,,,,,,,,,,,,,,,D,Open geospatial inventory,osm_only,https://gigawattmap.com/data,,,,,Insufficient evidence to establish or attach a distinct campus
gigawatt:osm-way-1235846520,osm-way-1235846520,Gigawatt Map retained export,Observed footprint,building,Verizon North Las Vegas,,,,,,,NV,Clark County,,36.221893,-115.147055,Published point,,Observed footprint,,,,,,,,,,0.94,1.25,1.57,estimate,,,,,,,,,,,,,,,,,,,,,,,,,,D,Open geospatial inventory,osm_only,https://gigawattmap.com/data,,,,U.S. jurisdiction reconciled from co-located IM3 geometry.,Insufficient evidence to establish or attach a distinct campus
gigawatt:osm-way-1238705019,osm-way-1238705019,Gigawatt Map retained export,Observed footprint,building,Involta Independence,,,,,,,OH,Cuyahoga County,,41.361062,-81.632805,Published point,,Observed footprint,,,,,,,,,,0.99,1.32,1.65,estimate,,,,,,,,,,,,,,,,,,,,,,,,,,D,Open geospatial inventory,osm_only,https://gigawattmap.com/data,,,,U.S. jurisdiction reconciled from co-located IM3 geometry.,Insufficient evidence to establish or attach a distinct campus
gigawatt:osm-way-1238955720,osm-way-1238955720,Gigawatt Map retained export,Observed footprint,building,Bloomberg Data Center,,,,,,,NY,,,41.03627,-73.987494,Published point,,Observed footprint,,,,,,,,,,6.85,9.13,11.41,estimate,,,,,,,,,,,,,,,,,,,,,,,,,,D,Open geospatial inventory,osm_only,https://gigawattmap.com/data,,,,,Insufficient evidence to establish or attach a distinct campus
gigawatt:osm-way-1238955733,osm-way-1238955733,Gigawatt Map retained export,Observed footprint,building,fifteenfortyseven CSR ORNY1,,,,,,,NY,,,41.034485,-73.975764,Published point,,Observed footprint,,,,,,,,,,5.68,7.58,9.47,estimate,,,,,,,,,,,,,,,,,,,,,,,,,,D,Open geospatial inventory,osm_only,https://gigawattmap.com/data,,,,,Insufficient evidence to establish or attach a distinct campus
gigawatt:osm-way-124088810,osm-way-124088810,Gigawatt Map retained export,Observed footprint,building,Lincoln Rackhouse,,,,,,,IL,DuPage County,,41.772165,-88.217091,Published point,,Observed footprint,,,,,,,,,,2.63,3.51,4.38,estimate,,,,,,,,,,,,,,,,,,,,,,,,,,D,Open geospatial inventory,osm_only,https://gigawattmap.com/data,,,,U.S. jurisdiction reconciled from co-located IM3 geometry.,Insufficient evidence to establish or attach a distinct campus
gigawatt:osm-way-1253282104,osm-way-1253282104,Gigawatt Map retained export,Observed footprint,building,Meta,meta,,meta,,,,IA,Polk County,,41.675823,-93.506031,Published point,,Observed footprint,,,,,,,,,,22.54,30.05,37.57,estimate,,,,,,,,,,,,,,,,,,,,,,,,,,D,Open geospatial inventory,osm_only,https://gigawattmap.com/data,,,,U.S. jurisdiction reconciled from co-located IM3 geometry.,Insufficient evidence to establish or attach a distinct campus
gigawatt:osm-way-1268789798,osm-way-1268789798,Gigawatt Map retained export,Observed footprint,building,Windbreak Cable,,,,,,,WY,,,41.182601,-104.068498,Published point,,Observed footprint,,,,,,,,,,0.04,0.06,0.07,estimate,,,,,,,,,,,,,,,,,,,,,,,,,,D,Open geospatial inventory,osm_only,https://gigawattmap.com/data,,,,,Insufficient evidence to establish or attach a distinct campus
gigawatt:osm-way-1271571726,osm-way-1271571726,Gigawatt Map retained export,Observed footprint,building,NTT Chicago CH2,ntt,,ntt,,,,IL,,,41.988967,-88.007257,Published point,,Observed footprint,,,,,,,,,,4.33,5.78,7.22,estimate,,,,,,,,,,,,,,,,,,,,,,,,,,D,Open geospatial inventory,osm_only,https://gigawattmap.com/data,,,,,Insufficient evidence to establish or attach a distinct campus
gigawatt:osm-way-1278541792,osm-way-1278541792,Gigawatt Map retained export,Observed footprint,building,Involta-Akron,,,,,,,OH,Summit County,,41.057431,-81.521972,Published point,,Observed footprint,,,,,,,,,,2.23,2.97,3.71,estimate,,,,,,,,,,,,,,,,,,,,,,,,,,D,Open geospatial inventory,osm_only,https://gigawattmap.com/data,,,,U.S. jurisdiction reconciled from co-located IM3 geometry.,Insufficient evidence to establish or attach a distinct campus
gigawatt:osm-way-1282332209,osm-way-1282332209,Gigawatt Map retained export,Observed footprint,building,UPS Data Center,,,,,,,GA,,,34.103383,-84.214974,Published point,,Observed footprint,,,,,,,,,,6.51,8.68,10.86,estimate,,,,,,,,,,,,,,,,,,,,,,,,,,D,Open geospatial inventory,osm_only,https://gigawattmap.com/data,,,,,Insufficient evidence to establish or attach a distinct campus
gigawatt:osm-way-1283698132,osm-way-1283698132,Gigawatt Map retained export,Observed footprint,building,Iron Mountain VA-3,iron-mountain,,iron-mountain,,,,VA,Prince William County,,38.775507,-77.5452,Published point,,Observed footprint,,,,,,,,,,6.79,9.06,11.32,estimate,,,,,,,,,,,,,,,,,,,,,,,,,,D,Open geospatial inventory,osm_only,https://gigawattmap.com/data,,,,U.S. jurisdiction reconciled from co-located IM3 geometry.,Insufficient evidence to establish or attach a distinct campus
gigawatt:osm-way-1283734104,osm-way-1283734104,Gigawatt Map retained export,Observed footprint,building,Microsoft,microsoft,,microsoft,,,,AZ,,,33.44634,-112.37392,Published point,,Observed footprint,,,,,,,,,,8.95,11.93,14.91,estimate,,,,,,,,,,,,,,,,,,,,,,,,,,D,Open geospatial inventory,osm_only,https://gigawattmap.com/data,,,,,Insufficient evidence to establish or attach a distinct campus
gigawatt:osm-way-1287260556,osm-way-1287260556,Gigawatt Map retained export,Observed footprint,building,Iron Mountain VA-4,iron-mountain,,iron-mountain,,,,VA,Prince William County,,38.774423,-77.542221,Published point,,Observed footprint,,,,,,,,,,3.34,4.45,5.57,estimate,,,,,,,,,,,,,,,,,,,,,,,,,,D,Open geospatial inventory,osm_only,https://gigawattmap.com/data,,,,U.S. jurisdiction reconciled from co-located IM3 geometry.,Insufficient evidence to establish or attach a distinct campus
gigawatt:osm-way-1292897241,osm-way-1292897241,Gigawatt Map retained export,Observed footprint,building,42311 THUNDERBALL DR,,,,,,,VA,,,39.042553,-77.5383,Published point,,Observed footprint,,,,,,,,,,1.53,2.03,2.54,estimate,,,,,,,,,,,,,,,,,,,,,,,,,,D,Open geospatial inventory,osm_only,https://gigawattmap.com/data,,,,,Insufficient evidence to establish or attach a distinct campus
gigawatt:osm-way-1292897242,osm-way-1292897242,Gigawatt Map retained export,Observed footprint,building,42255 THUNDERBALL DR,,,,,,,VA,,,39.041623,-77.539224,Published point,,Observed footprint,,,,,,,,,,2.27,3.02,3.78,estimate,,,,,,,,,,,,,,,,,,,,,,,,,,D,Open geospatial inventory,osm_only,https://gigawattmap.com/data,,,,,Insufficient evidence to establish or attach a distinct campus
gigawatt:osm-way-1292897243,osm-way-1292897243,Gigawatt Map retained export,Observed footprint,building,42254 THUNDERBALL DR,,,,,,,VA,,,39.043502,-77.540874,Published point,,Observed footprint,,,,,,,,,,2.91,3.87,4.84,estimate,,,,,,,,,,,,,,,,,,,,,,,,,,D,Open geospatial inventory,osm_only,https://gigawattmap.com/data,,,,,Insufficient evidence to establish or attach a distinct campus
gigawatt:osm-way-1296163129,osm-way-1296163129,Gigawatt Map retained export,Observed footprint,building,Modesto Junior College West Data Center,,,,,,,CA,Stanislaus County,,37.665147,-121.040037,Published point,,Observed footprint,,,,,,,,,,0.23,0.3,0.38,estimate,,,,,,,,,,,,,,,,,,,,,,,,,,D,Open geospatial inventory,osm_only,https://gigawattmap.com/data,,,,U.S. jurisdiction reconciled from co-located IM3 geometry.,Insufficient evidence to establish or attach a distinct campus
gigawatt:osm-way-1300765126,osm-way-1300765126,Gigawatt Map retained export,Observed footprint,building,Stream Data Centers,,,,,,,TX,Dallas County,,32.983668,-96.654273,Published point,,Observed footprint,,,,,,,,,,10.52,14.03,17.54,estimate,,,,,,,,,,,,,,,,,,,,,,,,,,D,Open geospatial inventory,osm_only,https://gigawattmap.com/data,,,,U.S. jurisdiction reconciled from co-located IM3 geometry.,Insufficient evidence to establish or attach a distinct campus
gigawatt:osm-way-1304357577,osm-way-1304357577,Gigawatt Map retained export,Observed footprint,building,Iron Mountain VA-6,iron-mountain,,iron-mountain,,,,VA,,,38.768143,-77.538648,Published point,,Observed footprint,,,,,,,,,,6.82,9.1,11.37,estimate,,,,,,,,,,,,,,,,,,,,,,,,,,D,Open geospatial inventory,osm_only,https://gigawattmap.com/data,,,,,Insufficient evidence to establish or attach a distinct campus
gigawatt:osm-way-1307072785,osm-way-1307072785,Gigawatt Map retained export,Observed footprint,building,Ark Duluth Data Center,,,,,,,MN,St. Louis County,,46.827467,-92.130431,Published point,,Observed footprint,,,,,,,,,,1.02,1.36,1.7,estimate,,,,,,,,,,,,,,,,,,,,,,,,,,D,Open geospatial inventory,osm_only,https://gigawattmap.com/data,,,,U.S. jurisdiction reconciled from co-located IM3 geometry.,Insufficient evidence to establish or attach a distinct campus
gigawatt:osm-way-1307920829,osm-way-1307920829,Gigawatt Map retained export,Observed footprint,building,Flexential Charlotte - North,flexential,,flexential,,,,NC,,,35.329754,-80.765782,Published point,,Observed footprint,,,,,,,,,,2.36,3.14,3.93,estimate,,,,,,,,,,,,,,,,,,,,,,,,,,D,Open geospatial inventory,osm_only,https://gigawattmap.com/data,,,,,Insufficient evidence to establish or attach a distinct campus
gigawatt:osm-way-1313995085,osm-way-1313995085,Gigawatt Map retained export,Observed footprint,building,OSM way 1313995085,,,,,,,CA,,,37.370643,-121.974507,Published point,,Observed footprint,,,,,,,,,,4.65,6.2,7.75,estimate,,,,,,,,,,,,,,,,,,,,,,,,,,D,Open geospatial inventory,osm_only,https://gigawattmap.com/data,,,,,Insufficient evidence to establish or attach a distinct campus
gigawatt:osm-way-1314010354,osm-way-1314010354,Gigawatt Map retained export,Observed footprint,building,Vantage Santa Clara CA2,vantage,,vantage,,,,CA,,,37.364032,-121.946845,Published point,,Observed footprint,,,,,,,,,,4.95,6.6,8.25,estimate,,,,,,,,,,,,,,,,,,,,,,,,,,D,Open geospatial inventory,osm_only,https://gigawattmap.com/data,,,,,Insufficient evidence to establish or attach a distinct campus
gigawatt:osm-way-1314012931,osm-way-1314012931,Gigawatt Map retained export,Observed footprint,building,Digital Realty Silicon Valley SJC37,digitalrealty,,digitalrealty,,,,CA,,,37.370936,-121.947216,Published point,,Observed footprint,,,,,,,,,,5.84,7.78,9.73,estimate,,,,,,,,,,,,,,,,,,,,,,,,,,D,Open geospatial inventory,osm_only,https://gigawattmap.com/data,,,,,Insufficient evidence to establish or attach a distinct campus
gigawatt:osm-way-1317733642,osm-way-1317733642,Gigawatt Map retained export,Observed footprint,building,Digital Realty Northern Virginia IAD44,digitalrealty,,digitalrealty,,,,VA,Loudoun County,,38.960856,-77.491432,Published point,,Observed footprint,,,,,,,,,,14.98,19.98,24.97,estimate,,,,,,,,,,,,,,,,,,,,,,,,,,D,Open geospatial inventory,osm_only,https://gigawattmap.com/data,,,,U.S. jurisdiction reconciled from co-located IM3 geometry.,Insufficient evidence to establish or attach a distinct campus
gigawatt:osm-way-1318322780,osm-way-1318322780,Gigawatt Map retained export,Observed footprint,building,Apple,apple,,apple,,,,IA,Dallas County,,41.616851,-93.924402,Published point,,Observed footprint,,,,,,,,,,11.77,15.69,19.61,estimate,,,,,,,,,,,,,,,,,,,,,,,,,,D,Open geospatial inventory,osm_only,https://gigawattmap.com/data,,,,U.S. jurisdiction reconciled from co-located IM3 geometry.,Insufficient evidence to establish or attach a distinct campus
gigawatt:osm-way-131874718,osm-way-131874718,Gigawatt Map retained export,Observed footprint,building,H5 Minneapolis,,,,,,,MN,,,44.972253,-93.14746,Published point,,Observed footprint,,,,,,,,,,4.06,5.41,6.76,estimate,,,,,,,,,,,,,,,,,,,,,,,,,,D,Open geospatial inventory,osm_only,https://gigawattmap.com/data,,,,,Insufficient evidence to establish or attach a distinct campus
gigawatt:osm-way-131891022,osm-way-131891022,Gigawatt Map retained export,Observed footprint,building,Iron Mountain Records Storage,,,,,,,AZ,,,33.42038,-112.041326,Published point,,Observed footprint,,,,,,,,,,5.47,7.29,9.11,estimate,,,,,,,,,,,,,,,,,,,,,,,,,,D,Open geospatial inventory,osm_only,https://gigawattmap.com/data,,,,,Insufficient evidence to establish or attach a distinct campus
gigawatt:osm-way-1319724559,osm-way-1319724559,Gigawatt Map retained export,Observed footprint,building,OSM way 1319724559,,,,,,,OH,,,40.224524,-83.04586,Published point,,Observed footprint,,,,,,,,,,11.54,15.38,19.23,estimate,,,,,,,,,,,,,,,,,,,,,,,,,,D,Open geospatial inventory,osm_only,https://gigawattmap.com/data,,,,,Insufficient evidence to establish or attach a distinct campus
gigawatt:osm-way-1320038649,osm-way-1320038649,Gigawatt Map retained export,Observed footprint,building,DC BLOX Myrtle Beach Cable Landing Station,,,,,,,SC,,,33.674583,-78.943696,Published point,,Observed footprint,,,,,,,,,,3.45,4.6,5.75,estimate,,,,,,,,,,,,,,,,,,,,,,,,,,D,Open geospatial inventory,osm_only,https://gigawattmap.com/data,,,,,Insufficient evidence to establish or attach a distinct campus
gigawatt:osm-way-132746406,osm-way-132746406,Gigawatt Map retained export,Observed footprint,building,Equinix SV8,equinix,,equinix,,,,CA,,,37.445895,-122.160782,Published point,,Observed footprint,,,,,,,,,,0.45,0.6,0.75,estimate,,,,,,,,,,,,,,,,,,,,,,,,,,D,Open geospatial inventory,osm_only,https://gigawattmap.com/data,,,,,Insufficient evidence to establish or attach a distinct campus
gigawatt:osm-way-1333205263,osm-way-1333205263,Gigawatt Map retained export,Observed footprint,building,OSM way 1333205263,,,,,,,VA,,,39.066015,-77.558569,Published point,,Observed footprint,,,,,,,,,,5.74,7.66,9.57,estimate,,,,,,,,,,,,,,,,,,,,,,,,,,D,Open geospatial inventory,osm_only,https://gigawattmap.com/data,,,,,Insufficient evidence to establish or attach a distinct campus
gigawatt:osm-way-1339825480,osm-way-1339825480,Gigawatt Map retained export,Observed footprint,building,OSM way 1339825480,,,,,,,NE,,,41.342936,-96.091164,Published point,,Observed footprint,,,,,,,,,,734.1,978.8,1223.5,estimate,,,,,,,,,,,,,,,,,,,,,,,,,,D,Open geospatial inventory,osm_only,https://gigawattmap.com/data,,,,,Insufficient evidence to establish or attach a distinct campus
gigawatt:osm-way-1343100173,osm-way-1343100173,Gigawatt Map retained export,Observed footprint,building,DataBank,,,,,,,MN,,,45.143711,-93.387128,Published point,,Observed footprint,,,,,,,,,,4.3,5.73,7.17,estimate,,,,,,,,,,,,,,,,,,,,,,,,,,D,Open geospatial inventory,osm_only,https://gigawattmap.com/data,,,,,Insufficient evidence to establish or attach a distinct campus
gigawatt:osm-way-1343760339,osm-way-1343760339,Gigawatt Map retained export,Observed footprint,building,Vantage WA13,,,,,,,WA,Grant County,,47.252528,-119.813623,Published point,,Observed footprint,,,,,,,,,,9.45,12.6,15.75,estimate,,,,,,,,,,,,,,,,,,,,,,,,,,D,Open geospatial inventory,osm_only,https://gigawattmap.com/data,,,,U.S. jurisdiction reconciled from co-located IM3 geometry.,Insufficient evidence to establish or attach a distinct campus
gigawatt:osm-way-1344369104,osm-way-1344369104,Gigawatt Map retained export,Observed footprint,building,Amazon,,,,,,,TX,Bexar County,,29.450736,-98.638714,Published point,,Observed footprint,,,,,,,,,,3.93,5.25,6.56,estimate,,,,,,,,,,,,,,,,,,,,,,,,,,D,Open geospatial inventory,osm_only,https://gigawattmap.com/data,,,,U.S. jurisdiction reconciled from co-located IM3 geometry.,Insufficient evidence to establish or attach a distinct campus
gigawatt:osm-way-1351049826,osm-way-1351049826,Gigawatt Map retained export,Observed footprint,building,DataBank Santa Clara SFO1,,,,,,,CA,,,37.407299,-121.965956,Published point,,Observed footprint,,,,,,,,,,1.0,1.34,1.67,estimate,,,,,,,,,,,,,,,,,,,,,,,,,,D,Open geospatial inventory,osm_only,https://gigawattmap.com/data,,,,,Insufficient evidence to establish or attach a distinct campus
gigawatt:osm-way-1365213539,osm-way-1365213539,Gigawatt Map retained export,Observed footprint,building,PTC,,,,,,,OR,Linn County,,44.775219,-122.615931,Published point,,Observed footprint,,,,,,,,,,0.09,0.13,0.16,estimate,,,,,,,,,,,,,,,,,,,,,,,,,,D,Open geospatial inventory,osm_only,https://gigawattmap.com/data,,,,U.S. jurisdiction reconciled from co-located IM3 geometry.,Insufficient evidence to establish or attach a distinct campus
gigawatt:osm-way-1371348227,osm-way-1371348227,Gigawatt Map retained export,Observed footprint,building,CenturyLink,,,,,,,MO,Caldwell County,,39.744048,-93.997376,Published point,,Observed footprint,,,,,,,,,,0.05,0.07,0.09,estimate,,,,,,,,,,,,,,,,,,,,,,,,,,D,Open geospatial inventory,osm_only,https://gigawattmap.com/data,,,,U.S. jurisdiction reconciled from co-located IM3 geometry.,Insufficient evidence to establish or attach a distinct campus
gigawatt:osm-way-1379421123,osm-way-1379421123,Gigawatt Map retained export,Observed footprint,building,Flexential Las Vegas - Downtown,flexential,,flexential,,,,NV,,,36.168644,-115.143145,Published point,,Observed footprint,,,,,,,,,,0.02,0.02,0.03,estimate,,,,,,,,,,,,,,,,,,,,,,,,,,D,Open geospatial inventory,osm_only,https://gigawattmap.com/data,,,,,Insufficient evidence to establish or attach a distinct campus
gigawatt:osm-way-1381264361,osm-way-1381264361,Gigawatt Map retained export,Observed footprint,building,xAI Colossus,xai,,xai,,,,TN,,,35.05996,-90.156452,Published point,,Observed footprint,,,,,,,,,,29.14,38.85,48.56,estimate,,,,,,,,,,,,,,,,,,,,,,,,,,D,Open geospatial inventory,osm_only,https://gigawattmap.com/data,,,,,Insufficient evidence to establish or attach a distinct campus
gigawatt:osm-way-138260136,osm-way-138260136,Gigawatt Map retained export,Observed footprint,building,NCSA Petascale Computing Facility,,,,,,,IL,,,40.095259,-88.242031,Published point,,Observed footprint,,,,,,,,,,1.71,2.28,2.85,estimate,,,,,,,,,,,,,,,,,,,,,,,,,,D,Open geospatial inventory,osm_only,https://gigawattmap.com/data,,,,,Insufficient evidence to establish or attach a distinct campus
gigawatt:osm-way-1383913490,osm-way-1383913490,Gigawatt Map retained export,Observed footprint,building,Databank LGA3,,,,,,,NY,,,41.039943,-73.989651,Published point,,Observed footprint,,,,,,,,,,7.4,9.87,12.34,estimate,,,,,,,,,,,,,,,,,,,,,,,,,,D,Open geospatial inventory,osm_only,https://gigawattmap.com/data,,,,,Insufficient evidence to establish or attach a distinct campus
gigawatt:osm-way-1383916144,osm-way-1383916144,Gigawatt Map retained export,Observed footprint,building,CoreSite NY3,coresite,,coresite,,,,NJ,,,40.784904,-74.065357,Published point,,Observed footprint,,,,,,,,,,1.49,1.98,2.48,estimate,,,,,,,,,,,,,,,,,,,,,,,,,,D,Open geospatial inventory,osm_only,https://gigawattmap.com/data,,,,,Insufficient evidence to establish or attach a distinct campus
gigawatt:osm-way-138643160,osm-way-138643160,Gigawatt Map retained export,Observed footprint,building,LexisNexus Springfield,,,,,,,OH,Clark County,,39.91278,-83.723761,Published point,,Observed footprint,,,,,,,,,,3.0,4.0,5.0,estimate,,,,,,,,,,,,,,,,,,,,,,,,,,D,Open geospatial inventory,osm_only,https://gigawattmap.com/data,,,,U.S. jurisdiction reconciled from co-located IM3 geometry.,Insufficient evidence to establish or attach a distinct campus
gigawatt:osm-way-1387391201,osm-way-1387391201,Gigawatt Map retained export,Observed footprint,building,TikTok Data Center,,,,,,,VA,,,39.044247,-77.537998,Published point,,Observed footprint,,,,,,,,,,6.37,8.49,10.61,estimate,,,,,,,,,,,,,,,,,,,,,,,,,,D,Open geospatial inventory,osm_only,https://gigawattmap.com/data,,,,,Insufficient evidence to establish or attach a distinct campus
gigawatt:osm-way-1392657385,osm-way-1392657385,Gigawatt Map retained export,Observed footprint,building,OSM way 1392657385,,,,,,,KS,,,38.9392,-94.860185,Published point,,Observed footprint,,,,,,,,,,3.24,4.33,5.41,estimate,,,,,,,,,,,,,,,,,,,,,,,,,,D,Open geospatial inventory,osm_only,https://gigawattmap.com/data,,,,,Insufficient evidence to establish or attach a distinct campus
gigawatt:osm-way-1417637306,osm-way-1417637306,Gigawatt Map retained export,Observed footprint,building,State of Montana Data Center,,,,,,,MT,Custer County,,46.406897,-105.820645,Published point,,Observed footprint,,,,,,,,,,0.32,0.42,0.53,estimate,,,,,,,,,,,,,,,,,,,,,,,,,,D,Open geospatial inventory,osm_only,https://gigawattmap.com/data,,,,U.S. jurisdiction reconciled from co-located IM3 geometry.,Insufficient evidence to establish or attach a distinct campus
gigawatt:osm-way-1422101116,osm-way-1422101116,Gigawatt Map retained export,Observed footprint,building,Google,google,,google,,,,NE,Douglas County,,41.345162,-96.093533,Published point,,Observed footprint,,,,,,,,,,10.88,14.51,18.13,estimate,,,,,,,,,,,,,,,,,,,,,,,,,,D,Open geospatial inventory,osm_only,https://gigawattmap.com/data,,,,U.S. jurisdiction reconciled from co-located IM3 geometry.,Insufficient evidence to establish or attach a distinct campus
gigawatt:osm-way-1427613544,osm-way-1427613544,Gigawatt Map retained export,Observed footprint,building,Vantage Building 1,vantage,,vantage,,,,OH,,,40.102498,-82.746954,Published point,,Observed footprint,,,,,,,,,,9.2,12.27,15.34,estimate,,,,,,,,,,,,,,,,,,,,,,,,,,D,Open geospatial inventory,osm_only,https://gigawattmap.com/data,,,,,Insufficient evidence to establish or attach a distinct campus
gigawatt:osm-way-1427613545,osm-way-1427613545,Gigawatt Map retained export,Observed footprint,building,Vantage Building 2,vantage,,vantage,,,,OH,,,40.100531,-82.747116,Published point,,Observed footprint,,,,,,,,,,8.92,11.89,14.86,estimate,,,,,,,,,,,,,,,,,,,,,,,,,,D,Open geospatial inventory,osm_only,https://gigawattmap.com/data,,,,,Insufficient evidence to establish or attach a distinct campus
gigawatt:osm-way-1427613546,osm-way-1427613546,Gigawatt Map retained export,Observed footprint,building,Vantage Building 3,vantage,,vantage,,,,OH,,,40.098765,-82.747243,Published point,,Observed footprint,,,,,,,,,,8.34,11.12,13.9,estimate,,,,,,,,,,,,,,,,,,,,,,,,,,D,Open geospatial inventory,osm_only,https://gigawattmap.com/data,,,,,Insufficient evidence to establish or attach a distinct campus
gigawatt:osm-way-1443187163,osm-way-1443187163,Gigawatt Map retained export,Observed footprint,building,CloudHQ LC3,,,,,,,VA,Loudoun County,,39.011212,-77.460405,Published point,,Observed footprint,,,,,,,,,,9.05,12.06,15.08,estimate,,,,,,,,,,,,,,,,,,,,,,,,,,D,Open geospatial inventory,osm_only,https://gigawattmap.com/data,,,,U.S. jurisdiction reconciled from co-located IM3 geometry.,Insufficient evidence to establish or attach a distinct campus
gigawatt:osm-way-1443620406,osm-way-1443620406,Gigawatt Map retained export,Observed footprint,building,Alinged Data Center,aligned,,aligned,,,,TX,,,32.549823,-97.074855,Published point,,Observed footprint,,,,,,,,,,7.06,9.41,11.77,estimate,,,,,,,,,,,,,,,,,,,,,,,,,,D,Open geospatial inventory,osm_only,https://gigawattmap.com/data,,,,,Insufficient evidence to establish or attach a distinct campus
gigawatt:osm-way-1446350367,osm-way-1446350367,Gigawatt Map retained export,Observed footprint,building,NTT Chicago CH3,ntt,,ntt,,,,IL,,,41.986914,-88.008004,Published point,,Observed footprint,,,,,,,,,,3.15,4.19,5.24,estimate,,,,,,,,,,,,,,,,,,,,,,,,,,D,Open geospatial inventory,osm_only,https://gigawattmap.com/data,,,,,Insufficient evidence to establish or attach a distinct campus
gigawatt:osm-way-1446350370,osm-way-1446350370,Gigawatt Map retained export,Observed footprint,building,NTT Chicago CH4,ntt,,ntt,,,,IL,,,41.989095,-88.004765,Published point,,Observed footprint,,,,,,,,,,3.8,5.07,6.33,estimate,,,,,,,,,,,,,,,,,,,,,,,,,,D,Open geospatial inventory,osm_only,https://gigawattmap.com/data,,,,,Insufficient evidence to establish or attach a distinct campus
gigawatt:osm-way-1455361421,osm-way-1455361421,Gigawatt Map retained export,Observed footprint,building,IONIC Digital Cedarvale,,,,,,,TX,Ward County,,31.513474,-103.448621,Published point,,Observed footprint,,,,,,,,,,83.96,111.95,139.93,estimate,,,,,,,,,,,,,,,,,,,,,,,,,,D,Open geospatial inventory,osm_only,https://gigawattmap.com/data,,,,U.S. jurisdiction reconciled from co-located IM3 geometry.,Insufficient evidence to establish or attach a distinct campus
gigawatt:osm-way-1456953254,osm-way-1456953254,Gigawatt Map retained export,Observed footprint,building,East Kentucky Network Datacenter,,,,,,,KY,,,37.600177,-82.678763,Published point,,Observed footprint,,,,,,,,,,0.58,0.78,0.97,estimate,,,,,,,,,,,,,,,,,,,,,,,,,,D,Open geospatial inventory,osm_only,https://gigawattmap.com/data,,,,,Insufficient evidence to establish or attach a distinct campus
gigawatt:osm-way-1460847458,osm-way-1460847458,Gigawatt Map retained export,Observed footprint,building,EdgeCore Silicon Valley,,,,,,,CA,Santa Clara County,,37.383718,-121.965388,Published point,,Observed footprint,,,,,,,,,,3.02,4.02,5.03,estimate,,,,,,,,,,,,,,,,,,,,,,,,,,D,Open geospatial inventory,osm_only,https://gigawattmap.com/data,,,,U.S. jurisdiction reconciled from co-located IM3 geometry.,Insufficient evidence to establish or attach a distinct campus
gigawatt:osm-way-1460855151,osm-way-1460855151,Gigawatt Map retained export,Observed footprint,building,STACK SVY02,stack,,stack,,,,CA,Santa Clara County,,37.361932,-121.953744,Published point,,Observed footprint,,,,,,,,,,5.1,6.8,8.51,estimate,,,,,,,,,,,,,,,,,,,,,,,,,,D,Open geospatial inventory,osm_only,https://gigawattmap.com/data,,,,U.S. jurisdiction reconciled from co-located IM3 geometry.,Insufficient evidence to establish or attach a distinct campus
gigawatt:osm-way-1460861317,osm-way-1460861317,Gigawatt Map retained export,Observed footprint,building,Amazon AWS SAT - 12807 Donop,amazon,,amazon,,,,TX,Bexar County,,29.293005,-98.391625,Published point,,Observed footprint,,,,,,,,,,4.14,5.52,6.9,estimate,,,,,,,,,,,,,,,,,,,,,,,,,,D,Open geospatial inventory,osm_only,https://gigawattmap.com/data,,,,U.S. jurisdiction reconciled from co-located IM3 geometry.,Insufficient evidence to establish or attach a distinct campus
gigawatt:osm-way-1481581947,osm-way-1481581947,Gigawatt Map retained export,Observed footprint,building,CyrusOne CHI3,cyrusone,,cyrusone,,,,IL,,,41.802878,-88.246755,Published point,,Observed footprint,,,,,,,,,,7.98,10.64,13.3,estimate,,,,,,,,,,,,,,,,,,,,,,,,,,D,Open geospatial inventory,osm_only,https://gigawattmap.com/data,,,,,Insufficient evidence to establish or attach a distinct campus
gigawatt:osm-way-1486780799,osm-way-1486780799,Gigawatt Map retained export,Observed footprint,building,Aligned Data Centers,aligned,,aligned,,,,TX,,,33.006006,-96.657094,Published point,,Observed footprint,,,,,,,,,,8.08,10.78,13.47,estimate,,,,,,,,,,,,,,,,,,,,,,,,,,D,Open geospatial inventory,osm_only,https://gigawattmap.com/data,,,,,Insufficient evidence to establish or attach a distinct campus
gigawatt:osm-way-1493516623,osm-way-1493516623,Gigawatt Map retained export,Observed footprint,building,RIC2 DC1,,,,,,,VA,,,37.488173,-77.240062,Published point,,Observed footprint,,,,,,,,,,9.6,12.81,16.01,estimate,,,,,,,,,,,,,,,,,,,,,,,,,,D,Open geospatial inventory,osm_only,https://gigawattmap.com/data,,,,,Insufficient evidence to establish or attach a distinct campus
gigawatt:osm-way-1493516624,osm-way-1493516624,Gigawatt Map retained export,Observed footprint,building,RIC2 DC2,,,,,,,VA,,,37.487092,-77.240983,Published point,,Observed footprint,,,,,,,,,,9.51,12.69,15.86,estimate,,,,,,,,,,,,,,,,,,,,,,,,,,D,Open geospatial inventory,osm_only,https://gigawattmap.com/data,,,,,Insufficient evidence to establish or attach a distinct campus
gigawatt:osm-way-1493516625,osm-way-1493516625,Gigawatt Map retained export,Observed footprint,building,RIC2 DC3,,,,,,,VA,,,37.486065,-77.241891,Published point,,Observed footprint,,,,,,,,,,9.51,12.69,15.86,estimate,,,,,,,,,,,,,,,,,,,,,,,,,,D,Open geospatial inventory,osm_only,https://gigawattmap.com/data,,,,,Insufficient evidence to establish or attach a distinct campus
gigawatt:osm-way-1493516626,osm-way-1493516626,Gigawatt Map retained export,Observed footprint,building,RIC2 DC5,,,,,,,VA,,,37.484848,-77.242984,Published point,,Observed footprint,,,,,,,,,,9.51,12.69,15.86,estimate,,,,,,,,,,,,,,,,,,,,,,,,,,D,Open geospatial inventory,osm_only,https://gigawattmap.com/data,,,,,Insufficient evidence to establish or attach a distinct campus
gigawatt:osm-way-1493516628,osm-way-1493516628,Gigawatt Map retained export,Observed footprint,building,RIC2 DC6,,,,,,,VA,,,37.483901,-77.243764,Published point,,Observed footprint,,,,,,,,,,9.52,12.69,15.86,estimate,,,,,,,,,,,,,,,,,,,,,,,,,,D,Open geospatial inventory,osm_only,https://gigawattmap.com/data,,,,,Insufficient evidence to establish or attach a distinct campus
gigawatt:osm-way-1498005255,osm-way-1498005255,Gigawatt Map retained export,Observed footprint,building,SC,,,,,,,KS,,,37.278406,-98.588462,Published point,,Observed footprint,,,,,,,,,,0.02,0.02,0.03,estimate,,,,,,,,,,,,,,,,,,,,,,,,,,D,Open geospatial inventory,osm_only,https://gigawattmap.com/data,,,,,Insufficient evidence to establish or attach a distinct campus
gigawatt:osm-way-151179323,osm-way-151179323,Gigawatt Map retained export,Observed footprint,building,Lumen,,,,,,,AZ,,,33.494336,-112.070786,Published point,,Observed footprint,,,,,,,,,,0.95,1.27,1.59,estimate,,,,,,,,,,,,,,,,,,,,,,,,,,D,Open geospatial inventory,osm_only,https://gigawattmap.com/data,,,,,Insufficient evidence to establish or attach a distinct campus
gigawatt:osm-way-152163711,osm-way-152163711,Gigawatt Map retained export,Observed footprint,building,L3Harris Technologies Inc,,,,,,,AZ,Maricopa County,,33.305358,-111.671704,Published point,,Observed footprint,,,,,,,,,,0.54,0.72,0.9,estimate,,,,,,,,,,,,,,,,,,,,,,,,,,D,Open geospatial inventory,osm_only,https://gigawattmap.com/data,,,,U.S. jurisdiction reconciled from co-located IM3 geometry.,Insufficient evidence to establish or attach a distinct campus
gigawatt:osm-way-152163722,osm-way-152163722,Gigawatt Map retained export,Observed footprint,building,AZ Labs,,,,,,,AZ,Maricopa County,,33.306272,-111.6717,Published point,,Observed footprint,,,,,,,,,,1.19,1.58,1.98,estimate,,,,,,,,,,,,,,,,,,,,,,,,,,D,Open geospatial inventory,osm_only,https://gigawattmap.com/data,,,,U.S. jurisdiction reconciled from co-located IM3 geometry.,Insufficient evidence to establish or attach a distinct campus
gigawatt:osm-way-152449872,osm-way-152449872,Gigawatt Map retained export,Observed footprint,building,Serverfarm CH1,,,,,,,IL,,,41.870944,-87.640141,Published point,,Observed footprint,,,,,,,,,,2.12,2.82,3.53,estimate,,,,,,,,,,,,,,,,,,,,,,,,,,D,Open geospatial inventory,osm_only,https://gigawattmap.com/data,,,,,Insufficient evidence to establish or attach a distinct campus
gigawatt:osm-way-155739337,osm-way-155739337,Gigawatt Map retained export,Observed footprint,building,Aligned Energy Data Center,,,,,,,AZ,,,33.659041,-112.111168,Published point,,Observed footprint,,,,,,,,,,19.23,25.64,32.05,estimate,,,,,,,,,,,,,,,,,,,,,,,,,,D,Open geospatial inventory,osm_only,https://gigawattmap.com/data,,,,,Insufficient evidence to establish or attach a distinct campus
gigawatt:osm-way-156520409,osm-way-156520409,Gigawatt Map retained export,Observed footprint,building,Lakeside Technology Center,,,,,,,IL,,,41.853653,-87.618359,Published point,,Observed footprint,,,,,,,,,,4.84,6.46,8.07,estimate,,,,,,,,,,,,,,,,,,,,,,,,,,D,Open geospatial inventory,osm_only,https://gigawattmap.com/data,,,,,Insufficient evidence to establish or attach a distinct campus
gigawatt:osm-way-157362579,osm-way-157362579,Gigawatt Map retained export,Observed footprint,building,Flexential Phoenix - Deer Valley,flexential,,flexential,,,,AZ,,,33.684674,-112.098357,Published point,,Observed footprint,,,,,,,,,,4.13,5.5,6.88,estimate,,,,,,,,,,,,,,,,,,,,,,,,,,D,Open geospatial inventory,osm_only,https://gigawattmap.com/data,,,,,Insufficient evidence to establish or attach a distinct campus
gigawatt:osm-way-159959672,osm-way-159959672,Gigawatt Map retained export,Observed footprint,building,TierPoint,,,,,,,OK,,,36.158588,-95.988631,Published point,,Observed footprint,,,,,,,,,,0.71,0.95,1.18,estimate,,,,,,,,,,,,,,,,,,,,,,,,,,D,Open geospatial inventory,osm_only,https://gigawattmap.com/data,,,,,Insufficient evidence to establish or attach a distinct campus
gigawatt:osm-way-166431620,osm-way-166431620,Gigawatt Map retained export,Observed footprint,building,"Union Pacific Jack Koraleski Technology, Research & Development Center",,,,,,,NE,,,41.318005,-96.050345,Published point,,Observed footprint,,,,,,,,,,2.04,2.72,3.4,estimate,,,,,,,,,,,,,,,,,,,,,,,,,,D,Open geospatial inventory,osm_only,https://gigawattmap.com/data,,,,,Insufficient evidence to establish or attach a distinct campus
gigawatt:osm-way-168129695,osm-way-168129695,Gigawatt Map retained export,Observed footprint,building,DataBank Pittsburgh PIT2,,,,,,,PA,,,40.451369,-80.190118,Published point,,Observed footprint,,,,,,,,,,2.25,3.0,3.75,estimate,,,,,,,,,,,,,,,,,,,,,,,,,,D,Open geospatial inventory,osm_only,https://gigawattmap.com/data,,,,,Insufficient evidence to establish or attach a distinct campus
gigawatt:osm-way-169170979,osm-way-169170979,Gigawatt Map retained export,Observed footprint,building,Molina Healthcare,,,,,,,NM,,,34.995446,-106.618034,Published point,,Observed footprint,,,,,,,,,,0.96,1.28,1.6,estimate,,,,,,,,,,,,,,,,,,,,,,,,,,D,Open geospatial inventory,osm_only,https://gigawattmap.com/data,,,,,Insufficient evidence to establish or attach a distinct campus
gigawatt:osm-way-174242795,osm-way-174242795,Gigawatt Map retained export,Observed footprint,building,EdgeConneX CHI01,edgeconnex,,edgeconnex,,,,IL,,,42.000775,-87.950769,Published point,,Observed footprint,,,,,,,,,,4.51,6.01,7.51,estimate,,,,,,,,,,,,,,,,,,,,,,,,,,D,Open geospatial inventory,osm_only,https://gigawattmap.com/data,,,,,Insufficient evidence to establish or attach a distinct campus
gigawatt:osm-way-187574082,osm-way-187574082,Gigawatt Map retained export,Observed footprint,building,Verizon Wireline Network Building,,,,,,,NJ,Middlesex County,,40.494903,-74.443095,Published point,,Observed footprint,,,,,,,,,,1.21,1.61,2.02,estimate,,,,,,,,,,,,,,,,,,,,,,,,,,D,Open geospatial inventory,osm_only,https://gigawattmap.com/data,,,,U.S. jurisdiction reconciled from co-located IM3 geometry.,Insufficient evidence to establish or attach a distinct campus
gigawatt:osm-way-190868312,osm-way-190868312,Gigawatt Map retained export,Observed footprint,building,RagingWire CA3,ntt,,ntt,,,,CA,,,38.644239,-121.498763,Published point,,Observed footprint,,,,,,,,,,5.68,7.57,9.46,estimate,,,,,,,,,,,,,,,,,,,,,,,,,,D,Open geospatial inventory,osm_only,https://gigawattmap.com/data,,,,,Insufficient evidence to establish or attach a distinct campus
gigawatt:osm-way-193611216,osm-way-193611216,Gigawatt Map retained export,Observed footprint,building,Equinix NY3,equinix,,equinix,,,,NJ,,,40.774852,-74.06889,Published point,,Observed footprint,,,,,,,,,,10.29,13.72,17.15,estimate,,,,,,,,,,,,,,,,,,,,,,,,,,D,Open geospatial inventory,osm_only,https://gigawattmap.com/data,,,,,Insufficient evidence to establish or attach a distinct campus
gigawatt:osm-way-193611219,osm-way-193611219,Gigawatt Map retained export,Observed footprint,building,Equinix New York Secaucus NY2,equinix,,equinix,,,,NJ,,,40.77742,-74.075917,Published point,,Observed footprint,,,,,,,,,,15.11,20.15,25.19,estimate,,,,,,,,,,,,,,,,,,,,,,,,,,D,Open geospatial inventory,osm_only,https://gigawattmap.com/data,,,,,Insufficient evidence to establish or attach a distinct campus
gigawatt:osm-way-193612533,osm-way-193612533,Gigawatt Map retained export,Observed footprint,building,Centersquare NYC3 Data Center,,,,,,,NJ,,,40.786164,-74.069182,Published point,,Observed footprint,,,,,,,,,,5.37,7.16,8.95,estimate,,,,,,,,,,,,,,,,,,,,,,,,,,D,Open geospatial inventory,osm_only,https://gigawattmap.com/data,,,,,Insufficient evidence to establish or attach a distinct campus
gigawatt:osm-way-195165374,osm-way-195165374,Gigawatt Map retained export,Observed footprint,building,Black Rock Financial Management,,,,,,,MO,,,39.295492,-94.678025,Published point,,Observed footprint,,,,,,,,,,3.0,4.0,5.0,estimate,,,,,,,,,,,,,,,,,,,,,,,,,,D,Open geospatial inventory,osm_only,https://gigawattmap.com/data,,,,,Insufficient evidence to establish or attach a distinct campus
gigawatt:osm-way-199252950,osm-way-199252950,Gigawatt Map retained export,Observed footprint,building,CyrusOne Chicago Aurora CME,cyrusone,,cyrusone,,,,IL,,,41.796711,-88.243603,Published point,,Observed footprint,,,,,,,,,,18.12,24.16,30.19,estimate,,,,,,,,,,,,,,,,,,,,,,,,,,D,Open geospatial inventory,osm_only,https://gigawattmap.com/data,,,,,Insufficient evidence to establish or attach a distinct campus
gigawatt:osm-way-200989527,osm-way-200989527,Gigawatt Map retained export,Observed footprint,building,Xfinity/Comcast Data Center,,,,,,,CO,,,39.588307,-104.832435,Published point,,Observed footprint,,,,,,,,,,1.93,2.57,3.21,estimate,,,,,,,,,,,,,,,,,,,,,,,,,,D,Open geospatial inventory,osm_only,https://gigawattmap.com/data,,,,,Insufficient evidence to establish or attach a distinct campus
gigawatt:osm-way-203432103,osm-way-203432103,Gigawatt Map retained export,Observed footprint,building,IU Data Center,,,,,,,IN,,,39.174419,-86.500703,Published point,,Observed footprint,,,,,,,,,,3.54,4.71,5.89,estimate,,,,,,,,,,,,,,,,,,,,,,,,,,D,Open geospatial inventory,osm_only,https://gigawattmap.com/data,,,,,Insufficient evidence to establish or attach a distinct campus
gigawatt:osm-way-204316962,osm-way-204316962,Gigawatt Map retained export,Observed footprint,building,IO Datacenter,,,,,,,NJ,,,40.520901,-74.347317,Published point,,Observed footprint,,,,,,,,,,31.12,41.5,51.87,estimate,,,,,,,,,,,,,,,,,,,,,,,,,,D,Open geospatial inventory,osm_only,https://gigawattmap.com/data,,,,,Insufficient evidence to establish or attach a distinct campus
gigawatt:osm-way-204460681,osm-way-204460681,Gigawatt Map retained export,Observed footprint,building,DataBank Piscataway EWR2,,,,,,,NJ,Middlesex County,,40.549213,-74.45821,Published point,,Observed footprint,,,,,,,,,,1.9,2.53,3.17,estimate,,,,,,,,,,,,,,,,,,,,,,,,,,D,Open geospatial inventory,osm_only,https://gigawattmap.com/data,,,,U.S. jurisdiction reconciled from co-located IM3 geometry.,Insufficient evidence to establish or attach a distinct campus
gigawatt:osm-way-204460799,osm-way-204460799,Gigawatt Map retained export,Observed footprint,building,Optimum,,,,,,,NJ,Middlesex County,,40.546826,-74.492029,Published point,,Observed footprint,,,,,,,,,,2.55,3.41,4.26,estimate,,,,,,,,,,,,,,,,,,,,,,,,,,D,Open geospatial inventory,osm_only,https://gigawattmap.com/data,,,,U.S. jurisdiction reconciled from co-located IM3 geometry.,Insufficient evidence to establish or attach a distinct campus
gigawatt:osm-way-204460812,osm-way-204460812,Gigawatt Map retained export,Observed footprint,building,Equinix,equinix,,equinix,,,,NJ,Middlesex County,,40.544882,-74.495381,Published point,,Observed footprint,,,,,,,,,,2.34,3.12,3.9,estimate,,,,,,,,,,,,,,,,,,,,,,,,,,D,Open geospatial inventory,osm_only,https://gigawattmap.com/data,,,,U.S. jurisdiction reconciled from co-located IM3 geometry.,Insufficient evidence to establish or attach a distinct campus
gigawatt:osm-way-204460835,osm-way-204460835,Gigawatt Map retained export,Observed footprint,building,Barclays Datacenter,,,,,,,NJ,Middlesex County,,40.547244,-74.459737,Published point,,Observed footprint,,,,,,,,,,13.21,17.61,22.02,estimate,,,,,,,,,,,,,,,,,,,,,,,,,,D,Open geospatial inventory,osm_only,https://gigawattmap.com/data,,,,U.S. jurisdiction reconciled from co-located IM3 geometry.,Insufficient evidence to establish or attach a distinct campus
gigawatt:osm-way-205724881,osm-way-205724881,Gigawatt Map retained export,Observed footprint,building,Intergate Seattle East Building 2,,,,,,,WA,,,47.495031,-122.29057,Published point,,Observed footprint,,,,,,,,,,4.02,5.37,6.71,estimate,,,,,,,,,,,,,,,,,,,,,,,,,,D,Open geospatial inventory,osm_only,https://gigawattmap.com/data,,,,,Insufficient evidence to establish or attach a distinct campus
gigawatt:osm-way-205724885,osm-way-205724885,Gigawatt Map retained export,Observed footprint,building,Intergate Seattle East Building 1,,,,,,,WA,King County,,47.49486,-122.288194,Published point,,Observed footprint,,,,,,,,,,3.67,4.89,6.12,estimate,,,,,,,,,,,,,,,,,,,,,,,,,,D,Open geospatial inventory,osm_only,https://gigawattmap.com/data,,,,U.S. jurisdiction reconciled from co-located IM3 geometry.,Insufficient evidence to establish or attach a distinct campus
gigawatt:osm-way-205823968,osm-way-205823968,Gigawatt Map retained export,Observed footprint,building,Equinix SV15,equinix,,equinix,,,,CA,,,37.375495,-121.988406,Published point,,Observed footprint,,,,,,,,,,1.43,1.91,2.39,estimate,,,,,,,,,,,,,,,,,,,,,,,,,,D,Open geospatial inventory,osm_only,https://gigawattmap.com/data,,,,,Insufficient evidence to establish or attach a distinct campus
gigawatt:osm-way-205823970,osm-way-205823970,Gigawatt Map retained export,Observed footprint,building,Equinix SV16,equinix,,equinix,,,,CA,,,37.376118,-121.988688,Published point,,Observed footprint,,,,,,,,,,0.99,1.32,1.65,estimate,,,,,,,,,,,,,,,,,,,,,,,,,,D,Open geospatial inventory,osm_only,https://gigawattmap.com/data,,,,,Insufficient evidence to establish or attach a distinct campus
gigawatt:osm-way-205823971,osm-way-205823971,Gigawatt Map retained export,Observed footprint,building,Equinix SV17,equinix,,equinix,,,,CA,,,37.376529,-121.988584,Published point,,Observed footprint,,,,,,,,,,1.59,2.12,2.65,estimate,,,,,,,,,,,,,,,,,,,,,,,,,,D,Open geospatial inventory,osm_only,https://gigawattmap.com/data,,,,,Insufficient evidence to establish or attach a distinct campus
gigawatt:osm-way-205823980,osm-way-205823980,Gigawatt Map retained export,Observed footprint,building,Equinix SV14,equinix,,equinix,,,,CA,,,37.374962,-121.988509,Published point,,Observed footprint,,,,,,,,,,0.76,1.01,1.26,estimate,,,,,,,,,,,,,,,,,,,,,,,,,,D,Open geospatial inventory,osm_only,https://gigawattmap.com/data,,,,,Insufficient evidence to establish or attach a distinct campus
gigawatt:osm-way-205846843,osm-way-205846843,Gigawatt Map retained export,Observed footprint,building,CoreSite SV4,coresite,,coresite,,,,CA,Santa Clara County,,37.376263,-121.970684,Published point,,Observed footprint,,,,,,,,,,1.95,2.6,3.25,estimate,,,,,,,,,,,,,,,,,,,,,,,,,,D,Open geospatial inventory,osm_only,https://gigawattmap.com/data,,,,U.S. jurisdiction reconciled from co-located IM3 geometry.,Insufficient evidence to establish or attach a distinct campus
gigawatt:osm-way-209073635,osm-way-209073635,Gigawatt Map retained export,Observed footprint,building,Lumen Santa Clara,,,,,,,CA,Santa Clara County,,37.377005,-121.952082,Published point,,Observed footprint,,,,,,,,,,0.95,1.27,1.59,estimate,,,,,,,,,,,,,,,,,,,,,,,,,,D,Open geospatial inventory,osm_only,https://gigawattmap.com/data,,,,U.S. jurisdiction reconciled from co-located IM3 geometry.,Insufficient evidence to establish or attach a distinct campus
gigawatt:osm-way-209073647,osm-way-209073647,Gigawatt Map retained export,Observed footprint,building,Digital Realty Silicon Valley SJC30,digitalrealty,,digitalrealty,,,,CA,Santa Clara County,,37.378289,-121.958105,Published point,,Observed footprint,,,,,,,,,,1.82,2.43,3.03,estimate,,,,,,,,,,,,,,,,,,,,,,,,,,D,Open geospatial inventory,osm_only,https://gigawattmap.com/data,,,,U.S. jurisdiction reconciled from co-located IM3 geometry.,Insufficient evidence to establish or attach a distinct campus
gigawatt:osm-way-209076412,osm-way-209076412,Gigawatt Map retained export,Observed footprint,building,Digital Realty Silicon Valley SJC11,digitalrealty,,digitalrealty,,,,CA,,,37.376341,-121.948531,Published point,,Observed footprint,,,,,,,,,,1.65,2.2,2.75,estimate,,,,,,,,,,,,,,,,,,,,,,,,,,D,Open geospatial inventory,osm_only,https://gigawattmap.com/data,,,,,Insufficient evidence to establish or attach a distinct campus
gigawatt:osm-way-209077298,osm-way-209077298,Gigawatt Map retained export,Observed footprint,building,Lumen,,,,,,,CA,Santa Clara County,,37.377585,-121.950682,Published point,,Observed footprint,,,,,,,,,,0.59,0.79,0.99,estimate,,,,,,,,,,,,,,,,,,,,,,,,,,D,Open geospatial inventory,osm_only,https://gigawattmap.com/data,,,,U.S. jurisdiction reconciled from co-located IM3 geometry.,Insufficient evidence to establish or attach a distinct campus
gigawatt:osm-way-209087373,osm-way-209087373,Gigawatt Map retained export,Observed footprint,building,Silicon Valley SJC31,digitalrealty,,digitalrealty,,,,CA,,,37.37225,-121.948329,Published point,,Observed footprint,,,,,,,,,,5.5,7.33,9.16,estimate,,,,,,,,,,,,,,,,,,,,,,,,,,D,Open geospatial inventory,osm_only,https://gigawattmap.com/data,,,,,Insufficient evidence to establish or attach a distinct campus
gigawatt:osm-way-209105766,osm-way-209105766,Gigawatt Map retained export,Observed footprint,building,OSM way 209105766,,,,,,,CA,,,37.379779,-121.94991,Published point,,Observed footprint,,,,,,,,,,0.71,0.94,1.18,estimate,,,,,,,,,,,,,,,,,,,,,,,,,,D,Open geospatial inventory,osm_only,https://gigawattmap.com/data,,,,,Insufficient evidence to establish or attach a distinct campus
gigawatt:osm-way-209117217,osm-way-209117217,Gigawatt Map retained export,Observed footprint,building,Evocative Santa Clara SJC11,,,,,,,CA,Santa Clara County,,37.38954,-121.961946,Published point,,Observed footprint,,,,,,,,,,1.93,2.57,3.21,estimate,,,,,,,,,,,,,,,,,,,,,,,,,,D,Open geospatial inventory,osm_only,https://gigawattmap.com/data,,,,U.S. jurisdiction reconciled from co-located IM3 geometry.,Insufficient evidence to establish or attach a distinct campus
gigawatt:osm-way-210222970,osm-way-210222970,Gigawatt Map retained export,Observed footprint,building,Iron Mountain Data & Record Storage,iron-mountain,,iron-mountain,,,,IL,,,41.848797,-87.64551,Published point,,Observed footprint,,,,,,,,,,3.98,5.3,6.63,estimate,,,,,,,,,,,,,,,,,,,,,,,,,,D,Open geospatial inventory,osm_only,https://gigawattmap.com/data,,,,,Insufficient evidence to establish or attach a distinct campus
gigawatt:osm-way-210917861,osm-way-210917861,Gigawatt Map retained export,Observed footprint,building,Data Storage Centers,,,,,,,AZ,,,33.421693,-112.034303,Published point,,Observed footprint,,,,,,,,,,1.43,1.91,2.38,estimate,,,,,,,,,,,,,,,,,,,,,,,,,,D,Open geospatial inventory,osm_only,https://gigawattmap.com/data,,,,,Insufficient evidence to establish or attach a distinct campus
gigawatt:osm-way-211832626,osm-way-211832626,Gigawatt Map retained export,Observed footprint,building,TierPoint,,,,,,,MA,,,42.685709,-71.208599,Published point,,Observed footprint,,,,,,,,,,1.93,2.57,3.21,estimate,,,,,,,,,,,,,,,,,,,,,,,,,,D,Open geospatial inventory,osm_only,https://gigawattmap.com/data,,,,,Insufficient evidence to establish or attach a distinct campus
gigawatt:osm-way-214321737,osm-way-214321737,Gigawatt Map retained export,Observed footprint,building,Markley Data Center,,,,,,,MA,Middlesex County,,42.630262,-71.304424,Published point,,Observed footprint,,,,,,,,,,4.64,6.18,7.73,estimate,,,,,,,,,,,,,,,,,,,,,,,,,,D,Open geospatial inventory,osm_only,https://gigawattmap.com/data,,,,U.S. jurisdiction reconciled from co-located IM3 geometry.,Insufficient evidence to establish or attach a distinct campus
gigawatt:osm-way-215630401,osm-way-215630401,Gigawatt Map retained export,Observed footprint,building,Flexential Charlotte - South,flexential,,flexential,,,,NC,,,35.135431,-80.936872,Published point,,Observed footprint,,,,,,,,,,1.27,1.69,2.11,estimate,,,,,,,,,,,,,,,,,,,,,,,,,,D,Open geospatial inventory,osm_only,https://gigawattmap.com/data,,,,,Insufficient evidence to establish or attach a distinct campus
gigawatt:osm-way-221897579,osm-way-221897579,Gigawatt Map retained export,Observed footprint,building,Equinix DC97,,,,,,,VA,Fairfax County,,38.961571,-77.377423,Published point,,Observed footprint,,,,,,,,,,1.65,2.2,2.75,estimate,,,,,,,,,,,,,,,,,,,,,,,,,,D,Open geospatial inventory,osm_only,https://gigawattmap.com/data,,,,U.S. jurisdiction reconciled from co-located IM3 geometry.,Insufficient evidence to establish or attach a distinct campus
gigawatt:osm-way-223783259,osm-way-223783259,Gigawatt Map retained export,Observed footprint,building,CTI Biopharma,,,,,,,WA,,,47.617788,-122.356693,Published point,,Observed footprint,,,,,,,,,,0.77,1.03,1.29,estimate,,,,,,,,,,,,,,,,,,,,,,,,,,D,Open geospatial inventory,osm_only,https://gigawattmap.com/data,,,,,Insufficient evidence to establish or attach a distinct campus
gigawatt:osm-way-224100721,osm-way-224100721,Gigawatt Map retained export,Observed footprint,building,COPT Data Center,,,,,,,VA,,,38.747281,-77.531845,Published point,,Observed footprint,,,,,,,,,,4.8,6.4,8.0,estimate,,,,,,,,,,,,,,,,,,,,,,,,,,D,Open geospatial inventory,osm_only,https://gigawattmap.com/data,,,,,Insufficient evidence to establish or attach a distinct campus
gigawatt:osm-way-224139416,osm-way-224139416,Gigawatt Map retained export,Observed footprint,building,Dell 350 Holger Way,,,,,,,CA,Santa Clara County,,37.418407,-121.943085,Published point,,Observed footprint,,,,,,,,,,1.7,2.26,2.83,estimate,,,,,,,,,,,,,,,,,,,,,,,,,,D,Open geospatial inventory,osm_only,https://gigawattmap.com/data,,,,U.S. jurisdiction reconciled from co-located IM3 geometry.,Insufficient evidence to establish or attach a distinct campus
gigawatt:osm-way-224174031,osm-way-224174031,Gigawatt Map retained export,Observed footprint,building,SV Colo,,,,,,,CA,,,37.36431,-121.958799,Published point,,Observed footprint,,,,,,,,,,2.16,2.89,3.61,estimate,,,,,,,,,,,,,,,,,,,,,,,,,,D,Open geospatial inventory,osm_only,https://gigawattmap.com/data,,,,,Insufficient evidence to establish or attach a distinct campus
gigawatt:osm-way-224998784,osm-way-224998784,Gigawatt Map retained export,Observed footprint,building,Microsoft,microsoft,,microsoft,,,,CA,,,37.362066,-121.946436,Published point,,Observed footprint,,,,,,,,,,6.25,8.33,10.42,estimate,,,,,,,,,,,,,,,,,,,,,,,,,,D,Open geospatial inventory,osm_only,https://gigawattmap.com/data,,,,,Insufficient evidence to establish or attach a distinct campus
gigawatt:osm-way-225745958,osm-way-225745958,Gigawatt Map retained export,Observed footprint,building,OVH US East Vint Hill,,,,,,,VA,Fauquier County,,38.747445,-77.674454,Published point,,Observed footprint,,,,,,,,,,3.22,4.29,5.36,estimate,,,,,,,,,,,,,,,,,,,,,,,,,,D,Open geospatial inventory,osm_only,https://gigawattmap.com/data,,,,U.S. jurisdiction reconciled from co-located IM3 geometry.,Insufficient evidence to establish or attach a distinct campus
gigawatt:osm-way-231047065,osm-way-231047065,Gigawatt Map retained export,Observed footprint,building,NCAR-Wyoming Supercomputing Center,,,,,,,WY,,,41.12879,-104.897487,Published point,,Observed footprint,,,,,,,,,,3.79,5.06,6.32,estimate,,,,,,,,,,,,,,,,,,,,,,,,,,D,Open geospatial inventory,osm_only,https://gigawattmap.com/data,,,,,Insufficient evidence to establish or attach a distinct campus
gigawatt:osm-way-233888384,osm-way-233888384,Gigawatt Map retained export,Observed footprint,building,Segra Data Center,,,,,,,NC,,,35.724992,-78.662363,Published point,,Observed footprint,,,,,,,,,,1.73,2.31,2.88,estimate,,,,,,,,,,,,,,,,,,,,,,,,,,D,Open geospatial inventory,osm_only,https://gigawattmap.com/data,,,,,Insufficient evidence to establish or attach a distinct campus
gigawatt:osm-way-234722720,osm-way-234722720,Gigawatt Map retained export,Observed footprint,building,H5 Data Centers Ashburn,,,,,,,VA,,,39.013675,-77.45172,Published point,,Observed footprint,,,,,,,,,,3.14,4.18,5.23,estimate,,,,,,,,,,,,,,,,,,,,,,,,,,D,Open geospatial inventory,osm_only,https://gigawattmap.com/data,,,,,Insufficient evidence to establish or attach a distinct campus
gigawatt:osm-way-239032142,osm-way-239032142,Gigawatt Map retained export,Observed footprint,building,TierPoint Sioux Falls West Data Center,,,,,,,SD,,,43.606971,-96.809195,Published point,,Observed footprint,,,,,,,,,,2.1,2.8,3.5,estimate,,,,,,,,,,,,,,,,,,,,,,,,,,D,Open geospatial inventory,osm_only,https://gigawattmap.com/data,,,,,Insufficient evidence to establish or attach a distinct campus
gigawatt:osm-way-239147724,osm-way-239147724,Gigawatt Map retained export,Observed footprint,building,DataBank McLean IAD2,,,,,,,VA,,,38.919905,-77.213585,Published point,,Observed footprint,,,,,,,,,,0.86,1.15,1.43,estimate,,,,,,,,,,,,,,,,,,,,,,,,,,D,Open geospatial inventory,osm_only,https://gigawattmap.com/data,,,,,Insufficient evidence to establish or attach a distinct campus
gigawatt:osm-way-243242167,osm-way-243242167,Gigawatt Map retained export,Observed footprint,building,Equinix Chicago Data CH7,equinix,,equinix,,,,IL,DuPage County,,41.812557,-87.972843,Published point,,Observed footprint,,,,,,,,,,1.78,2.37,2.96,estimate,,,,,,,,,,,,,,,,,,,,,,,,,,D,Open geospatial inventory,osm_only,https://gigawattmap.com/data,,,,U.S. jurisdiction reconciled from co-located IM3 geometry.,Insufficient evidence to establish or attach a distinct campus
gigawatt:osm-way-244490839,osm-way-244490839,Gigawatt Map retained export,Observed footprint,building,PhoenixNAP,,,,,,,AZ,,,33.416051,-112.009426,Published point,,Observed footprint,,,,,,,,,,2.97,3.96,4.95,estimate,,,,,,,,,,,,,,,,,,,,,,,,,,D,Open geospatial inventory,osm_only,https://gigawattmap.com/data,,,,,Insufficient evidence to establish or attach a distinct campus
gigawatt:osm-way-247427998,osm-way-247427998,Gigawatt Map retained export,Observed footprint,building,Merrill Lynch Data Center,,,,,,,NY,Richmond County,,40.60738,-74.17318,Published point,,Observed footprint,,,,,,,,,,2.38,3.17,3.96,estimate,,,,,,,,,,,,,,,,,,,,,,,,,,D,Open geospatial inventory,osm_only,https://gigawattmap.com/data,,,,U.S. jurisdiction reconciled from co-located IM3 geometry.,Insufficient evidence to establish or attach a distinct campus
gigawatt:osm-way-250052753,osm-way-250052753,Gigawatt Map retained export,Observed footprint,building,32 Avenue of the Americas,,,,,,,NY,New York County,,40.719998,-74.004636,Published point,,Observed footprint,,,,,,,,,,1.59,2.12,2.65,estimate,,,,,,,,,,,,,,,,,,,,,,,,,,D,Open geospatial inventory,osm_only,https://gigawattmap.com/data,,,,U.S. jurisdiction reconciled from co-located IM3 geometry.,Insufficient evidence to establish or attach a distinct campus
gigawatt:osm-way-253682978,osm-way-253682978,Gigawatt Map retained export,Observed footprint,building,TierPoint,,,,,,,MO,,,38.629761,-90.19642,Published point,,Observed footprint,,,,,,,,,,0.9,1.2,1.5,estimate,,,,,,,,,,,,,,,,,,,,,,,,,,D,Open geospatial inventory,osm_only,https://gigawattmap.com/data,,,,,Insufficient evidence to establish or attach a distinct campus
gigawatt:osm-way-254583328,osm-way-254583328,Gigawatt Map retained export,Observed footprint,building,Verizon,,,,,,,NV,Clark County,,36.144733,-115.077928,Published point,,Observed footprint,,,,,,,,,,0.97,1.29,1.62,estimate,,,,,,,,,,,,,,,,,,,,,,,,,,D,Open geospatial inventory,osm_only,https://gigawattmap.com/data,,,,U.S. jurisdiction reconciled from co-located IM3 geometry.,Insufficient evidence to establish or attach a distinct campus
gigawatt:osm-way-254773884,osm-way-254773884,Gigawatt Map retained export,Observed footprint,building,OSM way 254773884,,,,,,,TX,,,33.095994,-96.681565,Published point,,Observed footprint,,,,,,,,,,4.56,6.08,7.6,estimate,,,,,,,,,,,,,,,,,,,,,,,,,,D,Open geospatial inventory,osm_only,https://gigawattmap.com/data,,,,,Insufficient evidence to establish or attach a distinct campus
gigawatt:osm-way-254773897,osm-way-254773897,Gigawatt Map retained export,Observed footprint,building,Evoque Allen DA1,,,,,,,TX,,,33.095064,-96.683764,Published point,,Observed footprint,,,,,,,,,,4.3,5.73,7.16,estimate,,,,,,,,,,,,,,,,,,,,,,,,,,D,Open geospatial inventory,osm_only,https://gigawattmap.com/data,,,,,Insufficient evidence to establish or attach a distinct campus
gigawatt:osm-way-25706343,osm-way-25706343,Gigawatt Map retained export,Observed footprint,building,Cyxtera Dallas-Fort Worth Data Center,,,,,,,TX,Tarrant County,,32.832718,-97.041042,Published point,,Observed footprint,,,,,,,,,,11.59,15.46,19.32,estimate,,,,,,,,,,,,,,,,,,,,,,,,,,D,Open geospatial inventory,osm_only,https://gigawattmap.com/data,,,,U.S. jurisdiction reconciled from co-located IM3 geometry.,Insufficient evidence to establish or attach a distinct campus
gigawatt:osm-way-257581364,osm-way-257581364,Gigawatt Map retained export,Observed footprint,building,Flexential - Richmond,flexential,,flexential,,,,VA,,,37.64689,-77.438695,Published point,,Observed footprint,,,,,,,,,,1.49,1.99,2.49,estimate,,,,,,,,,,,,,,,,,,,,,,,,,,D,Open geospatial inventory,osm_only,https://gigawattmap.com/data,,,,,Insufficient evidence to establish or attach a distinct campus
gigawatt:osm-way-269166415,osm-way-269166415,Gigawatt Map retained export,Observed footprint,building,Cox Data Center,,,,,,,GA,Fulton County,,34.036202,-84.319553,Published point,,Observed footprint,,,,,,,,,,4.79,6.39,7.99,estimate,,,,,,,,,,,,,,,,,,,,,,,,,,D,Open geospatial inventory,osm_only,https://gigawattmap.com/data,,,,U.S. jurisdiction reconciled from co-located IM3 geometry.,Insufficient evidence to establish or attach a distinct campus
gigawatt:osm-way-271893323,osm-way-271893323,Gigawatt Map retained export,Observed footprint,building,Csquare SFO3,,,,,,,CA,,,37.372104,-121.986031,Published point,,Observed footprint,,,,,,,,,,2.67,3.56,4.45,estimate,,,,,,,,,,,,,,,,,,,,,,,,,,D,Open geospatial inventory,osm_only,https://gigawattmap.com/data,,,,,Insufficient evidence to establish or attach a distinct campus
gigawatt:osm-way-273895868,osm-way-273895868,Gigawatt Map retained export,Observed footprint,building,Centersquare IAD3,,,,,,,VA,,,38.980925,-77.444247,Published point,,Observed footprint,,,,,,,,,,4.9,6.54,8.17,estimate,,,,,,,,,,,,,,,,,,,,,,,,,,D,Open geospatial inventory,osm_only,https://gigawattmap.com/data,,,,,Insufficient evidence to establish or attach a distinct campus
gigawatt:osm-way-273896089,osm-way-273896089,Gigawatt Map retained export,Observed footprint,building,Centersquare IAD2-A,,,,,,,VA,,,38.984418,-77.423817,Published point,,Observed footprint,,,,,,,,,,1.81,2.41,3.01,estimate,,,,,,,,,,,,,,,,,,,,,,,,,,D,Open geospatial inventory,osm_only,https://gigawattmap.com/data,,,,,Insufficient evidence to establish or attach a distinct campus
gigawatt:osm-way-273896096,osm-way-273896096,Gigawatt Map retained export,Observed footprint,building,CyrusOne,cyrusone,,cyrusone,,,,VA,Loudoun County,,38.984887,-77.425649,Published point,,Observed footprint,,,,,,,,,,4.79,6.39,7.98,estimate,,,,,,,,,,,,,,,,,,,,,,,,,,D,Open geospatial inventory,osm_only,https://gigawattmap.com/data,,,,U.S. jurisdiction reconciled from co-located IM3 geometry.,Insufficient evidence to establish or attach a distinct campus
gigawatt:osm-way-273896102,osm-way-273896102,Gigawatt Map retained export,Observed footprint,building,Centersquare IAD2-B,,,,,,,VA,,,38.983604,-77.424105,Published point,,Observed footprint,,,,,,,,,,2.69,3.59,4.49,estimate,,,,,,,,,,,,,,,,,,,,,,,,,,D,Open geospatial inventory,osm_only,https://gigawattmap.com/data,,,,,Insufficient evidence to establish or attach a distinct campus
gigawatt:osm-way-278560778,osm-way-278560778,Gigawatt Map retained export,Observed footprint,building,Digital Realty Data Center,digitalrealty,,digitalrealty,,,,GA,Fulton County,,33.657032,-84.415203,Published point,,Observed footprint,,,,,,,,,,4.83,6.44,8.05,estimate,,,,,,,,,,,,,,,,,,,,,,,,,,D,Open geospatial inventory,osm_only,https://gigawattmap.com/data,,,,U.S. jurisdiction reconciled from co-located IM3 geometry.,Insufficient evidence to establish or attach a distinct campus
gigawatt:osm-way-279410762,osm-way-279410762,Gigawatt Map retained export,Observed footprint,building,Cyxtera (Digital Realty Trust) Citibank Data Center,,,,,,,NJ,,,40.760765,-74.025758,Published point,,Observed footprint,,,,,,,,,,2.19,2.92,3.65,estimate,,,,,,,,,,,,,,,,,,,,,,,,,,D,Open geospatial inventory,osm_only,https://gigawattmap.com/data,,,,,Insufficient evidence to establish or attach a distinct campus
gigawatt:osm-way-28544618,osm-way-28544618,Gigawatt Map retained export,Observed footprint,building,Equinix Infomart,equinix,,equinix,,,,TX,,,32.800943,-96.819511,Published point,,Observed footprint,,,,,,,,,,8.99,11.99,14.99,estimate,,,,,,,,,,,,,,,,,,,,,,,,,,D,Open geospatial inventory,osm_only,https://gigawattmap.com/data,,,,,Insufficient evidence to establish or attach a distinct campus
gigawatt:osm-way-288909509,osm-way-288909509,Gigawatt Map retained export,Observed footprint,building,OSM way 288909509,,,,,,,MO,,,39.290121,-94.685051,Published point,,Observed footprint,,,,,,,,,,1.16,1.55,1.93,estimate,,,,,,,,,,,,,,,,,,,,,,,,,,D,Open geospatial inventory,osm_only,https://gigawattmap.com/data,,,,,Insufficient evidence to establish or attach a distinct campus
gigawatt:osm-way-289884123,osm-way-289884123,Gigawatt Map retained export,Observed footprint,building,33 Thomas Street,,,,,,,NY,,,40.716525,-74.005913,Published point,,Observed footprint,,,,,,,,,,1.15,1.54,1.92,estimate,,,,,,,,,,,,,,,,,,,,,,,,,,D,Open geospatial inventory,osm_only,https://gigawattmap.com/data,,,,,Insufficient evidence to establish or attach a distinct campus
gigawatt:osm-way-290101976,osm-way-290101976,Gigawatt Map retained export,Observed footprint,building,VentureData,,,,,,,ID,,,43.825243,-111.782093,Published point,,Observed footprint,,,,,,,,,,0.69,0.91,1.14,estimate,,,,,,,,,,,,,,,,,,,,,,,,,,D,Open geospatial inventory,osm_only,https://gigawattmap.com/data,,,,,Insufficient evidence to establish or attach a distinct campus
gigawatt:osm-way-290307022,osm-way-290307022,Gigawatt Map retained export,Observed footprint,building,Cogent Data Center,,,,,,,AZ,,,33.400255,-112.0479,Published point,,Observed footprint,,,,,,,,,,1.94,2.58,3.23,estimate,,,,,,,,,,,,,,,,,,,,,,,,,,D,Open geospatial inventory,osm_only,https://gigawattmap.com/data,,,,,Insufficient evidence to establish or attach a distinct campus
gigawatt:osm-way-290703004,osm-way-290703004,Gigawatt Map retained export,Observed footprint,building,CoreSpace Dallas,,,,,,,TX,,,32.817559,-96.873065,Published point,,Observed footprint,,,,,,,,,,1.19,1.58,1.98,estimate,,,,,,,,,,,,,,,,,,,,,,,,,,D,Open geospatial inventory,osm_only,https://gigawattmap.com/data,,,,,Insufficient evidence to establish or attach a distinct campus
gigawatt:osm-way-292506449,osm-way-292506449,Gigawatt Map retained export,Observed footprint,building,OSM way 292506449,,,,,,,CO,,,39.590131,-104.846963,Published point,,Observed footprint,,,,,,,,,,4.07,5.42,6.78,estimate,,,,,,,,,,,,,,,,,,,,,,,,,,D,Open geospatial inventory,osm_only,https://gigawattmap.com/data,,,,,Insufficient evidence to establish or attach a distinct campus
gigawatt:osm-way-292506452,osm-way-292506452,Gigawatt Map retained export,Observed footprint,building,zColo by Zayo,,,,,,,CO,,,39.591352,-104.847039,Published point,,Observed footprint,,,,,,,,,,2.33,3.11,3.89,estimate,,,,,,,,,,,,,,,,,,,,,,,,,,D,Open geospatial inventory,osm_only,https://gigawattmap.com/data,,,,,Insufficient evidence to establish or attach a distinct campus
gigawatt:osm-way-293211683,osm-way-293211683,Gigawatt Map retained export,Observed footprint,building,Intergate Seattle East Building 5,,,,,,,WA,,,47.49192,-122.289736,Published point,,Observed footprint,,,,,,,,,,7.5,10.01,12.51,estimate,,,,,,,,,,,,,,,,,,,,,,,,,,D,Open geospatial inventory,osm_only,https://gigawattmap.com/data,,,,,Insufficient evidence to establish or attach a distinct campus
gigawatt:osm-way-293211686,osm-way-293211686,Gigawatt Map retained export,Observed footprint,building,Intergate Seattle East Building 3,,,,,,,WA,,,47.493556,-122.290302,Published point,,Observed footprint,,,,,,,,,,7.63,10.17,12.71,estimate,,,,,,,,,,,,,,,,,,,,,,,,,,D,Open geospatial inventory,osm_only,https://gigawattmap.com/data,,,,,Insufficient evidence to establish or attach a distinct campus
gigawatt:osm-way-296374269,osm-way-296374269,Gigawatt Map retained export,Observed footprint,building,Flexential Allentown data center,flexential,,flexential,,,,PA,,,40.635695,-75.457573,Published point,,Observed footprint,,,,,,,,,,1.84,2.45,3.06,estimate,,,,,,,,,,,,,,,,,,,,,,,,,,D,Open geospatial inventory,osm_only,https://gigawattmap.com/data,,,,,Insufficient evidence to establish or attach a distinct campus
gigawatt:osm-way-298242335,osm-way-298242335,Gigawatt Map retained export,Observed footprint,building,Digital Realty ACC3,digitalrealty,,digitalrealty,,,,VA,Loudoun County,,39.019936,-77.459842,Published point,,Observed footprint,,,,,,,,,,5.68,7.58,9.47,estimate,,,,,,,,,,,,,,,,,,,,,,,,,,D,Open geospatial inventory,osm_only,https://gigawattmap.com/data,,,,U.S. jurisdiction reconciled from co-located IM3 geometry.,Insufficient evidence to establish or attach a distinct campus
gigawatt:osm-way-29827954,osm-way-29827954,Gigawatt Map retained export,Observed footprint,building,CoreSite BO1,,,,,,,MA,,,42.376706,-71.079758,Published point,,Observed footprint,,,,,,,,,,5.02,6.7,8.37,estimate,,,,,,,,,,,,,,,,,,,,,,,,,,D,Open geospatial inventory,osm_only,https://gigawattmap.com/data,,,,,Insufficient evidence to establish or attach a distinct campus
gigawatt:osm-way-299388896,osm-way-299388896,Gigawatt Map retained export,Observed footprint,building,CoreSite SV2,coresite,,coresite,,,,CA,,,37.405683,-121.916241,Published point,,Observed footprint,,,,,,,,,,3.37,4.5,5.62,estimate,,,,,,,,,,,,,,,,,,,,,,,,,,D,Open geospatial inventory,osm_only,https://gigawattmap.com/data,,,,,Insufficient evidence to establish or attach a distinct campus
gigawatt:osm-way-300162689,osm-way-300162689,Gigawatt Map retained export,Observed footprint,building,Level 3 Ashburn,,,,,,,VA,Loudoun County,,39.022173,-77.457595,Published point,,Observed footprint,,,,,,,,,,1.84,2.45,3.06,estimate,,,,,,,,,,,,,,,,,,,,,,,,,,D,Open geospatial inventory,osm_only,https://gigawattmap.com/data,,,,U.S. jurisdiction reconciled from co-located IM3 geometry.,Insufficient evidence to establish or attach a distinct campus
gigawatt:osm-way-300163074,osm-way-300163074,Gigawatt Map retained export,Observed footprint,building,Centersquare IAD4-B,,,,,,,VA,,,39.02214,-77.45361,Published point,,Observed footprint,,,,,,,,,,3.38,4.5,5.63,estimate,,,,,,,,,,,,,,,,,,,,,,,,,,D,Open geospatial inventory,osm_only,https://gigawattmap.com/data,,,,,Insufficient evidence to establish or attach a distinct campus
gigawatt:osm-way-300163083,osm-way-300163083,Gigawatt Map retained export,Observed footprint,building,NTT Ashburn VA1 Data Center,ntt,,ntt,,,,VA,,,39.022764,-77.454869,Published point,,Observed footprint,,,,,,,,,,5.19,6.93,8.66,estimate,,,,,,,,,,,,,,,,,,,,,,,,,,D,Open geospatial inventory,osm_only,https://gigawattmap.com/data,,,,,Insufficient evidence to establish or attach a distinct campus
gigawatt:osm-way-300959969,osm-way-300959969,Gigawatt Map retained export,Observed footprint,building,H5 Phoenix,,,,,,,AZ,,,33.276911,-111.885909,Published point,,Observed footprint,,,,,,,,,,1.91,2.55,3.18,estimate,,,,,,,,,,,,,,,,,,,,,,,,,,D,Open geospatial inventory,osm_only,https://gigawattmap.com/data,,,,,Insufficient evidence to establish or attach a distinct campus
gigawatt:osm-way-300959970,osm-way-300959970,Gigawatt Map retained export,Observed footprint,building,CyrusOne PHX1,cyrusone,,cyrusone,,,,AZ,,,33.270855,-111.881912,Published point,,Observed footprint,,,,,,,,,,5.15,6.87,8.58,estimate,,,,,,,,,,,,,,,,,,,,,,,,,,D,Open geospatial inventory,osm_only,https://gigawattmap.com/data,,,,,Insufficient evidence to establish or attach a distinct campus
gigawatt:osm-way-300969615,osm-way-300969615,Gigawatt Map retained export,Observed footprint,building,Amazon Web Services Building C,amazon,,amazon,,,,VA,Loudoun County,,39.002752,-77.485449,Published point,,Observed footprint,,,,,,,,,,4.38,5.83,7.29,estimate,,,,,,,,,,,,,,,,,,,,,,,,,,D,Open geospatial inventory,osm_only,https://gigawattmap.com/data,,,,U.S. jurisdiction reconciled from co-located IM3 geometry.,Insufficient evidence to establish or attach a distinct campus
gigawatt:osm-way-300969617,osm-way-300969617,Gigawatt Map retained export,Observed footprint,building,Digital Realty Building A,digitalrealty,,digitalrealty,,,,VA,Loudoun County,,39.002755,-77.481954,Published point,,Observed footprint,,,,,,,,,,4.99,6.66,8.32,estimate,,,,,,,,,,,,,,,,,,,,,,,,,,D,Open geospatial inventory,osm_only,https://gigawattmap.com/data,,,,U.S. jurisdiction reconciled from co-located IM3 geometry.,Insufficient evidence to establish or attach a distinct campus
gigawatt:osm-way-300970759,osm-way-300970759,Gigawatt Map retained export,Observed footprint,building,Databank Ashburn IAD1,,,,,,,VA,Loudoun County,,39.015549,-77.482138,Published point,,Observed footprint,,,,,,,,,,5.43,7.24,9.05,estimate,,,,,,,,,,,,,,,,,,,,,,,,,,D,Open geospatial inventory,osm_only,https://gigawattmap.com/data,,,,U.S. jurisdiction reconciled from co-located IM3 geometry.,Insufficient evidence to establish or attach a distinct campus
gigawatt:osm-way-300970761,osm-way-300970761,Gigawatt Map retained export,Observed footprint,building,Golds Gym Ashburn,,,,,,,VA,,,39.015601,-77.483271,Published point,,Observed footprint,,,,,,,,,,2.05,2.74,3.42,estimate,,,,,,,,,,,,,,,,,,,,,,,,,,D,Open geospatial inventory,osm_only,https://gigawattmap.com/data,,,,,Insufficient evidence to establish or attach a distinct campus
gigawatt:osm-way-30666790,osm-way-30666790,Gigawatt Map retained export,Observed footprint,building,USPO Terminal Annex,,,,,,,CA,,,34.058102,-118.235393,Published point,,Observed footprint,,,,,,,,,,3.72,4.96,6.2,estimate,,,,,,,,,,,,,,,,,,,,,,,,,,D,Open geospatial inventory,osm_only,https://gigawattmap.com/data,,,,,Insufficient evidence to establish or attach a distinct campus
gigawatt:osm-way-30827429,osm-way-30827429,Gigawatt Map retained export,Observed footprint,building,DataBank,,,,,,,TX,,,32.778301,-96.798437,Published point,,Observed footprint,,,,,,,,,,1.63,2.18,2.72,estimate,,,,,,,,,,,,,,,,,,,,,,,,,,D,Open geospatial inventory,osm_only,https://gigawattmap.com/data,,,,,Insufficient evidence to establish or attach a distinct campus
gigawatt:osm-way-31250931,osm-way-31250931,Gigawatt Map retained export,Observed footprint,building,CyrusOne Cincinnati-Mason CIN3,cyrusone,,cyrusone,,,,OH,Warren County,,39.303896,-84.31158,Published point,,Observed footprint,,,,,,,,,,3.11,4.14,5.18,estimate,,,,,,,,,,,,,,,,,,,,,,,,,,D,Open geospatial inventory,osm_only,https://gigawattmap.com/data,,,,U.S. jurisdiction reconciled from co-located IM3 geometry.,Insufficient evidence to establish or attach a distinct campus
gigawatt:osm-way-317466755,osm-way-317466755,Gigawatt Map retained export,Observed footprint,building,VISA,,,,,,,IL,,,42.216757,-87.952847,Published point,,Observed footprint,,,,,,,,,,2.06,2.75,3.44,estimate,,,,,,,,,,,,,,,,,,,,,,,,,,D,Open geospatial inventory,osm_only,https://gigawattmap.com/data,,,,,Insufficient evidence to establish or attach a distinct campus
gigawatt:osm-way-31800424,osm-way-31800424,Gigawatt Map retained export,Observed footprint,building,LightEdge SAN1,,,,,,,CA,,,32.827866,-117.129934,Published point,,Observed footprint,,,,,,,,,,3.13,4.18,5.22,estimate,,,,,,,,,,,,,,,,,,,,,,,,,,D,Open geospatial inventory,osm_only,https://gigawattmap.com/data,,,,,Insufficient evidence to establish or attach a distinct campus
gigawatt:osm-way-31803515,osm-way-31803515,Gigawatt Map retained export,Observed footprint,building,EdgeConneX San Diego,edgeconnex,,edgeconnex,,,,CA,,,32.842309,-117.169345,Published point,,Observed footprint,,,,,,,,,,1.47,1.96,2.45,estimate,,,,,,,,,,,,,,,,,,,,,,,,,,D,Open geospatial inventory,osm_only,https://gigawattmap.com/data,,,,,Insufficient evidence to establish or attach a distinct campus
gigawatt:osm-way-318069356,osm-way-318069356,Gigawatt Map retained export,Observed footprint,building,John F. Simms Building,,,,,,,NM,,,35.672444,-105.956575,Published point,,Observed footprint,,,,,,,,,,1.19,1.59,1.98,estimate,,,,,,,,,,,,,,,,,,,,,,,,,,D,Open geospatial inventory,osm_only,https://gigawattmap.com/data,,,,,Insufficient evidence to establish or attach a distinct campus
gigawatt:osm-way-319857331,osm-way-319857331,Gigawatt Map retained export,Observed footprint,building,Lumen San Antonio 2,,,,,,,TX,Bexar County,,29.438279,-98.506522,Published point,,Observed footprint,,,,,,,,,,0.48,0.64,0.8,estimate,,,,,,,,,,,,,,,,,,,,,,,,,,D,Open geospatial inventory,osm_only,https://gigawattmap.com/data,,,,U.S. jurisdiction reconciled from co-located IM3 geometry.,Insufficient evidence to establish or attach a distinct campus
gigawatt:osm-way-325096144,osm-way-325096144,Gigawatt Map retained export,Observed footprint,building,Adobe Data Center,,,,,,,OR,Washington County,,45.550182,-122.931812,Published point,,Observed footprint,,,,,,,,,,3.35,4.46,5.58,estimate,,,,,,,,,,,,,,,,,,,,,,,,,,D,Open geospatial inventory,osm_only,https://gigawattmap.com/data,,,,U.S. jurisdiction reconciled from co-located IM3 geometry.,Insufficient evidence to establish or attach a distinct campus
gigawatt:osm-way-32560290,osm-way-32560290,Gigawatt Map retained export,Observed footprint,building,RagingWire CA2,ntt,,ntt,,,,CA,,,38.6504,-121.491946,Published point,,Observed footprint,,,,,,,,,,7.68,10.24,12.79,estimate,,,,,,,,,,,,,,,,,,,,,,,,,,D,Open geospatial inventory,osm_only,https://gigawattmap.com/data,,,,,Insufficient evidence to establish or attach a distinct campus
gigawatt:osm-way-32560292,osm-way-32560292,Gigawatt Map retained export,Observed footprint,building,RagingWire CA1,ntt,,ntt,,,,CA,,,38.650432,-121.489186,Published point,,Observed footprint,,,,,,,,,,7.21,9.62,12.02,estimate,,,,,,,,,,,,,,,,,,,,,,,,,,D,Open geospatial inventory,osm_only,https://gigawattmap.com/data,,,,,Insufficient evidence to establish or attach a distinct campus
gigawatt:osm-way-328702378,osm-way-328702378,Gigawatt Map retained export,Observed footprint,building,Stack Infrastructure Portland 2 Data Center,,,,,,,OR,Washington County,,45.547312,-122.897449,Published point,,Observed footprint,,,,,,,,,,8.07,10.76,13.45,estimate,,,,,,,,,,,,,,,,,,,,,,,,,,D,Open geospatial inventory,osm_only,https://gigawattmap.com/data,,,,U.S. jurisdiction reconciled from co-located IM3 geometry.,Insufficient evidence to establish or attach a distinct campus
gigawatt:osm-way-329551673,osm-way-329551673,Gigawatt Map retained export,Observed footprint,building,Flexential Louisville - East,flexential,,flexential,,,,KY,,,38.277198,-85.507241,Published point,,Observed footprint,,,,,,,,,,1.3,1.74,2.17,estimate,,,,,,,,,,,,,,,,,,,,,,,,,,D,Open geospatial inventory,osm_only,https://gigawattmap.com/data,,,,,Insufficient evidence to establish or attach a distinct campus
gigawatt:osm-way-330276516,osm-way-330276516,Gigawatt Map retained export,Observed footprint,building,Flexential Louisville - Downtown,flexential,,flexential,,,,KY,,,38.242496,-85.733351,Published point,,Observed footprint,,,,,,,,,,1.37,1.83,2.28,estimate,,,,,,,,,,,,,,,,,,,,,,,,,,D,Open geospatial inventory,osm_only,https://gigawattmap.com/data,,,,,Insufficient evidence to establish or attach a distinct campus
gigawatt:osm-way-334264478,osm-way-334264478,Gigawatt Map retained export,Observed footprint,building,Terminal Commerce Building,,,,,,,PA,,,39.95981,-75.160832,Published point,,Observed footprint,,,,,,,,,,4.49,5.98,7.48,estimate,,,,,,,,,,,,,,,,,,,,,,,,,,D,Open geospatial inventory,osm_only,https://gigawattmap.com/data,,,,,Insufficient evidence to establish or attach a distinct campus
gigawatt:osm-way-335468616,osm-way-335468616,Gigawatt Map retained export,Observed footprint,building,TierPoint,,,,,,,WA,Spokane County,,47.671917,-117.095935,Published point,,Observed footprint,,,,,,,,,,0.54,0.72,0.9,estimate,,,,,,,,,,,,,,,,,,,,,,,,,,D,Open geospatial inventory,osm_only,https://gigawattmap.com/data,,,,U.S. jurisdiction reconciled from co-located IM3 geometry.,Insufficient evidence to establish or attach a distinct campus
gigawatt:osm-way-336387583,osm-way-336387583,Gigawatt Map retained export,Observed footprint,building,Baltimore Technology Park,,,,,,,MD,,,39.275384,-76.625527,Published point,,Observed footprint,,,,,,,,,,1.13,1.51,1.88,estimate,,,,,,,,,,,,,,,,,,,,,,,,,,D,Open geospatial inventory,osm_only,https://gigawattmap.com/data,,,,,Insufficient evidence to establish or attach a distinct campus
gigawatt:osm-way-337126739,osm-way-337126739,Gigawatt Map retained export,Observed footprint,building,Intergate Seattle West Building C,,,,,,,WA,,,47.494131,-122.294407,Published point,,Observed footprint,,,,,,,,,,0.74,0.99,1.24,estimate,,,,,,,,,,,,,,,,,,,,,,,,,,D,Open geospatial inventory,osm_only,https://gigawattmap.com/data,,,,,Insufficient evidence to establish or attach a distinct campus
gigawatt:osm-way-337126741,osm-way-337126741,Gigawatt Map retained export,Observed footprint,building,Intergate Seattle West Building B,,,,,,,WA,,,47.493076,-122.293684,Published point,,Observed footprint,,,,,,,,,,0.72,0.96,1.2,estimate,,,,,,,,,,,,,,,,,,,,,,,,,,D,Open geospatial inventory,osm_only,https://gigawattmap.com/data,,,,,Insufficient evidence to establish or attach a distinct campus
gigawatt:osm-way-337126742,osm-way-337126742,Gigawatt Map retained export,Observed footprint,building,Intergate Seattle West Building A,,,,,,,WA,,,47.492148,-122.29332,Published point,,Observed footprint,,,,,,,,,,1.45,1.93,2.41,estimate,,,,,,,,,,,,,,,,,,,,,,,,,,D,Open geospatial inventory,osm_only,https://gigawattmap.com/data,,,,,Insufficient evidence to establish or attach a distinct campus
gigawatt:osm-way-337127817,osm-way-337127817,Gigawatt Map retained export,Observed footprint,building,Vantage WA11,,,,,,,WA,Grant County,,47.250165,-119.81449,Published point,,Observed footprint,,,,,,,,,,5.53,7.37,9.21,estimate,,,,,,,,,,,,,,,,,,,,,,,,,,D,Open geospatial inventory,osm_only,https://gigawattmap.com/data,,,,U.S. jurisdiction reconciled from co-located IM3 geometry.,Insufficient evidence to establish or attach a distinct campus
gigawatt:osm-way-337127824,osm-way-337127824,Gigawatt Map retained export,Observed footprint,building,NTT Data Quincy,ntt,,ntt,,,,WA,Grant County,,47.243588,-119.865712,Published point,,Observed footprint,,,,,,,,,,3.74,4.99,6.24,estimate,,,,,,,,,,,,,,,,,,,,,,,,,,D,Open geospatial inventory,osm_only,https://gigawattmap.com/data,,,,U.S. jurisdiction reconciled from co-located IM3 geometry.,Insufficient evidence to establish or attach a distinct campus
gigawatt:osm-way-342664739,osm-way-342664739,Gigawatt Map retained export,Observed footprint,building,Geneseo Communications Inc,,,,,,,IA,Scott County,,41.550269,-90.482409,Published point,,Observed footprint,,,,,,,,,,2.02,2.7,3.37,estimate,,,,,,,,,,,,,,,,,,,,,,,,,,D,Open geospatial inventory,osm_only,https://gigawattmap.com/data,,,,U.S. jurisdiction reconciled from co-located IM3 geometry.,Insufficient evidence to establish or attach a distinct campus
gigawatt:osm-way-349925359,osm-way-349925359,Gigawatt Map retained export,Observed footprint,building,Verizon Wireless,,,,,,,IN,,,39.717184,-85.94133,Published point,,Observed footprint,,,,,,,,,,0.79,1.05,1.31,estimate,,,,,,,,,,,,,,,,,,,,,,,,,,D,Open geospatial inventory,osm_only,https://gigawattmap.com/data,,,,,Insufficient evidence to establish or attach a distinct campus
gigawatt:osm-way-355926681,osm-way-355926681,Gigawatt Map retained export,Observed footprint,building,Flexential Salt Lake City - South Valley,flexential,,flexential,,,,UT,,,40.620352,-111.986047,Published point,,Observed footprint,,,,,,,,,,1.15,1.53,1.91,estimate,,,,,,,,,,,,,,,,,,,,,,,,,,D,Open geospatial inventory,osm_only,https://gigawattmap.com/data,,,,,Insufficient evidence to establish or attach a distinct campus
gigawatt:osm-way-358455179,osm-way-358455179,Gigawatt Map retained export,Observed footprint,building,Digital Realty Silicon Valley SC1,digitalrealty,,digitalrealty,,,,CA,,,37.361687,-121.943911,Published point,,Observed footprint,,,,,,,,,,11.17,14.9,18.62,estimate,,,,,,,,,,,,,,,,,,,,,,,,,,D,Open geospatial inventory,osm_only,https://gigawattmap.com/data,,,,,Insufficient evidence to establish or attach a distinct campus
gigawatt:osm-way-358946546,osm-way-358946546,Gigawatt Map retained export,Observed footprint,building,QES Computers,,,,,,,CA,Alameda County,,37.699475,-121.903799,Published point,,Observed footprint,,,,,,,,,,0.04,0.05,0.06,estimate,,,,,,,,,,,,,,,,,,,,,,,,,,D,Open geospatial inventory,osm_only,https://gigawattmap.com/data,,,,U.S. jurisdiction reconciled from co-located IM3 geometry.,Insufficient evidence to establish or attach a distinct campus
gigawatt:osm-way-359930465,osm-way-359930465,Gigawatt Map retained export,Observed footprint,building,Equinix SE3 Data Center,equinix,,equinix,,,,WA,,,47.614423,-122.339743,Published point,,Observed footprint,,,,,,,,,,0.47,0.63,0.79,estimate,,,,,,,,,,,,,,,,,,,,,,,,,,D,Open geospatial inventory,osm_only,https://gigawattmap.com/data,,,,,Insufficient evidence to establish or attach a distinct campus
gigawatt:osm-way-363017375,osm-way-363017375,Gigawatt Map retained export,Observed footprint,building,AiNET,,,,,,,MD,Prince George's County,,39.052823,-76.925908,Published point,,Observed footprint,,,,,,,,,,1.61,2.15,2.69,estimate,,,,,,,,,,,,,,,,,,,,,,,,,,D,Open geospatial inventory,osm_only,https://gigawattmap.com/data,,,,U.S. jurisdiction reconciled from co-located IM3 geometry.,Insufficient evidence to establish or attach a distinct campus
gigawatt:osm-way-366049843,osm-way-366049843,Gigawatt Map retained export,Observed footprint,building,Lumen Norristown,,,,,,,PA,Montgomery County,,40.127058,-75.408638,Published point,,Observed footprint,,,,,,,,,,1.28,1.71,2.14,estimate,,,,,,,,,,,,,,,,,,,,,,,,,,D,Open geospatial inventory,osm_only,https://gigawattmap.com/data,,,,U.S. jurisdiction reconciled from co-located IM3 geometry.,Insufficient evidence to establish or attach a distinct campus
gigawatt:osm-way-368724479,osm-way-368724479,Gigawatt Map retained export,Observed footprint,building,Element Critical VA1,,,,,,,VA,Fairfax County,,38.908367,-77.219744,Published point,,Observed footprint,,,,,,,,,,0.77,1.02,1.28,estimate,,,,,,,,,,,,,,,,,,,,,,,,,,D,Open geospatial inventory,osm_only,https://gigawattmap.com/data,,,,U.S. jurisdiction reconciled from co-located IM3 geometry.,Insufficient evidence to establish or attach a distinct campus
gigawatt:osm-way-369452572,osm-way-369452572,Gigawatt Map retained export,Observed footprint,building,Pittock Block,,,,,,,OR,,,45.521544,-122.680704,Published point,,Observed footprint,,,,,,,,,,1.56,2.08,2.6,estimate,,,,,,,,,,,,,,,,,,,,,,,,,,D,Open geospatial inventory,osm_only,https://gigawattmap.com/data,,,,,Insufficient evidence to establish or attach a distinct campus
gigawatt:osm-way-373913881,osm-way-373913881,Gigawatt Map retained export,Observed footprint,building,Cisco Allen,,,,,,,TX,Collin County,,33.13598,-96.660952,Published point,,Observed footprint,,,,,,,,,,6.08,8.1,10.13,estimate,,,,,,,,,,,,,,,,,,,,,,,,,,D,Open geospatial inventory,osm_only,https://gigawattmap.com/data,,,,U.S. jurisdiction reconciled from co-located IM3 geometry.,Insufficient evidence to establish or attach a distinct campus
gigawatt:osm-way-377032058,osm-way-377032058,Gigawatt Map retained export,Observed footprint,building,EdgeConneX CHI02,edgeconnex,,edgeconnex,,,,IL,,,42.001494,-87.952563,Published point,,Observed footprint,,,,,,,,,,2.41,3.22,4.02,estimate,,,,,,,,,,,,,,,,,,,,,,,,,,D,Open geospatial inventory,osm_only,https://gigawattmap.com/data,,,,,Insufficient evidence to establish or attach a distinct campus
gigawatt:osm-way-377032061,osm-way-377032061,Gigawatt Map retained export,Observed footprint,building,Equinix Chicago CH3,equinix,,equinix,,,,IL,,,42.001159,-87.955213,Published point,,Observed footprint,,,,,,,,,,5.09,6.79,8.49,estimate,,,,,,,,,,,,,,,,,,,,,,,,,,D,Open geospatial inventory,osm_only,https://gigawattmap.com/data,,,,,Insufficient evidence to establish or attach a distinct campus
gigawatt:osm-way-377212693,osm-way-377212693,Gigawatt Map retained export,Observed footprint,building,Element Critical CH2,,,,,,,IL,,,41.974227,-87.967176,Published point,,Observed footprint,,,,,,,,,,1.66,2.22,2.77,estimate,,,,,,,,,,,,,,,,,,,,,,,,,,D,Open geospatial inventory,osm_only,https://gigawattmap.com/data,,,,,Insufficient evidence to establish or attach a distinct campus
gigawatt:osm-way-377345296,osm-way-377345296,Gigawatt Map retained export,Observed footprint,building,Centersquare Elk Grove Village Data Center Campus ORD2,,,,,,,IL,,,41.99204,-87.958172,Published point,,Observed footprint,,,,,,,,,,7.44,9.92,12.4,estimate,,,,,,,,,,,,,,,,,,,,,,,,,,D,Open geospatial inventory,osm_only,https://gigawattmap.com/data,,,,,Insufficient evidence to establish or attach a distinct campus
gigawatt:osm-way-377545385,osm-way-377545385,Gigawatt Map retained export,Observed footprint,building,Flexential Denver - Englewood,flexential,,flexential,,,,CO,,,39.558971,-104.837553,Published point,,Observed footprint,,,,,,,,,,7.45,9.94,12.42,estimate,,,,,,,,,,,,,,,,,,,,,,,,,,D,Open geospatial inventory,osm_only,https://gigawattmap.com/data,,,,,Insufficient evidence to establish or attach a distinct campus
gigawatt:osm-way-377585075,osm-way-377585075,Gigawatt Map retained export,Observed footprint,building,EdgeConneX Detroit DET01,edgeconnex,,edgeconnex,,,,MI,Oakland County,,42.447697,-83.262667,Published point,,Observed footprint,,,,,,,,,,1.52,2.03,2.54,estimate,,,,,,,,,,,,,,,,,,,,,,,,,,D,Open geospatial inventory,osm_only,https://gigawattmap.com/data,,,,U.S. jurisdiction reconciled from co-located IM3 geometry.,Insufficient evidence to establish or attach a distinct campus
gigawatt:osm-way-37877544,osm-way-37877544,Gigawatt Map retained export,Observed footprint,building,Lumen Sunnyvale 1,,,,,,,CA,,,37.373439,-121.987813,Published point,,Observed footprint,,,,,,,,,,2.89,3.86,4.82,estimate,,,,,,,,,,,,,,,,,,,,,,,,,,D,Open geospatial inventory,osm_only,https://gigawattmap.com/data,,,,,Insufficient evidence to establish or attach a distinct campus
gigawatt:osm-way-379195054,osm-way-379195054,Gigawatt Map retained export,Observed footprint,building,Lumen Austin 3,,,,,,,TX,Travis County,,30.261396,-97.723597,Published point,,Observed footprint,,,,,,,,,,0.19,0.25,0.32,estimate,,,,,,,,,,,,,,,,,,,,,,,,,,D,Open geospatial inventory,osm_only,https://gigawattmap.com/data,,,,U.S. jurisdiction reconciled from co-located IM3 geometry.,Insufficient evidence to establish or attach a distinct campus
gigawatt:osm-way-379199519,osm-way-379199519,Gigawatt Map retained export,Observed footprint,building,Alpheus DataCenter,,,,,,,TX,,,30.261043,-97.722102,Published point,,Observed footprint,,,,,,,,,,1.35,1.8,2.26,estimate,,,,,,,,,,,,,,,,,,,,,,,,,,D,Open geospatial inventory,osm_only,https://gigawattmap.com/data,,,,,Insufficient evidence to establish or attach a distinct campus
gigawatt:osm-way-379204279,osm-way-379204279,Gigawatt Map retained export,Observed footprint,building,Digital Realty Austin AUS11,,,,,,,TX,,,30.212176,-97.695781,Published point,,Observed footprint,,,,,,,,,,3.0,4.0,5.0,estimate,,,,,,,,,,,,,,,,,,,,,,,,,,D,Open geospatial inventory,osm_only,https://gigawattmap.com/data,,,,,Insufficient evidence to establish or attach a distinct campus
gigawatt:osm-way-379204643,osm-way-379204643,Gigawatt Map retained export,Observed footprint,building,LightEdge Austin II,,,,,,,TX,,,30.200676,-97.707044,Published point,,Observed footprint,,,,,,,,,,3.24,4.32,5.4,estimate,,,,,,,,,,,,,,,,,,,,,,,,,,D,Open geospatial inventory,osm_only,https://gigawattmap.com/data,,,,,Insufficient evidence to establish or attach a distinct campus
gigawatt:osm-way-379204766,osm-way-379204766,Gigawatt Map retained export,Observed footprint,building,CyrusOne Austin Data Center II,,,,,,,TX,Travis County,,30.20593,-97.697965,Published point,,Observed footprint,,,,,,,,,,2.9,3.87,4.83,estimate,,,,,,,,,,,,,,,,,,,,,,,,,,D,Open geospatial inventory,osm_only,https://gigawattmap.com/data,,,,U.S. jurisdiction reconciled from co-located IM3 geometry.,Insufficient evidence to establish or attach a distinct campus
gigawatt:osm-way-379205427,osm-way-379205427,Gigawatt Map retained export,Observed footprint,building,Data Foundry Austin 1 Data Center,,,,,,,TX,Travis County,,30.215504,-97.696074,Published point,,Observed footprint,,,,,,,,,,1.89,2.52,3.15,estimate,,,,,,,,,,,,,,,,,,,,,,,,,,D,Open geospatial inventory,osm_only,https://gigawattmap.com/data,,,,U.S. jurisdiction reconciled from co-located IM3 geometry.,Insufficient evidence to establish or attach a distinct campus
gigawatt:osm-way-37947313,osm-way-37947313,Gigawatt Map retained export,Observed footprint,building,OpenColo,,,,,,,CA,,,37.378816,-121.955937,Published point,,Observed footprint,,,,,,,,,,2.46,3.27,4.09,estimate,,,,,,,,,,,,,,,,,,,,,,,,,,D,Open geospatial inventory,osm_only,https://gigawattmap.com/data,,,,,Insufficient evidence to establish or attach a distinct campus
gigawatt:osm-way-37947314,osm-way-37947314,Gigawatt Map retained export,Observed footprint,building,Equinix Santa Clara SV2,equinix,,equinix,,,,CA,,,37.378434,-121.954992,Published point,,Observed footprint,,,,,,,,,,3.04,4.06,5.07,estimate,,,,,,,,,,,,,,,,,,,,,,,,,,D,Open geospatial inventory,osm_only,https://gigawattmap.com/data,,,,,Insufficient evidence to establish or attach a distinct campus
gigawatt:osm-way-37947315,osm-way-37947315,Gigawatt Map retained export,Observed footprint,building,Layer42 Santa Clara,,,,,,,CA,Santa Clara County,,37.37804,-121.954151,Published point,,Observed footprint,,,,,,,,,,0.94,1.25,1.56,estimate,,,,,,,,,,,,,,,,,,,,,,,,,,D,Open geospatial inventory,osm_only,https://gigawattmap.com/data,,,,U.S. jurisdiction reconciled from co-located IM3 geometry.,Insufficient evidence to establish or attach a distinct campus
gigawatt:osm-way-380282154,osm-way-380282154,Gigawatt Map retained export,Observed footprint,building,VISA Data Center,,,,,,,VA,,,39.048728,-77.445416,Published point,,Observed footprint,,,,,,,,,,13.12,17.5,21.87,estimate,,,,,,,,,,,,,,,,,,,,,,,,,,D,Open geospatial inventory,osm_only,https://gigawattmap.com/data,,,,,Insufficient evidence to establish or attach a distinct campus
gigawatt:osm-way-382785871,osm-way-382785871,Gigawatt Map retained export,Observed footprint,building,LightEdge Austin I,,,,,,,TX,Travis County,,30.214297,-97.712668,Published point,,Observed footprint,,,,,,,,,,1.16,1.54,1.93,estimate,,,,,,,,,,,,,,,,,,,,,,,,,,D,Open geospatial inventory,osm_only,https://gigawattmap.com/data,,,,U.S. jurisdiction reconciled from co-located IM3 geometry.,Insufficient evidence to establish or attach a distinct campus
gigawatt:osm-way-383545769,osm-way-383545769,Gigawatt Map retained export,Observed footprint,building,Skybox Chicago I,,,,,,,IL,,,41.993668,-87.973519,Published point,,Observed footprint,,,,,,,,,,6.55,8.73,10.91,estimate,,,,,,,,,,,,,,,,,,,,,,,,,,D,Open geospatial inventory,osm_only,https://gigawattmap.com/data,,,,,Insufficient evidence to establish or attach a distinct campus
gigawatt:osm-way-383728972,osm-way-383728972,Gigawatt Map retained export,Observed footprint,building,Hurricane Electric Fremont 1,,,,,,,CA,,,37.489865,-121.931017,Published point,,Observed footprint,,,,,,,,,,1.26,1.68,2.1,estimate,,,,,,,,,,,,,,,,,,,,,,,,,,D,Open geospatial inventory,osm_only,https://gigawattmap.com/data,,,,,Insufficient evidence to establish or attach a distinct campus
gigawatt:osm-way-383796776,osm-way-383796776,Gigawatt Map retained export,Observed footprint,building,Aligned Data Centers,aligned,,aligned,,,,OH,Erie County,,41.43243,-82.719028,Published point,,Observed footprint,,,,,,,,,,23.76,31.67,39.59,estimate,,,,,,,,,,,,,,,,,,,,,,,,,,D,Open geospatial inventory,osm_only,https://gigawattmap.com/data,,,,U.S. jurisdiction reconciled from co-located IM3 geometry.,Insufficient evidence to establish or attach a distinct campus
gigawatt:osm-way-383888101,osm-way-383888101,Gigawatt Map retained export,Observed footprint,building,Lumen Austin 1,,,,,,,TX,Travis County,,30.196499,-97.7124,Published point,,Observed footprint,,,,,,,,,,2.8,3.74,4.67,estimate,,,,,,,,,,,,,,,,,,,,,,,,,,D,Open geospatial inventory,osm_only,https://gigawattmap.com/data,,,,U.S. jurisdiction reconciled from co-located IM3 geometry.,Insufficient evidence to establish or attach a distinct campus
gigawatt:osm-way-383888914,osm-way-383888914,Gigawatt Map retained export,Observed footprint,building,Data Foundry - Texas 1,,,,,,,TX,,,30.198926,-97.713788,Published point,,Observed footprint,,,,,,,,,,5.14,6.85,8.57,estimate,,,,,,,,,,,,,,,,,,,,,,,,,,D,Open geospatial inventory,osm_only,https://gigawattmap.com/data,,,,,Insufficient evidence to establish or attach a distinct campus
gigawatt:osm-way-384310259,osm-way-384310259,Gigawatt Map retained export,Observed footprint,building,XO Fremont,,,,,,,CA,Alameda County,,37.475337,-121.922113,Published point,,Observed footprint,,,,,,,,,,2.47,3.29,4.11,estimate,,,,,,,,,,,,,,,,,,,,,,,,,,D,Open geospatial inventory,osm_only,https://gigawattmap.com/data,,,,U.S. jurisdiction reconciled from co-located IM3 geometry.,Insufficient evidence to establish or attach a distinct campus
gigawatt:osm-way-384310269,osm-way-384310269,Gigawatt Map retained export,Observed footprint,building,Hurricane Electric Fremont 2,,,,,,,CA,,,37.471827,-121.920311,Published point,,Observed footprint,,,,,,,,,,6.8,9.06,11.33,estimate,,,,,,,,,,,,,,,,,,,,,,,,,,D,Open geospatial inventory,osm_only,https://gigawattmap.com/data,,,,,Insufficient evidence to establish or attach a distinct campus
gigawatt:osm-way-384396017,osm-way-384396017,Gigawatt Map retained export,Observed footprint,building,Element Critical,,,,,,,TX,Travis County,,30.3428,-97.696176,Published point,,Observed footprint,,,,,,,,,,2.32,3.1,3.87,estimate,,,,,,,,,,,,,,,,,,,,,,,,,,D,Open geospatial inventory,osm_only,https://gigawattmap.com/data,,,,U.S. jurisdiction reconciled from co-located IM3 geometry.,Insufficient evidence to establish or attach a distinct campus
gigawatt:osm-way-384690290,osm-way-384690290,Gigawatt Map retained export,Observed footprint,building,Element Critical CH1,,,,,,,IL,,,41.975762,-87.964685,Published point,,Observed footprint,,,,,,,,,,3.45,4.6,5.75,estimate,,,,,,,,,,,,,,,,,,,,,,,,,,D,Open geospatial inventory,osm_only,https://gigawattmap.com/data,,,,,Insufficient evidence to establish or attach a distinct campus
gigawatt:osm-way-387208881,osm-way-387208881,Gigawatt Map retained export,Observed footprint,building,165 Halsey / Equinix NY1 / Databank EWR1,,,,,,,NJ,,,40.736726,-74.173925,Published point,,Observed footprint,,,,,,,,,,3.35,4.47,5.59,estimate,,,,,,,,,,,,,,,,,,,,,,,,,,D,Open geospatial inventory,osm_only,https://gigawattmap.com/data,,,,,Insufficient evidence to establish or attach a distinct campus
gigawatt:osm-way-388148510,osm-way-388148510,Gigawatt Map retained export,Observed footprint,building,TierPoint Little Rock,,,,,,,AR,Pulaski County,,34.756236,-92.444724,Published point,,Observed footprint,,,,,,,,,,1.19,1.59,1.99,estimate,,,,,,,,,,,,,,,,,,,,,,,,,,D,Open geospatial inventory,osm_only,https://gigawattmap.com/data,,,,U.S. jurisdiction reconciled from co-located IM3 geometry.,Insufficient evidence to establish or attach a distinct campus
gigawatt:osm-way-390287635,osm-way-390287635,Gigawatt Map retained export,Observed footprint,building,Equinix SV6,equinix,,equinix,,,,CA,,,37.399602,-122.014563,Published point,,Observed footprint,,,,,,,,,,0.81,1.08,1.35,estimate,,,,,,,,,,,,,,,,,,,,,,,,,,D,Open geospatial inventory,osm_only,https://gigawattmap.com/data,,,,,Insufficient evidence to establish or attach a distinct campus
gigawatt:osm-way-39083541,osm-way-39083541,Gigawatt Map retained export,Observed footprint,building,Strategic Datasphere,,,,,,,GA,,,34.094797,-84.235697,Published point,,Observed footprint,,,,,,,,,,4.78,6.37,7.97,estimate,,,,,,,,,,,,,,,,,,,,,,,,,,D,Open geospatial inventory,osm_only,https://gigawattmap.com/data,,,,,Insufficient evidence to establish or attach a distinct campus
gigawatt:osm-way-39083830,osm-way-39083830,Gigawatt Map retained export,Observed footprint,building,Secure Data Center,,,,,,,GA,Fulton County,,34.093708,-84.250876,Published point,,Observed footprint,,,,,,,,,,6.9,9.2,11.5,estimate,,,,,,,,,,,,,,,,,,,,,,,,,,D,Open geospatial inventory,osm_only,https://gigawattmap.com/data,,,,U.S. jurisdiction reconciled from co-located IM3 geometry.,Insufficient evidence to establish or attach a distinct campus
gigawatt:osm-way-396296733,osm-way-396296733,Gigawatt Map retained export,Observed footprint,building,Centersquare Lynnwood SE1,,,,,,,WA,,,47.841811,-122.30169,Published point,,Observed footprint,,,,,,,,,,3.92,5.22,6.53,estimate,,,,,,,,,,,,,,,,,,,,,,,,,,D,Open geospatial inventory,osm_only,https://gigawattmap.com/data,,,,,Insufficient evidence to establish or attach a distinct campus
gigawatt:osm-way-397914434,osm-way-397914434,Gigawatt Map retained export,Observed footprint,building,Apple,apple,,apple,,,,OR,Crook County,,44.289416,-120.875077,Published point,,Observed footprint,,,,,,,,,,0.35,0.46,0.58,estimate,,,,,,,,,,,,,,,,,,,,,,,,,,D,Open geospatial inventory,osm_only,https://gigawattmap.com/data,,,,U.S. jurisdiction reconciled from co-located IM3 geometry.,Insufficient evidence to establish or attach a distinct campus
gigawatt:osm-way-400540223,osm-way-400540223,Gigawatt Map retained export,Observed footprint,building,Walmart Colorado Data Center,,,,,,,CO,El Paso County,,38.985746,-104.78727,Published point,,Observed footprint,,,,,,,,,,8.23,10.98,13.72,estimate,,,,,,,,,,,,,,,,,,,,,,,,,,D,Open geospatial inventory,osm_only,https://gigawattmap.com/data,,,,U.S. jurisdiction reconciled from co-located IM3 geometry.,Insufficient evidence to establish or attach a distinct campus
gigawatt:osm-way-40608200,osm-way-40608200,Gigawatt Map retained export,Observed footprint,building,Cologix Santa Clara SV1 Data Center,cologix,,cologix,,,,CA,Santa Clara County,,37.365333,-121.9617,Published point,,Observed footprint,,,,,,,,,,3.03,4.03,5.04,estimate,,,,,,,,,,,,,,,,,,,,,,,,,,D,Open geospatial inventory,osm_only,https://gigawattmap.com/data,,,,U.S. jurisdiction reconciled from co-located IM3 geometry.,Insufficient evidence to establish or attach a distinct campus
gigawatt:osm-way-408012357,osm-way-408012357,Gigawatt Map retained export,Observed footprint,building,George C. Wallace Alabama Supercomputer Center,,,,,,,AL,,,34.736541,-86.673099,Published point,,Observed footprint,,,,,,,,,,0.56,0.75,0.93,estimate,,,,,,,,,,,,,,,,,,,,,,,,,,D,Open geospatial inventory,osm_only,https://gigawattmap.com/data,,,,,Insufficient evidence to establish or attach a distinct campus
gigawatt:osm-way-417682780,osm-way-417682780,Gigawatt Map retained export,Observed footprint,building,KOMO Plaza East,,,,,,,WA,,,47.619325,-122.348153,Published point,,Observed footprint,,,,,,,,,,1.72,2.29,2.86,estimate,,,,,,,,,,,,,,,,,,,,,,,,,,D,Open geospatial inventory,osm_only,https://gigawattmap.com/data,,,,,Insufficient evidence to establish or attach a distinct campus
gigawatt:osm-way-417682781,osm-way-417682781,Gigawatt Map retained export,Observed footprint,building,KOMO Plaza West,,,,,,,WA,,,47.61892,-122.348596,Published point,,Observed footprint,,,,,,,,,,0.76,1.01,1.26,estimate,,,,,,,,,,,,,,,,,,,,,,,,,,D,Open geospatial inventory,osm_only,https://gigawattmap.com/data,,,,,Insufficient evidence to establish or attach a distinct campus
gigawatt:osm-way-42323063,osm-way-42323063,Gigawatt Map retained export,Observed footprint,building,Netrality Data Centers,,,,,,,MO,,,38.629262,-90.197175,Published point,,Observed footprint,,,,,,,,,,0.87,1.15,1.44,estimate,,,,,,,,,,,,,,,,,,,,,,,,,,D,Open geospatial inventory,osm_only,https://gigawattmap.com/data,,,,,Insufficient evidence to establish or attach a distinct campus
gigawatt:osm-way-424945736,osm-way-424945736,Gigawatt Map retained export,Observed footprint,building,Centurylink,,,,,,,CA,,,33.917729,-118.386313,Published point,,Observed footprint,,,,,,,,,,2.68,3.58,4.47,estimate,,,,,,,,,,,,,,,,,,,,,,,,,,D,Open geospatial inventory,osm_only,https://gigawattmap.com/data,,,,,Insufficient evidence to establish or attach a distinct campus
gigawatt:osm-way-424945845,osm-way-424945845,Gigawatt Map retained export,Observed footprint,building,Serverfarm - LAX1,,,,,,,CA,,,33.921742,-118.386436,Published point,,Observed footprint,,,,,,,,,,4.47,5.96,7.44,estimate,,,,,,,,,,,,,,,,,,,,,,,,,,D,Open geospatial inventory,osm_only,https://gigawattmap.com/data,,,,,Insufficient evidence to establish or attach a distinct campus
gigawatt:osm-way-426586135,osm-way-426586135,Gigawatt Map retained export,Observed footprint,building,Google - Thornton,google,,google,,,,CO,,,39.922419,-104.983245,Published point,,Observed footprint,,,,,,,,,,3.23,4.3,5.38,estimate,,,,,,,,,,,,,,,,,,,,,,,,,,D,Open geospatial inventory,osm_only,https://gigawattmap.com/data,,,,,Insufficient evidence to establish or attach a distinct campus
gigawatt:osm-way-428021796,osm-way-428021796,Gigawatt Map retained export,Observed footprint,building,DRT LAX10,,,,,,,CA,Los Angeles County,,34.047326,-118.257514,Published point,,Observed footprint,,,,,,,,,,2.51,3.35,4.19,estimate,,,,,,,,,,,,,,,,,,,,,,,,,,D,Open geospatial inventory,osm_only,https://gigawattmap.com/data,,,,U.S. jurisdiction reconciled from co-located IM3 geometry.,Insufficient evidence to establish or attach a distinct campus
gigawatt:osm-way-428021816,osm-way-428021816,Gigawatt Map retained export,Observed footprint,building,One Wilshire,,,,,,,CA,,,34.047892,-118.255546,Published point,,Observed footprint,,,,,,,,,,1.64,2.19,2.74,estimate,,,,,,,,,,,,,,,,,,,,,,,,,,D,Open geospatial inventory,osm_only,https://gigawattmap.com/data,,,,,Insufficient evidence to establish or attach a distinct campus
gigawatt:osm-way-429782814,osm-way-429782814,Gigawatt Map retained export,Observed footprint,building,UF Research Computing Center,,,,,,,FL,,,29.672591,-82.29993,Published point,,Observed footprint,,,,,,,,,,1.36,1.82,2.27,estimate,,,,,,,,,,,,,,,,,,,,,,,,,,D,Open geospatial inventory,osm_only,https://gigawattmap.com/data,,,,,Insufficient evidence to establish or attach a distinct campus
gigawatt:osm-way-435518280,osm-way-435518280,Gigawatt Map retained export,Observed footprint,building,NAP of the Americas,,,,,,,FL,Miami-Dade County,,25.782379,-80.193075,Published point,,Observed footprint,,,,,,,,,,4.6,6.13,7.66,estimate,,,,,,,,,,,,,,,,,,,,,,,,,,D,Open geospatial inventory,osm_only,https://gigawattmap.com/data,,,,U.S. jurisdiction reconciled from co-located IM3 geometry.,Insufficient evidence to establish or attach a distinct campus
gigawatt:osm-way-438078069,osm-way-438078069,Gigawatt Map retained export,Observed footprint,building,Facebook Altoona Data Center 1,meta,,meta,,,,IA,Polk County,,41.664241,-93.514728,Published point,,Observed footprint,,,,,,,,,,11.83,15.77,19.71,estimate,,,,,,,,,,,,,,,,,,,,,,,,,,D,Open geospatial inventory,osm_only,https://gigawattmap.com/data,,,,U.S. jurisdiction reconciled from co-located IM3 geometry.,Insufficient evidence to establish or attach a distinct campus
gigawatt:osm-way-438078070,osm-way-438078070,Gigawatt Map retained export,Observed footprint,building,Facebook Altoona Data Center 2,meta,,meta,,,,IA,Polk County,,41.665537,-93.50817,Published point,,Observed footprint,,,,,,,,,,11.53,15.37,19.21,estimate,,,,,,,,,,,,,,,,,,,,,,,,,,D,Open geospatial inventory,osm_only,https://gigawattmap.com/data,,,,U.S. jurisdiction reconciled from co-located IM3 geometry.,Insufficient evidence to establish or attach a distinct campus
gigawatt:osm-way-441502816,osm-way-441502816,Gigawatt Map retained export,Observed footprint,building,Lumen Technologies,,,,,,,CA,Orange County,,33.716778,-117.805801,Published point,,Observed footprint,,,,,,,,,,3.21,4.28,5.35,estimate,,,,,,,,,,,,,,,,,,,,,,,,,,D,Open geospatial inventory,osm_only,https://gigawattmap.com/data,,,,U.S. jurisdiction reconciled from co-located IM3 geometry.,Insufficient evidence to establish or attach a distinct campus
gigawatt:osm-way-444683815,osm-way-444683815,Gigawatt Map retained export,Observed footprint,building,Lumen,,,,,,,WA,,,47.654226,-117.420003,Published point,,Observed footprint,,,,,,,,,,0.95,1.27,1.59,estimate,,,,,,,,,,,,,,,,,,,,,,,,,,D,Open geospatial inventory,osm_only,https://gigawattmap.com/data,,,,,Insufficient evidence to establish or attach a distinct campus
gigawatt:osm-way-447803368,osm-way-447803368,Gigawatt Map retained export,Observed footprint,building,OSM way 447803368,,,,,,,WI,,,43.067289,-89.436736,Published point,,Observed footprint,,,,,,,,,,0.34,0.46,0.57,estimate,,,,,,,,,,,,,,,,,,,,,,,,,,D,Open geospatial inventory,osm_only,https://gigawattmap.com/data,,,,,Insufficient evidence to establish or attach a distinct campus
gigawatt:osm-way-451497833,osm-way-451497833,Gigawatt Map retained export,Observed footprint,building,Evocative Secaucus,,,,,,,NJ,Hudson County,,40.78755,-74.068048,Published point,,Observed footprint,,,,,,,,,,3.8,5.07,6.33,estimate,,,,,,,,,,,,,,,,,,,,,,,,,,D,Open geospatial inventory,osm_only,https://gigawattmap.com/data,,,,U.S. jurisdiction reconciled from co-located IM3 geometry.,Insufficient evidence to establish or attach a distinct campus
gigawatt:osm-way-452116337,osm-way-452116337,Gigawatt Map retained export,Observed footprint,building,BT Radianz: 492 River Road,,,,,,,NJ,Essex County,,40.821454,-74.134186,Published point,,Observed footprint,,,,,,,,,,4.04,5.39,6.74,estimate,,,,,,,,,,,,,,,,,,,,,,,,,,D,Open geospatial inventory,osm_only,https://gigawattmap.com/data,,,,U.S. jurisdiction reconciled from co-located IM3 geometry.,Insufficient evidence to establish or attach a distinct campus
gigawatt:osm-way-455171103,osm-way-455171103,Gigawatt Map retained export,Observed footprint,building,CyrusOne Austin Data Center III,,,,,,,TX,Travis County,,30.206994,-97.701114,Published point,,Observed footprint,,,,,,,,,,7.12,9.5,11.87,estimate,,,,,,,,,,,,,,,,,,,,,,,,,,D,Open geospatial inventory,osm_only,https://gigawattmap.com/data,,,,U.S. jurisdiction reconciled from co-located IM3 geometry.,Insufficient evidence to establish or attach a distinct campus
gigawatt:osm-way-459188722,osm-way-459188722,Gigawatt Map retained export,Observed footprint,building,Apollo Cable Landing Station,,,,,,,NJ,Monmouth County,,40.157044,-74.101582,Published point,,Observed footprint,,,,,,,,,,0.97,1.3,1.62,estimate,,,,,,,,,,,,,,,,,,,,,,,,,,D,Open geospatial inventory,osm_only,https://gigawattmap.com/data,,,,U.S. jurisdiction reconciled from co-located IM3 geometry.,Insufficient evidence to establish or attach a distinct campus
gigawatt:osm-way-459188725,osm-way-459188725,Gigawatt Map retained export,Observed footprint,building,Cable & Wireless Cable Landing Station,,,,,,,NY,Suffolk County,,40.84366,-72.883345,Published point,,Observed footprint,,,,,,,,,,1.38,1.84,2.3,estimate,,,,,,,,,,,,,,,,,,,,,,,,,,D,Open geospatial inventory,osm_only,https://gigawattmap.com/data,,,,U.S. jurisdiction reconciled from co-located IM3 geometry.,Insufficient evidence to establish or attach a distinct campus
gigawatt:osm-way-460053030,osm-way-460053030,Gigawatt Map retained export,Observed footprint,building,Amazon Web Services,amazon,,amazon,,,,VA,Loudoun County,,39.02887,-77.458662,Published point,,Observed footprint,,,,,,,,,,38.34,51.12,63.9,estimate,,,,,,,,,,,,,,,,,,,,,,,,,,D,Open geospatial inventory,osm_only,https://gigawattmap.com/data,,,,U.S. jurisdiction reconciled from co-located IM3 geometry.,Insufficient evidence to establish or attach a distinct campus
gigawatt:osm-way-460070143,osm-way-460070143,Gigawatt Map retained export,Observed footprint,building,Amazon PDX2,amazon,,amazon,,,,OR,Umatilla County,,45.916404,-119.267776,Published point,,Observed footprint,,,,,,,,,,4.99,6.65,8.32,estimate,,,,,,,,,,,,,,,,,,,,,,,,,,D,Open geospatial inventory,osm_only,https://gigawattmap.com/data,,,,U.S. jurisdiction reconciled from co-located IM3 geometry.,Insufficient evidence to establish or attach a distinct campus
gigawatt:osm-way-460076753,osm-way-460076753,Gigawatt Map retained export,Observed footprint,building,Equinix San Jose SV3,equinix,,equinix,,,,CA,,,37.38827,-121.888429,Published point,,Observed footprint,,,,,,,,,,4.11,5.48,6.86,estimate,,,,,,,,,,,,,,,,,,,,,,,,,,D,Open geospatial inventory,osm_only,https://gigawattmap.com/data,,,,,Insufficient evidence to establish or attach a distinct campus
gigawatt:osm-way-460159925,osm-way-460159925,Gigawatt Map retained export,Observed footprint,building,NTT Limited,ntt,,ntt,,,,CA,,,37.403904,-121.889297,Published point,,Observed footprint,,,,,,,,,,2.82,3.76,4.7,estimate,,,,,,,,,,,,,,,,,,,,,,,,,,D,Open geospatial inventory,osm_only,https://gigawattmap.com/data,,,,,Insufficient evidence to establish or attach a distinct campus
gigawatt:osm-way-460167186,osm-way-460167186,Gigawatt Map retained export,Observed footprint,building,Intergate Columbia B,,,,,,,WA,,,47.407164,-120.18749,Published point,,Observed footprint,,,,,,,,,,7.23,9.64,12.06,estimate,,,,,,,,,,,,,,,,,,,,,,,,,,D,Open geospatial inventory,osm_only,https://gigawattmap.com/data,,,,,Insufficient evidence to establish or attach a distinct campus
gigawatt:osm-way-460167187,osm-way-460167187,Gigawatt Map retained export,Observed footprint,building,Intergate Columbia A,,,,,,,WA,,,47.408714,-120.189294,Published point,,Observed footprint,,,,,,,,,,9.84,13.12,16.4,estimate,,,,,,,,,,,,,,,,,,,,,,,,,,D,Open geospatial inventory,osm_only,https://gigawattmap.com/data,,,,,Insufficient evidence to establish or attach a distinct campus
gigawatt:osm-way-460167190,osm-way-460167190,Gigawatt Map retained export,Observed footprint,building,Intergate Columbia,,,,,,,WA,Douglas County,,47.407588,-120.191731,Published point,,Observed footprint,,,,,,,,,,103.92,138.55,173.19,estimate,,,,,,,,,,,,,,,,,,,,,,,,,,D,Open geospatial inventory,osm_only,https://gigawattmap.com/data,,,,U.S. jurisdiction reconciled from co-located IM3 geometry.,Insufficient evidence to establish or attach a distinct campus
gigawatt:osm-way-460175666,osm-way-460175666,Gigawatt Map retained export,Observed footprint,building,Centersquare IAD4-A,,,,,,,VA,,,39.021734,-77.452747,Published point,,Observed footprint,,,,,,,,,,2.92,3.89,4.86,estimate,,,,,,,,,,,,,,,,,,,,,,,,,,D,Open geospatial inventory,osm_only,https://gigawattmap.com/data,,,,,Insufficient evidence to establish or attach a distinct campus
gigawatt:osm-way-460175672,osm-way-460175672,Gigawatt Map retained export,Observed footprint,building,AWS Building E,amazon,,amazon,,,,VA,Loudoun County,,39.005052,-77.485612,Published point,,Observed footprint,,,,,,,,,,5.75,7.67,9.58,estimate,,,,,,,,,,,,,,,,,,,,,,,,,,D,Open geospatial inventory,osm_only,https://gigawattmap.com/data,,,,U.S. jurisdiction reconciled from co-located IM3 geometry.,Insufficient evidence to establish or attach a distinct campus
gigawatt:osm-way-460182320,osm-way-460182320,Gigawatt Map retained export,Observed footprint,building,CyrusOne Somerset,cyrusone,,cyrusone,,,,NJ,Somerset County,,40.537986,-74.545659,Published point,,Observed footprint,,,,,,,,,,11.95,15.93,19.91,estimate,,,,,,,,,,,,,,,,,,,,,,,,,,D,Open geospatial inventory,osm_only,https://gigawattmap.com/data,,,,U.S. jurisdiction reconciled from co-located IM3 geometry.,Insufficient evidence to establish or attach a distinct campus
gigawatt:osm-way-460182335,osm-way-460182335,Gigawatt Map retained export,Observed footprint,building,BNY Mellon Somerset,,,,,,,NJ,Somerset County,,40.53602,-74.553409,Published point,,Observed footprint,,,,,,,,,,4.54,6.05,7.56,estimate,,,,,,,,,,,,,,,,,,,,,,,,,,D,Open geospatial inventory,osm_only,https://gigawattmap.com/data,,,,U.S. jurisdiction reconciled from co-located IM3 geometry.,Insufficient evidence to establish or attach a distinct campus
gigawatt:osm-way-46128119,osm-way-46128119,Gigawatt Map retained export,Observed footprint,building,CyrusOne CIN2,cyrusone,,cyrusone,,,,OH,,,39.102695,-84.517898,Published point,,Observed footprint,,,,,,,,,,1.11,1.48,1.85,estimate,,,,,,,,,,,,,,,,,,,,,,,,,,D,Open geospatial inventory,osm_only,https://gigawattmap.com/data,,,,,Insufficient evidence to establish or attach a distinct campus
gigawatt:osm-way-464371693,osm-way-464371693,Gigawatt Map retained export,Observed footprint,building,Kaiser Data Center,,,,,,,CA,Napa County,,38.254085,-122.273098,Published point,,Observed footprint,,,,,,,,,,6.1,8.14,10.17,estimate,,,,,,,,,,,,,,,,,,,,,,,,,,D,Open geospatial inventory,osm_only,https://gigawattmap.com/data,,,,U.S. jurisdiction reconciled from co-located IM3 geometry.,Insufficient evidence to establish or attach a distinct campus
gigawatt:osm-way-465032201,osm-way-465032201,Gigawatt Map retained export,Observed footprint,building,Lumen Dallas - 3180 Irving Blvd.,,,,,,,TX,,,32.806955,-96.868589,Published point,,Observed footprint,,,,,,,,,,3.03,4.04,5.05,estimate,,,,,,,,,,,,,,,,,,,,,,,,,,D,Open geospatial inventory,osm_only,https://gigawattmap.com/data,,,,,Insufficient evidence to establish or attach a distinct campus
gigawatt:osm-way-465032484,osm-way-465032484,Gigawatt Map retained export,Observed footprint,building,Lumen Dallas 6,,,,,,,TX,Dallas County,,32.827998,-96.884382,Published point,,Observed footprint,,,,,,,,,,0.49,0.65,0.81,estimate,,,,,,,,,,,,,,,,,,,,,,,,,,D,Open geospatial inventory,osm_only,https://gigawattmap.com/data,,,,U.S. jurisdiction reconciled from co-located IM3 geometry.,Insufficient evidence to establish or attach a distinct campus
gigawatt:osm-way-465032631,osm-way-465032631,Gigawatt Map retained export,Observed footprint,building,DataBank Dallas Empire Central Data Center,,,,,,,TX,,,32.821738,-96.873598,Published point,,Observed footprint,,,,,,,,,,2.54,3.39,4.23,estimate,,,,,,,,,,,,,,,,,,,,,,,,,,D,Open geospatial inventory,osm_only,https://gigawattmap.com/data,,,,,Insufficient evidence to establish or attach a distinct campus
gigawatt:osm-way-468707940,osm-way-468707940,Gigawatt Map retained export,Observed footprint,building,Stream Data Centers PHX-1,,,,,,,AZ,,,33.419491,-112.359988,Published point,,Observed footprint,,,,,,,,,,15.5,20.66,25.83,estimate,,,,,,,,,,,,,,,,,,,,,,,,,,D,Open geospatial inventory,osm_only,https://gigawattmap.com/data,,,,,Insufficient evidence to establish or attach a distinct campus
gigawatt:osm-way-471658485,osm-way-471658485,Gigawatt Map retained export,Observed footprint,building,Live Oak Data Center,,,,,,,TX,,,32.783712,-96.794575,Published point,,Observed footprint,,,,,,,,,,1.87,2.49,3.12,estimate,,,,,,,,,,,,,,,,,,,,,,,,,,D,Open geospatial inventory,osm_only,https://gigawattmap.com/data,,,,,Insufficient evidence to establish or attach a distinct campus
gigawatt:osm-way-471691760,osm-way-471691760,Gigawatt Map retained export,Observed footprint,building,Flexential Portland - Hillsboro 2,flexential,,flexential,,,,OR,,,45.558286,-122.917092,Published point,,Observed footprint,,,,,,,,,,8.03,10.71,13.39,estimate,,,,,,,,,,,,,,,,,,,,,,,,,,D,Open geospatial inventory,osm_only,https://gigawattmap.com/data,,,,,Insufficient evidence to establish or attach a distinct campus
gigawatt:osm-way-472761713,osm-way-472761713,Gigawatt Map retained export,Observed footprint,building,NYSE Data Center,,,,,,,NJ,Bergen County,,41.078302,-74.152918,Published point,,Observed footprint,,,,,,,,,,7.53,10.04,12.55,estimate,,,,,,,,,,,,,,,,,,,,,,,,,,D,Open geospatial inventory,osm_only,https://gigawattmap.com/data,,,,U.S. jurisdiction reconciled from co-located IM3 geometry.,Insufficient evidence to establish or attach a distinct campus
gigawatt:osm-way-472954201,osm-way-472954201,Gigawatt Map retained export,Observed footprint,building,AT&T,,,,,,,CA,,,34.579984,-118.114024,Published point,,Observed footprint,,,,,,,,,,0.65,0.87,1.09,estimate,,,,,,,,,,,,,,,,,,,,,,,,,,D,Open geospatial inventory,osm_only,https://gigawattmap.com/data,,,,,Insufficient evidence to establish or attach a distinct campus
gigawatt:osm-way-480762078,osm-way-480762078,Gigawatt Map retained export,Observed footprint,building,Juniper,,,,,,,OR,Clackamas County,,45.318731,-122.765874,Published point,,Observed footprint,,,,,,,,,,0.93,1.24,1.55,estimate,,,,,,,,,,,,,,,,,,,,,,,,,,D,Open geospatial inventory,osm_only,https://gigawattmap.com/data,,,,U.S. jurisdiction reconciled from co-located IM3 geometry.,Insufficient evidence to establish or attach a distinct campus
gigawatt:osm-way-483307714,osm-way-483307714,Gigawatt Map retained export,Observed footprint,building,Tierpoint Dallas-Allen,,,,,,,TX,Collin County,,33.137934,-96.657376,Published point,,Observed footprint,,,,,,,,,,1.15,1.53,1.92,estimate,,,,,,,,,,,,,,,,,,,,,,,,,,D,Open geospatial inventory,osm_only,https://gigawattmap.com/data,,,,U.S. jurisdiction reconciled from co-located IM3 geometry.,Insufficient evidence to establish or attach a distinct campus
gigawatt:osm-way-491914767,osm-way-491914767,Gigawatt Map retained export,Observed footprint,building,H5 Data Center,,,,,,,OH,,,41.506357,-81.683598,Published point,,Observed footprint,,,,,,,,,,2.68,3.57,4.46,estimate,,,,,,,,,,,,,,,,,,,,,,,,,,D,Open geospatial inventory,osm_only,https://gigawattmap.com/data,,,,,Insufficient evidence to establish or attach a distinct campus
gigawatt:osm-way-495115494,osm-way-495115494,Gigawatt Map retained export,Observed footprint,building,OSM way 495115494,,,,,,,CA,,,34.047915,-118.255569,Published point,,Observed footprint,,,,,,,,,,0.96,1.28,1.59,estimate,,,,,,,,,,,,,,,,,,,,,,,,,,D,Open geospatial inventory,osm_only,https://gigawattmap.com/data,,,,,Insufficient evidence to establish or attach a distinct campus
gigawatt:osm-way-497151852,osm-way-497151852,Gigawatt Map retained export,Observed footprint,building,Cologix Jacksonville JAX1,,,,,,,FL,Duval County,,30.33143,-81.662426,Published point,,Observed footprint,,,,,,,,,,1.13,1.51,1.89,estimate,,,,,,,,,,,,,,,,,,,,,,,,,,D,Open geospatial inventory,osm_only,https://gigawattmap.com/data,,,,U.S. jurisdiction reconciled from co-located IM3 geometry.,Insufficient evidence to establish or attach a distinct campus
gigawatt:osm-way-502927599,osm-way-502927599,Gigawatt Map retained export,Observed footprint,building,Data Center Lenexa,,,,,,,KS,,,38.92517,-94.77029,Published point,,Observed footprint,,,,,,,,,,1.67,2.23,2.78,estimate,,,,,,,,,,,,,,,,,,,,,,,,,,D,Open geospatial inventory,osm_only,https://gigawattmap.com/data,,,,,Insufficient evidence to establish or attach a distinct campus
gigawatt:osm-way-507673418,osm-way-507673418,Gigawatt Map retained export,Observed footprint,building,CITIGROUP TECHNOLOGY INC,,,,,,,TX,Denton County,,33.006381,-97.24529,Published point,,Observed footprint,,,,,,,,,,9.1,12.13,15.16,estimate,,,,,,,,,,,,,,,,,,,,,,,,,,D,Open geospatial inventory,osm_only,https://gigawattmap.com/data,,,,U.S. jurisdiction reconciled from co-located IM3 geometry.,Insufficient evidence to establish or attach a distinct campus
gigawatt:osm-way-509611423,osm-way-509611423,Gigawatt Map retained export,Observed footprint,building,Lowe's Data Center,,,,,,,TX,Bexar County,,29.472846,-98.689547,Published point,,Observed footprint,,,,,,,,,,2.06,2.75,3.44,estimate,,,,,,,,,,,,,,,,,,,,,,,,,,D,Open geospatial inventory,osm_only,https://gigawattmap.com/data,,,,U.S. jurisdiction reconciled from co-located IM3 geometry.,Insufficient evidence to establish or attach a distinct campus
gigawatt:osm-way-509611432,osm-way-509611432,Gigawatt Map retained export,Observed footprint,building,CyrusOne San Antonio I,cyrusone,,cyrusone,,,,TX,,,29.466555,-98.68811,Published point,,Observed footprint,,,,,,,,,,3.84,5.12,6.4,estimate,,,,,,,,,,,,,,,,,,,,,,,,,,D,Open geospatial inventory,osm_only,https://gigawattmap.com/data,,,,,Insufficient evidence to establish or attach a distinct campus
gigawatt:osm-way-509611436,osm-way-509611436,Gigawatt Map retained export,Observed footprint,building,Valero Wiserman,,,,,,,TX,Bexar County,,29.474285,-98.680064,Published point,,Observed footprint,,,,,,,,,,2.19,2.92,3.64,estimate,,,,,,,,,,,,,,,,,,,,,,,,,,D,Open geospatial inventory,osm_only,https://gigawattmap.com/data,,,,U.S. jurisdiction reconciled from co-located IM3 geometry.,Insufficient evidence to establish or attach a distinct campus
gigawatt:osm-way-509611437,osm-way-509611437,Gigawatt Map retained export,Observed footprint,building,Stream San Antonio II,,,,,,,TX,Bexar County,,29.472017,-98.671737,Published point,,Observed footprint,,,,,,,,,,2.67,3.57,4.46,estimate,,,,,,,,,,,,,,,,,,,,,,,,,,D,Open geospatial inventory,osm_only,https://gigawattmap.com/data,,,,U.S. jurisdiction reconciled from co-located IM3 geometry.,Insufficient evidence to establish or attach a distinct campus
gigawatt:osm-way-516686211,osm-way-516686211,Gigawatt Map retained export,Observed footprint,building,Spectrum Charlotte National Data Center,,,,,,,NC,,,35.142789,-80.916208,Published point,,Observed footprint,,,,,,,,,,3.51,4.68,5.85,estimate,,,,,,,,,,,,,,,,,,,,,,,,,,D,Open geospatial inventory,osm_only,https://gigawattmap.com/data,,,,,Insufficient evidence to establish or attach a distinct campus
gigawatt:osm-way-52059176,osm-way-52059176,Gigawatt Map retained export,Observed footprint,building,NTT RagingWire Data Center,ntt,,ntt,,,,OR,,,45.549584,-122.937393,Published point,,Observed footprint,,,,,,,,,,9.76,13.02,16.27,estimate,,,,,,,,,,,,,,,,,,,,,,,,,,D,Open geospatial inventory,osm_only,https://gigawattmap.com/data,,,,,Insufficient evidence to establish or attach a distinct campus
gigawatt:osm-way-52094269,osm-way-52094269,Gigawatt Map retained export,Observed footprint,building,Centersquare IAD1-B,,,,,,,VA,,,39.023907,-77.41519,Published point,,Observed footprint,,,,,,,,,,2.97,3.95,4.94,estimate,,,,,,,,,,,,,,,,,,,,,,,,,,D,Open geospatial inventory,osm_only,https://gigawattmap.com/data,,,,,Insufficient evidence to establish or attach a distinct campus
gigawatt:osm-way-52094270,osm-way-52094270,Gigawatt Map retained export,Observed footprint,building,Centersquare IAD1-A,,,,,,,VA,,,39.023321,-77.413201,Published point,,Observed footprint,,,,,,,,,,3.37,4.49,5.61,estimate,,,,,,,,,,,,,,,,,,,,,,,,,,D,Open geospatial inventory,osm_only,https://gigawattmap.com/data,,,,,Insufficient evidence to establish or attach a distinct campus
gigawatt:osm-way-52094294,osm-way-52094294,Gigawatt Map retained export,Observed footprint,building,Centersquare IAD1-C,,,,,,,VA,,,39.024756,-77.412204,Published point,,Observed footprint,,,,,,,,,,5.08,6.77,8.46,estimate,,,,,,,,,,,,,,,,,,,,,,,,,,D,Open geospatial inventory,osm_only,https://gigawattmap.com/data,,,,,Insufficient evidence to establish or attach a distinct campus
gigawatt:osm-way-52227492,osm-way-52227492,Gigawatt Map retained export,Observed footprint,building,Flexential Minneapolis - Chaska,flexential,,flexential,,,,MN,,,44.851593,-93.598831,Published point,,Observed footprint,,,,,,,,,,5.08,6.78,8.47,estimate,,,,,,,,,,,,,,,,,,,,,,,,,,D,Open geospatial inventory,osm_only,https://gigawattmap.com/data,,,,,Insufficient evidence to establish or attach a distinct campus
gigawatt:osm-way-523886201,osm-way-523886201,Gigawatt Map retained export,Observed footprint,building,Cyxtera Tampa TP1,,,,,,,FL,,,27.945532,-82.351162,Published point,,Observed footprint,,,,,,,,,,3.65,4.87,6.08,estimate,,,,,,,,,,,,,,,,,,,,,,,,,,D,Open geospatial inventory,osm_only,https://gigawattmap.com/data,,,,,Insufficient evidence to establish or attach a distinct campus
gigawatt:osm-way-52958203,osm-way-52958203,Gigawatt Map retained export,Observed footprint,building,Pearl Plaza Office Building,,,,,,,CO,,,39.74523,-104.979332,Published point,,Observed footprint,,,,,,,,,,1.83,2.44,3.05,estimate,,,,,,,,,,,,,,,,,,,,,,,,,,D,Open geospatial inventory,osm_only,https://gigawattmap.com/data,,,,,Insufficient evidence to establish or attach a distinct campus
gigawatt:osm-way-530024353,osm-way-530024353,Gigawatt Map retained export,Observed footprint,building,Centersquare Lisle ORD4 Data Center,,,,,,,IL,,,41.802341,-88.094886,Published point,,Observed footprint,,,,,,,,,,13.55,18.06,22.58,estimate,,,,,,,,,,,,,,,,,,,,,,,,,,D,Open geospatial inventory,osm_only,https://gigawattmap.com/data,,,,,Insufficient evidence to establish or attach a distinct campus
gigawatt:osm-way-530982335,osm-way-530982335,Gigawatt Map retained export,Observed footprint,building,GoDaddy - Gilbert,,,,,,,AZ,,,33.361914,-111.839309,Published point,,Observed footprint,,,,,,,,,,3.44,4.59,5.74,estimate,,,,,,,,,,,,,,,,,,,,,,,,,,D,Open geospatial inventory,osm_only,https://gigawattmap.com/data,,,,,Insufficient evidence to establish or attach a distinct campus
gigawatt:osm-way-531709017,osm-way-531709017,Gigawatt Map retained export,Observed footprint,building,AT&T Center,,,,,,,CA,,,32.747575,-117.158948,Published point,,Observed footprint,,,,,,,,,,3.33,4.45,5.56,estimate,,,,,,,,,,,,,,,,,,,,,,,,,,D,Open geospatial inventory,osm_only,https://gigawattmap.com/data,,,,,Insufficient evidence to establish or attach a distinct campus
gigawatt:osm-way-536784688,osm-way-536784688,Gigawatt Map retained export,Observed footprint,building,CenturyLink,,,,,,,GA,Fulton County,,33.765144,-84.383736,Published point,,Observed footprint,,,,,,,,,,0.86,1.15,1.44,estimate,,,,,,,,,,,,,,,,,,,,,,,,,,D,Open geospatial inventory,osm_only,https://gigawattmap.com/data,,,,U.S. jurisdiction reconciled from co-located IM3 geometry.,Insufficient evidence to establish or attach a distinct campus
gigawatt:osm-way-537807168,osm-way-537807168,Gigawatt Map retained export,Observed footprint,building,Expedient Pittsburgh South,,,,,,,PA,,,40.427377,-80.042532,Published point,,Observed footprint,,,,,,,,,,1.03,1.37,1.72,estimate,,,,,,,,,,,,,,,,,,,,,,,,,,D,Open geospatial inventory,osm_only,https://gigawattmap.com/data,,,,,Insufficient evidence to establish or attach a distinct campus
gigawatt:osm-way-54173383,osm-way-54173383,Gigawatt Map retained export,Observed footprint,building,CoreSite SV3,coresite,,coresite,,,,CA,,,37.375142,-121.971709,Published point,,Observed footprint,,,,,,,,,,2.17,2.89,3.61,estimate,,,,,,,,,,,,,,,,,,,,,,,,,,D,Open geospatial inventory,osm_only,https://gigawattmap.com/data,,,,,Insufficient evidence to establish or attach a distinct campus
gigawatt:osm-way-54173753,osm-way-54173753,Gigawatt Map retained export,Observed footprint,building,CoreSite SV6,coresite,,coresite,,,,CA,Santa Clara County,,37.376302,-121.972084,Published point,,Observed footprint,,,,,,,,,,2.29,3.05,3.82,estimate,,,,,,,,,,,,,,,,,,,,,,,,,,D,Open geospatial inventory,osm_only,https://gigawattmap.com/data,,,,U.S. jurisdiction reconciled from co-located IM3 geometry.,Insufficient evidence to establish or attach a distinct campus
gigawatt:osm-way-54173755,osm-way-54173755,Gigawatt Map retained export,Observed footprint,building,CoreSite SV8,coresite,,coresite,,,,CA,Santa Clara County,,37.377383,-121.97184,Published point,,Observed footprint,,,,,,,,,,1.56,2.08,2.6,estimate,,,,,,,,,,,,,,,,,,,,,,,,,,D,Open geospatial inventory,osm_only,https://gigawattmap.com/data,,,,U.S. jurisdiction reconciled from co-located IM3 geometry.,Insufficient evidence to establish or attach a distinct campus
gigawatt:osm-way-543117031,osm-way-543117031,Gigawatt Map retained export,Observed footprint,building,Centersquare: Phoenix - (PHX1 - Mesa),,,,,,,AZ,,,33.421284,-111.858994,Published point,,Observed footprint,,,,,,,,,,2.17,2.9,3.62,estimate,,,,,,,,,,,,,,,,,,,,,,,,,,D,Open geospatial inventory,osm_only,https://gigawattmap.com/data,,,,,Insufficient evidence to establish or attach a distinct campus
gigawatt:osm-way-54383196,osm-way-54383196,Gigawatt Map retained export,Observed footprint,building,CoreSite SV5,coresite,,coresite,,,,CA,Santa Clara County,,37.375196,-121.97069,Published point,,Observed footprint,,,,,,,,,,1.91,2.54,3.18,estimate,,,,,,,,,,,,,,,,,,,,,,,,,,D,Open geospatial inventory,osm_only,https://gigawattmap.com/data,,,,U.S. jurisdiction reconciled from co-located IM3 geometry.,Insufficient evidence to establish or attach a distinct campus
gigawatt:osm-way-544536822,osm-way-544536822,Gigawatt Map retained export,Observed footprint,building,Liquid Web,,,,,,,MI,Eaton County,,42.687951,-84.642995,Published point,,Observed footprint,,,,,,,,,,0.87,1.15,1.44,estimate,,,,,,,,,,,,,,,,,,,,,,,,,,D,Open geospatial inventory,osm_only,https://gigawattmap.com/data,,,,U.S. jurisdiction reconciled from co-located IM3 geometry.,Insufficient evidence to establish or attach a distinct campus
gigawatt:osm-way-545060574,osm-way-545060574,Gigawatt Map retained export,Observed footprint,building,"Liquid Web, Inc",,,,,,,MI,,,42.70539,-84.666089,Published point,,Observed footprint,,,,,,,,,,2.73,3.64,4.55,estimate,,,,,,,,,,,,,,,,,,,,,,,,,,D,Open geospatial inventory,osm_only,https://gigawattmap.com/data,,,,,Insufficient evidence to establish or attach a distinct campus
gigawatt:osm-way-545704217,osm-way-545704217,Gigawatt Map retained export,Observed footprint,building,OSM way 545704217,,,,,,,GA,,,34.070704,-84.675908,Published point,,Observed footprint,,,,,,,,,,0.7,0.93,1.16,estimate,,,,,,,,,,,,,,,,,,,,,,,,,,D,Open geospatial inventory,osm_only,https://gigawattmap.com/data,,,,,Insufficient evidence to establish or attach a distinct campus
gigawatt:osm-way-545895086,osm-way-545895086,Gigawatt Map retained export,Observed footprint,building,ADP South Dakota,,,,,,,SD,Minnehaha County,,43.599915,-96.794707,Published point,,Observed footprint,,,,,,,,,,9.12,12.16,15.2,estimate,,,,,,,,,,,,,,,,,,,,,,,,,,D,Open geospatial inventory,osm_only,https://gigawattmap.com/data,,,,U.S. jurisdiction reconciled from co-located IM3 geometry.,Insufficient evidence to establish or attach a distinct campus
gigawatt:osm-way-547156394,osm-way-547156394,Gigawatt Map retained export,Observed footprint,building,TJX Corporate Techno,,,,,,,OH,Franklin County,,40.10386,-82.810626,Published point,,Observed footprint,,,,,,,,,,3.85,5.13,6.42,estimate,,,,,,,,,,,,,,,,,,,,,,,,,,D,Open geospatial inventory,osm_only,https://gigawattmap.com/data,,,,U.S. jurisdiction reconciled from co-located IM3 geometry.,Insufficient evidence to establish or attach a distinct campus
gigawatt:osm-way-553884511,osm-way-553884511,Gigawatt Map retained export,Observed footprint,building,Carfax,,,,,,,MO,Boone County,,38.923512,-92.288624,Published point,,Observed footprint,,,,,,,,,,1.48,1.97,2.47,estimate,,,,,,,,,,,,,,,,,,,,,,,,,,D,Open geospatial inventory,osm_only,https://gigawattmap.com/data,,,,U.S. jurisdiction reconciled from co-located IM3 geometry.,Insufficient evidence to establish or attach a distinct campus
gigawatt:osm-way-556564909,osm-way-556564909,Gigawatt Map retained export,Observed footprint,building,Facebook Altoona Data Center 3,meta,,meta,,,,IA,Polk County,,41.667071,-93.506466,Published point,,Observed footprint,,,,,,,,,,14.17,18.89,23.61,estimate,,,,,,,,,,,,,,,,,,,,,,,,,,D,Open geospatial inventory,osm_only,https://gigawattmap.com/data,,,,U.S. jurisdiction reconciled from co-located IM3 geometry.,Insufficient evidence to establish or attach a distinct campus
gigawatt:osm-way-556599693,osm-way-556599693,Gigawatt Map retained export,Observed footprint,building,Amazon IAD71,amazon,,amazon,,,,VA,,,39.027908,-77.457503,Published point,,Observed footprint,,,,,,,,,,4.54,6.06,7.57,estimate,,,,,,,,,,,,,,,,,,,,,,,,,,D,Open geospatial inventory,osm_only,https://gigawattmap.com/data,,,,,Insufficient evidence to establish or attach a distinct campus
gigawatt:osm-way-556599694,osm-way-556599694,Gigawatt Map retained export,Observed footprint,building,Amazon IAD50,amazon,,amazon,,,,VA,,,39.02957,-77.459683,Published point,,Observed footprint,,,,,,,,,,7.58,10.11,12.64,estimate,,,,,,,,,,,,,,,,,,,,,,,,,,D,Open geospatial inventory,osm_only,https://gigawattmap.com/data,,,,,Insufficient evidence to establish or attach a distinct campus
gigawatt:osm-way-556599695,osm-way-556599695,Gigawatt Map retained export,Observed footprint,building,Amazon IAD60,amazon,,amazon,,,,VA,,,39.028774,-77.458246,Published point,,Observed footprint,,,,,,,,,,4.16,5.55,6.94,estimate,,,,,,,,,,,,,,,,,,,,,,,,,,D,Open geospatial inventory,osm_only,https://gigawattmap.com/data,,,,,Insufficient evidence to establish or attach a distinct campus
gigawatt:osm-way-570397131,osm-way-570397131,Gigawatt Map retained export,Observed footprint,building,Thin-nology,,,,,,,TX,,,30.421141,-97.591603,Published point,,Observed footprint,,,,,,,,,,0.35,0.46,0.58,estimate,,,,,,,,,,,,,,,,,,,,,,,,,,D,Open geospatial inventory,osm_only,https://gigawattmap.com/data,,,,,Insufficient evidence to establish or attach a distinct campus
gigawatt:osm-way-571010571,osm-way-571010571,Gigawatt Map retained export,Observed footprint,building,CyrusOne Norwalk,cyrusone,,cyrusone,,,,CT,Western Connecticut Planning Region,,41.113092,-73.388649,Published point,,Observed footprint,,,,,,,,,,2.92,3.89,4.86,estimate,,,,,,,,,,,,,,,,,,,,,,,,,,D,Open geospatial inventory,osm_only,https://gigawattmap.com/data,,,,U.S. jurisdiction reconciled from co-located IM3 geometry.,Insufficient evidence to establish or attach a distinct campus
gigawatt:osm-way-577628941,osm-way-577628941,Gigawatt Map retained export,Observed footprint,building,Data Foundry - Texas 2,,,,,,,TX,,,30.199588,-97.713076,Published point,,Observed footprint,,,,,,,,,,3.93,5.24,6.55,estimate,,,,,,,,,,,,,,,,,,,,,,,,,,D,Open geospatial inventory,osm_only,https://gigawattmap.com/data,,,,,Insufficient evidence to establish or attach a distinct campus
gigawatt:osm-way-578443547,osm-way-578443547,Gigawatt Map retained export,Observed footprint,building,Microsoft - Azure Datacenter,microsoft,,microsoft,,,,IL,,,41.923006,-87.918241,Published point,,Observed footprint,,,,,,,,,,11.5,15.34,19.17,estimate,,,,,,,,,,,,,,,,,,,,,,,,,,D,Open geospatial inventory,osm_only,https://gigawattmap.com/data,,,,,Insufficient evidence to establish or attach a distinct campus
gigawatt:osm-way-581234765,osm-way-581234765,Gigawatt Map retained export,Observed footprint,building,Cloud Storage Corp,,,,,,,KS,,,38.872132,-99.300187,Published point,,Observed footprint,,,,,,,,,,0.43,0.58,0.72,estimate,,,,,,,,,,,,,,,,,,,,,,,,,,D,Open geospatial inventory,osm_only,https://gigawattmap.com/data,,,,,Insufficient evidence to establish or attach a distinct campus
gigawatt:osm-way-589070714,osm-way-589070714,Gigawatt Map retained export,Observed footprint,building,Information Technology Data Center,,,,,,,NH,Rockingham County,,42.982091,-70.950593,Published point,,Observed footprint,,,,,,,,,,0.29,0.39,0.48,estimate,,,,,,,,,,,,,,,,,,,,,,,,,,D,Open geospatial inventory,osm_only,https://gigawattmap.com/data,,,,U.S. jurisdiction reconciled from co-located IM3 geometry.,Insufficient evidence to establish or attach a distinct campus
gigawatt:osm-way-589360530,osm-way-589360530,Gigawatt Map retained export,Observed footprint,building,Digital Fortress Lynnwood,,,,,,,WA,Snohomish County,,47.822425,-122.289561,Published point,,Observed footprint,,,,,,,,,,0.94,1.25,1.56,estimate,,,,,,,,,,,,,,,,,,,,,,,,,,D,Open geospatial inventory,osm_only,https://gigawattmap.com/data,,,,U.S. jurisdiction reconciled from co-located IM3 geometry.,Insufficient evidence to establish or attach a distinct campus
gigawatt:osm-way-590213771,osm-way-590213771,Gigawatt Map retained export,Observed footprint,building,CyrusOne Allen,cyrusone,,cyrusone,,,,TX,Collin County,,33.138521,-96.659952,Published point,,Observed footprint,,,,,,,,,,10.18,13.57,16.96,estimate,,,,,,,,,,,,,,,,,,,,,,,,,,D,Open geospatial inventory,osm_only,https://gigawattmap.com/data,,,,U.S. jurisdiction reconciled from co-located IM3 geometry.,Insufficient evidence to establish or attach a distinct campus
gigawatt:osm-way-592257327,osm-way-592257327,Gigawatt Map retained export,Observed footprint,building,Amazon PDX51/54,amazon,,amazon,,,,OR,Umatilla County,,45.917448,-119.267734,Published point,,Observed footprint,,,,,,,,,,9.78,13.04,16.3,estimate,,,,,,,,,,,,,,,,,,,,,,,,,,D,Open geospatial inventory,osm_only,https://gigawattmap.com/data,,,,U.S. jurisdiction reconciled from co-located IM3 geometry.,Insufficient evidence to establish or attach a distinct campus
gigawatt:osm-way-597835788,osm-way-597835788,Gigawatt Map retained export,Observed footprint,building,Stream DFW IV,,,,,,,TX,Collin County,,33.000144,-96.661646,Published point,,Observed footprint,,,,,,,,,,0.74,0.98,1.23,estimate,,,,,,,,,,,,,,,,,,,,,,,,,,D,Open geospatial inventory,osm_only,https://gigawattmap.com/data,,,,U.S. jurisdiction reconciled from co-located IM3 geometry.,Insufficient evidence to establish or attach a distinct campus
gigawatt:osm-way-597876719,osm-way-597876719,Gigawatt Map retained export,Observed footprint,building,Rackspace Richardson DFW3,,,,,,,TX,,,32.964789,-96.715877,Published point,,Observed footprint,,,,,,,,,,4.24,5.65,7.06,estimate,,,,,,,,,,,,,,,,,,,,,,,,,,D,Open geospatial inventory,osm_only,https://gigawattmap.com/data,,,,,Insufficient evidence to establish or attach a distinct campus
gigawatt:osm-way-597876723,osm-way-597876723,Gigawatt Map retained export,Observed footprint,building,OSM way 597876723,,,,,,,TX,,,32.966254,-96.711196,Published point,,Observed footprint,,,,,,,,,,2.34,3.12,3.9,estimate,,,,,,,,,,,,,,,,,,,,,,,,,,D,Open geospatial inventory,osm_only,https://gigawattmap.com/data,,,,,Insufficient evidence to establish or attach a distinct campus
gigawatt:osm-way-598261190,osm-way-598261190,Gigawatt Map retained export,Observed footprint,building,State Farm Data Center,,,,,,,KS,,,38.940113,-94.867688,Published point,,Observed footprint,,,,,,,,,,7.45,9.93,12.41,estimate,,,,,,,,,,,,,,,,,,,,,,,,,,D,Open geospatial inventory,osm_only,https://gigawattmap.com/data,,,,,Insufficient evidence to establish or attach a distinct campus
gigawatt:osm-way-598263496,osm-way-598263496,Gigawatt Map retained export,Observed footprint,building,U.S. Bank National Data Process Center,,,,,,,KS,,,38.935643,-94.864471,Published point,,Observed footprint,,,,,,,,,,6.08,8.1,10.13,estimate,,,,,,,,,,,,,,,,,,,,,,,,,,D,Open geospatial inventory,osm_only,https://gigawattmap.com/data,,,,,Insufficient evidence to establish or attach a distinct campus
gigawatt:osm-way-607753694,osm-way-607753694,Gigawatt Map retained export,Observed footprint,building,Verizon Wireless,,,,,,,NE,,,41.220408,-96.147619,Published point,,Observed footprint,,,,,,,,,,1.46,1.94,2.43,estimate,,,,,,,,,,,,,,,,,,,,,,,,,,D,Open geospatial inventory,osm_only,https://gigawattmap.com/data,,,,,Insufficient evidence to establish or attach a distinct campus
gigawatt:osm-way-610845529,osm-way-610845529,Gigawatt Map retained export,Observed footprint,building,TierPoint Baltimore BWI,,,,,,,MD,,,39.213452,-76.682845,Published point,,Observed footprint,,,,,,,,,,1.25,1.67,2.09,estimate,,,,,,,,,,,,,,,,,,,,,,,,,,D,Open geospatial inventory,osm_only,https://gigawattmap.com/data,,,,,Insufficient evidence to establish or attach a distinct campus
gigawatt:osm-way-610977485,osm-way-610977485,Gigawatt Map retained export,Observed footprint,building,NTT Ashburn VA2 Data Center,ntt,,ntt,,,,VA,,,39.02501,-77.457639,Published point,,Observed footprint,,,,,,,,,,2.78,3.71,4.64,estimate,,,,,,,,,,,,,,,,,,,,,,,,,,D,Open geospatial inventory,osm_only,https://gigawattmap.com/data,,,,,Insufficient evidence to establish or attach a distinct campus
gigawatt:osm-way-611308188,osm-way-611308188,Gigawatt Map retained export,Observed footprint,building,Strata Networks,,,,,,,UT,,,40.456593,-109.528999,Published point,,Observed footprint,,,,,,,,,,0.49,0.65,0.81,estimate,,,,,,,,,,,,,,,,,,,,,,,,,,D,Open geospatial inventory,osm_only,https://gigawattmap.com/data,,,,,Insufficient evidence to establish or attach a distinct campus
gigawatt:osm-way-612045611,osm-way-612045611,Gigawatt Map retained export,Observed footprint,building,Goldman Sachs,,,,,,,NJ,,,40.570372,-74.67033,Published point,,Observed footprint,,,,,,,,,,10.38,13.84,17.3,estimate,,,,,,,,,,,,,,,,,,,,,,,,,,D,Open geospatial inventory,osm_only,https://gigawattmap.com/data,,,,,Insufficient evidence to establish or attach a distinct campus
gigawatt:osm-way-615593145,osm-way-615593145,Gigawatt Map retained export,Observed footprint,building,Mapletree Industrial,,,,,,,GA,,,34.096584,-84.237391,Published point,,Observed footprint,,,,,,,,,,4.38,5.84,7.3,estimate,,,,,,,,,,,,,,,,,,,,,,,,,,D,Open geospatial inventory,osm_only,https://gigawattmap.com/data,,,,,Insufficient evidence to establish or attach a distinct campus
gigawatt:osm-way-617511179,osm-way-617511179,Gigawatt Map retained export,Observed footprint,building,Genome Data Center,,,,,,,MO,,,38.636569,-90.255393,Published point,,Observed footprint,,,,,,,,,,0.92,1.23,1.53,estimate,,,,,,,,,,,,,,,,,,,,,,,,,,D,Open geospatial inventory,osm_only,https://gigawattmap.com/data,,,,,Insufficient evidence to establish or attach a distinct campus
gigawatt:osm-way-618339179,osm-way-618339179,Gigawatt Map retained export,Observed footprint,building,365 Bridgewater NJ,,,,,,,NJ,,,40.581474,-74.573878,Published point,,Observed footprint,,,,,,,,,,1.07,1.42,1.78,estimate,,,,,,,,,,,,,,,,,,,,,,,,,,D,Open geospatial inventory,osm_only,https://gigawattmap.com/data,,,,,Insufficient evidence to establish or attach a distinct campus
gigawatt:osm-way-626281456,osm-way-626281456,Gigawatt Map retained export,Observed footprint,building,AngelTrax Data Center,,,,,,,AL,,,31.231899,-85.455834,Published point,,Observed footprint,,,,,,,,,,0.4,0.53,0.67,estimate,,,,,,,,,,,,,,,,,,,,,,,,,,D,Open geospatial inventory,osm_only,https://gigawattmap.com/data,,,,,Insufficient evidence to establish or attach a distinct campus
gigawatt:osm-way-634635617,osm-way-634635617,Gigawatt Map retained export,Observed footprint,building,Centeris SH2 Build-to-Suit,,,,,,,WA,,,47.158844,-122.279862,Published point,,Observed footprint,,,,,,,,,,3.51,4.68,5.85,estimate,,,,,,,,,,,,,,,,,,,,,,,,,,D,Open geospatial inventory,osm_only,https://gigawattmap.com/data,,,,,Insufficient evidence to establish or attach a distinct campus
gigawatt:osm-way-634638463,osm-way-634638463,Gigawatt Map retained export,Observed footprint,building,Centeris SH1 Colocation,,,,,,,WA,,,47.160855,-122.279306,Published point,,Observed footprint,,,,,,,,,,4.34,5.79,7.24,estimate,,,,,,,,,,,,,,,,,,,,,,,,,,D,Open geospatial inventory,osm_only,https://gigawattmap.com/data,,,,,Insufficient evidence to establish or attach a distinct campus
gigawatt:osm-way-63619642,osm-way-63619642,Gigawatt Map retained export,Observed footprint,building,Minnesota Gateway Data Center,,,,,,,MN,,,44.971302,-93.254652,Published point,,Observed footprint,,,,,,,,,,3.29,4.38,5.48,estimate,,,,,,,,,,,,,,,,,,,,,,,,,,D,Open geospatial inventory,osm_only,https://gigawattmap.com/data,,,,,Insufficient evidence to establish or attach a distinct campus
gigawatt:osm-way-649365751,osm-way-649365751,Gigawatt Map retained export,Observed footprint,building,NTT Ashburn VA3 Data Center,ntt,,ntt,,,,VA,,,39.017182,-77.470376,Published point,,Observed footprint,,,,,,,,,,8.7,11.6,14.5,estimate,,,,,,,,,,,,,,,,,,,,,,,,,,D,Open geospatial inventory,osm_only,https://gigawattmap.com/data,,,,,Insufficient evidence to establish or attach a distinct campus
gigawatt:osm-way-649365764,osm-way-649365764,Gigawatt Map retained export,Observed footprint,building,Digital Realty ACC9,digitalrealty,,digitalrealty,,,,VA,Loudoun County,,39.015466,-77.467319,Published point,,Observed footprint,,,,,,,,,,12.35,16.46,20.58,estimate,,,,,,,,,,,,,,,,,,,,,,,,,,D,Open geospatial inventory,osm_only,https://gigawattmap.com/data,,,,U.S. jurisdiction reconciled from co-located IM3 geometry.,Insufficient evidence to establish or attach a distinct campus
gigawatt:osm-way-650412346,osm-way-650412346,Gigawatt Map retained export,Observed footprint,building,Flexential Dallas - Plano,flexential,,flexential,,,,TX,,,33.007052,-96.666354,Published point,,Observed footprint,,,,,,,,,,8.17,10.89,13.62,estimate,,,,,,,,,,,,,,,,,,,,,,,,,,D,Open geospatial inventory,osm_only,https://gigawattmap.com/data,,,,,Insufficient evidence to establish or attach a distinct campus
gigawatt:osm-way-664938835,osm-way-664938835,Gigawatt Map retained export,Observed footprint,building,Expedient Milwaukee,,,,,,,WI,,,42.863177,-87.977858,Published point,,Observed footprint,,,,,,,,,,0.98,1.3,1.63,estimate,,,,,,,,,,,,,,,,,,,,,,,,,,D,Open geospatial inventory,osm_only,https://gigawattmap.com/data,,,,,Insufficient evidence to establish or attach a distinct campus
gigawatt:osm-way-667796922,osm-way-667796922,Gigawatt Map retained export,Observed footprint,building,Oxford Networks,,,,,,,ME,,,43.895071,-69.923151,Published point,,Observed footprint,,,,,,,,,,2.08,2.77,3.46,estimate,,,,,,,,,,,,,,,,,,,,,,,,,,D,Open geospatial inventory,osm_only,https://gigawattmap.com/data,,,,,Insufficient evidence to establish or attach a distinct campus
gigawatt:osm-way-671301768,osm-way-671301768,Gigawatt Map retained export,Observed footprint,building,Meta,meta,,meta,,,,OH,Licking County,,40.068408,-82.750341,Published point,,Observed footprint,,,,,,,,,,24.87,33.16,41.45,estimate,,,,,,,,,,,,,,,,,,,,,,,,,,D,Open geospatial inventory,osm_only,https://gigawattmap.com/data,,,,U.S. jurisdiction reconciled from co-located IM3 geometry.,Insufficient evidence to establish or attach a distinct campus
gigawatt:osm-way-671838900,osm-way-671838900,Gigawatt Map retained export,Observed footprint,building,Rice Data Center,,,,,,,TX,,,29.658146,-95.443328,Published point,,Observed footprint,,,,,,,,,,0.96,1.27,1.59,estimate,,,,,,,,,,,,,,,,,,,,,,,,,,D,Open geospatial inventory,osm_only,https://gigawattmap.com/data,,,,,Insufficient evidence to establish or attach a distinct campus
gigawatt:osm-way-693390022,osm-way-693390022,Gigawatt Map retained export,Observed footprint,building,Amazon IAD120,amazon,,amazon,,,,VA,Loudoun County,,38.957922,-77.498061,Published point,,Observed footprint,,,,,,,,,,7.06,9.42,11.77,estimate,,,,,,,,,,,,,,,,,,,,,,,,,,D,Open geospatial inventory,osm_only,https://gigawattmap.com/data,,,,U.S. jurisdiction reconciled from co-located IM3 geometry.,Insufficient evidence to establish or attach a distinct campus
gigawatt:osm-way-693390023,osm-way-693390023,Gigawatt Map retained export,Observed footprint,building,Amazon IAD121,amazon,,amazon,,,,VA,Loudoun County,,38.956783,-77.497787,Published point,,Observed footprint,,,,,,,,,,5.81,7.74,9.68,estimate,,,,,,,,,,,,,,,,,,,,,,,,,,D,Open geospatial inventory,osm_only,https://gigawattmap.com/data,,,,U.S. jurisdiction reconciled from co-located IM3 geometry.,Insufficient evidence to establish or attach a distinct campus
gigawatt:osm-way-694602725,osm-way-694602725,Gigawatt Map retained export,Observed footprint,building,Vantage WA12,,,,,,,WA,Grant County,,47.253946,-119.813721,Published point,,Observed footprint,,,,,,,,,,4.68,6.23,7.79,estimate,,,,,,,,,,,,,,,,,,,,,,,,,,D,Open geospatial inventory,osm_only,https://gigawattmap.com/data,,,,U.S. jurisdiction reconciled from co-located IM3 geometry.,Insufficient evidence to establish or attach a distinct campus
gigawatt:osm-way-697413741,osm-way-697413741,Gigawatt Map retained export,Observed footprint,building,Amazon PDX57/60,amazon,,amazon,,,,OR,Umatilla County,,45.913883,-119.267714,Published point,,Observed footprint,,,,,,,,,,10.18,13.58,16.97,estimate,,,,,,,,,,,,,,,,,,,,,,,,,,D,Open geospatial inventory,osm_only,https://gigawattmap.com/data,,,,U.S. jurisdiction reconciled from co-located IM3 geometry.,Insufficient evidence to establish or attach a distinct campus
gigawatt:osm-way-69827429,osm-way-69827429,Gigawatt Map retained export,Observed footprint,building,IBM Building,,,,,,,NY,,,42.649353,-73.752745,Published point,,Observed footprint,,,,,,,,,,0.58,0.77,0.96,estimate,,,,,,,,,,,,,,,,,,,,,,,,,,D,Open geospatial inventory,osm_only,https://gigawattmap.com/data,,,,,Insufficient evidence to establish or attach a distinct campus
gigawatt:osm-way-701924664,osm-way-701924664,Gigawatt Map retained export,Observed footprint,building,GI Partners,,,,,,,VA,,,39.000655,-77.43982,Published point,,Observed footprint,,,,,,,,,,8.42,11.23,14.04,estimate,,,,,,,,,,,,,,,,,,,,,,,,,,D,Open geospatial inventory,osm_only,https://gigawattmap.com/data,,,,,Insufficient evidence to establish or attach a distinct campus
gigawatt:osm-way-701930929,osm-way-701930929,Gigawatt Map retained export,Observed footprint,building,Amazon IAD114,amazon,,amazon,,,,VA,Loudoun County,,39.035494,-77.450699,Published point,,Observed footprint,,,,,,,,,,5.55,7.4,9.25,estimate,,,,,,,,,,,,,,,,,,,,,,,,,,D,Open geospatial inventory,osm_only,https://gigawattmap.com/data,,,,U.S. jurisdiction reconciled from co-located IM3 geometry.,Insufficient evidence to establish or attach a distinct campus
gigawatt:osm-way-701930930,osm-way-701930930,Gigawatt Map retained export,Observed footprint,building,Amazon IAD115,amazon,,amazon,,,,VA,Loudoun County,,39.036294,-77.449795,Published point,,Observed footprint,,,,,,,,,,5.49,7.32,9.15,estimate,,,,,,,,,,,,,,,,,,,,,,,,,,D,Open geospatial inventory,osm_only,https://gigawattmap.com/data,,,,U.S. jurisdiction reconciled from co-located IM3 geometry.,Insufficient evidence to establish or attach a distinct campus
gigawatt:osm-way-706776322,osm-way-706776322,Gigawatt Map retained export,Observed footprint,building,Amazon PDX80,amazon,,amazon,,,,OR,Umatilla County,,45.797809,-119.366616,Published point,,Observed footprint,,,,,,,,,,8.09,10.79,13.48,estimate,,,,,,,,,,,,,,,,,,,,,,,,,,D,Open geospatial inventory,osm_only,https://gigawattmap.com/data,,,,U.S. jurisdiction reconciled from co-located IM3 geometry.,Insufficient evidence to establish or attach a distinct campus
gigawatt:osm-way-71187940,osm-way-71187940,Gigawatt Map retained export,Observed footprint,building,Verizon Wireless,,,,,,,MI,,,42.326266,-83.076986,Published point,,Observed footprint,,,,,,,,,,0.94,1.25,1.56,estimate,,,,,,,,,,,,,,,,,,,,,,,,,,D,Open geospatial inventory,osm_only,https://gigawattmap.com/data,,,,,Insufficient evidence to establish or attach a distinct campus
gigawatt:osm-way-713410334,osm-way-713410334,Gigawatt Map retained export,Observed footprint,building,Centersquare Atlanta ATL1,,,,,,,GA,,,33.744228,-84.581216,Published point,,Observed footprint,,,,,,,,,,9.35,12.47,15.58,estimate,,,,,,,,,,,,,,,,,,,,,,,,,,D,Open geospatial inventory,osm_only,https://gigawattmap.com/data,,,,,Insufficient evidence to establish or attach a distinct campus
gigawatt:osm-way-714139865,osm-way-714139865,Gigawatt Map retained export,Observed footprint,building,Equinix Secaucus NY6,equinix,,equinix,,,,NJ,Hudson County,,40.777519,-74.0727,Published point,,Observed footprint,,,,,,,,,,2.66,3.55,4.43,estimate,,,,,,,,,,,,,,,,,,,,,,,,,,D,Open geospatial inventory,osm_only,https://gigawattmap.com/data,,,,U.S. jurisdiction reconciled from co-located IM3 geometry.,Insufficient evidence to establish or attach a distinct campus
gigawatt:osm-way-714139868,osm-way-714139868,Gigawatt Map retained export,Observed footprint,building,CoreSite Secaucus Campus,coresite,,coresite,,,,NJ,Hudson County,,40.78431,-74.065274,Published point,,Observed footprint,,,,,,,,,,15.72,20.97,26.21,estimate,,,,,,,,,,,,,,,,,,,,,,,,,,D,Open geospatial inventory,osm_only,https://gigawattmap.com/data,,,,U.S. jurisdiction reconciled from co-located IM3 geometry.,Insufficient evidence to establish or attach a distinct campus
gigawatt:osm-way-714943309,osm-way-714943309,Gigawatt Map retained export,Observed footprint,building,PSE&G Delivery Emergency Response Center,,,,,,,NJ,Somerset County,,40.579894,-74.519393,Published point,,Observed footprint,,,,,,,,,,3.19,4.25,5.31,estimate,,,,,,,,,,,,,,,,,,,,,,,,,,D,Open geospatial inventory,osm_only,https://gigawattmap.com/data,,,,U.S. jurisdiction reconciled from co-located IM3 geometry.,Insufficient evidence to establish or attach a distinct campus
gigawatt:osm-way-718465287,osm-way-718465287,Gigawatt Map retained export,Observed footprint,building,Epic / Mayo Data Center,,,,,,,MN,,,44.070816,-92.522121,Published point,,Observed footprint,,,,,,,,,,1.81,2.42,3.02,estimate,,,,,,,,,,,,,,,,,,,,,,,,,,D,Open geospatial inventory,osm_only,https://gigawattmap.com/data,,,,,Insufficient evidence to establish or attach a distinct campus
gigawatt:osm-way-726150321,osm-way-726150321,Gigawatt Map retained export,Observed footprint,building,Choctaw Nation of Oklahoma Data Center,,,,,,,OK,,,33.971721,-96.402855,Published point,,Observed footprint,,,,,,,,,,0.51,0.67,0.84,estimate,,,,,,,,,,,,,,,,,,,,,,,,,,D,Open geospatial inventory,osm_only,https://gigawattmap.com/data,,,,,Insufficient evidence to establish or attach a distinct campus
gigawatt:osm-way-729192992,osm-way-729192992,Gigawatt Map retained export,Observed footprint,building,QTS Data Center Bld 1,qts,,qts,,,,OR,Washington County,,45.558767,-122.92783,Published point,,Observed footprint,,,,,,,,,,5.92,7.89,9.87,estimate,,,,,,,,,,,,,,,,,,,,,,,,,,D,Open geospatial inventory,osm_only,https://gigawattmap.com/data,,,,U.S. jurisdiction reconciled from co-located IM3 geometry.,Insufficient evidence to establish or attach a distinct campus
gigawatt:osm-way-729376485,osm-way-729376485,Gigawatt Map retained export,Observed footprint,building,OSM way 729376485,,,,,,,NJ,,,40.584343,-74.243507,Published point,,Observed footprint,,,,,,,,,,5.98,7.97,9.96,estimate,,,,,,,,,,,,,,,,,,,,,,,,,,D,Open geospatial inventory,osm_only,https://gigawattmap.com/data,,,,,Insufficient evidence to establish or attach a distinct campus
gigawatt:osm-way-729696933,osm-way-729696933,Gigawatt Map retained export,Observed footprint,building,Flexential Salt Lake City - Downtown,flexential,,flexential,,,,UT,,,40.756307,-111.954838,Published point,,Observed footprint,,,,,,,,,,2.38,3.17,3.96,estimate,,,,,,,,,,,,,,,,,,,,,,,,,,D,Open geospatial inventory,osm_only,https://gigawattmap.com/data,,,,,Insufficient evidence to establish or attach a distinct campus
gigawatt:osm-way-733721782,osm-way-733721782,Gigawatt Map retained export,Observed footprint,building,Oregon State Data Center,,,,,,,OR,,,44.926549,-123.001861,Published point,,Observed footprint,,,,,,,,,,1.75,2.33,2.91,estimate,,,,,,,,,,,,,,,,,,,,,,,,,,D,Open geospatial inventory,osm_only,https://gigawattmap.com/data,,,,,Insufficient evidence to establish or attach a distinct campus
gigawatt:osm-way-741629998,osm-way-741629998,Gigawatt Map retained export,Observed footprint,building,Flexential Fort Lauderdale,flexential,,flexential,,,,FL,,,26.190086,-80.193297,Published point,,Observed footprint,,,,,,,,,,2.76,3.68,4.6,estimate,,,,,,,,,,,,,,,,,,,,,,,,,,D,Open geospatial inventory,osm_only,https://gigawattmap.com/data,,,,,Insufficient evidence to establish or attach a distinct campus
gigawatt:osm-way-746278786,osm-way-746278786,Gigawatt Map retained export,Observed footprint,building,Flexential Las Vegas - North,flexential,,flexential,,,,NV,,,36.248165,-115.101261,Published point,,Observed footprint,,,,,,,,,,4.15,5.54,6.92,estimate,,,,,,,,,,,,,,,,,,,,,,,,,,D,Open geospatial inventory,osm_only,https://gigawattmap.com/data,,,,,Insufficient evidence to establish or attach a distinct campus
gigawatt:osm-way-747985149,osm-way-747985149,Gigawatt Map retained export,Observed footprint,building,OSM way 747985149,,,,,,,TX,,,33.953378,-98.524731,Published point,,Observed footprint,,,,,,,,,,1.47,1.96,2.45,estimate,,,,,,,,,,,,,,,,,,,,,,,,,,D,Open geospatial inventory,osm_only,https://gigawattmap.com/data,,,,,Insufficient evidence to establish or attach a distinct campus
gigawatt:osm-way-755540694,osm-way-755540694,Gigawatt Map retained export,Observed footprint,building,OSM way 755540694,,,,,,,MI,,,42.968713,-83.779602,Published point,,Observed footprint,,,,,,,,,,1.38,1.84,2.3,estimate,,,,,,,,,,,,,,,,,,,,,,,,,,D,Open geospatial inventory,osm_only,https://gigawattmap.com/data,,,,,Insufficient evidence to establish or attach a distinct campus
gigawatt:osm-way-758278314,osm-way-758278314,Gigawatt Map retained export,Observed footprint,building,iGLASS Networks,,,,,,,NC,,,35.766751,-78.783986,Published point,,Observed footprint,,,,,,,,,,0.31,0.41,0.51,estimate,,,,,,,,,,,,,,,,,,,,,,,,,,D,Open geospatial inventory,osm_only,https://gigawattmap.com/data,,,,,Insufficient evidence to establish or attach a distinct campus
gigawatt:osm-way-758306877,osm-way-758306877,Gigawatt Map retained export,Observed footprint,building,Central Office,,,,,,,WI,,,42.833654,-88.73398,Published point,,Observed footprint,,,,,,,,,,0.34,0.45,0.56,estimate,,,,,,,,,,,,,,,,,,,,,,,,,,D,Open geospatial inventory,osm_only,https://gigawattmap.com/data,,,,,Insufficient evidence to establish or attach a distinct campus
gigawatt:osm-way-758580536,osm-way-758580536,Gigawatt Map retained export,Observed footprint,building,Vital Records,,,,,,,NJ,Somerset County,,40.528072,-74.682816,Published point,,Observed footprint,,,,,,,,,,0.3,0.4,0.5,estimate,,,,,,,,,,,,,,,,,,,,,,,,,,D,Open geospatial inventory,osm_only,https://gigawattmap.com/data,,,,U.S. jurisdiction reconciled from co-located IM3 geometry.,Insufficient evidence to establish or attach a distinct campus
gigawatt:osm-way-761185667,osm-way-761185667,Gigawatt Map retained export,Observed footprint,building,Verizon Wireless NE Headquarters,,,,,,,NJ,Somerset County,,40.555692,-74.705596,Published point,,Observed footprint,,,,,,,,,,5.88,7.83,9.79,estimate,,,,,,,,,,,,,,,,,,,,,,,,,,D,Open geospatial inventory,osm_only,https://gigawattmap.com/data,,,,U.S. jurisdiction reconciled from co-located IM3 geometry.,Insufficient evidence to establish or attach a distinct campus
gigawatt:osm-way-762116506,osm-way-762116506,Gigawatt Map retained export,Observed footprint,building,Meta Henrico Data Center,meta,,meta,,,,VA,Henrico County,,37.483928,-77.237311,Published point,,Observed footprint,,,,,,,,,,22.06,29.41,36.76,estimate,,,,,,,,,,,,,,,,,,,,,,,,,,D,Open geospatial inventory,osm_only,https://gigawattmap.com/data,,,,U.S. jurisdiction reconciled from co-located IM3 geometry.,Insufficient evidence to establish or attach a distinct campus
gigawatt:osm-way-777196805,osm-way-777196805,Gigawatt Map retained export,Observed footprint,building,Allentown-TekPark,,,,,,,PA,Lehigh County,,40.544236,-75.654313,Published point,,Observed footprint,,,,,,,,,,5.48,7.31,9.13,estimate,,,,,,,,,,,,,,,,,,,,,,,,,,D,Open geospatial inventory,osm_only,https://gigawattmap.com/data,,,,U.S. jurisdiction reconciled from co-located IM3 geometry.,Insufficient evidence to establish or attach a distinct campus
gigawatt:osm-way-778989332,osm-way-778989332,Gigawatt Map retained export,Observed footprint,building,OSM way 778989332,,,,,,,CO,,,39.559072,-104.833588,Published point,,Observed footprint,,,,,,,,,,1.05,1.41,1.76,estimate,,,,,,,,,,,,,,,,,,,,,,,,,,D,Open geospatial inventory,osm_only,https://gigawattmap.com/data,,,,,Insufficient evidence to establish or attach a distinct campus
gigawatt:osm-way-780063735,osm-way-780063735,Gigawatt Map retained export,Observed footprint,building,PG&E Datacenter,,,,,,,CA,,,38.246259,-122.06721,Published point,,Observed footprint,,,,,,,,,,2.07,2.76,3.45,estimate,,,,,,,,,,,,,,,,,,,,,,,,,,D,Open geospatial inventory,osm_only,https://gigawattmap.com/data,,,,,Insufficient evidence to establish or attach a distinct campus
gigawatt:osm-way-781370600,osm-way-781370600,Gigawatt Map retained export,Observed footprint,building,CyrusOne PHX6,cyrusone,,cyrusone,,,,AZ,,,33.267576,-111.882532,Published point,,Observed footprint,,,,,,,,,,3.69,4.92,6.15,estimate,,,,,,,,,,,,,,,,,,,,,,,,,,D,Open geospatial inventory,osm_only,https://gigawattmap.com/data,,,,,Insufficient evidence to establish or attach a distinct campus
gigawatt:osm-way-788027103,osm-way-788027103,Gigawatt Map retained export,Observed footprint,building,Facebook Altoona Data Center 4,meta,,meta,,,,IA,Polk County,,41.667737,-93.516399,Published point,,Observed footprint,,,,,,,,,,22.76,30.35,37.93,estimate,,,,,,,,,,,,,,,,,,,,,,,,,,D,Open geospatial inventory,osm_only,https://gigawattmap.com/data,,,,U.S. jurisdiction reconciled from co-located IM3 geometry.,Insufficient evidence to establish or attach a distinct campus
gigawatt:osm-way-79056848,osm-way-79056848,Gigawatt Map retained export,Observed footprint,building,University of New Hampshire,,,,,,,NH,,,43.143619,-70.952473,Published point,,Observed footprint,,,,,,,,,,1.15,1.53,1.91,estimate,,,,,,,,,,,,,,,,,,,,,,,,,,D,Open geospatial inventory,osm_only,https://gigawattmap.com/data,,,,,Insufficient evidence to establish or attach a distinct campus
gigawatt:osm-way-79158387,osm-way-79158387,Gigawatt Map retained export,Observed footprint,building,VA3,digitalrealty,,digitalrealty,,,,VA,,,38.948464,-77.327295,Published point,,Observed footprint,,,,,,,,,,3.61,4.81,6.02,estimate,,,,,,,,,,,,,,,,,,,,,,,,,,D,Open geospatial inventory,osm_only,https://gigawattmap.com/data,,,,,Insufficient evidence to establish or attach a distinct campus
gigawatt:osm-way-79159494,osm-way-79159494,Gigawatt Map retained export,Observed footprint,building,IAD1,,,,,,,VA,,,38.948816,-77.32941,Published point,,Observed footprint,,,,,,,,,,0.72,0.97,1.21,estimate,,,,,,,,,,,,,,,,,,,,,,,,,,D,Open geospatial inventory,osm_only,https://gigawattmap.com/data,,,,,Insufficient evidence to establish or attach a distinct campus
gigawatt:osm-way-793087858,osm-way-793087858,Gigawatt Map retained export,Observed footprint,building,Digital Realty IAD41 (Building P),digitalrealty,,digitalrealty,,,,VA,,,39.008677,-77.458221,Published point,,Observed footprint,,,,,,,,,,14.89,19.85,24.81,estimate,,,,,,,,,,,,,,,,,,,,,,,,,,D,Open geospatial inventory,osm_only,https://gigawattmap.com/data,,,,,Insufficient evidence to establish or attach a distinct campus
gigawatt:osm-way-793888427,osm-way-793888427,Gigawatt Map retained export,Observed footprint,building,Sabey Intergate.Ashburn (Building A),,,,,,,VA,Loudoun County,,39.014498,-77.479988,Published point,,Observed footprint,,,,,,,,,,4.95,6.6,8.25,estimate,,,,,,,,,,,,,,,,,,,,,,,,,,D,Open geospatial inventory,osm_only,https://gigawattmap.com/data,,,,U.S. jurisdiction reconciled from co-located IM3 geometry.,Insufficient evidence to establish or attach a distinct campus
gigawatt:osm-way-793888429,osm-way-793888429,Gigawatt Map retained export,Observed footprint,building,NTT Ashburn VA5 Data Center,ntt,,ntt,,,,VA,,,39.018296,-77.472614,Published point,,Observed footprint,,,,,,,,,,4.65,6.2,7.75,estimate,,,,,,,,,,,,,,,,,,,,,,,,,,D,Open geospatial inventory,osm_only,https://gigawattmap.com/data,,,,,Insufficient evidence to establish or attach a distinct campus
gigawatt:osm-way-793888430,osm-way-793888430,Gigawatt Map retained export,Observed footprint,building,NTT Ashburn VA4 Data Center,ntt,,ntt,,,,VA,,,39.019869,-77.472595,Published point,,Observed footprint,,,,,,,,,,6.01,8.01,10.02,estimate,,,,,,,,,,,,,,,,,,,,,,,,,,D,Open geospatial inventory,osm_only,https://gigawattmap.com/data,,,,,Insufficient evidence to establish or attach a distinct campus
gigawatt:osm-way-794147654,osm-way-794147654,Gigawatt Map retained export,Observed footprint,building,CloudHQ LC1,,,,,,,VA,Loudoun County,,39.010157,-77.462785,Published point,,Observed footprint,,,,,,,,,,18.72,24.96,31.2,estimate,,,,,,,,,,,,,,,,,,,,,,,,,,D,Open geospatial inventory,osm_only,https://gigawattmap.com/data,,,,U.S. jurisdiction reconciled from co-located IM3 geometry.,Insufficient evidence to establish or attach a distinct campus
gigawatt:osm-way-794147655,osm-way-794147655,Gigawatt Map retained export,Observed footprint,building,CloudHQ LC2,,,,,,,VA,Loudoun County,,39.011764,-77.462457,Published point,,Observed footprint,,,,,,,,,,9.48,12.64,15.8,estimate,,,,,,,,,,,,,,,,,,,,,,,,,,D,Open geospatial inventory,osm_only,https://gigawattmap.com/data,,,,U.S. jurisdiction reconciled from co-located IM3 geometry.,Insufficient evidence to establish or attach a distinct campus
gigawatt:osm-way-808979618,osm-way-808979618,Gigawatt Map retained export,Observed footprint,building,EdgeCore,,,,,,,AZ,,,33.344131,-111.619553,Published point,,Observed footprint,,,,,,,,,,4.23,5.65,7.06,estimate,,,,,,,,,,,,,,,,,,,,,,,,,,D,Open geospatial inventory,osm_only,https://gigawattmap.com/data,,,,,Insufficient evidence to establish or attach a distinct campus
gigawatt:osm-way-812630939,osm-way-812630939,Gigawatt Map retained export,Observed footprint,building,Comcast,,,,,,,MI,,,42.213902,-83.198214,Published point,,Observed footprint,,,,,,,,,,0.04,0.05,0.06,estimate,,,,,,,,,,,,,,,,,,,,,,,,,,D,Open geospatial inventory,osm_only,https://gigawattmap.com/data,,,,,Insufficient evidence to establish or attach a distinct campus
gigawatt:osm-way-812825291,osm-way-812825291,Gigawatt Map retained export,Observed footprint,building,NextDC P2 Perth Data Centre,,,,,,,WA,,,-31.950173,115.868248,Published point,,Observed footprint,,,,,,,,,,1.7,2.27,2.84,estimate,,,,,,,,,,,,,,,,,,,,,,,,,,D,Open geospatial inventory,osm_only,https://gigawattmap.com/data,,,,,Insufficient evidence to establish or attach a distinct campus
gigawatt:osm-way-813532303,osm-way-813532303,Gigawatt Map retained export,Observed footprint,building,SAP COS02,,,,,,,CO,El Paso County,,38.988888,-104.786381,Published point,,Observed footprint,,,,,,,,,,1.79,2.39,2.98,estimate,,,,,,,,,,,,,,,,,,,,,,,,,,D,Open geospatial inventory,osm_only,https://gigawattmap.com/data,,,,U.S. jurisdiction reconciled from co-located IM3 geometry.,Insufficient evidence to establish or attach a distinct campus
gigawatt:osm-way-813688319,osm-way-813688319,Gigawatt Map retained export,Observed footprint,building,OSM way 813688319,,,,,,,WA,,,47.407243,-120.213965,Published point,,Observed footprint,,,,,,,,,,3.83,5.1,6.38,estimate,,,,,,,,,,,,,,,,,,,,,,,,,,D,Open geospatial inventory,osm_only,https://gigawattmap.com/data,,,,,Insufficient evidence to establish or attach a distinct campus
gigawatt:osm-way-815078625,osm-way-815078625,Gigawatt Map retained export,Observed footprint,building,Charles Schwab Data Center,,,,,,,TX,Denton County,,33.004502,-97.246155,Published point,,Observed footprint,,,,,,,,,,2.99,3.98,4.98,estimate,,,,,,,,,,,,,,,,,,,,,,,,,,D,Open geospatial inventory,osm_only,https://gigawattmap.com/data,,,,U.S. jurisdiction reconciled from co-located IM3 geometry.,Insufficient evidence to establish or attach a distinct campus
gigawatt:osm-way-818167571,osm-way-818167571,Gigawatt Map retained export,Observed footprint,building,1623 Farnam,,,,,,,NE,,,41.257291,-95.937849,Published point,,Observed footprint,,,,,,,,,,1.34,1.78,2.23,estimate,,,,,,,,,,,,,,,,,,,,,,,,,,D,Open geospatial inventory,osm_only,https://gigawattmap.com/data,,,,,Insufficient evidence to establish or attach a distinct campus
gigawatt:osm-way-818790301,osm-way-818790301,Gigawatt Map retained export,Observed footprint,building,Credit Suisse: Clifton Data Center,,,,,,,NJ,Passaic County,,40.83345,-74.140219,Published point,,Observed footprint,,,,,,,,,,5.26,7.01,8.77,estimate,,,,,,,,,,,,,,,,,,,,,,,,,,D,Open geospatial inventory,osm_only,https://gigawattmap.com/data,,,,U.S. jurisdiction reconciled from co-located IM3 geometry.,Insufficient evidence to establish or attach a distinct campus
gigawatt:osm-way-828228235,osm-way-828228235,Gigawatt Map retained export,Observed footprint,building,StrongMind,,,,,,,AZ,Maricopa County,,33.342616,-111.840974,Published point,,Observed footprint,,,,,,,,,,0.77,1.03,1.29,estimate,,,,,,,,,,,,,,,,,,,,,,,,,,D,Open geospatial inventory,osm_only,https://gigawattmap.com/data,,,,U.S. jurisdiction reconciled from co-located IM3 geometry.,Insufficient evidence to establish or attach a distinct campus
gigawatt:osm-way-830138727,osm-way-830138727,Gigawatt Map retained export,Observed footprint,building,BB&T Data Center,,,,,,,NC,Wake County,,35.839325,-78.328127,Published point,,Observed footprint,,,,,,,,,,5.36,7.15,8.94,estimate,,,,,,,,,,,,,,,,,,,,,,,,,,D,Open geospatial inventory,osm_only,https://gigawattmap.com/data,,,,U.S. jurisdiction reconciled from co-located IM3 geometry.,Insufficient evidence to establish or attach a distinct campus
gigawatt:osm-way-832622369,osm-way-832622369,Gigawatt Map retained export,Observed footprint,building,Blockfusion,,,,,,,NY,,,43.074838,-78.944802,Published point,,Observed footprint,,,,,,,,,,0.61,0.81,1.02,estimate,,,,,,,,,,,,,,,,,,,,,,,,,,D,Open geospatial inventory,osm_only,https://gigawattmap.com/data,,,,,Insufficient evidence to establish or attach a distinct campus
gigawatt:osm-way-835601088,osm-way-835601088,Gigawatt Map retained export,Observed footprint,building,Lumen,,,,,,,UT,Washington County,,37.062799,-113.544749,Published point,,Observed footprint,,,,,,,,,,0.07,0.09,0.11,estimate,,,,,,,,,,,,,,,,,,,,,,,,,,D,Open geospatial inventory,osm_only,https://gigawattmap.com/data,,,,U.S. jurisdiction reconciled from co-located IM3 geometry.,Insufficient evidence to establish or attach a distinct campus
gigawatt:osm-way-836947535,osm-way-836947535,Gigawatt Map retained export,Observed footprint,building,Myndshift Technologies,,,,,,,AZ,Maricopa County,,33.475421,-111.719165,Published point,,Observed footprint,,,,,,,,,,0.8,1.06,1.33,estimate,,,,,,,,,,,,,,,,,,,,,,,,,,D,Open geospatial inventory,osm_only,https://gigawattmap.com/data,,,,U.S. jurisdiction reconciled from co-located IM3 geometry.,Insufficient evidence to establish or attach a distinct campus
gigawatt:osm-way-837139011,osm-way-837139011,Gigawatt Map retained export,Observed footprint,building,ForceAmp.com,,,,,,,IA,Johnson County,,41.703998,-91.587078,Published point,,Observed footprint,,,,,,,,,,0.1,0.14,0.17,estimate,,,,,,,,,,,,,,,,,,,,,,,,,,D,Open geospatial inventory,osm_only,https://gigawattmap.com/data,,,,U.S. jurisdiction reconciled from co-located IM3 geometry.,Insufficient evidence to establish or attach a distinct campus
gigawatt:osm-way-838817907,osm-way-838817907,Gigawatt Map retained export,Observed footprint,building,TierPoint - Charlotte Data Center,,,,,,,NC,Mecklenburg County,,35.173196,-80.928121,Published point,,Observed footprint,,,,,,,,,,2.31,3.08,3.85,estimate,,,,,,,,,,,,,,,,,,,,,,,,,,D,Open geospatial inventory,osm_only,https://gigawattmap.com/data,,,,U.S. jurisdiction reconciled from co-located IM3 geometry.,Insufficient evidence to establish or attach a distinct campus
gigawatt:osm-way-838817943,osm-way-838817943,Gigawatt Map retained export,Observed footprint,building,SEGRA,,,,,,,NC,,,35.180053,-80.926357,Published point,,Observed footprint,,,,,,,,,,0.68,0.9,1.13,estimate,,,,,,,,,,,,,,,,,,,,,,,,,,D,Open geospatial inventory,osm_only,https://gigawattmap.com/data,,,,,Insufficient evidence to establish or attach a distinct campus
gigawatt:osm-way-841813139,osm-way-841813139,Gigawatt Map retained export,Observed footprint,building,CoreSite Chicago Data Center (CH2),coresite,,coresite,,,,IL,,,41.862798,-87.641304,Published point,,Observed footprint,,,,,,,,,,2.32,3.09,3.86,estimate,,,,,,,,,,,,,,,,,,,,,,,,,,D,Open geospatial inventory,osm_only,https://gigawattmap.com/data,,,,,Insufficient evidence to establish or attach a distinct campus
gigawatt:osm-way-842544718,osm-way-842544718,Gigawatt Map retained export,Observed footprint,building,Norma Beach Cable Landing Station,,,,,,,WA,,,47.864698,-122.284158,Published point,,Observed footprint,,,,,,,,,,0.09,0.12,0.15,estimate,,,,,,,,,,,,,,,,,,,,,,,,,,D,Open geospatial inventory,osm_only,https://gigawattmap.com/data,,,,,Insufficient evidence to establish or attach a distinct campus
gigawatt:osm-way-843314844,osm-way-843314844,Gigawatt Map retained export,Observed footprint,building,DirecTV,,,,,,,AZ,,,32.092706,-110.787424,Published point,,Observed footprint,,,,,,,,,,0.54,0.72,0.9,estimate,,,,,,,,,,,,,,,,,,,,,,,,,,D,Open geospatial inventory,osm_only,https://gigawattmap.com/data,,,,,Insufficient evidence to establish or attach a distinct campus
gigawatt:osm-way-845775548,osm-way-845775548,Gigawatt Map retained export,Observed footprint,building,JPMorgan Chase,,,,,,,CO,,,39.989087,-105.020703,Published point,,Observed footprint,,,,,,,,,,7.06,9.41,11.76,estimate,,,,,,,,,,,,,,,,,,,,,,,,,,D,Open geospatial inventory,osm_only,https://gigawattmap.com/data,,,,,Insufficient evidence to establish or attach a distinct campus
gigawatt:osm-way-850342266,osm-way-850342266,Gigawatt Map retained export,Observed footprint,building,Marquette-Adams Telephone Coop,,,,,,,WI,Marquette County,,43.782184,-89.574809,Published point,,Observed footprint,,,,,,,,,,0.31,0.41,0.52,estimate,,,,,,,,,,,,,,,,,,,,,,,,,,D,Open geospatial inventory,osm_only,https://gigawattmap.com/data,,,,U.S. jurisdiction reconciled from co-located IM3 geometry.,Insufficient evidence to establish or attach a distinct campus
gigawatt:osm-way-863162820,osm-way-863162820,Gigawatt Map retained export,Observed footprint,building,Stream Chicago II,,,,,,,IL,,,41.999124,-87.957765,Published point,,Observed footprint,,,,,,,,,,8.1,10.8,13.5,estimate,,,,,,,,,,,,,,,,,,,,,,,,,,D,Open geospatial inventory,osm_only,https://gigawattmap.com/data,,,,,Insufficient evidence to establish or attach a distinct campus
gigawatt:osm-way-863162822,osm-way-863162822,Gigawatt Map retained export,Observed footprint,building,STACK Chicago CHI01,stack,,stack,,,,IL,Cook County,,42.006844,-87.96519,Published point,,Observed footprint,,,,,,,,,,11.19,14.92,18.65,estimate,,,,,,,,,,,,,,,,,,,,,,,,,,D,Open geospatial inventory,osm_only,https://gigawattmap.com/data,,,,U.S. jurisdiction reconciled from co-located IM3 geometry.,Insufficient evidence to establish or attach a distinct campus
gigawatt:osm-way-863162825,osm-way-863162825,Gigawatt Map retained export,Observed footprint,building,Stream Chicago I,,,,,,,IL,,,42.002601,-87.951135,Published point,,Observed footprint,,,,,,,,,,4.52,6.03,7.54,estimate,,,,,,,,,,,,,,,,,,,,,,,,,,D,Open geospatial inventory,osm_only,https://gigawattmap.com/data,,,,,Insufficient evidence to establish or attach a distinct campus
gigawatt:osm-way-87058670,osm-way-87058670,Gigawatt Map retained export,Observed footprint,building,FirstLight,,,,,,,NH,,,43.076119,-70.808043,Published point,,Observed footprint,,,,,,,,,,0.35,0.47,0.58,estimate,,,,,,,,,,,,,,,,,,,,,,,,,,D,Open geospatial inventory,osm_only,https://gigawattmap.com/data,,,,,Insufficient evidence to establish or attach a distinct campus
gigawatt:osm-way-871694597,osm-way-871694597,Gigawatt Map retained export,Observed footprint,building,Turnkey Internet,,,,,,,NY,,,42.745441,-73.7592,Published point,,Observed footprint,,,,,,,,,,0.39,0.52,0.65,estimate,,,,,,,,,,,,,,,,,,,,,,,,,,D,Open geospatial inventory,osm_only,https://gigawattmap.com/data,,,,,Insufficient evidence to establish or attach a distinct campus
gigawatt:osm-way-876020641,osm-way-876020641,Gigawatt Map retained export,Observed footprint,building,Iron Mountain,,,,,,,WA,Spokane County,,47.594616,-117.537148,Published point,,Observed footprint,,,,,,,,,,0.53,0.7,0.88,estimate,,,,,,,,,,,,,,,,,,,,,,,,,,D,Open geospatial inventory,osm_only,https://gigawattmap.com/data,,,,U.S. jurisdiction reconciled from co-located IM3 geometry.,Insufficient evidence to establish or attach a distinct campus
gigawatt:osm-way-878795698,osm-way-878795698,Gigawatt Map retained export,Observed footprint,building,amnet Data Center,,,,,,,CT,,,41.091833,-73.516716,Published point,,Observed footprint,,,,,,,,,,0.39,0.53,0.66,estimate,,,,,,,,,,,,,,,,,,,,,,,,,,D,Open geospatial inventory,osm_only,https://gigawattmap.com/data,,,,,Insufficient evidence to establish or attach a distinct campus
gigawatt:osm-way-882977350,osm-way-882977350,Gigawatt Map retained export,Observed footprint,building,CloudHQ MCC1,,,,,,,VA,Prince William County,,38.717028,-77.499897,Published point,,Observed footprint,,,,,,,,,,15.0,20.0,24.99,estimate,,,,,,,,,,,,,,,,,,,,,,,,,,D,Open geospatial inventory,osm_only,https://gigawattmap.com/data,,,,U.S. jurisdiction reconciled from co-located IM3 geometry.,Insufficient evidence to establish or attach a distinct campus
gigawatt:osm-way-888253616,osm-way-888253616,Gigawatt Map retained export,Observed footprint,building,NTT Silicon Valley SV1 Data Center,ntt,,ntt,,,,CA,,,37.369053,-121.955338,Published point,,Observed footprint,,,,,,,,,,1.45,1.94,2.42,estimate,,,,,,,,,,,,,,,,,,,,,,,,,,D,Open geospatial inventory,osm_only,https://gigawattmap.com/data,,,,,Insufficient evidence to establish or attach a distinct campus
gigawatt:osm-way-891031651,osm-way-891031651,Gigawatt Map retained export,Observed footprint,building,T5 Data Center,,,,,,,GA,,,34.075922,-84.264316,Published point,,Observed footprint,,,,,,,,,,5.59,7.45,9.32,estimate,,,,,,,,,,,,,,,,,,,,,,,,,,D,Open geospatial inventory,osm_only,https://gigawattmap.com/data,,,,,Insufficient evidence to establish or attach a distinct campus
gigawatt:osm-way-89784186,osm-way-89784186,Gigawatt Map retained export,Observed footprint,building,Insurance Exchange Building,,,,,,,CO,,,39.745572,-104.995691,Published point,,Observed footprint,,,,,,,,,,0.74,0.99,1.24,estimate,,,,,,,,,,,,,,,,,,,,,,,,,,D,Open geospatial inventory,osm_only,https://gigawattmap.com/data,,,,,Insufficient evidence to establish or attach a distinct campus
gigawatt:osm-way-903236619,osm-way-903236619,Gigawatt Map retained export,Observed footprint,building,Quicken Loans,,,,,,,MI,,,42.32618,-83.069759,Published point,,Observed footprint,,,,,,,,,,1.73,2.31,2.89,estimate,,,,,,,,,,,,,,,,,,,,,,,,,,D,Open geospatial inventory,osm_only,https://gigawattmap.com/data,,,,,Insufficient evidence to establish or attach a distinct campus
gigawatt:osm-way-903642490,osm-way-903642490,Gigawatt Map retained export,Observed footprint,building,Family History Center,,,,,,,ID,Bear Lake County,,42.317296,-111.304245,Published point,,Observed footprint,,,,,,,,,,0.15,0.2,0.26,estimate,,,,,,,,,,,,,,,,,,,,,,,,,,D,Open geospatial inventory,osm_only,https://gigawattmap.com/data,,,,U.S. jurisdiction reconciled from co-located IM3 geometry.,Insufficient evidence to establish or attach a distinct campus
gigawatt:osm-way-909455922,osm-way-909455922,Gigawatt Map retained export,Observed footprint,building,42310 THUNDERBALL DR,,,,,,,VA,,,39.044099,-77.539674,Published point,,Observed footprint,,,,,,,,,,2.96,3.95,4.93,estimate,,,,,,,,,,,,,,,,,,,,,,,,,,D,Open geospatial inventory,osm_only,https://gigawattmap.com/data,,,,,Insufficient evidence to establish or attach a distinct campus
gigawatt:osm-way-909742340,osm-way-909742340,Gigawatt Map retained export,Observed footprint,building,QTS Data Center Bld 2,qts,,qts,,,,OR,Washington County,,45.558764,-122.929631,Published point,,Observed footprint,,,,,,,,,,6.48,8.63,10.79,estimate,,,,,,,,,,,,,,,,,,,,,,,,,,D,Open geospatial inventory,osm_only,https://gigawattmap.com/data,,,,U.S. jurisdiction reconciled from co-located IM3 geometry.,Insufficient evidence to establish or attach a distinct campus
gigawatt:osm-way-914613836,osm-way-914613836,Gigawatt Map retained export,Observed footprint,building,Amazon PDX91,amazon,,amazon,,,,OR,Morrow County,,45.837924,-119.688355,Published point,,Observed footprint,,,,,,,,,,7.91,10.55,13.19,estimate,,,,,,,,,,,,,,,,,,,,,,,,,,D,Open geospatial inventory,osm_only,https://gigawattmap.com/data,,,,U.S. jurisdiction reconciled from co-located IM3 geometry.,Insufficient evidence to establish or attach a distinct campus
gigawatt:osm-way-914616809,osm-way-914616809,Gigawatt Map retained export,Observed footprint,building,Amazon PDX92,amazon,,amazon,,,,OR,Morrow County,,45.83754,-119.693129,Published point,,Observed footprint,,,,,,,,,,7.91,10.55,13.19,estimate,,,,,,,,,,,,,,,,,,,,,,,,,,D,Open geospatial inventory,osm_only,https://gigawattmap.com/data,,,,U.S. jurisdiction reconciled from co-located IM3 geometry.,Insufficient evidence to establish or attach a distinct campus
gigawatt:osm-way-916046040,osm-way-916046040,Gigawatt Map retained export,Observed footprint,building,OSM way 916046040,,,,,,,CO,,,39.729478,-104.712754,Published point,,Observed footprint,,,,,,,,,,6.91,9.21,11.52,estimate,,,,,,,,,,,,,,,,,,,,,,,,,,D,Open geospatial inventory,osm_only,https://gigawattmap.com/data,,,,,Insufficient evidence to establish or attach a distinct campus
gigawatt:osm-way-916148870,osm-way-916148870,Gigawatt Map retained export,Observed footprint,building,OSM way 916148870,,,,,,,NY,,,43.044985,-78.749207,Published point,,Observed footprint,,,,,,,,,,1.57,2.1,2.62,estimate,,,,,,,,,,,,,,,,,,,,,,,,,,D,Open geospatial inventory,osm_only,https://gigawattmap.com/data,,,,,Insufficient evidence to establish or attach a distinct campus
gigawatt:osm-way-918871786,osm-way-918871786,Gigawatt Map retained export,Observed footprint,building,QTS Data Center Bld 3,qts,,qts,,,,OR,Washington County,,45.55878,-122.931906,Published point,,Observed footprint,,,,,,,,,,6.43,8.58,10.72,estimate,,,,,,,,,,,,,,,,,,,,,,,,,,D,Open geospatial inventory,osm_only,https://gigawattmap.com/data,,,,U.S. jurisdiction reconciled from co-located IM3 geometry.,Insufficient evidence to establish or attach a distinct campus
gigawatt:osm-way-918871787,osm-way-918871787,Gigawatt Map retained export,Observed footprint,building,QTS Data Center Bld 5,qts,,qts,,,,OR,Washington County,,45.558801,-122.93522,Published point,,Observed footprint,,,,,,,,,,6.33,8.45,10.56,estimate,,,,,,,,,,,,,,,,,,,,,,,,,,D,Open geospatial inventory,osm_only,https://gigawattmap.com/data,,,,U.S. jurisdiction reconciled from co-located IM3 geometry.,Insufficient evidence to establish or attach a distinct campus
gigawatt:osm-way-918871788,osm-way-918871788,Gigawatt Map retained export,Observed footprint,building,QTS Data Center Bld 4,qts,,qts,,,,OR,Washington County,,45.558781,-122.932946,Published point,,Observed footprint,,,,,,,,,,6.52,8.7,10.87,estimate,,,,,,,,,,,,,,,,,,,,,,,,,,D,Open geospatial inventory,osm_only,https://gigawattmap.com/data,,,,U.S. jurisdiction reconciled from co-located IM3 geometry.,Insufficient evidence to establish or attach a distinct campus
gigawatt:osm-way-923148801,osm-way-923148801,Gigawatt Map retained export,Observed footprint,building,Lumen Cleveland,,,,,,,OH,Cuyahoga County,,41.505066,-81.657775,Published point,,Observed footprint,,,,,,,,,,1.11,1.47,1.84,estimate,,,,,,,,,,,,,,,,,,,,,,,,,,D,Open geospatial inventory,osm_only,https://gigawattmap.com/data,,,,U.S. jurisdiction reconciled from co-located IM3 geometry.,Insufficient evidence to establish or attach a distinct campus
gigawatt:osm-way-930043986,osm-way-930043986,Gigawatt Map retained export,Observed footprint,building,SU Green Data Center,,,,,,,NY,,,43.012076,-76.115925,Published point,,Observed footprint,,,,,,,,,,0.46,0.61,0.76,estimate,,,,,,,,,,,,,,,,,,,,,,,,,,D,Open geospatial inventory,osm_only,https://gigawattmap.com/data,,,,,Insufficient evidence to establish or attach a distinct campus
gigawatt:osm-way-931369845,osm-way-931369845,Gigawatt Map retained export,Observed footprint,building,Johns Hopkins Data Center,,,,,,,MD,Baltimore city,,39.293559,-76.551738,Published point,,Observed footprint,,,,,,,,,,0.15,0.19,0.24,estimate,,,,,,,,,,,,,,,,,,,,,,,,,,D,Open geospatial inventory,osm_only,https://gigawattmap.com/data,,,,U.S. jurisdiction reconciled from co-located IM3 geometry.,Insufficient evidence to establish or attach a distinct campus
gigawatt:osm-way-93210344,osm-way-93210344,Gigawatt Map retained export,Observed footprint,building,Lincoln Rackhouse Maryland,,,,,,,MD,,,39.058563,-76.964322,Published point,,Observed footprint,,,,,,,,,,5.49,7.32,9.14,estimate,,,,,,,,,,,,,,,,,,,,,,,,,,D,Open geospatial inventory,osm_only,https://gigawattmap.com/data,,,,,Insufficient evidence to establish or attach a distinct campus
gigawatt:osm-way-933393863,osm-way-933393863,Gigawatt Map retained export,Observed footprint,building,Edgeconnex Data Center,edgeconnex,,edgeconnex,,,,CA,,,38.592297,-121.277437,Published point,,Observed footprint,,,,,,,,,,1.1,1.47,1.83,estimate,,,,,,,,,,,,,,,,,,,,,,,,,,D,Open geospatial inventory,osm_only,https://gigawattmap.com/data,,,,,Insufficient evidence to establish or attach a distinct campus
gigawatt:osm-way-938592711,osm-way-938592711,Gigawatt Map retained export,Observed footprint,building,OSM way 938592711,,,,,,,AZ,,,33.439468,-112.377058,Published point,,Observed footprint,,,,,,,,,,8.42,11.23,14.04,estimate,,,,,,,,,,,,,,,,,,,,,,,,,,D,Open geospatial inventory,osm_only,https://gigawattmap.com/data,,,,,Insufficient evidence to establish or attach a distinct campus
gigawatt:osm-way-940821791,osm-way-940821791,Gigawatt Map retained export,Observed footprint,building,Omnis Network,,,,,,,AZ,,,33.39441,-111.952491,Published point,,Observed footprint,,,,,,,,,,0.64,0.85,1.06,estimate,,,,,,,,,,,,,,,,,,,,,,,,,,D,Open geospatial inventory,osm_only,https://gigawattmap.com/data,,,,,Insufficient evidence to establish or attach a distinct campus
gigawatt:osm-way-942604537,osm-way-942604537,Gigawatt Map retained export,Observed footprint,building,Flexential Nashville - Franklin,flexential,,flexential,,,,TN,,,35.920459,-86.815574,Published point,,Observed footprint,,,,,,,,,,2.81,3.75,4.68,estimate,,,,,,,,,,,,,,,,,,,,,,,,,,D,Open geospatial inventory,osm_only,https://gigawattmap.com/data,,,,,Insufficient evidence to establish or attach a distinct campus
gigawatt:osm-way-95349317,osm-way-95349317,Gigawatt Map retained export,Observed footprint,building,CyrusOne Cincinnati-Lebanon,,,,,,,OH,Warren County,,39.389019,-84.221875,Published point,,Observed footprint,,,,,,,,,,7.44,9.92,12.4,estimate,,,,,,,,,,,,,,,,,,,,,,,,,,D,Open geospatial inventory,osm_only,https://gigawattmap.com/data,,,,U.S. jurisdiction reconciled from co-located IM3 geometry.,Insufficient evidence to establish or attach a distinct campus
gigawatt:osm-way-95782052,osm-way-95782052,Gigawatt Map retained export,Observed footprint,building,Equinix NY7 Data Center,equinix,,equinix,,,,NJ,,,40.796864,-74.031141,Published point,,Observed footprint,,,,,,,,,,2.57,3.43,4.29,estimate,,,,,,,,,,,,,,,,,,,,,,,,,,D,Open geospatial inventory,osm_only,https://gigawattmap.com/data,,,,,Insufficient evidence to establish or attach a distinct campus
gigawatt:osm-way-958153769,osm-way-958153769,Gigawatt Map retained export,Observed footprint,building,DLI ONE,,,,,,,GA,,,32.498096,-84.883571,Published point,,Observed footprint,,,,,,,,,,15.78,21.04,26.3,estimate,,,,,,,,,,,,,,,,,,,,,,,,,,D,Open geospatial inventory,osm_only,https://gigawattmap.com/data,,,,,Insufficient evidence to establish or attach a distinct campus
gigawatt:osm-way-958153770,osm-way-958153770,Gigawatt Map retained export,Observed footprint,building,OSM way 958153770,,,,,,,GA,,,32.498267,-84.883571,Published point,,Observed footprint,,,,,,,,,,4.37,5.83,7.29,estimate,,,,,,,,,,,,,,,,,,,,,,,,,,D,Open geospatial inventory,osm_only,https://gigawattmap.com/data,,,,,Insufficient evidence to establish or attach a distinct campus
gigawatt:osm-way-958728802,osm-way-958728802,Gigawatt Map retained export,Observed footprint,building,E-Foam,,,,,,,FL,,,28.577943,-81.564545,Published point,,Observed footprint,,,,,,,,,,0.32,0.42,0.53,estimate,,,,,,,,,,,,,,,,,,,,,,,,,,D,Open geospatial inventory,osm_only,https://gigawattmap.com/data,,,,,Insufficient evidence to establish or attach a distinct campus
gigawatt:osm-way-959969621,osm-way-959969621,Gigawatt Map retained export,Observed footprint,building,OSM way 959969621,,,,,,,CT,,,41.478807,-72.801006,Published point,,Observed footprint,,,,,,,,,,2.02,2.7,3.37,estimate,,,,,,,,,,,,,,,,,,,,,,,,,,D,Open geospatial inventory,osm_only,https://gigawattmap.com/data,,,,,Insufficient evidence to establish or attach a distinct campus
gigawatt:osm-way-961071564,osm-way-961071564,Gigawatt Map retained export,Observed footprint,building,SimpleHelix,,,,,,,AL,Madison County,,34.745431,-86.691883,Published point,,Observed footprint,,,,,,,,,,0.62,0.82,1.03,estimate,,,,,,,,,,,,,,,,,,,,,,,,,,D,Open geospatial inventory,osm_only,https://gigawattmap.com/data,,,,U.S. jurisdiction reconciled from co-located IM3 geometry.,Insufficient evidence to establish or attach a distinct campus
gigawatt:osm-way-977653854,osm-way-977653854,Gigawatt Map retained export,Observed footprint,building,CyrusOne PHX7,,,,,,,AZ,,,33.266358,-111.881909,Published point,,Observed footprint,,,,,,,,,,5.2,6.93,8.67,estimate,,,,,,,,,,,,,,,,,,,,,,,,,,D,Open geospatial inventory,osm_only,https://gigawattmap.com/data,,,,,Insufficient evidence to establish or attach a distinct campus
gigawatt:osm-way-977653859,osm-way-977653859,Gigawatt Map retained export,Observed footprint,building,CyrusOne PHX5,cyrusone,,cyrusone,,,,AZ,,,33.269741,-111.881587,Published point,,Observed footprint,,,,,,,,,,3.86,5.15,6.43,estimate,,,,,,,,,,,,,,,,,,,,,,,,,,D,Open geospatial inventory,osm_only,https://gigawattmap.com/data,,,,,Insufficient evidence to establish or attach a distinct campus
gigawatt:osm-way-978632013,osm-way-978632013,Gigawatt Map retained export,Observed footprint,building,Northwest Data Center and Communications Hub,,,,,,,CA,Santa Clara County,,37.433437,-122.180739,Published point,,Observed footprint,,,,,,,,,,0.38,0.51,0.63,estimate,,,,,,,,,,,,,,,,,,,,,,,,,,D,Open geospatial inventory,osm_only,https://gigawattmap.com/data,,,,U.S. jurisdiction reconciled from co-located IM3 geometry.,Insufficient evidence to establish or attach a distinct campus
gigawatt:osm-way-984796364,osm-way-984796364,Gigawatt Map retained export,Observed footprint,building,Switch Las Vegas 10,,,,,,,NV,Clark County,,36.055586,-115.223061,Published point,,Observed footprint,,,,,,,,,,7.74,10.32,12.9,estimate,,,,,,,,,,,,,,,,,,,,,,,,,,D,Open geospatial inventory,osm_only,https://gigawattmap.com/data,,,,U.S. jurisdiction reconciled from co-located IM3 geometry.,Insufficient evidence to establish or attach a distinct campus
gigawatt:osm-way-986296358,osm-way-986296358,Gigawatt Map retained export,Observed footprint,building,Equinix PE2,equinix,,equinix,,,,WA,,,-31.955921,115.797937,Published point,,Observed footprint,,,,,,,,,,0.66,0.88,1.1,estimate,,,,,,,,,,,,,,,,,,,,,,,,,,D,Open geospatial inventory,osm_only,https://gigawattmap.com/data,,,,,Insufficient evidence to establish or attach a distinct campus
gigawatt:osm-way-989325195,osm-way-989325195,Gigawatt Map retained export,Observed footprint,building,Verizon Wireless Mew Building,,,,,,,TX,Tarrant County,,32.972155,-97.156611,Published point,,Observed footprint,,,,,,,,,,6.61,8.82,11.02,estimate,,,,,,,,,,,,,,,,,,,,,,,,,,D,Open geospatial inventory,osm_only,https://gigawattmap.com/data,,,,U.S. jurisdiction reconciled from co-located IM3 geometry.,Insufficient evidence to establish or attach a distinct campus
gigawatt:osm-way-990537857,osm-way-990537857,Gigawatt Map retained export,Observed footprint,building,Amazon IAD122,amazon,,amazon,,,,VA,Loudoun County,,38.955863,-77.49718,Published point,,Observed footprint,,,,,,,,,,5.75,7.66,9.58,estimate,,,,,,,,,,,,,,,,,,,,,,,,,,D,Open geospatial inventory,osm_only,https://gigawattmap.com/data,,,,U.S. jurisdiction reconciled from co-located IM3 geometry.,Insufficient evidence to establish or attach a distinct campus
gigawatt:osm-way-990537858,osm-way-990537858,Gigawatt Map retained export,Observed footprint,building,CyrusOne Sterling IX,cyrusone,,cyrusone,,,,VA,Loudoun County,,38.958308,-77.50575,Published point,,Observed footprint,,,,,,,,,,9.98,13.3,16.63,estimate,,,,,,,,,,,,,,,,,,,,,,,,,,D,Open geospatial inventory,osm_only,https://gigawattmap.com/data,,,,U.S. jurisdiction reconciled from co-located IM3 geometry.,Insufficient evidence to establish or attach a distinct campus
gigawatt:osm-way-996723585,osm-way-996723585,Gigawatt Map retained export,Observed footprint,building,Iron Mountain VA-2,iron-mountain,,iron-mountain,,,,VA,Prince William County,,38.777249,-77.545965,Published point,,Observed footprint,,,,,,,,,,5.95,7.93,9.92,estimate,,,,,,,,,,,,,,,,,,,,,,,,,,D,Open geospatial inventory,osm_only,https://gigawattmap.com/data,,,,U.S. jurisdiction reconciled from co-located IM3 geometry.,Insufficient evidence to establish or attach a distinct campus
gigawatt:osm-way-996899489,osm-way-996899489,Gigawatt Map retained export,Observed footprint,building,CloudHQ MCC2,,,,,,,VA,Prince William County,,38.723182,-77.499009,Published point,,Observed footprint,,,,,,,,,,13.17,17.55,21.94,estimate,,,,,,,,,,,,,,,,,,,,,,,,,,D,Open geospatial inventory,osm_only,https://gigawattmap.com/data,,,,U.S. jurisdiction reconciled from co-located IM3 geometry.,Insufficient evidence to establish or attach a distinct campus
gigawatt:osm-way-99813512,osm-way-99813512,Gigawatt Map retained export,Observed footprint,building,Equinix SV4,equinix,,equinix,,,,CA,,,37.414564,-122.01458,Published point,,Observed footprint,,,,,,,,,,4.59,6.12,7.65,estimate,,,,,,,,,,,,,,,,,,,,,,,,,,D,Open geospatial inventory,osm_only,https://gigawattmap.com/data,,,,,Insufficient evidence to establish or attach a distinct campus
gigawatt:osm-way-99861735,osm-way-99861735,Gigawatt Map retained export,Observed footprint,building,Verizon - Bloomington Network,,,,,,,MN,,,44.807103,-93.375414,Published point,,Observed footprint,,,,,,,,,,1.96,2.62,3.27,estimate,,,,,,,,,,,,,,,,,,,,,,,,,,D,Open geospatial inventory,osm_only,https://gigawattmap.com/data,,,,,Insufficient evidence to establish or attach a distinct campus
gigawatt:osm-way-998933381,osm-way-998933381,Gigawatt Map retained export,Observed footprint,building,Rackspace Somerset NYC1,,,,,,,NJ,Somerset County,,40.544526,-74.537758,Published point,,Observed footprint,,,,,,,,,,0.69,0.92,1.15,estimate,,,,,,,,,,,,,,,,,,,,,,,,,,D,Open geospatial inventory,osm_only,https://gigawattmap.com/data,,,,U.S. jurisdiction reconciled from co-located IM3 geometry.,Insufficient evidence to establish or attach a distinct campus
gigawatt:osm-way-998933389,osm-way-998933389,Gigawatt Map retained export,Observed footprint,building,Rackspace Belmont NYC2,,,,,,,NJ,Somerset County,,40.540839,-74.537492,Published point,,Observed footprint,,,,,,,,,,2.16,2.87,3.59,estimate,,,,,,,,,,,,,,,,,,,,,,,,,,D,Open geospatial inventory,osm_only,https://gigawattmap.com/data,,,,U.S. jurisdiction reconciled from co-located IM3 geometry.,Insufficient evidence to establish or attach a distinct campus
im3:0028ff9d6d6f2415,im3-source:0028ff9d6d6f2415,IM3 Open Source Data Center Atlas / OpenStreetMap,Observed footprint,building,AWS IAD105,Amazon Web Services,,,,,,VA,Prince William County,,38.74759587073946,-77.5194752905985,Mapped centroid,,Observed footprint,,,,214270.0,,,,,,,,,,,,,,,,,,,,,,,,,,,,,,,,,,,C,Open geospatial inventory,mapped building,https://doi.org/10.57931/3017294,https://www.openstreetmap.org,,,IM3 geospatial observation. Identity grain is preserved by Observation Level.,Insufficient evidence to establish or attach a distinct campus
im3:009e2329a7633ca9,im3-source:009e2329a7633ca9,IM3 Open Source Data Center Atlas / OpenStreetMap,Observed footprint,building,Centersquare NYC3 Data Center,Centersquare,,,,,,NJ,Hudson County,,40.78616439093752,-74.0691821816355,Mapped centroid,,Observed footprint,,,,143163.0,,,,,,,,,,,,,,,,,,,,,,,,,,,,,,,,,,,C,Open geospatial inventory,mapped building,https://doi.org/10.57931/3017294,https://www.openstreetmap.org,,,IM3 geospatial observation. Identity grain is preserved by Observation Level.,Insufficient evidence to establish or attach a distinct campus
im3:00eeb2d774bb7bff,im3-source:00eeb2d774bb7bff,IM3 Open Source Data Center Atlas / OpenStreetMap,Observed footprint,building,Centersquare IAD2-A,Centersquare,,,,,,VA,Loudoun County,,38.98441813138134,-77.42381652099039,Mapped centroid,,Observed footprint,,,,48153.0,,,,,,,,,,,,,,,,,,,,,,,,,,,,,,,,,,,C,Open geospatial inventory,mapped building,https://doi.org/10.57931/3017294,https://www.openstreetmap.org,,,IM3 geospatial observation. Identity grain is preserved by Observation Level.,Insufficient evidence to establish or attach a distinct campus
im3:00f750728c5f60db,im3-source:00f750728c5f60db,IM3 Open Source Data Center Atlas / OpenStreetMap,Observed footprint,building,Amazon IAD14,Amazon Web Services,,,,,,VA,Prince William County,,38.78993177740666,-77.5482167856415,Mapped centroid,,Observed footprint,,,,118192.0,,,,,,,,,,,,,,,,,,,,,,,,,,,,,,,,,,,C,Open geospatial inventory,mapped building,https://doi.org/10.57931/3017294,https://www.openstreetmap.org,,,IM3 geospatial observation. Identity grain is preserved by Observation Level.,Insufficient evidence to establish or attach a distinct campus
im3:012e023144fab09a,im3-source:012e023144fab09a,IM3 Open Source Data Center Atlas / OpenStreetMap,Observed footprint,building,EdgeConneX Data Center,EdgeConneX,,,,,,OR,Washington County,,45.55662129993891,-122.9122128373545,Mapped centroid,,Observed footprint,,,,111564.0,,,,,,,,,,,,,,,,,,,,,,,,,,,,,,,,,,,C,Open geospatial inventory,mapped building,https://doi.org/10.57931/3017294,https://www.openstreetmap.org,,,IM3 geospatial observation. Identity grain is preserved by Observation Level.,Insufficient evidence to establish or attach a distinct campus
im3:01b44e55792d0a4e,im3-source:01b44e55792d0a4e,IM3 Open Source Data Center Atlas / OpenStreetMap,Observed footprint,building,LightEdge Austin II,,,,,,,TX,Travis County,,30.20067631984673,-97.70704415142151,Mapped centroid,,Observed footprint,,,,86445.0,,,,,,,,,,,,,,,,,,,,,,,,,,,,,,,,,,,C,Open geospatial inventory,mapped building,https://doi.org/10.57931/3017294,https://www.openstreetmap.org,,,IM3 geospatial observation. Identity grain is preserved by Observation Level.,Insufficient evidence to establish or attach a distinct campus
im3:01cc6c3b078f21e4,im3-source:01cc6c3b078f21e4,IM3 Open Source Data Center Atlas / OpenStreetMap,Observed footprint,building,Amazon IAD71,Amazon Web Services,,,,,,VA,Loudoun County,,39.02790806930883,-77.45750287480858,Mapped centroid,,Observed footprint,,,,121176.0,,,,,,,,,,,,,,,,,,,,,,,,,,,,,,,,,,,C,Open geospatial inventory,mapped building,https://doi.org/10.57931/3017294,https://www.openstreetmap.org,,,IM3 geospatial observation. Identity grain is preserved by Observation Level.,Insufficient evidence to establish or attach a distinct campus
im3:022083d4582dd7ce,im3-source:022083d4582dd7ce,IM3 Open Source Data Center Atlas / OpenStreetMap,Observed footprint,building,Facebook Altoona Data Center 1,Meta,,,,,,IA,Polk County,,41.664241117437776,-93.51472776529576,Mapped centroid,,Observed footprint,,,,315400.0,,,,,,,,,,,,,,,,,,,,,,,,,,,,,,,,,,,C,Open geospatial inventory,mapped building,https://doi.org/10.57931/3017294,https://www.openstreetmap.org,,,IM3 geospatial observation. Identity grain is preserved by Observation Level.,Insufficient evidence to establish or attach a distinct campus
im3:02c11c4ae948788c,im3-source:02c11c4ae948788c,IM3 Open Source Data Center Atlas / OpenStreetMap,Observed footprint,building,,,,,,,,VA,Fairfax County,,38.92277280296837,-77.42787142069763,Mapped centroid,,Observed footprint,,,,135479.0,,,,,,,,,,,,,,,,,,,,,,,,,,,,,,,,,,,C,Open geospatial inventory,mapped building,https://doi.org/10.57931/3017294,https://www.openstreetmap.org,,,IM3 geospatial observation. Identity grain is preserved by Observation Level.,Insufficient evidence to establish or attach a distinct campus
im3:02ded4fa9f5a84a6,im3-source:02ded4fa9f5a84a6,IM3 Open Source Data Center Atlas / OpenStreetMap,Observed footprint,building,Flexential Louisville - East,Flexential,,,,,,KY,Jefferson County,,38.277197827455346,-85.50724111621325,Mapped centroid,,Observed footprint,,,,34794.0,,,,,,,,,,,,,,,,,,,,,,,,,,,,,,,,,,,C,Open geospatial inventory,mapped building,https://doi.org/10.57931/3017294,https://www.openstreetmap.org,,,IM3 geospatial observation. Identity grain is preserved by Observation Level.,Insufficient evidence to establish or attach a distinct campus
im3:030294f33236c8cd,im3-source:030294f33236c8cd,IM3 Open Source Data Center Atlas / OpenStreetMap,Observed footprint,site_point,501 West,,,,,,,NJ,Mercer County,,40.315558,-74.6688514,Mapped centroid,,Observed footprint,,,,,,,,,,,,,,,,,,,,,,,,,,,,,,,,,,,,,,,C,Open geospatial inventory,mapped point,https://doi.org/10.57931/3017294,https://www.openstreetmap.org,,,IM3 geospatial observation. Identity grain is preserved by Observation Level.,Insufficient evidence to establish or attach a distinct campus
im3:0314faa8457f2eaf,im3-source:0314faa8457f2eaf,IM3 Open Source Data Center Atlas / OpenStreetMap,Observed footprint,building,Centersquare IAD4-B,Centersquare,,,,,,VA,Loudoun County,,39.02214033824212,-77.45360971695399,Mapped centroid,,Observed footprint,,,,90029.0,,,,,,,,,,,,,,,,,,,,,,,,,,,,,,,,,,,C,Open geospatial inventory,mapped building,https://doi.org/10.57931/3017294,https://www.openstreetmap.org,,,IM3 geospatial observation. Identity grain is preserved by Observation Level.,Insufficient evidence to establish or attach a distinct campus
im3:036ed72a4528da0a,im3-source:036ed72a4528da0a,IM3 Open Source Data Center Atlas / OpenStreetMap,Observed footprint,building,GoDaddy - Gilbert,,,,,,,AZ,Maricopa County,,33.361913829033966,-111.83930897392742,Mapped centroid,,Observed footprint,,,,91811.0,,,,,,,,,,,,,,,,,,,,,,,,,,,,,,,,,,,C,Open geospatial inventory,mapped building,https://doi.org/10.57931/3017294,https://www.openstreetmap.org,,,IM3 geospatial observation. Identity grain is preserved by Observation Level.,Insufficient evidence to establish or attach a distinct campus
im3:038ca604eff3a36d,im3-source:038ca604eff3a36d,IM3 Open Source Data Center Atlas / OpenStreetMap,Observed footprint,building,,,,,,,,TX,Wichita County,,33.95337794595219,-98.52473125697682,Mapped centroid,,Observed footprint,,,,39127.0,,,,,,,,,,,,,,,,,,,,,,,,,,,,,,,,,,,C,Open geospatial inventory,mapped building,https://doi.org/10.57931/3017294,https://www.openstreetmap.org,,,IM3 geospatial observation. Identity grain is preserved by Observation Level.,Insufficient evidence to establish or attach a distinct campus
im3:042ca61c54b94d69,im3-source:042ca61c54b94d69,IM3 Open Source Data Center Atlas / OpenStreetMap,Observed footprint,building,,,,,,,,TX,Bexar County,,29.44792213611551,-98.64112862006763,Mapped centroid,,Observed footprint,,,,142712.0,,,,,,,,,,,,,,,,,,,,,,,,,,,,,,,,,,,C,Open geospatial inventory,mapped building,https://doi.org/10.57931/3017294,https://www.openstreetmap.org,,,IM3 geospatial observation. Identity grain is preserved by Observation Level.,Insufficient evidence to establish or attach a distinct campus
im3:050652b4268d20ce,im3-source:050652b4268d20ce,IM3 Open Source Data Center Atlas / OpenStreetMap,Observed footprint,building,,CHRISTUS Health,,,,,,TX,Bexar County,,29.47034447877109,-98.68620953144912,Mapped centroid,,Observed footprint,,,,48815.0,,,,,,,,,,,,,,,,,,,,,,,,,,,,,,,,,,,C,Open geospatial inventory,mapped building,https://doi.org/10.57931/3017294,https://www.openstreetmap.org,,,IM3 geospatial observation. Identity grain is preserved by Observation Level.,Insufficient evidence to establish or attach a distinct campus
im3:05350770b2c57707,im3-source:05350770b2c57707,IM3 Open Source Data Center Atlas / OpenStreetMap,Observed footprint,building,,,,,,,,TX,Collin County,,33.0959943127187,-96.6815654388646,Mapped centroid,,Observed footprint,,,,121665.0,,,,,,,,,,,,,,,,,,,,,,,,,,,,,,,,,,,C,Open geospatial inventory,mapped building,https://doi.org/10.57931/3017294,https://www.openstreetmap.org,,,IM3 geospatial observation. Identity grain is preserved by Observation Level.,Insufficient evidence to establish or attach a distinct campus
im3:05939a57b4b88206,im3-source:05939a57b4b88206,IM3 Open Source Data Center Atlas / OpenStreetMap,Observed footprint,building,Amazon IAD12,Amazon Web Services,,,,,,VA,Loudoun County,,38.98872331237526,-77.4476714030381,Mapped centroid,,Observed footprint,,,,149598.0,,,,,,,,,,,,,,,,,,,,,,,,,,,,,,,,,,,C,Open geospatial inventory,mapped building,https://doi.org/10.57931/3017294,https://www.openstreetmap.org,,,IM3 geospatial observation. Identity grain is preserved by Observation Level.,Insufficient evidence to establish or attach a distinct campus
im3:05f115f6bd93486c,im3-source:05f115f6bd93486c,IM3 Open Source Data Center Atlas / OpenStreetMap,Observed footprint,building,Markley Data Center,Markley Group,,,,,,MA,Middlesex County,,42.630261995886414,-71.30442370613237,Mapped centroid,,Observed footprint,,,,123665.0,,,,,,,,,,,,,,,,,,,,,,,,,,,,,,,,,,,C,Open geospatial inventory,mapped building,https://doi.org/10.57931/3017294,https://www.openstreetmap.org,,,IM3 geospatial observation. Identity grain is preserved by Observation Level.,Insufficient evidence to establish or attach a distinct campus
im3:0613e8dd3f2ad5aa,im3-source:0613e8dd3f2ad5aa,IM3 Open Source Data Center Atlas / OpenStreetMap,Observed footprint,building,Centeris SH1 Colocation,,,,,,,WA,Pierce County,,47.16085522521096,-122.2793064367484,Mapped centroid,,Observed footprint,,,,115786.0,,,,,,,,,,,,,,,,,,,,,,,,,,,,,,,,,,,C,Open geospatial inventory,mapped building,https://doi.org/10.57931/3017294,https://www.openstreetmap.org,,,IM3 geospatial observation. Identity grain is preserved by Observation Level.,Insufficient evidence to establish or attach a distinct campus
im3:0687a981e86980a2,im3-source:0687a981e86980a2,IM3 Open Source Data Center Atlas / OpenStreetMap,Observed footprint,building,,FirstLight,,,,,,NH,Rockingham County,,43.076119257940064,-70.80804278053505,Mapped centroid,,Observed footprint,,,,9316.0,,,,,,,,,,,,,,,,,,,,,,,,,,,,,,,,,,,C,Open geospatial inventory,mapped building,https://doi.org/10.57931/3017294,https://www.openstreetmap.org,,,IM3 geospatial observation. Identity grain is preserved by Observation Level.,Insufficient evidence to establish or attach a distinct campus
im3:06917832ca8ae59d,im3-source:06917832ca8ae59d,IM3 Open Source Data Center Atlas / OpenStreetMap,Observed footprint,building,NTT Ashburn VA3 Data Center,NTT,,,,,,VA,Loudoun County,,39.017182329020805,-77.47037643798171,Mapped centroid,,Observed footprint,,,,231924.0,,,,,,,,,,,,,,,,,,,,,,,,,,,,,,,,,,,C,Open geospatial inventory,mapped building,https://doi.org/10.57931/3017294,https://www.openstreetmap.org,,,IM3 geospatial observation. Identity grain is preserved by Observation Level.,Insufficient evidence to establish or attach a distinct campus
im3:0746978223a95cf3,im3-source:0746978223a95cf3,IM3 Open Source Data Center Atlas / OpenStreetMap,Observed footprint,building,,,,,,,,MO,Platte County,,39.29565786492794,-94.67347189937068,Mapped centroid,,Observed footprint,,,,240121.0,,,,,,,,,,,,,,,,,,,,,,,,,,,,,,,,,,,C,Open geospatial inventory,mapped building,https://doi.org/10.57931/3017294,https://www.openstreetmap.org,,,IM3 geospatial observation. Identity grain is preserved by Observation Level.,Insufficient evidence to establish or attach a distinct campus
im3:07493e89d30ac5ff,im3-source:07493e89d30ac5ff,IM3 Open Source Data Center Atlas / OpenStreetMap,Observed footprint,building,Barclays Datacenter,Barclays,,,,,,NJ,Middlesex County,,40.547244262797776,-74.45973725982067,Mapped centroid,,Observed footprint,,,,352286.0,,,,,,,,,,,,,,,,,,,,,,,,,,,,,,,,,,,C,Open geospatial inventory,mapped building,https://doi.org/10.57931/3017294,https://www.openstreetmap.org,,,IM3 geospatial observation. Identity grain is preserved by Observation Level.,Insufficient evidence to establish or attach a distinct campus
im3:07747c3c380dfb37,im3-source:07747c3c380dfb37,IM3 Open Source Data Center Atlas / OpenStreetMap,Observed footprint,building,,,,,,,,OH,Franklin County,,40.02120157772031,-83.12318764307285,Mapped centroid,,Observed footprint,,,,130027.0,,,,,,,,,,,,,,,,,,,,,,,,,,,,,,,,,,,C,Open geospatial inventory,mapped building,https://doi.org/10.57931/3017294,https://www.openstreetmap.org,,,IM3 geospatial observation. Identity grain is preserved by Observation Level.,Insufficient evidence to establish or attach a distinct campus
im3:077bc413d9132b87,im3-source:077bc413d9132b87,IM3 Open Source Data Center Atlas / OpenStreetMap,Observed footprint,building,,,,,,,,AZ,Maricopa County,,33.3471688194501,-111.62596778710646,Mapped centroid,,Observed footprint,,,,337459.0,,,,,,,,,,,,,,,,,,,,,,,,,,,,,,,,,,,C,Open geospatial inventory,mapped building,https://doi.org/10.57931/3017294,https://www.openstreetmap.org,,,IM3 geospatial observation. Identity grain is preserved by Observation Level.,Insufficient evidence to establish or attach a distinct campus
im3:0795cd84e9abddb5,im3-source:0795cd84e9abddb5,IM3 Open Source Data Center Atlas / OpenStreetMap,Observed footprint,site_point,123 Central,bigbyte.cc,,,,,,NM,Bernalillo County,,35.08444940000002,-106.6489853,Mapped centroid,,Observed footprint,,,,,,,,,,,,,,,,,,,,,,,,,,,,,,,,,,,,,,,C,Open geospatial inventory,mapped point,https://doi.org/10.57931/3017294,https://www.openstreetmap.org,,,IM3 geospatial observation. Identity grain is preserved by Observation Level.,Insufficient evidence to establish or attach a distinct campus
im3:07eb8b699e5dc3ac,im3-source:07eb8b699e5dc3ac,IM3 Open Source Data Center Atlas / OpenStreetMap,Observed footprint,building,SimpleHelix,,,,,,,AL,Madison County,,34.745431,-86.691883,Mapped centroid,,Observed footprint,,,,16411.0,,,,,,,,,,,,,,,,,,,,,,,,,,,,,,,,,,,C,Open geospatial inventory,mapped building,https://doi.org/10.57931/3017294,https://www.openstreetmap.org,,,IM3 geospatial observation. Identity grain is preserved by Observation Level.,Insufficient evidence to establish or attach a distinct campus
im3:0856a3b39b3f18ee,im3-source:0856a3b39b3f18ee,IM3 Open Source Data Center Atlas / OpenStreetMap,Observed footprint,building,Thin-nology,,,,,,,TX,Travis County,,30.4211412290616,-97.59160304354673,Mapped centroid,,Observed footprint,,,,9209.0,,,,,,,,,,,,,,,,,,,,,,,,,,,,,,,,,,,C,Open geospatial inventory,mapped building,https://doi.org/10.57931/3017294,https://www.openstreetmap.org,,,IM3 geospatial observation. Identity grain is preserved by Observation Level.,Insufficient evidence to establish or attach a distinct campus
im3:08a8894964f13a51,im3-source:08a8894964f13a51,IM3 Open Source Data Center Atlas / OpenStreetMap,Observed footprint,building,Yahoo,Yahoo,,,,,,NE,Sarpy County,,41.18049998847463,-96.08489875254452,Mapped centroid,,Observed footprint,,,,237691.0,,,,,,,,,,,,,,,,,,,,,,,,,,,,,,,,,,,C,Open geospatial inventory,mapped building,https://doi.org/10.57931/3017294,https://www.openstreetmap.org,,,IM3 geospatial observation. Identity grain is preserved by Observation Level.,Insufficient evidence to establish or attach a distinct campus
im3:08ec8e6a6786434a,im3-source:08ec8e6a6786434a,IM3 Open Source Data Center Atlas / OpenStreetMap,Observed footprint,building,CoreSite SV4,CoreSite,,,,,,CA,Santa Clara County,,37.376263105502225,-121.97068417340404,Mapped centroid,,Observed footprint,,,,51928.0,,,,,,,,,,,,,,,,,,,,,,,,,,,,,,,,,,,C,Open geospatial inventory,mapped building,https://doi.org/10.57931/3017294,https://www.openstreetmap.org,,,IM3 geospatial observation. Identity grain is preserved by Observation Level.,Insufficient evidence to establish or attach a distinct campus
im3:0930b075be22e0f0,im3-source:0930b075be22e0f0,IM3 Open Source Data Center Atlas / OpenStreetMap,Observed footprint,building,,Aligned Data Centers,,,,,,OH,Erie County,,41.43243048800584,-82.7190275152503,Mapped centroid,,Observed footprint,,,,633484.0,,,,,,,,,,,,,,,,,,,,,,,,,,,,,,,,,,,C,Open geospatial inventory,mapped building,https://doi.org/10.57931/3017294,https://www.openstreetmap.org,,,IM3 geospatial observation. Identity grain is preserved by Observation Level.,Insufficient evidence to establish or attach a distinct campus
im3:09ae7753732e11f3,im3-source:09ae7753732e11f3,IM3 Open Source Data Center Atlas / OpenStreetMap,Observed footprint,site_point,Flexential Cincinnati,Flexential,,,,,,OH,Butler County,,39.31593130000003,-84.44946380000002,Mapped centroid,,Observed footprint,,,,,,,,,,,,,,,,,,,,,,,,,,,,,,,,,,,,,,,C,Open geospatial inventory,mapped point,https://doi.org/10.57931/3017294,https://www.openstreetmap.org,,,IM3 geospatial observation. Identity grain is preserved by Observation Level.,Insufficient evidence to establish or attach a distinct campus
im3:09b5bfd83c77c8ea,im3-source:09b5bfd83c77c8ea,IM3 Open Source Data Center Atlas / OpenStreetMap,Observed footprint,building,Amazon IAD601,Amazon Web Services,,,,,,VA,Loudoun County,,39.01526292996649,-77.43777001894873,Mapped centroid,,Observed footprint,,,,14384.0,,,,,,,,,,,,,,,,,,,,,,,,,,,,,,,,,,,C,Open geospatial inventory,mapped building,https://doi.org/10.57931/3017294,https://www.openstreetmap.org,,,IM3 geospatial observation. Identity grain is preserved by Observation Level.,Insufficient evidence to establish or attach a distinct campus
im3:0a08b12fce4c3e9f,im3-source:0a08b12fce4c3e9f,IM3 Open Source Data Center Atlas / OpenStreetMap,Observed footprint,building,,,,,,,,NV,Washoe County,,39.57098620119756,-119.53531756445848,Mapped centroid,,Observed footprint,,,,89824.0,,,,,,,,,,,,,,,,,,,,,,,,,,,,,,,,,,,C,Open geospatial inventory,mapped building,https://doi.org/10.57931/3017294,https://www.openstreetmap.org,,,IM3 geospatial observation. Identity grain is preserved by Observation Level.,Insufficient evidence to establish or attach a distinct campus
im3:0a4f8e7fda3b907c,im3-source:0a4f8e7fda3b907c,IM3 Open Source Data Center Atlas / OpenStreetMap,Observed footprint,building,,,,,,,,WY,Laramie County,,41.12226602480487,-104.90814229879268,Mapped centroid,,Observed footprint,,,,218419.0,,,,,,,,,,,,,,,,,,,,,,,,,,,,,,,,,,,C,Open geospatial inventory,mapped building,https://doi.org/10.57931/3017294,https://www.openstreetmap.org,,,IM3 geospatial observation. Identity grain is preserved by Observation Level.,Insufficient evidence to establish or attach a distinct campus
im3:0b7621c38deccb07,im3-source:0b7621c38deccb07,IM3 Open Source Data Center Atlas / OpenStreetMap,Observed footprint,building,COPT Data Center Bldg 2,Amazon Web Services,,,,,,VA,Prince William County,,38.74405495000003,-77.5291961,Mapped centroid,,Observed footprint,,,,104114.0,,,,,,,,,,,,,,,,,,,,,,,,,,,,,,,,,,,C,Open geospatial inventory,mapped building,https://doi.org/10.57931/3017294,https://www.openstreetmap.org,,,IM3 geospatial observation. Identity grain is preserved by Observation Level.,Insufficient evidence to establish or attach a distinct campus
im3:0bc37368021080e6,im3-source:0bc37368021080e6,IM3 Open Source Data Center Atlas / OpenStreetMap,Observed footprint,building,Flexential - Richmond,Flexential,,,,,,VA,Henrico County,,37.646890211666296,-77.43869516627511,Mapped centroid,,Observed footprint,,,,39778.0,,,,,,,,,,,,,,,,,,,,,,,,,,,,,,,,,,,C,Open geospatial inventory,mapped building,https://doi.org/10.57931/3017294,https://www.openstreetmap.org,,,IM3 geospatial observation. Identity grain is preserved by Observation Level.,Insufficient evidence to establish or attach a distinct campus
im3:0bcb9b53be12ef39,im3-source:0bcb9b53be12ef39,IM3 Open Source Data Center Atlas / OpenStreetMap,Observed footprint,building,32 Avenue of the Americas,,,,,,,NY,New York County,,40.7199984788648,-74.00463587014985,Mapped centroid,,Observed footprint,,,,42396.0,,,,,,,,,,,,,,,,,,,,,,,,,,,,,,,,,,,C,Open geospatial inventory,mapped building,https://doi.org/10.57931/3017294,https://www.openstreetmap.org,,,IM3 geospatial observation. Identity grain is preserved by Observation Level.,Insufficient evidence to establish or attach a distinct campus
im3:0c0fa114bf278334,im3-source:0c0fa114bf278334,IM3 Open Source Data Center Atlas / OpenStreetMap,Observed footprint,building,,,,,,,,WA,Grant County,,47.24017868634915,-119.8632066860906,Mapped centroid,,Observed footprint,,,,504350.0,,,,,,,,,,,,,,,,,,,,,,,,,,,,,,,,,,,C,Open geospatial inventory,mapped building,https://doi.org/10.57931/3017294,https://www.openstreetmap.org,,,IM3 geospatial observation. Identity grain is preserved by Observation Level.,Insufficient evidence to establish or attach a distinct campus
im3:0c1d28a3642494b3,im3-source:0c1d28a3642494b3,IM3 Open Source Data Center Atlas / OpenStreetMap,Observed footprint,building,CyrusOne San Antonio IV,,,,,,,TX,Bexar County,,29.470679240951167,-98.67062972016936,Mapped centroid,,Observed footprint,,,,92543.0,,,,,,,,,,,,,,,,,,,,,,,,,,,,,,,,,,,C,Open geospatial inventory,mapped building,https://doi.org/10.57931/3017294,https://www.openstreetmap.org,,,IM3 geospatial observation. Identity grain is preserved by Observation Level.,Insufficient evidence to establish or attach a distinct campus
im3:0c7ee59657333e67,im3-source:0c7ee59657333e67,IM3 Open Source Data Center Atlas / OpenStreetMap,Observed footprint,building,Amazon IAD98,Amazon Web Services,,,,,,VA,Loudoun County,,39.020224921863544,-77.43388565718497,Mapped centroid,,Observed footprint,,,,150826.0,,,,,,,,,,,,,,,,,,,,,,,,,,,,,,,,,,,C,Open geospatial inventory,mapped building,https://doi.org/10.57931/3017294,https://www.openstreetmap.org,,,IM3 geospatial observation. Identity grain is preserved by Observation Level.,Insufficient evidence to establish or attach a distinct campus
im3:0d1b56d60b88827a,im3-source:0d1b56d60b88827a,IM3 Open Source Data Center Atlas / OpenStreetMap,Observed footprint,site_point,Iron Mountain Data Centers AZS-1,,,,,,,AZ,Maricopa County,,33.64466630000003,-111.8960985,Mapped centroid,,Observed footprint,,,,,,,,,,,,,,,,,,,,,,,,,,,,,,,,,,,,,,,C,Open geospatial inventory,mapped point,https://doi.org/10.57931/3017294,https://www.openstreetmap.org,,,IM3 geospatial observation. Identity grain is preserved by Observation Level.,Insufficient evidence to establish or attach a distinct campus
im3:0d55e0d3e59d5e8b,im3-source:0d55e0d3e59d5e8b,IM3 Open Source Data Center Atlas / OpenStreetMap,Observed footprint,building,Amazon IAD124,Amazon Web Services,,,,,,VA,Loudoun County,,38.94989545,-77.5604517,Mapped centroid,,Observed footprint,,,,104434.0,,,,,,,,,,,,,,,,,,,,,,,,,,,,,,,,,,,C,Open geospatial inventory,mapped building,https://doi.org/10.57931/3017294,https://www.openstreetmap.org,,,IM3 geospatial observation. Identity grain is preserved by Observation Level.,Insufficient evidence to establish or attach a distinct campus
im3:0d7ef0c8c300a8a6,im3-source:0d7ef0c8c300a8a6,IM3 Open Source Data Center Atlas / OpenStreetMap,Observed footprint,building,UPS Data Center,,,,,,,GA,Forsyth County,,34.10338317691206,-84.21497392803131,Mapped centroid,,Observed footprint,,,,173693.0,,,,,,,,,,,,,,,,,,,,,,,,,,,,,,,,,,,C,Open geospatial inventory,mapped building,https://doi.org/10.57931/3017294,https://www.openstreetmap.org,,,IM3 geospatial observation. Identity grain is preserved by Observation Level.,Insufficient evidence to establish or attach a distinct campus
im3:0dda0be79b212f9c,im3-source:0dda0be79b212f9c,IM3 Open Source Data Center Atlas / OpenStreetMap,Observed footprint,building,Amazon IAD130,Amazon Web Services,,,,,,VA,Prince William County,,38.7603606,-77.51930185000002,Mapped centroid,,Observed footprint,,,,103128.0,,,,,,,,,,,,,,,,,,,,,,,,,,,,,,,,,,,C,Open geospatial inventory,mapped building,https://doi.org/10.57931/3017294,https://www.openstreetmap.org,,,IM3 geospatial observation. Identity grain is preserved by Observation Level.,Insufficient evidence to establish or attach a distinct campus
im3:0e2bd25834122ff3,im3-source:0e2bd25834122ff3,IM3 Open Source Data Center Atlas / OpenStreetMap,Observed footprint,building,Flexential Allentown data center,Flexential,,,,,,PA,Lehigh County,,40.63569531641983,-75.45757328559777,Mapped centroid,,Observed footprint,,,,48995.0,,,,,,,,,,,,,,,,,,,,,,,,,,,,,,,,,,,C,Open geospatial inventory,mapped building,https://doi.org/10.57931/3017294,https://www.openstreetmap.org,,,IM3 geospatial observation. Identity grain is preserved by Observation Level.,Insufficient evidence to establish or attach a distinct campus
im3:0e76459d8a14cc3f,im3-source:0e76459d8a14cc3f,IM3 Open Source Data Center Atlas / OpenStreetMap,Observed footprint,site_point,Netrality,Netrality,,,,,,IL,Cook County,,41.872881100000015,-87.63344,Mapped centroid,,Observed footprint,,,,,,,,,,,,,,,,,,,,,,,,,,,,,,,,,,,,,,,C,Open geospatial inventory,mapped point,https://doi.org/10.57931/3017294,https://www.openstreetmap.org,,,IM3 geospatial observation. Identity grain is preserved by Observation Level.,Insufficient evidence to establish or attach a distinct campus
im3:0eb0c5093ce3eb5d,im3-source:0eb0c5093ce3eb5d,IM3 Open Source Data Center Atlas / OpenStreetMap,Observed footprint,building,,,,,,,,NJ,Somerset County,,40.59971850697968,-74.71011198673938,Mapped centroid,,Observed footprint,,,,54527.0,,,,,,,,,,,,,,,,,,,,,,,,,,,,,,,,,,,C,Open geospatial inventory,mapped building,https://doi.org/10.57931/3017294,https://www.openstreetmap.org,,,IM3 geospatial observation. Identity grain is preserved by Observation Level.,Insufficient evidence to establish or attach a distinct campus
im3:0ed4739b4c4741e8,im3-source:0ed4739b4c4741e8,IM3 Open Source Data Center Atlas / OpenStreetMap,Observed footprint,building,Element Critical CH2,Element Critical,,,,,,IL,DuPage County,,41.9742273121056,-87.96717576234276,Mapped centroid,,Observed footprint,,,,44358.0,,,,,,,,,,,,,,,,,,,,,,,,,,,,,,,,,,,C,Open geospatial inventory,mapped building,https://doi.org/10.57931/3017294,https://www.openstreetmap.org,,,IM3 geospatial observation. Identity grain is preserved by Observation Level.,Insufficient evidence to establish or attach a distinct campus
im3:0ef8163454794d5f,im3-source:0ef8163454794d5f,IM3 Open Source Data Center Atlas / OpenStreetMap,Observed footprint,building,Amazon IAD174,Amazon Web Services,,,,,,VA,Loudoun County,,39.0289156237226,-77.42747328593995,Mapped centroid,,Observed footprint,,,,132388.0,,,,,,,,,,,,,,,,,,,,,,,,,,,,,,,,,,,C,Open geospatial inventory,mapped building,https://doi.org/10.57931/3017294,https://www.openstreetmap.org,,,IM3 geospatial observation. Identity grain is preserved by Observation Level.,Insufficient evidence to establish or attach a distinct campus
im3:0f0013a855dbf7be,im3-source:0f0013a855dbf7be,IM3 Open Source Data Center Atlas / OpenStreetMap,Observed footprint,building,,,,,,,,MD,Howard County,,39.13368478512646,-76.85140714735189,Mapped centroid,,Observed footprint,,,,112205.0,,,,,,,,,,,,,,,,,,,,,,,,,,,,,,,,,,,C,Open geospatial inventory,mapped building,https://doi.org/10.57931/3017294,https://www.openstreetmap.org,,,IM3 geospatial observation. Identity grain is preserved by Observation Level.,Insufficient evidence to establish or attach a distinct campus
im3:0f33a3ca653c367c,im3-source:0f33a3ca653c367c,IM3 Open Source Data Center Atlas / OpenStreetMap,Observed footprint,site_point,Flexential Jacksonville,Flexential,,,,,,FL,Duval County,,30.2457482,-81.5817226,Mapped centroid,,Observed footprint,,,,,,,,,,,,,,,,,,,,,,,,,,,,,,,,,,,,,,,C,Open geospatial inventory,mapped point,https://doi.org/10.57931/3017294,https://www.openstreetmap.org,,,IM3 geospatial observation. Identity grain is preserved by Observation Level.,Insufficient evidence to establish or attach a distinct campus
im3:0f429743a8e77e51,im3-source:0f429743a8e77e51,IM3 Open Source Data Center Atlas / OpenStreetMap,Observed footprint,building,,,,,,,,TX,Bexar County,,29.446674201882978,-98.640690267099,Mapped centroid,,Observed footprint,,,,127563.0,,,,,,,,,,,,,,,,,,,,,,,,,,,,,,,,,,,C,Open geospatial inventory,mapped building,https://doi.org/10.57931/3017294,https://www.openstreetmap.org,,,IM3 geospatial observation. Identity grain is preserved by Observation Level.,Insufficient evidence to establish or attach a distinct campus
im3:0fe3463364d6c880,im3-source:0fe3463364d6c880,IM3 Open Source Data Center Atlas / OpenStreetMap,Observed footprint,site_point,FirstLight Data Center,FirstLight,,,,,,ME,Cumberland County,,43.657838799999986,-70.26137850000002,Mapped centroid,,Observed footprint,,,,,,,,,,,,,,,,,,,,,,,,,,,,,,,,,,,,,,,C,Open geospatial inventory,mapped point,https://doi.org/10.57931/3017294,https://www.openstreetmap.org,,,IM3 geospatial observation. Identity grain is preserved by Observation Level.,Insufficient evidence to establish or attach a distinct campus
im3:104f0ddfd7c09213,im3-source:104f0ddfd7c09213,IM3 Open Source Data Center Atlas / OpenStreetMap,Observed footprint,building,Lumen San Antonio 2,Lumen Technologies,,,,,,TX,Bexar County,,29.438279094309383,-98.50652172673269,Mapped centroid,,Observed footprint,,,,12722.0,,,,,,,,,,,,,,,,,,,,,,,,,,,,,,,,,,,C,Open geospatial inventory,mapped building,https://doi.org/10.57931/3017294,https://www.openstreetmap.org,,,IM3 geospatial observation. Identity grain is preserved by Observation Level.,Insufficient evidence to establish or attach a distinct campus
im3:1059981dc0d77404,im3-source:1059981dc0d77404,IM3 Open Source Data Center Atlas / OpenStreetMap,Observed footprint,building,,,,,,,,NV,Storey County,,39.5138704767209,-119.48485275029952,Mapped centroid,,Observed footprint,,,,296544.0,,,,,,,,,,,,,,,,,,,,,,,,,,,,,,,,,,,C,Open geospatial inventory,mapped building,https://doi.org/10.57931/3017294,https://www.openstreetmap.org,,,IM3 geospatial observation. Identity grain is preserved by Observation Level.,Insufficient evidence to establish or attach a distinct campus
im3:1065ae872151ce05,im3-source:1065ae872151ce05,IM3 Open Source Data Center Atlas / OpenStreetMap,Observed footprint,building,CoreSite SV5,CoreSite,,,,,,CA,Santa Clara County,,37.37519609893816,-121.97068979279838,Mapped centroid,,Observed footprint,,,,50856.0,,,,,,,,,,,,,,,,,,,,,,,,,,,,,,,,,,,C,Open geospatial inventory,mapped building,https://doi.org/10.57931/3017294,https://www.openstreetmap.org,,,IM3 geospatial observation. Identity grain is preserved by Observation Level.,Insufficient evidence to establish or attach a distinct campus
im3:116665b59e8b62c5,im3-source:116665b59e8b62c5,IM3 Open Source Data Center Atlas / OpenStreetMap,Observed footprint,building,CyrusOne Cincinnati-Mason CIN3,CyrusOne,,,,,,OH,Warren County,,39.30389580652139,-84.31158000001082,Mapped centroid,,Observed footprint,,,,82813.0,,,,,,,,,,,,,,,,,,,,,,,,,,,,,,,,,,,C,Open geospatial inventory,mapped building,https://doi.org/10.57931/3017294,https://www.openstreetmap.org,,,IM3 geospatial observation. Identity grain is preserved by Observation Level.,Insufficient evidence to establish or attach a distinct campus
im3:119ad7d27e4232a8,im3-source:119ad7d27e4232a8,IM3 Open Source Data Center Atlas / OpenStreetMap,Observed footprint,building,,,,,,,,WA,Douglas County,,47.39175690405271,-120.21751437496486,Mapped centroid,,Observed footprint,,,,4003.0,,,,,,,,,,,,,,,,,,,,,,,,,,,,,,,,,,,C,Open geospatial inventory,mapped building,https://doi.org/10.57931/3017294,https://www.openstreetmap.org,,,IM3 geospatial observation. Identity grain is preserved by Observation Level.,Insufficient evidence to establish or attach a distinct campus
im3:122a79b56ae8a9a4,im3-source:122a79b56ae8a9a4,IM3 Open Source Data Center Atlas / OpenStreetMap,Observed footprint,building,,,,,,,,CO,Arapahoe County,,39.59013144201256,-104.84696328233017,Mapped centroid,,Observed footprint,,,,108473.0,,,,,,,,,,,,,,,,,,,,,,,,,,,,,,,,,,,C,Open geospatial inventory,mapped building,https://doi.org/10.57931/3017294,https://www.openstreetmap.org,,,IM3 geospatial observation. Identity grain is preserved by Observation Level.,Insufficient evidence to establish or attach a distinct campus
im3:12d62b79a51a6215,im3-source:12d62b79a51a6215,IM3 Open Source Data Center Atlas / OpenStreetMap,Observed footprint,building,,,,,,,,OR,Umatilla County,,45.91570984742483,-119.269980567306,Mapped centroid,,Observed footprint,,,,15313.0,,,,,,,,,,,,,,,,,,,,,,,,,,,,,,,,,,,C,Open geospatial inventory,mapped building,https://doi.org/10.57931/3017294,https://www.openstreetmap.org,,,IM3 geospatial observation. Identity grain is preserved by Observation Level.,Insufficient evidence to establish or attach a distinct campus
im3:140788383b5885d8,im3-source:140788383b5885d8,IM3 Open Source Data Center Atlas / OpenStreetMap,Observed footprint,building,Evocative Santa Clara SJC11,,,,,,,CA,Santa Clara County,,37.389539602194105,-121.96194604419048,Mapped centroid,,Observed footprint,,,,51418.0,,,,,,,,,,,,,,,,,,,,,,,,,,,,,,,,,,,C,Open geospatial inventory,mapped building,https://doi.org/10.57931/3017294,https://www.openstreetmap.org,,,IM3 geospatial observation. Identity grain is preserved by Observation Level.,Insufficient evidence to establish or attach a distinct campus
im3:142d19faaabea4b0,im3-source:142d19faaabea4b0,IM3 Open Source Data Center Atlas / OpenStreetMap,Observed footprint,building,,,,,,,,NY,Westchester County,,40.95126975000002,-73.897901,Mapped centroid,,Observed footprint,,,,13426.0,,,,,,,,,,,,,,,,,,,,,,,,,,,,,,,,,,,C,Open geospatial inventory,mapped building,https://doi.org/10.57931/3017294,https://www.openstreetmap.org,,,IM3 geospatial observation. Identity grain is preserved by Observation Level.,Insufficient evidence to establish or attach a distinct campus
im3:1436a4490202b283,im3-source:1436a4490202b283,IM3 Open Source Data Center Atlas / OpenStreetMap,Observed footprint,site_point,,Ntirety,,,,,,CA,San Francisco County,,37.7796531,-122.3940005,Mapped centroid,,Observed footprint,,,,,,,,,,,,,,,,,,,,,,,,,,,,,,,,,,,,,,,C,Open geospatial inventory,mapped point,https://doi.org/10.57931/3017294,https://www.openstreetmap.org,,,IM3 geospatial observation. Identity grain is preserved by Observation Level.,Insufficient evidence to establish or attach a distinct campus
im3:144a4788cc6b702a,im3-source:144a4788cc6b702a,IM3 Open Source Data Center Atlas / OpenStreetMap,Observed footprint,site_point,505 Marquette,,,,,,,NM,Bernalillo County,,35.088628899999954,-106.6526456,Mapped centroid,,Observed footprint,,,,,,,,,,,,,,,,,,,,,,,,,,,,,,,,,,,,,,,C,Open geospatial inventory,mapped point,https://doi.org/10.57931/3017294,https://www.openstreetmap.org,,,IM3 geospatial observation. Identity grain is preserved by Observation Level.,Insufficient evidence to establish or attach a distinct campus
im3:147a847e4d7c170e,im3-source:147a847e4d7c170e,IM3 Open Source Data Center Atlas / OpenStreetMap,Observed footprint,building,Golds Gym Ashburn,,,,,,,VA,Loudoun County,,39.0156014811311,-77.48327064033296,Mapped centroid,,Observed footprint,,,,54700.0,,,,,,,,,,,,,,,,,,,,,,,,,,,,,,,,,,,C,Open geospatial inventory,mapped building,https://doi.org/10.57931/3017294,https://www.openstreetmap.org,,,IM3 geospatial observation. Identity grain is preserved by Observation Level.,Insufficient evidence to establish or attach a distinct campus
im3:1530a67276e4edb0,im3-source:1530a67276e4edb0,IM3 Open Source Data Center Atlas / OpenStreetMap,Observed footprint,building,,,,,,,,WI,Columbia County,,43.63833310937913,-89.72140293849596,Mapped centroid,,Observed footprint,,,,361.0,,,,,,,,,,,,,,,,,,,,,,,,,,,,,,,,,,,C,Open geospatial inventory,mapped building,https://doi.org/10.57931/3017294,https://www.openstreetmap.org,,,IM3 geospatial observation. Identity grain is preserved by Observation Level.,Insufficient evidence to establish or attach a distinct campus
im3:15842083239be537,im3-source:15842083239be537,IM3 Open Source Data Center Atlas / OpenStreetMap,Observed footprint,building,,,,,,,,OR,Crook County,,44.293683167861154,-120.88151891607475,Mapped centroid,,Observed footprint,,,,328376.0,,,,,,,,,,,,,,,,,,,,,,,,,,,,,,,,,,,C,Open geospatial inventory,mapped building,https://doi.org/10.57931/3017294,https://www.openstreetmap.org,,,IM3 geospatial observation. Identity grain is preserved by Observation Level.,Insufficient evidence to establish or attach a distinct campus
im3:15c1fb9e94f3d99d,im3-source:15c1fb9e94f3d99d,IM3 Open Source Data Center Atlas / OpenStreetMap,Observed footprint,building,U.S. Bank National Data Process Center,,,,,,,KS,Johnson County,,38.935643098157065,-94.86447122633945,Mapped centroid,,Observed footprint,,,,162098.0,,,,,,,,,,,,,,,,,,,,,,,,,,,,,,,,,,,C,Open geospatial inventory,mapped building,https://doi.org/10.57931/3017294,https://www.openstreetmap.org,,,IM3 geospatial observation. Identity grain is preserved by Observation Level.,Insufficient evidence to establish or attach a distinct campus
im3:15d77db164ac81ed,im3-source:15d77db164ac81ed,IM3 Open Source Data Center Atlas / OpenStreetMap,Observed footprint,building,Lowe's Data Center,Lowe's,,,,,,TX,Bexar County,,29.472846040684956,-98.689546650965,Mapped centroid,,Observed footprint,,,,55066.0,,,,,,,,,,,,,,,,,,,,,,,,,,,,,,,,,,,C,Open geospatial inventory,mapped building,https://doi.org/10.57931/3017294,https://www.openstreetmap.org,,,IM3 geospatial observation. Identity grain is preserved by Observation Level.,Insufficient evidence to establish or attach a distinct campus
im3:162a5f2df89e6dc4,im3-source:162a5f2df89e6dc4,IM3 Open Source Data Center Atlas / OpenStreetMap,Observed footprint,site_point,Digital Realty New York JFK12,Digital Realty,,,,,,NY,New York County,,40.7176766,-74.0084414,Mapped centroid,,Observed footprint,,,,,,,,,,,,,,,,,,,,,,,,,,,,,,,,,,,,,,,C,Open geospatial inventory,mapped point,https://doi.org/10.57931/3017294,https://www.openstreetmap.org,,,IM3 geospatial observation. Identity grain is preserved by Observation Level.,Insufficient evidence to establish or attach a distinct campus
im3:162c8d5b8aa4393f,im3-source:162c8d5b8aa4393f,IM3 Open Source Data Center Atlas / OpenStreetMap,Observed footprint,building,Amazon IAD103,Amazon Web Services,,,,,,VA,Prince William County,,38.73698426684808,-77.50407511238193,Mapped centroid,,Observed footprint,,,,141914.0,,,,,,,,,,,,,,,,,,,,,,,,,,,,,,,,,,,C,Open geospatial inventory,mapped building,https://doi.org/10.57931/3017294,https://www.openstreetmap.org,,,IM3 geospatial observation. Identity grain is preserved by Observation Level.,Insufficient evidence to establish or attach a distinct campus
im3:16ba37119fb9114b,im3-source:16ba37119fb9114b,IM3 Open Source Data Center Atlas / OpenStreetMap,Observed footprint,building,,,,,,,,NV,Storey County,,39.511519575508416,-119.48330528858908,Mapped centroid,,Observed footprint,,,,390893.0,,,,,,,,,,,,,,,,,,,,,,,,,,,,,,,,,,,C,Open geospatial inventory,mapped building,https://doi.org/10.57931/3017294,https://www.openstreetmap.org,,,IM3 geospatial observation. Identity grain is preserved by Observation Level.,Insufficient evidence to establish or attach a distinct campus
im3:16bc8c5b2f0476cc,im3-source:16bc8c5b2f0476cc,IM3 Open Source Data Center Atlas / OpenStreetMap,Observed footprint,building,,,,,,,,VA,Loudoun County,,39.00044576553985,-77.46077416515482,Mapped centroid,,Observed footprint,,,,128835.0,,,,,,,,,,,,,,,,,,,,,,,,,,,,,,,,,,,C,Open geospatial inventory,mapped building,https://doi.org/10.57931/3017294,https://www.openstreetmap.org,,,IM3 geospatial observation. Identity grain is preserved by Observation Level.,Insufficient evidence to establish or attach a distinct campus
im3:16e2aae9ebc4543c,im3-source:16e2aae9ebc4543c,IM3 Open Source Data Center Atlas / OpenStreetMap,Observed footprint,building,Amazon IAD73,Amazon Web Services,,,,,,VA,Prince William County,,38.77797945924004,-77.5590992088697,Mapped centroid,,Observed footprint,,,,146162.0,,,,,,,,,,,,,,,,,,,,,,,,,,,,,,,,,,,C,Open geospatial inventory,mapped building,https://doi.org/10.57931/3017294,https://www.openstreetmap.org,,,IM3 geospatial observation. Identity grain is preserved by Observation Level.,Insufficient evidence to establish or attach a distinct campus
im3:171c95ce0dc756b0,im3-source:171c95ce0dc756b0,IM3 Open Source Data Center Atlas / OpenStreetMap,Observed footprint,building,Amazon IAD57,Amazon Web Services,,,,,,VA,Loudoun County,,38.98699723244337,-77.44263837706713,Mapped centroid,,Observed footprint,,,,116533.0,,,,,,,,,,,,,,,,,,,,,,,,,,,,,,,,,,,C,Open geospatial inventory,mapped building,https://doi.org/10.57931/3017294,https://www.openstreetmap.org,,,IM3 geospatial observation. Identity grain is preserved by Observation Level.,Insufficient evidence to establish or attach a distinct campus
im3:1787fea2f0a2b332,im3-source:1787fea2f0a2b332,IM3 Open Source Data Center Atlas / OpenStreetMap,Observed footprint,building,E-Foam,,,,,,,FL,Orange County,,28.577943298691853,-81.56454528550917,Mapped centroid,,Observed footprint,,,,8403.0,,,,,,,,,,,,,,,,,,,,,,,,,,,,,,,,,,,C,Open geospatial inventory,mapped building,https://doi.org/10.57931/3017294,https://www.openstreetmap.org,,,IM3 geospatial observation. Identity grain is preserved by Observation Level.,Insufficient evidence to establish or attach a distinct campus
im3:17d39e62e2c221c4,im3-source:17d39e62e2c221c4,IM3 Open Source Data Center Atlas / OpenStreetMap,Observed footprint,site_point,OptimumHQ,,,,,,,AZ,Maricopa County,,33.38041490000001,-111.7526684,Mapped centroid,,Observed footprint,,,,,,,,,,,,,,,,,,,,,,,,,,,,,,,,,,,,,,,C,Open geospatial inventory,mapped point,https://doi.org/10.57931/3017294,https://www.openstreetmap.org,,,IM3 geospatial observation. Identity grain is preserved by Observation Level.,Insufficient evidence to establish or attach a distinct campus
im3:1848217502797f21,im3-source:1848217502797f21,IM3 Open Source Data Center Atlas / OpenStreetMap,Observed footprint,building,NTT Ashburn VA8 Data Centre,NTT,,,,,,VA,Loudoun County,,39.02019007620964,-77.4755312625733,Mapped centroid,,Observed footprint,,,,111241.0,,,,,,,,,,,,,,,,,,,,,,,,,,,,,,,,,,,C,Open geospatial inventory,mapped building,https://doi.org/10.57931/3017294,https://www.openstreetmap.org,,,IM3 geospatial observation. Identity grain is preserved by Observation Level.,Insufficient evidence to establish or attach a distinct campus
im3:1872b3ac6da10c30,im3-source:1872b3ac6da10c30,IM3 Open Source Data Center Atlas / OpenStreetMap,Observed footprint,building,Iron Mountain VA-3,,,,,,,VA,Prince William County,,38.77550687499448,-77.54520013834919,Mapped centroid,,Observed footprint,,,,181174.0,,,,,,,,,,,,,,,,,,,,,,,,,,,,,,,,,,,C,Open geospatial inventory,mapped building,https://doi.org/10.57931/3017294,https://www.openstreetmap.org,,,IM3 geospatial observation. Identity grain is preserved by Observation Level.,Insufficient evidence to establish or attach a distinct campus
im3:1877356ef84bb285,im3-source:1877356ef84bb285,IM3 Open Source Data Center Atlas / OpenStreetMap,Observed footprint,building,Amazon IAD58,Amazon Web Services,,,,,,VA,Loudoun County,,38.98627873807177,-77.44184181605571,Mapped centroid,,Observed footprint,,,,136770.0,,,,,,,,,,,,,,,,,,,,,,,,,,,,,,,,,,,C,Open geospatial inventory,mapped building,https://doi.org/10.57931/3017294,https://www.openstreetmap.org,,,IM3 geospatial observation. Identity grain is preserved by Observation Level.,Insufficient evidence to establish or attach a distinct campus
im3:18887c7031b2fb23,im3-source:18887c7031b2fb23,IM3 Open Source Data Center Atlas / OpenStreetMap,Observed footprint,building,Myndshift Technologies,,,,,,,AZ,Maricopa County,,33.475420822647074,-111.7191651503316,Mapped centroid,,Observed footprint,,,,21279.0,,,,,,,,,,,,,,,,,,,,,,,,,,,,,,,,,,,C,Open geospatial inventory,mapped building,https://doi.org/10.57931/3017294,https://www.openstreetmap.org,,,IM3 geospatial observation. Identity grain is preserved by Observation Level.,Insufficient evidence to establish or attach a distinct campus
im3:18b4dd419a89bdbd,im3-source:18b4dd419a89bdbd,IM3 Open Source Data Center Atlas / OpenStreetMap,Observed footprint,building,Serverfarm - LAX1,Serverfarm LLC.,,,,,,CA,Los Angeles County,,33.92174167489914,-118.38643608713512,Mapped centroid,,Observed footprint,,,,119102.0,,,,,,,,,,,,,,,,,,,,,,,,,,,,,,,,,,,C,Open geospatial inventory,mapped building,https://doi.org/10.57931/3017294,https://www.openstreetmap.org,,,IM3 geospatial observation. Identity grain is preserved by Observation Level.,Insufficient evidence to establish or attach a distinct campus
im3:18cec6597b0cd07f,im3-source:18cec6597b0cd07f,IM3 Open Source Data Center Atlas / OpenStreetMap,Observed footprint,building,Data Foundry Austin 1 Data Center,,,,,,,TX,Travis County,,30.215503974671623,-97.69607393336436,Mapped centroid,,Observed footprint,,,,50461.0,,,,,,,,,,,,,,,,,,,,,,,,,,,,,,,,,,,C,Open geospatial inventory,mapped building,https://doi.org/10.57931/3017294,https://www.openstreetmap.org,,,IM3 geospatial observation. Identity grain is preserved by Observation Level.,Insufficient evidence to establish or attach a distinct campus
im3:18ddc7883a8bc232,im3-source:18ddc7883a8bc232,IM3 Open Source Data Center Atlas / OpenStreetMap,Observed footprint,building,Windbreak Cable,,,,,,,WY,Laramie County,,41.1826012,-104.0684983,Mapped centroid,,Observed footprint,,,,1114.0,,,,,,,,,,,,,,,,,,,,,,,,,,,,,,,,,,,C,Open geospatial inventory,mapped building,https://doi.org/10.57931/3017294,https://www.openstreetmap.org,,,IM3 geospatial observation. Identity grain is preserved by Observation Level.,Insufficient evidence to establish or attach a distinct campus
im3:18df92734c235e81,im3-source:18df92734c235e81,IM3 Open Source Data Center Atlas / OpenStreetMap,Observed footprint,building,Lumen Santa Clara,Lumen Technologies,,,,,,CA,Santa Clara County,,37.37700481452383,-121.95208193309932,Mapped centroid,,Observed footprint,,,,25424.0,,,,,,,,,,,,,,,,,,,,,,,,,,,,,,,,,,,C,Open geospatial inventory,mapped building,https://doi.org/10.57931/3017294,https://www.openstreetmap.org,,,IM3 geospatial observation. Identity grain is preserved by Observation Level.,Insufficient evidence to establish or attach a distinct campus
im3:19808f14b0bdb9a0,im3-source:19808f14b0bdb9a0,IM3 Open Source Data Center Atlas / OpenStreetMap,Observed footprint,building,One Wilshire,,,,,,,CA,Los Angeles County,,34.04789230530142,-118.25554585101752,Mapped centroid,,Observed footprint,,,,43850.0,,,,,,,,,,,,,,,,,,,,,,,,,,,,,,,,,,,C,Open geospatial inventory,mapped building,https://doi.org/10.57931/3017294,https://www.openstreetmap.org,,,IM3 geospatial observation. Identity grain is preserved by Observation Level.,Insufficient evidence to establish or attach a distinct campus
im3:19c047e8260d8923,im3-source:19c047e8260d8923,IM3 Open Source Data Center Atlas / OpenStreetMap,Observed footprint,building,DataBank McLean IAD2,DataBank,,,,,,VA,Fairfax County,,38.919905149999984,-77.213585,Mapped centroid,,Observed footprint,,,,22957.0,,,,,,,,,,,,,,,,,,,,,,,,,,,,,,,,,,,C,Open geospatial inventory,mapped building,https://doi.org/10.57931/3017294,https://www.openstreetmap.org,,,IM3 geospatial observation. Identity grain is preserved by Observation Level.,Insufficient evidence to establish or attach a distinct campus
im3:19cc509ea1768036,im3-source:19cc509ea1768036,IM3 Open Source Data Center Atlas / OpenStreetMap,Observed footprint,building,Amazon AWS SAT - 12807 Donop,Amazon Web Services,,,,,,TX,Bexar County,,29.293005175209135,-98.39162546806104,Mapped centroid,,Observed footprint,,,,110391.0,,,,,,,,,,,,,,,,,,,,,,,,,,,,,,,,,,,C,Open geospatial inventory,mapped building,https://doi.org/10.57931/3017294,https://www.openstreetmap.org,,,IM3 geospatial observation. Identity grain is preserved by Observation Level.,Insufficient evidence to establish or attach a distinct campus
im3:19f5d632081dc527,im3-source:19f5d632081dc527,IM3 Open Source Data Center Atlas / OpenStreetMap,Observed footprint,building,Centersquare IAD1-B,Centersquare,,,,,,VA,Loudoun County,,39.023907303402744,-77.41518976104278,Mapped centroid,,Observed footprint,,,,79070.0,,,,,,,,,,,,,,,,,,,,,,,,,,,,,,,,,,,C,Open geospatial inventory,mapped building,https://doi.org/10.57931/3017294,https://www.openstreetmap.org,,,IM3 geospatial observation. Identity grain is preserved by Observation Level.,Insufficient evidence to establish or attach a distinct campus
im3:1a88dffea6cf8841,im3-source:1a88dffea6cf8841,IM3 Open Source Data Center Atlas / OpenStreetMap,Observed footprint,building,Rackspace Richardson DFW3,Rackspace,,,,,,TX,Dallas County,,32.96478869151845,-96.7158766212004,Mapped centroid,,Observed footprint,,,,112950.0,,,,,,,,,,,,,,,,,,,,,,,,,,,,,,,,,,,C,Open geospatial inventory,mapped building,https://doi.org/10.57931/3017294,https://www.openstreetmap.org,,,IM3 geospatial observation. Identity grain is preserved by Observation Level.,Insufficient evidence to establish or attach a distinct campus
im3:1aafa3a94576588e,im3-source:1aafa3a94576588e,IM3 Open Source Data Center Atlas / OpenStreetMap,Observed footprint,building,Facebook Altoona Data Center 2,Meta,,,,,,IA,Polk County,,41.66553718515441,-93.5081704306947,Mapped centroid,,Observed footprint,,,,307370.0,,,,,,,,,,,,,,,,,,,,,,,,,,,,,,,,,,,C,Open geospatial inventory,mapped building,https://doi.org/10.57931/3017294,https://www.openstreetmap.org,,,IM3 geospatial observation. Identity grain is preserved by Observation Level.,Insufficient evidence to establish or attach a distinct campus
im3:1ad2620120609e36,im3-source:1ad2620120609e36,IM3 Open Source Data Center Atlas / OpenStreetMap,Observed footprint,building,DataBank Piscataway EWR2,,,,,,,NJ,Middlesex County,,40.54921344799001,-74.45820961797183,Mapped centroid,,Observed footprint,,,,50646.0,,,,,,,,,,,,,,,,,,,,,,,,,,,,,,,,,,,C,Open geospatial inventory,mapped building,https://doi.org/10.57931/3017294,https://www.openstreetmap.org,,,IM3 geospatial observation. Identity grain is preserved by Observation Level.,Insufficient evidence to establish or attach a distinct campus
im3:1b917de35389e3a7,im3-source:1b917de35389e3a7,IM3 Open Source Data Center Atlas / OpenStreetMap,Observed footprint,building,BNY Mellon Somerset,,,,,,,NJ,Somerset County,,40.536019651393616,-74.55340897124687,Mapped centroid,,Observed footprint,,,,121002.0,,,,,,,,,,,,,,,,,,,,,,,,,,,,,,,,,,,C,Open geospatial inventory,mapped building,https://doi.org/10.57931/3017294,https://www.openstreetmap.org,,,IM3 geospatial observation. Identity grain is preserved by Observation Level.,Insufficient evidence to establish or attach a distinct campus
im3:1bd114030f063cbe,im3-source:1bd114030f063cbe,IM3 Open Source Data Center Atlas / OpenStreetMap,Observed footprint,building,CoreSite SV2,"CoreSite Real Estate 1656 McCarthy, L.P.",,,,,,CA,Santa Clara County,,37.4056831054311,-121.91624119411624,Mapped centroid,,Observed footprint,,,,89939.0,,,,,,,,,,,,,,,,,,,,,,,,,,,,,,,,,,,C,Open geospatial inventory,mapped building,https://doi.org/10.57931/3017294,https://www.openstreetmap.org,,,IM3 geospatial observation. Identity grain is preserved by Observation Level.,Insufficient evidence to establish or attach a distinct campus
im3:1c139f283a4eb2dd,im3-source:1c139f283a4eb2dd,IM3 Open Source Data Center Atlas / OpenStreetMap,Observed footprint,building,Turnkey Internet,,,,,,,NY,Albany County,,42.74544108831328,-73.7591995825907,Mapped centroid,,Observed footprint,,,,10465.0,,,,,,,,,,,,,,,,,,,,,,,,,,,,,,,,,,,C,Open geospatial inventory,mapped building,https://doi.org/10.57931/3017294,https://www.openstreetmap.org,,,IM3 geospatial observation. Identity grain is preserved by Observation Level.,Insufficient evidence to establish or attach a distinct campus
im3:1c2a692ff20cb0d8,im3-source:1c2a692ff20cb0d8,IM3 Open Source Data Center Atlas / OpenStreetMap,Observed footprint,building,Iron Mountain VA-2,,,,,,,VA,Prince William County,,38.77724872292375,-77.54596523593627,Mapped centroid,,Observed footprint,,,,158664.0,,,,,,,,,,,,,,,,,,,,,,,,,,,,,,,,,,,C,Open geospatial inventory,mapped building,https://doi.org/10.57931/3017294,https://www.openstreetmap.org,,,IM3 geospatial observation. Identity grain is preserved by Observation Level.,Insufficient evidence to establish or attach a distinct campus
im3:1c99ce26c025040c,im3-source:1c99ce26c025040c,IM3 Open Source Data Center Atlas / OpenStreetMap,Observed footprint,building,Flexential Las Vegas - North,Flexential,,,,,,NV,Clark County,,36.2481647846883,-115.10126087462618,Mapped centroid,,Observed footprint,,,,110728.0,,,,,,,,,,,,,,,,,,,,,,,,,,,,,,,,,,,C,Open geospatial inventory,mapped building,https://doi.org/10.57931/3017294,https://www.openstreetmap.org,,,IM3 geospatial observation. Identity grain is preserved by Observation Level.,Insufficient evidence to establish or attach a distinct campus
im3:1ccd2a8a0131dac1,im3-source:1ccd2a8a0131dac1,IM3 Open Source Data Center Atlas / OpenStreetMap,Observed footprint,building,,,,,,,,NV,Washoe County,,39.56716047169781,-119.5443883654126,Mapped centroid,,Observed footprint,,,,88594.0,,,,,,,,,,,,,,,,,,,,,,,,,,,,,,,,,,,C,Open geospatial inventory,mapped building,https://doi.org/10.57931/3017294,https://www.openstreetmap.org,,,IM3 geospatial observation. Identity grain is preserved by Observation Level.,Insufficient evidence to establish or attach a distinct campus
im3:1cdddbc2fcebf1e7,im3-source:1cdddbc2fcebf1e7,IM3 Open Source Data Center Atlas / OpenStreetMap,Observed footprint,site_point,DataPro USA Web Development,,,,,,,AZ,Maricopa County,,33.61166239999997,-111.9139825,Mapped centroid,,Observed footprint,,,,,,,,,,,,,,,,,,,,,,,,,,,,,,,,,,,,,,,C,Open geospatial inventory,mapped point,https://doi.org/10.57931/3017294,https://www.openstreetmap.org,,,IM3 geospatial observation. Identity grain is preserved by Observation Level.,Insufficient evidence to establish or attach a distinct campus
im3:1d0cdfc3d34f7fce,im3-source:1d0cdfc3d34f7fce,IM3 Open Source Data Center Atlas / OpenStreetMap,Observed footprint,building,State of Montana Data Center,State of Montana,,,,,,MT,Custer County,,46.40689745773379,-105.82064474457157,Mapped centroid,,Observed footprint,,,,8493.0,,,,,,,,,,,,,,,,,,,,,,,,,,,,,,,,,,,C,Open geospatial inventory,mapped building,https://doi.org/10.57931/3017294,https://www.openstreetmap.org,,,IM3 geospatial observation. Identity grain is preserved by Observation Level.,Insufficient evidence to establish or attach a distinct campus
im3:1d1c7f57ffe66895,im3-source:1d1c7f57ffe66895,IM3 Open Source Data Center Atlas / OpenStreetMap,Observed footprint,building,,,,,,,,VA,Fauquier County,,38.7372126321264,-77.82624892674158,Mapped centroid,,Observed footprint,,,,59703.0,,,,,,,,,,,,,,,,,,,,,,,,,,,,,,,,,,,C,Open geospatial inventory,mapped building,https://doi.org/10.57931/3017294,https://www.openstreetmap.org,,,IM3 geospatial observation. Identity grain is preserved by Observation Level.,Insufficient evidence to establish or attach a distinct campus
im3:1e384fc7614f10f8,im3-source:1e384fc7614f10f8,IM3 Open Source Data Center Atlas / OpenStreetMap,Observed footprint,building,EAT12,,,,,,,WA,Chelan County,,47.357432990996365,-120.15954622674232,Mapped centroid,,Observed footprint,,,,248918.0,,,,,,,,,,,,,,,,,,,,,,,,,,,,,,,,,,,C,Open geospatial inventory,mapped building,https://doi.org/10.57931/3017294,https://www.openstreetmap.org,,,IM3 geospatial observation. Identity grain is preserved by Observation Level.,Insufficient evidence to establish or attach a distinct campus
im3:1eeebaf1bd3b9fd3,im3-source:1eeebaf1bd3b9fd3,IM3 Open Source Data Center Atlas / OpenStreetMap,Observed footprint,building,,,,,,,,NC,Catawba County,,35.58801263645746,-81.2625268693149,Mapped centroid,,Observed footprint,,,,564402.0,,,,,,,,,,,,,,,,,,,,,,,,,,,,,,,,,,,C,Open geospatial inventory,mapped building,https://doi.org/10.57931/3017294,https://www.openstreetmap.org,,,IM3 geospatial observation. Identity grain is preserved by Observation Level.,Insufficient evidence to establish or attach a distinct campus
im3:1f1ab38bd24b9aa3,im3-source:1f1ab38bd24b9aa3,IM3 Open Source Data Center Atlas / OpenStreetMap,Observed footprint,building,Intergate Seattle West Building A,Sabey,,,,,,WA,King County,,47.49214782982027,-122.29331980893711,Mapped centroid,,Observed footprint,,,,38547.0,,,,,,,,,,,,,,,,,,,,,,,,,,,,,,,,,,,C,Open geospatial inventory,mapped building,https://doi.org/10.57931/3017294,https://www.openstreetmap.org,,,IM3 geospatial observation. Identity grain is preserved by Observation Level.,Insufficient evidence to establish or attach a distinct campus
im3:1f94a61ccd35f4cc,im3-source:1f94a61ccd35f4cc,IM3 Open Source Data Center Atlas / OpenStreetMap,Observed footprint,building,Lumen,Lumen Technologies,,,,,,CA,Santa Clara County,,37.37758479553173,-121.9506820752741,Mapped centroid,,Observed footprint,,,,15840.0,,,,,,,,,,,,,,,,,,,,,,,,,,,,,,,,,,,C,Open geospatial inventory,mapped building,https://doi.org/10.57931/3017294,https://www.openstreetmap.org,,,IM3 geospatial observation. Identity grain is preserved by Observation Level.,Insufficient evidence to establish or attach a distinct campus
im3:1f9e923963e15052,im3-source:1f9e923963e15052,IM3 Open Source Data Center Atlas / OpenStreetMap,Observed footprint,building,,,,,,,,TX,Harris County,,29.821506114084222,-95.57078462346948,Mapped centroid,,Observed footprint,,,,98195.0,,,,,,,,,,,,,,,,,,,,,,,,,,,,,,,,,,,C,Open geospatial inventory,mapped building,https://doi.org/10.57931/3017294,https://www.openstreetmap.org,,,IM3 geospatial observation. Identity grain is preserved by Observation Level.,Insufficient evidence to establish or attach a distinct campus
im3:20b364767635172e,im3-source:20b364767635172e,IM3 Open Source Data Center Atlas / OpenStreetMap,Observed footprint,site_point,NocRoom Miami IT Services,,,,,,,FL,Miami-Dade County,,25.646561700000035,-80.4234346,Mapped centroid,,Observed footprint,,,,,,,,,,,,,,,,,,,,,,,,,,,,,,,,,,,,,,,C,Open geospatial inventory,mapped point,https://doi.org/10.57931/3017294,https://www.openstreetmap.org,,,IM3 geospatial observation. Identity grain is preserved by Observation Level.,Insufficient evidence to establish or attach a distinct campus
im3:20f59d97bf2cac19,im3-source:20f59d97bf2cac19,IM3 Open Source Data Center Atlas / OpenStreetMap,Observed footprint,building,,,,,,,,OH,Delaware County,,40.22452425311485,-83.04586008449152,Mapped centroid,,Observed footprint,,,,307645.0,,,,,,,,,,,,,,,,,,,,,,,,,,,,,,,,,,,C,Open geospatial inventory,mapped building,https://doi.org/10.57931/3017294,https://www.openstreetmap.org,,,IM3 geospatial observation. Identity grain is preserved by Observation Level.,Insufficient evidence to establish or attach a distinct campus
im3:210b162bb6a15f85,im3-source:210b162bb6a15f85,IM3 Open Source Data Center Atlas / OpenStreetMap,Observed footprint,building,,Apple,,,,,,OR,Crook County,,44.28941552470915,-120.87507749014196,Mapped centroid,,Observed footprint,,,,9228.0,,,,,,,,,,,,,,,,,,,,,,,,,,,,,,,,,,,C,Open geospatial inventory,mapped building,https://doi.org/10.57931/3017294,https://www.openstreetmap.org,,,IM3 geospatial observation. Identity grain is preserved by Observation Level.,Insufficient evidence to establish or attach a distinct campus
im3:210c49432b2955a8,im3-source:210c49432b2955a8,IM3 Open Source Data Center Atlas / OpenStreetMap,Observed footprint,building,Flexential Salt Lake City - Downtown,Flexential,,,,,,UT,Salt Lake County,,40.75630657799839,-111.95483766455423,Mapped centroid,,Observed footprint,,,,63362.0,,,,,,,,,,,,,,,,,,,,,,,,,,,,,,,,,,,C,Open geospatial inventory,mapped building,https://doi.org/10.57931/3017294,https://www.openstreetmap.org,,,IM3 geospatial observation. Identity grain is preserved by Observation Level.,Insufficient evidence to establish or attach a distinct campus
im3:217da8b57aa52110,im3-source:217da8b57aa52110,IM3 Open Source Data Center Atlas / OpenStreetMap,Observed footprint,building,DC BLOX Myrtle Beach Cable Landing Station,,,,,,,SC,Horry County,,33.67458322071557,-78.94369603226835,Mapped centroid,,Observed footprint,,,,91946.0,,,,,,,,,,,,,,,,,,,,,,,,,,,,,,,,,,,C,Open geospatial inventory,mapped building,https://doi.org/10.57931/3017294,https://www.openstreetmap.org,,,IM3 geospatial observation. Identity grain is preserved by Observation Level.,Insufficient evidence to establish or attach a distinct campus
im3:219e581636e87afa,im3-source:219e581636e87afa,IM3 Open Source Data Center Atlas / OpenStreetMap,Observed footprint,building,,,,,,,,UT,Utah County,,40.26987561078708,-112.0194525666504,Mapped centroid,,Observed footprint,,,,310201.0,,,,,,,,,,,,,,,,,,,,,,,,,,,,,,,,,,,C,Open geospatial inventory,mapped building,https://doi.org/10.57931/3017294,https://www.openstreetmap.org,,,IM3 geospatial observation. Identity grain is preserved by Observation Level.,Insufficient evidence to establish or attach a distinct campus
im3:225300c77f3974cc,im3-source:225300c77f3974cc,IM3 Open Source Data Center Atlas / OpenStreetMap,Observed footprint,site_point,,,,,,,,MO,Jackson County,,39.101181600000075,-94.5788209,Mapped centroid,,Observed footprint,,,,,,,,,,,,,,,,,,,,,,,,,,,,,,,,,,,,,,,C,Open geospatial inventory,mapped point,https://doi.org/10.57931/3017294,https://www.openstreetmap.org,,,IM3 geospatial observation. Identity grain is preserved by Observation Level.,Insufficient evidence to establish or attach a distinct campus
im3:22ab155ef2ae0a2f,im3-source:22ab155ef2ae0a2f,IM3 Open Source Data Center Atlas / OpenStreetMap,Observed footprint,site_point,Microsoft,Microsoft,,,,,,PR,Guaynabo Municipio,,18.41743590000001,-66.10898950000002,Mapped centroid,,Observed footprint,,,,,,,,,,,,,,,,,,,,,,,,,,,,,,,,,,,,,,,C,Open geospatial inventory,mapped point,https://doi.org/10.57931/3017294,https://www.openstreetmap.org,,,IM3 geospatial observation. Identity grain is preserved by Observation Level.,Insufficient evidence to establish or attach a distinct campus
im3:22c1a5fe6e6074bf,im3-source:22c1a5fe6e6074bf,IM3 Open Source Data Center Atlas / OpenStreetMap,Observed footprint,site_point,All About Serving Process Server,,,,,,,AZ,Maricopa County,,33.31991570000004,-111.809686,Mapped centroid,,Observed footprint,,,,,,,,,,,,,,,,,,,,,,,,,,,,,,,,,,,,,,,C,Open geospatial inventory,mapped point,https://doi.org/10.57931/3017294,https://www.openstreetmap.org,,,IM3 geospatial observation. Identity grain is preserved by Observation Level.,Insufficient evidence to establish or attach a distinct campus
im3:22cb809e7831553b,im3-source:22cb809e7831553b,IM3 Open Source Data Center Atlas / OpenStreetMap,Observed footprint,building,,,,,,,,VA,Prince William County,,38.8034145956349,-77.51057747982038,Mapped centroid,,Observed footprint,,,,52906.0,,,,,,,,,,,,,,,,,,,,,,,,,,,,,,,,,,,C,Open geospatial inventory,mapped building,https://doi.org/10.57931/3017294,https://www.openstreetmap.org,,,IM3 geospatial observation. Identity grain is preserved by Observation Level.,Insufficient evidence to establish or attach a distinct campus
im3:22e88e4582cc44d6,im3-source:22e88e4582cc44d6,IM3 Open Source Data Center Atlas / OpenStreetMap,Observed footprint,building,TierPoint Sioux Falls West Data Center,,,,,,,SD,Minnehaha County,,43.60697077830055,-96.80919489854256,Mapped centroid,,Observed footprint,,,,55963.0,,,,,,,,,,,,,,,,,,,,,,,,,,,,,,,,,,,C,Open geospatial inventory,mapped building,https://doi.org/10.57931/3017294,https://www.openstreetmap.org,,,IM3 geospatial observation. Identity grain is preserved by Observation Level.,Insufficient evidence to establish or attach a distinct campus
im3:231e9c1e24cd19bb,im3-source:231e9c1e24cd19bb,IM3 Open Source Data Center Atlas / OpenStreetMap,Observed footprint,building,Verizon,Verizon,,,,,,CO,Arapahoe County,,39.58924805,-104.87793295,Mapped centroid,,Observed footprint,,,,8059.0,,,,,,,,,,,,,,,,,,,,,,,,,,,,,,,,,,,C,Open geospatial inventory,mapped building,https://doi.org/10.57931/3017294,https://www.openstreetmap.org,,,IM3 geospatial observation. Identity grain is preserved by Observation Level.,Insufficient evidence to establish or attach a distinct campus
im3:23521c404b01c155,im3-source:23521c404b01c155,IM3 Open Source Data Center Atlas / OpenStreetMap,Observed footprint,building,,,,,,,,OR,Crook County,,44.29928794606045,-120.8945946930765,Mapped centroid,,Observed footprint,,,,241183.0,,,,,,,,,,,,,,,,,,,,,,,,,,,,,,,,,,,C,Open geospatial inventory,mapped building,https://doi.org/10.57931/3017294,https://www.openstreetmap.org,,,IM3 geospatial observation. Identity grain is preserved by Observation Level.,Insufficient evidence to establish or attach a distinct campus
im3:23889ab72ee5c27e,im3-source:23889ab72ee5c27e,IM3 Open Source Data Center Atlas / OpenStreetMap,Observed footprint,building,Amazon IAD24,Amazon Web Services,,,,,,VA,Prince William County,,38.79035015234267,-77.54000633941989,Mapped centroid,,Observed footprint,,,,31388.0,,,,,,,,,,,,,,,,,,,,,,,,,,,,,,,,,,,C,Open geospatial inventory,mapped building,https://doi.org/10.57931/3017294,https://www.openstreetmap.org,,,IM3 geospatial observation. Identity grain is preserved by Observation Level.,Insufficient evidence to establish or attach a distinct campus
im3:2399799ccc150fef,im3-source:2399799ccc150fef,IM3 Open Source Data Center Atlas / OpenStreetMap,Observed footprint,building,,,,,,,,GA,Muscogee County,,32.498267211859805,-84.88357131699361,Mapped centroid,,Observed footprint,,,,116660.0,,,,,,,,,,,,,,,,,,,,,,,,,,,,,,,,,,,C,Open geospatial inventory,mapped building,https://doi.org/10.57931/3017294,https://www.openstreetmap.org,,,IM3 geospatial observation. Identity grain is preserved by Observation Level.,Insufficient evidence to establish or attach a distinct campus
im3:23a602b06f558aad,im3-source:23a602b06f558aad,IM3 Open Source Data Center Atlas / OpenStreetMap,Observed footprint,building,Spectrum Charlotte National Data Center,,,,,,,NC,Mecklenburg County,,35.14278901702743,-80.91620847319896,Mapped centroid,,Observed footprint,,,,93604.0,,,,,,,,,,,,,,,,,,,,,,,,,,,,,,,,,,,C,Open geospatial inventory,mapped building,https://doi.org/10.57931/3017294,https://www.openstreetmap.org,,,IM3 geospatial observation. Identity grain is preserved by Observation Level.,Insufficient evidence to establish or attach a distinct campus
im3:24044ea5ad60e98c,im3-source:24044ea5ad60e98c,IM3 Open Source Data Center Atlas / OpenStreetMap,Observed footprint,building,,,,,,,,WY,Laramie County,,41.12623098667355,-104.90187602265452,Mapped centroid,,Observed footprint,,,,140780.0,,,,,,,,,,,,,,,,,,,,,,,,,,,,,,,,,,,C,Open geospatial inventory,mapped building,https://doi.org/10.57931/3017294,https://www.openstreetmap.org,,,IM3 geospatial observation. Identity grain is preserved by Observation Level.,Insufficient evidence to establish or attach a distinct campus
im3:240acd2d11dccbc1,im3-source:240acd2d11dccbc1,IM3 Open Source Data Center Atlas / OpenStreetMap,Observed footprint,building,IO Datacenter,,,,,,,NJ,Middlesex County,,40.52090133951354,-74.34731684822508,Mapped centroid,,Observed footprint,,,,829908.0,,,,,,,,,,,,,,,,,,,,,,,,,,,,,,,,,,,C,Open geospatial inventory,mapped building,https://doi.org/10.57931/3017294,https://www.openstreetmap.org,,,IM3 geospatial observation. Identity grain is preserved by Observation Level.,Insufficient evidence to establish or attach a distinct campus
im3:24265d3eb2800d24,im3-source:24265d3eb2800d24,IM3 Open Source Data Center Atlas / OpenStreetMap,Observed footprint,building,1623 Farnam,News-Press & Gazette Company,,,,,,NE,Douglas County,,41.25729103339954,-95.93784939082911,Mapped centroid,,Observed footprint,,,,35689.0,,,,,,,,,,,,,,,,,,,,,,,,,,,,,,,,,,,C,Open geospatial inventory,mapped building,https://doi.org/10.57931/3017294,https://www.openstreetmap.org,,,IM3 geospatial observation. Identity grain is preserved by Observation Level.,Insufficient evidence to establish or attach a distinct campus
im3:24d88f166377eb67,im3-source:24d88f166377eb67,IM3 Open Source Data Center Atlas / OpenStreetMap,Observed footprint,building,AT&T Center,American Telephone & Telegraph,,,,,,CA,San Diego County,,32.74757512703157,-117.15894804223709,Mapped centroid,,Observed footprint,,,,88910.0,,,,,,,,,,,,,,,,,,,,,,,,,,,,,,,,,,,C,Open geospatial inventory,mapped building,https://doi.org/10.57931/3017294,https://www.openstreetmap.org,,,IM3 geospatial observation. Identity grain is preserved by Observation Level.,Insufficient evidence to establish or attach a distinct campus
im3:24f2a7b809b5f0fc,im3-source:24f2a7b809b5f0fc,IM3 Open Source Data Center Atlas / OpenStreetMap,Observed footprint,building,Cyxtera (Digital Realty Trust) Citibank Data Center,Cyxtera,,,,,,NJ,Hudson County,,40.76076492861668,-74.02575833907822,Mapped centroid,,Observed footprint,,,,58356.0,,,,,,,,,,,,,,,,,,,,,,,,,,,,,,,,,,,C,Open geospatial inventory,mapped building,https://doi.org/10.57931/3017294,https://www.openstreetmap.org,,,IM3 geospatial observation. Identity grain is preserved by Observation Level.,Insufficient evidence to establish or attach a distinct campus
im3:256cb377674e440a,im3-source:256cb377674e440a,IM3 Open Source Data Center Atlas / OpenStreetMap,Observed footprint,building,DataBank Pittsburgh PIT2,,,,,,,PA,Allegheny County,,40.45136852628799,-80.19011838169587,Mapped centroid,,Observed footprint,,,,60007.0,,,,,,,,,,,,,,,,,,,,,,,,,,,,,,,,,,,C,Open geospatial inventory,mapped building,https://doi.org/10.57931/3017294,https://www.openstreetmap.org,,,IM3 geospatial observation. Identity grain is preserved by Observation Level.,Insufficient evidence to establish or attach a distinct campus
im3:257138deaefc63fe,im3-source:257138deaefc63fe,IM3 Open Source Data Center Atlas / OpenStreetMap,Observed footprint,site_point,Expedient Owings Mills,Expedient,,,,,,MD,Baltimore County,,39.4273178,-76.8115503,Mapped centroid,,Observed footprint,,,,,,,,,,,,,,,,,,,,,,,,,,,,,,,,,,,,,,,C,Open geospatial inventory,mapped point,https://doi.org/10.57931/3017294,https://www.openstreetmap.org,,,IM3 geospatial observation. Identity grain is preserved by Observation Level.,Insufficient evidence to establish or attach a distinct campus
im3:259d148cd2e53d67,im3-source:259d148cd2e53d67,IM3 Open Source Data Center Atlas / OpenStreetMap,Observed footprint,building,,,,,,,,VA,Fairfax County,,38.75081659619635,-77.19627275438577,Mapped centroid,,Observed footprint,,,,56049.0,,,,,,,,,,,,,,,,,,,,,,,,,,,,,,,,,,,C,Open geospatial inventory,mapped building,https://doi.org/10.57931/3017294,https://www.openstreetmap.org,,,IM3 geospatial observation. Identity grain is preserved by Observation Level.,Insufficient evidence to establish or attach a distinct campus
im3:2647179a09725bad,im3-source:2647179a09725bad,IM3 Open Source Data Center Atlas / OpenStreetMap,Observed footprint,building,,,,,,,,TX,Bexar County,,29.41845384304467,-98.78880785463376,Mapped centroid,,Observed footprint,,,,64212.0,,,,,,,,,,,,,,,,,,,,,,,,,,,,,,,,,,,C,Open geospatial inventory,mapped building,https://doi.org/10.57931/3017294,https://www.openstreetmap.org,,,IM3 geospatial observation. Identity grain is preserved by Observation Level.,Insufficient evidence to establish or attach a distinct campus
im3:26bc0c67875de9fe,im3-source:26bc0c67875de9fe,IM3 Open Source Data Center Atlas / OpenStreetMap,Observed footprint,building,Epic / Mayo Data Center,,,,,,,MN,Olmsted County,,44.070816444078574,-92.5221205512142,Mapped centroid,,Observed footprint,,,,48317.0,,,,,,,,,,,,,,,,,,,,,,,,,,,,,,,,,,,C,Open geospatial inventory,mapped building,https://doi.org/10.57931/3017294,https://www.openstreetmap.org,,,IM3 geospatial observation. Identity grain is preserved by Observation Level.,Insufficient evidence to establish or attach a distinct campus
im3:26cbc14282e93873,im3-source:26cbc14282e93873,IM3 Open Source Data Center Atlas / OpenStreetMap,Observed footprint,building,Amazon IAD76,Amazon Web Services,,,,,,VA,Loudoun County,,38.99378528200496,-77.45050945743458,Mapped centroid,,Observed footprint,,,,138071.0,,,,,,,,,,,,,,,,,,,,,,,,,,,,,,,,,,,C,Open geospatial inventory,mapped building,https://doi.org/10.57931/3017294,https://www.openstreetmap.org,,,IM3 geospatial observation. Identity grain is preserved by Observation Level.,Insufficient evidence to establish or attach a distinct campus
im3:26d44dbfa2ce763e,im3-source:26d44dbfa2ce763e,IM3 Open Source Data Center Atlas / OpenStreetMap,Observed footprint,site_point,Open Computing Facility,,,,,,,CA,Alameda County,,37.86985210000005,-122.25982310000002,Mapped centroid,,Observed footprint,,,,,,,,,,,,,,,,,,,,,,,,,,,,,,,,,,,,,,,C,Open geospatial inventory,mapped point,https://doi.org/10.57931/3017294,https://www.openstreetmap.org,,,IM3 geospatial observation. Identity grain is preserved by Observation Level.,Insufficient evidence to establish or attach a distinct campus
im3:2744f90a701a57a3,im3-source:2744f90a701a57a3,IM3 Open Source Data Center Atlas / OpenStreetMap,Observed footprint,building,Secure Data Center,,,,,,,GA,Fulton County,,34.09370760877427,-84.25087563573244,Mapped centroid,,Observed footprint,,,,184012.0,,,,,,,,,,,,,,,,,,,,,,,,,,,,,,,,,,,C,Open geospatial inventory,mapped building,https://doi.org/10.57931/3017294,https://www.openstreetmap.org,,,IM3 geospatial observation. Identity grain is preserved by Observation Level.,Insufficient evidence to establish or attach a distinct campus
im3:2747e0a9badce5e7,im3-source:2747e0a9badce5e7,IM3 Open Source Data Center Atlas / OpenStreetMap,Observed footprint,building,CyrusOne PHX3,,,,,,,AZ,Maricopa County,,33.2719680563112,-111.8816271279076,Mapped centroid,,Observed footprint,,,,107618.0,,,,,,,,,,,,,,,,,,,,,,,,,,,,,,,,,,,C,Open geospatial inventory,mapped building,https://doi.org/10.57931/3017294,https://www.openstreetmap.org,,,IM3 geospatial observation. Identity grain is preserved by Observation Level.,Insufficient evidence to establish or attach a distinct campus
im3:276eec1b13714d9e,im3-source:276eec1b13714d9e,IM3 Open Source Data Center Atlas / OpenStreetMap,Observed footprint,building,Xfinity/Comcast Data Center,,,,,,,CO,Arapahoe County,,39.58830727896719,-104.83243481889166,Mapped centroid,,Observed footprint,,,,51338.0,,,,,,,,,,,,,,,,,,,,,,,,,,,,,,,,,,,C,Open geospatial inventory,mapped building,https://doi.org/10.57931/3017294,https://www.openstreetmap.org,,,IM3 geospatial observation. Identity grain is preserved by Observation Level.,Insufficient evidence to establish or attach a distinct campus
im3:27ae94469e09aaf5,im3-source:27ae94469e09aaf5,IM3 Open Source Data Center Atlas / OpenStreetMap,Observed footprint,building,Digital Realty Austin AUS11,,,,,,,TX,Travis County,,30.21217551081001,-97.69578063775413,Mapped centroid,,Observed footprint,,,,79985.0,,,,,,,,,,,,,,,,,,,,,,,,,,,,,,,,,,,C,Open geospatial inventory,mapped building,https://doi.org/10.57931/3017294,https://www.openstreetmap.org,,,IM3 geospatial observation. Identity grain is preserved by Observation Level.,Insufficient evidence to establish or attach a distinct campus
im3:27ef5dd525d56d1c,im3-source:27ef5dd525d56d1c,IM3 Open Source Data Center Atlas / OpenStreetMap,Observed footprint,building,Lumen Sunnyvale 1,Lumen Technologies,,,,,,CA,Santa Clara County,,37.37343914717909,-121.98781298708596,Mapped centroid,,Observed footprint,,,,77132.0,,,,,,,,,,,,,,,,,,,,,,,,,,,,,,,,,,,C,Open geospatial inventory,mapped building,https://doi.org/10.57931/3017294,https://www.openstreetmap.org,,,IM3 geospatial observation. Identity grain is preserved by Observation Level.,Insufficient evidence to establish or attach a distinct campus
im3:28151af530d18791,im3-source:28151af530d18791,IM3 Open Source Data Center Atlas / OpenStreetMap,Observed footprint,building,Csquare SFO3,Csquare,,,,,,CA,Santa Clara County,,37.37210369823862,-121.98603139678367,Mapped centroid,,Observed footprint,,,,71209.0,,,,,,,,,,,,,,,,,,,,,,,,,,,,,,,,,,,C,Open geospatial inventory,mapped building,https://doi.org/10.57931/3017294,https://www.openstreetmap.org,,,IM3 geospatial observation. Identity grain is preserved by Observation Level.,Insufficient evidence to establish or attach a distinct campus
im3:2855611b596c7965,im3-source:2855611b596c7965,IM3 Open Source Data Center Atlas / OpenStreetMap,Observed footprint,building,,,,,,,,MN,Dakota County,,44.73450831501008,-93.06488082711284,Mapped centroid,,Observed footprint,,,,273743.0,,,,,,,,,,,,,,,,,,,,,,,,,,,,,,,,,,,C,Open geospatial inventory,mapped building,https://doi.org/10.57931/3017294,https://www.openstreetmap.org,,,IM3 geospatial observation. Identity grain is preserved by Observation Level.,Insufficient evidence to establish or attach a distinct campus
im3:286f542dffb20263,im3-source:286f542dffb20263,IM3 Open Source Data Center Atlas / OpenStreetMap,Observed footprint,building,,,,,,,,TX,Bexar County,,29.452230533687697,-98.71404701659384,Mapped centroid,,Observed footprint,,,,154439.0,,,,,,,,,,,,,,,,,,,,,,,,,,,,,,,,,,,C,Open geospatial inventory,mapped building,https://doi.org/10.57931/3017294,https://www.openstreetmap.org,,,IM3 geospatial observation. Identity grain is preserved by Observation Level.,Insufficient evidence to establish or attach a distinct campus
im3:287d43256aac6882,im3-source:287d43256aac6882,IM3 Open Source Data Center Atlas / OpenStreetMap,Observed footprint,building,DataSite Atlanta,datasite,,,,,,GA,Cobb County,,33.925511260482295,-84.48161598882196,Mapped centroid,,Observed footprint,,,,77660.0,,,,,,,,,,,,,,,,,,,,,,,,,,,,,,,,,,,C,Open geospatial inventory,mapped building,https://doi.org/10.57931/3017294,https://www.openstreetmap.org,,,IM3 geospatial observation. Identity grain is preserved by Observation Level.,Insufficient evidence to establish or attach a distinct campus
im3:28cf0c7aa48a25ba,im3-source:28cf0c7aa48a25ba,IM3 Open Source Data Center Atlas / OpenStreetMap,Observed footprint,building,,DXC Technology,,,,,,TX,Harris County,,30.018697853746712,-95.8636762238179,Mapped centroid,,Observed footprint,,,,352246.0,,,,,,,,,,,,,,,,,,,,,,,,,,,,,,,,,,,C,Open geospatial inventory,mapped building,https://doi.org/10.57931/3017294,https://www.openstreetmap.org,,,IM3 geospatial observation. Identity grain is preserved by Observation Level.,Insufficient evidence to establish or attach a distinct campus
im3:297f278360326960,im3-source:297f278360326960,IM3 Open Source Data Center Atlas / OpenStreetMap,Observed footprint,building,CTI Biopharma,,,,,,,WA,King County,,47.61778780606976,-122.3566930333864,Mapped centroid,,Observed footprint,,,,20600.0,,,,,,,,,,,,,,,,,,,,,,,,,,,,,,,,,,,C,Open geospatial inventory,mapped building,https://doi.org/10.57931/3017294,https://www.openstreetmap.org,,,IM3 geospatial observation. Identity grain is preserved by Observation Level.,Insufficient evidence to establish or attach a distinct campus
im3:2988c87b392052a5,im3-source:2988c87b392052a5,IM3 Open Source Data Center Atlas / OpenStreetMap,Observed footprint,building,Northwest Data Center and Communications Hub,,,,,,,CA,Santa Clara County,,37.43343706491259,-122.1807385415218,Mapped centroid,,Observed footprint,,,,10145.0,,,,,,,,,,,,,,,,,,,,,,,,,,,,,,,,,,,C,Open geospatial inventory,mapped building,https://doi.org/10.57931/3017294,https://www.openstreetmap.org,,,IM3 geospatial observation. Identity grain is preserved by Observation Level.,Insufficient evidence to establish or attach a distinct campus
im3:29a023fd67e451b4,im3-source:29a023fd67e451b4,IM3 Open Source Data Center Atlas / OpenStreetMap,Observed footprint,building,Cloud Storage Corp,,,,,,,KS,Ellis County,,38.8721322,-99.30018745,Mapped centroid,,Observed footprint,,,,11561.0,,,,,,,,,,,,,,,,,,,,,,,,,,,,,,,,,,,C,Open geospatial inventory,mapped building,https://doi.org/10.57931/3017294,https://www.openstreetmap.org,,,IM3 geospatial observation. Identity grain is preserved by Observation Level.,Insufficient evidence to establish or attach a distinct campus
im3:29e428d2c8dd65a9,im3-source:29e428d2c8dd65a9,IM3 Open Source Data Center Atlas / OpenStreetMap,Observed footprint,building,Amazon IAD80,Amazon Web Services,,,,,,VA,Loudoun County,,39.02710865,-77.45282885000002,Mapped centroid,,Observed footprint,,,,150443.0,,,,,,,,,,,,,,,,,,,,,,,,,,,,,,,,,,,C,Open geospatial inventory,mapped building,https://doi.org/10.57931/3017294,https://www.openstreetmap.org,,,IM3 geospatial observation. Identity grain is preserved by Observation Level.,Insufficient evidence to establish or attach a distinct campus
im3:29e5721c2dd69173,im3-source:29e5721c2dd69173,IM3 Open Source Data Center Atlas / OpenStreetMap,Observed footprint,building,,,,,,,,TX,Montgomery County,,30.17778284983449,-95.48652634861509,Mapped centroid,,Observed footprint,,,,126121.0,,,,,,,,,,,,,,,,,,,,,,,,,,,,,,,,,,,C,Open geospatial inventory,mapped building,https://doi.org/10.57931/3017294,https://www.openstreetmap.org,,,IM3 geospatial observation. Identity grain is preserved by Observation Level.,Insufficient evidence to establish or attach a distinct campus
im3:2aaa20eead98b64a,im3-source:2aaa20eead98b64a,IM3 Open Source Data Center Atlas / OpenStreetMap,Observed footprint,building,Evoque Allen DA1,Centersquare,,,,,,TX,Collin County,,33.09506355496614,-96.68376373701796,Mapped centroid,,Observed footprint,,,,114534.0,,,,,,,,,,,,,,,,,,,,,,,,,,,,,,,,,,,C,Open geospatial inventory,mapped building,https://doi.org/10.57931/3017294,https://www.openstreetmap.org,,,IM3 geospatial observation. Identity grain is preserved by Observation Level.,Insufficient evidence to establish or attach a distinct campus
im3:2b2967ea841cf463,im3-source:2b2967ea841cf463,IM3 Open Source Data Center Atlas / OpenStreetMap,Observed footprint,building,Amazon IAD90,Amazon Web Services,,,,,,VA,Loudoun County,,38.988603079255654,-77.41165152924845,Mapped centroid,,Observed footprint,,,,147749.0,,,,,,,,,,,,,,,,,,,,,,,,,,,,,,,,,,,C,Open geospatial inventory,mapped building,https://doi.org/10.57931/3017294,https://www.openstreetmap.org,,,IM3 geospatial observation. Identity grain is preserved by Observation Level.,Insufficient evidence to establish or attach a distinct campus
im3:2b747cef6a4b62b8,im3-source:2b747cef6a4b62b8,IM3 Open Source Data Center Atlas / OpenStreetMap,Observed footprint,building,LightEdge SAN1,,,,,,,CA,San Diego County,,32.82786552245116,-117.12993394626552,Mapped centroid,,Observed footprint,,,,83576.0,,,,,,,,,,,,,,,,,,,,,,,,,,,,,,,,,,,C,Open geospatial inventory,mapped building,https://doi.org/10.57931/3017294,https://www.openstreetmap.org,,,IM3 geospatial observation. Identity grain is preserved by Observation Level.,Insufficient evidence to establish or attach a distinct campus
im3:2b931b0582a495bf,im3-source:2b931b0582a495bf,IM3 Open Source Data Center Atlas / OpenStreetMap,Observed footprint,building,,,,,,,,IL,DuPage County,,41.90535458906075,-88.21951394137749,Mapped centroid,,Observed footprint,,,,14550.0,,,,,,,,,,,,,,,,,,,,,,,,,,,,,,,,,,,C,Open geospatial inventory,mapped building,https://doi.org/10.57931/3017294,https://www.openstreetmap.org,,,IM3 geospatial observation. Identity grain is preserved by Observation Level.,Insufficient evidence to establish or attach a distinct campus
im3:2bab4ef7dfb20f25,im3-source:2bab4ef7dfb20f25,IM3 Open Source Data Center Atlas / OpenStreetMap,Observed footprint,building,QTS NAL1 DC2,Quality Technology Services,,,,,,OH,Licking County,,40.0635621194762,-82.7581691756085,Mapped centroid,,Observed footprint,,,,226711.0,,,,,,,,,,,,,,,,,,,,,,,,,,,,,,,,,,,C,Open geospatial inventory,mapped building,https://doi.org/10.57931/3017294,https://www.openstreetmap.org,,,IM3 geospatial observation. Identity grain is preserved by Observation Level.,Insufficient evidence to establish or attach a distinct campus
im3:2bf9718972cf1efa,im3-source:2bf9718972cf1efa,IM3 Open Source Data Center Atlas / OpenStreetMap,Observed footprint,building,CenturyLink,,,,,,,MO,Caldwell County,,39.74404823647734,-93.99737601906618,Mapped centroid,,Observed footprint,,,,1433.0,,,,,,,,,,,,,,,,,,,,,,,,,,,,,,,,,,,C,Open geospatial inventory,mapped building,https://doi.org/10.57931/3017294,https://www.openstreetmap.org,,,IM3 geospatial observation. Identity grain is preserved by Observation Level.,Insufficient evidence to establish or attach a distinct campus
im3:2c22f5b5dbac675c,im3-source:2c22f5b5dbac675c,IM3 Open Source Data Center Atlas / OpenStreetMap,Observed footprint,building,Verizon Wireless NE Headquarters,,,,,,,NJ,Somerset County,,40.555692492801825,-74.70559634764604,Mapped centroid,,Observed footprint,,,,156691.0,,,,,,,,,,,,,,,,,,,,,,,,,,,,,,,,,,,C,Open geospatial inventory,mapped building,https://doi.org/10.57931/3017294,https://www.openstreetmap.org,,,IM3 geospatial observation. Identity grain is preserved by Observation Level.,Insufficient evidence to establish or attach a distinct campus
im3:2c33a0c8ed822266,im3-source:2c33a0c8ed822266,IM3 Open Source Data Center Atlas / OpenStreetMap,Observed footprint,building,STACK SVY02,Stack Infrastructure,,,,,,CA,Santa Clara County,,37.36193156253162,-121.95374429778916,Mapped centroid,,Observed footprint,,,,136083.0,,,,,,,,,,,,,,,,,,,,,,,,,,,,,,,,,,,C,Open geospatial inventory,mapped building,https://doi.org/10.57931/3017294,https://www.openstreetmap.org,,,IM3 geospatial observation. Identity grain is preserved by Observation Level.,Insufficient evidence to establish or attach a distinct campus
im3:2d1ad3b32adb2207,im3-source:2d1ad3b32adb2207,IM3 Open Source Data Center Atlas / OpenStreetMap,Observed footprint,building,Centersquare Elk Grove Village Data Center Campus ORD2,Centersquare,,,,,,IL,DuPage County,,41.99204041721668,-87.95817201044825,Mapped centroid,,Observed footprint,,,,198323.0,,,,,,,,,,,,,,,,,,,,,,,,,,,,,,,,,,,C,Open geospatial inventory,mapped building,https://doi.org/10.57931/3017294,https://www.openstreetmap.org,,,IM3 geospatial observation. Identity grain is preserved by Observation Level.,Insufficient evidence to establish or attach a distinct campus
im3:2d96302e06ff8833,im3-source:2d96302e06ff8833,IM3 Open Source Data Center Atlas / OpenStreetMap,Observed footprint,building,Facebook Altoona Data Center 3,Meta,,,,,,IA,Polk County,,41.667071409471504,-93.50646559189629,Mapped centroid,,Observed footprint,,,,377755.0,,,,,,,,,,,,,,,,,,,,,,,,,,,,,,,,,,,C,Open geospatial inventory,mapped building,https://doi.org/10.57931/3017294,https://www.openstreetmap.org,,,IM3 geospatial observation. Identity grain is preserved by Observation Level.,Insufficient evidence to establish or attach a distinct campus
im3:2e81d0af3b414421,im3-source:2e81d0af3b414421,IM3 Open Source Data Center Atlas / OpenStreetMap,Observed footprint,building,Evocative Secaucus,Evocative,,,,,,NJ,Hudson County,,40.78755018629143,-74.06804834546902,Mapped centroid,,Observed footprint,,,,101304.0,,,,,,,,,,,,,,,,,,,,,,,,,,,,,,,,,,,C,Open geospatial inventory,mapped building,https://doi.org/10.57931/3017294,https://www.openstreetmap.org,,,IM3 geospatial observation. Identity grain is preserved by Observation Level.,Insufficient evidence to establish or attach a distinct campus
im3:2ef90b0afb1356de,im3-source:2ef90b0afb1356de,IM3 Open Source Data Center Atlas / OpenStreetMap,Observed footprint,site_point,VaultLogix,,,,,,,AZ,Maricopa County,,33.627367,-111.9017033,Mapped centroid,,Observed footprint,,,,,,,,,,,,,,,,,,,,,,,,,,,,,,,,,,,,,,,C,Open geospatial inventory,mapped point,https://doi.org/10.57931/3017294,https://www.openstreetmap.org,,,IM3 geospatial observation. Identity grain is preserved by Observation Level.,Insufficient evidence to establish or attach a distinct campus
im3:2f6f7027f370dc8d,im3-source:2f6f7027f370dc8d,IM3 Open Source Data Center Atlas / OpenStreetMap,Observed footprint,building,,,,,,,,OR,Crook County,,44.30125485244593,-120.88988386646692,Mapped centroid,,Observed footprint,,,,622980.0,,,,,,,,,,,,,,,,,,,,,,,,,,,,,,,,,,,C,Open geospatial inventory,mapped building,https://doi.org/10.57931/3017294,https://www.openstreetmap.org,,,IM3 geospatial observation. Identity grain is preserved by Observation Level.,Insufficient evidence to establish or attach a distinct campus
im3:2fcda9ce7a21159f,im3-source:2fcda9ce7a21159f,IM3 Open Source Data Center Atlas / OpenStreetMap,Observed footprint,building,H5 Data Centers Ashburn,H5,,,,,,VA,Loudoun County,,39.01367498967383,-77.45171989427695,Mapped centroid,,Observed footprint,,,,83656.0,,,,,,,,,,,,,,,,,,,,,,,,,,,,,,,,,,,C,Open geospatial inventory,mapped building,https://doi.org/10.57931/3017294,https://www.openstreetmap.org,,,IM3 geospatial observation. Identity grain is preserved by Observation Level.,Insufficient evidence to establish or attach a distinct campus
im3:301f2a1e3c53f0e9,im3-source:301f2a1e3c53f0e9,IM3 Open Source Data Center Atlas / OpenStreetMap,Observed footprint,building,L3Harris Technologies Inc,,,,,,,AZ,Maricopa County,,33.305358472652046,-111.67170400658866,Mapped centroid,,Observed footprint,,,,14469.0,,,,,,,,,,,,,,,,,,,,,,,,,,,,,,,,,,,C,Open geospatial inventory,mapped building,https://doi.org/10.57931/3017294,https://www.openstreetmap.org,,,IM3 geospatial observation. Identity grain is preserved by Observation Level.,Insufficient evidence to establish or attach a distinct campus
im3:302f693f51df18c4,im3-source:302f693f51df18c4,IM3 Open Source Data Center Atlas / OpenStreetMap,Observed footprint,building,,Claro,,,,,,PR,San Juan Municipio,,18.4468269680502,-66.0516872147716,Mapped centroid,,Observed footprint,,,,23137.0,,,,,,,,,,,,,,,,,,,,,,,,,,,,,,,,,,,C,Open geospatial inventory,mapped building,https://doi.org/10.57931/3017294,https://www.openstreetmap.org,,,IM3 geospatial observation. Identity grain is preserved by Observation Level.,Insufficient evidence to establish or attach a distinct campus
im3:3098476de94a3bc8,im3-source:3098476de94a3bc8,IM3 Open Source Data Center Atlas / OpenStreetMap,Observed footprint,building,SAP COS02,SAP,,,,,,CO,El Paso County,,38.9888883596214,-104.78638139828008,Mapped centroid,,Observed footprint,,,,47705.0,,,,,,,,,,,,,,,,,,,,,,,,,,,,,,,,,,,C,Open geospatial inventory,mapped building,https://doi.org/10.57931/3017294,https://www.openstreetmap.org,,,IM3 geospatial observation. Identity grain is preserved by Observation Level.,Insufficient evidence to establish or attach a distinct campus
im3:30c08a7236c0cacd,im3-source:30c08a7236c0cacd,IM3 Open Source Data Center Atlas / OpenStreetMap,Observed footprint,building,NTT Data Quincy,NTT,,,,,,WA,Grant County,,47.243587513950175,-119.86571157217126,Mapped centroid,,Observed footprint,,,,99760.0,,,,,,,,,,,,,,,,,,,,,,,,,,,,,,,,,,,C,Open geospatial inventory,mapped building,https://doi.org/10.57931/3017294,https://www.openstreetmap.org,,,IM3 geospatial observation. Identity grain is preserved by Observation Level.,Insufficient evidence to establish or attach a distinct campus
im3:30d4c32b4b049b3d,im3-source:30d4c32b4b049b3d,IM3 Open Source Data Center Atlas / OpenStreetMap,Observed footprint,building,,,,,,,,WY,Laramie County,,41.125410975069435,-104.90197773509112,Mapped centroid,,Observed footprint,,,,51590.0,,,,,,,,,,,,,,,,,,,,,,,,,,,,,,,,,,,C,Open geospatial inventory,mapped building,https://doi.org/10.57931/3017294,https://www.openstreetmap.org,,,IM3 geospatial observation. Identity grain is preserved by Observation Level.,Insufficient evidence to establish or attach a distinct campus
im3:3115c6bca02b4d74,im3-source:3115c6bca02b4d74,IM3 Open Source Data Center Atlas / OpenStreetMap,Observed footprint,building,ForceAmp.com,,,,,,,IA,Johnson County,,41.703998424529416,-91.58707810458274,Mapped centroid,,Observed footprint,,,,2709.0,,,,,,,,,,,,,,,,,,,,,,,,,,,,,,,,,,,C,Open geospatial inventory,mapped building,https://doi.org/10.57931/3017294,https://www.openstreetmap.org,,,IM3 geospatial observation. Identity grain is preserved by Observation Level.,Insufficient evidence to establish or attach a distinct campus
im3:313523d95df01ff4,im3-source:313523d95df01ff4,IM3 Open Source Data Center Atlas / OpenStreetMap,Observed footprint,building,Flexential Minneapolis - Chaska,Flexential,,,,,,MN,Carver County,,44.851592872460415,-93.598831272677,Mapped centroid,,Observed footprint,,,,135505.0,,,,,,,,,,,,,,,,,,,,,,,,,,,,,,,,,,,C,Open geospatial inventory,mapped building,https://doi.org/10.57931/3017294,https://www.openstreetmap.org,,,IM3 geospatial observation. Identity grain is preserved by Observation Level.,Insufficient evidence to establish or attach a distinct campus
im3:31d7795723c832d0,im3-source:31d7795723c832d0,IM3 Open Source Data Center Atlas / OpenStreetMap,Observed footprint,building,RagingWire CA2,NTT,,,,,,CA,Sacramento County,,38.65039952664551,-121.4919460999218,Mapped centroid,,Observed footprint,,,,204702.0,,,,,,,,,,,,,,,,,,,,,,,,,,,,,,,,,,,C,Open geospatial inventory,mapped building,https://doi.org/10.57931/3017294,https://www.openstreetmap.org,,,IM3 geospatial observation. Identity grain is preserved by Observation Level.,Insufficient evidence to establish or attach a distinct campus
im3:33a3586cd6df671a,im3-source:33a3586cd6df671a,IM3 Open Source Data Center Atlas / OpenStreetMap,Observed footprint,building,CoreSite SV3,CoreSite,,,,,,CA,Santa Clara County,,37.375142093130535,-121.97170937319942,Mapped centroid,,Observed footprint,,,,57809.0,,,,,,,,,,,,,,,,,,,,,,,,,,,,,,,,,,,C,Open geospatial inventory,mapped building,https://doi.org/10.57931/3017294,https://www.openstreetmap.org,,,IM3 geospatial observation. Identity grain is preserved by Observation Level.,Insufficient evidence to establish or attach a distinct campus
im3:33b530d3a0fdc886,im3-source:33b530d3a0fdc886,IM3 Open Source Data Center Atlas / OpenStreetMap,Observed footprint,building,,,,,,,,FL,Miami-Dade County,,25.79754440368163,-80.23003372241367,Mapped centroid,,Observed footprint,,,,15911.0,,,,,,,,,,,,,,,,,,,,,,,,,,,,,,,,,,,C,Open geospatial inventory,mapped building,https://doi.org/10.57931/3017294,https://www.openstreetmap.org,,,IM3 geospatial observation. Identity grain is preserved by Observation Level.,Insufficient evidence to establish or attach a distinct campus
im3:33d6c0d0ae05ca31,im3-source:33d6c0d0ae05ca31,IM3 Open Source Data Center Atlas / OpenStreetMap,Observed footprint,building,zColo by Zayo,,,,,,,CO,Arapahoe County,,39.59135174760451,-104.8470386406715,Mapped centroid,,Observed footprint,,,,62177.0,,,,,,,,,,,,,,,,,,,,,,,,,,,,,,,,,,,C,Open geospatial inventory,mapped building,https://doi.org/10.57931/3017294,https://www.openstreetmap.org,,,IM3 geospatial observation. Identity grain is preserved by Observation Level.,Insufficient evidence to establish or attach a distinct campus
im3:33f246af9ebdc860,im3-source:33f246af9ebdc860,IM3 Open Source Data Center Atlas / OpenStreetMap,Observed footprint,building,,,,,,,,TX,Collin County,,33.00929860770818,-96.6765444559273,Mapped centroid,,Observed footprint,,,,108401.0,,,,,,,,,,,,,,,,,,,,,,,,,,,,,,,,,,,C,Open geospatial inventory,mapped building,https://doi.org/10.57931/3017294,https://www.openstreetmap.org,,,IM3 geospatial observation. Identity grain is preserved by Observation Level.,Insufficient evidence to establish or attach a distinct campus
im3:35d5653a89ec3d71,im3-source:35d5653a89ec3d71,IM3 Open Source Data Center Atlas / OpenStreetMap,Observed footprint,site_point,CoreSite DC1,CoreSite,,,,,,DC,District of Columbia,,38.902887900000046,-77.0291491,Mapped centroid,,Observed footprint,,,,,,,,,,,,,,,,,,,,,,,,,,,,,,,,,,,,,,,C,Open geospatial inventory,mapped point,https://doi.org/10.57931/3017294,https://www.openstreetmap.org,,,IM3 geospatial observation. Identity grain is preserved by Observation Level.,Insufficient evidence to establish or attach a distinct campus
im3:366c88b60ee9c361,im3-source:366c88b60ee9c361,IM3 Open Source Data Center Atlas / OpenStreetMap,Observed footprint,building,42255 THUNDERBALL DR,True North Data Solutions,,,,,,VA,Loudoun County,,39.04162316484261,-77.53922374256192,Mapped centroid,,Observed footprint,,,,60458.0,,,,,,,,,,,,,,,,,,,,,,,,,,,,,,,,,,,C,Open geospatial inventory,mapped building,https://doi.org/10.57931/3017294,https://www.openstreetmap.org,,,IM3 geospatial observation. Identity grain is preserved by Observation Level.,Insufficient evidence to establish or attach a distinct campus
im3:36d2c047c9d8164c,im3-source:36d2c047c9d8164c,IM3 Open Source Data Center Atlas / OpenStreetMap,Observed footprint,building,,,,,,,,WY,Laramie County,,41.12403295000005,-104.89808859999998,Mapped centroid,,Observed footprint,,,,62914.0,,,,,,,,,,,,,,,,,,,,,,,,,,,,,,,,,,,C,Open geospatial inventory,mapped building,https://doi.org/10.57931/3017294,https://www.openstreetmap.org,,,IM3 geospatial observation. Identity grain is preserved by Observation Level.,Insufficient evidence to establish or attach a distinct campus
im3:36db0b021d03d6d0,im3-source:36db0b021d03d6d0,IM3 Open Source Data Center Atlas / OpenStreetMap,Observed footprint,building,IONIC Digital Cedarvale,IONIC Digital,,,,,,TX,Ward County,,31.513473600851476,-103.44862074010058,Mapped centroid,,Observed footprint,,,,2238928.0,,,,,,,,,,,,,,,,,,,,,,,,,,,,,,,,,,,C,Open geospatial inventory,mapped building,https://doi.org/10.57931/3017294,https://www.openstreetmap.org,,,IM3 geospatial observation. Identity grain is preserved by Observation Level.,Insufficient evidence to establish or attach a distinct campus
im3:3717e97f31ef34aa,im3-source:3717e97f31ef34aa,IM3 Open Source Data Center Atlas / OpenStreetMap,Observed footprint,building,,,,,,,,OR,Crook County,,44.28575424129555,-120.86992102249845,Mapped centroid,,Observed footprint,,,,275217.0,,,,,,,,,,,,,,,,,,,,,,,,,,,,,,,,,,,C,Open geospatial inventory,mapped building,https://doi.org/10.57931/3017294,https://www.openstreetmap.org,,,IM3 geospatial observation. Identity grain is preserved by Observation Level.,Insufficient evidence to establish or attach a distinct campus
im3:38341675104a6b14,im3-source:38341675104a6b14,IM3 Open Source Data Center Atlas / OpenStreetMap,Observed footprint,building,,,,,,,,VA,Loudoun County,,38.95006466965016,-77.5588703196787,Mapped centroid,,Observed footprint,,,,130174.0,,,,,,,,,,,,,,,,,,,,,,,,,,,,,,,,,,,C,Open geospatial inventory,mapped building,https://doi.org/10.57931/3017294,https://www.openstreetmap.org,,,IM3 geospatial observation. Identity grain is preserved by Observation Level.,Insufficient evidence to establish or attach a distinct campus
im3:3860b8e6847581ae,im3-source:3860b8e6847581ae,IM3 Open Source Data Center Atlas / OpenStreetMap,Observed footprint,building,NCSA Petascale Computing Facility,,,,,,,IL,Champaign County,,40.0952591082798,-88.24203140072825,Mapped centroid,,Observed footprint,,,,45620.0,,,,,,,,,,,,,,,,,,,,,,,,,,,,,,,,,,,C,Open geospatial inventory,mapped building,https://doi.org/10.57931/3017294,https://www.openstreetmap.org,,,IM3 geospatial observation. Identity grain is preserved by Observation Level.,Insufficient evidence to establish or attach a distinct campus
im3:389860828f421f4b,im3-source:389860828f421f4b,IM3 Open Source Data Center Atlas / OpenStreetMap,Observed footprint,building,Travelers Insurance,Travelers Insurance,,,,,,NE,Sarpy County,,41.12784314075568,-96.1450454342224,Mapped centroid,,Observed footprint,,,,182408.0,,,,,,,,,,,,,,,,,,,,,,,,,,,,,,,,,,,C,Open geospatial inventory,mapped building,https://doi.org/10.57931/3017294,https://www.openstreetmap.org,,,IM3 geospatial observation. Identity grain is preserved by Observation Level.,Insufficient evidence to establish or attach a distinct campus
im3:38df4699dab44bd1,im3-source:38df4699dab44bd1,IM3 Open Source Data Center Atlas / OpenStreetMap,Observed footprint,building,,,,,,,,NJ,Gloucester County,,39.83093011342507,-75.19532326528213,Mapped centroid,,Observed footprint,,,,41058.0,,,,,,,,,,,,,,,,,,,,,,,,,,,,,,,,,,,C,Open geospatial inventory,mapped building,https://doi.org/10.57931/3017294,https://www.openstreetmap.org,,,IM3 geospatial observation. Identity grain is preserved by Observation Level.,Insufficient evidence to establish or attach a distinct campus
im3:38e8cfc1687320c6,im3-source:38e8cfc1687320c6,IM3 Open Source Data Center Atlas / OpenStreetMap,Observed footprint,building,H5 Phoenix,H5,,,,,,AZ,Maricopa County,,33.276910838566906,-111.88590913169335,Mapped centroid,,Observed footprint,,,,50925.0,,,,,,,,,,,,,,,,,,,,,,,,,,,,,,,,,,,C,Open geospatial inventory,mapped building,https://doi.org/10.57931/3017294,https://www.openstreetmap.org,,,IM3 geospatial observation. Identity grain is preserved by Observation Level.,Insufficient evidence to establish or attach a distinct campus
im3:38fa6e23961423e7,im3-source:38fa6e23961423e7,IM3 Open Source Data Center Atlas / OpenStreetMap,Observed footprint,building,DataBank Santa Clara SFO1,DataBank,,,,,,CA,Santa Clara County,,37.4072986820068,-121.96595642203532,Mapped centroid,,Observed footprint,,,,26781.0,,,,,,,,,,,,,,,,,,,,,,,,,,,,,,,,,,,C,Open geospatial inventory,mapped building,https://doi.org/10.57931/3017294,https://www.openstreetmap.org,,,IM3 geospatial observation. Identity grain is preserved by Observation Level.,Insufficient evidence to establish or attach a distinct campus
im3:3a0731b8c9d70445,im3-source:3a0731b8c9d70445,IM3 Open Source Data Center Atlas / OpenStreetMap,Observed footprint,building,,,,,,,,CO,Douglas County,,39.55907170103508,-104.83358763917585,Mapped centroid,,Observed footprint,,,,28132.0,,,,,,,,,,,,,,,,,,,,,,,,,,,,,,,,,,,C,Open geospatial inventory,mapped building,https://doi.org/10.57931/3017294,https://www.openstreetmap.org,,,IM3 geospatial observation. Identity grain is preserved by Observation Level.,Insufficient evidence to establish or attach a distinct campus
im3:3a8dd9a7b01aded8,im3-source:3a8dd9a7b01aded8,IM3 Open Source Data Center Atlas / OpenStreetMap,Observed footprint,site_point,Flexential - Denver - Centennial Data Center,Flexential,,,,,,CO,Arapahoe County,,39.59387330000001,-104.8431597,Mapped centroid,,Observed footprint,,,,,,,,,,,,,,,,,,,,,,,,,,,,,,,,,,,,,,,C,Open geospatial inventory,mapped point,https://doi.org/10.57931/3017294,https://www.openstreetmap.org,,,IM3 geospatial observation. Identity grain is preserved by Observation Level.,Insufficient evidence to establish or attach a distinct campus
im3:3a95b063d2e86ddc,im3-source:3a95b063d2e86ddc,IM3 Open Source Data Center Atlas / OpenStreetMap,Observed footprint,building,,,,,,,,VA,Loudoun County,,39.015417165524966,-77.47827344112854,Mapped centroid,,Observed footprint,,,,144382.0,,,,,,,,,,,,,,,,,,,,,,,,,,,,,,,,,,,C,Open geospatial inventory,mapped building,https://doi.org/10.57931/3017294,https://www.openstreetmap.org,,,IM3 geospatial observation. Identity grain is preserved by Observation Level.,Insufficient evidence to establish or attach a distinct campus
im3:3a9db0c3afc8eaef,im3-source:3a9db0c3afc8eaef,IM3 Open Source Data Center Atlas / OpenStreetMap,Observed footprint,building,,,,,,,,TN,Grainger County,,36.32807395054265,-83.3767035166009,Mapped centroid,,Observed footprint,,,,1232.0,,,,,,,,,,,,,,,,,,,,,,,,,,,,,,,,,,,C,Open geospatial inventory,mapped building,https://doi.org/10.57931/3017294,https://www.openstreetmap.org,,,IM3 geospatial observation. Identity grain is preserved by Observation Level.,Insufficient evidence to establish or attach a distinct campus
im3:3aa9ca4d2f3a1b0a,im3-source:3aa9ca4d2f3a1b0a,IM3 Open Source Data Center Atlas / OpenStreetMap,Observed footprint,building,,,,,,,,NY,Rockland County,,41.052330011443395,-73.97183915632714,Mapped centroid,,Observed footprint,,,,262772.0,,,,,,,,,,,,,,,,,,,,,,,,,,,,,,,,,,,C,Open geospatial inventory,mapped building,https://doi.org/10.57931/3017294,https://www.openstreetmap.org,,,IM3 geospatial observation. Identity grain is preserved by Observation Level.,Insufficient evidence to establish or attach a distinct campus
im3:3ae4e51b4d5b73a0,im3-source:3ae4e51b4d5b73a0,IM3 Open Source Data Center Atlas / OpenStreetMap,Observed footprint,building,Liquid Web,,,,,,,MI,Eaton County,,42.68795132484524,-84.64299464108812,Mapped centroid,,Observed footprint,,,,23079.0,,,,,,,,,,,,,,,,,,,,,,,,,,,,,,,,,,,C,Open geospatial inventory,mapped building,https://doi.org/10.57931/3017294,https://www.openstreetmap.org,,,IM3 geospatial observation. Identity grain is preserved by Observation Level.,Insufficient evidence to establish or attach a distinct campus
im3:3b56e01518fa64e2,im3-source:3b56e01518fa64e2,IM3 Open Source Data Center Atlas / OpenStreetMap,Observed footprint,building,Centersquare IAD2-B,Centersquare,,,,,,VA,Loudoun County,,38.983603751418265,-77.42410521653314,Mapped centroid,,Observed footprint,,,,71819.0,,,,,,,,,,,,,,,,,,,,,,,,,,,,,,,,,,,C,Open geospatial inventory,mapped building,https://doi.org/10.57931/3017294,https://www.openstreetmap.org,,,IM3 geospatial observation. Identity grain is preserved by Observation Level.,Insufficient evidence to establish or attach a distinct campus
im3:3b9fc19195dca7bc,im3-source:3b9fc19195dca7bc,IM3 Open Source Data Center Atlas / OpenStreetMap,Observed footprint,building,VISA,VISA,,,,,,IL,Lake County,,42.21675653596632,-87.95284650850377,Mapped centroid,,Observed footprint,,,,55001.0,,,,,,,,,,,,,,,,,,,,,,,,,,,,,,,,,,,C,Open geospatial inventory,mapped building,https://doi.org/10.57931/3017294,https://www.openstreetmap.org,,,IM3 geospatial observation. Identity grain is preserved by Observation Level.,Insufficient evidence to establish or attach a distinct campus
im3:3bc8882490446dc7,im3-source:3bc8882490446dc7,IM3 Open Source Data Center Atlas / OpenStreetMap,Observed footprint,building,,,,,,,,IA,Polk County,,41.55808334368885,-93.5276618908822,Mapped centroid,,Observed footprint,,,,6991.0,,,,,,,,,,,,,,,,,,,,,,,,,,,,,,,,,,,C,Open geospatial inventory,mapped building,https://doi.org/10.57931/3017294,https://www.openstreetmap.org,,,IM3 geospatial observation. Identity grain is preserved by Observation Level.,Insufficient evidence to establish or attach a distinct campus
im3:3c23851ffffc4706,im3-source:3c23851ffffc4706,IM3 Open Source Data Center Atlas / OpenStreetMap,Observed footprint,site_point,Southwest Cyberport,,,,,,,NM,Bernalillo County,,35.10329250000003,-106.5893487,Mapped centroid,,Observed footprint,,,,,,,,,,,,,,,,,,,,,,,,,,,,,,,,,,,,,,,C,Open geospatial inventory,mapped point,https://doi.org/10.57931/3017294,https://www.openstreetmap.org,,,IM3 geospatial observation. Identity grain is preserved by Observation Level.,Insufficient evidence to establish or attach a distinct campus
im3:3cdc592632d217b6,im3-source:3cdc592632d217b6,IM3 Open Source Data Center Atlas / OpenStreetMap,Observed footprint,building,,Comcast,,,,,,WA,King County,,47.69332367388028,-122.3173171877123,Mapped centroid,,Observed footprint,,,,8025.0,,,,,,,,,,,,,,,,,,,,,,,,,,,,,,,,,,,C,Open geospatial inventory,mapped building,https://doi.org/10.57931/3017294,https://www.openstreetmap.org,,,IM3 geospatial observation. Identity grain is preserved by Observation Level.,Insufficient evidence to establish or attach a distinct campus
im3:3cf16576e815c31f,im3-source:3cf16576e815c31f,IM3 Open Source Data Center Atlas / OpenStreetMap,Observed footprint,building,Cisco Allen,,,,,,,TX,Collin County,,33.13598019433587,-96.66095239334275,Mapped centroid,,Observed footprint,,,,162023.0,,,,,,,,,,,,,,,,,,,,,,,,,,,,,,,,,,,C,Open geospatial inventory,mapped building,https://doi.org/10.57931/3017294,https://www.openstreetmap.org,,,IM3 geospatial observation. Identity grain is preserved by Observation Level.,Insufficient evidence to establish or attach a distinct campus
im3:3d2f6da8ed7cc678,im3-source:3d2f6da8ed7cc678,IM3 Open Source Data Center Atlas / OpenStreetMap,Observed footprint,building,,Aligned Data Centers,,,,,,OR,Washington County,,45.55406422664085,-122.94931170416196,Mapped centroid,,Observed footprint,,,,155423.0,,,,,,,,,,,,,,,,,,,,,,,,,,,,,,,,,,,C,Open geospatial inventory,mapped building,https://doi.org/10.57931/3017294,https://www.openstreetmap.org,,,IM3 geospatial observation. Identity grain is preserved by Observation Level.,Insufficient evidence to establish or attach a distinct campus
im3:3d522d5365339d05,im3-source:3d522d5365339d05,IM3 Open Source Data Center Atlas / OpenStreetMap,Observed footprint,building,Lincoln Rackhouse Maryland,Lincoln Rackhouse,,,,,,MD,Montgomery County,,39.05856287600139,-76.96432170852862,Mapped centroid,,Observed footprint,,,,146301.0,,,,,,,,,,,,,,,,,,,,,,,,,,,,,,,,,,,C,Open geospatial inventory,mapped building,https://doi.org/10.57931/3017294,https://www.openstreetmap.org,,,IM3 geospatial observation. Identity grain is preserved by Observation Level.,Insufficient evidence to establish or attach a distinct campus
im3:3db7b82349e567a1,im3-source:3db7b82349e567a1,IM3 Open Source Data Center Atlas / OpenStreetMap,Observed footprint,building,UF Research Computing Center,University of Florida,,,,,,FL,Alachua County,,29.67259113314895,-82.29992999297096,Mapped centroid,,Observed footprint,,,,36370.0,,,,,,,,,,,,,,,,,,,,,,,,,,,,,,,,,,,C,Open geospatial inventory,mapped building,https://doi.org/10.57931/3017294,https://www.openstreetmap.org,,,IM3 geospatial observation. Identity grain is preserved by Observation Level.,Insufficient evidence to establish or attach a distinct campus
im3:3db8336da65b9770,im3-source:3db8336da65b9770,IM3 Open Source Data Center Atlas / OpenStreetMap,Observed footprint,building,Amazon IAD65,Amazon Web Services,,,,,,VA,Loudoun County,,38.91701072700307,-77.49436645249695,Mapped centroid,,Observed footprint,,,,151356.0,,,,,,,,,,,,,,,,,,,,,,,,,,,,,,,,,,,C,Open geospatial inventory,mapped building,https://doi.org/10.57931/3017294,https://www.openstreetmap.org,,,IM3 geospatial observation. Identity grain is preserved by Observation Level.,Insufficient evidence to establish or attach a distinct campus
im3:3dfbe6949a699245,im3-source:3dfbe6949a699245,IM3 Open Source Data Center Atlas / OpenStreetMap,Observed footprint,building,,,,,,,,OH,Franklin County,,40.0207608710309,-83.12417578330202,Mapped centroid,,Observed footprint,,,,261665.0,,,,,,,,,,,,,,,,,,,,,,,,,,,,,,,,,,,C,Open geospatial inventory,mapped building,https://doi.org/10.57931/3017294,https://www.openstreetmap.org,,,IM3 geospatial observation. Identity grain is preserved by Observation Level.,Insufficient evidence to establish or attach a distinct campus
im3:3e26224799f4654d,im3-source:3e26224799f4654d,IM3 Open Source Data Center Atlas / OpenStreetMap,Observed footprint,building,AngelTrax Data Center,AngelTrax Mobile Video Surveillance Solutions,,,,,,AL,Houston County,,31.231904196107177,-85.45584883806258,Mapped centroid,,Observed footprint,,,,10736.0,,,,,,,,,,,,,,,,,,,,,,,,,,,,,,,,,,,C,Open geospatial inventory,mapped building,https://doi.org/10.57931/3017294,https://www.openstreetmap.org,,,IM3 geospatial observation. Identity grain is preserved by Observation Level.,Insufficient evidence to establish or attach a distinct campus
im3:3e4b46103bf8739c,im3-source:3e4b46103bf8739c,IM3 Open Source Data Center Atlas / OpenStreetMap,Observed footprint,building,,,,,,,,WA,Grant County,,47.24481076213176,-119.81798352546548,Mapped centroid,,Observed footprint,,,,280235.0,,,,,,,,,,,,,,,,,,,,,,,,,,,,,,,,,,,C,Open geospatial inventory,mapped building,https://doi.org/10.57931/3017294,https://www.openstreetmap.org,,,IM3 geospatial observation. Identity grain is preserved by Observation Level.,Insufficient evidence to establish or attach a distinct campus
im3:3eb4a1528345cb66,im3-source:3eb4a1528345cb66,IM3 Open Source Data Center Atlas / OpenStreetMap,Observed footprint,building,Cortex supercomputer,,,,,,,TX,Travis County,,30.21539943051719,-97.61896045819654,Mapped centroid,,Observed footprint,,,,427833.0,,,,,,,,,,,,,,,,,,,,,,,,,,,,,,,,,,,C,Open geospatial inventory,mapped building,https://doi.org/10.57931/3017294,https://www.openstreetmap.org,,,IM3 geospatial observation. Identity grain is preserved by Observation Level.,Insufficient evidence to establish or attach a distinct campus
im3:3f10aa94f30410f9,im3-source:3f10aa94f30410f9,IM3 Open Source Data Center Atlas / OpenStreetMap,Observed footprint,building,CenturyLink,,,,,,,NV,Clark County,,36.18299775000002,-115.06266955000002,Mapped centroid,,Observed footprint,,,,11601.0,,,,,,,,,,,,,,,,,,,,,,,,,,,,,,,,,,,C,Open geospatial inventory,mapped building,https://doi.org/10.57931/3017294,https://www.openstreetmap.org,,,IM3 geospatial observation. Identity grain is preserved by Observation Level.,Insufficient evidence to establish or attach a distinct campus
im3:3f1da825a1698786,im3-source:3f1da825a1698786,IM3 Open Source Data Center Atlas / OpenStreetMap,Observed footprint,building,Hurricane Electric Fremont 1,Hurricane Electric,,,,,,CA,Alameda County,,37.48986462006342,-121.93101655267864,Mapped centroid,,Observed footprint,,,,33640.0,,,,,,,,,,,,,,,,,,,,,,,,,,,,,,,,,,,C,Open geospatial inventory,mapped building,https://doi.org/10.57931/3017294,https://www.openstreetmap.org,,,IM3 geospatial observation. Identity grain is preserved by Observation Level.,Insufficient evidence to establish or attach a distinct campus
im3:3f3579e5a2f52ea5,im3-source:3f3579e5a2f52ea5,IM3 Open Source Data Center Atlas / OpenStreetMap,Observed footprint,building,RagingWire CA3,NTT,,,,,,CA,Sacramento County,,38.64423934979837,-121.4987627328412,Mapped centroid,,Observed footprint,,,,151366.0,,,,,,,,,,,,,,,,,,,,,,,,,,,,,,,,,,,C,Open geospatial inventory,mapped building,https://doi.org/10.57931/3017294,https://www.openstreetmap.org,,,IM3 geospatial observation. Identity grain is preserved by Observation Level.,Insufficient evidence to establish or attach a distinct campus
im3:3f4b06e81e851ca4,im3-source:3f4b06e81e851ca4,IM3 Open Source Data Center Atlas / OpenStreetMap,Observed footprint,building,,,,,,,,OR,Crook County,,44.301672245304395,-120.89459613560577,Mapped centroid,,Observed footprint,,,,455401.0,,,,,,,,,,,,,,,,,,,,,,,,,,,,,,,,,,,C,Open geospatial inventory,mapped building,https://doi.org/10.57931/3017294,https://www.openstreetmap.org,,,IM3 geospatial observation. Identity grain is preserved by Observation Level.,Insufficient evidence to establish or attach a distinct campus
im3:3f6ac2136f35c875,im3-source:3f6ac2136f35c875,IM3 Open Source Data Center Atlas / OpenStreetMap,Observed footprint,building,East Kentucky Network Datacenter,,,,,,,KY,Floyd County,,37.600176715919176,-82.67876276760288,Mapped centroid,,Observed footprint,,,,15594.0,,,,,,,,,,,,,,,,,,,,,,,,,,,,,,,,,,,C,Open geospatial inventory,mapped building,https://doi.org/10.57931/3017294,https://www.openstreetmap.org,,,IM3 geospatial observation. Identity grain is preserved by Observation Level.,Insufficient evidence to establish or attach a distinct campus
im3:3fdb33b344b4ba0f,im3-source:3fdb33b344b4ba0f,IM3 Open Source Data Center Atlas / OpenStreetMap,Observed footprint,building,,Blockfusion,,,,,,NY,Niagara County,,43.07483783618082,-78.9448016824675,Mapped centroid,,Observed footprint,,,,16242.0,,,,,,,,,,,,,,,,,,,,,,,,,,,,,,,,,,,C,Open geospatial inventory,mapped building,https://doi.org/10.57931/3017294,https://www.openstreetmap.org,,,IM3 geospatial observation. Identity grain is preserved by Observation Level.,Insufficient evidence to establish or attach a distinct campus
im3:3ff58f6241c3c43f,im3-source:3ff58f6241c3c43f,IM3 Open Source Data Center Atlas / OpenStreetMap,Observed footprint,building,,,,,,,,CA,Santa Clara County,,37.370642951035805,-121.97450722366924,Mapped centroid,,Observed footprint,,,,124069.0,,,,,,,,,,,,,,,,,,,,,,,,,,,,,,,,,,,C,Open geospatial inventory,mapped building,https://doi.org/10.57931/3017294,https://www.openstreetmap.org,,,IM3 geospatial observation. Identity grain is preserved by Observation Level.,Insufficient evidence to establish or attach a distinct campus
im3:4019385a6f237ca8,im3-source:4019385a6f237ca8,IM3 Open Source Data Center Atlas / OpenStreetMap,Observed footprint,building,Lightedge Des Moines 2,,,,,,,IA,Polk County,,41.66679862816312,-93.45595524429608,Mapped centroid,,Observed footprint,,,,56626.0,,,,,,,,,,,,,,,,,,,,,,,,,,,,,,,,,,,C,Open geospatial inventory,mapped building,https://doi.org/10.57931/3017294,https://www.openstreetmap.org,,,IM3 geospatial observation. Identity grain is preserved by Observation Level.,Insufficient evidence to establish or attach a distinct campus
im3:40cd094475555bfe,im3-source:40cd094475555bfe,IM3 Open Source Data Center Atlas / OpenStreetMap,Observed footprint,building,,,,,,,,OR,Crook County,,44.28727724970372,-120.8702159052651,Mapped centroid,,Observed footprint,,,,344665.0,,,,,,,,,,,,,,,,,,,,,,,,,,,,,,,,,,,C,Open geospatial inventory,mapped building,https://doi.org/10.57931/3017294,https://www.openstreetmap.org,,,IM3 geospatial observation. Identity grain is preserved by Observation Level.,Insufficient evidence to establish or attach a distinct campus
im3:419c9e46934e97bb,im3-source:419c9e46934e97bb,IM3 Open Source Data Center Atlas / OpenStreetMap,Observed footprint,building,,,,,,,,WA,Grant County,,47.24600329999998,-119.82754150000002,Mapped centroid,,Observed footprint,,,,33688.0,,,,,,,,,,,,,,,,,,,,,,,,,,,,,,,,,,,C,Open geospatial inventory,mapped building,https://doi.org/10.57931/3017294,https://www.openstreetmap.org,,,IM3 geospatial observation. Identity grain is preserved by Observation Level.,Insufficient evidence to establish or attach a distinct campus
im3:41ab58ed85541996,im3-source:41ab58ed85541996,IM3 Open Source Data Center Atlas / OpenStreetMap,Observed footprint,site_point,The Chatfield Group,,,,,,,AZ,Maricopa County,,33.380601,-111.7528888,Mapped centroid,,Observed footprint,,,,,,,,,,,,,,,,,,,,,,,,,,,,,,,,,,,,,,,C,Open geospatial inventory,mapped point,https://doi.org/10.57931/3017294,https://www.openstreetmap.org,,,IM3 geospatial observation. Identity grain is preserved by Observation Level.,Insufficient evidence to establish or attach a distinct campus
im3:422b4cc616c1d01f,im3-source:422b4cc616c1d01f,IM3 Open Source Data Center Atlas / OpenStreetMap,Observed footprint,building,NTT Chicago CH3,NTT,,,,,,IL,DuPage County,,41.98691359120973,-88.00800375608797,Mapped centroid,,Observed footprint,,,,83897.0,,,,,,,,,,,,,,,,,,,,,,,,,,,,,,,,,,,C,Open geospatial inventory,mapped building,https://doi.org/10.57931/3017294,https://www.openstreetmap.org,,,IM3 geospatial observation. Identity grain is preserved by Observation Level.,Insufficient evidence to establish or attach a distinct campus
im3:42319b6cddbf9794,im3-source:42319b6cddbf9794,IM3 Open Source Data Center Atlas / OpenStreetMap,Observed footprint,building,,,,,,,,NV,Washoe County,,39.57059170772451,-119.53603404796114,Mapped centroid,,Observed footprint,,,,89821.0,,,,,,,,,,,,,,,,,,,,,,,,,,,,,,,,,,,C,Open geospatial inventory,mapped building,https://doi.org/10.57931/3017294,https://www.openstreetmap.org,,,IM3 geospatial observation. Identity grain is preserved by Observation Level.,Insufficient evidence to establish or attach a distinct campus
im3:42929bd5d3151adf,im3-source:42929bd5d3151adf,IM3 Open Source Data Center Atlas / OpenStreetMap,Observed footprint,building,Terminal Commerce Building,,,,,,,PA,Philadelphia County,,39.95980952381243,-75.1608324925366,Mapped centroid,,Observed footprint,,,,119659.0,,,,,,,,,,,,,,,,,,,,,,,,,,,,,,,,,,,C,Open geospatial inventory,mapped building,https://doi.org/10.57931/3017294,https://www.openstreetmap.org,,,IM3 geospatial observation. Identity grain is preserved by Observation Level.,Insufficient evidence to establish or attach a distinct campus
im3:42b04d3af659ca1f,im3-source:42b04d3af659ca1f,IM3 Open Source Data Center Atlas / OpenStreetMap,Observed footprint,site_point,Frontier Science,,,,,,,NY,Erie County,,42.990201099999986,-78.8123836,Mapped centroid,,Observed footprint,,,,,,,,,,,,,,,,,,,,,,,,,,,,,,,,,,,,,,,C,Open geospatial inventory,mapped point,https://doi.org/10.57931/3017294,https://www.openstreetmap.org,,,IM3 geospatial observation. Identity grain is preserved by Observation Level.,Insufficient evidence to establish or attach a distinct campus
im3:42c20fc42f757350,im3-source:42c20fc42f757350,IM3 Open Source Data Center Atlas / OpenStreetMap,Observed footprint,building,CyrusOne Austin Data Center III,,,,,,,TX,Travis County,,30.2069937394726,-97.70111427639976,Mapped centroid,,Observed footprint,,,,189921.0,,,,,,,,,,,,,,,,,,,,,,,,,,,,,,,,,,,C,Open geospatial inventory,mapped building,https://doi.org/10.57931/3017294,https://www.openstreetmap.org,,,IM3 geospatial observation. Identity grain is preserved by Observation Level.,Insufficient evidence to establish or attach a distinct campus
im3:434cb77fc4320253,im3-source:434cb77fc4320253,IM3 Open Source Data Center Atlas / OpenStreetMap,Observed footprint,building,Intergate Seattle East Building 3,Sabey,,,,,,WA,King County,,47.49355624169768,-122.29030164726824,Mapped centroid,,Observed footprint,,,,203387.0,,,,,,,,,,,,,,,,,,,,,,,,,,,,,,,,,,,C,Open geospatial inventory,mapped building,https://doi.org/10.57931/3017294,https://www.openstreetmap.org,,,IM3 geospatial observation. Identity grain is preserved by Observation Level.,Insufficient evidence to establish or attach a distinct campus
im3:4352b1fd5c290770,im3-source:4352b1fd5c290770,IM3 Open Source Data Center Atlas / OpenStreetMap,Observed footprint,building,,,,,,,,MO,Platte County,,39.29060065186886,-94.67586457158036,Mapped centroid,,Observed footprint,,,,59078.0,,,,,,,,,,,,,,,,,,,,,,,,,,,,,,,,,,,C,Open geospatial inventory,mapped building,https://doi.org/10.57931/3017294,https://www.openstreetmap.org,,,IM3 geospatial observation. Identity grain is preserved by Observation Level.,Insufficient evidence to establish or attach a distinct campus
im3:435852aea69ef8b1,im3-source:435852aea69ef8b1,IM3 Open Source Data Center Atlas / OpenStreetMap,Observed footprint,building,SU Green Data Center,Syracuse University,,,,,,NY,Onondaga County,,43.012076168247575,-76.11592528916748,Mapped centroid,,Observed footprint,,,,12169.0,,,,,,,,,,,,,,,,,,,,,,,,,,,,,,,,,,,C,Open geospatial inventory,mapped building,https://doi.org/10.57931/3017294,https://www.openstreetmap.org,,,IM3 geospatial observation. Identity grain is preserved by Observation Level.,Insufficient evidence to establish or attach a distinct campus
im3:4370c49251bc4605,im3-source:4370c49251bc4605,IM3 Open Source Data Center Atlas / OpenStreetMap,Observed footprint,building,,,,,,,,NJ,Middlesex County,,40.55281872712525,-74.45667583712334,Mapped centroid,,Observed footprint,,,,61263.0,,,,,,,,,,,,,,,,,,,,,,,,,,,,,,,,,,,C,Open geospatial inventory,mapped building,https://doi.org/10.57931/3017294,https://www.openstreetmap.org,,,IM3 geospatial observation. Identity grain is preserved by Observation Level.,Insufficient evidence to establish or attach a distinct campus
im3:43f2fcf5158dc23d,im3-source:43f2fcf5158dc23d,IM3 Open Source Data Center Atlas / OpenStreetMap,Observed footprint,building,,,,,,,,NV,Storey County,,39.5140677776482,-119.47551375007964,Mapped centroid,,Observed footprint,,,,628883.0,,,,,,,,,,,,,,,,,,,,,,,,,,,,,,,,,,,C,Open geospatial inventory,mapped building,https://doi.org/10.57931/3017294,https://www.openstreetmap.org,,,IM3 geospatial observation. Identity grain is preserved by Observation Level.,Insufficient evidence to establish or attach a distinct campus
im3:4442bf7dedfb531d,im3-source:4442bf7dedfb531d,IM3 Open Source Data Center Atlas / OpenStreetMap,Observed footprint,building,AWS IAD104,Amazon Web Services,,,,,,VA,Prince William County,,38.74837383787123,-77.52070478985337,Mapped centroid,,Observed footprint,,,,214258.0,,,,,,,,,,,,,,,,,,,,,,,,,,,,,,,,,,,C,Open geospatial inventory,mapped building,https://doi.org/10.57931/3017294,https://www.openstreetmap.org,,,IM3 geospatial observation. Identity grain is preserved by Observation Level.,Insufficient evidence to establish or attach a distinct campus
im3:44a05418ec90267c,im3-source:44a05418ec90267c,IM3 Open Source Data Center Atlas / OpenStreetMap,Observed footprint,building,Centersquare IAD4-A,Centersquare,,,,,,VA,Loudoun County,,39.02173368656173,-77.45274689405193,Mapped centroid,,Observed footprint,,,,77749.0,,,,,,,,,,,,,,,,,,,,,,,,,,,,,,,,,,,C,Open geospatial inventory,mapped building,https://doi.org/10.57931/3017294,https://www.openstreetmap.org,,,IM3 geospatial observation. Identity grain is preserved by Observation Level.,Insufficient evidence to establish or attach a distinct campus
im3:45018f217743038e,im3-source:45018f217743038e,IM3 Open Source Data Center Atlas / OpenStreetMap,Observed footprint,building,Amazon IAD92,Amazon Web Services,,,,,,VA,Loudoun County,,38.98694260000001,-77.41047540000002,Mapped centroid,,Observed footprint,,,,149857.0,,,,,,,,,,,,,,,,,,,,,,,,,,,,,,,,,,,C,Open geospatial inventory,mapped building,https://doi.org/10.57931/3017294,https://www.openstreetmap.org,,,IM3 geospatial observation. Identity grain is preserved by Observation Level.,Insufficient evidence to establish or attach a distinct campus
im3:45149515bfb7e702,im3-source:45149515bfb7e702,IM3 Open Source Data Center Atlas / OpenStreetMap,Observed footprint,building,NTT Chicago CH1,NTT,,,,,,IL,DuPage County,,41.98791937331649,-88.00726495550349,Mapped centroid,,Observed footprint,,,,113535.0,,,,,,,,,,,,,,,,,,,,,,,,,,,,,,,,,,,C,Open geospatial inventory,mapped building,https://doi.org/10.57931/3017294,https://www.openstreetmap.org,,,IM3 geospatial observation. Identity grain is preserved by Observation Level.,Insufficient evidence to establish or attach a distinct campus
im3:45160e6b0e041174,im3-source:45160e6b0e041174,IM3 Open Source Data Center Atlas / OpenStreetMap,Observed footprint,building,,,,,,,,WA,Grant County,,47.24599141482696,-119.82979118180242,Mapped centroid,,Observed footprint,,,,35848.0,,,,,,,,,,,,,,,,,,,,,,,,,,,,,,,,,,,C,Open geospatial inventory,mapped building,https://doi.org/10.57931/3017294,https://www.openstreetmap.org,,,IM3 geospatial observation. Identity grain is preserved by Observation Level.,Insufficient evidence to establish or attach a distinct campus
im3:4579b5ebac924f58,im3-source:4579b5ebac924f58,IM3 Open Source Data Center Atlas / OpenStreetMap,Observed footprint,building,,,,,,,,OH,Franklin County,,40.11581597460404,-83.00154872705717,Mapped centroid,,Observed footprint,,,,100131.0,,,,,,,,,,,,,,,,,,,,,,,,,,,,,,,,,,,C,Open geospatial inventory,mapped building,https://doi.org/10.57931/3017294,https://www.openstreetmap.org,,,IM3 geospatial observation. Identity grain is preserved by Observation Level.,Insufficient evidence to establish or attach a distinct campus
im3:45931b462c44e498,im3-source:45931b462c44e498,IM3 Open Source Data Center Atlas / OpenStreetMap,Observed footprint,building,Ark Duluth Data Center,,,,,,,MN,St. Louis County,,46.82746659010468,-92.13043071415768,Mapped centroid,,Observed footprint,,,,27162.0,,,,,,,,,,,,,,,,,,,,,,,,,,,,,,,,,,,C,Open geospatial inventory,mapped building,https://doi.org/10.57931/3017294,https://www.openstreetmap.org,,,IM3 geospatial observation. Identity grain is preserved by Observation Level.,Insufficient evidence to establish or attach a distinct campus
im3:45b9ae0b9fda60aa,im3-source:45b9ae0b9fda60aa,IM3 Open Source Data Center Atlas / OpenStreetMap,Observed footprint,building,Amazon IAD101,Amazon Web Services,,,,,,VA,Prince William County,,38.73544015632304,-77.5056951291328,Mapped centroid,,Observed footprint,,,,214330.0,,,,,,,,,,,,,,,,,,,,,,,,,,,,,,,,,,,C,Open geospatial inventory,mapped building,https://doi.org/10.57931/3017294,https://www.openstreetmap.org,,,IM3 geospatial observation. Identity grain is preserved by Observation Level.,Insufficient evidence to establish or attach a distinct campus
im3:45bef6e68f6be5f7,im3-source:45bef6e68f6be5f7,IM3 Open Source Data Center Atlas / OpenStreetMap,Observed footprint,building,Flexential Tampa - North,Flexential,,,,,,FL,Hillsborough County,,28.073855986618945,-82.3683379068176,Mapped centroid,,Observed footprint,,,,30643.0,,,,,,,,,,,,,,,,,,,,,,,,,,,,,,,,,,,C,Open geospatial inventory,mapped building,https://doi.org/10.57931/3017294,https://www.openstreetmap.org,,,IM3 geospatial observation. Identity grain is preserved by Observation Level.,Insufficient evidence to establish or attach a distinct campus
im3:462e8c1010a57d87,im3-source:462e8c1010a57d87,IM3 Open Source Data Center Atlas / OpenStreetMap,Observed footprint,building,Amazon,,,,,,,TX,Bexar County,,29.450736237230853,-98.63871379534636,Mapped centroid,,Observed footprint,,,,104910.0,,,,,,,,,,,,,,,,,,,,,,,,,,,,,,,,,,,C,Open geospatial inventory,mapped building,https://doi.org/10.57931/3017294,https://www.openstreetmap.org,,,IM3 geospatial observation. Identity grain is preserved by Observation Level.,Insufficient evidence to establish or attach a distinct campus
im3:46372915c56935a3,im3-source:46372915c56935a3,IM3 Open Source Data Center Atlas / OpenStreetMap,Observed footprint,building,,,,,,,,VA,Loudoun County,,38.94986181016144,-77.54950899938306,Mapped centroid,,Observed footprint,,,,172204.0,,,,,,,,,,,,,,,,,,,,,,,,,,,,,,,,,,,C,Open geospatial inventory,mapped building,https://doi.org/10.57931/3017294,https://www.openstreetmap.org,,,IM3 geospatial observation. Identity grain is preserved by Observation Level.,Insufficient evidence to establish or attach a distinct campus
im3:464ed5d486deb301,im3-source:464ed5d486deb301,IM3 Open Source Data Center Atlas / OpenStreetMap,Observed footprint,building,Choctaw Nation of Oklahoma Data Center,Choctaw Nation of oklahoma,,,,,,OK,Bryan County,,33.97172145270293,-96.40285490482854,Mapped centroid,,Observed footprint,,,,13494.0,,,,,,,,,,,,,,,,,,,,,,,,,,,,,,,,,,,C,Open geospatial inventory,mapped building,https://doi.org/10.57931/3017294,https://www.openstreetmap.org,,,IM3 geospatial observation. Identity grain is preserved by Observation Level.,Insufficient evidence to establish or attach a distinct campus
im3:4665e900d5e847e7,im3-source:4665e900d5e847e7,IM3 Open Source Data Center Atlas / OpenStreetMap,Observed footprint,building,Cable & Wireless Cable Landing Station,,,,,,,NY,Suffolk County,,40.843659924752465,-72.88334531036512,Mapped centroid,,Observed footprint,,,,36746.0,,,,,,,,,,,,,,,,,,,,,,,,,,,,,,,,,,,C,Open geospatial inventory,mapped building,https://doi.org/10.57931/3017294,https://www.openstreetmap.org,,,IM3 geospatial observation. Identity grain is preserved by Observation Level.,Insufficient evidence to establish or attach a distinct campus
im3:466ecc854e9beb76,im3-source:466ecc854e9beb76,IM3 Open Source Data Center Atlas / OpenStreetMap,Observed footprint,building,Amazon IAD51,Amazon Web Services,,,,,,VA,Loudoun County,,38.99141381220278,-77.43650684228413,Mapped centroid,,Observed footprint,,,,64127.0,,,,,,,,,,,,,,,,,,,,,,,,,,,,,,,,,,,C,Open geospatial inventory,mapped building,https://doi.org/10.57931/3017294,https://www.openstreetmap.org,,,IM3 geospatial observation. Identity grain is preserved by Observation Level.,Insufficient evidence to establish or attach a distinct campus
im3:4686bb29f08697c9,im3-source:4686bb29f08697c9,IM3 Open Source Data Center Atlas / OpenStreetMap,Observed footprint,building,,,,,,,,VA,Fairfax County,,38.91370196270548,-77.22583813234796,Mapped centroid,,Observed footprint,,,,19578.0,,,,,,,,,,,,,,,,,,,,,,,,,,,,,,,,,,,C,Open geospatial inventory,mapped building,https://doi.org/10.57931/3017294,https://www.openstreetmap.org,,,IM3 geospatial observation. Identity grain is preserved by Observation Level.,Insufficient evidence to establish or attach a distinct campus
im3:46eb037a6b140b5a,im3-source:46eb037a6b140b5a,IM3 Open Source Data Center Atlas / OpenStreetMap,Observed footprint,building,BT Radianz: 492 River Road,bt,,,,,,NJ,Essex County,,40.821453550740465,-74.13418574686597,Mapped centroid,,Observed footprint,,,,107857.0,,,,,,,,,,,,,,,,,,,,,,,,,,,,,,,,,,,C,Open geospatial inventory,mapped building,https://doi.org/10.57931/3017294,https://www.openstreetmap.org,,,IM3 geospatial observation. Identity grain is preserved by Observation Level.,Insufficient evidence to establish or attach a distinct campus
im3:47274465b1821d12,im3-source:47274465b1821d12,IM3 Open Source Data Center Atlas / OpenStreetMap,Observed footprint,building,,,,,,,,MO,Platte County,,39.29012105094933,-94.68505095087966,Mapped centroid,,Observed footprint,,,,30923.0,,,,,,,,,,,,,,,,,,,,,,,,,,,,,,,,,,,C,Open geospatial inventory,mapped building,https://doi.org/10.57931/3017294,https://www.openstreetmap.org,,,IM3 geospatial observation. Identity grain is preserved by Observation Level.,Insufficient evidence to establish or attach a distinct campus
im3:4784ec9d37b6b598,im3-source:4784ec9d37b6b598,IM3 Open Source Data Center Atlas / OpenStreetMap,Observed footprint,building,Amazon IAD68,Amazon Web Services,,,,,,VA,Loudoun County,,38.94868695914784,-77.52095154329412,Mapped centroid,,Observed footprint,,,,181794.0,,,,,,,,,,,,,,,,,,,,,,,,,,,,,,,,,,,C,Open geospatial inventory,mapped building,https://doi.org/10.57931/3017294,https://www.openstreetmap.org,,,IM3 geospatial observation. Identity grain is preserved by Observation Level.,Insufficient evidence to establish or attach a distinct campus
im3:47a4fdbe61734a8d,im3-source:47a4fdbe61734a8d,IM3 Open Source Data Center Atlas / OpenStreetMap,Observed footprint,building,,,,,,,,WA,Grant County,,47.24616793469351,-119.81575602495433,Mapped centroid,,Observed footprint,,,,135310.0,,,,,,,,,,,,,,,,,,,,,,,,,,,,,,,,,,,C,Open geospatial inventory,mapped building,https://doi.org/10.57931/3017294,https://www.openstreetmap.org,,,IM3 geospatial observation. Identity grain is preserved by Observation Level.,Insufficient evidence to establish or attach a distinct campus
im3:47ce9cdb338731ea,im3-source:47ce9cdb338731ea,IM3 Open Source Data Center Atlas / OpenStreetMap,Observed footprint,building,Stream Data Centers PHX-1,,,,,,,AZ,Maricopa County,,33.41949067712591,-112.35998844455548,Mapped centroid,,Observed footprint,,,,413250.0,,,,,,,,,,,,,,,,,,,,,,,,,,,,,,,,,,,C,Open geospatial inventory,mapped building,https://doi.org/10.57931/3017294,https://www.openstreetmap.org,,,IM3 geospatial observation. Identity grain is preserved by Observation Level.,Insufficient evidence to establish or attach a distinct campus
im3:486dbc7f143dc5c4,im3-source:486dbc7f143dc5c4,IM3 Open Source Data Center Atlas / OpenStreetMap,Observed footprint,building,Novartis,,,,,,,TX,Tarrant County,,32.65123418028499,-97.31970940518492,Mapped centroid,,Observed footprint,,,,42691.0,,,,,,,,,,,,,,,,,,,,,,,,,,,,,,,,,,,C,Open geospatial inventory,mapped building,https://doi.org/10.57931/3017294,https://www.openstreetmap.org,,,IM3 geospatial observation. Identity grain is preserved by Observation Level.,Insufficient evidence to establish or attach a distinct campus
im3:48d67853678f1ebf,im3-source:48d67853678f1ebf,IM3 Open Source Data Center Atlas / OpenStreetMap,Observed footprint,building,Iron Mountain VA-6,,,,,,,VA,Prince William County,,38.76814288515064,-77.53864812059993,Mapped centroid,,Observed footprint,,,,181918.0,,,,,,,,,,,,,,,,,,,,,,,,,,,,,,,,,,,C,Open geospatial inventory,mapped building,https://doi.org/10.57931/3017294,https://www.openstreetmap.org,,,IM3 geospatial observation. Identity grain is preserved by Observation Level.,Insufficient evidence to establish or attach a distinct campus
im3:49487a5e6447d7a5,im3-source:49487a5e6447d7a5,IM3 Open Source Data Center Atlas / OpenStreetMap,Observed footprint,building,,,,,,,,NV,Washoe County,,39.567714399999986,-119.54236275,Mapped centroid,,Observed footprint,,,,89831.0,,,,,,,,,,,,,,,,,,,,,,,,,,,,,,,,,,,C,Open geospatial inventory,mapped building,https://doi.org/10.57931/3017294,https://www.openstreetmap.org,,,IM3 geospatial observation. Identity grain is preserved by Observation Level.,Insufficient evidence to establish or attach a distinct campus
im3:495cfea2c8215bbe,im3-source:495cfea2c8215bbe,IM3 Open Source Data Center Atlas / OpenStreetMap,Observed footprint,building,Cyxtera Tampa TP1,Cyxtera,,,,,,FL,Hillsborough County,,27.94553184405633,-82.35116156726362,Mapped centroid,,Observed footprint,,,,97332.0,,,,,,,,,,,,,,,,,,,,,,,,,,,,,,,,,,,C,Open geospatial inventory,mapped building,https://doi.org/10.57931/3017294,https://www.openstreetmap.org,,,IM3 geospatial observation. Identity grain is preserved by Observation Level.,Insufficient evidence to establish or attach a distinct campus
im3:4968f163f1a91d60,im3-source:4968f163f1a91d60,IM3 Open Source Data Center Atlas / OpenStreetMap,Observed footprint,building,PhoenixNAP,,,,,,,AZ,Maricopa County,,33.416050537611895,-112.00942632359931,Mapped centroid,,Observed footprint,,,,79223.0,,,,,,,,,,,,,,,,,,,,,,,,,,,,,,,,,,,C,Open geospatial inventory,mapped building,https://doi.org/10.57931/3017294,https://www.openstreetmap.org,,,IM3 geospatial observation. Identity grain is preserved by Observation Level.,Insufficient evidence to establish or attach a distinct campus
im3:49c374e3461cc92d,im3-source:49c374e3461cc92d,IM3 Open Source Data Center Atlas / OpenStreetMap,Observed footprint,building,CyberNAP Glen Burnie,AiNET,,,,,,MD,Anne Arundel County,,39.14024170792839,-76.60643112564962,Mapped centroid,,Observed footprint,,,,89879.0,,,,,,,,,,,,,,,,,,,,,,,,,,,,,,,,,,,C,Open geospatial inventory,mapped building,https://doi.org/10.57931/3017294,https://www.openstreetmap.org,,,IM3 geospatial observation. Identity grain is preserved by Observation Level.,Insufficient evidence to establish or attach a distinct campus
im3:4a2acd80c6a671a2,im3-source:4a2acd80c6a671a2,IM3 Open Source Data Center Atlas / OpenStreetMap,Observed footprint,building,,,,,,,,WA,Grant County,,47.25257380685949,-119.81966487510036,Mapped centroid,,Observed footprint,,,,246778.0,,,,,,,,,,,,,,,,,,,,,,,,,,,,,,,,,,,C,Open geospatial inventory,mapped building,https://doi.org/10.57931/3017294,https://www.openstreetmap.org,,,IM3 geospatial observation. Identity grain is preserved by Observation Level.,Insufficient evidence to establish or attach a distinct campus
im3:4a7c7f954436edd1,im3-source:4a7c7f954436edd1,IM3 Open Source Data Center Atlas / OpenStreetMap,Observed footprint,building,CyrusOne Sterling IX,CyrusOne,,,,,,VA,Loudoun County,,38.95830777359715,-77.5057502134604,Mapped centroid,,Observed footprint,,,,266078.0,,,,,,,,,,,,,,,,,,,,,,,,,,,,,,,,,,,C,Open geospatial inventory,mapped building,https://doi.org/10.57931/3017294,https://www.openstreetmap.org,,,IM3 geospatial observation. Identity grain is preserved by Observation Level.,Insufficient evidence to establish or attach a distinct campus
im3:4abfac9656ef1f59,im3-source:4abfac9656ef1f59,IM3 Open Source Data Center Atlas / OpenStreetMap,Observed footprint,building,Flexential Salt Lake City - Fair Park,Flexential,,,,,,UT,Salt Lake County,,40.76678608749764,-111.92029244660976,Mapped centroid,,Observed footprint,,,,12565.0,,,,,,,,,,,,,,,,,,,,,,,,,,,,,,,,,,,C,Open geospatial inventory,mapped building,https://doi.org/10.57931/3017294,https://www.openstreetmap.org,,,IM3 geospatial observation. Identity grain is preserved by Observation Level.,Insufficient evidence to establish or attach a distinct campus
im3:4adbeb3a8136ca59,im3-source:4adbeb3a8136ca59,IM3 Open Source Data Center Atlas / OpenStreetMap,Observed footprint,building,TierPoint - Charlotte Data Center,TierPoint,,,,,,NC,Mecklenburg County,,35.1731955,-80.928121,Mapped centroid,,Observed footprint,,,,61578.0,,,,,,,,,,,,,,,,,,,,,,,,,,,,,,,,,,,C,Open geospatial inventory,mapped building,https://doi.org/10.57931/3017294,https://www.openstreetmap.org,,,IM3 geospatial observation. Identity grain is preserved by Observation Level.,Insufficient evidence to establish or attach a distinct campus
im3:4b38f5c8d1147fae,im3-source:4b38f5c8d1147fae,IM3 Open Source Data Center Atlas / OpenStreetMap,Observed footprint,building,CyrusOne PHX8,,,,,,,AZ,Maricopa County,,33.2663435990947,-111.88328970110588,Mapped centroid,,Observed footprint,,,,138766.0,,,,,,,,,,,,,,,,,,,,,,,,,,,,,,,,,,,C,Open geospatial inventory,mapped building,https://doi.org/10.57931/3017294,https://www.openstreetmap.org,,,IM3 geospatial observation. Identity grain is preserved by Observation Level.,Insufficient evidence to establish or attach a distinct campus
im3:4b8282376a9eede2,im3-source:4b8282376a9eede2,IM3 Open Source Data Center Atlas / OpenStreetMap,Observed footprint,building,,,,,,,,OR,Umatilla County,,45.915831900000015,-119.26751175,Mapped centroid,,Observed footprint,,,,2605.0,,,,,,,,,,,,,,,,,,,,,,,,,,,,,,,,,,,C,Open geospatial inventory,mapped building,https://doi.org/10.57931/3017294,https://www.openstreetmap.org,,,IM3 geospatial observation. Identity grain is preserved by Observation Level.,Insufficient evidence to establish or attach a distinct campus
im3:4b93849a93a271e5,im3-source:4b93849a93a271e5,IM3 Open Source Data Center Atlas / OpenStreetMap,Observed footprint,building,Lightedge Des Moines 1,,,,,,,IA,Polk County,,41.667656864491406,-93.45548176410512,Mapped centroid,,Observed footprint,,,,30078.0,,,,,,,,,,,,,,,,,,,,,,,,,,,,,,,,,,,C,Open geospatial inventory,mapped building,https://doi.org/10.57931/3017294,https://www.openstreetmap.org,,,IM3 geospatial observation. Identity grain is preserved by Observation Level.,Insufficient evidence to establish or attach a distinct campus
im3:4bfa4403a06d3a89,im3-source:4bfa4403a06d3a89,IM3 Open Source Data Center Atlas / OpenStreetMap,Observed footprint,building,Alpheus DataCenter,Alpheus,,,,,,TX,Travis County,,30.261043226684553,-97.7221023097269,Mapped centroid,,Observed footprint,,,,36089.0,,,,,,,,,,,,,,,,,,,,,,,,,,,,,,,,,,,C,Open geospatial inventory,mapped building,https://doi.org/10.57931/3017294,https://www.openstreetmap.org,,,IM3 geospatial observation. Identity grain is preserved by Observation Level.,Insufficient evidence to establish or attach a distinct campus
im3:4c16ab586db2a8ed,im3-source:4c16ab586db2a8ed,IM3 Open Source Data Center Atlas / OpenStreetMap,Observed footprint,site_point,EarthClick.net LLC,,,,,,,OR,Lane County,,43.7971554,-123.05594560000002,Mapped centroid,,Observed footprint,,,,,,,,,,,,,,,,,,,,,,,,,,,,,,,,,,,,,,,C,Open geospatial inventory,mapped point,https://doi.org/10.57931/3017294,https://www.openstreetmap.org,,,IM3 geospatial observation. Identity grain is preserved by Observation Level.,Insufficient evidence to establish or attach a distinct campus
im3:4c53618011c74b54,im3-source:4c53618011c74b54,IM3 Open Source Data Center Atlas / OpenStreetMap,Observed footprint,building,XO Fremont,XO,,,,,,CA,Alameda County,,37.475337207615745,-121.92211346344416,Mapped centroid,,Observed footprint,,,,65815.0,,,,,,,,,,,,,,,,,,,,,,,,,,,,,,,,,,,C,Open geospatial inventory,mapped building,https://doi.org/10.57931/3017294,https://www.openstreetmap.org,,,IM3 geospatial observation. Identity grain is preserved by Observation Level.,Insufficient evidence to establish or attach a distinct campus
im3:4c599d6aab7aeddb,im3-source:4c599d6aab7aeddb,IM3 Open Source Data Center Atlas / OpenStreetMap,Observed footprint,building,Barclays Datacenter,Barclays,,,,,,NJ,Union County,,40.64375303305022,-74.2854811685437,Mapped centroid,,Observed footprint,,,,94373.0,,,,,,,,,,,,,,,,,,,,,,,,,,,,,,,,,,,C,Open geospatial inventory,mapped building,https://doi.org/10.57931/3017294,https://www.openstreetmap.org,,,IM3 geospatial observation. Identity grain is preserved by Observation Level.,Insufficient evidence to establish or attach a distinct campus
im3:4c90b13555baedf2,im3-source:4c90b13555baedf2,IM3 Open Source Data Center Atlas / OpenStreetMap,Observed footprint,building,Amazon IAD115,Amazon Web Services,,,,,,VA,Loudoun County,,39.03629402196323,-77.44979481883512,Mapped centroid,,Observed footprint,,,,146333.0,,,,,,,,,,,,,,,,,,,,,,,,,,,,,,,,,,,C,Open geospatial inventory,mapped building,https://doi.org/10.57931/3017294,https://www.openstreetmap.org,,,IM3 geospatial observation. Identity grain is preserved by Observation Level.,Insufficient evidence to establish or attach a distinct campus
im3:4ce6dd08d28e8fab,im3-source:4ce6dd08d28e8fab,IM3 Open Source Data Center Atlas / OpenStreetMap,Observed footprint,building,Centersquare IAD1-C,Centersquare,,,,,,VA,Loudoun County,,39.02475554834784,-77.41220366109692,Mapped centroid,,Observed footprint,,,,135383.0,,,,,,,,,,,,,,,,,,,,,,,,,,,,,,,,,,,C,Open geospatial inventory,mapped building,https://doi.org/10.57931/3017294,https://www.openstreetmap.org,,,IM3 geospatial observation. Identity grain is preserved by Observation Level.,Insufficient evidence to establish or attach a distinct campus
im3:4d165552650e5c18,im3-source:4d165552650e5c18,IM3 Open Source Data Center Atlas / OpenStreetMap,Observed footprint,building,,,,,,,,WA,Grant County,,47.23763279566155,-119.86448737531424,Mapped centroid,,Observed footprint,,,,36918.0,,,,,,,,,,,,,,,,,,,,,,,,,,,,,,,,,,,C,Open geospatial inventory,mapped building,https://doi.org/10.57931/3017294,https://www.openstreetmap.org,,,IM3 geospatial observation. Identity grain is preserved by Observation Level.,Insufficient evidence to establish or attach a distinct campus
im3:4d77eec9af24d13d,im3-source:4d77eec9af24d13d,IM3 Open Source Data Center Atlas / OpenStreetMap,Observed footprint,building,,,,,,,,MO,Platte County,,39.30240570000002,-94.6847918,Mapped centroid,,Observed footprint,,,,51140.0,,,,,,,,,,,,,,,,,,,,,,,,,,,,,,,,,,,C,Open geospatial inventory,mapped building,https://doi.org/10.57931/3017294,https://www.openstreetmap.org,,,IM3 geospatial observation. Identity grain is preserved by Observation Level.,Insufficient evidence to establish or attach a distinct campus
im3:4e1147fccc801dd0,im3-source:4e1147fccc801dd0,IM3 Open Source Data Center Atlas / OpenStreetMap,Observed footprint,site_point,Lumos Networks,,,,,,,VA,Lynchburg city,,37.415688,-79.1427063,Mapped centroid,,Observed footprint,,,,,,,,,,,,,,,,,,,,,,,,,,,,,,,,,,,,,,,C,Open geospatial inventory,mapped point,https://doi.org/10.57931/3017294,https://www.openstreetmap.org,,,IM3 geospatial observation. Identity grain is preserved by Observation Level.,Insufficient evidence to establish or attach a distinct campus
im3:4e48ec3dc5350c2e,im3-source:4e48ec3dc5350c2e,IM3 Open Source Data Center Atlas / OpenStreetMap,Observed footprint,site_point,Profit Finder Pro Software,,,,,,,AZ,Maricopa County,,33.6272477,-111.9020476,Mapped centroid,,Observed footprint,,,,,,,,,,,,,,,,,,,,,,,,,,,,,,,,,,,,,,,C,Open geospatial inventory,mapped point,https://doi.org/10.57931/3017294,https://www.openstreetmap.org,,,IM3 geospatial observation. Identity grain is preserved by Observation Level.,Insufficient evidence to establish or attach a distinct campus
im3:4ea06df9b1405246,im3-source:4ea06df9b1405246,IM3 Open Source Data Center Atlas / OpenStreetMap,Observed footprint,building,DataBank Dallas Empire Central Data Center,DataBank,,,,,,TX,Dallas County,,32.82173820460114,-96.87359763487844,Mapped centroid,,Observed footprint,,,,67717.0,,,,,,,,,,,,,,,,,,,,,,,,,,,,,,,,,,,C,Open geospatial inventory,mapped building,https://doi.org/10.57931/3017294,https://www.openstreetmap.org,,,IM3 geospatial observation. Identity grain is preserved by Observation Level.,Insufficient evidence to establish or attach a distinct campus
im3:4ea62b9644aa74bc,im3-source:4ea62b9644aa74bc,IM3 Open Source Data Center Atlas / OpenStreetMap,Observed footprint,building,,,,,,,,IA,Pottawattamie County,,41.221485601110565,-95.863821974652,Mapped centroid,,Observed footprint,,,,227733.0,,,,,,,,,,,,,,,,,,,,,,,,,,,,,,,,,,,C,Open geospatial inventory,mapped building,https://doi.org/10.57931/3017294,https://www.openstreetmap.org,,,IM3 geospatial observation. Identity grain is preserved by Observation Level.,Insufficient evidence to establish or attach a distinct campus
im3:50262dc365b96d1f,im3-source:50262dc365b96d1f,IM3 Open Source Data Center Atlas / OpenStreetMap,Observed footprint,building,EAT13,,,,,,,WA,Chelan County,,47.35842569724621,-120.15997584201406,Mapped centroid,,Observed footprint,,,,232237.0,,,,,,,,,,,,,,,,,,,,,,,,,,,,,,,,,,,C,Open geospatial inventory,mapped building,https://doi.org/10.57931/3017294,https://www.openstreetmap.org,,,IM3 geospatial observation. Identity grain is preserved by Observation Level.,Insufficient evidence to establish or attach a distinct campus
im3:504c21c062d299af,im3-source:504c21c062d299af,IM3 Open Source Data Center Atlas / OpenStreetMap,Observed footprint,building,Data Storage Centers,,,,,,,AZ,Maricopa County,,33.42169287466204,-112.03430310770472,Mapped centroid,,Observed footprint,,,,38109.0,,,,,,,,,,,,,,,,,,,,,,,,,,,,,,,,,,,C,Open geospatial inventory,mapped building,https://doi.org/10.57931/3017294,https://www.openstreetmap.org,,,IM3 geospatial observation. Identity grain is preserved by Observation Level.,Insufficient evidence to establish or attach a distinct campus
im3:5063f73b7651482a,im3-source:5063f73b7651482a,IM3 Open Source Data Center Atlas / OpenStreetMap,Observed footprint,building,,Digital Realty,,,,,,NJ,Somerset County,,40.53753835302287,-74.55554039958452,Mapped centroid,,Observed footprint,,,,125668.0,,,,,,,,,,,,,,,,,,,,,,,,,,,,,,,,,,,C,Open geospatial inventory,mapped building,https://doi.org/10.57931/3017294,https://www.openstreetmap.org,,,IM3 geospatial observation. Identity grain is preserved by Observation Level.,Insufficient evidence to establish or attach a distinct campus
im3:507dd97598938deb,im3-source:507dd97598938deb,IM3 Open Source Data Center Atlas / OpenStreetMap,Observed footprint,building,Stack Infrastructure Portland 2 Data Center,,,,,,,OR,Washington County,,45.547311789962066,-122.8974489630872,Mapped centroid,,Observed footprint,,,,215217.0,,,,,,,,,,,,,,,,,,,,,,,,,,,,,,,,,,,C,Open geospatial inventory,mapped building,https://doi.org/10.57931/3017294,https://www.openstreetmap.org,,,IM3 geospatial observation. Identity grain is preserved by Observation Level.,Insufficient evidence to establish or attach a distinct campus
im3:5080ffa421dc0689,im3-source:5080ffa421dc0689,IM3 Open Source Data Center Atlas / OpenStreetMap,Observed footprint,building,,,,,,,,IL,DuPage County,,41.79538429154328,-88.24692281315461,Mapped centroid,,Observed footprint,,,,169253.0,,,,,,,,,,,,,,,,,,,,,,,,,,,,,,,,,,,C,Open geospatial inventory,mapped building,https://doi.org/10.57931/3017294,https://www.openstreetmap.org,,,IM3 geospatial observation. Identity grain is preserved by Observation Level.,Insufficient evidence to establish or attach a distinct campus
im3:5116b816ea67082f,im3-source:5116b816ea67082f,IM3 Open Source Data Center Atlas / OpenStreetMap,Observed footprint,building,,,,,,,,NV,Washoe County,,39.56750102799264,-119.54320948473752,Mapped centroid,,Observed footprint,,,,89571.0,,,,,,,,,,,,,,,,,,,,,,,,,,,,,,,,,,,C,Open geospatial inventory,mapped building,https://doi.org/10.57931/3017294,https://www.openstreetmap.org,,,IM3 geospatial observation. Identity grain is preserved by Observation Level.,Insufficient evidence to establish or attach a distinct campus
im3:51d7889a8b7f4b3d,im3-source:51d7889a8b7f4b3d,IM3 Open Source Data Center Atlas / OpenStreetMap,Observed footprint,building,,,,,,,,VA,Manassas city,,38.74043586769156,-77.50398435433107,Mapped centroid,,Observed footprint,,,,95987.0,,,,,,,,,,,,,,,,,,,,,,,,,,,,,,,,,,,C,Open geospatial inventory,mapped building,https://doi.org/10.57931/3017294,https://www.openstreetmap.org,,,IM3 geospatial observation. Identity grain is preserved by Observation Level.,Insufficient evidence to establish or attach a distinct campus
im3:52045e535d9906e0,im3-source:52045e535d9906e0,IM3 Open Source Data Center Atlas / OpenStreetMap,Observed footprint,site_point,Expedient Tidepoint,Expedient,,,,,,MD,Baltimore city,,39.2746554,-76.5916709,Mapped centroid,,Observed footprint,,,,,,,,,,,,,,,,,,,,,,,,,,,,,,,,,,,,,,,C,Open geospatial inventory,mapped point,https://doi.org/10.57931/3017294,https://www.openstreetmap.org,,,IM3 geospatial observation. Identity grain is preserved by Observation Level.,Insufficient evidence to establish or attach a distinct campus
im3:529557eac83e137c,im3-source:529557eac83e137c,IM3 Open Source Data Center Atlas / OpenStreetMap,Observed footprint,building,Amazon IAD131,Amazon Web Services,,,,,,VA,Prince William County,,38.761104750000015,-77.518221,Mapped centroid,,Observed footprint,,,,104697.0,,,,,,,,,,,,,,,,,,,,,,,,,,,,,,,,,,,C,Open geospatial inventory,mapped building,https://doi.org/10.57931/3017294,https://www.openstreetmap.org,,,IM3 geospatial observation. Identity grain is preserved by Observation Level.,Insufficient evidence to establish or attach a distinct campus
im3:52b2fc02d21e5944,im3-source:52b2fc02d21e5944,IM3 Open Source Data Center Atlas / OpenStreetMap,Observed footprint,building,Stream Chicago II,Stream,,,,,,IL,Cook County,,41.999124376580816,-87.95776458133645,Mapped centroid,,Observed footprint,,,,215922.0,,,,,,,,,,,,,,,,,,,,,,,,,,,,,,,,,,,C,Open geospatial inventory,mapped building,https://doi.org/10.57931/3017294,https://www.openstreetmap.org,,,IM3 geospatial observation. Identity grain is preserved by Observation Level.,Insufficient evidence to establish or attach a distinct campus
im3:54086303ad23a8f4,im3-source:54086303ad23a8f4,IM3 Open Source Data Center Atlas / OpenStreetMap,Observed footprint,building,Element Critical,,,,,,,TX,Travis County,,30.34280001994056,-97.69617577087595,Mapped centroid,,Observed footprint,,,,61978.0,,,,,,,,,,,,,,,,,,,,,,,,,,,,,,,,,,,C,Open geospatial inventory,mapped building,https://doi.org/10.57931/3017294,https://www.openstreetmap.org,,,IM3 geospatial observation. Identity grain is preserved by Observation Level.,Insufficient evidence to establish or attach a distinct campus
im3:547fa5d77e95ab4f,im3-source:547fa5d77e95ab4f,IM3 Open Source Data Center Atlas / OpenStreetMap,Observed footprint,building,,,,,,,,NV,Washoe County,,39.56971060119035,-119.53785941445165,Mapped centroid,,Observed footprint,,,,89816.0,,,,,,,,,,,,,,,,,,,,,,,,,,,,,,,,,,,C,Open geospatial inventory,mapped building,https://doi.org/10.57931/3017294,https://www.openstreetmap.org,,,IM3 geospatial observation. Identity grain is preserved by Observation Level.,Insufficient evidence to establish or attach a distinct campus
im3:5497bb0e23483768,im3-source:5497bb0e23483768,IM3 Open Source Data Center Atlas / OpenStreetMap,Observed footprint,building,Credit Suisse: Clifton Data Center,,,,,,,NJ,Passaic County,,40.83344999650438,-74.14021868522241,Mapped centroid,,Observed footprint,,,,140278.0,,,,,,,,,,,,,,,,,,,,,,,,,,,,,,,,,,,C,Open geospatial inventory,mapped building,https://doi.org/10.57931/3017294,https://www.openstreetmap.org,,,IM3 geospatial observation. Identity grain is preserved by Observation Level.,Insufficient evidence to establish or attach a distinct campus
im3:54f927b15733867e,im3-source:54f927b15733867e,IM3 Open Source Data Center Atlas / OpenStreetMap,Observed footprint,building,Amazon IAD146,Amazon Web Services,,,,,,VA,Loudoun County,,38.996724573893594,-77.43559835929992,Mapped centroid,,Observed footprint,,,,103076.0,,,,,,,,,,,,,,,,,,,,,,,,,,,,,,,,,,,C,Open geospatial inventory,mapped building,https://doi.org/10.57931/3017294,https://www.openstreetmap.org,,,IM3 geospatial observation. Identity grain is preserved by Observation Level.,Insufficient evidence to establish or attach a distinct campus
im3:55157b2f13eb071f,im3-source:55157b2f13eb071f,IM3 Open Source Data Center Atlas / OpenStreetMap,Observed footprint,building,Amazon IAD86,Amazon Web Services,,,,,,VA,Loudoun County,,38.91725620000002,-77.49567435000002,Mapped centroid,,Observed footprint,,,,150112.0,,,,,,,,,,,,,,,,,,,,,,,,,,,,,,,,,,,C,Open geospatial inventory,mapped building,https://doi.org/10.57931/3017294,https://www.openstreetmap.org,,,IM3 geospatial observation. Identity grain is preserved by Observation Level.,Insufficient evidence to establish or attach a distinct campus
im3:555810265697ce5d,im3-source:555810265697ce5d,IM3 Open Source Data Center Atlas / OpenStreetMap,Observed footprint,building,,,,,,,,CA,Santa Clara County,,37.333637689243375,-121.88797542332686,Mapped centroid,,Observed footprint,,,,102004.0,,,,,,,,,,,,,,,,,,,,,,,,,,,,,,,,,,,C,Open geospatial inventory,mapped building,https://doi.org/10.57931/3017294,https://www.openstreetmap.org,,,IM3 geospatial observation. Identity grain is preserved by Observation Level.,Insufficient evidence to establish or attach a distinct campus
im3:557befb033afa547,im3-source:557befb033afa547,IM3 Open Source Data Center Atlas / OpenStreetMap,Observed footprint,building,Iron Mountain Data & Record Storage,Iron Mountain,,,,,,IL,Cook County,,41.84879669088516,-87.64550983269827,Mapped centroid,,Observed footprint,,,,106033.0,,,,,,,,,,,,,,,,,,,,,,,,,,,,,,,,,,,C,Open geospatial inventory,mapped building,https://doi.org/10.57931/3017294,https://www.openstreetmap.org,,,IM3 geospatial observation. Identity grain is preserved by Observation Level.,Insufficient evidence to establish or attach a distinct campus
im3:55867d9948a29f2e,im3-source:55867d9948a29f2e,IM3 Open Source Data Center Atlas / OpenStreetMap,Observed footprint,building,Juniper,,,,,,,OR,Clackamas County,,45.31873065193899,-122.76587362122432,Mapped centroid,,Observed footprint,,,,24854.0,,,,,,,,,,,,,,,,,,,,,,,,,,,,,,,,,,,C,Open geospatial inventory,mapped building,https://doi.org/10.57931/3017294,https://www.openstreetmap.org,,,IM3 geospatial observation. Identity grain is preserved by Observation Level.,Insufficient evidence to establish or attach a distinct campus
im3:558f13be7fb79c26,im3-source:558f13be7fb79c26,IM3 Open Source Data Center Atlas / OpenStreetMap,Observed footprint,building,,,,,,,,VA,Loudoun County,,39.069647438118416,-77.56077132684031,Mapped centroid,,Observed footprint,,,,242639.0,,,,,,,,,,,,,,,,,,,,,,,,,,,,,,,,,,,C,Open geospatial inventory,mapped building,https://doi.org/10.57931/3017294,https://www.openstreetmap.org,,,IM3 geospatial observation. Identity grain is preserved by Observation Level.,Insufficient evidence to establish or attach a distinct campus
im3:55eab510c45fb071,im3-source:55eab510c45fb071,IM3 Open Source Data Center Atlas / OpenStreetMap,Observed footprint,building,Amazon IAD214,Amazon Web Services,,,,,,VA,Loudoun County,,38.98652600473655,-77.43517573356029,Mapped centroid,,Observed footprint,,,,113421.0,,,,,,,,,,,,,,,,,,,,,,,,,,,,,,,,,,,C,Open geospatial inventory,mapped building,https://doi.org/10.57931/3017294,https://www.openstreetmap.org,,,IM3 geospatial observation. Identity grain is preserved by Observation Level.,Insufficient evidence to establish or attach a distinct campus
im3:5603386d2a2588f1,im3-source:5603386d2a2588f1,IM3 Open Source Data Center Atlas / OpenStreetMap,Observed footprint,building,Involta Independence,,,,,,,OH,Cuyahoga County,,41.36106237351998,-81.63280479258343,Mapped centroid,,Observed footprint,,,,26393.0,,,,,,,,,,,,,,,,,,,,,,,,,,,,,,,,,,,C,Open geospatial inventory,mapped building,https://doi.org/10.57931/3017294,https://www.openstreetmap.org,,,IM3 geospatial observation. Identity grain is preserved by Observation Level.,Insufficient evidence to establish or attach a distinct campus
im3:565193aa571fb07b,im3-source:565193aa571fb07b,IM3 Open Source Data Center Atlas / OpenStreetMap,Observed footprint,building,Centersquare Lynnwood SE1,Centersquare,,,,,,WA,Snohomish County,,47.84181080032639,-122.30169031037296,Mapped centroid,,Observed footprint,,,,104460.0,,,,,,,,,,,,,,,,,,,,,,,,,,,,,,,,,,,C,Open geospatial inventory,mapped building,https://doi.org/10.57931/3017294,https://www.openstreetmap.org,,,IM3 geospatial observation. Identity grain is preserved by Observation Level.,Insufficient evidence to establish or attach a distinct campus
im3:565fd7cd54f7d929,im3-source:565fd7cd54f7d929,IM3 Open Source Data Center Atlas / OpenStreetMap,Observed footprint,building,Equinix SV17,Equinix,,,,,,CA,Santa Clara County,,37.376528995423726,-121.9885839131246,Mapped centroid,,Observed footprint,,,,42360.0,,,,,,,,,,,,,,,,,,,,,,,,,,,,,,,,,,,C,Open geospatial inventory,mapped building,https://doi.org/10.57931/3017294,https://www.openstreetmap.org,,,IM3 geospatial observation. Identity grain is preserved by Observation Level.,Insufficient evidence to establish or attach a distinct campus
im3:5689a60cbd848f41,im3-source:5689a60cbd848f41,IM3 Open Source Data Center Atlas / OpenStreetMap,Observed footprint,building,,,,,,,,WY,Campbell County,,44.18923686708122,-105.6104801949896,Mapped centroid,,Observed footprint,,,,5975.0,,,,,,,,,,,,,,,,,,,,,,,,,,,,,,,,,,,C,Open geospatial inventory,mapped building,https://doi.org/10.57931/3017294,https://www.openstreetmap.org,,,IM3 geospatial observation. Identity grain is preserved by Observation Level.,Insufficient evidence to establish or attach a distinct campus
im3:569280e259ea2cac,im3-source:569280e259ea2cac,IM3 Open Source Data Center Atlas / OpenStreetMap,Observed footprint,building,,,,,,,,CT,South Central Connecticut Planning Region,,41.47880657970392,-72.80100588127455,Mapped centroid,,Observed footprint,,,,53967.0,,,,,,,,,,,,,,,,,,,,,,,,,,,,,,,,,,,C,Open geospatial inventory,mapped building,https://doi.org/10.57931/3017294,https://www.openstreetmap.org,,,IM3 geospatial observation. Identity grain is preserved by Observation Level.,Insufficient evidence to establish or attach a distinct campus
im3:56c3df4aa9d9dd4f,im3-source:56c3df4aa9d9dd4f,IM3 Open Source Data Center Atlas / OpenStreetMap,Observed footprint,building,Rice Data Center,,,,,,,TX,Harris County,,29.65814636473321,-95.44332796571568,Mapped centroid,,Observed footprint,,,,25487.0,,,,,,,,,,,,,,,,,,,,,,,,,,,,,,,,,,,C,Open geospatial inventory,mapped building,https://doi.org/10.57931/3017294,https://www.openstreetmap.org,,,IM3 geospatial observation. Identity grain is preserved by Observation Level.,Insufficient evidence to establish or attach a distinct campus
im3:56ea2ffff2296b96,im3-source:56ea2ffff2296b96,IM3 Open Source Data Center Atlas / OpenStreetMap,Observed footprint,building,Black Rock Financial Management,,,,,,,MO,Platte County,,39.29549174690983,-94.67802527431246,Mapped centroid,,Observed footprint,,,,80025.0,,,,,,,,,,,,,,,,,,,,,,,,,,,,,,,,,,,C,Open geospatial inventory,mapped building,https://doi.org/10.57931/3017294,https://www.openstreetmap.org,,,IM3 geospatial observation. Identity grain is preserved by Observation Level.,Insufficient evidence to establish or attach a distinct campus
im3:577df057da88b465,im3-source:577df057da88b465,IM3 Open Source Data Center Atlas / OpenStreetMap,Observed footprint,building,,,,,,,,VA,Fairfax County,,38.90979813135274,-77.47346579230704,Mapped centroid,,Observed footprint,,,,32222.0,,,,,,,,,,,,,,,,,,,,,,,,,,,,,,,,,,,C,Open geospatial inventory,mapped building,https://doi.org/10.57931/3017294,https://www.openstreetmap.org,,,IM3 geospatial observation. Identity grain is preserved by Observation Level.,Insufficient evidence to establish or attach a distinct campus
im3:57980aa77dbd64a1,im3-source:57980aa77dbd64a1,IM3 Open Source Data Center Atlas / OpenStreetMap,Observed footprint,building,SEGRA,,,,,,,NC,Mecklenburg County,,35.180053426006644,-80.92635689078914,Mapped centroid,,Observed footprint,,,,18094.0,,,,,,,,,,,,,,,,,,,,,,,,,,,,,,,,,,,C,Open geospatial inventory,mapped building,https://doi.org/10.57931/3017294,https://www.openstreetmap.org,,,IM3 geospatial observation. Identity grain is preserved by Observation Level.,Insufficient evidence to establish or attach a distinct campus
im3:5798557fee354aa0,im3-source:5798557fee354aa0,IM3 Open Source Data Center Atlas / OpenStreetMap,Observed footprint,building,Kaiser Data Center,,,,,,,CA,Napa County,,38.25408513554344,-122.27309812012736,Mapped centroid,,Observed footprint,,,,162791.0,,,,,,,,,,,,,,,,,,,,,,,,,,,,,,,,,,,C,Open geospatial inventory,mapped building,https://doi.org/10.57931/3017294,https://www.openstreetmap.org,,,IM3 geospatial observation. Identity grain is preserved by Observation Level.,Insufficient evidence to establish or attach a distinct campus
im3:589e8587485759f5,im3-source:589e8587485759f5,IM3 Open Source Data Center Atlas / OpenStreetMap,Observed footprint,building,,Centurylink,,,,,,CA,Los Angeles County,,33.91772905025637,-118.38631267018422,Mapped centroid,,Observed footprint,,,,71500.0,,,,,,,,,,,,,,,,,,,,,,,,,,,,,,,,,,,C,Open geospatial inventory,mapped building,https://doi.org/10.57931/3017294,https://www.openstreetmap.org,,,IM3 geospatial observation. Identity grain is preserved by Observation Level.,Insufficient evidence to establish or attach a distinct campus
im3:59675edb4e0cc1c9,im3-source:59675edb4e0cc1c9,IM3 Open Source Data Center Atlas / OpenStreetMap,Observed footprint,building,,,,,,,,VA,Loudoun County,,39.01710248998641,-77.47326656169301,Mapped centroid,,Observed footprint,,,,91264.0,,,,,,,,,,,,,,,,,,,,,,,,,,,,,,,,,,,C,Open geospatial inventory,mapped building,https://doi.org/10.57931/3017294,https://www.openstreetmap.org,,,IM3 geospatial observation. Identity grain is preserved by Observation Level.,Insufficient evidence to establish or attach a distinct campus
im3:5981ea35ca410b73,im3-source:5981ea35ca410b73,IM3 Open Source Data Center Atlas / OpenStreetMap,Observed footprint,building,Amazon PDX91,Amazon Web Services,,,,,,OR,Morrow County,,45.83792393125422,-119.68835480425264,Mapped centroid,,Observed footprint,,,,210994.0,,,,,,,,,,,,,,,,,,,,,,,,,,,,,,,,,,,C,Open geospatial inventory,mapped building,https://doi.org/10.57931/3017294,https://www.openstreetmap.org,,,IM3 geospatial observation. Identity grain is preserved by Observation Level.,Insufficient evidence to establish or attach a distinct campus
im3:59a409e2ebca3a69,im3-source:59a409e2ebca3a69,IM3 Open Source Data Center Atlas / OpenStreetMap,Observed footprint,building,CyrusOne Chicago Aurora CME,CyrusOne,,,,,,IL,DuPage County,,41.796710711308634,-88.24360276405726,Mapped centroid,,Observed footprint,,,,483103.0,,,,,,,,,,,,,,,,,,,,,,,,,,,,,,,,,,,C,Open geospatial inventory,mapped building,https://doi.org/10.57931/3017294,https://www.openstreetmap.org,,,IM3 geospatial observation. Identity grain is preserved by Observation Level.,Insufficient evidence to establish or attach a distinct campus
im3:59c9ab7865ea8d3c,im3-source:59c9ab7865ea8d3c,IM3 Open Source Data Center Atlas / OpenStreetMap,Observed footprint,site_point,Ergonomic Group,,,,,,,CT,Capitol Planning Region,,41.7070776,-72.5898636,Mapped centroid,,Observed footprint,,,,,,,,,,,,,,,,,,,,,,,,,,,,,,,,,,,,,,,C,Open geospatial inventory,mapped point,https://doi.org/10.57931/3017294,https://www.openstreetmap.org,,,IM3 geospatial observation. Identity grain is preserved by Observation Level.,Insufficient evidence to establish or attach a distinct campus
im3:5a1c599cac529f5e,im3-source:5a1c599cac529f5e,IM3 Open Source Data Center Atlas / OpenStreetMap,Observed footprint,building,Amazon IAD120,Amazon Web Services,,,,,,VA,Loudoun County,,38.95792207629593,-77.49806148309193,Mapped centroid,,Observed footprint,,,,188334.0,,,,,,,,,,,,,,,,,,,,,,,,,,,,,,,,,,,C,Open geospatial inventory,mapped building,https://doi.org/10.57931/3017294,https://www.openstreetmap.org,,,IM3 geospatial observation. Identity grain is preserved by Observation Level.,Insufficient evidence to establish or attach a distinct campus
im3:5ab4cf5bcd253227,im3-source:5ab4cf5bcd253227,IM3 Open Source Data Center Atlas / OpenStreetMap,Observed footprint,building,,,,,,,,KS,Johnson County,,38.92680599137026,-94.76837277312144,Mapped centroid,,Observed footprint,,,,4912.0,,,,,,,,,,,,,,,,,,,,,,,,,,,,,,,,,,,C,Open geospatial inventory,mapped building,https://doi.org/10.57931/3017294,https://www.openstreetmap.org,,,IM3 geospatial observation. Identity grain is preserved by Observation Level.,Insufficient evidence to establish or attach a distinct campus
im3:5ac2a88d0eeba0b0,im3-source:5ac2a88d0eeba0b0,IM3 Open Source Data Center Atlas / OpenStreetMap,Observed footprint,building,,,,,,,,WY,Laramie County,,41.12403680000001,-104.89926875000002,Mapped centroid,,Observed footprint,,,,67797.0,,,,,,,,,,,,,,,,,,,,,,,,,,,,,,,,,,,C,Open geospatial inventory,mapped building,https://doi.org/10.57931/3017294,https://www.openstreetmap.org,,,IM3 geospatial observation. Identity grain is preserved by Observation Level.,Insufficient evidence to establish or attach a distinct campus
im3:5afe5c6ed224d96f,im3-source:5afe5c6ed224d96f,IM3 Open Source Data Center Atlas / OpenStreetMap,Observed footprint,building,,,,,,,,WA,Grant County,,47.2460667373865,-119.82866158741606,Mapped centroid,,Observed footprint,,,,19067.0,,,,,,,,,,,,,,,,,,,,,,,,,,,,,,,,,,,C,Open geospatial inventory,mapped building,https://doi.org/10.57931/3017294,https://www.openstreetmap.org,,,IM3 geospatial observation. Identity grain is preserved by Observation Level.,Insufficient evidence to establish or attach a distinct campus
im3:5b819a8fe31c56dc,im3-source:5b819a8fe31c56dc,IM3 Open Source Data Center Atlas / OpenStreetMap,Observed footprint,site_point,Agricultural and Biological Engineering,,,,,,,IN,Tippecanoe County,,40.4218543,-86.9165454,Mapped centroid,,Observed footprint,,,,,,,,,,,,,,,,,,,,,,,,,,,,,,,,,,,,,,,C,Open geospatial inventory,mapped point,https://doi.org/10.57931/3017294,https://www.openstreetmap.org,,,IM3 geospatial observation. Identity grain is preserved by Observation Level.,Insufficient evidence to establish or attach a distinct campus
im3:5b841cb2b4911445,im3-source:5b841cb2b4911445,IM3 Open Source Data Center Atlas / OpenStreetMap,Observed footprint,building,,,,,,,,WI,Dane County,,43.06728877855195,-89.43673598140118,Mapped centroid,,Observed footprint,,,,9176.0,,,,,,,,,,,,,,,,,,,,,,,,,,,,,,,,,,,C,Open geospatial inventory,mapped building,https://doi.org/10.57931/3017294,https://www.openstreetmap.org,,,IM3 geospatial observation. Identity grain is preserved by Observation Level.,Insufficient evidence to establish or attach a distinct campus
im3:5b94e5652946c8be,im3-source:5b94e5652946c8be,IM3 Open Source Data Center Atlas / OpenStreetMap,Observed footprint,building,Vantage VA13,Vantage Data Centers,,,,,,VA,Loudoun County,,39.00310829268217,-77.43985079530812,Mapped centroid,,Observed footprint,,,,261859.0,,,,,,,,,,,,,,,,,,,,,,,,,,,,,,,,,,,C,Open geospatial inventory,mapped building,https://doi.org/10.57931/3017294,https://www.openstreetmap.org,,,IM3 geospatial observation. Identity grain is preserved by Observation Level.,Insufficient evidence to establish or attach a distinct campus
im3:5ba27bd6629b4d8d,im3-source:5ba27bd6629b4d8d,IM3 Open Source Data Center Atlas / OpenStreetMap,Observed footprint,building,,,,,,,,AZ,Maricopa County,,33.34702102896662,-111.604138927684,Mapped centroid,,Observed footprint,,,,1263277.0,,,,,,,,,,,,,,,,,,,,,,,,,,,,,,,,,,,C,Open geospatial inventory,mapped building,https://doi.org/10.57931/3017294,https://www.openstreetmap.org,,,IM3 geospatial observation. Identity grain is preserved by Observation Level.,Insufficient evidence to establish or attach a distinct campus
im3:5bd09627c057af07,im3-source:5bd09627c057af07,IM3 Open Source Data Center Atlas / OpenStreetMap,Observed footprint,building,,,,,,,,IA,Polk County,,41.51586405000001,-93.72031240000004,Mapped centroid,,Observed footprint,,,,263940.0,,,,,,,,,,,,,,,,,,,,,,,,,,,,,,,,,,,C,Open geospatial inventory,mapped building,https://doi.org/10.57931/3017294,https://www.openstreetmap.org,,,IM3 geospatial observation. Identity grain is preserved by Observation Level.,Insufficient evidence to establish or attach a distinct campus
im3:5c2329f7d8d1220f,im3-source:5c2329f7d8d1220f,IM3 Open Source Data Center Atlas / OpenStreetMap,Observed footprint,building,Amazon IAD50,Amazon Web Services,,,,,,VA,Loudoun County,,39.029569750064205,-77.45968288021061,Mapped centroid,,Observed footprint,,,,202194.0,,,,,,,,,,,,,,,,,,,,,,,,,,,,,,,,,,,C,Open geospatial inventory,mapped building,https://doi.org/10.57931/3017294,https://www.openstreetmap.org,,,IM3 geospatial observation. Identity grain is preserved by Observation Level.,Insufficient evidence to establish or attach a distinct campus
im3:5c2e9656953f11a7,im3-source:5c2e9656953f11a7,IM3 Open Source Data Center Atlas / OpenStreetMap,Observed footprint,building,Baltimore Technology Park,,,,,,,MD,Baltimore city,,39.275383911807424,-76.625526633647,Mapped centroid,,Observed footprint,,,,30131.0,,,,,,,,,,,,,,,,,,,,,,,,,,,,,,,,,,,C,Open geospatial inventory,mapped building,https://doi.org/10.57931/3017294,https://www.openstreetmap.org,,,IM3 geospatial observation. Identity grain is preserved by Observation Level.,Insufficient evidence to establish or attach a distinct campus
im3:5c352b523d3ad29c,im3-source:5c352b523d3ad29c,IM3 Open Source Data Center Atlas / OpenStreetMap,Observed footprint,building,Element Critical VA1,,,,,,,VA,Fairfax County,,38.908367499999976,-77.21974419999998,Mapped centroid,,Observed footprint,,,,20483.0,,,,,,,,,,,,,,,,,,,,,,,,,,,,,,,,,,,C,Open geospatial inventory,mapped building,https://doi.org/10.57931/3017294,https://www.openstreetmap.org,,,IM3 geospatial observation. Identity grain is preserved by Observation Level.,Insufficient evidence to establish or attach a distinct campus
im3:5c3880953afa12b4,im3-source:5c3880953afa12b4,IM3 Open Source Data Center Atlas / OpenStreetMap,Observed footprint,building,Microsoft,Microsoft,,,,,,AZ,Maricopa County,,33.44634015327939,-112.37391953953676,Mapped centroid,,Observed footprint,,,,238581.0,,,,,,,,,,,,,,,,,,,,,,,,,,,,,,,,,,,C,Open geospatial inventory,mapped building,https://doi.org/10.57931/3017294,https://www.openstreetmap.org,,,IM3 geospatial observation. Identity grain is preserved by Observation Level.,Insufficient evidence to establish or attach a distinct campus
im3:5c5f01b6ec90ff32,im3-source:5c5f01b6ec90ff32,IM3 Open Source Data Center Atlas / OpenStreetMap,Observed footprint,building,Microsoft EAT02,Microsoft,,,,,,WA,Douglas County,,47.416868,-120.20768785,Mapped centroid,,Observed footprint,,,,246129.0,,,,,,,,,,,,,,,,,,,,,,,,,,,,,,,,,,,C,Open geospatial inventory,mapped building,https://doi.org/10.57931/3017294,https://www.openstreetmap.org,,,IM3 geospatial observation. Identity grain is preserved by Observation Level.,Insufficient evidence to establish or attach a distinct campus
im3:5cb8b59ff578452e,im3-source:5cb8b59ff578452e,IM3 Open Source Data Center Atlas / OpenStreetMap,Observed footprint,building,,Frost Bank,,,,,,TX,Bexar County,,29.470223440589773,-98.68765019986506,Mapped centroid,,Observed footprint,,,,68591.0,,,,,,,,,,,,,,,,,,,,,,,,,,,,,,,,,,,C,Open geospatial inventory,mapped building,https://doi.org/10.57931/3017294,https://www.openstreetmap.org,,,IM3 geospatial observation. Identity grain is preserved by Observation Level.,Insufficient evidence to establish or attach a distinct campus
im3:5d091e05773ef741,im3-source:5d091e05773ef741,IM3 Open Source Data Center Atlas / OpenStreetMap,Observed footprint,site_point,UNM Data Center,UNM,,,,,,NM,Bernalillo County,,35.08673849999998,-106.6153476,Mapped centroid,,Observed footprint,,,,,,,,,,,,,,,,,,,,,,,,,,,,,,,,,,,,,,,C,Open geospatial inventory,mapped point,https://doi.org/10.57931/3017294,https://www.openstreetmap.org,,,IM3 geospatial observation. Identity grain is preserved by Observation Level.,Insufficient evidence to establish or attach a distinct campus
im3:5d8ede283ab04460,im3-source:5d8ede283ab04460,IM3 Open Source Data Center Atlas / OpenStreetMap,Observed footprint,site_point,"Forescout Technologies, Inc.",,,,,,,CA,Santa Clara County,,37.322867500000015,-121.9474176,Mapped centroid,,Observed footprint,,,,,,,,,,,,,,,,,,,,,,,,,,,,,,,,,,,,,,,C,Open geospatial inventory,mapped point,https://doi.org/10.57931/3017294,https://www.openstreetmap.org,,,IM3 geospatial observation. Identity grain is preserved by Observation Level.,Insufficient evidence to establish or attach a distinct campus
im3:5d9988a7be0dde44,im3-source:5d9988a7be0dde44,IM3 Open Source Data Center Atlas / OpenStreetMap,Observed footprint,building,Equinix NY7 Data Center,Equinix,,,,,,NJ,Hudson County,,40.796863665422755,-74.03114084082605,Mapped centroid,,Observed footprint,,,,68650.0,,,,,,,,,,,,,,,,,,,,,,,,,,,,,,,,,,,C,Open geospatial inventory,mapped building,https://doi.org/10.57931/3017294,https://www.openstreetmap.org,,,IM3 geospatial observation. Identity grain is preserved by Observation Level.,Insufficient evidence to establish or attach a distinct campus
im3:5de6d36c3858ddfd,im3-source:5de6d36c3858ddfd,IM3 Open Source Data Center Atlas / OpenStreetMap,Observed footprint,building,"Union Pacific Jack Koraleski Technology, Research & Development Center",Union Pacific Railroad,,,,,,NE,Douglas County,,41.31800464008671,-96.05034469779658,Mapped centroid,,Observed footprint,,,,54386.0,,,,,,,,,,,,,,,,,,,,,,,,,,,,,,,,,,,C,Open geospatial inventory,mapped building,https://doi.org/10.57931/3017294,https://www.openstreetmap.org,,,IM3 geospatial observation. Identity grain is preserved by Observation Level.,Insufficient evidence to establish or attach a distinct campus
im3:5e0e2290ac4832d0,im3-source:5e0e2290ac4832d0,IM3 Open Source Data Center Atlas / OpenStreetMap,Observed footprint,building,Amazon PDX2,Amazon Web Services,,,,,,OR,Umatilla County,,45.91640355768747,-119.26777584780363,Mapped centroid,,Observed footprint,,,,133053.0,,,,,,,,,,,,,,,,,,,,,,,,,,,,,,,,,,,C,Open geospatial inventory,mapped building,https://doi.org/10.57931/3017294,https://www.openstreetmap.org,,,IM3 geospatial observation. Identity grain is preserved by Observation Level.,Insufficient evidence to establish or attach a distinct campus
im3:5e3f43d237ec0a87,im3-source:5e3f43d237ec0a87,IM3 Open Source Data Center Atlas / OpenStreetMap,Observed footprint,building,Amazon IAD164,Amazon Web Services,,,,,,VA,Loudoun County,,39.03047299618339,-77.42894228975496,Mapped centroid,,Observed footprint,,,,132374.0,,,,,,,,,,,,,,,,,,,,,,,,,,,,,,,,,,,C,Open geospatial inventory,mapped building,https://doi.org/10.57931/3017294,https://www.openstreetmap.org,,,IM3 geospatial observation. Identity grain is preserved by Observation Level.,Insufficient evidence to establish or attach a distinct campus
im3:5e81b11071938844,im3-source:5e81b11071938844,IM3 Open Source Data Center Atlas / OpenStreetMap,Observed footprint,building,Lumen Technologies,,,,,,,CA,Orange County,,33.71677790635047,-117.80580095119436,Mapped centroid,,Observed footprint,,,,85658.0,,,,,,,,,,,,,,,,,,,,,,,,,,,,,,,,,,,C,Open geospatial inventory,mapped building,https://doi.org/10.57931/3017294,https://www.openstreetmap.org,,,IM3 geospatial observation. Identity grain is preserved by Observation Level.,Insufficient evidence to establish or attach a distinct campus
im3:5e9d2da49c158b5f,im3-source:5e9d2da49c158b5f,IM3 Open Source Data Center Atlas / OpenStreetMap,Observed footprint,building,Equinix New York Secaucus NY2,Equinix,,,,,,NJ,Hudson County,,40.777419512398815,-74.07591694092635,Mapped centroid,,Observed footprint,,,,402960.0,,,,,,,,,,,,,,,,,,,,,,,,,,,,,,,,,,,C,Open geospatial inventory,mapped building,https://doi.org/10.57931/3017294,https://www.openstreetmap.org,,,IM3 geospatial observation. Identity grain is preserved by Observation Level.,Insufficient evidence to establish or attach a distinct campus
im3:5e9eab056b1fc90c,im3-source:5e9eab056b1fc90c,IM3 Open Source Data Center Atlas / OpenStreetMap,Observed footprint,building,,,,,,,,WA,Grant County,,47.246735550380414,-119.82886591673484,Mapped centroid,,Observed footprint,,,,151213.0,,,,,,,,,,,,,,,,,,,,,,,,,,,,,,,,,,,C,Open geospatial inventory,mapped building,https://doi.org/10.57931/3017294,https://www.openstreetmap.org,,,IM3 geospatial observation. Identity grain is preserved by Observation Level.,Insufficient evidence to establish or attach a distinct campus
im3:5efa28f45dd3ef95,im3-source:5efa28f45dd3ef95,IM3 Open Source Data Center Atlas / OpenStreetMap,Observed footprint,building,,,,,,,,VA,Prince William County,,38.75887522323461,-77.51665238010433,Mapped centroid,,Observed footprint,,,,139592.0,,,,,,,,,,,,,,,,,,,,,,,,,,,,,,,,,,,C,Open geospatial inventory,mapped building,https://doi.org/10.57931/3017294,https://www.openstreetmap.org,,,IM3 geospatial observation. Identity grain is preserved by Observation Level.,Insufficient evidence to establish or attach a distinct campus
im3:5eff6641ec4fe4f2,im3-source:5eff6641ec4fe4f2,IM3 Open Source Data Center Atlas / OpenStreetMap,Observed footprint,site_point,"Alembic Computer Services, Inc.",,,,,,,AZ,Maricopa County,,33.40513069999998,-111.9773353,Mapped centroid,,Observed footprint,,,,,,,,,,,,,,,,,,,,,,,,,,,,,,,,,,,,,,,C,Open geospatial inventory,mapped point,https://doi.org/10.57931/3017294,https://www.openstreetmap.org,,,IM3 geospatial observation. Identity grain is preserved by Observation Level.,Insufficient evidence to establish or attach a distinct campus
im3:5f4bf13c09903156,im3-source:5f4bf13c09903156,IM3 Open Source Data Center Atlas / OpenStreetMap,Observed footprint,building,42311 THUNDERBALL DR,True North Data Solutions,,,,,,VA,Loudoun County,,39.04255253735977,-77.53829966215025,Mapped centroid,,Observed footprint,,,,40683.0,,,,,,,,,,,,,,,,,,,,,,,,,,,,,,,,,,,C,Open geospatial inventory,mapped building,https://doi.org/10.57931/3017294,https://www.openstreetmap.org,,,IM3 geospatial observation. Identity grain is preserved by Observation Level.,Insufficient evidence to establish or attach a distinct campus
im3:5fb09d3132641126,im3-source:5fb09d3132641126,IM3 Open Source Data Center Atlas / OpenStreetMap,Observed footprint,building,,NTT Limited,,,,,,CA,Santa Clara County,,37.40390423994131,-121.8892968922125,Mapped centroid,,Observed footprint,,,,75249.0,,,,,,,,,,,,,,,,,,,,,,,,,,,,,,,,,,,C,Open geospatial inventory,mapped building,https://doi.org/10.57931/3017294,https://www.openstreetmap.org,,,IM3 geospatial observation. Identity grain is preserved by Observation Level.,Insufficient evidence to establish or attach a distinct campus
im3:607758152a8a476d,im3-source:607758152a8a476d,IM3 Open Source Data Center Atlas / OpenStreetMap,Observed footprint,building,Meta Henrico Data Center,Meta,,,,,,VA,Henrico County,,37.48392820260659,-77.23731112457074,Mapped centroid,,Observed footprint,,,,588189.0,,,,,,,,,,,,,,,,,,,,,,,,,,,,,,,,,,,C,Open geospatial inventory,mapped building,https://doi.org/10.57931/3017294,https://www.openstreetmap.org,,,IM3 geospatial observation. Identity grain is preserved by Observation Level.,Insufficient evidence to establish or attach a distinct campus
im3:621e8d8a6b816030,im3-source:621e8d8a6b816030,IM3 Open Source Data Center Atlas / OpenStreetMap,Observed footprint,building,,,,,,,,MO,Clay County,,39.32263664644552,-94.59492397936084,Mapped centroid,,Observed footprint,,,,307414.0,,,,,,,,,,,,,,,,,,,,,,,,,,,,,,,,,,,C,Open geospatial inventory,mapped building,https://doi.org/10.57931/3017294,https://www.openstreetmap.org,,,IM3 geospatial observation. Identity grain is preserved by Observation Level.,Insufficient evidence to establish or attach a distinct campus
im3:622a9ac047e09847,im3-source:622a9ac047e09847,IM3 Open Source Data Center Atlas / OpenStreetMap,Observed footprint,building,,,,,,,,VA,Fairfax County,,38.90924510896112,-77.47224542913196,Mapped centroid,,Observed footprint,,,,43330.0,,,,,,,,,,,,,,,,,,,,,,,,,,,,,,,,,,,C,Open geospatial inventory,mapped building,https://doi.org/10.57931/3017294,https://www.openstreetmap.org,,,IM3 geospatial observation. Identity grain is preserved by Observation Level.,Insufficient evidence to establish or attach a distinct campus
im3:6356bb7a85434cb6,im3-source:6356bb7a85434cb6,IM3 Open Source Data Center Atlas / OpenStreetMap,Observed footprint,building,IBM Building,,,,,,,NY,Albany County,,42.64935307482799,-73.75274524524227,Mapped centroid,,Observed footprint,,,,15355.0,,,,,,,,,,,,,,,,,,,,,,,,,,,,,,,,,,,C,Open geospatial inventory,mapped building,https://doi.org/10.57931/3017294,https://www.openstreetmap.org,,,IM3 geospatial observation. Identity grain is preserved by Observation Level.,Insufficient evidence to establish or attach a distinct campus
im3:63a5449f24355401,im3-source:63a5449f24355401,IM3 Open Source Data Center Atlas / OpenStreetMap,Observed footprint,building,Equinix Secaucus NY6,Equinix,,,,,,NJ,Hudson County,,40.77751886842662,-74.07270033788812,Mapped centroid,,Observed footprint,,,,70938.0,,,,,,,,,,,,,,,,,,,,,,,,,,,,,,,,,,,C,Open geospatial inventory,mapped building,https://doi.org/10.57931/3017294,https://www.openstreetmap.org,,,IM3 geospatial observation. Identity grain is preserved by Observation Level.,Insufficient evidence to establish or attach a distinct campus
im3:63af9d32166416d7,im3-source:63af9d32166416d7,IM3 Open Source Data Center Atlas / OpenStreetMap,Observed footprint,building,,,,,,,,VA,Loudoun County,,38.994227397730654,-77.44818874321433,Mapped centroid,,Observed footprint,,,,35740.0,,,,,,,,,,,,,,,,,,,,,,,,,,,,,,,,,,,C,Open geospatial inventory,mapped building,https://doi.org/10.57931/3017294,https://www.openstreetmap.org,,,IM3 geospatial observation. Identity grain is preserved by Observation Level.,Insufficient evidence to establish or attach a distinct campus
im3:64097f1c73d43393,im3-source:64097f1c73d43393,IM3 Open Source Data Center Atlas / OpenStreetMap,Observed footprint,building,Vital Records,,,,,,,NJ,Somerset County,,40.5280718,-74.68281625,Mapped centroid,,Observed footprint,,,,7942.0,,,,,,,,,,,,,,,,,,,,,,,,,,,,,,,,,,,C,Open geospatial inventory,mapped building,https://doi.org/10.57931/3017294,https://www.openstreetmap.org,,,IM3 geospatial observation. Identity grain is preserved by Observation Level.,Insufficient evidence to establish or attach a distinct campus
im3:646afbe88fa6c59d,im3-source:646afbe88fa6c59d,IM3 Open Source Data Center Atlas / OpenStreetMap,Observed footprint,building,,,,,,,,FL,Polk County,,28.294076903278917,-81.83484809221979,Mapped centroid,,Observed footprint,,,,22578.0,,,,,,,,,,,,,,,,,,,,,,,,,,,,,,,,,,,C,Open geospatial inventory,mapped building,https://doi.org/10.57931/3017294,https://www.openstreetmap.org,,,IM3 geospatial observation. Identity grain is preserved by Observation Level.,Insufficient evidence to establish or attach a distinct campus
im3:649f5a63659812e2,im3-source:649f5a63659812e2,IM3 Open Source Data Center Atlas / OpenStreetMap,Observed footprint,building,Oregon State Data Center,State of Oregon,,,,,,OR,Marion County,,44.92654909169762,-123.0018614109851,Mapped centroid,,Observed footprint,,,,46536.0,,,,,,,,,,,,,,,,,,,,,,,,,,,,,,,,,,,C,Open geospatial inventory,mapped building,https://doi.org/10.57931/3017294,https://www.openstreetmap.org,,,IM3 geospatial observation. Identity grain is preserved by Observation Level.,Insufficient evidence to establish or attach a distinct campus
im3:64afe68fc771de0d,im3-source:64afe68fc771de0d,IM3 Open Source Data Center Atlas / OpenStreetMap,Observed footprint,site_point,TierPoint Milwaukee,,,,,,,WI,Milwaukee County,,43.00937789999995,-87.9610618,Mapped centroid,,Observed footprint,,,,,,,,,,,,,,,,,,,,,,,,,,,,,,,,,,,,,,,C,Open geospatial inventory,mapped point,https://doi.org/10.57931/3017294,https://www.openstreetmap.org,,,IM3 geospatial observation. Identity grain is preserved by Observation Level.,Insufficient evidence to establish or attach a distinct campus
im3:64de106f70e092e7,im3-source:64de106f70e092e7,IM3 Open Source Data Center Atlas / OpenStreetMap,Observed footprint,building,Centersquare IAD3,Centersquare,,,,,,VA,Loudoun County,,38.98092474579163,-77.44424695369074,Mapped centroid,,Observed footprint,,,,130748.0,,,,,,,,,,,,,,,,,,,,,,,,,,,,,,,,,,,C,Open geospatial inventory,mapped building,https://doi.org/10.57931/3017294,https://www.openstreetmap.org,,,IM3 geospatial observation. Identity grain is preserved by Observation Level.,Insufficient evidence to establish or attach a distinct campus
im3:64f7f379941bac5a,im3-source:64f7f379941bac5a,IM3 Open Source Data Center Atlas / OpenStreetMap,Observed footprint,building,Aureon,,,,,,,IA,Polk County,,41.58799896574003,-93.63100934781296,Mapped centroid,,Observed footprint,,,,11253.0,,,,,,,,,,,,,,,,,,,,,,,,,,,,,,,,,,,C,Open geospatial inventory,mapped building,https://doi.org/10.57931/3017294,https://www.openstreetmap.org,,,IM3 geospatial observation. Identity grain is preserved by Observation Level.,Insufficient evidence to establish or attach a distinct campus
im3:65309ca38eb946ad,im3-source:65309ca38eb946ad,IM3 Open Source Data Center Atlas / OpenStreetMap,Observed footprint,site_point,Frontier (supercomputer),Oak Ridge National Laboratory,,,,,,TN,Roane County,,35.92951329999998,-84.310567,Mapped centroid,,Observed footprint,,,,,,,,,,,,,,,,,,,,,,,,,,,,,,,,,,,,,,,C,Open geospatial inventory,mapped point,https://doi.org/10.57931/3017294,https://www.openstreetmap.org,,,IM3 geospatial observation. Identity grain is preserved by Observation Level.,Insufficient evidence to establish or attach a distinct campus
im3:66297be38a56b155,im3-source:66297be38a56b155,IM3 Open Source Data Center Atlas / OpenStreetMap,Observed footprint,building,Vantage Santa Clara CA2,Vantage Data Centers,,,,,,CA,Santa Clara County,,37.364031831869895,-121.94684487603256,Mapped centroid,,Observed footprint,,,,132031.0,,,,,,,,,,,,,,,,,,,,,,,,,,,,,,,,,,,C,Open geospatial inventory,mapped building,https://doi.org/10.57931/3017294,https://www.openstreetmap.org,,,IM3 geospatial observation. Identity grain is preserved by Observation Level.,Insufficient evidence to establish or attach a distinct campus
im3:665bbdc0753bde03,im3-source:665bbdc0753bde03,IM3 Open Source Data Center Atlas / OpenStreetMap,Observed footprint,building,,,,,,,,WA,Grant County,,47.24598940000003,-119.82917030000002,Mapped centroid,,Observed footprint,,,,35925.0,,,,,,,,,,,,,,,,,,,,,,,,,,,,,,,,,,,C,Open geospatial inventory,mapped building,https://doi.org/10.57931/3017294,https://www.openstreetmap.org,,,IM3 geospatial observation. Identity grain is preserved by Observation Level.,Insufficient evidence to establish or attach a distinct campus
im3:66850031f2abe035,im3-source:66850031f2abe035,IM3 Open Source Data Center Atlas / OpenStreetMap,Observed footprint,building,Flexential Salt Lake City - South Valley,Flexential,,,,,,UT,Salt Lake County,,40.620351883599334,-111.98604691692904,Mapped centroid,,Observed footprint,,,,30547.0,,,,,,,,,,,,,,,,,,,,,,,,,,,,,,,,,,,C,Open geospatial inventory,mapped building,https://doi.org/10.57931/3017294,https://www.openstreetmap.org,,,IM3 geospatial observation. Identity grain is preserved by Observation Level.,Insufficient evidence to establish or attach a distinct campus
im3:6748d893217d30b7,im3-source:6748d893217d30b7,IM3 Open Source Data Center Atlas / OpenStreetMap,Observed footprint,building,Amazon IAD121,Amazon Web Services,,,,,,VA,Loudoun County,,38.95678304965232,-77.49778687561763,Mapped centroid,,Observed footprint,,,,154814.0,,,,,,,,,,,,,,,,,,,,,,,,,,,,,,,,,,,C,Open geospatial inventory,mapped building,https://doi.org/10.57931/3017294,https://www.openstreetmap.org,,,IM3 geospatial observation. Identity grain is preserved by Observation Level.,Insufficient evidence to establish or attach a distinct campus
im3:6814574ad4a0a470,im3-source:6814574ad4a0a470,IM3 Open Source Data Center Atlas / OpenStreetMap,Observed footprint,building,Involta-Akron,,,,,,,OH,Summit County,,41.05743106833096,-81.52197151224149,Mapped centroid,,Observed footprint,,,,59427.0,,,,,,,,,,,,,,,,,,,,,,,,,,,,,,,,,,,C,Open geospatial inventory,mapped building,https://doi.org/10.57931/3017294,https://www.openstreetmap.org,,,IM3 geospatial observation. Identity grain is preserved by Observation Level.,Insufficient evidence to establish or attach a distinct campus
im3:683f8e6c9d0e93e8,im3-source:683f8e6c9d0e93e8,IM3 Open Source Data Center Atlas / OpenStreetMap,Observed footprint,building,NTT Ashburn VA5 Data Center,NTT,,,,,,VA,Loudoun County,,39.01829557273712,-77.4726140064529,Mapped centroid,,Observed footprint,,,,124046.0,,,,,,,,,,,,,,,,,,,,,,,,,,,,,,,,,,,C,Open geospatial inventory,mapped building,https://doi.org/10.57931/3017294,https://www.openstreetmap.org,,,IM3 geospatial observation. Identity grain is preserved by Observation Level.,Insufficient evidence to establish or attach a distinct campus
im3:684f97da071cc58c,im3-source:684f97da071cc58c,IM3 Open Source Data Center Atlas / OpenStreetMap,Observed footprint,building,Equinix SV16,Equinix,,,,,,CA,Santa Clara County,,37.3761180228337,-121.98868795323646,Mapped centroid,,Observed footprint,,,,26347.0,,,,,,,,,,,,,,,,,,,,,,,,,,,,,,,,,,,C,Open geospatial inventory,mapped building,https://doi.org/10.57931/3017294,https://www.openstreetmap.org,,,IM3 geospatial observation. Identity grain is preserved by Observation Level.,Insufficient evidence to establish or attach a distinct campus
im3:68a1edde24a88a4f,im3-source:68a1edde24a88a4f,IM3 Open Source Data Center Atlas / OpenStreetMap,Observed footprint,building,Stream San Antonio II,,,,,,,TX,Bexar County,,29.472016548016605,-98.67173678093522,Mapped centroid,,Observed footprint,,,,71324.0,,,,,,,,,,,,,,,,,,,,,,,,,,,,,,,,,,,C,Open geospatial inventory,mapped building,https://doi.org/10.57931/3017294,https://www.openstreetmap.org,,,IM3 geospatial observation. Identity grain is preserved by Observation Level.,Insufficient evidence to establish or attach a distinct campus
im3:68bc496ed3936541,im3-source:68bc496ed3936541,IM3 Open Source Data Center Atlas / OpenStreetMap,Observed footprint,building,Strata Networks,,,,,,,UT,Uintah County,,40.45659345160876,-109.52899881095324,Mapped centroid,,Observed footprint,,,,12971.0,,,,,,,,,,,,,,,,,,,,,,,,,,,,,,,,,,,C,Open geospatial inventory,mapped building,https://doi.org/10.57931/3017294,https://www.openstreetmap.org,,,IM3 geospatial observation. Identity grain is preserved by Observation Level.,Insufficient evidence to establish or attach a distinct campus
im3:68ee845e9a6d8984,im3-source:68ee845e9a6d8984,IM3 Open Source Data Center Atlas / OpenStreetMap,Observed footprint,building,Flexential Nashville - Cool Springs,Flexential,,,,,,TN,Williamson County,,35.95104065922935,-86.83338099257101,Mapped centroid,,Observed footprint,,,,69261.0,,,,,,,,,,,,,,,,,,,,,,,,,,,,,,,,,,,C,Open geospatial inventory,mapped building,https://doi.org/10.57931/3017294,https://www.openstreetmap.org,,,IM3 geospatial observation. Identity grain is preserved by Observation Level.,Insufficient evidence to establish or attach a distinct campus
im3:69200e3d94d631bb,im3-source:69200e3d94d631bb,IM3 Open Source Data Center Atlas / OpenStreetMap,Observed footprint,building,Amazon IAD151,Amazon Web Services,,,,,,VA,Loudoun County,,38.916150913647485,-77.47870520943823,Mapped centroid,,Observed footprint,,,,155542.0,,,,,,,,,,,,,,,,,,,,,,,,,,,,,,,,,,,C,Open geospatial inventory,mapped building,https://doi.org/10.57931/3017294,https://www.openstreetmap.org,,,IM3 geospatial observation. Identity grain is preserved by Observation Level.,Insufficient evidence to establish or attach a distinct campus
im3:692bc9736c8a5d73,im3-source:692bc9736c8a5d73,IM3 Open Source Data Center Atlas / OpenStreetMap,Observed footprint,building,Amazon Web Services,Amazon Web Services,,,,,,OR,Morrow County,,45.836184447374045,-119.69404769045516,Mapped centroid,,Observed footprint,,,,213843.0,,,,,,,,,,,,,,,,,,,,,,,,,,,,,,,,,,,C,Open geospatial inventory,mapped building,https://doi.org/10.57931/3017294,https://www.openstreetmap.org,,,IM3 geospatial observation. Identity grain is preserved by Observation Level.,Insufficient evidence to establish or attach a distinct campus
im3:694a4528a3456940,im3-source:694a4528a3456940,IM3 Open Source Data Center Atlas / OpenStreetMap,Observed footprint,building,Amazon IAD63,Amazon Web Services,,,,,,VA,Loudoun County,,38.916884757871365,-77.49325147157609,Mapped centroid,,Observed footprint,,,,143980.0,,,,,,,,,,,,,,,,,,,,,,,,,,,,,,,,,,,C,Open geospatial inventory,mapped building,https://doi.org/10.57931/3017294,https://www.openstreetmap.org,,,IM3 geospatial observation. Identity grain is preserved by Observation Level.,Insufficient evidence to establish or attach a distinct campus
im3:694f3f50559dea2f,im3-source:694f3f50559dea2f,IM3 Open Source Data Center Atlas / OpenStreetMap,Observed footprint,building,Vantage WA11,,,,,,,WA,Grant County,,47.25016455000004,-119.8144903,Mapped centroid,,Observed footprint,,,,147430.0,,,,,,,,,,,,,,,,,,,,,,,,,,,,,,,,,,,C,Open geospatial inventory,mapped building,https://doi.org/10.57931/3017294,https://www.openstreetmap.org,,,IM3 geospatial observation. Identity grain is preserved by Observation Level.,Insufficient evidence to establish or attach a distinct campus
im3:69f39a997a032d73,im3-source:69f39a997a032d73,IM3 Open Source Data Center Atlas / OpenStreetMap,Observed footprint,building,,,,,,,,VA,Loudoun County,,39.05842725,-77.54975705,Mapped centroid,,Observed footprint,,,,200169.0,,,,,,,,,,,,,,,,,,,,,,,,,,,,,,,,,,,C,Open geospatial inventory,mapped building,https://doi.org/10.57931/3017294,https://www.openstreetmap.org,,,IM3 geospatial observation. Identity grain is preserved by Observation Level.,Insufficient evidence to establish or attach a distinct campus
im3:6a2231905d69d013,im3-source:6a2231905d69d013,IM3 Open Source Data Center Atlas / OpenStreetMap,Observed footprint,building,JPMorgan Chase,JPMorgan Chase,,,,,,CO,Broomfield County,,39.98908743794327,-105.02070322451502,Mapped centroid,,Observed footprint,,,,188160.0,,,,,,,,,,,,,,,,,,,,,,,,,,,,,,,,,,,C,Open geospatial inventory,mapped building,https://doi.org/10.57931/3017294,https://www.openstreetmap.org,,,IM3 geospatial observation. Identity grain is preserved by Observation Level.,Insufficient evidence to establish or attach a distinct campus
im3:6a3e32968709d708,im3-source:6a3e32968709d708,IM3 Open Source Data Center Atlas / OpenStreetMap,Observed footprint,building,Serverfarm CH1,Serverfarm,,,,,,IL,Cook County,,41.87094383153392,-87.64014138665925,Mapped centroid,,Observed footprint,,,,56419.0,,,,,,,,,,,,,,,,,,,,,,,,,,,,,,,,,,,C,Open geospatial inventory,mapped building,https://doi.org/10.57931/3017294,https://www.openstreetmap.org,,,IM3 geospatial observation. Identity grain is preserved by Observation Level.,Insufficient evidence to establish or attach a distinct campus
im3:6b246e0d94dfd5cf,im3-source:6b246e0d94dfd5cf,IM3 Open Source Data Center Atlas / OpenStreetMap,Observed footprint,building,xAI Macrohardrr,xAI,,,,,,MS,DeSoto County,,34.993488022517546,-90.03416995680819,Mapped centroid,,Observed footprint,,,,812955.0,,,,,,,,,,,,,,,,,,,,,,,,,,,,,,,,,,,C,Open geospatial inventory,mapped building,https://doi.org/10.57931/3017294,https://www.openstreetmap.org,,,IM3 geospatial observation. Identity grain is preserved by Observation Level.,Insufficient evidence to establish or attach a distinct campus
im3:6b24f94650607c43,im3-source:6b24f94650607c43,IM3 Open Source Data Center Atlas / OpenStreetMap,Observed footprint,building,Intergate Columbia B,Sabey Data Centers,,,,,,WA,Douglas County,,47.40716362884278,-120.18749017936368,Mapped centroid,,Observed footprint,,,,192887.0,,,,,,,,,,,,,,,,,,,,,,,,,,,,,,,,,,,C,Open geospatial inventory,mapped building,https://doi.org/10.57931/3017294,https://www.openstreetmap.org,,,IM3 geospatial observation. Identity grain is preserved by Observation Level.,Insufficient evidence to establish or attach a distinct campus
im3:6b7294d1a458504f,im3-source:6b7294d1a458504f,IM3 Open Source Data Center Atlas / OpenStreetMap,Observed footprint,building,IAD1,Evocative,,,,,,VA,Fairfax County,,38.948816283696026,-77.32940997281177,Mapped centroid,,Observed footprint,,,,19325.0,,,,,,,,,,,,,,,,,,,,,,,,,,,,,,,,,,,C,Open geospatial inventory,mapped building,https://doi.org/10.57931/3017294,https://www.openstreetmap.org,,,IM3 geospatial observation. Identity grain is preserved by Observation Level.,Insufficient evidence to establish or attach a distinct campus
im3:6bfc46c01c87b74e,im3-source:6bfc46c01c87b74e,IM3 Open Source Data Center Atlas / OpenStreetMap,Observed footprint,building,,,,,,,,TX,Bexar County,,29.41898804292748,-98.78747100073744,Mapped centroid,,Observed footprint,,,,109489.0,,,,,,,,,,,,,,,,,,,,,,,,,,,,,,,,,,,C,Open geospatial inventory,mapped building,https://doi.org/10.57931/3017294,https://www.openstreetmap.org,,,IM3 geospatial observation. Identity grain is preserved by Observation Level.,Insufficient evidence to establish or attach a distinct campus
im3:6c5b102d11721e0b,im3-source:6c5b102d11721e0b,IM3 Open Source Data Center Atlas / OpenStreetMap,Observed footprint,building,Verizon,,,,,,,NJ,Middlesex County,,40.544255575339086,-74.49652096385213,Mapped centroid,,Observed footprint,,,,105786.0,,,,,,,,,,,,,,,,,,,,,,,,,,,,,,,,,,,C,Open geospatial inventory,mapped building,https://doi.org/10.57931/3017294,https://www.openstreetmap.org,,,IM3 geospatial observation. Identity grain is preserved by Observation Level.,Insufficient evidence to establish or attach a distinct campus
im3:6cc32cf4529163a0,im3-source:6cc32cf4529163a0,IM3 Open Source Data Center Atlas / OpenStreetMap,Observed footprint,site_point,Flexential Nashville - Brentwood,Flexential,,,,,,TN,Williamson County,,35.972729399999956,-86.8084949,Mapped centroid,,Observed footprint,,,,,,,,,,,,,,,,,,,,,,,,,,,,,,,,,,,,,,,C,Open geospatial inventory,mapped point,https://doi.org/10.57931/3017294,https://www.openstreetmap.org,,,IM3 geospatial observation. Identity grain is preserved by Observation Level.,Insufficient evidence to establish or attach a distinct campus
im3:6ccf3093a7c40a28,im3-source:6ccf3093a7c40a28,IM3 Open Source Data Center Atlas / OpenStreetMap,Observed footprint,building,Verizon,,,,,,,NV,Clark County,,36.14473260674411,-115.07792815622216,Mapped centroid,,Observed footprint,,,,25884.0,,,,,,,,,,,,,,,,,,,,,,,,,,,,,,,,,,,C,Open geospatial inventory,mapped building,https://doi.org/10.57931/3017294,https://www.openstreetmap.org,,,IM3 geospatial observation. Identity grain is preserved by Observation Level.,Insufficient evidence to establish or attach a distinct campus
im3:6d06559ec06d528a,im3-source:6d06559ec06d528a,IM3 Open Source Data Center Atlas / OpenStreetMap,Observed footprint,building,,,,,,,,CO,El Paso County,,38.8026597098747,-104.52196604264472,Mapped centroid,,Observed footprint,,,,42627.0,,,,,,,,,,,,,,,,,,,,,,,,,,,,,,,,,,,C,Open geospatial inventory,mapped building,https://doi.org/10.57931/3017294,https://www.openstreetmap.org,,,IM3 geospatial observation. Identity grain is preserved by Observation Level.,Insufficient evidence to establish or attach a distinct campus
im3:6d8bc0c1b93618af,im3-source:6d8bc0c1b93618af,IM3 Open Source Data Center Atlas / OpenStreetMap,Observed footprint,building,Flexential Dallas - Plano,Flexential,,,,,,TX,Collin County,,33.0070520732408,-96.66635359928334,Mapped centroid,,Observed footprint,,,,217850.0,,,,,,,,,,,,,,,,,,,,,,,,,,,,,,,,,,,C,Open geospatial inventory,mapped building,https://doi.org/10.57931/3017294,https://www.openstreetmap.org,,,IM3 geospatial observation. Identity grain is preserved by Observation Level.,Insufficient evidence to establish or attach a distinct campus
im3:6d91b519b032a958,im3-source:6d91b519b032a958,IM3 Open Source Data Center Atlas / OpenStreetMap,Observed footprint,building,Insurance Exchange Building,,,,,,,CO,Denver County,,39.74557178480439,-104.99569107436942,Mapped centroid,,Observed footprint,,,,19807.0,,,,,,,,,,,,,,,,,,,,,,,,,,,,,,,,,,,C,Open geospatial inventory,mapped building,https://doi.org/10.57931/3017294,https://www.openstreetmap.org,,,IM3 geospatial observation. Identity grain is preserved by Observation Level.,Insufficient evidence to establish or attach a distinct campus
im3:6dc02e5ce57e23cd,im3-source:6dc02e5ce57e23cd,IM3 Open Source Data Center Atlas / OpenStreetMap,Observed footprint,site_point,VIRTBIZ,,,,,,,TX,Dallas County,,32.7825463,-96.7828145,Mapped centroid,,Observed footprint,,,,,,,,,,,,,,,,,,,,,,,,,,,,,,,,,,,,,,,C,Open geospatial inventory,mapped point,https://doi.org/10.57931/3017294,https://www.openstreetmap.org,,,IM3 geospatial observation. Identity grain is preserved by Observation Level.,Insufficient evidence to establish or attach a distinct campus
im3:6dd59454943ff8e5,im3-source:6dd59454943ff8e5,IM3 Open Source Data Center Atlas / OpenStreetMap,Observed footprint,building,,,,,,,,WA,Grant County,,47.23948769580904,-119.85940592515928,Mapped centroid,,Observed footprint,,,,46835.0,,,,,,,,,,,,,,,,,,,,,,,,,,,,,,,,,,,C,Open geospatial inventory,mapped building,https://doi.org/10.57931/3017294,https://www.openstreetmap.org,,,IM3 geospatial observation. Identity grain is preserved by Observation Level.,Insufficient evidence to establish or attach a distinct campus
im3:6e3e158c68d7d43b,im3-source:6e3e158c68d7d43b,IM3 Open Source Data Center Atlas / OpenStreetMap,Observed footprint,building,VentureData,,,,,,,ID,Madison County,,43.82524323230586,-111.78209278685736,Mapped centroid,,Observed footprint,,,,18269.0,,,,,,,,,,,,,,,,,,,,,,,,,,,,,,,,,,,C,Open geospatial inventory,mapped building,https://doi.org/10.57931/3017294,https://www.openstreetmap.org,,,IM3 geospatial observation. Identity grain is preserved by Observation Level.,Insufficient evidence to establish or attach a distinct campus
im3:6e60463db6e87bc0,im3-source:6e60463db6e87bc0,IM3 Open Source Data Center Atlas / OpenStreetMap,Observed footprint,site_point,Emailage,,,,,,,AZ,Maricopa County,,33.302965,-111.8405386,Mapped centroid,,Observed footprint,,,,,,,,,,,,,,,,,,,,,,,,,,,,,,,,,,,,,,,C,Open geospatial inventory,mapped point,https://doi.org/10.57931/3017294,https://www.openstreetmap.org,,,IM3 geospatial observation. Identity grain is preserved by Observation Level.,Insufficient evidence to establish or attach a distinct campus
im3:6f0dec2eda4b442a,im3-source:6f0dec2eda4b442a,IM3 Open Source Data Center Atlas / OpenStreetMap,Observed footprint,building,Edgeconnex Data Center,EdgeConneX,,,,,,CA,Sacramento County,,38.59229735734241,-121.27743720759896,Mapped centroid,,Observed footprint,,,,29318.0,,,,,,,,,,,,,,,,,,,,,,,,,,,,,,,,,,,C,Open geospatial inventory,mapped building,https://doi.org/10.57931/3017294,https://www.openstreetmap.org,,,IM3 geospatial observation. Identity grain is preserved by Observation Level.,Insufficient evidence to establish or attach a distinct campus
im3:6f5a25bf586f2465,im3-source:6f5a25bf586f2465,IM3 Open Source Data Center Atlas / OpenStreetMap,Observed footprint,building,Intergate Seattle West Building C,Sabey,,,,,,WA,King County,,47.49413118805862,-122.29440690622027,Mapped centroid,,Observed footprint,,,,19791.0,,,,,,,,,,,,,,,,,,,,,,,,,,,,,,,,,,,C,Open geospatial inventory,mapped building,https://doi.org/10.57931/3017294,https://www.openstreetmap.org,,,IM3 geospatial observation. Identity grain is preserved by Observation Level.,Insufficient evidence to establish or attach a distinct campus
im3:6f5f7f805597a705,im3-source:6f5f7f805597a705,IM3 Open Source Data Center Atlas / OpenStreetMap,Observed footprint,building,Data Foundry - Texas 1,,,,,,,TX,Travis County,,30.198926081241627,-97.71378844188584,Mapped centroid,,Observed footprint,,,,137095.0,,,,,,,,,,,,,,,,,,,,,,,,,,,,,,,,,,,C,Open geospatial inventory,mapped building,https://doi.org/10.57931/3017294,https://www.openstreetmap.org,,,IM3 geospatial observation. Identity grain is preserved by Observation Level.,Insufficient evidence to establish or attach a distinct campus
im3:702b9756f9fca5fe,im3-source:702b9756f9fca5fe,IM3 Open Source Data Center Atlas / OpenStreetMap,Observed footprint,building,,,,,,,,WA,Grant County,,47.2476524702812,-119.81318678094024,Mapped centroid,,Observed footprint,,,,133363.0,,,,,,,,,,,,,,,,,,,,,,,,,,,,,,,,,,,C,Open geospatial inventory,mapped building,https://doi.org/10.57931/3017294,https://www.openstreetmap.org,,,IM3 geospatial observation. Identity grain is preserved by Observation Level.,Insufficient evidence to establish or attach a distinct campus
im3:703b2fdac694e211,im3-source:703b2fdac694e211,IM3 Open Source Data Center Atlas / OpenStreetMap,Observed footprint,site_point,Lumen McLean,Lumen Technologies,,,,,,VA,Fairfax County,,38.9208538,-77.2115713,Mapped centroid,,Observed footprint,,,,,,,,,,,,,,,,,,,,,,,,,,,,,,,,,,,,,,,C,Open geospatial inventory,mapped point,https://doi.org/10.57931/3017294,https://www.openstreetmap.org,,,IM3 geospatial observation. Identity grain is preserved by Observation Level.,Insufficient evidence to establish or attach a distinct campus
im3:709892dec4174186,im3-source:709892dec4174186,IM3 Open Source Data Center Atlas / OpenStreetMap,Observed footprint,building,Amazon IAD87,Amazon Web Services,,,,,,VA,Loudoun County,,38.9918136635894,-77.44116774771685,Mapped centroid,,Observed footprint,,,,147390.0,,,,,,,,,,,,,,,,,,,,,,,,,,,,,,,,,,,C,Open geospatial inventory,mapped building,https://doi.org/10.57931/3017294,https://www.openstreetmap.org,,,IM3 geospatial observation. Identity grain is preserved by Observation Level.,Insufficient evidence to establish or attach a distinct campus
im3:716979d3a4faa202,im3-source:716979d3a4faa202,IM3 Open Source Data Center Atlas / OpenStreetMap,Observed footprint,building,Amazon,Amazon Web Services,,,,,,CA,Santa Clara County,,37.38993272290664,-121.96598983183092,Mapped centroid,,Observed footprint,,,,98142.0,,,,,,,,,,,,,,,,,,,,,,,,,,,,,,,,,,,C,Open geospatial inventory,mapped building,https://doi.org/10.57931/3017294,https://www.openstreetmap.org,,,IM3 geospatial observation. Identity grain is preserved by Observation Level.,Insufficient evidence to establish or attach a distinct campus
im3:719bd5d30618db0e,im3-source:719bd5d30618db0e,IM3 Open Source Data Center Atlas / OpenStreetMap,Observed footprint,building,,,,,,,,IA,Polk County,,41.55813064314094,-93.52815685234398,Mapped centroid,,Observed footprint,,,,16920.0,,,,,,,,,,,,,,,,,,,,,,,,,,,,,,,,,,,C,Open geospatial inventory,mapped building,https://doi.org/10.57931/3017294,https://www.openstreetmap.org,,,IM3 geospatial observation. Identity grain is preserved by Observation Level.,Insufficient evidence to establish or attach a distinct campus
im3:7206ccd3752f506d,im3-source:7206ccd3752f506d,IM3 Open Source Data Center Atlas / OpenStreetMap,Observed footprint,building,Equinix Chicago CH3,Equinix,,,,,,IL,Cook County,,42.00115870901002,-87.95521312296425,Mapped centroid,,Observed footprint,,,,135800.0,,,,,,,,,,,,,,,,,,,,,,,,,,,,,,,,,,,C,Open geospatial inventory,mapped building,https://doi.org/10.57931/3017294,https://www.openstreetmap.org,,,IM3 geospatial observation. Identity grain is preserved by Observation Level.,Insufficient evidence to establish or attach a distinct campus
im3:72a5f7228b01ec29,im3-source:72a5f7228b01ec29,IM3 Open Source Data Center Atlas / OpenStreetMap,Observed footprint,building,Databank Ashburn IAD1,Databank,,,,,,VA,Loudoun County,,39.0155488004111,-77.48213787379008,Mapped centroid,,Observed footprint,,,,144740.0,,,,,,,,,,,,,,,,,,,,,,,,,,,,,,,,,,,C,Open geospatial inventory,mapped building,https://doi.org/10.57931/3017294,https://www.openstreetmap.org,,,IM3 geospatial observation. Identity grain is preserved by Observation Level.,Insufficient evidence to establish or attach a distinct campus
im3:72abb32707f68035,im3-source:72abb32707f68035,IM3 Open Source Data Center Atlas / OpenStreetMap,Observed footprint,site_point,Lumen Madison 1 Data Center,Lumen Technologies,,,,,,WI,Dane County,,43.0677161,-89.3922794,Mapped centroid,,Observed footprint,,,,,,,,,,,,,,,,,,,,,,,,,,,,,,,,,,,,,,,C,Open geospatial inventory,mapped point,https://doi.org/10.57931/3017294,https://www.openstreetmap.org,,,IM3 geospatial observation. Identity grain is preserved by Observation Level.,Insufficient evidence to establish or attach a distinct campus
im3:72cd405fdbaafb26,im3-source:72cd405fdbaafb26,IM3 Open Source Data Center Atlas / OpenStreetMap,Observed footprint,site_point,Flexential Salt Lake City - Lindon,Flexential,,,,,,UT,Utah County,,40.332648,-111.7278754,Mapped centroid,,Observed footprint,,,,,,,,,,,,,,,,,,,,,,,,,,,,,,,,,,,,,,,C,Open geospatial inventory,mapped point,https://doi.org/10.57931/3017294,https://www.openstreetmap.org,,,IM3 geospatial observation. Identity grain is preserved by Observation Level.,Insufficient evidence to establish or attach a distinct campus
im3:72f48695b58fc47f,im3-source:72f48695b58fc47f,IM3 Open Source Data Center Atlas / OpenStreetMap,Observed footprint,building,NTT Ashburn VA1 Data Center,NTT,,,,,,VA,Loudoun County,,39.02276446224665,-77.45486922912973,Mapped centroid,,Observed footprint,,,,138507.0,,,,,,,,,,,,,,,,,,,,,,,,,,,,,,,,,,,C,Open geospatial inventory,mapped building,https://doi.org/10.57931/3017294,https://www.openstreetmap.org,,,IM3 geospatial observation. Identity grain is preserved by Observation Level.,Insufficient evidence to establish or attach a distinct campus
im3:73193297788b302a,im3-source:73193297788b302a,IM3 Open Source Data Center Atlas / OpenStreetMap,Observed footprint,building,,,,,,,,VA,Loudoun County,,39.06601532367824,-77.55856949293646,Mapped centroid,,Observed footprint,,,,153155.0,,,,,,,,,,,,,,,,,,,,,,,,,,,,,,,,,,,C,Open geospatial inventory,mapped building,https://doi.org/10.57931/3017294,https://www.openstreetmap.org,,,IM3 geospatial observation. Identity grain is preserved by Observation Level.,Insufficient evidence to establish or attach a distinct campus
im3:735453cc802f80ac,im3-source:735453cc802f80ac,IM3 Open Source Data Center Atlas / OpenStreetMap,Observed footprint,building,Amazon IAD79,Amazon Web Services,,,,,,VA,Loudoun County,,39.0263573753995,-77.45087034741265,Mapped centroid,,Observed footprint,,,,148678.0,,,,,,,,,,,,,,,,,,,,,,,,,,,,,,,,,,,C,Open geospatial inventory,mapped building,https://doi.org/10.57931/3017294,https://www.openstreetmap.org,,,IM3 geospatial observation. Identity grain is preserved by Observation Level.,Insufficient evidence to establish or attach a distinct campus
im3:73649086a65d5ee6,im3-source:73649086a65d5ee6,IM3 Open Source Data Center Atlas / OpenStreetMap,Observed footprint,building,Data Foundry - Texas 2,,,,,,,TX,Travis County,,30.199588136646035,-97.71307641854676,Mapped centroid,,Observed footprint,,,,104857.0,,,,,,,,,,,,,,,,,,,,,,,,,,,,,,,,,,,C,Open geospatial inventory,mapped building,https://doi.org/10.57931/3017294,https://www.openstreetmap.org,,,IM3 geospatial observation. Identity grain is preserved by Observation Level.,Insufficient evidence to establish or attach a distinct campus
im3:73753e8db43506a9,im3-source:73753e8db43506a9,IM3 Open Source Data Center Atlas / OpenStreetMap,Observed footprint,building,Flexential Portland - Hillsboro 4 Expansion,Flexential,,,,,,OR,Washington County,,45.555390624476686,-122.94108717506808,Mapped centroid,,Observed footprint,,,,20041.0,,,,,,,,,,,,,,,,,,,,,,,,,,,,,,,,,,,C,Open geospatial inventory,mapped building,https://doi.org/10.57931/3017294,https://www.openstreetmap.org,,,IM3 geospatial observation. Identity grain is preserved by Observation Level.,Insufficient evidence to establish or attach a distinct campus
im3:737cc126d5d04ed6,im3-source:737cc126d5d04ed6,IM3 Open Source Data Center Atlas / OpenStreetMap,Observed footprint,building,OVH US East Vint Hill,,,,,,,VA,Fauquier County,,38.747444697496626,-77.674453774668,Mapped centroid,,Observed footprint,,,,85783.0,,,,,,,,,,,,,,,,,,,,,,,,,,,,,,,,,,,C,Open geospatial inventory,mapped building,https://doi.org/10.57931/3017294,https://www.openstreetmap.org,,,IM3 geospatial observation. Identity grain is preserved by Observation Level.,Insufficient evidence to establish or attach a distinct campus
im3:738134be1db2dda2,im3-source:738134be1db2dda2,IM3 Open Source Data Center Atlas / OpenStreetMap,Observed footprint,building,,,,,,,,VA,Loudoun County,,39.05060777353415,-77.54002589925443,Mapped centroid,,Observed footprint,,,,140157.0,,,,,,,,,,,,,,,,,,,,,,,,,,,,,,,,,,,C,Open geospatial inventory,mapped building,https://doi.org/10.57931/3017294,https://www.openstreetmap.org,,,IM3 geospatial observation. Identity grain is preserved by Observation Level.,Insufficient evidence to establish or attach a distinct campus
im3:746eaf3948bd97ef,im3-source:746eaf3948bd97ef,IM3 Open Source Data Center Atlas / OpenStreetMap,Observed footprint,building,Amazon PDX92,Amazon Web Services,,,,,,OR,Morrow County,,45.837540230429845,-119.69312909155818,Mapped centroid,,Observed footprint,,,,211026.0,,,,,,,,,,,,,,,,,,,,,,,,,,,,,,,,,,,C,Open geospatial inventory,mapped building,https://doi.org/10.57931/3017294,https://www.openstreetmap.org,,,IM3 geospatial observation. Identity grain is preserved by Observation Level.,Insufficient evidence to establish or attach a distinct campus
im3:74d49b06afe41080,im3-source:74d49b06afe41080,IM3 Open Source Data Center Atlas / OpenStreetMap,Observed footprint,building,CoreSpace Dallas,CoreSpace,,,,,,TX,Dallas County,,32.81755909168842,-96.87306493017611,Mapped centroid,,Observed footprint,,,,31626.0,,,,,,,,,,,,,,,,,,,,,,,,,,,,,,,,,,,C,Open geospatial inventory,mapped building,https://doi.org/10.57931/3017294,https://www.openstreetmap.org,,,IM3 geospatial observation. Identity grain is preserved by Observation Level.,Insufficient evidence to establish or attach a distinct campus
im3:751d5aefa0029486,im3-source:751d5aefa0029486,IM3 Open Source Data Center Atlas / OpenStreetMap,Observed footprint,building,CyrusOne Cincinnati-Lebanon,,,,,,,OH,Warren County,,39.389018743304874,-84.22187533046083,Mapped centroid,,Observed footprint,,,,198403.0,,,,,,,,,,,,,,,,,,,,,,,,,,,,,,,,,,,C,Open geospatial inventory,mapped building,https://doi.org/10.57931/3017294,https://www.openstreetmap.org,,,IM3 geospatial observation. Identity grain is preserved by Observation Level.,Insufficient evidence to establish or attach a distinct campus
im3:7526e56286eeb259,im3-source:7526e56286eeb259,IM3 Open Source Data Center Atlas / OpenStreetMap,Observed footprint,building,,CenturyLink,,,,,,NM,Doña Ana County,,32.30965547570149,-106.72917107196324,Mapped centroid,,Observed footprint,,,,31837.0,,,,,,,,,,,,,,,,,,,,,,,,,,,,,,,,,,,C,Open geospatial inventory,mapped building,https://doi.org/10.57931/3017294,https://www.openstreetmap.org,,,IM3 geospatial observation. Identity grain is preserved by Observation Level.,Insufficient evidence to establish or attach a distinct campus
im3:7558db393137c103,im3-source:7558db393137c103,IM3 Open Source Data Center Atlas / OpenStreetMap,Observed footprint,building,TierPoint,,,,,,,MO,St. Louis city,,38.629761007422985,-90.19642026723602,Mapped centroid,,Observed footprint,,,,24039.0,,,,,,,,,,,,,,,,,,,,,,,,,,,,,,,,,,,C,Open geospatial inventory,mapped building,https://doi.org/10.57931/3017294,https://www.openstreetmap.org,,,IM3 geospatial observation. Identity grain is preserved by Observation Level.,Insufficient evidence to establish or attach a distinct campus
im3:7634e0786cb9c804,im3-source:7634e0786cb9c804,IM3 Open Source Data Center Atlas / OpenStreetMap,Observed footprint,building,Digital Crossroad,Digital Crossroad,,,,,,IN,Lake County,,41.70741845048315,-87.52019308236501,Mapped centroid,,Observed footprint,,,,116014.0,,,,,,,,,,,,,,,,,,,,,,,,,,,,,,,,,,,C,Open geospatial inventory,mapped building,https://doi.org/10.57931/3017294,https://www.openstreetmap.org,,,IM3 geospatial observation. Identity grain is preserved by Observation Level.,Insufficient evidence to establish or attach a distinct campus
im3:76d0437b3cbf2076,im3-source:76d0437b3cbf2076,IM3 Open Source Data Center Atlas / OpenStreetMap,Observed footprint,building,,,,,,,,IA,Polk County,,41.514853050000035,-93.72088560000002,Mapped centroid,,Observed footprint,,,,263944.0,,,,,,,,,,,,,,,,,,,,,,,,,,,,,,,,,,,C,Open geospatial inventory,mapped building,https://doi.org/10.57931/3017294,https://www.openstreetmap.org,,,IM3 geospatial observation. Identity grain is preserved by Observation Level.,Insufficient evidence to establish or attach a distinct campus
im3:76ed19eb97db8f33,im3-source:76ed19eb97db8f33,IM3 Open Source Data Center Atlas / OpenStreetMap,Observed footprint,building,,Involta,,,,,,WI,Calumet County,,44.20445478558088,-88.34487612493405,Mapped centroid,,Observed footprint,,,,60180.0,,,,,,,,,,,,,,,,,,,,,,,,,,,,,,,,,,,C,Open geospatial inventory,mapped building,https://doi.org/10.57931/3017294,https://www.openstreetmap.org,,,IM3 geospatial observation. Identity grain is preserved by Observation Level.,Insufficient evidence to establish or attach a distinct campus
im3:76f351f22518acb3,im3-source:76f351f22518acb3,IM3 Open Source Data Center Atlas / OpenStreetMap,Observed footprint,building,NAP of the Americas,,,,,,,FL,Miami-Dade County,,25.78237897536701,-80.19307541176168,Mapped centroid,,Observed footprint,,,,122625.0,,,,,,,,,,,,,,,,,,,,,,,,,,,,,,,,,,,C,Open geospatial inventory,mapped building,https://doi.org/10.57931/3017294,https://www.openstreetmap.org,,,IM3 geospatial observation. Identity grain is preserved by Observation Level.,Insufficient evidence to establish or attach a distinct campus
im3:7772e840027e3ef0,im3-source:7772e840027e3ef0,IM3 Open Source Data Center Atlas / OpenStreetMap,Observed footprint,building,Genome Data Center,Washington University in St. Louis,,,,,,MO,St. Louis city,,38.636568827853,-90.25539339000368,Mapped centroid,,Observed footprint,,,,24519.0,,,,,,,,,,,,,,,,,,,,,,,,,,,,,,,,,,,C,Open geospatial inventory,mapped building,https://doi.org/10.57931/3017294,https://www.openstreetmap.org,,,IM3 geospatial observation. Identity grain is preserved by Observation Level.,Insufficient evidence to establish or attach a distinct campus
im3:77730a0cd4d8c00f,im3-source:77730a0cd4d8c00f,IM3 Open Source Data Center Atlas / OpenStreetMap,Observed footprint,site_point,Fiberhub LAS1,Fiberhub,,,,,,NV,Clark County,,36.065940500000025,-115.1398835,Mapped centroid,,Observed footprint,,,,,,,,,,,,,,,,,,,,,,,,,,,,,,,,,,,,,,,C,Open geospatial inventory,mapped point,https://doi.org/10.57931/3017294,https://www.openstreetmap.org,,,IM3 geospatial observation. Identity grain is preserved by Observation Level.,Insufficient evidence to establish or attach a distinct campus
im3:77f0a6d6d188b188,im3-source:77f0a6d6d188b188,IM3 Open Source Data Center Atlas / OpenStreetMap,Observed footprint,building,,,,,,,,MN,Dakota County,,44.734758940871814,-93.06186047500336,Mapped centroid,,Observed footprint,,,,328419.0,,,,,,,,,,,,,,,,,,,,,,,,,,,,,,,,,,,C,Open geospatial inventory,mapped building,https://doi.org/10.57931/3017294,https://www.openstreetmap.org,,,IM3 geospatial observation. Identity grain is preserved by Observation Level.,Insufficient evidence to establish or attach a distinct campus
im3:78154ae8ff57d954,im3-source:78154ae8ff57d954,IM3 Open Source Data Center Atlas / OpenStreetMap,Observed footprint,building,CoreSite NY3,CoreSite,,,,,,NJ,Hudson County,,40.784903829282456,-74.0653572574962,Mapped centroid,,Observed footprint,,,,39679.0,,,,,,,,,,,,,,,,,,,,,,,,,,,,,,,,,,,C,Open geospatial inventory,mapped building,https://doi.org/10.57931/3017294,https://www.openstreetmap.org,,,IM3 geospatial observation. Identity grain is preserved by Observation Level.,Insufficient evidence to establish or attach a distinct campus
im3:785a218d882648de,im3-source:785a218d882648de,IM3 Open Source Data Center Atlas / OpenStreetMap,Observed footprint,building,EdgeConneX San Diego,EdgeConneX,,,,,,CA,San Diego County,,32.84230866175551,-117.16934498916471,Mapped centroid,,Observed footprint,,,,39204.0,,,,,,,,,,,,,,,,,,,,,,,,,,,,,,,,,,,C,Open geospatial inventory,mapped building,https://doi.org/10.57931/3017294,https://www.openstreetmap.org,,,IM3 geospatial observation. Identity grain is preserved by Observation Level.,Insufficient evidence to establish or attach a distinct campus
im3:795e3ea3d902638e,im3-source:795e3ea3d902638e,IM3 Open Source Data Center Atlas / OpenStreetMap,Observed footprint,building,,,,,,,,VA,Fauquier County,,38.73822200639397,-77.82580619052013,Mapped centroid,,Observed footprint,,,,107125.0,,,,,,,,,,,,,,,,,,,,,,,,,,,,,,,,,,,C,Open geospatial inventory,mapped building,https://doi.org/10.57931/3017294,https://www.openstreetmap.org,,,IM3 geospatial observation. Identity grain is preserved by Observation Level.,Insufficient evidence to establish or attach a distinct campus
im3:79cc1cefe00f8390,im3-source:79cc1cefe00f8390,IM3 Open Source Data Center Atlas / OpenStreetMap,Observed footprint,site_point,Chick-fil-A Hiring Center,Dennis Sampier,,,,,,MI,Macomb County,,42.62794240000004,-82.98839390000002,Mapped centroid,,Observed footprint,,,,,,,,,,,,,,,,,,,,,,,,,,,,,,,,,,,,,,,C,Open geospatial inventory,mapped point,https://doi.org/10.57931/3017294,https://www.openstreetmap.org,,,IM3 geospatial observation. Identity grain is preserved by Observation Level.,Insufficient evidence to establish or attach a distinct campus
im3:79e3ca134489cf99,im3-source:79e3ca134489cf99,IM3 Open Source Data Center Atlas / OpenStreetMap,Observed footprint,building,Strategic Datasphere,,,,,,,GA,Fulton County,,34.094797397146834,-84.23569669805588,Mapped centroid,,Observed footprint,,,,127487.0,,,,,,,,,,,,,,,,,,,,,,,,,,,,,,,,,,,C,Open geospatial inventory,mapped building,https://doi.org/10.57931/3017294,https://www.openstreetmap.org,,,IM3 geospatial observation. Identity grain is preserved by Observation Level.,Insufficient evidence to establish or attach a distinct campus
im3:7a4f8d6b43f7887e,im3-source:7a4f8d6b43f7887e,IM3 Open Source Data Center Atlas / OpenStreetMap,Observed footprint,building,,,,,,,,TN,Davidson County,,36.032681338002526,-86.63779793670544,Mapped centroid,,Observed footprint,,,,93318.0,,,,,,,,,,,,,,,,,,,,,,,,,,,,,,,,,,,C,Open geospatial inventory,mapped building,https://doi.org/10.57931/3017294,https://www.openstreetmap.org,,,IM3 geospatial observation. Identity grain is preserved by Observation Level.,Insufficient evidence to establish or attach a distinct campus
im3:7aac2d87b9c89f3a,im3-source:7aac2d87b9c89f3a,IM3 Open Source Data Center Atlas / OpenStreetMap,Observed footprint,building,,,,,,,,NJ,Hudson County,,40.78413403681625,-74.06556020038434,Mapped centroid,,Observed footprint,,,,150951.0,,,,,,,,,,,,,,,,,,,,,,,,,,,,,,,,,,,C,Open geospatial inventory,mapped building,https://doi.org/10.57931/3017294,https://www.openstreetmap.org,,,IM3 geospatial observation. Identity grain is preserved by Observation Level.,Insufficient evidence to establish or attach a distinct campus
im3:7aff4bb4b218f843,im3-source:7aff4bb4b218f843,IM3 Open Source Data Center Atlas / OpenStreetMap,Observed footprint,building,Comcast,Comcast,,,,,,MI,Wayne County,,42.213902,-83.198214,Mapped centroid,,Observed footprint,,,,953.0,,,,,,,,,,,,,,,,,,,,,,,,,,,,,,,,,,,C,Open geospatial inventory,mapped building,https://doi.org/10.57931/3017294,https://www.openstreetmap.org,,,IM3 geospatial observation. Identity grain is preserved by Observation Level.,Insufficient evidence to establish or attach a distinct campus
im3:7b1ccd547558dc84,im3-source:7b1ccd547558dc84,IM3 Open Source Data Center Atlas / OpenStreetMap,Observed footprint,site_point,NTT Ashburn VA7 Data Center,NTT,,,,,,VA,Loudoun County,,39.01601419999996,-77.471954,Mapped centroid,,Observed footprint,,,,,,,,,,,,,,,,,,,,,,,,,,,,,,,,,,,,,,,C,Open geospatial inventory,mapped point,https://doi.org/10.57931/3017294,https://www.openstreetmap.org,,,IM3 geospatial observation. Identity grain is preserved by Observation Level.,Insufficient evidence to establish or attach a distinct campus
im3:7bb1d07ff4013ab5,im3-source:7bb1d07ff4013ab5,IM3 Open Source Data Center Atlas / OpenStreetMap,Observed footprint,building,Pittock Block,,,,,,,OR,Multnomah County,,45.521543581993306,-122.68070403592417,Mapped centroid,,Observed footprint,,,,41556.0,,,,,,,,,,,,,,,,,,,,,,,,,,,,,,,,,,,C,Open geospatial inventory,mapped building,https://doi.org/10.57931/3017294,https://www.openstreetmap.org,,,IM3 geospatial observation. Identity grain is preserved by Observation Level.,Insufficient evidence to establish or attach a distinct campus
im3:7c3b24c6c0a71a44,im3-source:7c3b24c6c0a71a44,IM3 Open Source Data Center Atlas / OpenStreetMap,Observed footprint,building,NTT Ashburn VA2 Data Center,NTT,,,,,,VA,Loudoun County,,39.0250103239698,-77.45763923308758,Mapped centroid,,Observed footprint,,,,74197.0,,,,,,,,,,,,,,,,,,,,,,,,,,,,,,,,,,,C,Open geospatial inventory,mapped building,https://doi.org/10.57931/3017294,https://www.openstreetmap.org,,,IM3 geospatial observation. Identity grain is preserved by Observation Level.,Insufficient evidence to establish or attach a distinct campus
im3:7c78c54fa11ed8fb,im3-source:7c78c54fa11ed8fb,IM3 Open Source Data Center Atlas / OpenStreetMap,Observed footprint,building,DataBank,,,,,,,MN,Hennepin County,,45.1437113703307,-93.38712828956768,Mapped centroid,,Observed footprint,,,,114648.0,,,,,,,,,,,,,,,,,,,,,,,,,,,,,,,,,,,C,Open geospatial inventory,mapped building,https://doi.org/10.57931/3017294,https://www.openstreetmap.org,,,IM3 geospatial observation. Identity grain is preserved by Observation Level.,Insufficient evidence to establish or attach a distinct campus
im3:7ccdf00135266cff,im3-source:7ccdf00135266cff,IM3 Open Source Data Center Atlas / OpenStreetMap,Observed footprint,site_point,Switch Tahoe Reno - The Citadel Campus,Switch,,,,,,NV,Storey County,,39.51409629999995,-119.4795921,Mapped centroid,,Observed footprint,,,,,,,,,,,,,,,,,,,,,,,,,,,,,,,,,,,,,,,C,Open geospatial inventory,mapped point,https://doi.org/10.57931/3017294,https://www.openstreetmap.org,,,IM3 geospatial observation. Identity grain is preserved by Observation Level.,Insufficient evidence to establish or attach a distinct campus
im3:7ce827b62cb20ced,im3-source:7ce827b62cb20ced,IM3 Open Source Data Center Atlas / OpenStreetMap,Observed footprint,building,LightEdge Austin I,,,,,,,TX,Travis County,,30.214297150437137,-97.71266756627207,Mapped centroid,,Observed footprint,,,,30876.0,,,,,,,,,,,,,,,,,,,,,,,,,,,,,,,,,,,C,Open geospatial inventory,mapped building,https://doi.org/10.57931/3017294,https://www.openstreetmap.org,,,IM3 geospatial observation. Identity grain is preserved by Observation Level.,Insufficient evidence to establish or attach a distinct campus
im3:7cf3856963d48247,im3-source:7cf3856963d48247,IM3 Open Source Data Center Atlas / OpenStreetMap,Observed footprint,building,,,,,,,,OR,Umatilla County,,45.9158356,-119.26711215000002,Mapped centroid,,Observed footprint,,,,2605.0,,,,,,,,,,,,,,,,,,,,,,,,,,,,,,,,,,,C,Open geospatial inventory,mapped building,https://doi.org/10.57931/3017294,https://www.openstreetmap.org,,,IM3 geospatial observation. Identity grain is preserved by Observation Level.,Insufficient evidence to establish or attach a distinct campus
im3:7d38ea45ae34d374,im3-source:7d38ea45ae34d374,IM3 Open Source Data Center Atlas / OpenStreetMap,Observed footprint,building,Dell 350 Holger Way,,,,,,,CA,Santa Clara County,,37.418407037231546,-121.94308461788358,Mapped centroid,,Observed footprint,,,,45282.0,,,,,,,,,,,,,,,,,,,,,,,,,,,,,,,,,,,C,Open geospatial inventory,mapped building,https://doi.org/10.57931/3017294,https://www.openstreetmap.org,,,IM3 geospatial observation. Identity grain is preserved by Observation Level.,Insufficient evidence to establish or attach a distinct campus
im3:7d6bcad350737c4f,im3-source:7d6bcad350737c4f,IM3 Open Source Data Center Atlas / OpenStreetMap,Observed footprint,building,Hurricane Electric Fremont 2,Hurricane Electric,,,,,,CA,Alameda County,,37.47182723936144,-121.92031059840468,Mapped centroid,,Observed footprint,,,,181268.0,,,,,,,,,,,,,,,,,,,,,,,,,,,,,,,,,,,C,Open geospatial inventory,mapped building,https://doi.org/10.57931/3017294,https://www.openstreetmap.org,,,IM3 geospatial observation. Identity grain is preserved by Observation Level.,Insufficient evidence to establish or attach a distinct campus
im3:7d8068f8b95cfded,im3-source:7d8068f8b95cfded,IM3 Open Source Data Center Atlas / OpenStreetMap,Observed footprint,site_point,West Monroe,,,,,,,IL,Cook County,,41.8805271,-87.6359383,Mapped centroid,,Observed footprint,,,,,,,,,,,,,,,,,,,,,,,,,,,,,,,,,,,,,,,C,Open geospatial inventory,mapped point,https://doi.org/10.57931/3017294,https://www.openstreetmap.org,,,IM3 geospatial observation. Identity grain is preserved by Observation Level.,Insufficient evidence to establish or attach a distinct campus
im3:7dc7baa9ab72af9f,im3-source:7dc7baa9ab72af9f,IM3 Open Source Data Center Atlas / OpenStreetMap,Observed footprint,building,,,,,,,,OR,Crook County,,44.29588335462519,-120.88726146164436,Mapped centroid,,Observed footprint,,,,269642.0,,,,,,,,,,,,,,,,,,,,,,,,,,,,,,,,,,,C,Open geospatial inventory,mapped building,https://doi.org/10.57931/3017294,https://www.openstreetmap.org,,,IM3 geospatial observation. Identity grain is preserved by Observation Level.,Insufficient evidence to establish or attach a distinct campus
im3:7df075ee87d8b2fb,im3-source:7df075ee87d8b2fb,IM3 Open Source Data Center Atlas / OpenStreetMap,Observed footprint,building,Amazon IAD125,Amazon Web Services,,,,,,VA,Loudoun County,,38.94808953983555,-77.56054491973867,Mapped centroid,,Observed footprint,,,,104431.0,,,,,,,,,,,,,,,,,,,,,,,,,,,,,,,,,,,C,Open geospatial inventory,mapped building,https://doi.org/10.57931/3017294,https://www.openstreetmap.org,,,IM3 geospatial observation. Identity grain is preserved by Observation Level.,Insufficient evidence to establish or attach a distinct campus
im3:7e23d02a8906bf5c,im3-source:7e23d02a8906bf5c,IM3 Open Source Data Center Atlas / OpenStreetMap,Observed footprint,site_point,Rack59 Data Center,,,,,,,OK,Oklahoma County,,35.4672049,-97.6497453,Mapped centroid,,Observed footprint,,,,,,,,,,,,,,,,,,,,,,,,,,,,,,,,,,,,,,,C,Open geospatial inventory,mapped point,https://doi.org/10.57931/3017294,https://www.openstreetmap.org,,,IM3 geospatial observation. Identity grain is preserved by Observation Level.,Insufficient evidence to establish or attach a distinct campus
im3:7e5bf2359aff2bf5,im3-source:7e5bf2359aff2bf5,IM3 Open Source Data Center Atlas / OpenStreetMap,Observed footprint,site_point,J-Curve Technologies,,,,,,,AZ,Maricopa County,,33.413185599999956,-111.9711539,Mapped centroid,,Observed footprint,,,,,,,,,,,,,,,,,,,,,,,,,,,,,,,,,,,,,,,C,Open geospatial inventory,mapped point,https://doi.org/10.57931/3017294,https://www.openstreetmap.org,,,IM3 geospatial observation. Identity grain is preserved by Observation Level.,Insufficient evidence to establish or attach a distinct campus
im3:7ed3e24a9074cf45,im3-source:7ed3e24a9074cf45,IM3 Open Source Data Center Atlas / OpenStreetMap,Observed footprint,building,CenturyLink,CenturyLink,,,,,,OR,Marion County,,44.93802973651106,-123.03368547781264,Mapped centroid,,Observed footprint,,,,24529.0,,,,,,,,,,,,,,,,,,,,,,,,,,,,,,,,,,,C,Open geospatial inventory,mapped building,https://doi.org/10.57931/3017294,https://www.openstreetmap.org,,,IM3 geospatial observation. Identity grain is preserved by Observation Level.,Insufficient evidence to establish or attach a distinct campus
im3:7ed5546b3da6feac,im3-source:7ed5546b3da6feac,IM3 Open Source Data Center Atlas / OpenStreetMap,Observed footprint,building,Equinix SV15,Equinix,,,,,,CA,Santa Clara County,,37.37549515,-121.9884063,Mapped centroid,,Observed footprint,,,,38211.0,,,,,,,,,,,,,,,,,,,,,,,,,,,,,,,,,,,C,Open geospatial inventory,mapped building,https://doi.org/10.57931/3017294,https://www.openstreetmap.org,,,IM3 geospatial observation. Identity grain is preserved by Observation Level.,Insufficient evidence to establish or attach a distinct campus
im3:7f573510dcef4e9d,im3-source:7f573510dcef4e9d,IM3 Open Source Data Center Atlas / OpenStreetMap,Observed footprint,building,Amazon IAD10,Amazon Web Services,,,,,,VA,Loudoun County,,39.02164555421083,-77.43287558094706,Mapped centroid,,Observed footprint,,,,112726.0,,,,,,,,,,,,,,,,,,,,,,,,,,,,,,,,,,,C,Open geospatial inventory,mapped building,https://doi.org/10.57931/3017294,https://www.openstreetmap.org,,,IM3 geospatial observation. Identity grain is preserved by Observation Level.,Insufficient evidence to establish or attach a distinct campus
im3:7f6c3b2b29b0ce6d,im3-source:7f6c3b2b29b0ce6d,IM3 Open Source Data Center Atlas / OpenStreetMap,Observed footprint,building,,,,,,,,TX,Angelina County,,31.194175661247847,-94.79677175629334,Mapped centroid,,Observed footprint,,,,12987.0,,,,,,,,,,,,,,,,,,,,,,,,,,,,,,,,,,,C,Open geospatial inventory,mapped building,https://doi.org/10.57931/3017294,https://www.openstreetmap.org,,,IM3 geospatial observation. Identity grain is preserved by Observation Level.,Insufficient evidence to establish or attach a distinct campus
im3:7f8327982130608b,im3-source:7f8327982130608b,IM3 Open Source Data Center Atlas / OpenStreetMap,Observed footprint,building,Amazon IAD52,Amazon Web Services,,,,,,VA,Prince William County,,38.79106881609314,-77.54837196293359,Mapped centroid,,Observed footprint,,,,126699.0,,,,,,,,,,,,,,,,,,,,,,,,,,,,,,,,,,,C,Open geospatial inventory,mapped building,https://doi.org/10.57931/3017294,https://www.openstreetmap.org,,,IM3 geospatial observation. Identity grain is preserved by Observation Level.,Insufficient evidence to establish or attach a distinct campus
im3:7fa1a63dd02b8125,im3-source:7fa1a63dd02b8125,IM3 Open Source Data Center Atlas / OpenStreetMap,Observed footprint,building,H5 Data Center,,,,,,,OH,Cuyahoga County,,41.50635749045568,-81.68359847306836,Mapped centroid,,Observed footprint,,,,71439.0,,,,,,,,,,,,,,,,,,,,,,,,,,,,,,,,,,,C,Open geospatial inventory,mapped building,https://doi.org/10.57931/3017294,https://www.openstreetmap.org,,,IM3 geospatial observation. Identity grain is preserved by Observation Level.,Insufficient evidence to establish or attach a distinct campus
im3:7fec58d2b2ad1670,im3-source:7fec58d2b2ad1670,IM3 Open Source Data Center Atlas / OpenStreetMap,Observed footprint,building,OpenColo,,,,,,,CA,Santa Clara County,,37.37881629219563,-121.9559372517348,Mapped centroid,,Observed footprint,,,,65471.0,,,,,,,,,,,,,,,,,,,,,,,,,,,,,,,,,,,C,Open geospatial inventory,mapped building,https://doi.org/10.57931/3017294,https://www.openstreetmap.org,,,IM3 geospatial observation. Identity grain is preserved by Observation Level.,Insufficient evidence to establish or attach a distinct campus
im3:807c068b8e43c106,im3-source:807c068b8e43c106,IM3 Open Source Data Center Atlas / OpenStreetMap,Observed footprint,building,Stream Data Centers,,,,,,,TX,Dallas County,,32.983668150898495,-96.65427329386148,Mapped centroid,,Observed footprint,,,,280635.0,,,,,,,,,,,,,,,,,,,,,,,,,,,,,,,,,,,C,Open geospatial inventory,mapped building,https://doi.org/10.57931/3017294,https://www.openstreetmap.org,,,IM3 geospatial observation. Identity grain is preserved by Observation Level.,Insufficient evidence to establish or attach a distinct campus
im3:80948a88c0e58043,im3-source:80948a88c0e58043,IM3 Open Source Data Center Atlas / OpenStreetMap,Observed footprint,building,Goldman Sachs,,,,,,,NJ,Somerset County,,40.5703722,-74.67032959999999,Mapped centroid,,Observed footprint,,,,276729.0,,,,,,,,,,,,,,,,,,,,,,,,,,,,,,,,,,,C,Open geospatial inventory,mapped building,https://doi.org/10.57931/3017294,https://www.openstreetmap.org,,,IM3 geospatial observation. Identity grain is preserved by Observation Level.,Insufficient evidence to establish or attach a distinct campus
im3:80989375dfe18c2c,im3-source:80989375dfe18c2c,IM3 Open Source Data Center Atlas / OpenStreetMap,Observed footprint,building,Cologix Jacksonville JAX1,,,,,,,FL,Duval County,,30.331429817798355,-81.6624256703152,Mapped centroid,,Observed footprint,,,,30201.0,,,,,,,,,,,,,,,,,,,,,,,,,,,,,,,,,,,C,Open geospatial inventory,mapped building,https://doi.org/10.57931/3017294,https://www.openstreetmap.org,,,IM3 geospatial observation. Identity grain is preserved by Observation Level.,Insufficient evidence to establish or attach a distinct campus
im3:80ad75208ca3c6e0,im3-source:80ad75208ca3c6e0,IM3 Open Source Data Center Atlas / OpenStreetMap,Observed footprint,building,Dakota Carrier Network,,,,,,,ND,Cass County,,46.815096871160755,-96.84432644133295,Mapped centroid,,Observed footprint,,,,25931.0,,,,,,,,,,,,,,,,,,,,,,,,,,,,,,,,,,,C,Open geospatial inventory,mapped building,https://doi.org/10.57931/3017294,https://www.openstreetmap.org,,,IM3 geospatial observation. Identity grain is preserved by Observation Level.,Insufficient evidence to establish or attach a distinct campus
im3:80f60f9377f8c4a9,im3-source:80f60f9377f8c4a9,IM3 Open Source Data Center Atlas / OpenStreetMap,Observed footprint,building,,,,,,,,NV,Washoe County,,39.56575834999998,-119.5479741,Mapped centroid,,Observed footprint,,,,90711.0,,,,,,,,,,,,,,,,,,,,,,,,,,,,,,,,,,,C,Open geospatial inventory,mapped building,https://doi.org/10.57931/3017294,https://www.openstreetmap.org,,,IM3 geospatial observation. Identity grain is preserved by Observation Level.,Insufficient evidence to establish or attach a distinct campus
im3:80fb19dd2e1fccbc,im3-source:80fb19dd2e1fccbc,IM3 Open Source Data Center Atlas / OpenStreetMap,Observed footprint,building,Flexential Denver - Englewood,Flexential,,,,,,CO,Douglas County,,39.558970872617735,-104.8375534364229,Mapped centroid,,Observed footprint,,,,198772.0,,,,,,,,,,,,,,,,,,,,,,,,,,,,,,,,,,,C,Open geospatial inventory,mapped building,https://doi.org/10.57931/3017294,https://www.openstreetmap.org,,,IM3 geospatial observation. Identity grain is preserved by Observation Level.,Insufficient evidence to establish or attach a distinct campus
im3:812808cd4e90f1dd,im3-source:812808cd4e90f1dd,IM3 Open Source Data Center Atlas / OpenStreetMap,Observed footprint,building,CyrusOne PHX1,CyrusOne,,,,,,AZ,Maricopa County,,33.27085532661199,-111.881911529632,Mapped centroid,,Observed footprint,,,,137355.0,,,,,,,,,,,,,,,,,,,,,,,,,,,,,,,,,,,C,Open geospatial inventory,mapped building,https://doi.org/10.57931/3017294,https://www.openstreetmap.org,,,IM3 geospatial observation. Identity grain is preserved by Observation Level.,Insufficient evidence to establish or attach a distinct campus
im3:82933784d232ce3a,im3-source:82933784d232ce3a,IM3 Open Source Data Center Atlas / OpenStreetMap,Observed footprint,building,Netrality Data Centers,,,,,,,MO,St. Louis city,,38.629261583814454,-90.19717483469692,Mapped centroid,,Observed footprint,,,,23093.0,,,,,,,,,,,,,,,,,,,,,,,,,,,,,,,,,,,C,Open geospatial inventory,mapped building,https://doi.org/10.57931/3017294,https://www.openstreetmap.org,,,IM3 geospatial observation. Identity grain is preserved by Observation Level.,Insufficient evidence to establish or attach a distinct campus
im3:82cfbcd84e598683,im3-source:82cfbcd84e598683,IM3 Open Source Data Center Atlas / OpenStreetMap,Observed footprint,site_point,Level 3 Communications,,,,,,,NC,Durham County,,35.881364,-78.8515726,Mapped centroid,,Observed footprint,,,,,,,,,,,,,,,,,,,,,,,,,,,,,,,,,,,,,,,C,Open geospatial inventory,mapped point,https://doi.org/10.57931/3017294,https://www.openstreetmap.org,,,IM3 geospatial observation. Identity grain is preserved by Observation Level.,Insufficient evidence to establish or attach a distinct campus
im3:82d37c95d505f91c,im3-source:82d37c95d505f91c,IM3 Open Source Data Center Atlas / OpenStreetMap,Observed footprint,building,Intergate Seattle East Building 2,,,,,,,WA,King County,,47.4950309,-122.29056965000002,Mapped centroid,,Observed footprint,,,,107319.0,,,,,,,,,,,,,,,,,,,,,,,,,,,,,,,,,,,C,Open geospatial inventory,mapped building,https://doi.org/10.57931/3017294,https://www.openstreetmap.org,,,IM3 geospatial observation. Identity grain is preserved by Observation Level.,Insufficient evidence to establish or attach a distinct campus
im3:8303c54cec076e77,im3-source:8303c54cec076e77,IM3 Open Source Data Center Atlas / OpenStreetMap,Observed footprint,site_point,Oso Grande,Oso Grande,,,,,,NM,Bernalillo County,,35.0925015,-106.6536712,Mapped centroid,,Observed footprint,,,,,,,,,,,,,,,,,,,,,,,,,,,,,,,,,,,,,,,C,Open geospatial inventory,mapped point,https://doi.org/10.57931/3017294,https://www.openstreetmap.org,,,IM3 geospatial observation. Identity grain is preserved by Observation Level.,Insufficient evidence to establish or attach a distinct campus
im3:830de9fc81e8e848,im3-source:830de9fc81e8e848,IM3 Open Source Data Center Atlas / OpenStreetMap,Observed footprint,building,,TierPoint,,,,,,KS,Johnson County,,38.940669347709914,-94.7552318373768,Mapped centroid,,Observed footprint,,,,58095.0,,,,,,,,,,,,,,,,,,,,,,,,,,,,,,,,,,,C,Open geospatial inventory,mapped building,https://doi.org/10.57931/3017294,https://www.openstreetmap.org,,,IM3 geospatial observation. Identity grain is preserved by Observation Level.,Insufficient evidence to establish or attach a distinct campus
im3:8320d7266e8e49fa,im3-source:8320d7266e8e49fa,IM3 Open Source Data Center Atlas / OpenStreetMap,Observed footprint,site_point,Digital West Data Center,,,,,,,CA,San Luis Obispo County,,35.25531619999998,-120.64151280000002,Mapped centroid,,Observed footprint,,,,,,,,,,,,,,,,,,,,,,,,,,,,,,,,,,,,,,,C,Open geospatial inventory,mapped point,https://doi.org/10.57931/3017294,https://www.openstreetmap.org,,,IM3 geospatial observation. Identity grain is preserved by Observation Level.,Insufficient evidence to establish or attach a distinct campus
im3:838e0e5a82f1254b,im3-source:838e0e5a82f1254b,IM3 Open Source Data Center Atlas / OpenStreetMap,Observed footprint,building,DataBank Ashburn IAD3,Databank,,,,,,VA,Loudoun County,,39.017878448226135,-77.48182766953322,Mapped centroid,,Observed footprint,,,,146234.0,,,,,,,,,,,,,,,,,,,,,,,,,,,,,,,,,,,C,Open geospatial inventory,mapped building,https://doi.org/10.57931/3017294,https://www.openstreetmap.org,,,IM3 geospatial observation. Identity grain is preserved by Observation Level.,Insufficient evidence to establish or attach a distinct campus
im3:83b50b68473a9475,im3-source:83b50b68473a9475,IM3 Open Source Data Center Atlas / OpenStreetMap,Observed footprint,building,xAI Colossus,,,,,,,TN,Shelby County,,35.05996022751711,-90.1564522206354,Mapped centroid,,Observed footprint,,,,776966.0,,,,,,,,,,,,,,,,,,,,,,,,,,,,,,,,,,,C,Open geospatial inventory,mapped building,https://doi.org/10.57931/3017294,https://www.openstreetmap.org,,,IM3 geospatial observation. Identity grain is preserved by Observation Level.,Insufficient evidence to establish or attach a distinct campus
im3:83f435ee0e9765a6,im3-source:83f435ee0e9765a6,IM3 Open Source Data Center Atlas / OpenStreetMap,Observed footprint,building,Amazon PDX57/60,Amazon Web Services,,,,,,OR,Umatilla County,,45.91388318150283,-119.2677137601272,Mapped centroid,,Observed footprint,,,,271590.0,,,,,,,,,,,,,,,,,,,,,,,,,,,,,,,,,,,C,Open geospatial inventory,mapped building,https://doi.org/10.57931/3017294,https://www.openstreetmap.org,,,IM3 geospatial observation. Identity grain is preserved by Observation Level.,Insufficient evidence to establish or attach a distinct campus
im3:840f8e72d6420edd,im3-source:840f8e72d6420edd,IM3 Open Source Data Center Atlas / OpenStreetMap,Observed footprint,building,USPO Terminal Annex,United States Postal Service,,,,,,CA,Los Angeles County,,34.05810223750122,-118.23539293786436,Mapped centroid,,Observed footprint,,,,99270.0,,,,,,,,,,,,,,,,,,,,,,,,,,,,,,,,,,,C,Open geospatial inventory,mapped building,https://doi.org/10.57931/3017294,https://www.openstreetmap.org,,,IM3 geospatial observation. Identity grain is preserved by Observation Level.,Insufficient evidence to establish or attach a distinct campus
im3:8423aca341ae5612,im3-source:8423aca341ae5612,IM3 Open Source Data Center Atlas / OpenStreetMap,Observed footprint,building,AWS Building E,Amazon Web Services,,,,,,VA,Loudoun County,,39.00505158419943,-77.48561242457629,Mapped centroid,,Observed footprint,,,,153355.0,,,,,,,,,,,,,,,,,,,,,,,,,,,,,,,,,,,C,Open geospatial inventory,mapped building,https://doi.org/10.57931/3017294,https://www.openstreetmap.org,,,IM3 geospatial observation. Identity grain is preserved by Observation Level.,Insufficient evidence to establish or attach a distinct campus
im3:857ee506d456e0d0,im3-source:857ee506d456e0d0,IM3 Open Source Data Center Atlas / OpenStreetMap,Observed footprint,building,Level 3 Ashburn,Lumen Technologies,,,,,,VA,Loudoun County,,39.022172555750075,-77.45759526225972,Mapped centroid,,Observed footprint,,,,49022.0,,,,,,,,,,,,,,,,,,,,,,,,,,,,,,,,,,,C,Open geospatial inventory,mapped building,https://doi.org/10.57931/3017294,https://www.openstreetmap.org,,,IM3 geospatial observation. Identity grain is preserved by Observation Level.,Insufficient evidence to establish or attach a distinct campus
im3:85e88cebeb06fc0d,im3-source:85e88cebeb06fc0d,IM3 Open Source Data Center Atlas / OpenStreetMap,Observed footprint,building,Expedient Milwaukee,,,,,,,WI,Milwaukee County,,42.86317702177553,-87.97785780217956,Mapped centroid,,Observed footprint,,,,26099.0,,,,,,,,,,,,,,,,,,,,,,,,,,,,,,,,,,,C,Open geospatial inventory,mapped building,https://doi.org/10.57931/3017294,https://www.openstreetmap.org,,,IM3 geospatial observation. Identity grain is preserved by Observation Level.,Insufficient evidence to establish or attach a distinct campus
im3:85ea3f7b05963362,im3-source:85ea3f7b05963362,IM3 Open Source Data Center Atlas / OpenStreetMap,Observed footprint,building,EdgeCore,,,,,,,AZ,Maricopa County,,33.344131137368926,-111.61955250338006,Mapped centroid,,Observed footprint,,,,112901.0,,,,,,,,,,,,,,,,,,,,,,,,,,,,,,,,,,,C,Open geospatial inventory,mapped building,https://doi.org/10.57931/3017294,https://www.openstreetmap.org,,,IM3 geospatial observation. Identity grain is preserved by Observation Level.,Insufficient evidence to establish or attach a distinct campus
im3:85ee692bc5a48b8a,im3-source:85ee692bc5a48b8a,IM3 Open Source Data Center Atlas / OpenStreetMap,Observed footprint,site_point,K-Motion Interactive,,,,,,,AZ,Maricopa County,,33.63448429999997,-111.8843457,Mapped centroid,,Observed footprint,,,,,,,,,,,,,,,,,,,,,,,,,,,,,,,,,,,,,,,C,Open geospatial inventory,mapped point,https://doi.org/10.57931/3017294,https://www.openstreetmap.org,,,IM3 geospatial observation. Identity grain is preserved by Observation Level.,Insufficient evidence to establish or attach a distinct campus
im3:860cd7b5c8607b05,im3-source:860cd7b5c8607b05,IM3 Open Source Data Center Atlas / OpenStreetMap,Observed footprint,building,Live Oak Data Center,,,,,,,TX,Dallas County,,32.78371232095536,-96.79457490208864,Mapped centroid,,Observed footprint,,,,49853.0,,,,,,,,,,,,,,,,,,,,,,,,,,,,,,,,,,,C,Open geospatial inventory,mapped building,https://doi.org/10.57931/3017294,https://www.openstreetmap.org,,,IM3 geospatial observation. Identity grain is preserved by Observation Level.,Insufficient evidence to establish or attach a distinct campus
im3:8610c9f6374ed2b3,im3-source:8610c9f6374ed2b3,IM3 Open Source Data Center Atlas / OpenStreetMap,Observed footprint,building,,Centurylink,,,,,,CA,Los Angeles County,,34.199869107817435,-118.34378887469722,Mapped centroid,,Observed footprint,,,,43140.0,,,,,,,,,,,,,,,,,,,,,,,,,,,,,,,,,,,C,Open geospatial inventory,mapped building,https://doi.org/10.57931/3017294,https://www.openstreetmap.org,,,IM3 geospatial observation. Identity grain is preserved by Observation Level.,Insufficient evidence to establish or attach a distinct campus
im3:862d169b7ce141c9,im3-source:862d169b7ce141c9,IM3 Open Source Data Center Atlas / OpenStreetMap,Observed footprint,building,Meta Data Center,Meta,,,,,,MO,Clay County,,39.32265087738015,-94.5980635690358,Mapped centroid,,Observed footprint,,,,615937.0,,,,,,,,,,,,,,,,,,,,,,,,,,,,,,,,,,,C,Open geospatial inventory,mapped building,https://doi.org/10.57931/3017294,https://www.openstreetmap.org,,,IM3 geospatial observation. Identity grain is preserved by Observation Level.,Insufficient evidence to establish or attach a distinct campus
im3:864aeb7c2c0b155e,im3-source:864aeb7c2c0b155e,IM3 Open Source Data Center Atlas / OpenStreetMap,Observed footprint,building,Amazon IAD74,Amazon Web Services,,,,,,VA,Prince William County,,38.777436935524726,-77.55789121896034,Mapped centroid,,Observed footprint,,,,147480.0,,,,,,,,,,,,,,,,,,,,,,,,,,,,,,,,,,,C,Open geospatial inventory,mapped building,https://doi.org/10.57931/3017294,https://www.openstreetmap.org,,,IM3 geospatial observation. Identity grain is preserved by Observation Level.,Insufficient evidence to establish or attach a distinct campus
im3:86d0cb9456c64ab0,im3-source:86d0cb9456c64ab0,IM3 Open Source Data Center Atlas / OpenStreetMap,Observed footprint,building,Stream DFW IV,Stream,,,,,,TX,Collin County,,33.0001441749099,-96.66164643777869,Mapped centroid,,Observed footprint,,,,19684.0,,,,,,,,,,,,,,,,,,,,,,,,,,,,,,,,,,,C,Open geospatial inventory,mapped building,https://doi.org/10.57931/3017294,https://www.openstreetmap.org,,,IM3 geospatial observation. Identity grain is preserved by Observation Level.,Insufficient evidence to establish or attach a distinct campus
im3:86fba7d54ed77868,im3-source:86fba7d54ed77868,IM3 Open Source Data Center Atlas / OpenStreetMap,Observed footprint,building,Searcy Information Technologies,City of Searcy,,,,,,AR,White County,,35.24921583709014,-91.74090585909616,Mapped centroid,,Observed footprint,,,,4580.0,,,,,,,,,,,,,,,,,,,,,,,,,,,,,,,,,,,C,Open geospatial inventory,mapped building,https://doi.org/10.57931/3017294,https://www.openstreetmap.org,,,IM3 geospatial observation. Identity grain is preserved by Observation Level.,Insufficient evidence to establish or attach a distinct campus
im3:87395f41c6750399,im3-source:87395f41c6750399,IM3 Open Source Data Center Atlas / OpenStreetMap,Observed footprint,building,Amazon IAD60,Amazon Web Services,,,,,,VA,Loudoun County,,39.02877369999999,-77.45824609999998,Mapped centroid,,Observed footprint,,,,110965.0,,,,,,,,,,,,,,,,,,,,,,,,,,,,,,,,,,,C,Open geospatial inventory,mapped building,https://doi.org/10.57931/3017294,https://www.openstreetmap.org,,,IM3 geospatial observation. Identity grain is preserved by Observation Level.,Insufficient evidence to establish or attach a distinct campus
im3:87b7d1220e486090,im3-source:87b7d1220e486090,IM3 Open Source Data Center Atlas / OpenStreetMap,Observed footprint,building,StrongMind,,,,,,,AZ,Maricopa County,,33.34261624786127,-111.84097388721275,Mapped centroid,,Observed footprint,,,,20604.0,,,,,,,,,,,,,,,,,,,,,,,,,,,,,,,,,,,C,Open geospatial inventory,mapped building,https://doi.org/10.57931/3017294,https://www.openstreetmap.org,,,IM3 geospatial observation. Identity grain is preserved by Observation Level.,Insufficient evidence to establish or attach a distinct campus
im3:88308069439d4c01,im3-source:88308069439d4c01,IM3 Open Source Data Center Atlas / OpenStreetMap,Observed footprint,building,Segra Data Center,,,,,,,NC,Wake County,,35.72499209334413,-78.66236321380103,Mapped centroid,,Observed footprint,,,,46141.0,,,,,,,,,,,,,,,,,,,,,,,,,,,,,,,,,,,C,Open geospatial inventory,mapped building,https://doi.org/10.57931/3017294,https://www.openstreetmap.org,,,IM3 geospatial observation. Identity grain is preserved by Observation Level.,Insufficient evidence to establish or attach a distinct campus
im3:8855bad7468569c3,im3-source:8855bad7468569c3,IM3 Open Source Data Center Atlas / OpenStreetMap,Observed footprint,building,Lumen Dallas - 3180 Irving Blvd.,Lumen Technologies,,,,,,TX,Dallas County,,32.8069548860339,-96.86858877532195,Mapped centroid,,Observed footprint,,,,80859.0,,,,,,,,,,,,,,,,,,,,,,,,,,,,,,,,,,,C,Open geospatial inventory,mapped building,https://doi.org/10.57931/3017294,https://www.openstreetmap.org,,,IM3 geospatial observation. Identity grain is preserved by Observation Level.,Insufficient evidence to establish or attach a distinct campus
im3:88f9eecfee7992c5,im3-source:88f9eecfee7992c5,IM3 Open Source Data Center Atlas / OpenStreetMap,Observed footprint,building,TierPoint Little Rock,,,,,,,AR,Pulaski County,,34.75623579829937,-92.44472351001907,Mapped centroid,,Observed footprint,,,,31845.0,,,,,,,,,,,,,,,,,,,,,,,,,,,,,,,,,,,C,Open geospatial inventory,mapped building,https://doi.org/10.57931/3017294,https://www.openstreetmap.org,,,IM3 geospatial observation. Identity grain is preserved by Observation Level.,Insufficient evidence to establish or attach a distinct campus
im3:88f9fe3847c0c530,im3-source:88f9fe3847c0c530,IM3 Open Source Data Center Atlas / OpenStreetMap,Observed footprint,building,Microsoft TRP3 (SAT46),Microsoft,,,,,,TX,Medina County,,29.412977,-98.80637445,Mapped centroid,,Observed footprint,,,,228897.0,,,,,,,,,,,,,,,,,,,,,,,,,,,,,,,,,,,C,Open geospatial inventory,mapped building,https://doi.org/10.57931/3017294,https://www.openstreetmap.org,,,IM3 geospatial observation. Identity grain is preserved by Observation Level.,Insufficient evidence to establish or attach a distinct campus
im3:893fdbc8d5e0ed06,im3-source:893fdbc8d5e0ed06,IM3 Open Source Data Center Atlas / OpenStreetMap,Observed footprint,building,NTT Silicon Valley SV1 Data Center,NTT,,,,,,CA,Santa Clara County,,37.3690532120371,-121.95533775018632,Mapped centroid,,Observed footprint,,,,38759.0,,,,,,,,,,,,,,,,,,,,,,,,,,,,,,,,,,,C,Open geospatial inventory,mapped building,https://doi.org/10.57931/3017294,https://www.openstreetmap.org,,,IM3 geospatial observation. Identity grain is preserved by Observation Level.,Insufficient evidence to establish or attach a distinct campus
im3:89aae985c8b713af,im3-source:89aae985c8b713af,IM3 Open Source Data Center Atlas / OpenStreetMap,Observed footprint,building,Amazon IAD601,Amazon Web Services,,,,,,VA,Prince William County,,38.77885736266743,-77.55711533435445,Mapped centroid,,Observed footprint,,,,14469.0,,,,,,,,,,,,,,,,,,,,,,,,,,,,,,,,,,,C,Open geospatial inventory,mapped building,https://doi.org/10.57931/3017294,https://www.openstreetmap.org,,,IM3 geospatial observation. Identity grain is preserved by Observation Level.,Insufficient evidence to establish or attach a distinct campus
im3:89af9df219391094,im3-source:89af9df219391094,IM3 Open Source Data Center Atlas / OpenStreetMap,Observed footprint,building,Lincoln Rackhouse,,,,,,,IL,DuPage County,,41.77216480426539,-88.21709086916937,Mapped centroid,,Observed footprint,,,,70123.0,,,,,,,,,,,,,,,,,,,,,,,,,,,,,,,,,,,C,Open geospatial inventory,mapped building,https://doi.org/10.57931/3017294,https://www.openstreetmap.org,,,IM3 geospatial observation. Identity grain is preserved by Observation Level.,Insufficient evidence to establish or attach a distinct campus
im3:89ea8c7b055ac36e,im3-source:89ea8c7b055ac36e,IM3 Open Source Data Center Atlas / OpenStreetMap,Observed footprint,site_point,Open Data Centers Piscataway,,,,,,,NJ,Middlesex County,,40.55035010000003,-74.4568563,Mapped centroid,,Observed footprint,,,,,,,,,,,,,,,,,,,,,,,,,,,,,,,,,,,,,,,C,Open geospatial inventory,mapped point,https://doi.org/10.57931/3017294,https://www.openstreetmap.org,,,IM3 geospatial observation. Identity grain is preserved by Observation Level.,Insufficient evidence to establish or attach a distinct campus
im3:8a354813ff28eae4,im3-source:8a354813ff28eae4,IM3 Open Source Data Center Atlas / OpenStreetMap,Observed footprint,site_point,Data Holdings Data Center,,,,,,,WI,Milwaukee County,,43.04394079999997,-87.9539794,Mapped centroid,,Observed footprint,,,,,,,,,,,,,,,,,,,,,,,,,,,,,,,,,,,,,,,C,Open geospatial inventory,mapped point,https://doi.org/10.57931/3017294,https://www.openstreetmap.org,,,IM3 geospatial observation. Identity grain is preserved by Observation Level.,Insufficient evidence to establish or attach a distinct campus
im3:8a36415c001481ef,im3-source:8a36415c001481ef,IM3 Open Source Data Center Atlas / OpenStreetMap,Observed footprint,building,Amazon IAD11,Amazon Web Services,,,,,,VA,Prince William County,,38.7905000091204,-77.54111111952334,Mapped centroid,,Observed footprint,,,,122474.0,,,,,,,,,,,,,,,,,,,,,,,,,,,,,,,,,,,C,Open geospatial inventory,mapped building,https://doi.org/10.57931/3017294,https://www.openstreetmap.org,,,IM3 geospatial observation. Identity grain is preserved by Observation Level.,Insufficient evidence to establish or attach a distinct campus
im3:8a3a57c96f9a121e,im3-source:8a3a57c96f9a121e,IM3 Open Source Data Center Atlas / OpenStreetMap,Observed footprint,building,,,,,,,,OR,Umatilla County,,45.9158356,-119.26632355,Mapped centroid,,Observed footprint,,,,2605.0,,,,,,,,,,,,,,,,,,,,,,,,,,,,,,,,,,,C,Open geospatial inventory,mapped building,https://doi.org/10.57931/3017294,https://www.openstreetmap.org,,,IM3 geospatial observation. Identity grain is preserved by Observation Level.,Insufficient evidence to establish or attach a distinct campus
im3:8a42c489f9a28682,im3-source:8a42c489f9a28682,IM3 Open Source Data Center Atlas / OpenStreetMap,Observed footprint,building,GVTC,GVTC,,,,,,TX,Bexar County,,29.686403017218183,-98.4626474985837,Mapped centroid,,Observed footprint,,,,445.0,,,,,,,,,,,,,,,,,,,,,,,,,,,,,,,,,,,C,Open geospatial inventory,mapped building,https://doi.org/10.57931/3017294,https://www.openstreetmap.org,,,IM3 geospatial observation. Identity grain is preserved by Observation Level.,Insufficient evidence to establish or attach a distinct campus
im3:8adc14720b3e6370,im3-source:8adc14720b3e6370,IM3 Open Source Data Center Atlas / OpenStreetMap,Observed footprint,building,Meta New Albany Data Center,Meta,,,,,,OH,Licking County,,40.0684082486281,-82.75034082999655,Mapped centroid,,Observed footprint,,,,663238.0,,,,,,,,,,,,,,,,,,,,,,,,,,,,,,,,,,,C,Open geospatial inventory,mapped building,https://doi.org/10.57931/3017294,https://www.openstreetmap.org,,,IM3 geospatial observation. Identity grain is preserved by Observation Level.,Insufficient evidence to establish or attach a distinct campus
im3:8af000001e3ffabe,im3-source:8af000001e3ffabe,IM3 Open Source Data Center Atlas / OpenStreetMap,Observed footprint,building,,,,,,,,AZ,Maricopa County,,33.34718733629449,-111.6324625176578,Mapped centroid,,Observed footprint,,,,652528.0,,,,,,,,,,,,,,,,,,,,,,,,,,,,,,,,,,,C,Open geospatial inventory,mapped building,https://doi.org/10.57931/3017294,https://www.openstreetmap.org,,,IM3 geospatial observation. Identity grain is preserved by Observation Level.,Insufficient evidence to establish or attach a distinct campus
im3:8af1c307f822ae04,im3-source:8af1c307f822ae04,IM3 Open Source Data Center Atlas / OpenStreetMap,Observed footprint,building,COPT Data Center,,,,,,,VA,Prince William County,,38.74728120499865,-77.53184529524445,Mapped centroid,,Observed footprint,,,,127955.0,,,,,,,,,,,,,,,,,,,,,,,,,,,,,,,,,,,C,Open geospatial inventory,mapped building,https://doi.org/10.57931/3017294,https://www.openstreetmap.org,,,IM3 geospatial observation. Identity grain is preserved by Observation Level.,Insufficient evidence to establish or attach a distinct campus
im3:8b2584b9e21ae3e8,im3-source:8b2584b9e21ae3e8,IM3 Open Source Data Center Atlas / OpenStreetMap,Observed footprint,building,CITIGROUP TECHNOLOGY INC,,,,,,,TX,Denton County,,33.00638147508573,-97.24529013455194,Mapped centroid,,Observed footprint,,,,242536.0,,,,,,,,,,,,,,,,,,,,,,,,,,,,,,,,,,,C,Open geospatial inventory,mapped building,https://doi.org/10.57931/3017294,https://www.openstreetmap.org,,,IM3 geospatial observation. Identity grain is preserved by Observation Level.,Insufficient evidence to establish or attach a distinct campus
im3:8bb0cb9c3279d7cc,im3-source:8bb0cb9c3279d7cc,IM3 Open Source Data Center Atlas / OpenStreetMap,Observed footprint,building,Layer42 Santa Clara,Layer42,,,,,,CA,Santa Clara County,,37.37803994846724,-121.95415110295473,Mapped centroid,,Observed footprint,,,,25031.0,,,,,,,,,,,,,,,,,,,,,,,,,,,,,,,,,,,C,Open geospatial inventory,mapped building,https://doi.org/10.57931/3017294,https://www.openstreetmap.org,,,IM3 geospatial observation. Identity grain is preserved by Observation Level.,Insufficient evidence to establish or attach a distinct campus
im3:8bb809d909ce8616,im3-source:8bb809d909ce8616,IM3 Open Source Data Center Atlas / OpenStreetMap,Observed footprint,building,T5@Colorado Springs,,,,,,,CO,El Paso County,,38.786171875257594,-104.78853490056188,Mapped centroid,,Observed footprint,,,,74307.0,,,,,,,,,,,,,,,,,,,,,,,,,,,,,,,,,,,C,Open geospatial inventory,mapped building,https://doi.org/10.57931/3017294,https://www.openstreetmap.org,,,IM3 geospatial observation. Identity grain is preserved by Observation Level.,Insufficient evidence to establish or attach a distinct campus
im3:8bbf56ee4ac35906,im3-source:8bbf56ee4ac35906,IM3 Open Source Data Center Atlas / OpenStreetMap,Observed footprint,building,,,,,,,,WA,Douglas County,,47.392149426019245,-120.21746237331226,Mapped centroid,,Observed footprint,,,,13946.0,,,,,,,,,,,,,,,,,,,,,,,,,,,,,,,,,,,C,Open geospatial inventory,mapped building,https://doi.org/10.57931/3017294,https://www.openstreetmap.org,,,IM3 geospatial observation. Identity grain is preserved by Observation Level.,Insufficient evidence to establish or attach a distinct campus
im3:8beedf9979139123,im3-source:8beedf9979139123,IM3 Open Source Data Center Atlas / OpenStreetMap,Observed footprint,building,Lumen,Lumen Technologies,,,,,,UT,Washington County,,37.06279919961953,-113.5447486918026,Mapped centroid,,Observed footprint,,,,1833.0,,,,,,,,,,,,,,,,,,,,,,,,,,,,,,,,,,,C,Open geospatial inventory,mapped building,https://doi.org/10.57931/3017294,https://www.openstreetmap.org,,,IM3 geospatial observation. Identity grain is preserved by Observation Level.,Insufficient evidence to establish or attach a distinct campus
im3:8c391d9bb674b990,im3-source:8c391d9bb674b990,IM3 Open Source Data Center Atlas / OpenStreetMap,Observed footprint,building,DRT LAX10,,,,,,,CA,Los Angeles County,,34.047325745573964,-118.25751427762609,Mapped centroid,,Observed footprint,,,,66979.0,,,,,,,,,,,,,,,,,,,,,,,,,,,,,,,,,,,C,Open geospatial inventory,mapped building,https://doi.org/10.57931/3017294,https://www.openstreetmap.org,,,IM3 geospatial observation. Identity grain is preserved by Observation Level.,Insufficient evidence to establish or attach a distinct campus
im3:8c684c1d81f7595c,im3-source:8c684c1d81f7595c,IM3 Open Source Data Center Atlas / OpenStreetMap,Observed footprint,building,Oxford Networks,FirstLight,,,,,,ME,Cumberland County,,43.89507108314053,-69.9231505446871,Mapped centroid,,Observed footprint,,,,55383.0,,,,,,,,,,,,,,,,,,,,,,,,,,,,,,,,,,,C,Open geospatial inventory,mapped building,https://doi.org/10.57931/3017294,https://www.openstreetmap.org,,,IM3 geospatial observation. Identity grain is preserved by Observation Level.,Insufficient evidence to establish or attach a distinct campus
im3:8caa2cd34dd5d91b,im3-source:8caa2cd34dd5d91b,IM3 Open Source Data Center Atlas / OpenStreetMap,Observed footprint,building,Aligned Energy Data Center,,,,,,,AZ,Maricopa County,,33.65904093166706,-112.1111681546868,Mapped centroid,,Observed footprint,,,,512814.0,,,,,,,,,,,,,,,,,,,,,,,,,,,,,,,,,,,C,Open geospatial inventory,mapped building,https://doi.org/10.57931/3017294,https://www.openstreetmap.org,,,IM3 geospatial observation. Identity grain is preserved by Observation Level.,Insufficient evidence to establish or attach a distinct campus
im3:8d12a276a4ce89ae,im3-source:8d12a276a4ce89ae,IM3 Open Source Data Center Atlas / OpenStreetMap,Observed footprint,building,Vantage WA13,,,,,,,WA,Grant County,,47.25252755351766,-119.81362252717348,Mapped centroid,,Observed footprint,,,,252025.0,,,,,,,,,,,,,,,,,,,,,,,,,,,,,,,,,,,C,Open geospatial inventory,mapped building,https://doi.org/10.57931/3017294,https://www.openstreetmap.org,,,IM3 geospatial observation. Identity grain is preserved by Observation Level.,Insufficient evidence to establish or attach a distinct campus
im3:8d14ac5c88a58a4f,im3-source:8d14ac5c88a58a4f,IM3 Open Source Data Center Atlas / OpenStreetMap,Observed footprint,building,Iron Mountain,,,,,,,WA,Spokane County,,47.59461614042946,-117.53714762549906,Mapped centroid,,Observed footprint,,,,14085.0,,,,,,,,,,,,,,,,,,,,,,,,,,,,,,,,,,,C,Open geospatial inventory,mapped building,https://doi.org/10.57931/3017294,https://www.openstreetmap.org,,,IM3 geospatial observation. Identity grain is preserved by Observation Level.,Insufficient evidence to establish or attach a distinct campus
im3:8d424105c1416412,im3-source:8d424105c1416412,IM3 Open Source Data Center Atlas / OpenStreetMap,Observed footprint,site_point,Prime Santa Clara,Prime,,,,,,CA,Santa Clara County,,37.3666621,-121.9628653,Mapped centroid,,Observed footprint,,,,,,,,,,,,,,,,,,,,,,,,,,,,,,,,,,,,,,,C,Open geospatial inventory,mapped point,https://doi.org/10.57931/3017294,https://www.openstreetmap.org,,,IM3 geospatial observation. Identity grain is preserved by Observation Level.,Insufficient evidence to establish or attach a distinct campus
im3:8d8ee2aa854bf7b9,im3-source:8d8ee2aa854bf7b9,IM3 Open Source Data Center Atlas / OpenStreetMap,Observed footprint,site_point,,,,,,,,WA,Snohomish County,,47.95874409999997,-122.19153160000002,Mapped centroid,,Observed footprint,,,,,,,,,,,,,,,,,,,,,,,,,,,,,,,,,,,,,,,C,Open geospatial inventory,mapped point,https://doi.org/10.57931/3017294,https://www.openstreetmap.org,,,IM3 geospatial observation. Identity grain is preserved by Observation Level.,Insufficient evidence to establish or attach a distinct campus
im3:8d98202ae2ef7519,im3-source:8d98202ae2ef7519,IM3 Open Source Data Center Atlas / OpenStreetMap,Observed footprint,building,TJX Corporate Techno,,,,,,,OH,Franklin County,,40.10386011388092,-82.81062585481594,Mapped centroid,,Observed footprint,,,,102681.0,,,,,,,,,,,,,,,,,,,,,,,,,,,,,,,,,,,C,Open geospatial inventory,mapped building,https://doi.org/10.57931/3017294,https://www.openstreetmap.org,,,IM3 geospatial observation. Identity grain is preserved by Observation Level.,Insufficient evidence to establish or attach a distinct campus
im3:8d9e85443a9ec2bd,im3-source:8d9e85443a9ec2bd,IM3 Open Source Data Center Atlas / OpenStreetMap,Observed footprint,site_point,CoreSite Chicago Data Center (CH1),CoreSite,,,,,,IL,Cook County,,41.8759405,-87.6314655,Mapped centroid,,Observed footprint,,,,,,,,,,,,,,,,,,,,,,,,,,,,,,,,,,,,,,,C,Open geospatial inventory,mapped point,https://doi.org/10.57931/3017294,https://www.openstreetmap.org,,,IM3 geospatial observation. Identity grain is preserved by Observation Level.,Insufficient evidence to establish or attach a distinct campus
im3:8dda1620458e25a8,im3-source:8dda1620458e25a8,IM3 Open Source Data Center Atlas / OpenStreetMap,Observed footprint,building,CoreSite BO1,,,,,,,MA,Middlesex County,,42.37670588441372,-71.07975761785328,Mapped centroid,,Observed footprint,,,,133960.0,,,,,,,,,,,,,,,,,,,,,,,,,,,,,,,,,,,C,Open geospatial inventory,mapped building,https://doi.org/10.57931/3017294,https://www.openstreetmap.org,,,IM3 geospatial observation. Identity grain is preserved by Observation Level.,Insufficient evidence to establish or attach a distinct campus
im3:8e4bdc2be841f01a,im3-source:8e4bdc2be841f01a,IM3 Open Source Data Center Atlas / OpenStreetMap,Observed footprint,building,Element Critical CH1,Element Critical,,,,,,IL,DuPage County,,41.97576175114262,-87.96468543804531,Mapped centroid,,Observed footprint,,,,92076.0,,,,,,,,,,,,,,,,,,,,,,,,,,,,,,,,,,,C,Open geospatial inventory,mapped building,https://doi.org/10.57931/3017294,https://www.openstreetmap.org,,,IM3 geospatial observation. Identity grain is preserved by Observation Level.,Insufficient evidence to establish or attach a distinct campus
im3:8eac49066d614a92,im3-source:8eac49066d614a92,IM3 Open Source Data Center Atlas / OpenStreetMap,Observed footprint,building,,,,,,,,WA,Douglas County,,47.40724312119729,-120.21396547027886,Mapped centroid,,Observed footprint,,,,102013.0,,,,,,,,,,,,,,,,,,,,,,,,,,,,,,,,,,,C,Open geospatial inventory,mapped building,https://doi.org/10.57931/3017294,https://www.openstreetmap.org,,,IM3 geospatial observation. Identity grain is preserved by Observation Level.,Insufficient evidence to establish or attach a distinct campus
im3:8f03aa566b96471e,im3-source:8f03aa566b96471e,IM3 Open Source Data Center Atlas / OpenStreetMap,Observed footprint,building,Google,Google,,,,,,NE,Douglas County,,41.34516238446051,-96.0935333108341,Mapped centroid,,Observed footprint,,,,290105.0,,,,,,,,,,,,,,,,,,,,,,,,,,,,,,,,,,,C,Open geospatial inventory,mapped building,https://doi.org/10.57931/3017294,https://www.openstreetmap.org,,,IM3 geospatial observation. Identity grain is preserved by Observation Level.,Insufficient evidence to establish or attach a distinct campus
im3:8f08551618ef8b48,im3-source:8f08551618ef8b48,IM3 Open Source Data Center Atlas / OpenStreetMap,Observed footprint,building,Norma Beach Cable Landing Station,Unity Cable System,,,,,,WA,Snohomish County,,47.864697532780525,-122.28415777715416,Mapped centroid,,Observed footprint,,,,2369.0,,,,,,,,,,,,,,,,,,,,,,,,,,,,,,,,,,,C,Open geospatial inventory,mapped building,https://doi.org/10.57931/3017294,https://www.openstreetmap.org,,,IM3 geospatial observation. Identity grain is preserved by Observation Level.,Insufficient evidence to establish or attach a distinct campus
im3:8fa3df5e6086158d,im3-source:8fa3df5e6086158d,IM3 Open Source Data Center Atlas / OpenStreetMap,Observed footprint,building,Amazon IAD99,Amazon Web Services,,,,,,VA,Loudoun County,,39.019168928603825,-77.43402989290023,Mapped centroid,,Observed footprint,,,,150804.0,,,,,,,,,,,,,,,,,,,,,,,,,,,,,,,,,,,C,Open geospatial inventory,mapped building,https://doi.org/10.57931/3017294,https://www.openstreetmap.org,,,IM3 geospatial observation. Identity grain is preserved by Observation Level.,Insufficient evidence to establish or attach a distinct campus
im3:8fc44309043b23fb,im3-source:8fc44309043b23fb,IM3 Open Source Data Center Atlas / OpenStreetMap,Observed footprint,building,Lumen Dallas 6,Lumen Technologies,,,,,,TX,Dallas County,,32.82799793168957,-96.88438205815837,Mapped centroid,,Observed footprint,,,,12977.0,,,,,,,,,,,,,,,,,,,,,,,,,,,,,,,,,,,C,Open geospatial inventory,mapped building,https://doi.org/10.57931/3017294,https://www.openstreetmap.org,,,IM3 geospatial observation. Identity grain is preserved by Observation Level.,Insufficient evidence to establish or attach a distinct campus
im3:8fe792efc00bdb91,im3-source:8fe792efc00bdb91,IM3 Open Source Data Center Atlas / OpenStreetMap,Observed footprint,building,,,,,,,,NC,Catawba County,,35.59039235521896,-81.26456963872327,Mapped centroid,,Observed footprint,,,,203410.0,,,,,,,,,,,,,,,,,,,,,,,,,,,,,,,,,,,C,Open geospatial inventory,mapped building,https://doi.org/10.57931/3017294,https://www.openstreetmap.org,,,IM3 geospatial observation. Identity grain is preserved by Observation Level.,Insufficient evidence to establish or attach a distinct campus
im3:901ff65b07b88466,im3-source:901ff65b07b88466,IM3 Open Source Data Center Atlas / OpenStreetMap,Observed footprint,building,165 Halsey / Equinix NY1 / Databank EWR1,Tishman,,,,,,NJ,Essex County,,40.736725747327384,-74.17392520713099,Mapped centroid,,Observed footprint,,,,89363.0,,,,,,,,,,,,,,,,,,,,,,,,,,,,,,,,,,,C,Open geospatial inventory,mapped building,https://doi.org/10.57931/3017294,https://www.openstreetmap.org,,,IM3 geospatial observation. Identity grain is preserved by Observation Level.,Insufficient evidence to establish or attach a distinct campus
im3:908c695e67cc0239,im3-source:908c695e67cc0239,IM3 Open Source Data Center Atlas / OpenStreetMap,Observed footprint,building,STACK Chicago CHI01,Stack Infrastructure,,,,,,IL,Cook County,,42.00684386697901,-87.96519018686881,Mapped centroid,,Observed footprint,,,,298471.0,,,,,,,,,,,,,,,,,,,,,,,,,,,,,,,,,,,C,Open geospatial inventory,mapped building,https://doi.org/10.57931/3017294,https://www.openstreetmap.org,,,IM3 geospatial observation. Identity grain is preserved by Observation Level.,Insufficient evidence to establish or attach a distinct campus
im3:90c416f98a223e16,im3-source:90c416f98a223e16,IM3 Open Source Data Center Atlas / OpenStreetMap,Observed footprint,building,DataBank,,,,,,,TX,Dallas County,,32.77830147586322,-96.79843729423008,Mapped centroid,,Observed footprint,,,,43564.0,,,,,,,,,,,,,,,,,,,,,,,,,,,,,,,,,,,C,Open geospatial inventory,mapped building,https://doi.org/10.57931/3017294,https://www.openstreetmap.org,,,IM3 geospatial observation. Identity grain is preserved by Observation Level.,Insufficient evidence to establish or attach a distinct campus
im3:91150aca604306c8,im3-source:91150aca604306c8,IM3 Open Source Data Center Atlas / OpenStreetMap,Observed footprint,building,Molina Healthcare,,,,,,,NM,Bernalillo County,,34.99544591929667,-106.6180344451433,Mapped centroid,,Observed footprint,,,,25568.0,,,,,,,,,,,,,,,,,,,,,,,,,,,,,,,,,,,C,Open geospatial inventory,mapped building,https://doi.org/10.57931/3017294,https://www.openstreetmap.org,,,IM3 geospatial observation. Identity grain is preserved by Observation Level.,Insufficient evidence to establish or attach a distinct campus
im3:911728ec0d182837,im3-source:911728ec0d182837,IM3 Open Source Data Center Atlas / OpenStreetMap,Observed footprint,building,Microsoft EAT03,Microsoft,,,,,,WA,Douglas County,,47.41832389915491,-120.20770997534775,Mapped centroid,,Observed footprint,,,,235418.0,,,,,,,,,,,,,,,,,,,,,,,,,,,,,,,,,,,C,Open geospatial inventory,mapped building,https://doi.org/10.57931/3017294,https://www.openstreetmap.org,,,IM3 geospatial observation. Identity grain is preserved by Observation Level.,Insufficient evidence to establish or attach a distinct campus
im3:911a5ff852a53b3b,im3-source:911a5ff852a53b3b,IM3 Open Source Data Center Atlas / OpenStreetMap,Observed footprint,building,Amazon IAD192,Amazon Web Services,,,,,,VA,Loudoun County,,38.989553545488135,-77.43480130037847,Mapped centroid,,Observed footprint,,,,132942.0,,,,,,,,,,,,,,,,,,,,,,,,,,,,,,,,,,,C,Open geospatial inventory,mapped building,https://doi.org/10.57931/3017294,https://www.openstreetmap.org,,,IM3 geospatial observation. Identity grain is preserved by Observation Level.,Insufficient evidence to establish or attach a distinct campus
im3:911bd905fb016d66,im3-source:911bd905fb016d66,IM3 Open Source Data Center Atlas / OpenStreetMap,Observed footprint,building,Switch Las Vegas 10,,,,,,,NV,Clark County,,36.05558582417979,-115.2230609064556,Mapped centroid,,Observed footprint,,,,206411.0,,,,,,,,,,,,,,,,,,,,,,,,,,,,,,,,,,,C,Open geospatial inventory,mapped building,https://doi.org/10.57931/3017294,https://www.openstreetmap.org,,,IM3 geospatial observation. Identity grain is preserved by Observation Level.,Insufficient evidence to establish or attach a distinct campus
im3:9125731ec51564bc,im3-source:9125731ec51564bc,IM3 Open Source Data Center Atlas / OpenStreetMap,Observed footprint,building,Amazon IAD144,Amazon Web Services,,,,,,VA,Loudoun County,,38.98164291816204,-77.4274218399425,Mapped centroid,,Observed footprint,,,,150384.0,,,,,,,,,,,,,,,,,,,,,,,,,,,,,,,,,,,C,Open geospatial inventory,mapped building,https://doi.org/10.57931/3017294,https://www.openstreetmap.org,,,IM3 geospatial observation. Identity grain is preserved by Observation Level.,Insufficient evidence to establish or attach a distinct campus
im3:918b4ca9ea8ae0fd,im3-source:918b4ca9ea8ae0fd,IM3 Open Source Data Center Atlas / OpenStreetMap,Observed footprint,building,,,,,,,,NV,Washoe County,,39.5669208408872,-119.54522686909624,Mapped centroid,,Observed footprint,,,,92133.0,,,,,,,,,,,,,,,,,,,,,,,,,,,,,,,,,,,C,Open geospatial inventory,mapped building,https://doi.org/10.57931/3017294,https://www.openstreetmap.org,,,IM3 geospatial observation. Identity grain is preserved by Observation Level.,Insufficient evidence to establish or attach a distinct campus
im3:91a3c68ed5c38c56,im3-source:91a3c68ed5c38c56,IM3 Open Source Data Center Atlas / OpenStreetMap,Observed footprint,building,SV Colo,SV Colo,,,,,,CA,Santa Clara County,,37.36431021582024,-121.95879926774865,Mapped centroid,,Observed footprint,,,,57709.0,,,,,,,,,,,,,,,,,,,,,,,,,,,,,,,,,,,C,Open geospatial inventory,mapped building,https://doi.org/10.57931/3017294,https://www.openstreetmap.org,,,IM3 geospatial observation. Identity grain is preserved by Observation Level.,Insufficient evidence to establish or attach a distinct campus
im3:91f8553197be29c8,im3-source:91f8553197be29c8,IM3 Open Source Data Center Atlas / OpenStreetMap,Observed footprint,building,Amazon IAD88,Amazon Web Services,,,,,,VA,Loudoun County,,38.990964344811886,-77.44187049572359,Mapped centroid,,Observed footprint,,,,147468.0,,,,,,,,,,,,,,,,,,,,,,,,,,,,,,,,,,,C,Open geospatial inventory,mapped building,https://doi.org/10.57931/3017294,https://www.openstreetmap.org,,,IM3 geospatial observation. Identity grain is preserved by Observation Level.,Insufficient evidence to establish or attach a distinct campus
im3:922a65dfcee31d42,im3-source:922a65dfcee31d42,IM3 Open Source Data Center Atlas / OpenStreetMap,Observed footprint,building,AZ Labs,,,,,,,AZ,Maricopa County,,33.30627197618172,-111.67170030895342,Mapped centroid,,Observed footprint,,,,31625.0,,,,,,,,,,,,,,,,,,,,,,,,,,,,,,,,,,,C,Open geospatial inventory,mapped building,https://doi.org/10.57931/3017294,https://www.openstreetmap.org,,,IM3 geospatial observation. Identity grain is preserved by Observation Level.,Insufficient evidence to establish or attach a distinct campus
im3:926277bdaa600caf,im3-source:926277bdaa600caf,IM3 Open Source Data Center Atlas / OpenStreetMap,Observed footprint,building,,,,,,,,VA,Fairfax County,,38.9231008280449,-77.42497941792881,Mapped centroid,,Observed footprint,,,,113584.0,,,,,,,,,,,,,,,,,,,,,,,,,,,,,,,,,,,C,Open geospatial inventory,mapped building,https://doi.org/10.57931/3017294,https://www.openstreetmap.org,,,IM3 geospatial observation. Identity grain is preserved by Observation Level.,Insufficient evidence to establish or attach a distinct campus
im3:9272df4ae5b7f910,im3-source:9272df4ae5b7f910,IM3 Open Source Data Center Atlas / OpenStreetMap,Observed footprint,building,,,,,,,,TX,Dallas County,,32.966253571482554,-96.71119611211458,Mapped centroid,,Observed footprint,,,,62460.0,,,,,,,,,,,,,,,,,,,,,,,,,,,,,,,,,,,C,Open geospatial inventory,mapped building,https://doi.org/10.57931/3017294,https://www.openstreetmap.org,,,IM3 geospatial observation. Identity grain is preserved by Observation Level.,Insufficient evidence to establish or attach a distinct campus
im3:92bb56cf55ecf2dc,im3-source:92bb56cf55ecf2dc,IM3 Open Source Data Center Atlas / OpenStreetMap,Observed footprint,building,Amazon IAD119,Amazon Web Services,,,,,,VA,Loudoun County,,39.016930140671114,-77.43938662133482,Mapped centroid,,Observed footprint,,,,127104.0,,,,,,,,,,,,,,,,,,,,,,,,,,,,,,,,,,,C,Open geospatial inventory,mapped building,https://doi.org/10.57931/3017294,https://www.openstreetmap.org,,,IM3 geospatial observation. Identity grain is preserved by Observation Level.,Insufficient evidence to establish or attach a distinct campus
im3:92e0d414eaeb1e00,im3-source:92e0d414eaeb1e00,IM3 Open Source Data Center Atlas / OpenStreetMap,Observed footprint,building,,,,,,,,IL,Cook County,,42.02314332328065,-87.97218622177087,Mapped centroid,,Observed footprint,,,,110471.0,,,,,,,,,,,,,,,,,,,,,,,,,,,,,,,,,,,C,Open geospatial inventory,mapped building,https://doi.org/10.57931/3017294,https://www.openstreetmap.org,,,IM3 geospatial observation. Identity grain is preserved by Observation Level.,Insufficient evidence to establish or attach a distinct campus
im3:934455645dc38220,im3-source:934455645dc38220,IM3 Open Source Data Center Atlas / OpenStreetMap,Observed footprint,building,Amazon IAD145,Amazon Web Services,,,,,,VA,Loudoun County,,38.98255213081316,-77.42462549082896,Mapped centroid,,Observed footprint,,,,103663.0,,,,,,,,,,,,,,,,,,,,,,,,,,,,,,,,,,,C,Open geospatial inventory,mapped building,https://doi.org/10.57931/3017294,https://www.openstreetmap.org,,,IM3 geospatial observation. Identity grain is preserved by Observation Level.,Insufficient evidence to establish or attach a distinct campus
im3:934ce865e37fa49e,im3-source:934ce865e37fa49e,IM3 Open Source Data Center Atlas / OpenStreetMap,Observed footprint,building,Intergate Columbia A,Sabey Data Centers,,,,,,WA,Douglas County,,47.40871426005734,-120.18929355569696,Mapped centroid,,Observed footprint,,,,262378.0,,,,,,,,,,,,,,,,,,,,,,,,,,,,,,,,,,,C,Open geospatial inventory,mapped building,https://doi.org/10.57931/3017294,https://www.openstreetmap.org,,,IM3 geospatial observation. Identity grain is preserved by Observation Level.,Insufficient evidence to establish or attach a distinct campus
im3:9355916d6180ffb5,im3-source:9355916d6180ffb5,IM3 Open Source Data Center Atlas / OpenStreetMap,Observed footprint,building,,,,,,,,OK,Tulsa County,,36.081251440435906,-95.85414917053645,Mapped centroid,,Observed footprint,,,,8589.0,,,,,,,,,,,,,,,,,,,,,,,,,,,,,,,,,,,C,Open geospatial inventory,mapped building,https://doi.org/10.57931/3017294,https://www.openstreetmap.org,,,IM3 geospatial observation. Identity grain is preserved by Observation Level.,Insufficient evidence to establish or attach a distinct campus
im3:93dfd2005053e776,im3-source:93dfd2005053e776,IM3 Open Source Data Center Atlas / OpenStreetMap,Observed footprint,building,CoreSite Chicago Data Center (CH2),CoreSite,,,,,,IL,Cook County,,41.86279831208133,-87.64130393630988,Mapped centroid,,Observed footprint,,,,61773.0,,,,,,,,,,,,,,,,,,,,,,,,,,,,,,,,,,,C,Open geospatial inventory,mapped building,https://doi.org/10.57931/3017294,https://www.openstreetmap.org,,,IM3 geospatial observation. Identity grain is preserved by Observation Level.,Insufficient evidence to establish or attach a distinct campus
im3:93efcf11121d56ae,im3-source:93efcf11121d56ae,IM3 Open Source Data Center Atlas / OpenStreetMap,Observed footprint,building,Amazon PDX93,Amazon Web Services,,,,,,OR,Morrow County,,45.83654227769138,-119.68986642750532,Mapped centroid,,Observed footprint,,,,213828.0,,,,,,,,,,,,,,,,,,,,,,,,,,,,,,,,,,,C,Open geospatial inventory,mapped building,https://doi.org/10.57931/3017294,https://www.openstreetmap.org,,,IM3 geospatial observation. Identity grain is preserved by Observation Level.,Insufficient evidence to establish or attach a distinct campus
im3:93f372e2e97d18ec,im3-source:93f372e2e97d18ec,IM3 Open Source Data Center Atlas / OpenStreetMap,Observed footprint,building,PG&E Datacenter,,,,,,,CA,Solano County,,38.24625878202741,-122.06720998654048,Mapped centroid,,Observed footprint,,,,55270.0,,,,,,,,,,,,,,,,,,,,,,,,,,,,,,,,,,,C,Open geospatial inventory,mapped building,https://doi.org/10.57931/3017294,https://www.openstreetmap.org,,,IM3 geospatial observation. Identity grain is preserved by Observation Level.,Insufficient evidence to establish or attach a distinct campus
im3:941c859b39045dcf,im3-source:941c859b39045dcf,IM3 Open Source Data Center Atlas / OpenStreetMap,Observed footprint,building,EAT14,,,,,,,WA,Chelan County,,47.35949689999999,-120.16009074999997,Mapped centroid,,Observed footprint,,,,241836.0,,,,,,,,,,,,,,,,,,,,,,,,,,,,,,,,,,,C,Open geospatial inventory,mapped building,https://doi.org/10.57931/3017294,https://www.openstreetmap.org,,,IM3 geospatial observation. Identity grain is preserved by Observation Level.,Insufficient evidence to establish or attach a distinct campus
im3:94206733aad5ea95,im3-source:94206733aad5ea95,IM3 Open Source Data Center Atlas / OpenStreetMap,Observed footprint,building,Centeris SH2 Build-to-Suit,,,,,,,WA,Pierce County,,47.15884380655194,-122.27986153647718,Mapped centroid,,Observed footprint,,,,93539.0,,,,,,,,,,,,,,,,,,,,,,,,,,,,,,,,,,,C,Open geospatial inventory,mapped building,https://doi.org/10.57931/3017294,https://www.openstreetmap.org,,,IM3 geospatial observation. Identity grain is preserved by Observation Level.,Insufficient evidence to establish or attach a distinct campus
im3:953d29fa01247141,im3-source:953d29fa01247141,IM3 Open Source Data Center Atlas / OpenStreetMap,Observed footprint,building,CyrusOne PHX6,CyrusOne,,,,,,AZ,Maricopa County,,33.26757617676946,-111.8825318223818,Mapped centroid,,Observed footprint,,,,98354.0,,,,,,,,,,,,,,,,,,,,,,,,,,,,,,,,,,,C,Open geospatial inventory,mapped building,https://doi.org/10.57931/3017294,https://www.openstreetmap.org,,,IM3 geospatial observation. Identity grain is preserved by Observation Level.,Insufficient evidence to establish or attach a distinct campus
im3:95498240b0a879ab,im3-source:95498240b0a879ab,IM3 Open Source Data Center Atlas / OpenStreetMap,Observed footprint,building,Amazon IAD22,,,,,,,VA,Fairfax County,,38.89790175485883,-77.4551018400219,Mapped centroid,,Observed footprint,,,,30140.0,,,,,,,,,,,,,,,,,,,,,,,,,,,,,,,,,,,C,Open geospatial inventory,mapped building,https://doi.org/10.57931/3017294,https://www.openstreetmap.org,,,IM3 geospatial observation. Identity grain is preserved by Observation Level.,Insufficient evidence to establish or attach a distinct campus
im3:9575b92dd25700e4,im3-source:9575b92dd25700e4,IM3 Open Source Data Center Atlas / OpenStreetMap,Observed footprint,building,IU Data Center,Indiana University,,,,,,IN,Monroe County,,39.17441904115309,-86.50070264597521,Mapped centroid,,Observed footprint,,,,94298.0,,,,,,,,,,,,,,,,,,,,,,,,,,,,,,,,,,,C,Open geospatial inventory,mapped building,https://doi.org/10.57931/3017294,https://www.openstreetmap.org,,,IM3 geospatial observation. Identity grain is preserved by Observation Level.,Insufficient evidence to establish or attach a distinct campus
im3:95fb8787c42c73cd,im3-source:95fb8787c42c73cd,IM3 Open Source Data Center Atlas / OpenStreetMap,Observed footprint,building,33 Thomas Street,,,,,,,NY,New York County,,40.71652498175609,-74.00591306134635,Mapped centroid,,Observed footprint,,,,30791.0,,,,,,,,,,,,,,,,,,,,,,,,,,,,,,,,,,,C,Open geospatial inventory,mapped building,https://doi.org/10.57931/3017294,https://www.openstreetmap.org,,,IM3 geospatial observation. Identity grain is preserved by Observation Level.,Insufficient evidence to establish or attach a distinct campus
im3:961fbab7ecd7a80f,im3-source:961fbab7ecd7a80f,IM3 Open Source Data Center Atlas / OpenStreetMap,Observed footprint,site_point,Center for Computation & Technology (CCT),,,,,,,LA,East Baton Rouge Parish,,30.407446,-91.1725454,Mapped centroid,,Observed footprint,,,,,,,,,,,,,,,,,,,,,,,,,,,,,,,,,,,,,,,C,Open geospatial inventory,mapped point,https://doi.org/10.57931/3017294,https://www.openstreetmap.org,,,IM3 geospatial observation. Identity grain is preserved by Observation Level.,Insufficient evidence to establish or attach a distinct campus
im3:962c74d0f8bb97e3,im3-source:962c74d0f8bb97e3,IM3 Open Source Data Center Atlas / OpenStreetMap,Observed footprint,building,Tierpoint Dallas-Allen,,,,,,,TX,Collin County,,33.13793422327514,-96.65737558938751,Mapped centroid,,Observed footprint,,,,30651.0,,,,,,,,,,,,,,,,,,,,,,,,,,,,,,,,,,,C,Open geospatial inventory,mapped building,https://doi.org/10.57931/3017294,https://www.openstreetmap.org,,,IM3 geospatial observation. Identity grain is preserved by Observation Level.,Insufficient evidence to establish or attach a distinct campus
im3:963329a21ff19b19,im3-source:963329a21ff19b19,IM3 Open Source Data Center Atlas / OpenStreetMap,Observed footprint,building,AT&T,,,,,,,CA,Los Angeles County,,34.57998399265728,-118.11402444850258,Mapped centroid,,Observed footprint,,,,17388.0,,,,,,,,,,,,,,,,,,,,,,,,,,,,,,,,,,,C,Open geospatial inventory,mapped building,https://doi.org/10.57931/3017294,https://www.openstreetmap.org,,,IM3 geospatial observation. Identity grain is preserved by Observation Level.,Insufficient evidence to establish or attach a distinct campus
im3:96337c01e6482cc9,im3-source:96337c01e6482cc9,IM3 Open Source Data Center Atlas / OpenStreetMap,Observed footprint,building,,,,,,,,OR,Umatilla County,,45.9158356,-119.26771695,Mapped centroid,,Observed footprint,,,,2605.0,,,,,,,,,,,,,,,,,,,,,,,,,,,,,,,,,,,C,Open geospatial inventory,mapped building,https://doi.org/10.57931/3017294,https://www.openstreetmap.org,,,IM3 geospatial observation. Identity grain is preserved by Observation Level.,Insufficient evidence to establish or attach a distinct campus
im3:9636235cba40fd0e,im3-source:9636235cba40fd0e,IM3 Open Source Data Center Atlas / OpenStreetMap,Observed footprint,building,,DirecTV,,,,,,AZ,Pima County,,32.09270648301032,-110.7874236597228,Mapped centroid,,Observed footprint,,,,14373.0,,,,,,,,,,,,,,,,,,,,,,,,,,,,,,,,,,,C,Open geospatial inventory,mapped building,https://doi.org/10.57931/3017294,https://www.openstreetmap.org,,,IM3 geospatial observation. Identity grain is preserved by Observation Level.,Insufficient evidence to establish or attach a distinct campus
im3:9679a14ebef22e35,im3-source:9679a14ebef22e35,IM3 Open Source Data Center Atlas / OpenStreetMap,Observed footprint,building,,,,,,,,OR,Crook County,,44.29909532788997,-120.87943460169969,Mapped centroid,,Observed footprint,,,,630160.0,,,,,,,,,,,,,,,,,,,,,,,,,,,,,,,,,,,C,Open geospatial inventory,mapped building,https://doi.org/10.57931/3017294,https://www.openstreetmap.org,,,IM3 geospatial observation. Identity grain is preserved by Observation Level.,Insufficient evidence to establish or attach a distinct campus
im3:96908e7c5a585599,im3-source:96908e7c5a585599,IM3 Open Source Data Center Atlas / OpenStreetMap,Observed footprint,site_point,Accelera Data Systems,,,,,,,AZ,Maricopa County,,33.664745499999945,-112.1117142,Mapped centroid,,Observed footprint,,,,,,,,,,,,,,,,,,,,,,,,,,,,,,,,,,,,,,,C,Open geospatial inventory,mapped point,https://doi.org/10.57931/3017294,https://www.openstreetmap.org,,,IM3 geospatial observation. Identity grain is preserved by Observation Level.,Insufficient evidence to establish or attach a distinct campus
im3:96b482640a55cdf4,im3-source:96b482640a55cdf4,IM3 Open Source Data Center Atlas / OpenStreetMap,Observed footprint,building,Amazon PDX80,Amazon Web Services,,,,,,OR,Umatilla County,,45.797808777628646,-119.36661621790071,Mapped centroid,,Observed footprint,,,,215703.0,,,,,,,,,,,,,,,,,,,,,,,,,,,,,,,,,,,C,Open geospatial inventory,mapped building,https://doi.org/10.57931/3017294,https://www.openstreetmap.org,,,IM3 geospatial observation. Identity grain is preserved by Observation Level.,Insufficient evidence to establish or attach a distinct campus
im3:972581880831ea08,im3-source:972581880831ea08,IM3 Open Source Data Center Atlas / OpenStreetMap,Observed footprint,building,Amazon IAD81,Amazon Web Services,,,,,,VA,Loudoun County,,38.948385826741976,-77.52183103317279,Mapped centroid,,Observed footprint,,,,184907.0,,,,,,,,,,,,,,,,,,,,,,,,,,,,,,,,,,,C,Open geospatial inventory,mapped building,https://doi.org/10.57931/3017294,https://www.openstreetmap.org,,,IM3 geospatial observation. Identity grain is preserved by Observation Level.,Insufficient evidence to establish or attach a distinct campus
im3:97f55f9576a53b9a,im3-source:97f55f9576a53b9a,IM3 Open Source Data Center Atlas / OpenStreetMap,Observed footprint,building,Equinix NY3,Equinix,,,,,,NJ,Hudson County,,40.77485223268518,-74.06889004630656,Mapped centroid,,Observed footprint,,,,274326.0,,,,,,,,,,,,,,,,,,,,,,,,,,,,,,,,,,,C,Open geospatial inventory,mapped building,https://doi.org/10.57931/3017294,https://www.openstreetmap.org,,,IM3 geospatial observation. Identity grain is preserved by Observation Level.,Insufficient evidence to establish or attach a distinct campus
im3:984e28d0e1324f5d,im3-source:984e28d0e1324f5d,IM3 Open Source Data Center Atlas / OpenStreetMap,Observed footprint,building,,,,,,,,IL,Madison County,,38.81056014128045,-89.94870327621571,Mapped centroid,,Observed footprint,,,,204.0,,,,,,,,,,,,,,,,,,,,,,,,,,,,,,,,,,,C,Open geospatial inventory,mapped building,https://doi.org/10.57931/3017294,https://www.openstreetmap.org,,,IM3 geospatial observation. Identity grain is preserved by Observation Level.,Insufficient evidence to establish or attach a distinct campus
im3:98c34f2da509152a,im3-source:98c34f2da509152a,IM3 Open Source Data Center Atlas / OpenStreetMap,Observed footprint,building,PTC,Stayton Cooperative Telephone Company,,,,,,OR,Linn County,,44.775218793371785,-122.61593123751062,Mapped centroid,,Observed footprint,,,,2521.0,,,,,,,,,,,,,,,,,,,,,,,,,,,,,,,,,,,C,Open geospatial inventory,mapped building,https://doi.org/10.57931/3017294,https://www.openstreetmap.org,,,IM3 geospatial observation. Identity grain is preserved by Observation Level.,Insufficient evidence to establish or attach a distinct campus
im3:990c755d9da15c7f,im3-source:990c755d9da15c7f,IM3 Open Source Data Center Atlas / OpenStreetMap,Observed footprint,building,Centersquare Lisle ORD4 Data Center,Centersquare,,,,,,IL,DuPage County,,41.802340625453176,-88.09488558900743,Mapped centroid,,Observed footprint,,,,361205.0,,,,,,,,,,,,,,,,,,,,,,,,,,,,,,,,,,,C,Open geospatial inventory,mapped building,https://doi.org/10.57931/3017294,https://www.openstreetmap.org,,,IM3 geospatial observation. Identity grain is preserved by Observation Level.,Insufficient evidence to establish or attach a distinct campus
im3:9921db82f070dddb,im3-source:9921db82f070dddb,IM3 Open Source Data Center Atlas / OpenStreetMap,Observed footprint,building,,,,,,,,TX,Bexar County,,29.449680284456736,-98.71438661885,Mapped centroid,,Observed footprint,,,,154443.0,,,,,,,,,,,,,,,,,,,,,,,,,,,,,,,,,,,C,Open geospatial inventory,mapped building,https://doi.org/10.57931/3017294,https://www.openstreetmap.org,,,IM3 geospatial observation. Identity grain is preserved by Observation Level.,Insufficient evidence to establish or attach a distinct campus
im3:998f79897a785715,im3-source:998f79897a785715,IM3 Open Source Data Center Atlas / OpenStreetMap,Observed footprint,building,,,,,,,,VA,Loudoun County,,39.051020518856305,-77.534749099506,Mapped centroid,,Observed footprint,,,,303500.0,,,,,,,,,,,,,,,,,,,,,,,,,,,,,,,,,,,C,Open geospatial inventory,mapped building,https://doi.org/10.57931/3017294,https://www.openstreetmap.org,,,IM3 geospatial observation. Identity grain is preserved by Observation Level.,Insufficient evidence to establish or attach a distinct campus
im3:99c77751e129e9d2,im3-source:99c77751e129e9d2,IM3 Open Source Data Center Atlas / OpenStreetMap,Observed footprint,building,Mapletree Industrial,,,,,,,GA,Fulton County,,34.09658361286711,-84.23739137073814,Mapped centroid,,Observed footprint,,,,116842.0,,,,,,,,,,,,,,,,,,,,,,,,,,,,,,,,,,,C,Open geospatial inventory,mapped building,https://doi.org/10.57931/3017294,https://www.openstreetmap.org,,,IM3 geospatial observation. Identity grain is preserved by Observation Level.,Insufficient evidence to establish or attach a distinct campus
im3:99ffe055345430a8,im3-source:99ffe055345430a8,IM3 Open Source Data Center Atlas / OpenStreetMap,Observed footprint,building,Flexential Portland - Hillsboro 2,Flexential,,,,,,OR,Washington County,,45.558285524815446,-122.91709178443574,Mapped centroid,,Observed footprint,,,,214259.0,,,,,,,,,,,,,,,,,,,,,,,,,,,,,,,,,,,C,Open geospatial inventory,mapped building,https://doi.org/10.57931/3017294,https://www.openstreetmap.org,,,IM3 geospatial observation. Identity grain is preserved by Observation Level.,Insufficient evidence to establish or attach a distinct campus
im3:9ade6ff4ff657ab6,im3-source:9ade6ff4ff657ab6,IM3 Open Source Data Center Atlas / OpenStreetMap,Observed footprint,building,,DirecTV,,,,,,AZ,Cochise County,,31.97267475000002,-110.3047517,Mapped centroid,,Observed footprint,,,,7539.0,,,,,,,,,,,,,,,,,,,,,,,,,,,,,,,,,,,C,Open geospatial inventory,mapped building,https://doi.org/10.57931/3017294,https://www.openstreetmap.org,,,IM3 geospatial observation. Identity grain is preserved by Observation Level.,Insufficient evidence to establish or attach a distinct campus
im3:9ae766f87e3a62bb,im3-source:9ae766f87e3a62bb,IM3 Open Source Data Center Atlas / OpenStreetMap,Observed footprint,building,,,,,,,,OK,Muskogee County,,35.56813484886287,-95.51241664415711,Mapped centroid,,Observed footprint,,,,112466.0,,,,,,,,,,,,,,,,,,,,,,,,,,,,,,,,,,,C,Open geospatial inventory,mapped building,https://doi.org/10.57931/3017294,https://www.openstreetmap.org,,,IM3 geospatial observation. Identity grain is preserved by Observation Level.,Insufficient evidence to establish or attach a distinct campus
im3:9aff55dec0c630fd,im3-source:9aff55dec0c630fd,IM3 Open Source Data Center Atlas / OpenStreetMap,Observed footprint,building,Intergate Seattle West Building B,Sabey,,,,,,WA,King County,,47.49307629066393,-122.29368392415316,Mapped centroid,,Observed footprint,,,,19140.0,,,,,,,,,,,,,,,,,,,,,,,,,,,,,,,,,,,C,Open geospatial inventory,mapped building,https://doi.org/10.57931/3017294,https://www.openstreetmap.org,,,IM3 geospatial observation. Identity grain is preserved by Observation Level.,Insufficient evidence to establish or attach a distinct campus
im3:9b33e88063b01ba5,im3-source:9b33e88063b01ba5,IM3 Open Source Data Center Atlas / OpenStreetMap,Observed footprint,building,TikTok Data Center,True North Data Solutions,,,,,,VA,Loudoun County,,39.044246922118255,-77.5379975659551,Mapped centroid,,Observed footprint,,,,169768.0,,,,,,,,,,,,,,,,,,,,,,,,,,,,,,,,,,,C,Open geospatial inventory,mapped building,https://doi.org/10.57931/3017294,https://www.openstreetmap.org,,,IM3 geospatial observation. Identity grain is preserved by Observation Level.,Insufficient evidence to establish or attach a distinct campus
im3:9b72497301d3eb8d,im3-source:9b72497301d3eb8d,IM3 Open Source Data Center Atlas / OpenStreetMap,Observed footprint,building,,,,,,,,AZ,Maricopa County,,33.353230149555465,-111.67808965615372,Mapped centroid,,Observed footprint,,,,241211.0,,,,,,,,,,,,,,,,,,,,,,,,,,,,,,,,,,,C,Open geospatial inventory,mapped building,https://doi.org/10.57931/3017294,https://www.openstreetmap.org,,,IM3 geospatial observation. Identity grain is preserved by Observation Level.,Insufficient evidence to establish or attach a distinct campus
im3:9b79d4f85e3ba248,im3-source:9b79d4f85e3ba248,IM3 Open Source Data Center Atlas / OpenStreetMap,Observed footprint,building,Intergate Seattle East Building 1,Sabey,,,,,,WA,King County,,47.494859625594295,-122.2881943420732,Mapped centroid,,Observed footprint,,,,97862.0,,,,,,,,,,,,,,,,,,,,,,,,,,,,,,,,,,,C,Open geospatial inventory,mapped building,https://doi.org/10.57931/3017294,https://www.openstreetmap.org,,,IM3 geospatial observation. Identity grain is preserved by Observation Level.,Insufficient evidence to establish or attach a distinct campus
im3:9bbba3bc1569c759,im3-source:9bbba3bc1569c759,IM3 Open Source Data Center Atlas / OpenStreetMap,Observed footprint,building,,,,,,,,WA,Grant County,,47.24427568764932,-119.81481251571768,Mapped centroid,,Observed footprint,,,,147278.0,,,,,,,,,,,,,,,,,,,,,,,,,,,,,,,,,,,C,Open geospatial inventory,mapped building,https://doi.org/10.57931/3017294,https://www.openstreetmap.org,,,IM3 geospatial observation. Identity grain is preserved by Observation Level.,Insufficient evidence to establish or attach a distinct campus
im3:9c0aa3058a1249fe,im3-source:9c0aa3058a1249fe,IM3 Open Source Data Center Atlas / OpenStreetMap,Observed footprint,building,Amazon PDX67,Amazon Web Services,,,,,,OR,Umatilla County,,45.90385103578912,-119.3204870220183,Mapped centroid,,Observed footprint,,,,219900.0,,,,,,,,,,,,,,,,,,,,,,,,,,,,,,,,,,,C,Open geospatial inventory,mapped building,https://doi.org/10.57931/3017294,https://www.openstreetmap.org,,,IM3 geospatial observation. Identity grain is preserved by Observation Level.,Insufficient evidence to establish or attach a distinct campus
im3:9c41ce89cb16ef79,im3-source:9c41ce89cb16ef79,IM3 Open Source Data Center Atlas / OpenStreetMap,Observed footprint,building,ADP South Dakota,,,,,,,SD,Minnehaha County,,43.59991456380811,-96.79470699998708,Mapped centroid,,Observed footprint,,,,243125.0,,,,,,,,,,,,,,,,,,,,,,,,,,,,,,,,,,,C,Open geospatial inventory,mapped building,https://doi.org/10.57931/3017294,https://www.openstreetmap.org,,,IM3 geospatial observation. Identity grain is preserved by Observation Level.,Insufficient evidence to establish or attach a distinct campus
im3:9c7310180d972c21,im3-source:9c7310180d972c21,IM3 Open Source Data Center Atlas / OpenStreetMap,Observed footprint,building,Intergate Seattle East Building 5,Sabey,,,,,,WA,King County,,47.491919770323186,-122.28973615327564,Mapped centroid,,Observed footprint,,,,200124.0,,,,,,,,,,,,,,,,,,,,,,,,,,,,,,,,,,,C,Open geospatial inventory,mapped building,https://doi.org/10.57931/3017294,https://www.openstreetmap.org,,,IM3 geospatial observation. Identity grain is preserved by Observation Level.,Insufficient evidence to establish or attach a distinct campus
im3:9cda4fd4a44b3226,im3-source:9cda4fd4a44b3226,IM3 Open Source Data Center Atlas / OpenStreetMap,Observed footprint,site_point,Lumen Baltimore,Lumen Technologies,,,,,,MD,Baltimore city,,39.29175920000002,-76.6204024,Mapped centroid,,Observed footprint,,,,,,,,,,,,,,,,,,,,,,,,,,,,,,,,,,,,,,,C,Open geospatial inventory,mapped point,https://doi.org/10.57931/3017294,https://www.openstreetmap.org,,,IM3 geospatial observation. Identity grain is preserved by Observation Level.,Insufficient evidence to establish or attach a distinct campus
im3:9d00b8f847a6e104,im3-source:9d00b8f847a6e104,IM3 Open Source Data Center Atlas / OpenStreetMap,Observed footprint,building,,,,,,,,WA,Grant County,,47.24760077052501,-119.82542905444971,Mapped centroid,,Observed footprint,,,,138534.0,,,,,,,,,,,,,,,,,,,,,,,,,,,,,,,,,,,C,Open geospatial inventory,mapped building,https://doi.org/10.57931/3017294,https://www.openstreetmap.org,,,IM3 geospatial observation. Identity grain is preserved by Observation Level.,Insufficient evidence to establish or attach a distinct campus
im3:9d25a4369052790c,im3-source:9d25a4369052790c,IM3 Open Source Data Center Atlas / OpenStreetMap,Observed footprint,building,,,,,,,,OR,Umatilla County,,45.9158356,-119.26652740000002,Mapped centroid,,Observed footprint,,,,2608.0,,,,,,,,,,,,,,,,,,,,,,,,,,,,,,,,,,,C,Open geospatial inventory,mapped building,https://doi.org/10.57931/3017294,https://www.openstreetmap.org,,,IM3 geospatial observation. Identity grain is preserved by Observation Level.,Insufficient evidence to establish or attach a distinct campus
im3:9d4997984dbd6d13,im3-source:9d4997984dbd6d13,IM3 Open Source Data Center Atlas / OpenStreetMap,Observed footprint,building,,,,,,,,WA,Grant County,,47.23709781809187,-119.8951561140021,Mapped centroid,,Observed footprint,,,,216848.0,,,,,,,,,,,,,,,,,,,,,,,,,,,,,,,,,,,C,Open geospatial inventory,mapped building,https://doi.org/10.57931/3017294,https://www.openstreetmap.org,,,IM3 geospatial observation. Identity grain is preserved by Observation Level.,Insufficient evidence to establish or attach a distinct campus
im3:9da884730cd7dbde,im3-source:9da884730cd7dbde,IM3 Open Source Data Center Atlas / OpenStreetMap,Observed footprint,building,CyrusOne CIN2,CyrusOne,,,,,,OH,Hamilton County,,39.102694860422,-84.5178975375086,Mapped centroid,,Observed footprint,,,,29534.0,,,,,,,,,,,,,,,,,,,,,,,,,,,,,,,,,,,C,Open geospatial inventory,mapped building,https://doi.org/10.57931/3017294,https://www.openstreetmap.org,,,IM3 geospatial observation. Identity grain is preserved by Observation Level.,Insufficient evidence to establish or attach a distinct campus
im3:9e9ddb36d3080dd3,im3-source:9e9ddb36d3080dd3,IM3 Open Source Data Center Atlas / OpenStreetMap,Observed footprint,building,Apollo Cable Landing Station,Apollo,,,,,,NJ,Monmouth County,,40.15704355,-74.10158205,Mapped centroid,,Observed footprint,,,,25904.0,,,,,,,,,,,,,,,,,,,,,,,,,,,,,,,,,,,C,Open geospatial inventory,mapped building,https://doi.org/10.57931/3017294,https://www.openstreetmap.org,,,IM3 geospatial observation. Identity grain is preserved by Observation Level.,Insufficient evidence to establish or attach a distinct campus
im3:9eb2b9ad94dd52be,im3-source:9eb2b9ad94dd52be,IM3 Open Source Data Center Atlas / OpenStreetMap,Observed footprint,building,,,,,,,,ID,Ada County,,43.46314907384865,-116.26822782680377,Mapped centroid,,Observed footprint,,,,311564.0,,,,,,,,,,,,,,,,,,,,,,,,,,,,,,,,,,,C,Open geospatial inventory,mapped building,https://doi.org/10.57931/3017294,https://www.openstreetmap.org,,,IM3 geospatial observation. Identity grain is preserved by Observation Level.,Insufficient evidence to establish or attach a distinct campus
im3:9fd29a97fa044d18,im3-source:9fd29a97fa044d18,IM3 Open Source Data Center Atlas / OpenStreetMap,Observed footprint,building,EdgeConneX CHI01,EdgeConneX,,,,,,IL,Cook County,,42.0007751967201,-87.95076869609937,Mapped centroid,,Observed footprint,,,,120191.0,,,,,,,,,,,,,,,,,,,,,,,,,,,,,,,,,,,C,Open geospatial inventory,mapped building,https://doi.org/10.57931/3017294,https://www.openstreetmap.org,,,IM3 geospatial observation. Identity grain is preserved by Observation Level.,Insufficient evidence to establish or attach a distinct campus
im3:a043f9b7ed890098,im3-source:a043f9b7ed890098,IM3 Open Source Data Center Atlas / OpenStreetMap,Observed footprint,building,,,,,,,,VA,Loudoun County,,39.057819052300445,-77.54673254951018,Mapped centroid,,Observed footprint,,,,106352.0,,,,,,,,,,,,,,,,,,,,,,,,,,,,,,,,,,,C,Open geospatial inventory,mapped building,https://doi.org/10.57931/3017294,https://www.openstreetmap.org,,,IM3 geospatial observation. Identity grain is preserved by Observation Level.,Insufficient evidence to establish or attach a distinct campus
im3:a064801666be6db7,im3-source:a064801666be6db7,IM3 Open Source Data Center Atlas / OpenStreetMap,Observed footprint,building,Valero Wiserman,Valero,,,,,,TX,Bexar County,,29.474285412783512,-98.68006447623816,Mapped centroid,,Observed footprint,,,,58304.0,,,,,,,,,,,,,,,,,,,,,,,,,,,,,,,,,,,C,Open geospatial inventory,mapped building,https://doi.org/10.57931/3017294,https://www.openstreetmap.org,,,IM3 geospatial observation. Identity grain is preserved by Observation Level.,Insufficient evidence to establish or attach a distinct campus
im3:a10dbb85553b41f6,im3-source:a10dbb85553b41f6,IM3 Open Source Data Center Atlas / OpenStreetMap,Observed footprint,building,Amazon IAD140,Amazon Web Services,,,,,,VA,Loudoun County,,38.98145514397075,-77.41755006424644,Mapped centroid,,Observed footprint,,,,215095.0,,,,,,,,,,,,,,,,,,,,,,,,,,,,,,,,,,,C,Open geospatial inventory,mapped building,https://doi.org/10.57931/3017294,https://www.openstreetmap.org,,,IM3 geospatial observation. Identity grain is preserved by Observation Level.,Insufficient evidence to establish or attach a distinct campus
im3:a201659777a2d118,im3-source:a201659777a2d118,IM3 Open Source Data Center Atlas / OpenStreetMap,Observed footprint,building,Amazon IAD59,Amazon Web Services,,,,,,VA,Prince William County,,38.792226001554425,-77.54844963798222,Mapped centroid,,Observed footprint,,,,127281.0,,,,,,,,,,,,,,,,,,,,,,,,,,,,,,,,,,,C,Open geospatial inventory,mapped building,https://doi.org/10.57931/3017294,https://www.openstreetmap.org,,,IM3 geospatial observation. Identity grain is preserved by Observation Level.,Insufficient evidence to establish or attach a distinct campus
im3:a254ae1bd0892d76,im3-source:a254ae1bd0892d76,IM3 Open Source Data Center Atlas / OpenStreetMap,Observed footprint,site_point,Flexential - Denver - Aurora,Flexential,,,,,,CO,Arapahoe County,,39.66104880000002,-104.8488321,Mapped centroid,,Observed footprint,,,,,,,,,,,,,,,,,,,,,,,,,,,,,,,,,,,,,,,C,Open geospatial inventory,mapped point,https://doi.org/10.57931/3017294,https://www.openstreetmap.org,,,IM3 geospatial observation. Identity grain is preserved by Observation Level.,Insufficient evidence to establish or attach a distinct campus
im3:a2bcfe8918b47215,im3-source:a2bcfe8918b47215,IM3 Open Source Data Center Atlas / OpenStreetMap,Observed footprint,building,Equinix San Jose SV3,Equinix,,,,,,CA,Santa Clara County,,37.38826955685698,-121.8884290887418,Mapped centroid,,Observed footprint,,,,109684.0,,,,,,,,,,,,,,,,,,,,,,,,,,,,,,,,,,,C,Open geospatial inventory,mapped building,https://doi.org/10.57931/3017294,https://www.openstreetmap.org,,,IM3 geospatial observation. Identity grain is preserved by Observation Level.,Insufficient evidence to establish or attach a distinct campus
im3:a2d0c75b23ea9e80,im3-source:a2d0c75b23ea9e80,IM3 Open Source Data Center Atlas / OpenStreetMap,Observed footprint,site_point,San Jose Colocation Center,CoreSite,,,,,,CA,Santa Clara County,,37.3341181,-121.891646,Mapped centroid,,Observed footprint,,,,,,,,,,,,,,,,,,,,,,,,,,,,,,,,,,,,,,,C,Open geospatial inventory,mapped point,https://doi.org/10.57931/3017294,https://www.openstreetmap.org,,,IM3 geospatial observation. Identity grain is preserved by Observation Level.,Insufficient evidence to establish or attach a distinct campus
im3:a37b0508411b69ca,im3-source:a37b0508411b69ca,IM3 Open Source Data Center Atlas / OpenStreetMap,Observed footprint,building,Equinix SV4,Equinix,,,,,,CA,Santa Clara County,,37.414564315001705,-122.0145795368534,Mapped centroid,,Observed footprint,,,,122369.0,,,,,,,,,,,,,,,,,,,,,,,,,,,,,,,,,,,C,Open geospatial inventory,mapped building,https://doi.org/10.57931/3017294,https://www.openstreetmap.org,,,IM3 geospatial observation. Identity grain is preserved by Observation Level.,Insufficient evidence to establish or attach a distinct campus
im3:a40b23792f58507c,im3-source:a40b23792f58507c,IM3 Open Source Data Center Atlas / OpenStreetMap,Observed footprint,building,Lumen Austin 1,,,,,,,TX,Travis County,,30.196499003205144,-97.71239984305176,Mapped centroid,,Observed footprint,,,,74722.0,,,,,,,,,,,,,,,,,,,,,,,,,,,,,,,,,,,C,Open geospatial inventory,mapped building,https://doi.org/10.57931/3017294,https://www.openstreetmap.org,,,IM3 geospatial observation. Identity grain is preserved by Observation Level.,Insufficient evidence to establish or attach a distinct campus
im3:a4282c4b7132a0e8,im3-source:a4282c4b7132a0e8,IM3 Open Source Data Center Atlas / OpenStreetMap,Observed footprint,building,,,,,,,,IA,Polk County,,41.51388770000002,-93.72140960000009,Mapped centroid,,Observed footprint,,,,263950.0,,,,,,,,,,,,,,,,,,,,,,,,,,,,,,,,,,,C,Open geospatial inventory,mapped building,https://doi.org/10.57931/3017294,https://www.openstreetmap.org,,,IM3 geospatial observation. Identity grain is preserved by Observation Level.,Insufficient evidence to establish or attach a distinct campus
im3:a4dc8dddc08d5e6a,im3-source:a4dc8dddc08d5e6a,IM3 Open Source Data Center Atlas / OpenStreetMap,Observed footprint,building,,,,,,,,CA,Santa Clara County,,37.37977911175433,-121.94991004387076,Mapped centroid,,Observed footprint,,,,18864.0,,,,,,,,,,,,,,,,,,,,,,,,,,,,,,,,,,,C,Open geospatial inventory,mapped building,https://doi.org/10.57931/3017294,https://www.openstreetmap.org,,,IM3 geospatial observation. Identity grain is preserved by Observation Level.,Insufficient evidence to establish or attach a distinct campus
im3:a513578607729361,im3-source:a513578607729361,IM3 Open Source Data Center Atlas / OpenStreetMap,Observed footprint,building,Flexential Phoenix - Deer Valley,Flexential,,,,,,AZ,Maricopa County,,33.68467413465491,-112.09835688437995,Mapped centroid,,Observed footprint,,,,110023.0,,,,,,,,,,,,,,,,,,,,,,,,,,,,,,,,,,,C,Open geospatial inventory,mapped building,https://doi.org/10.57931/3017294,https://www.openstreetmap.org,,,IM3 geospatial observation. Identity grain is preserved by Observation Level.,Insufficient evidence to establish or attach a distinct campus
im3:a51b98464d84630f,im3-source:a51b98464d84630f,IM3 Open Source Data Center Atlas / OpenStreetMap,Observed footprint,building,AiNET,,,,,,,MD,Prince George's County,,39.05282250798605,-76.92590821675974,Mapped centroid,,Observed footprint,,,,43057.0,,,,,,,,,,,,,,,,,,,,,,,,,,,,,,,,,,,C,Open geospatial inventory,mapped building,https://doi.org/10.57931/3017294,https://www.openstreetmap.org,,,IM3 geospatial observation. Identity grain is preserved by Observation Level.,Insufficient evidence to establish or attach a distinct campus
im3:a559472e4eac1687,im3-source:a559472e4eac1687,IM3 Open Source Data Center Atlas / OpenStreetMap,Observed footprint,building,Skybox Chicago I,Skybox,,,,,,IL,Cook County,,41.99366849037391,-87.97351851740306,Mapped centroid,,Observed footprint,,,,174575.0,,,,,,,,,,,,,,,,,,,,,,,,,,,,,,,,,,,C,Open geospatial inventory,mapped building,https://doi.org/10.57931/3017294,https://www.openstreetmap.org,,,IM3 geospatial observation. Identity grain is preserved by Observation Level.,Insufficient evidence to establish or attach a distinct campus
im3:a6c75dc38bf9e496,im3-source:a6c75dc38bf9e496,IM3 Open Source Data Center Atlas / OpenStreetMap,Observed footprint,building,,,,,,,,VA,Loudoun County,,39.05412168757841,-77.54599489144323,Mapped centroid,,Observed footprint,,,,116829.0,,,,,,,,,,,,,,,,,,,,,,,,,,,,,,,,,,,C,Open geospatial inventory,mapped building,https://doi.org/10.57931/3017294,https://www.openstreetmap.org,,,IM3 geospatial observation. Identity grain is preserved by Observation Level.,Insufficient evidence to establish or attach a distinct campus
im3:a6d6661025ca34a5,im3-source:a6d6661025ca34a5,IM3 Open Source Data Center Atlas / OpenStreetMap,Observed footprint,building,Switch Edge 1,,,,,,,NV,Clark County,,36.05914890029927,-115.21368205586587,Mapped centroid,,Observed footprint,,,,27670.0,,,,,,,,,,,,,,,,,,,,,,,,,,,,,,,,,,,C,Open geospatial inventory,mapped building,https://doi.org/10.57931/3017294,https://www.openstreetmap.org,,,IM3 geospatial observation. Identity grain is preserved by Observation Level.,Insufficient evidence to establish or attach a distinct campus
im3:a7a594a06cbf94d7,im3-source:a7a594a06cbf94d7,IM3 Open Source Data Center Atlas / OpenStreetMap,Observed footprint,building,RagingWire CA1,NTT,,,,,,CA,Sacramento County,,38.6504318296716,-121.48918647194274,Mapped centroid,,Observed footprint,,,,192302.0,,,,,,,,,,,,,,,,,,,,,,,,,,,,,,,,,,,C,Open geospatial inventory,mapped building,https://doi.org/10.57931/3017294,https://www.openstreetmap.org,,,IM3 geospatial observation. Identity grain is preserved by Observation Level.,Insufficient evidence to establish or attach a distinct campus
im3:a7c0436cc332d7b9,im3-source:a7c0436cc332d7b9,IM3 Open Source Data Center Atlas / OpenStreetMap,Observed footprint,building,,,,,,,,NJ,Somerset County,,40.59934510484041,-74.70962307665411,Mapped centroid,,Observed footprint,,,,19551.0,,,,,,,,,,,,,,,,,,,,,,,,,,,,,,,,,,,C,Open geospatial inventory,mapped building,https://doi.org/10.57931/3017294,https://www.openstreetmap.org,,,IM3 geospatial observation. Identity grain is preserved by Observation Level.,Insufficient evidence to establish or attach a distinct campus
im3:a8912fcd8d221d49,im3-source:a8912fcd8d221d49,IM3 Open Source Data Center Atlas / OpenStreetMap,Observed footprint,building,Microsoft,Microsoft,,,,,,CA,Santa Clara County,,37.36206620767396,-121.94643635566185,Mapped centroid,,Observed footprint,,,,166655.0,,,,,,,,,,,,,,,,,,,,,,,,,,,,,,,,,,,C,Open geospatial inventory,mapped building,https://doi.org/10.57931/3017294,https://www.openstreetmap.org,,,IM3 geospatial observation. Identity grain is preserved by Observation Level.,Insufficient evidence to establish or attach a distinct campus
im3:a91ac0d14548d334,im3-source:a91ac0d14548d334,IM3 Open Source Data Center Atlas / OpenStreetMap,Observed footprint,building,Centersquare: Phoenix - (PHX1 - Mesa),Centersquare,,,,,,AZ,Maricopa County,,33.421284262518114,-111.85899423010268,Mapped centroid,,Observed footprint,,,,57992.0,,,,,,,,,,,,,,,,,,,,,,,,,,,,,,,,,,,C,Open geospatial inventory,mapped building,https://doi.org/10.57931/3017294,https://www.openstreetmap.org,,,IM3 geospatial observation. Identity grain is preserved by Observation Level.,Insufficient evidence to establish or attach a distinct campus
im3:aa3712e052b8d274,im3-source:aa3712e052b8d274,IM3 Open Source Data Center Atlas / OpenStreetMap,Observed footprint,building,Cox Data Center,,,,,,,GA,Fulton County,,34.03620188650896,-84.31955321544369,Mapped centroid,,Observed footprint,,,,127858.0,,,,,,,,,,,,,,,,,,,,,,,,,,,,,,,,,,,C,Open geospatial inventory,mapped building,https://doi.org/10.57931/3017294,https://www.openstreetmap.org,,,IM3 geospatial observation. Identity grain is preserved by Observation Level.,Insufficient evidence to establish or attach a distinct campus
im3:aa4b4b8f8d9aa3b5,im3-source:aa4b4b8f8d9aa3b5,IM3 Open Source Data Center Atlas / OpenStreetMap,Observed footprint,building,CenturyLink,,,,,,,GA,Fulton County,,33.76514415946752,-84.38373631255106,Mapped centroid,,Observed footprint,,,,23046.0,,,,,,,,,,,,,,,,,,,,,,,,,,,,,,,,,,,C,Open geospatial inventory,mapped building,https://doi.org/10.57931/3017294,https://www.openstreetmap.org,,,IM3 geospatial observation. Identity grain is preserved by Observation Level.,Insufficient evidence to establish or attach a distinct campus
im3:aa5c0df4b1b0e05a,im3-source:aa5c0df4b1b0e05a,IM3 Open Source Data Center Atlas / OpenStreetMap,Observed footprint,building,Amazon IAD100,Amazon Web Services,,,,,,VA,Prince William County,,38.73459785072171,-77.50664242032276,Mapped centroid,,Observed footprint,,,,214611.0,,,,,,,,,,,,,,,,,,,,,,,,,,,,,,,,,,,C,Open geospatial inventory,mapped building,https://doi.org/10.57931/3017294,https://www.openstreetmap.org,,,IM3 geospatial observation. Identity grain is preserved by Observation Level.,Insufficient evidence to establish or attach a distinct campus
im3:aa959e3e20c8f774,im3-source:aa959e3e20c8f774,IM3 Open Source Data Center Atlas / OpenStreetMap,Observed footprint,building,Alinged Data Center,"Aligned Data Centers, LLC",,,,,,TX,Tarrant County,,32.5498227,-97.07485525,Mapped centroid,,Observed footprint,,,,188257.0,,,,,,,,,,,,,,,,,,,,,,,,,,,,,,,,,,,C,Open geospatial inventory,mapped building,https://doi.org/10.57931/3017294,https://www.openstreetmap.org,,,IM3 geospatial observation. Identity grain is preserved by Observation Level.,Insufficient evidence to establish or attach a distinct campus
im3:aaa9d09a8583838e,im3-source:aaa9d09a8583838e,IM3 Open Source Data Center Atlas / OpenStreetMap,Observed footprint,site_point,EdgeConneX Data Center,EdgeConneX,,,,,,AZ,Maricopa County,,33.39558550000002,-111.9700762,Mapped centroid,,Observed footprint,,,,,,,,,,,,,,,,,,,,,,,,,,,,,,,,,,,,,,,C,Open geospatial inventory,mapped point,https://doi.org/10.57931/3017294,https://www.openstreetmap.org,,,IM3 geospatial observation. Identity grain is preserved by Observation Level.,Insufficient evidence to establish or attach a distinct campus
im3:aabcc211055123eb,im3-source:aabcc211055123eb,IM3 Open Source Data Center Atlas / OpenStreetMap,Observed footprint,building,Vantage Building 1,Vantage,,,,,,OH,Licking County,,40.102497533899864,-82.74695373495189,Mapped centroid,,Observed footprint,,,,245446.0,,,,,,,,,,,,,,,,,,,,,,,,,,,,,,,,,,,C,Open geospatial inventory,mapped building,https://doi.org/10.57931/3017294,https://www.openstreetmap.org,,,IM3 geospatial observation. Identity grain is preserved by Observation Level.,Insufficient evidence to establish or attach a distinct campus
im3:ab388799f812a175,im3-source:ab388799f812a175,IM3 Open Source Data Center Atlas / OpenStreetMap,Observed footprint,building,,HEB,,,,,,TX,Bexar County,,29.58014145470767,-98.54132736775504,Mapped centroid,,Observed footprint,,,,36241.0,,,,,,,,,,,,,,,,,,,,,,,,,,,,,,,,,,,C,Open geospatial inventory,mapped building,https://doi.org/10.57931/3017294,https://www.openstreetmap.org,,,IM3 geospatial observation. Identity grain is preserved by Observation Level.,Insufficient evidence to establish or attach a distinct campus
im3:ac04516ac54e61c6,im3-source:ac04516ac54e61c6,IM3 Open Source Data Center Atlas / OpenStreetMap,Observed footprint,site_point,Netrality Data Centers,,,,,,,MO,Jackson County,,39.10090709999998,-94.5811452,Mapped centroid,,Observed footprint,,,,,,,,,,,,,,,,,,,,,,,,,,,,,,,,,,,,,,,C,Open geospatial inventory,mapped point,https://doi.org/10.57931/3017294,https://www.openstreetmap.org,,,IM3 geospatial observation. Identity grain is preserved by Observation Level.,Insufficient evidence to establish or attach a distinct campus
im3:acde533e350f6fe3,im3-source:acde533e350f6fe3,IM3 Open Source Data Center Atlas / OpenStreetMap,Observed footprint,building,,,,,,,,VA,Prince William County,,38.74595858499286,-77.53750920384992,Mapped centroid,,Observed footprint,,,,257960.0,,,,,,,,,,,,,,,,,,,,,,,,,,,,,,,,,,,C,Open geospatial inventory,mapped building,https://doi.org/10.57931/3017294,https://www.openstreetmap.org,,,IM3 geospatial observation. Identity grain is preserved by Observation Level.,Insufficient evidence to establish or attach a distinct campus
im3:ad8311441106da16,im3-source:ad8311441106da16,IM3 Open Source Data Center Atlas / OpenStreetMap,Observed footprint,building,,,,,,,,TN,Davidson County,,36.14048086555338,-86.76414722155243,Mapped centroid,,Observed footprint,,,,10355.0,,,,,,,,,,,,,,,,,,,,,,,,,,,,,,,,,,,C,Open geospatial inventory,mapped building,https://doi.org/10.57931/3017294,https://www.openstreetmap.org,,,IM3 geospatial observation. Identity grain is preserved by Observation Level.,Insufficient evidence to establish or attach a distinct campus
im3:aec5b6f814c3bc11,im3-source:aec5b6f814c3bc11,IM3 Open Source Data Center Atlas / OpenStreetMap,Observed footprint,building,Amazon IAD603,Amazon Web Services,,,,,,VA,Loudoun County,,38.981546018412864,-77.41935734962239,Mapped centroid,,Observed footprint,,,,14733.0,,,,,,,,,,,,,,,,,,,,,,,,,,,,,,,,,,,C,Open geospatial inventory,mapped building,https://doi.org/10.57931/3017294,https://www.openstreetmap.org,,,IM3 geospatial observation. Identity grain is preserved by Observation Level.,Insufficient evidence to establish or attach a distinct campus
im3:aeeb1ae43d674560,im3-source:aeeb1ae43d674560,IM3 Open Source Data Center Atlas / OpenStreetMap,Observed footprint,building,,,,,,,,OR,Crook County,,44.28888248420564,-120.87012500644832,Mapped centroid,,Observed footprint,,,,377457.0,,,,,,,,,,,,,,,,,,,,,,,,,,,,,,,,,,,C,Open geospatial inventory,mapped building,https://doi.org/10.57931/3017294,https://www.openstreetmap.org,,,IM3 geospatial observation. Identity grain is preserved by Observation Level.,Insufficient evidence to establish or attach a distinct campus
im3:af9de7cf7da90375,im3-source:af9de7cf7da90375,IM3 Open Source Data Center Atlas / OpenStreetMap,Observed footprint,building,,,,,,,,KS,Johnson County,,38.939199687887914,-94.86018510226674,Mapped centroid,,Observed footprint,,,,86525.0,,,,,,,,,,,,,,,,,,,,,,,,,,,,,,,,,,,C,Open geospatial inventory,mapped building,https://doi.org/10.57931/3017294,https://www.openstreetmap.org,,,IM3 geospatial observation. Identity grain is preserved by Observation Level.,Insufficient evidence to establish or attach a distinct campus
im3:afa583376ede0851,im3-source:afa583376ede0851,IM3 Open Source Data Center Atlas / OpenStreetMap,Observed footprint,building,Facebook Altoona Data Center 4,Meta,,,,,,IA,Polk County,,41.66773729663933,-93.51639855817272,Mapped centroid,,Observed footprint,,,,606958.0,,,,,,,,,,,,,,,,,,,,,,,,,,,,,,,,,,,C,Open geospatial inventory,mapped building,https://doi.org/10.57931/3017294,https://www.openstreetmap.org,,,IM3 geospatial observation. Identity grain is preserved by Observation Level.,Insufficient evidence to establish or attach a distinct campus
im3:afab77b01a9e6987,im3-source:afab77b01a9e6987,IM3 Open Source Data Center Atlas / OpenStreetMap,Observed footprint,building,Johns Hopkins Data Center,,,,,,,MD,Baltimore city,,39.29355879759163,-76.55173790932334,Mapped centroid,,Observed footprint,,,,3880.0,,,,,,,,,,,,,,,,,,,,,,,,,,,,,,,,,,,C,Open geospatial inventory,mapped building,https://doi.org/10.57931/3017294,https://www.openstreetmap.org,,,IM3 geospatial observation. Identity grain is preserved by Observation Level.,Insufficient evidence to establish or attach a distinct campus
im3:afaf5b6bcfbfabd2,im3-source:afaf5b6bcfbfabd2,IM3 Open Source Data Center Atlas / OpenStreetMap,Observed footprint,building,Microsoft - Azure Datacenter,Microsoft,,,,,,IL,Cook County,,41.923005625532106,-87.91824122551012,Mapped centroid,,Observed footprint,,,,306766.0,,,,,,,,,,,,,,,,,,,,,,,,,,,,,,,,,,,C,Open geospatial inventory,mapped building,https://doi.org/10.57931/3017294,https://www.openstreetmap.org,,,IM3 geospatial observation. Identity grain is preserved by Observation Level.,Insufficient evidence to establish or attach a distinct campus
im3:b0625d769a2b127e,im3-source:b0625d769a2b127e,IM3 Open Source Data Center Atlas / OpenStreetMap,Observed footprint,building,Flexential Louisville - Downtown,Flexential,,,,,,KY,Jefferson County,,38.24249601376218,-85.7333510411046,Mapped centroid,,Observed footprint,,,,36525.0,,,,,,,,,,,,,,,,,,,,,,,,,,,,,,,,,,,C,Open geospatial inventory,mapped building,https://doi.org/10.57931/3017294,https://www.openstreetmap.org,,,IM3 geospatial observation. Identity grain is preserved by Observation Level.,Insufficient evidence to establish or attach a distinct campus
im3:b1458fd57a13e69c,im3-source:b1458fd57a13e69c,IM3 Open Source Data Center Atlas / OpenStreetMap,Observed footprint,building,,,,,,,,TX,Bexar County,,29.45093083480222,-98.71389142378716,Mapped centroid,,Observed footprint,,,,154441.0,,,,,,,,,,,,,,,,,,,,,,,,,,,,,,,,,,,C,Open geospatial inventory,mapped building,https://doi.org/10.57931/3017294,https://www.openstreetmap.org,,,IM3 geospatial observation. Identity grain is preserved by Observation Level.,Insufficient evidence to establish or attach a distinct campus
im3:b1ca5cb0084a3e86,im3-source:b1ca5cb0084a3e86,IM3 Open Source Data Center Atlas / OpenStreetMap,Observed footprint,building,NTT RagingWire Data Center,NTT,,,,,,OR,Washington County,,45.54958398305162,-122.93739288565136,Mapped centroid,,Observed footprint,,,,260339.0,,,,,,,,,,,,,,,,,,,,,,,,,,,,,,,,,,,C,Open geospatial inventory,mapped building,https://doi.org/10.57931/3017294,https://www.openstreetmap.org,,,IM3 geospatial observation. Identity grain is preserved by Observation Level.,Insufficient evidence to establish or attach a distinct campus
im3:b1df0a5c9a5f2056,im3-source:b1df0a5c9a5f2056,IM3 Open Source Data Center Atlas / OpenStreetMap,Observed footprint,building,,,,,,,,WY,Laramie County,,41.122246200000035,-104.90951695000004,Mapped centroid,,Observed footprint,,,,216879.0,,,,,,,,,,,,,,,,,,,,,,,,,,,,,,,,,,,C,Open geospatial inventory,mapped building,https://doi.org/10.57931/3017294,https://www.openstreetmap.org,,,IM3 geospatial observation. Identity grain is preserved by Observation Level.,Insufficient evidence to establish or attach a distinct campus
im3:b1e603e854f3dfa3,im3-source:b1e603e854f3dfa3,IM3 Open Source Data Center Atlas / OpenStreetMap,Observed footprint,building,Vantage VA2,,,,,,,VA,Loudoun County,,38.99795880942856,-77.43025351538097,Mapped centroid,,Observed footprint,,,,187488.0,,,,,,,,,,,,,,,,,,,,,,,,,,,,,,,,,,,C,Open geospatial inventory,mapped building,https://doi.org/10.57931/3017294,https://www.openstreetmap.org,,,IM3 geospatial observation. Identity grain is preserved by Observation Level.,Insufficient evidence to establish or attach a distinct campus
im3:b1fd53e1f5f87e77,im3-source:b1fd53e1f5f87e77,IM3 Open Source Data Center Atlas / OpenStreetMap,Observed footprint,building,Centersquare IAD1-A,Centersquare,,,,,,VA,Loudoun County,,39.02332121137023,-77.41320102441203,Mapped centroid,,Observed footprint,,,,89830.0,,,,,,,,,,,,,,,,,,,,,,,,,,,,,,,,,,,C,Open geospatial inventory,mapped building,https://doi.org/10.57931/3017294,https://www.openstreetmap.org,,,IM3 geospatial observation. Identity grain is preserved by Observation Level.,Insufficient evidence to establish or attach a distinct campus
im3:b20497f167582628,im3-source:b20497f167582628,IM3 Open Source Data Center Atlas / OpenStreetMap,Observed footprint,building,42254 THUNDERBALL DR,True North Data Solutions,,,,,,VA,Loudoun County,,39.043501736046025,-77.54087430945884,Mapped centroid,,Observed footprint,,,,77498.0,,,,,,,,,,,,,,,,,,,,,,,,,,,,,,,,,,,C,Open geospatial inventory,mapped building,https://doi.org/10.57931/3017294,https://www.openstreetmap.org,,,IM3 geospatial observation. Identity grain is preserved by Observation Level.,Insufficient evidence to establish or attach a distinct campus
im3:b20b007dc0dbba7f,im3-source:b20b007dc0dbba7f,IM3 Open Source Data Center Atlas / OpenStreetMap,Observed footprint,building,Stream Chicago I,Stream,,,,,,IL,Cook County,,42.00260065479786,-87.9511348152422,Mapped centroid,,Observed footprint,,,,120616.0,,,,,,,,,,,,,,,,,,,,,,,,,,,,,,,,,,,C,Open geospatial inventory,mapped building,https://doi.org/10.57931/3017294,https://www.openstreetmap.org,,,IM3 geospatial observation. Identity grain is preserved by Observation Level.,Insufficient evidence to establish or attach a distinct campus
im3:b221e242efba2cdb,im3-source:b221e242efba2cdb,IM3 Open Source Data Center Atlas / OpenStreetMap,Observed footprint,building,,BNYM,,,,,,TN,Davidson County,,36.21535166057947,-86.78368364767915,Mapped centroid,,Observed footprint,,,,191585.0,,,,,,,,,,,,,,,,,,,,,,,,,,,,,,,,,,,C,Open geospatial inventory,mapped building,https://doi.org/10.57931/3017294,https://www.openstreetmap.org,,,IM3 geospatial observation. Identity grain is preserved by Observation Level.,Insufficient evidence to establish or attach a distinct campus
im3:b23a4a4f5373624c,im3-source:b23a4a4f5373624c,IM3 Open Source Data Center Atlas / OpenStreetMap,Observed footprint,building,Amazon IAD15,Amazon Web Services,,,,,,VA,Loudoun County,,38.991692894665405,-77.44857953598967,Mapped centroid,,Observed footprint,,,,103452.0,,,,,,,,,,,,,,,,,,,,,,,,,,,,,,,,,,,C,Open geospatial inventory,mapped building,https://doi.org/10.57931/3017294,https://www.openstreetmap.org,,,IM3 geospatial observation. Identity grain is preserved by Observation Level.,Insufficient evidence to establish or attach a distinct campus
im3:b2734732e141f04f,im3-source:b2734732e141f04f,IM3 Open Source Data Center Atlas / OpenStreetMap,Observed footprint,building,Data Center Lenexa,,,,,,,KS,Johnson County,,38.92517007057008,-94.77028959111604,Mapped centroid,,Observed footprint,,,,44552.0,,,,,,,,,,,,,,,,,,,,,,,,,,,,,,,,,,,C,Open geospatial inventory,mapped building,https://doi.org/10.57931/3017294,https://www.openstreetmap.org,,,IM3 geospatial observation. Identity grain is preserved by Observation Level.,Insufficient evidence to establish or attach a distinct campus
im3:b275b82f242aecfe,im3-source:b275b82f242aecfe,IM3 Open Source Data Center Atlas / OpenStreetMap,Observed footprint,building,Flexential Fort Lauderdale,Flexential,,,,,,FL,Broward County,,26.190085718674855,-80.19329665079125,Mapped centroid,,Observed footprint,,,,73580.0,,,,,,,,,,,,,,,,,,,,,,,,,,,,,,,,,,,C,Open geospatial inventory,mapped building,https://doi.org/10.57931/3017294,https://www.openstreetmap.org,,,IM3 geospatial observation. Identity grain is preserved by Observation Level.,Insufficient evidence to establish or attach a distinct campus
im3:b27e3d806b565874,im3-source:b27e3d806b565874,IM3 Open Source Data Center Atlas / OpenStreetMap,Observed footprint,building,,,,,,,,VA,Loudoun County,,39.08219103273742,-77.56511220738112,Mapped centroid,,Observed footprint,,,,200733.0,,,,,,,,,,,,,,,,,,,,,,,,,,,,,,,,,,,C,Open geospatial inventory,mapped building,https://doi.org/10.57931/3017294,https://www.openstreetmap.org,,,IM3 geospatial observation. Identity grain is preserved by Observation Level.,Insufficient evidence to establish or attach a distinct campus
im3:b312a71e251a191a,im3-source:b312a71e251a191a,IM3 Open Source Data Center Atlas / OpenStreetMap,Observed footprint,building,,,,,,,,OR,Crook County,,44.29489362877262,-120.88399839681188,Mapped centroid,,Observed footprint,,,,231830.0,,,,,,,,,,,,,,,,,,,,,,,,,,,,,,,,,,,C,Open geospatial inventory,mapped building,https://doi.org/10.57931/3017294,https://www.openstreetmap.org,,,IM3 geospatial observation. Identity grain is preserved by Observation Level.,Insufficient evidence to establish or attach a distinct campus
im3:b3a05606ee8cd5ae,im3-source:b3a05606ee8cd5ae,IM3 Open Source Data Center Atlas / OpenStreetMap,Observed footprint,building,,,,,,,,VA,Fairfax County,,38.93647913966246,-77.42469053771991,Mapped centroid,,Observed footprint,,,,131768.0,,,,,,,,,,,,,,,,,,,,,,,,,,,,,,,,,,,C,Open geospatial inventory,mapped building,https://doi.org/10.57931/3017294,https://www.openstreetmap.org,,,IM3 geospatial observation. Identity grain is preserved by Observation Level.,Insufficient evidence to establish or attach a distinct campus
im3:b420d045e44c1f14,im3-source:b420d045e44c1f14,IM3 Open Source Data Center Atlas / OpenStreetMap,Observed footprint,building,Equinix SV6,Equinix,,,,,,CA,Santa Clara County,,37.39960173954514,-122.01456250829594,Mapped centroid,,Observed footprint,,,,21678.0,,,,,,,,,,,,,,,,,,,,,,,,,,,,,,,,,,,C,Open geospatial inventory,mapped building,https://doi.org/10.57931/3017294,https://www.openstreetmap.org,,,IM3 geospatial observation. Identity grain is preserved by Observation Level.,Insufficient evidence to establish or attach a distinct campus
im3:b4a96c592c96bff6,im3-source:b4a96c592c96bff6,IM3 Open Source Data Center Atlas / OpenStreetMap,Observed footprint,building,Data Center,Oregon Health & Science University,,,,,,OR,Washington County,,45.526683793584326,-122.87550380152314,Mapped centroid,,Observed footprint,,,,25297.0,,,,,,,,,,,,,,,,,,,,,,,,,,,,,,,,,,,C,Open geospatial inventory,mapped building,https://doi.org/10.57931/3017294,https://www.openstreetmap.org,,,IM3 geospatial observation. Identity grain is preserved by Observation Level.,Insufficient evidence to establish or attach a distinct campus
im3:b5013cb88a87ad1a,im3-source:b5013cb88a87ad1a,IM3 Open Source Data Center Atlas / OpenStreetMap,Observed footprint,building,,,,,,,,VA,Fairfax County,,38.922691585310645,-77.42630675536711,Mapped centroid,,Observed footprint,,,,132753.0,,,,,,,,,,,,,,,,,,,,,,,,,,,,,,,,,,,C,Open geospatial inventory,mapped building,https://doi.org/10.57931/3017294,https://www.openstreetmap.org,,,IM3 geospatial observation. Identity grain is preserved by Observation Level.,Insufficient evidence to establish or attach a distinct campus
im3:b5be96cd69cb8704,im3-source:b5be96cd69cb8704,IM3 Open Source Data Center Atlas / OpenStreetMap,Observed footprint,building,Vantage Building 2,Vantage,,,,,,OH,Licking County,,40.1005314666298,-82.74711627359511,Mapped centroid,,Observed footprint,,,,237734.0,,,,,,,,,,,,,,,,,,,,,,,,,,,,,,,,,,,C,Open geospatial inventory,mapped building,https://doi.org/10.57931/3017294,https://www.openstreetmap.org,,,IM3 geospatial observation. Identity grain is preserved by Observation Level.,Insufficient evidence to establish or attach a distinct campus
im3:b5d0530baaa05fff,im3-source:b5d0530baaa05fff,IM3 Open Source Data Center Atlas / OpenStreetMap,Observed footprint,building,,University of New Hampshire,,,,,,NH,Strafford County,,43.14361852278147,-70.95247263094524,Mapped centroid,,Observed footprint,,,,30553.0,,,,,,,,,,,,,,,,,,,,,,,,,,,,,,,,,,,C,Open geospatial inventory,mapped building,https://doi.org/10.57931/3017294,https://www.openstreetmap.org,,,IM3 geospatial observation. Identity grain is preserved by Observation Level.,Insufficient evidence to establish or attach a distinct campus
im3:b5e9df2d51daa75f,im3-source:b5e9df2d51daa75f,IM3 Open Source Data Center Atlas / OpenStreetMap,Observed footprint,building,,,,,,,,WA,Grant County,,47.23856068045516,-119.8644527571979,Mapped centroid,,Observed footprint,,,,44446.0,,,,,,,,,,,,,,,,,,,,,,,,,,,,,,,,,,,C,Open geospatial inventory,mapped building,https://doi.org/10.57931/3017294,https://www.openstreetmap.org,,,IM3 geospatial observation. Identity grain is preserved by Observation Level.,Insufficient evidence to establish or attach a distinct campus
im3:b6dd0e295103ea0c,im3-source:b6dd0e295103ea0c,IM3 Open Source Data Center Atlas / OpenStreetMap,Observed footprint,building,,,,,,,,NJ,Middlesex County,,40.58434313637265,-74.24350729590203,Mapped centroid,,Observed footprint,,,,159389.0,,,,,,,,,,,,,,,,,,,,,,,,,,,,,,,,,,,C,Open geospatial inventory,mapped building,https://doi.org/10.57931/3017294,https://www.openstreetmap.org,,,IM3 geospatial observation. Identity grain is preserved by Observation Level.,Insufficient evidence to establish or attach a distinct campus
im3:b7c9a2d99bf9d875,im3-source:b7c9a2d99bf9d875,IM3 Open Source Data Center Atlas / OpenStreetMap,Observed footprint,building,,,,,,,,VA,Loudoun County,,39.06965446912374,-77.55943345615457,Mapped centroid,,Observed footprint,,,,247061.0,,,,,,,,,,,,,,,,,,,,,,,,,,,,,,,,,,,C,Open geospatial inventory,mapped building,https://doi.org/10.57931/3017294,https://www.openstreetmap.org,,,IM3 geospatial observation. Identity grain is preserved by Observation Level.,Insufficient evidence to establish or attach a distinct campus
im3:b7e0507574d285ae,im3-source:b7e0507574d285ae,IM3 Open Source Data Center Atlas / OpenStreetMap,Observed footprint,site_point,H5 Secaucus,H5,,,,,,NJ,Hudson County,,40.7853948,-74.0750122,Mapped centroid,,Observed footprint,,,,,,,,,,,,,,,,,,,,,,,,,,,,,,,,,,,,,,,C,Open geospatial inventory,mapped point,https://doi.org/10.57931/3017294,https://www.openstreetmap.org,,,IM3 geospatial observation. Identity grain is preserved by Observation Level.,Insufficient evidence to establish or attach a distinct campus
im3:b7e5e0079404a747,im3-source:b7e5e0079404a747,IM3 Open Source Data Center Atlas / OpenStreetMap,Observed footprint,building,QES Computers,,,,,,,CA,Alameda County,,37.699475299999975,-121.90379949999996,Mapped centroid,,Observed footprint,,,,941.0,,,,,,,,,,,,,,,,,,,,,,,,,,,,,,,,,,,C,Open geospatial inventory,mapped building,https://doi.org/10.57931/3017294,https://www.openstreetmap.org,,,IM3 geospatial observation. Identity grain is preserved by Observation Level.,Insufficient evidence to establish or attach a distinct campus
im3:b841f55dde075b71,im3-source:b841f55dde075b71,IM3 Open Source Data Center Atlas / OpenStreetMap,Observed footprint,building,,,,,,,,WI,Racine County,,42.675665166401735,-87.91840525370047,Mapped centroid,,Observed footprint,,,,9094.0,,,,,,,,,,,,,,,,,,,,,,,,,,,,,,,,,,,C,Open geospatial inventory,mapped building,https://doi.org/10.57931/3017294,https://www.openstreetmap.org,,,IM3 geospatial observation. Identity grain is preserved by Observation Level.,Insufficient evidence to establish or attach a distinct campus
im3:b86a64d22f57a835,im3-source:b86a64d22f57a835,IM3 Open Source Data Center Atlas / OpenStreetMap,Observed footprint,building,,,,,,,,ID,Ada County,,43.46334885324661,-116.27208493806933,Mapped centroid,,Observed footprint,,,,374271.0,,,,,,,,,,,,,,,,,,,,,,,,,,,,,,,,,,,C,Open geospatial inventory,mapped building,https://doi.org/10.57931/3017294,https://www.openstreetmap.org,,,IM3 geospatial observation. Identity grain is preserved by Observation Level.,Insufficient evidence to establish or attach a distinct campus
im3:b890ed6fb02de4aa,im3-source:b890ed6fb02de4aa,IM3 Open Source Data Center Atlas / OpenStreetMap,Observed footprint,site_point,NocRoom Miami IT Services,,,,,,,FL,Miami-Dade County,,25.7915453,-80.3177484,Mapped centroid,,Observed footprint,,,,,,,,,,,,,,,,,,,,,,,,,,,,,,,,,,,,,,,C,Open geospatial inventory,mapped point,https://doi.org/10.57931/3017294,https://www.openstreetmap.org,,,IM3 geospatial observation. Identity grain is preserved by Observation Level.,Insufficient evidence to establish or attach a distinct campus
im3:b8e16d9d33bf3d55,im3-source:b8e16d9d33bf3d55,IM3 Open Source Data Center Atlas / OpenStreetMap,Observed footprint,building,,,,,,,,WA,Grant County,,47.246212274500515,-119.81322935249646,Mapped centroid,,Observed footprint,,,,151976.0,,,,,,,,,,,,,,,,,,,,,,,,,,,,,,,,,,,C,Open geospatial inventory,mapped building,https://doi.org/10.57931/3017294,https://www.openstreetmap.org,,,IM3 geospatial observation. Identity grain is preserved by Observation Level.,Insufficient evidence to establish or attach a distinct campus
im3:b974c0c24b54b9ac,im3-source:b974c0c24b54b9ac,IM3 Open Source Data Center Atlas / OpenStreetMap,Observed footprint,building,KOMO Plaza West,,,,,,,WA,King County,,47.61891976010872,-122.34859631802406,Mapped centroid,,Observed footprint,,,,20239.0,,,,,,,,,,,,,,,,,,,,,,,,,,,,,,,,,,,C,Open geospatial inventory,mapped building,https://doi.org/10.57931/3017294,https://www.openstreetmap.org,,,IM3 geospatial observation. Identity grain is preserved by Observation Level.,Insufficient evidence to establish or attach a distinct campus
im3:b980240773c36d61,im3-source:b980240773c36d61,IM3 Open Source Data Center Atlas / OpenStreetMap,Observed footprint,building,Pearl Plaza Office Building,,,,,,,CO,Denver County,,39.7452303524917,-104.9793322493064,Mapped centroid,,Observed footprint,,,,48787.0,,,,,,,,,,,,,,,,,,,,,,,,,,,,,,,,,,,C,Open geospatial inventory,mapped building,https://doi.org/10.57931/3017294,https://www.openstreetmap.org,,,IM3 geospatial observation. Identity grain is preserved by Observation Level.,Insufficient evidence to establish or attach a distinct campus
im3:b9a9c061c2865b34,im3-source:b9a9c061c2865b34,IM3 Open Source Data Center Atlas / OpenStreetMap,Observed footprint,site_point,Crown Castle Baltimore,Crown Castle Fiber,,,,,,MD,Baltimore city,,39.2877017,-76.6064893,Mapped centroid,,Observed footprint,,,,,,,,,,,,,,,,,,,,,,,,,,,,,,,,,,,,,,,C,Open geospatial inventory,mapped point,https://doi.org/10.57931/3017294,https://www.openstreetmap.org,,,IM3 geospatial observation. Identity grain is preserved by Observation Level.,Insufficient evidence to establish or attach a distinct campus
im3:ba1ab4afa4f01b70,im3-source:ba1ab4afa4f01b70,IM3 Open Source Data Center Atlas / OpenStreetMap,Observed footprint,building,Lumen,Lumen Technologies,,,,,,WA,Spokane County,,47.65422558471141,-117.42000258763386,Mapped centroid,,Observed footprint,,,,25399.0,,,,,,,,,,,,,,,,,,,,,,,,,,,,,,,,,,,C,Open geospatial inventory,mapped building,https://doi.org/10.57931/3017294,https://www.openstreetmap.org,,,IM3 geospatial observation. Identity grain is preserved by Observation Level.,Insufficient evidence to establish or attach a distinct campus
im3:ba5ff8847277dd05,im3-source:ba5ff8847277dd05,IM3 Open Source Data Center Atlas / OpenStreetMap,Observed footprint,building,Allentown-TekPark,,,,,,,PA,Lehigh County,,40.544236192201154,-75.65431290641538,Mapped centroid,,Observed footprint,,,,146248.0,,,,,,,,,,,,,,,,,,,,,,,,,,,,,,,,,,,C,Open geospatial inventory,mapped building,https://doi.org/10.57931/3017294,https://www.openstreetmap.org,,,IM3 geospatial observation. Identity grain is preserved by Observation Level.,Insufficient evidence to establish or attach a distinct campus
im3:ba790bdd861af871,im3-source:ba790bdd861af871,IM3 Open Source Data Center Atlas / OpenStreetMap,Observed footprint,building,Cogent Data Center,"Cogent Communications, Inc.",,,,,,AZ,Maricopa County,,33.40025523486363,-112.04789988114663,Mapped centroid,,Observed footprint,,,,51675.0,,,,,,,,,,,,,,,,,,,,,,,,,,,,,,,,,,,C,Open geospatial inventory,mapped building,https://doi.org/10.57931/3017294,https://www.openstreetmap.org,,,IM3 geospatial observation. Identity grain is preserved by Observation Level.,Insufficient evidence to establish or attach a distinct campus
im3:bae20957dbb684c2,im3-source:bae20957dbb684c2,IM3 Open Source Data Center Atlas / OpenStreetMap,Observed footprint,building,,Verizon Wireless,,,,,,MI,Wayne County,,42.32626638267386,-83.07698605863366,Mapped centroid,,Observed footprint,,,,24933.0,,,,,,,,,,,,,,,,,,,,,,,,,,,,,,,,,,,C,Open geospatial inventory,mapped building,https://doi.org/10.57931/3017294,https://www.openstreetmap.org,,,IM3 geospatial observation. Identity grain is preserved by Observation Level.,Insufficient evidence to establish or attach a distinct campus
im3:bb52951e96a7dac1,im3-source:bb52951e96a7dac1,IM3 Open Source Data Center Atlas / OpenStreetMap,Observed footprint,site_point,Flexential Denver - Downtown,Flexential,,,,,,CO,Denver County,,39.74597020000002,-104.9941589,Mapped centroid,,Observed footprint,,,,,,,,,,,,,,,,,,,,,,,,,,,,,,,,,,,,,,,C,Open geospatial inventory,mapped point,https://doi.org/10.57931/3017294,https://www.openstreetmap.org,,,IM3 geospatial observation. Identity grain is preserved by Observation Level.,Insufficient evidence to establish or attach a distinct campus
im3:bb5e356c16b77ca2,im3-source:bb5e356c16b77ca2,IM3 Open Source Data Center Atlas / OpenStreetMap,Observed footprint,building,Amazon PDX69,Amazon Web Services,,,,,,OR,Umatilla County,,45.90509435709569,-119.32016656483712,Mapped centroid,,Observed footprint,,,,219735.0,,,,,,,,,,,,,,,,,,,,,,,,,,,,,,,,,,,C,Open geospatial inventory,mapped building,https://doi.org/10.57931/3017294,https://www.openstreetmap.org,,,IM3 geospatial observation. Identity grain is preserved by Observation Level.,Insufficient evidence to establish or attach a distinct campus
im3:bbbe26a2cc10c478,im3-source:bbbe26a2cc10c478,IM3 Open Source Data Center Atlas / OpenStreetMap,Observed footprint,building,BB&T Data Center,,,,,,,NC,Wake County,,35.83932520688815,-78.32812683896444,Mapped centroid,,Observed footprint,,,,143011.0,,,,,,,,,,,,,,,,,,,,,,,,,,,,,,,,,,,C,Open geospatial inventory,mapped building,https://doi.org/10.57931/3017294,https://www.openstreetmap.org,,,IM3 geospatial observation. Identity grain is preserved by Observation Level.,Insufficient evidence to establish or attach a distinct campus
im3:bbcc71e9db0b2e78,im3-source:bbcc71e9db0b2e78,IM3 Open Source Data Center Atlas / OpenStreetMap,Observed footprint,building,Equinix SV8,Equinix,,,,,,CA,Santa Clara County,,37.4458952191873,-122.16078171269815,Mapped centroid,,Observed footprint,,,,12034.0,,,,,,,,,,,,,,,,,,,,,,,,,,,,,,,,,,,C,Open geospatial inventory,mapped building,https://doi.org/10.57931/3017294,https://www.openstreetmap.org,,,IM3 geospatial observation. Identity grain is preserved by Observation Level.,Insufficient evidence to establish or attach a distinct campus
im3:bc8984cdf9273983,im3-source:bc8984cdf9273983,IM3 Open Source Data Center Atlas / OpenStreetMap,Observed footprint,site_point,Flexential Raleigh,Flexential,,,,,,NC,Wake County,,35.8505281,-78.8291431,Mapped centroid,,Observed footprint,,,,,,,,,,,,,,,,,,,,,,,,,,,,,,,,,,,,,,,C,Open geospatial inventory,mapped point,https://doi.org/10.57931/3017294,https://www.openstreetmap.org,,,IM3 geospatial observation. Identity grain is preserved by Observation Level.,Insufficient evidence to establish or attach a distinct campus
im3:bd116302a83b0170,im3-source:bd116302a83b0170,IM3 Open Source Data Center Atlas / OpenStreetMap,Observed footprint,building,Omnis Network,,,,,,,AZ,Maricopa County,,33.39440984504404,-111.95249099695656,Mapped centroid,,Observed footprint,,,,16956.0,,,,,,,,,,,,,,,,,,,,,,,,,,,,,,,,,,,C,Open geospatial inventory,mapped building,https://doi.org/10.57931/3017294,https://www.openstreetmap.org,,,IM3 geospatial observation. Identity grain is preserved by Observation Level.,Insufficient evidence to establish or attach a distinct campus
im3:be28006b2020d8a0,im3-source:be28006b2020d8a0,IM3 Open Source Data Center Atlas / OpenStreetMap,Observed footprint,building,CyrusOne Somerset,CyrusOne,,,,,,NJ,Somerset County,,40.53798637982361,-74.5456586596121,Mapped centroid,,Observed footprint,,,,318583.0,,,,,,,,,,,,,,,,,,,,,,,,,,,,,,,,,,,C,Open geospatial inventory,mapped building,https://doi.org/10.57931/3017294,https://www.openstreetmap.org,,,IM3 geospatial observation. Identity grain is preserved by Observation Level.,Insufficient evidence to establish or attach a distinct campus
im3:be771a138e59675a,im3-source:be771a138e59675a,IM3 Open Source Data Center Atlas / OpenStreetMap,Observed footprint,building,Google: Arcola 2,Google,,,,,,VA,Loudoun County,,38.94182145901596,-77.5274294136543,Mapped centroid,,Observed footprint,,,,289889.0,,,,,,,,,,,,,,,,,,,,,,,,,,,,,,,,,,,C,Open geospatial inventory,mapped building,https://doi.org/10.57931/3017294,https://www.openstreetmap.org,,,IM3 geospatial observation. Identity grain is preserved by Observation Level.,Insufficient evidence to establish or attach a distinct campus
im3:bebcb1d3deaf7c6c,im3-source:bebcb1d3deaf7c6c,IM3 Open Source Data Center Atlas / OpenStreetMap,Observed footprint,building,Amazon IAD62,Amazon Web Services,,,,,,VA,Loudoun County,,38.94932165,-77.5198747,Mapped centroid,,Observed footprint,,,,149941.0,,,,,,,,,,,,,,,,,,,,,,,,,,,,,,,,,,,C,Open geospatial inventory,mapped building,https://doi.org/10.57931/3017294,https://www.openstreetmap.org,,,IM3 geospatial observation. Identity grain is preserved by Observation Level.,Insufficient evidence to establish or attach a distinct campus
im3:bfb4bf3b604edb90,im3-source:bfb4bf3b604edb90,IM3 Open Source Data Center Atlas / OpenStreetMap,Observed footprint,building,EdgeConneX Detroit DET01,EdgeConneX,,,,,,MI,Oakland County,,42.44769691428137,-83.26266713526364,Mapped centroid,,Observed footprint,,,,40574.0,,,,,,,,,,,,,,,,,,,,,,,,,,,,,,,,,,,C,Open geospatial inventory,mapped building,https://doi.org/10.57931/3017294,https://www.openstreetmap.org,,,IM3 geospatial observation. Identity grain is preserved by Observation Level.,Insufficient evidence to establish or attach a distinct campus
im3:bfb85fae294540f3,im3-source:bfb85fae294540f3,IM3 Open Source Data Center Atlas / OpenStreetMap,Observed footprint,building,Minnesota Gateway Data Center,,,,,,,MN,Hennepin County,,44.97130185154053,-93.25465186950476,Mapped centroid,,Observed footprint,,,,87697.0,,,,,,,,,,,,,,,,,,,,,,,,,,,,,,,,,,,C,Open geospatial inventory,mapped building,https://doi.org/10.57931/3017294,https://www.openstreetmap.org,,,IM3 geospatial observation. Identity grain is preserved by Observation Level.,Insufficient evidence to establish or attach a distinct campus
im3:bfec31814f5a432d,im3-source:bfec31814f5a432d,IM3 Open Source Data Center Atlas / OpenStreetMap,Observed footprint,building,Google - Thornton,Google,,,,,,CO,Adams County,,39.922418556240274,-104.98324467116755,Mapped centroid,,Observed footprint,,,,86059.0,,,,,,,,,,,,,,,,,,,,,,,,,,,,,,,,,,,C,Open geospatial inventory,mapped building,https://doi.org/10.57931/3017294,https://www.openstreetmap.org,,,IM3 geospatial observation. Identity grain is preserved by Observation Level.,Insufficient evidence to establish or attach a distinct campus
im3:c0b039942c3b8f8e,im3-source:c0b039942c3b8f8e,IM3 Open Source Data Center Atlas / OpenStreetMap,Observed footprint,building,,,,,,,,WY,Laramie County,,41.125398683893145,-104.90751610807835,Mapped centroid,,Observed footprint,,,,29178.0,,,,,,,,,,,,,,,,,,,,,,,,,,,,,,,,,,,C,Open geospatial inventory,mapped building,https://doi.org/10.57931/3017294,https://www.openstreetmap.org,,,IM3 geospatial observation. Identity grain is preserved by Observation Level.,Insufficient evidence to establish or attach a distinct campus
im3:c0bfe012bdc8e073,im3-source:c0bfe012bdc8e073,IM3 Open Source Data Center Atlas / OpenStreetMap,Observed footprint,building,Vantage WA12,,,,,,,WA,Grant County,,47.25394643829158,-119.8137210783061,Mapped centroid,,Observed footprint,,,,124695.0,,,,,,,,,,,,,,,,,,,,,,,,,,,,,,,,,,,C,Open geospatial inventory,mapped building,https://doi.org/10.57931/3017294,https://www.openstreetmap.org,,,IM3 geospatial observation. Identity grain is preserved by Observation Level.,Insufficient evidence to establish or attach a distinct campus
im3:c0dbbdf734f8b8c8,im3-source:c0dbbdf734f8b8c8,IM3 Open Source Data Center Atlas / OpenStreetMap,Observed footprint,building,Amazon IAD-1,Amazon Web Services,,,,,,VA,Fairfax County,,38.8978591429832,-77.45407518556887,Mapped centroid,,Observed footprint,,,,93882.0,,,,,,,,,,,,,,,,,,,,,,,,,,,,,,,,,,,C,Open geospatial inventory,mapped building,https://doi.org/10.57931/3017294,https://www.openstreetmap.org,,,IM3 geospatial observation. Identity grain is preserved by Observation Level.,Insufficient evidence to establish or attach a distinct campus
im3:c13d2aa32b26854a,im3-source:c13d2aa32b26854a,IM3 Open Source Data Center Atlas / OpenStreetMap,Observed footprint,building,LexisNexus Springfield,,,,,,,OH,Clark County,,39.912780082512555,-83.72376141602335,Mapped centroid,,Observed footprint,,,,79937.0,,,,,,,,,,,,,,,,,,,,,,,,,,,,,,,,,,,C,Open geospatial inventory,mapped building,https://doi.org/10.57931/3017294,https://www.openstreetmap.org,,,IM3 geospatial observation. Identity grain is preserved by Observation Level.,Insufficient evidence to establish or attach a distinct campus
im3:c1422213a2e34d26,im3-source:c1422213a2e34d26,IM3 Open Source Data Center Atlas / OpenStreetMap,Observed footprint,building,Amazon PDX51/54,Amazon Web Services,,,,,,OR,Umatilla County,,45.91744775241215,-119.26773387508688,Mapped centroid,,Observed footprint,,,,260806.0,,,,,,,,,,,,,,,,,,,,,,,,,,,,,,,,,,,C,Open geospatial inventory,mapped building,https://doi.org/10.57931/3017294,https://www.openstreetmap.org,,,IM3 geospatial observation. Identity grain is preserved by Observation Level.,Insufficient evidence to establish or attach a distinct campus
im3:c17a29e3f661238b,im3-source:c17a29e3f661238b,IM3 Open Source Data Center Atlas / OpenStreetMap,Observed footprint,building,Bloomberg Data Center,Bloomberg,,,,,,NY,Rockland County,,41.03627035133484,-73.98749370210892,Mapped centroid,,Observed footprint,,,,182539.0,,,,,,,,,,,,,,,,,,,,,,,,,,,,,,,,,,,C,Open geospatial inventory,mapped building,https://doi.org/10.57931/3017294,https://www.openstreetmap.org,,,IM3 geospatial observation. Identity grain is preserved by Observation Level.,Insufficient evidence to establish or attach a distinct campus
im3:c1a8e72666075da0,im3-source:c1a8e72666075da0,IM3 Open Source Data Center Atlas / OpenStreetMap,Observed footprint,building,,US Bitcoin,,,,,,NY,Niagara County,,43.08205626882786,-79.03072271434743,Mapped centroid,,Observed footprint,,,,61559.0,,,,,,,,,,,,,,,,,,,,,,,,,,,,,,,,,,,C,Open geospatial inventory,mapped building,https://doi.org/10.57931/3017294,https://www.openstreetmap.org,,,IM3 geospatial observation. Identity grain is preserved by Observation Level.,Insufficient evidence to establish or attach a distinct campus
im3:c1d5a02f6a44fdde,im3-source:c1d5a02f6a44fdde,IM3 Open Source Data Center Atlas / OpenStreetMap,Observed footprint,building,Equinix SE3 Data Center,Equinix,,,,,,WA,King County,,47.61442272962746,-122.33974344585695,Mapped centroid,,Observed footprint,,,,12575.0,,,,,,,,,,,,,,,,,,,,,,,,,,,,,,,,,,,C,Open geospatial inventory,mapped building,https://doi.org/10.57931/3017294,https://www.openstreetmap.org,,,IM3 geospatial observation. Identity grain is preserved by Observation Level.,Insufficient evidence to establish or attach a distinct campus
im3:c20ab9556f81b085,im3-source:c20ab9556f81b085,IM3 Open Source Data Center Atlas / OpenStreetMap,Observed footprint,building,NTT Chicago CH4,NTT,,,,,,IL,DuPage County,,41.989095135556774,-88.00476482576028,Mapped centroid,,Observed footprint,,,,101346.0,,,,,,,,,,,,,,,,,,,,,,,,,,,,,,,,,,,C,Open geospatial inventory,mapped building,https://doi.org/10.57931/3017294,https://www.openstreetmap.org,,,IM3 geospatial observation. Identity grain is preserved by Observation Level.,Insufficient evidence to establish or attach a distinct campus
im3:c24c64bd38692706,im3-source:c24c64bd38692706,IM3 Open Source Data Center Atlas / OpenStreetMap,Observed footprint,building,,Verizon Wireless,,,,,,IN,Hancock County,,39.71718414807537,-85.94132960158458,Mapped centroid,,Observed footprint,,,,21005.0,,,,,,,,,,,,,,,,,,,,,,,,,,,,,,,,,,,C,Open geospatial inventory,mapped building,https://doi.org/10.57931/3017294,https://www.openstreetmap.org,,,IM3 geospatial observation. Identity grain is preserved by Observation Level.,Insufficient evidence to establish or attach a distinct campus
im3:c29f93bca4e8667a,im3-source:c29f93bca4e8667a,IM3 Open Source Data Center Atlas / OpenStreetMap,Observed footprint,building,Lumen Cleveland,,,,,,,OH,Cuyahoga County,,41.50506588324182,-81.65777529847028,Mapped centroid,,Observed footprint,,,,29490.0,,,,,,,,,,,,,,,,,,,,,,,,,,,,,,,,,,,C,Open geospatial inventory,mapped building,https://doi.org/10.57931/3017294,https://www.openstreetmap.org,,,IM3 geospatial observation. Identity grain is preserved by Observation Level.,Insufficient evidence to establish or attach a distinct campus
im3:c2d3ea00c3d48339,im3-source:c2d3ea00c3d48339,IM3 Open Source Data Center Atlas / OpenStreetMap,Observed footprint,building,Flexential Las Vegas - Downtown,Flexential,,,,,,NV,Clark County,,36.1686438,-115.14314454999996,Mapped centroid,,Observed footprint,,,,439.0,,,,,,,,,,,,,,,,,,,,,,,,,,,,,,,,,,,C,Open geospatial inventory,mapped building,https://doi.org/10.57931/3017294,https://www.openstreetmap.org,,,IM3 geospatial observation. Identity grain is preserved by Observation Level.,Insufficient evidence to establish or attach a distinct campus
im3:c3322d3dd0a6c49e,im3-source:c3322d3dd0a6c49e,IM3 Open Source Data Center Atlas / OpenStreetMap,Observed footprint,site_point,Learning GIS!,,,,,,,IN,Tippecanoe County,,40.42179,-86.9141546,Mapped centroid,,Observed footprint,,,,,,,,,,,,,,,,,,,,,,,,,,,,,,,,,,,,,,,C,Open geospatial inventory,mapped point,https://doi.org/10.57931/3017294,https://www.openstreetmap.org,,,IM3 geospatial observation. Identity grain is preserved by Observation Level.,Insufficient evidence to establish or attach a distinct campus
im3:c37e3df49f2fad40,im3-source:c37e3df49f2fad40,IM3 Open Source Data Center Atlas / OpenStreetMap,Observed footprint,building,,,,,,,,VA,Loudoun County,,39.012026832183025,-77.47156052745792,Mapped centroid,,Observed footprint,,,,48591.0,,,,,,,,,,,,,,,,,,,,,,,,,,,,,,,,,,,C,Open geospatial inventory,mapped building,https://doi.org/10.57931/3017294,https://www.openstreetmap.org,,,IM3 geospatial observation. Identity grain is preserved by Observation Level.,Insufficient evidence to establish or attach a distinct campus
im3:c38d5e60702fabb1,im3-source:c38d5e60702fabb1,IM3 Open Source Data Center Atlas / OpenStreetMap,Observed footprint,building,Geneseo Communications Inc,,,,,,,IA,Scott County,,41.55026944529302,-90.4824092252339,Mapped centroid,,Observed footprint,,,,53983.0,,,,,,,,,,,,,,,,,,,,,,,,,,,,,,,,,,,C,Open geospatial inventory,mapped building,https://doi.org/10.57931/3017294,https://www.openstreetmap.org,,,IM3 geospatial observation. Identity grain is preserved by Observation Level.,Insufficient evidence to establish or attach a distinct campus
im3:c3f4fe4b71cb9c69,im3-source:c3f4fe4b71cb9c69,IM3 Open Source Data Center Atlas / OpenStreetMap,Observed footprint,building,,West Wisconsin Telcom,,,,,,WI,Dunn County,,44.87716527003878,-91.91999887344215,Mapped centroid,,Observed footprint,,,,3368.0,,,,,,,,,,,,,,,,,,,,,,,,,,,,,,,,,,,C,Open geospatial inventory,mapped building,https://doi.org/10.57931/3017294,https://www.openstreetmap.org,,,IM3 geospatial observation. Identity grain is preserved by Observation Level.,Insufficient evidence to establish or attach a distinct campus
im3:c40069ac3bf155da,im3-source:c40069ac3bf155da,IM3 Open Source Data Center Atlas / OpenStreetMap,Observed footprint,building,,,,,,,,GA,Cobb County,,34.07070363284901,-84.67590752730379,Mapped centroid,,Observed footprint,,,,18558.0,,,,,,,,,,,,,,,,,,,,,,,,,,,,,,,,,,,C,Open geospatial inventory,mapped building,https://doi.org/10.57931/3017294,https://www.openstreetmap.org,,,IM3 geospatial observation. Identity grain is preserved by Observation Level.,Insufficient evidence to establish or attach a distinct campus
im3:c429d16e51104e8c,im3-source:c429d16e51104e8c,IM3 Open Source Data Center Atlas / OpenStreetMap,Observed footprint,building,John F. Simms Building,SONM,,,,,,NM,Santa Fe County,,35.67244389710846,-105.9565751574251,Mapped centroid,,Observed footprint,,,,31727.0,,,,,,,,,,,,,,,,,,,,,,,,,,,,,,,,,,,C,Open geospatial inventory,mapped building,https://doi.org/10.57931/3017294,https://www.openstreetmap.org,,,IM3 geospatial observation. Identity grain is preserved by Observation Level.,Insufficient evidence to establish or attach a distinct campus
im3:c487c50b05949d88,im3-source:c487c50b05949d88,IM3 Open Source Data Center Atlas / OpenStreetMap,Observed footprint,site_point,Lumen Albany 4,Lumen Technologies,,,,,,NY,Albany County,,42.73563079999996,-73.818665,Mapped centroid,,Observed footprint,,,,,,,,,,,,,,,,,,,,,,,,,,,,,,,,,,,,,,,C,Open geospatial inventory,mapped point,https://doi.org/10.57931/3017294,https://www.openstreetmap.org,,,IM3 geospatial observation. Identity grain is preserved by Observation Level.,Insufficient evidence to establish or attach a distinct campus
im3:c4baeca5c2828665,im3-source:c4baeca5c2828665,IM3 Open Source Data Center Atlas / OpenStreetMap,Observed footprint,building,NCAR-Wyoming Supercomputing Center,University Corporation for Atmospheric Research,,,,,,WY,Laramie County,,41.12879048780395,-104.8974867935568,Mapped centroid,,Observed footprint,,,,101129.0,,,,,,,,,,,,,,,,,,,,,,,,,,,,,,,,,,,C,Open geospatial inventory,mapped building,https://doi.org/10.57931/3017294,https://www.openstreetmap.org,,,IM3 geospatial observation. Identity grain is preserved by Observation Level.,Insufficient evidence to establish or attach a distinct campus
im3:c58f80ecff9d44f3,im3-source:c58f80ecff9d44f3,IM3 Open Source Data Center Atlas / OpenStreetMap,Observed footprint,building,,,,,,,,WY,Laramie County,,41.126459737456805,-104.89953749541426,Mapped centroid,,Observed footprint,,,,33657.0,,,,,,,,,,,,,,,,,,,,,,,,,,,,,,,,,,,C,Open geospatial inventory,mapped building,https://doi.org/10.57931/3017294,https://www.openstreetmap.org,,,IM3 geospatial observation. Identity grain is preserved by Observation Level.,Insufficient evidence to establish or attach a distinct campus
im3:c5944c0b7174d476,im3-source:c5944c0b7174d476,IM3 Open Source Data Center Atlas / OpenStreetMap,Observed footprint,building,Amazon IAD7,Amazon Web Services,,,,,,VA,Prince William County,,38.79120374713517,-77.53827709190358,Mapped centroid,,Observed footprint,,,,109423.0,,,,,,,,,,,,,,,,,,,,,,,,,,,,,,,,,,,C,Open geospatial inventory,mapped building,https://doi.org/10.57931/3017294,https://www.openstreetmap.org,,,IM3 geospatial observation. Identity grain is preserved by Observation Level.,Insufficient evidence to establish or attach a distinct campus
im3:c5a1ec047c0e599d,im3-source:c5a1ec047c0e599d,IM3 Open Source Data Center Atlas / OpenStreetMap,Observed footprint,building,,,,,,,,MT,Granite County,,46.33213162018421,-113.2926719454952,Mapped centroid,,Observed footprint,,,,1510.0,,,,,,,,,,,,,,,,,,,,,,,,,,,,,,,,,,,C,Open geospatial inventory,mapped building,https://doi.org/10.57931/3017294,https://www.openstreetmap.org,,,IM3 geospatial observation. Identity grain is preserved by Observation Level.,Insufficient evidence to establish or attach a distinct campus
im3:c5e759eeb5473b77,im3-source:c5e759eeb5473b77,IM3 Open Source Data Center Atlas / OpenStreetMap,Observed footprint,building,,,,,,,,OH,Hamilton County,,39.29404817711078,-84.41211321321835,Mapped centroid,,Observed footprint,,,,13074.0,,,,,,,,,,,,,,,,,,,,,,,,,,,,,,,,,,,C,Open geospatial inventory,mapped building,https://doi.org/10.57931/3017294,https://www.openstreetmap.org,,,IM3 geospatial observation. Identity grain is preserved by Observation Level.,Insufficient evidence to establish or attach a distinct campus
im3:c6ddb5f987266625,im3-source:c6ddb5f987266625,IM3 Open Source Data Center Atlas / OpenStreetMap,Observed footprint,building,KOMO Plaza East,,,,,,,WA,King County,,47.61932493293369,-122.34815288155676,Mapped centroid,,Observed footprint,,,,45743.0,,,,,,,,,,,,,,,,,,,,,,,,,,,,,,,,,,,C,Open geospatial inventory,mapped building,https://doi.org/10.57931/3017294,https://www.openstreetmap.org,,,IM3 geospatial observation. Identity grain is preserved by Observation Level.,Insufficient evidence to establish or attach a distinct campus
im3:c6f7534899ec62dc,im3-source:c6f7534899ec62dc,IM3 Open Source Data Center Atlas / OpenStreetMap,Observed footprint,building,Flexential Salt Lake City - Millcreek,Flexential,,,,,,UT,Salt Lake County,,40.685525184420506,-111.88504405866485,Mapped centroid,,Observed footprint,,,,28092.0,,,,,,,,,,,,,,,,,,,,,,,,,,,,,,,,,,,C,Open geospatial inventory,mapped building,https://doi.org/10.57931/3017294,https://www.openstreetmap.org,,,IM3 geospatial observation. Identity grain is preserved by Observation Level.,Insufficient evidence to establish or attach a distinct campus
im3:c747b703f98f370c,im3-source:c747b703f98f370c,IM3 Open Source Data Center Atlas / OpenStreetMap,Observed footprint,building,Amazon IAD122,Amazon Web Services,,,,,,VA,Loudoun County,,38.95586322416396,-77.49717992352807,Mapped centroid,,Observed footprint,,,,153273.0,,,,,,,,,,,,,,,,,,,,,,,,,,,,,,,,,,,C,Open geospatial inventory,mapped building,https://doi.org/10.57931/3017294,https://www.openstreetmap.org,,,IM3 geospatial observation. Identity grain is preserved by Observation Level.,Insufficient evidence to establish or attach a distinct campus
im3:c77902270e1b2e89,im3-source:c77902270e1b2e89,IM3 Open Source Data Center Atlas / OpenStreetMap,Observed footprint,building,Centersquare Atlanta ATL1,,,,,,,GA,Douglas County,,33.7442284111273,-84.58121646990838,Mapped centroid,,Observed footprint,,,,249314.0,,,,,,,,,,,,,,,,,,,,,,,,,,,,,,,,,,,C,Open geospatial inventory,mapped building,https://doi.org/10.57931/3017294,https://www.openstreetmap.org,,,IM3 geospatial observation. Identity grain is preserved by Observation Level.,Insufficient evidence to establish or attach a distinct campus
im3:c7b862ef84fe47c0,im3-source:c7b862ef84fe47c0,IM3 Open Source Data Center Atlas / OpenStreetMap,Observed footprint,building,Sabey Intergate.Ashburn (Building A),Sabey Data Centers,,,,,,VA,Loudoun County,,39.01449812060737,-77.4799880088731,Mapped centroid,,Observed footprint,,,,131966.0,,,,,,,,,,,,,,,,,,,,,,,,,,,,,,,,,,,C,Open geospatial inventory,mapped building,https://doi.org/10.57931/3017294,https://www.openstreetmap.org,,,IM3 geospatial observation. Identity grain is preserved by Observation Level.,Insufficient evidence to establish or attach a distinct campus
im3:c82b09cfd19184da,im3-source:c82b09cfd19184da,IM3 Open Source Data Center Atlas / OpenStreetMap,Observed footprint,site_point,TulsaConnect DC3,,,,,,,OK,Tulsa County,,36.09947349999995,-95.8382826,Mapped centroid,,Observed footprint,,,,,,,,,,,,,,,,,,,,,,,,,,,,,,,,,,,,,,,C,Open geospatial inventory,mapped point,https://doi.org/10.57931/3017294,https://www.openstreetmap.org,,,IM3 geospatial observation. Identity grain is preserved by Observation Level.,Insufficient evidence to establish or attach a distinct campus
im3:c85ea4bcda92bfd5,im3-source:c85ea4bcda92bfd5,IM3 Open Source Data Center Atlas / OpenStreetMap,Observed footprint,building,Digital Realty,Digital Realty,,,,,,VA,Fairfax County,,38.910132698881334,-77.47258022000781,Mapped centroid,,Observed footprint,,,,72337.0,,,,,,,,,,,,,,,,,,,,,,,,,,,,,,,,,,,C,Open geospatial inventory,mapped building,https://doi.org/10.57931/3017294,https://www.openstreetmap.org,,,IM3 geospatial observation. Identity grain is preserved by Observation Level.,Insufficient evidence to establish or attach a distinct campus
im3:c863eb57ad1ceeef,im3-source:c863eb57ad1ceeef,IM3 Open Source Data Center Atlas / OpenStreetMap,Observed footprint,site_point,Google Fiber,Google,,,,,,GA,Fulton County,,33.77156769999996,-84.3668585,Mapped centroid,,Observed footprint,,,,,,,,,,,,,,,,,,,,,,,,,,,,,,,,,,,,,,,C,Open geospatial inventory,mapped point,https://doi.org/10.57931/3017294,https://www.openstreetmap.org,,,IM3 geospatial observation. Identity grain is preserved by Observation Level.,Insufficient evidence to establish or attach a distinct campus
im3:c876e358a6115b5c,im3-source:c876e358a6115b5c,IM3 Open Source Data Center Atlas / OpenStreetMap,Observed footprint,building,Central Office,AT&T,,,,,,WI,Walworth County,,42.83365364532872,-88.73398014169885,Mapped centroid,,Observed footprint,,,,9001.0,,,,,,,,,,,,,,,,,,,,,,,,,,,,,,,,,,,C,Open geospatial inventory,mapped building,https://doi.org/10.57931/3017294,https://www.openstreetmap.org,,,IM3 geospatial observation. Identity grain is preserved by Observation Level.,Insufficient evidence to establish or attach a distinct campus
im3:c9d41da2b8309096,im3-source:c9d41da2b8309096,IM3 Open Source Data Center Atlas / OpenStreetMap,Observed footprint,building,EdgeConneX CHI02,EdgeConneX,,,,,,IL,Cook County,,42.00149437449882,-87.95256335827521,Mapped centroid,,Observed footprint,,,,64358.0,,,,,,,,,,,,,,,,,,,,,,,,,,,,,,,,,,,C,Open geospatial inventory,mapped building,https://doi.org/10.57931/3017294,https://www.openstreetmap.org,,,IM3 geospatial observation. Identity grain is preserved by Observation Level.,Insufficient evidence to establish or attach a distinct campus
im3:c9ee0a9b5a114d14,im3-source:c9ee0a9b5a114d14,IM3 Open Source Data Center Atlas / OpenStreetMap,Observed footprint,building,NTT Chicago CH2,NTT,,,,,,IL,DuPage County,,41.98896680922324,-88.00725702826433,Mapped centroid,,Observed footprint,,,,115555.0,,,,,,,,,,,,,,,,,,,,,,,,,,,,,,,,,,,C,Open geospatial inventory,mapped building,https://doi.org/10.57931/3017294,https://www.openstreetmap.org,,,IM3 geospatial observation. Identity grain is preserved by Observation Level.,Insufficient evidence to establish or attach a distinct campus
im3:c9efc3371695264a,im3-source:c9efc3371695264a,IM3 Open Source Data Center Atlas / OpenStreetMap,Observed footprint,building,amnet Data Center,,,,,,,CT,Western Connecticut Planning Region,,41.09183280614633,-73.51671558511936,Mapped centroid,,Observed footprint,,,,10526.0,,,,,,,,,,,,,,,,,,,,,,,,,,,,,,,,,,,C,Open geospatial inventory,mapped building,https://doi.org/10.57931/3017294,https://www.openstreetmap.org,,,IM3 geospatial observation. Identity grain is preserved by Observation Level.,Insufficient evidence to establish or attach a distinct campus
im3:ca1711a286b63ca4,im3-source:ca1711a286b63ca4,IM3 Open Source Data Center Atlas / OpenStreetMap,Observed footprint,building,,,,,,,,OH,Licking County,,40.05924763232163,-82.76269811423298,Mapped centroid,,Observed footprint,,,,95190.0,,,,,,,,,,,,,,,,,,,,,,,,,,,,,,,,,,,C,Open geospatial inventory,mapped building,https://doi.org/10.57931/3017294,https://www.openstreetmap.org,,,IM3 geospatial observation. Identity grain is preserved by Observation Level.,Insufficient evidence to establish or attach a distinct campus
im3:cacfa2bd974c93e3,im3-source:cacfa2bd974c93e3,IM3 Open Source Data Center Atlas / OpenStreetMap,Observed footprint,building,Flexential Charlotte - South,Flexential,,,,,,NC,Mecklenburg County,,35.135430649447706,-80.93687157945992,Mapped centroid,,Observed footprint,,,,33741.0,,,,,,,,,,,,,,,,,,,,,,,,,,,,,,,,,,,C,Open geospatial inventory,mapped building,https://doi.org/10.57931/3017294,https://www.openstreetmap.org,,,IM3 geospatial observation. Identity grain is preserved by Observation Level.,Insufficient evidence to establish or attach a distinct campus
im3:cad763f4e9a1a7db,im3-source:cad763f4e9a1a7db,IM3 Open Source Data Center Atlas / OpenStreetMap,Observed footprint,building,CyrusOne PHX5,CyrusOne,,,,,,AZ,Maricopa County,,33.26974106961745,-111.881586965914,Mapped centroid,,Observed footprint,,,,102958.0,,,,,,,,,,,,,,,,,,,,,,,,,,,,,,,,,,,C,Open geospatial inventory,mapped building,https://doi.org/10.57931/3017294,https://www.openstreetmap.org,,,IM3 geospatial observation. Identity grain is preserved by Observation Level.,Insufficient evidence to establish or attach a distinct campus
im3:cb18b23c5c1dac00,im3-source:cb18b23c5c1dac00,IM3 Open Source Data Center Atlas / OpenStreetMap,Observed footprint,building,,,,,,,,IA,Polk County,,41.51686365522525,-93.7197672448696,Mapped centroid,,Observed footprint,,,,248069.0,,,,,,,,,,,,,,,,,,,,,,,,,,,,,,,,,,,C,Open geospatial inventory,mapped building,https://doi.org/10.57931/3017294,https://www.openstreetmap.org,,,IM3 geospatial observation. Identity grain is preserved by Observation Level.,Insufficient evidence to establish or attach a distinct campus
im3:cb64788f4124f7b0,im3-source:cb64788f4124f7b0,IM3 Open Source Data Center Atlas / OpenStreetMap,Observed footprint,building,Digital Fortress Lynnwood,,,,,,,WA,Snohomish County,,47.82242518552539,-122.28956096661088,Mapped centroid,,Observed footprint,,,,24944.0,,,,,,,,,,,,,,,,,,,,,,,,,,,,,,,,,,,C,Open geospatial inventory,mapped building,https://doi.org/10.57931/3017294,https://www.openstreetmap.org,,,IM3 geospatial observation. Identity grain is preserved by Observation Level.,Insufficient evidence to establish or attach a distinct campus
im3:cbb4c7dbcb91a855,im3-source:cbb4c7dbcb91a855,IM3 Open Source Data Center Atlas / OpenStreetMap,Observed footprint,building,,,,,,,,WA,Grant County,,47.24364491437715,-119.86905124991448,Mapped centroid,,Observed footprint,,,,119147.0,,,,,,,,,,,,,,,,,,,,,,,,,,,,,,,,,,,C,Open geospatial inventory,mapped building,https://doi.org/10.57931/3017294,https://www.openstreetmap.org,,,IM3 geospatial observation. Identity grain is preserved by Observation Level.,Insufficient evidence to establish or attach a distinct campus
im3:cc1f1aeef87f5c96,im3-source:cc1f1aeef87f5c96,IM3 Open Source Data Center Atlas / OpenStreetMap,Observed footprint,building,Carrier Services Group,,,,,,,OH,Mahoning County,,41.04105972805057,-80.63309049267484,Mapped centroid,,Observed footprint,,,,75379.0,,,,,,,,,,,,,,,,,,,,,,,,,,,,,,,,,,,C,Open geospatial inventory,mapped building,https://doi.org/10.57931/3017294,https://www.openstreetmap.org,,,IM3 geospatial observation. Identity grain is preserved by Observation Level.,Insufficient evidence to establish or attach a distinct campus
im3:cc2aef724a484234,im3-source:cc2aef724a484234,IM3 Open Source Data Center Atlas / OpenStreetMap,Observed footprint,building,Walmart Colorado Data Center,Walmart,,,,,,CO,El Paso County,,38.985746206103315,-104.78726997707008,Mapped centroid,,Observed footprint,,,,219542.0,,,,,,,,,,,,,,,,,,,,,,,,,,,,,,,,,,,C,Open geospatial inventory,mapped building,https://doi.org/10.57931/3017294,https://www.openstreetmap.org,,,IM3 geospatial observation. Identity grain is preserved by Observation Level.,Insufficient evidence to establish or attach a distinct campus
im3:ccac6d1c72cea063,im3-source:ccac6d1c72cea063,IM3 Open Source Data Center Atlas / OpenStreetMap,Observed footprint,building,,,,,,,,IA,Pottawattamie County,,41.2120989894466,-95.8779136643066,Mapped centroid,,Observed footprint,,,,117949.0,,,,,,,,,,,,,,,,,,,,,,,,,,,,,,,,,,,C,Open geospatial inventory,mapped building,https://doi.org/10.57931/3017294,https://www.openstreetmap.org,,,IM3 geospatial observation. Identity grain is preserved by Observation Level.,Insufficient evidence to establish or attach a distinct campus
im3:cd17f5f0bd7c5395,im3-source:cd17f5f0bd7c5395,IM3 Open Source Data Center Atlas / OpenStreetMap,Observed footprint,building,TierPoint,,,,,,,WA,Spokane County,,47.671916867154664,-117.0959347762232,Mapped centroid,,Observed footprint,,,,14435.0,,,,,,,,,,,,,,,,,,,,,,,,,,,,,,,,,,,C,Open geospatial inventory,mapped building,https://doi.org/10.57931/3017294,https://www.openstreetmap.org,,,IM3 geospatial observation. Identity grain is preserved by Observation Level.,Insufficient evidence to establish or attach a distinct campus
im3:cd6f3d3bfc2018e3,im3-source:cd6f3d3bfc2018e3,IM3 Open Source Data Center Atlas / OpenStreetMap,Observed footprint,building,Amazon IAD118,Amazon Web Services,,,,,,VA,Loudoun County,,39.01850733347008,-77.4388392380639,Mapped centroid,,Observed footprint,,,,105629.0,,,,,,,,,,,,,,,,,,,,,,,,,,,,,,,,,,,C,Open geospatial inventory,mapped building,https://doi.org/10.57931/3017294,https://www.openstreetmap.org,,,IM3 geospatial observation. Identity grain is preserved by Observation Level.,Insufficient evidence to establish or attach a distinct campus
im3:cd8b3519b9c4a120,im3-source:cd8b3519b9c4a120,IM3 Open Source Data Center Atlas / OpenStreetMap,Observed footprint,building,Vantage Building 3,Vantage,,,,,,OH,Licking County,,40.09876528217886,-82.74724322673228,Mapped centroid,,Observed footprint,,,,222450.0,,,,,,,,,,,,,,,,,,,,,,,,,,,,,,,,,,,C,Open geospatial inventory,mapped building,https://doi.org/10.57931/3017294,https://www.openstreetmap.org,,,IM3 geospatial observation. Identity grain is preserved by Observation Level.,Insufficient evidence to establish or attach a distinct campus
im3:cd95a6411f77f4e7,im3-source:cd95a6411f77f4e7,IM3 Open Source Data Center Atlas / OpenStreetMap,Observed footprint,building,PSE&G Delivery Emergency Response Center,PSE&G,,,,,,NJ,Somerset County,,40.57989412679593,-74.51939325799674,Mapped centroid,,Observed footprint,,,,85030.0,,,,,,,,,,,,,,,,,,,,,,,,,,,,,,,,,,,C,Open geospatial inventory,mapped building,https://doi.org/10.57931/3017294,https://www.openstreetmap.org,,,IM3 geospatial observation. Identity grain is preserved by Observation Level.,Insufficient evidence to establish or attach a distinct campus
im3:cd9fe4a9a593c1ad,im3-source:cd9fe4a9a593c1ad,IM3 Open Source Data Center Atlas / OpenStreetMap,Observed footprint,building,VISA Data Center,,,,,,,VA,Loudoun County,,39.04872821848494,-77.44541550465279,Mapped centroid,,Observed footprint,,,,349987.0,,,,,,,,,,,,,,,,,,,,,,,,,,,,,,,,,,,C,Open geospatial inventory,mapped building,https://doi.org/10.57931/3017294,https://www.openstreetmap.org,,,IM3 geospatial observation. Identity grain is preserved by Observation Level.,Insufficient evidence to establish or attach a distinct campus
im3:cda9e395410e6a64,im3-source:cda9e395410e6a64,IM3 Open Source Data Center Atlas / OpenStreetMap,Observed footprint,building,Apple,Apple,,,,,,IA,Dallas County,,41.61685111202472,-93.92440196310235,Mapped centroid,,Observed footprint,,,,313804.0,,,,,,,,,,,,,,,,,,,,,,,,,,,,,,,,,,,C,Open geospatial inventory,mapped building,https://doi.org/10.57931/3017294,https://www.openstreetmap.org,,,IM3 geospatial observation. Identity grain is preserved by Observation Level.,Insufficient evidence to establish or attach a distinct campus
im3:ce138a100d1c3382,im3-source:ce138a100d1c3382,IM3 Open Source Data Center Atlas / OpenStreetMap,Observed footprint,building,,,,,,,,WA,Grant County,,47.23881859583006,-119.85935927491118,Mapped centroid,,Observed footprint,,,,44365.0,,,,,,,,,,,,,,,,,,,,,,,,,,,,,,,,,,,C,Open geospatial inventory,mapped building,https://doi.org/10.57931/3017294,https://www.openstreetmap.org,,,IM3 geospatial observation. Identity grain is preserved by Observation Level.,Insufficient evidence to establish or attach a distinct campus
im3:ceadecf684ae9b87,im3-source:ceadecf684ae9b87,IM3 Open Source Data Center Atlas / OpenStreetMap,Observed footprint,building,T-Mobile Everglades MSO Data Center,,,,,,,FL,Broward County,,26.18499694122674,-80.28691594164567,Mapped centroid,,Observed footprint,,,,49233.0,,,,,,,,,,,,,,,,,,,,,,,,,,,,,,,,,,,C,Open geospatial inventory,mapped building,https://doi.org/10.57931/3017294,https://www.openstreetmap.org,,,IM3 geospatial observation. Identity grain is preserved by Observation Level.,Insufficient evidence to establish or attach a distinct campus
im3:cf0f1dd2850b3caa,im3-source:cf0f1dd2850b3caa,IM3 Open Source Data Center Atlas / OpenStreetMap,Observed footprint,building,CoreSite SV8,CoreSite,,,,,,CA,Santa Clara County,,37.37738265663316,-121.97184005129328,Mapped centroid,,Observed footprint,,,,41609.0,,,,,,,,,,,,,,,,,,,,,,,,,,,,,,,,,,,C,Open geospatial inventory,mapped building,https://doi.org/10.57931/3017294,https://www.openstreetmap.org,,,IM3 geospatial observation. Identity grain is preserved by Observation Level.,Insufficient evidence to establish or attach a distinct campus
im3:cf14e38fc9c72621,im3-source:cf14e38fc9c72621,IM3 Open Source Data Center Atlas / OpenStreetMap,Observed footprint,building,Rackspace Belmont NYC2,,,,,,,NJ,Somerset County,,40.540838868576394,-74.53749197339523,Mapped centroid,,Observed footprint,,,,57471.0,,,,,,,,,,,,,,,,,,,,,,,,,,,,,,,,,,,C,Open geospatial inventory,mapped building,https://doi.org/10.57931/3017294,https://www.openstreetmap.org,,,IM3 geospatial observation. Identity grain is preserved by Observation Level.,Insufficient evidence to establish or attach a distinct campus
im3:cfd2862d6bf1f435,im3-source:cfd2862d6bf1f435,IM3 Open Source Data Center Atlas / OpenStreetMap,Observed footprint,site_point,FCR,,,,,,,OR,Josephine County,,42.43788240000002,-123.3286299,Mapped centroid,,Observed footprint,,,,,,,,,,,,,,,,,,,,,,,,,,,,,,,,,,,,,,,C,Open geospatial inventory,mapped point,https://doi.org/10.57931/3017294,https://www.openstreetmap.org,,,IM3 geospatial observation. Identity grain is preserved by Observation Level.,Insufficient evidence to establish or attach a distinct campus
im3:d02aa6643462aa8b,im3-source:d02aa6643462aa8b,IM3 Open Source Data Center Atlas / OpenStreetMap,Observed footprint,building,,TierPoint,,,,,,MA,Essex County,,42.68570898636425,-71.20859932048867,Mapped centroid,,Observed footprint,,,,51354.0,,,,,,,,,,,,,,,,,,,,,,,,,,,,,,,,,,,C,Open geospatial inventory,mapped building,https://doi.org/10.57931/3017294,https://www.openstreetmap.org,,,IM3 geospatial observation. Identity grain is preserved by Observation Level.,Insufficient evidence to establish or attach a distinct campus
im3:d0c25a0d7a7f7b9b,im3-source:d0c25a0d7a7f7b9b,IM3 Open Source Data Center Atlas / OpenStreetMap,Observed footprint,building,CoreSite SV7,CoreSite,,,,,,CA,Santa Clara County,,37.376078768732455,-121.97305665058126,Mapped centroid,,Observed footprint,,,,60989.0,,,,,,,,,,,,,,,,,,,,,,,,,,,,,,,,,,,C,Open geospatial inventory,mapped building,https://doi.org/10.57931/3017294,https://www.openstreetmap.org,,,IM3 geospatial observation. Identity grain is preserved by Observation Level.,Insufficient evidence to establish or attach a distinct campus
im3:d0c9f44b3d81067e,im3-source:d0c9f44b3d81067e,IM3 Open Source Data Center Atlas / OpenStreetMap,Observed footprint,building,,,,,,,,VA,Loudoun County,,39.017947770701504,-77.45947386640835,Mapped centroid,,Observed footprint,,,,158127.0,,,,,,,,,,,,,,,,,,,,,,,,,,,,,,,,,,,C,Open geospatial inventory,mapped building,https://doi.org/10.57931/3017294,https://www.openstreetmap.org,,,IM3 geospatial observation. Identity grain is preserved by Observation Level.,Insufficient evidence to establish or attach a distinct campus
im3:d0cc4b137e41a976,im3-source:d0cc4b137e41a976,IM3 Open Source Data Center Atlas / OpenStreetMap,Observed footprint,building,365 Bridgewater NJ,,,,,,,NJ,Somerset County,,40.581474467451606,-74.57387794233792,Mapped centroid,,Observed footprint,,,,28468.0,,,,,,,,,,,,,,,,,,,,,,,,,,,,,,,,,,,C,Open geospatial inventory,mapped building,https://doi.org/10.57931/3017294,https://www.openstreetmap.org,,,IM3 geospatial observation. Identity grain is preserved by Observation Level.,Insufficient evidence to establish or attach a distinct campus
im3:d23fb8141261c684,im3-source:d23fb8141261c684,IM3 Open Source Data Center Atlas / OpenStreetMap,Observed footprint,building,,,,,,,,AZ,Maricopa County,,33.346322520383055,-111.62891661261796,Mapped centroid,,Observed footprint,,,,652573.0,,,,,,,,,,,,,,,,,,,,,,,,,,,,,,,,,,,C,Open geospatial inventory,mapped building,https://doi.org/10.57931/3017294,https://www.openstreetmap.org,,,IM3 geospatial observation. Identity grain is preserved by Observation Level.,Insufficient evidence to establish or attach a distinct campus
im3:d2584c16be68ee92,im3-source:d2584c16be68ee92,IM3 Open Source Data Center Atlas / OpenStreetMap,Observed footprint,building,,,,,,,,VA,Loudoun County,,38.94801698960199,-77.55898682545464,Mapped centroid,,Observed footprint,,,,130181.0,,,,,,,,,,,,,,,,,,,,,,,,,,,,,,,,,,,C,Open geospatial inventory,mapped building,https://doi.org/10.57931/3017294,https://www.openstreetmap.org,,,IM3 geospatial observation. Identity grain is preserved by Observation Level.,Insufficient evidence to establish or attach a distinct campus
im3:d2e6416d2c989f04,im3-source:d2e6416d2c989f04,IM3 Open Source Data Center Atlas / OpenStreetMap,Observed footprint,building,George C. Wallace Alabama Supercomputer Center,Alabama Supercomputer Authority,,,,,,AL,Madison County,,34.73654090272532,-86.67309882774701,Mapped centroid,,Observed footprint,,,,14919.0,,,,,,,,,,,,,,,,,,,,,,,,,,,,,,,,,,,C,Open geospatial inventory,mapped building,https://doi.org/10.57931/3017294,https://www.openstreetmap.org,,,IM3 geospatial observation. Identity grain is preserved by Observation Level.,Insufficient evidence to establish or attach a distinct campus
im3:d30b877297225d31,im3-source:d30b877297225d31,IM3 Open Source Data Center Atlas / OpenStreetMap,Observed footprint,building,H5 Minneapolis,H5,,,,,,MN,Ramsey County,,44.97225310056339,-93.14746015568032,Mapped centroid,,Observed footprint,,,,108201.0,,,,,,,,,,,,,,,,,,,,,,,,,,,,,,,,,,,C,Open geospatial inventory,mapped building,https://doi.org/10.57931/3017294,https://www.openstreetmap.org,,,IM3 geospatial observation. Identity grain is preserved by Observation Level.,Insufficient evidence to establish or attach a distinct campus
im3:d396b87a8bb0cf77,im3-source:d396b87a8bb0cf77,IM3 Open Source Data Center Atlas / OpenStreetMap,Observed footprint,site_point,STACK Infrastructure,"Stack Infrastructure, Incorporated",,,,,,CA,Santa Clara County,,37.402744900000016,-121.891051,Mapped centroid,,Observed footprint,,,,,,,,,,,,,,,,,,,,,,,,,,,,,,,,,,,,,,,C,Open geospatial inventory,mapped point,https://doi.org/10.57931/3017294,https://www.openstreetmap.org,,,IM3 geospatial observation. Identity grain is preserved by Observation Level.,Insufficient evidence to establish or attach a distinct campus
im3:d39a3d2412f02d75,im3-source:d39a3d2412f02d75,IM3 Open Source Data Center Atlas / OpenStreetMap,Observed footprint,building,Carfax,,,,,,,MO,Boone County,,38.92351196971867,-92.28862384314512,Mapped centroid,,Observed footprint,,,,39487.0,,,,,,,,,,,,,,,,,,,,,,,,,,,,,,,,,,,C,Open geospatial inventory,mapped building,https://doi.org/10.57931/3017294,https://www.openstreetmap.org,,,IM3 geospatial observation. Identity grain is preserved by Observation Level.,Insufficient evidence to establish or attach a distinct campus
im3:d39e26b10c53a890,im3-source:d39e26b10c53a890,IM3 Open Source Data Center Atlas / OpenStreetMap,Observed footprint,building,Amazon IAD78,Amazon Web Services,,,,,,VA,Loudoun County,,39.026368047566855,-77.44952022705412,Mapped centroid,,Observed footprint,,,,147979.0,,,,,,,,,,,,,,,,,,,,,,,,,,,,,,,,,,,C,Open geospatial inventory,mapped building,https://doi.org/10.57931/3017294,https://www.openstreetmap.org,,,IM3 geospatial observation. Identity grain is preserved by Observation Level.,Insufficient evidence to establish or attach a distinct campus
im3:d5b02f1b11231d73,im3-source:d5b02f1b11231d73,IM3 Open Source Data Center Atlas / OpenStreetMap,Observed footprint,building,Verizon Wireline Network Building,,,,,,,NJ,Middlesex County,,40.49490313194832,-74.44309493400539,Mapped centroid,,Observed footprint,,,,32247.0,,,,,,,,,,,,,,,,,,,,,,,,,,,,,,,,,,,C,Open geospatial inventory,mapped building,https://doi.org/10.57931/3017294,https://www.openstreetmap.org,,,IM3 geospatial observation. Identity grain is preserved by Observation Level.,Insufficient evidence to establish or attach a distinct campus
im3:d5b9491dd51b646b,im3-source:d5b9491dd51b646b,IM3 Open Source Data Center Atlas / OpenStreetMap,Observed footprint,building,,,,,,,,CA,Santa Clara County,,37.36113990617489,-121.94230618817129,Mapped centroid,,Observed footprint,,,,108346.0,,,,,,,,,,,,,,,,,,,,,,,,,,,,,,,,,,,C,Open geospatial inventory,mapped building,https://doi.org/10.57931/3017294,https://www.openstreetmap.org,,,IM3 geospatial observation. Identity grain is preserved by Observation Level.,Insufficient evidence to establish or attach a distinct campus
im3:d5c7a32fef269f83,im3-source:d5c7a32fef269f83,IM3 Open Source Data Center Atlas / OpenStreetMap,Observed footprint,building,,,,,,,,MN,Hennepin County,,44.99145768178521,-93.28029157264127,Mapped centroid,,Observed footprint,,,,51180.0,,,,,,,,,,,,,,,,,,,,,,,,,,,,,,,,,,,C,Open geospatial inventory,mapped building,https://doi.org/10.57931/3017294,https://www.openstreetmap.org,,,IM3 geospatial observation. Identity grain is preserved by Observation Level.,Insufficient evidence to establish or attach a distinct campus
im3:d6425e9f521ac472,im3-source:d6425e9f521ac472,IM3 Open Source Data Center Atlas / OpenStreetMap,Observed footprint,site_point,Windstream Communications,,,,,,,NC,Durham County,,35.881397,-78.851552,Mapped centroid,,Observed footprint,,,,,,,,,,,,,,,,,,,,,,,,,,,,,,,,,,,,,,,C,Open geospatial inventory,mapped point,https://doi.org/10.57931/3017294,https://www.openstreetmap.org,,,IM3 geospatial observation. Identity grain is preserved by Observation Level.,Insufficient evidence to establish or attach a distinct campus
im3:d67e4b8f514c330c,im3-source:d67e4b8f514c330c,IM3 Open Source Data Center Atlas / OpenStreetMap,Observed footprint,building,Flexential Nashville - Franklin,Flexential,,,,,,TN,Williamson County,,35.92045930571429,-86.81557369550194,Mapped centroid,,Observed footprint,,,,74934.0,,,,,,,,,,,,,,,,,,,,,,,,,,,,,,,,,,,C,Open geospatial inventory,mapped building,https://doi.org/10.57931/3017294,https://www.openstreetmap.org,,,IM3 geospatial observation. Identity grain is preserved by Observation Level.,Insufficient evidence to establish or attach a distinct campus
im3:d6869e94506a7997,im3-source:d6869e94506a7997,IM3 Open Source Data Center Atlas / OpenStreetMap,Observed footprint,building,Equinix Infomart,Equinix,,,,,,TX,Dallas County,,32.800943223354516,-96.81951054615745,Mapped centroid,,Observed footprint,,,,239835.0,,,,,,,,,,,,,,,,,,,,,,,,,,,,,,,,,,,C,Open geospatial inventory,mapped building,https://doi.org/10.57931/3017294,https://www.openstreetmap.org,,,IM3 geospatial observation. Identity grain is preserved by Observation Level.,Insufficient evidence to establish or attach a distinct campus
im3:d6ad0b5c75722f80,im3-source:d6ad0b5c75722f80,IM3 Open Source Data Center Atlas / OpenStreetMap,Observed footprint,building,Amazon IAD91,Amazon Web Services,,,,,,VA,Loudoun County,,38.98784715503109,-77.41111915970677,Mapped centroid,,Observed footprint,,,,149486.0,,,,,,,,,,,,,,,,,,,,,,,,,,,,,,,,,,,C,Open geospatial inventory,mapped building,https://doi.org/10.57931/3017294,https://www.openstreetmap.org,,,IM3 geospatial observation. Identity grain is preserved by Observation Level.,Insufficient evidence to establish or attach a distinct campus
im3:d6edcf0d996121d3,im3-source:d6edcf0d996121d3,IM3 Open Source Data Center Atlas / OpenStreetMap,Observed footprint,building,,,,,,,,CO,Arapahoe County,,39.72947807167562,-104.71275427494952,Mapped centroid,,Observed footprint,,,,184275.0,,,,,,,,,,,,,,,,,,,,,,,,,,,,,,,,,,,C,Open geospatial inventory,mapped building,https://doi.org/10.57931/3017294,https://www.openstreetmap.org,,,IM3 geospatial observation. Identity grain is preserved by Observation Level.,Insufficient evidence to establish or attach a distinct campus
im3:d79e95427f0f6f1f,im3-source:d79e95427f0f6f1f,IM3 Open Source Data Center Atlas / OpenStreetMap,Observed footprint,building,CyrusOne Norwalk,CyrusOne,,,,,,CT,Western Connecticut Planning Region,,41.11309235,-73.38864945000002,Mapped centroid,,Observed footprint,,,,77778.0,,,,,,,,,,,,,,,,,,,,,,,,,,,,,,,,,,,C,Open geospatial inventory,mapped building,https://doi.org/10.57931/3017294,https://www.openstreetmap.org,,,IM3 geospatial observation. Identity grain is preserved by Observation Level.,Insufficient evidence to establish or attach a distinct campus
im3:d7d3801f2695741d,im3-source:d7d3801f2695741d,IM3 Open Source Data Center Atlas / OpenStreetMap,Observed footprint,building,,,,,,,,OR,Umatilla County,,45.91583559999998,-119.26672585,Mapped centroid,,Observed footprint,,,,2605.0,,,,,,,,,,,,,,,,,,,,,,,,,,,,,,,,,,,C,Open geospatial inventory,mapped building,https://doi.org/10.57931/3017294,https://www.openstreetmap.org,,,IM3 geospatial observation. Identity grain is preserved by Observation Level.,Insufficient evidence to establish or attach a distinct campus
im3:d81900bf1d0a02c8,im3-source:d81900bf1d0a02c8,IM3 Open Source Data Center Atlas / OpenStreetMap,Observed footprint,building,,Oppidan,,,,,,OH,Franklin County,,40.052672876687,-83.12742344695509,Mapped centroid,,Observed footprint,,,,89315.0,,,,,,,,,,,,,,,,,,,,,,,,,,,,,,,,,,,C,Open geospatial inventory,mapped building,https://doi.org/10.57931/3017294,https://www.openstreetmap.org,,,IM3 geospatial observation. Identity grain is preserved by Observation Level.,Insufficient evidence to establish or attach a distinct campus
im3:d879dd9dbd453e7e,im3-source:d879dd9dbd453e7e,IM3 Open Source Data Center Atlas / OpenStreetMap,Observed footprint,site_point,Flexential Tampa - West,Flexential,,,,,,FL,Hillsborough County,,28.037299100000027,-82.5399781,Mapped centroid,,Observed footprint,,,,,,,,,,,,,,,,,,,,,,,,,,,,,,,,,,,,,,,C,Open geospatial inventory,mapped point,https://doi.org/10.57931/3017294,https://www.openstreetmap.org,,,IM3 geospatial observation. Identity grain is preserved by Observation Level.,Insufficient evidence to establish or attach a distinct campus
im3:d8f9d3de02ce0baf,im3-source:d8f9d3de02ce0baf,IM3 Open Source Data Center Atlas / OpenStreetMap,Observed footprint,building,,,,,,,,AZ,Maricopa County,,33.439468398524404,-112.37705849148576,Mapped centroid,,Observed footprint,,,,224651.0,,,,,,,,,,,,,,,,,,,,,,,,,,,,,,,,,,,C,Open geospatial inventory,mapped building,https://doi.org/10.57931/3017294,https://www.openstreetmap.org,,,IM3 geospatial observation. Identity grain is preserved by Observation Level.,Insufficient evidence to establish or attach a distinct campus
im3:d919798c2f9b8fa6,im3-source:d919798c2f9b8fa6,IM3 Open Source Data Center Atlas / OpenStreetMap,Observed footprint,building,,GI Partners,,,,,,VA,Loudoun County,,39.00065496603708,-77.43982021273833,Mapped centroid,,Observed footprint,,,,224621.0,,,,,,,,,,,,,,,,,,,,,,,,,,,,,,,,,,,C,Open geospatial inventory,mapped building,https://doi.org/10.57931/3017294,https://www.openstreetmap.org,,,IM3 geospatial observation. Identity grain is preserved by Observation Level.,Insufficient evidence to establish or attach a distinct campus
im3:d9c4e636be0533da,im3-source:d9c4e636be0533da,IM3 Open Source Data Center Atlas / OpenStreetMap,Observed footprint,building,Amazon IAD56,Amazon Web Services,,,,,,VA,Loudoun County,,38.99056760807846,-77.43706177654529,Mapped centroid,,Observed footprint,,,,78441.0,,,,,,,,,,,,,,,,,,,,,,,,,,,,,,,,,,,C,Open geospatial inventory,mapped building,https://doi.org/10.57931/3017294,https://www.openstreetmap.org,,,IM3 geospatial observation. Identity grain is preserved by Observation Level.,Insufficient evidence to establish or attach a distinct campus
im3:d9d01823eea46dfd,im3-source:d9d01823eea46dfd,IM3 Open Source Data Center Atlas / OpenStreetMap,Observed footprint,building,Equinix,Equinix,,,,,,NJ,Middlesex County,,40.54488193198805,-74.49538057525375,Mapped centroid,,Observed footprint,,,,62331.0,,,,,,,,,,,,,,,,,,,,,,,,,,,,,,,,,,,C,Open geospatial inventory,mapped building,https://doi.org/10.57931/3017294,https://www.openstreetmap.org,,,IM3 geospatial observation. Identity grain is preserved by Observation Level.,Insufficient evidence to establish or attach a distinct campus
im3:d9d4dfa033af56dc,im3-source:d9d4dfa033af56dc,IM3 Open Source Data Center Atlas / OpenStreetMap,Observed footprint,building,Amazon IAD128,Amazon Web Services,,,,,,VA,Loudoun County,,39.01608221214414,-77.4383843610863,Mapped centroid,,Observed footprint,,,,105735.0,,,,,,,,,,,,,,,,,,,,,,,,,,,,,,,,,,,C,Open geospatial inventory,mapped building,https://doi.org/10.57931/3017294,https://www.openstreetmap.org,,,IM3 geospatial observation. Identity grain is preserved by Observation Level.,Insufficient evidence to establish or attach a distinct campus
im3:da28979ff92fb6ec,im3-source:da28979ff92fb6ec,IM3 Open Source Data Center Atlas / OpenStreetMap,Observed footprint,site_point,SDSU Computer Room,,,,,,,CA,San Diego County,,32.77502519999998,-117.070888,Mapped centroid,,Observed footprint,,,,,,,,,,,,,,,,,,,,,,,,,,,,,,,,,,,,,,,C,Open geospatial inventory,mapped point,https://doi.org/10.57931/3017294,https://www.openstreetmap.org,,,IM3 geospatial observation. Identity grain is preserved by Observation Level.,Insufficient evidence to establish or attach a distinct campus
im3:daa47802c490902b,im3-source:daa47802c490902b,IM3 Open Source Data Center Atlas / OpenStreetMap,Observed footprint,building,TierPoint Baltimore BWI,,,,,,,MD,Anne Arundel County,,39.21345170320373,-76.68284506510483,Mapped centroid,,Observed footprint,,,,33372.0,,,,,,,,,,,,,,,,,,,,,,,,,,,,,,,,,,,C,Open geospatial inventory,mapped building,https://doi.org/10.57931/3017294,https://www.openstreetmap.org,,,IM3 geospatial observation. Identity grain is preserved by Observation Level.,Insufficient evidence to establish or attach a distinct campus
im3:db26f53296de0216,im3-source:db26f53296de0216,IM3 Open Source Data Center Atlas / OpenStreetMap,Observed footprint,building,Microsoft EAT04,Microsoft,,,,,,WA,Douglas County,,47.41963656619163,-120.21382073697872,Mapped centroid,,Observed footprint,,,,234834.0,,,,,,,,,,,,,,,,,,,,,,,,,,,,,,,,,,,C,Open geospatial inventory,mapped building,https://doi.org/10.57931/3017294,https://www.openstreetmap.org,,,IM3 geospatial observation. Identity grain is preserved by Observation Level.,Insufficient evidence to establish or attach a distinct campus
im3:db40618ca541b4c1,im3-source:db40618ca541b4c1,IM3 Open Source Data Center Atlas / OpenStreetMap,Observed footprint,building,,,,,,,,WY,Laramie County,,41.12528676376341,-104.8980833187815,Mapped centroid,,Observed footprint,,,,63264.0,,,,,,,,,,,,,,,,,,,,,,,,,,,,,,,,,,,C,Open geospatial inventory,mapped building,https://doi.org/10.57931/3017294,https://www.openstreetmap.org,,,IM3 geospatial observation. Identity grain is preserved by Observation Level.,Insufficient evidence to establish or attach a distinct campus
im3:db534f88930c8e29,im3-source:db534f88930c8e29,IM3 Open Source Data Center Atlas / OpenStreetMap,Observed footprint,building,CyrusOne Austin Data Center II,,,,,,,TX,Travis County,,30.205929677355712,-97.6979649449336,Mapped centroid,,Observed footprint,,,,77356.0,,,,,,,,,,,,,,,,,,,,,,,,,,,,,,,,,,,C,Open geospatial inventory,mapped building,https://doi.org/10.57931/3017294,https://www.openstreetmap.org,,,IM3 geospatial observation. Identity grain is preserved by Observation Level.,Insufficient evidence to establish or attach a distinct campus
im3:db6984b8fdf8dbc8,im3-source:db6984b8fdf8dbc8,IM3 Open Source Data Center Atlas / OpenStreetMap,Observed footprint,building,,,,,,,,OR,Deschutes County,,44.04740739994446,-121.32854964427686,Mapped centroid,,Observed footprint,,,,11249.0,,,,,,,,,,,,,,,,,,,,,,,,,,,,,,,,,,,C,Open geospatial inventory,mapped building,https://doi.org/10.57931/3017294,https://www.openstreetmap.org,,,IM3 geospatial observation. Identity grain is preserved by Observation Level.,Insufficient evidence to establish or attach a distinct campus
im3:db8c2547b96f67ee,im3-source:db8c2547b96f67ee,IM3 Open Source Data Center Atlas / OpenStreetMap,Observed footprint,building,Equinix DC97,,,,,,,VA,Fairfax County,,38.96157142182295,-77.37742307618406,Mapped centroid,,Observed footprint,,,,43991.0,,,,,,,,,,,,,,,,,,,,,,,,,,,,,,,,,,,C,Open geospatial inventory,mapped building,https://doi.org/10.57931/3017294,https://www.openstreetmap.org,,,IM3 geospatial observation. Identity grain is preserved by Observation Level.,Insufficient evidence to establish or attach a distinct campus
im3:db95eb01136bc1bd,im3-source:db95eb01136bc1bd,IM3 Open Source Data Center Atlas / OpenStreetMap,Observed footprint,building,,,,,,,,FL,Orange County,,28.617468227570654,-81.39343863290382,Mapped centroid,,Observed footprint,,,,107548.0,,,,,,,,,,,,,,,,,,,,,,,,,,,,,,,,,,,C,Open geospatial inventory,mapped building,https://doi.org/10.57931/3017294,https://www.openstreetmap.org,,,IM3 geospatial observation. Identity grain is preserved by Observation Level.,Insufficient evidence to establish or attach a distinct campus
im3:db983db53fc45574,im3-source:db983db53fc45574,IM3 Open Source Data Center Atlas / OpenStreetMap,Observed footprint,site_point,e360,,,,,,,CA,Contra Costa County,,37.971080899999976,-122.0437382,Mapped centroid,,Observed footprint,,,,,,,,,,,,,,,,,,,,,,,,,,,,,,,,,,,,,,,C,Open geospatial inventory,mapped point,https://doi.org/10.57931/3017294,https://www.openstreetmap.org,,,IM3 geospatial observation. Identity grain is preserved by Observation Level.,Insufficient evidence to establish or attach a distinct campus
im3:dbf2c3e185baff84,im3-source:dbf2c3e185baff84,IM3 Open Source Data Center Atlas / OpenStreetMap,Observed footprint,building,Optimum,,,,,,,NJ,Middlesex County,,40.54682624146539,-74.49202896146267,Mapped centroid,,Observed footprint,,,,68126.0,,,,,,,,,,,,,,,,,,,,,,,,,,,,,,,,,,,C,Open geospatial inventory,mapped building,https://doi.org/10.57931/3017294,https://www.openstreetmap.org,,,IM3 geospatial observation. Identity grain is preserved by Observation Level.,Insufficient evidence to establish or attach a distinct campus
im3:dbf541069e8080d7,im3-source:dbf541069e8080d7,IM3 Open Source Data Center Atlas / OpenStreetMap,Observed footprint,building,Merrill Lynch Data Center,Merrill Lynch,,,,,,NY,Richmond County,,40.60738024219028,-74.17317970582978,Mapped centroid,,Observed footprint,,,,63435.0,,,,,,,,,,,,,,,,,,,,,,,,,,,,,,,,,,,C,Open geospatial inventory,mapped building,https://doi.org/10.57931/3017294,https://www.openstreetmap.org,,,IM3 geospatial observation. Identity grain is preserved by Observation Level.,Insufficient evidence to establish or attach a distinct campus
im3:dc4820c3a9f28668,im3-source:dc4820c3a9f28668,IM3 Open Source Data Center Atlas / OpenStreetMap,Observed footprint,building,Intergate Columbia D,Sabey Data Centers,,,,,,WA,Douglas County,,47.40758548372072,-120.1916010921989,Mapped centroid,,Observed footprint,,,,135020.0,,,,,,,,,,,,,,,,,,,,,,,,,,,,,,,,,,,C,Open geospatial inventory,mapped building,https://doi.org/10.57931/3017294,https://www.openstreetmap.org,,,IM3 geospatial observation. Identity grain is preserved by Observation Level.,Insufficient evidence to establish or attach a distinct campus
im3:dc78e861a1907a00,im3-source:dc78e861a1907a00,IM3 Open Source Data Center Atlas / OpenStreetMap,Observed footprint,building,,Quicken Loans,,,,,,MI,Wayne County,,42.32617958791932,-83.0697588594042,Mapped centroid,,Observed footprint,,,,46220.0,,,,,,,,,,,,,,,,,,,,,,,,,,,,,,,,,,,C,Open geospatial inventory,mapped building,https://doi.org/10.57931/3017294,https://www.openstreetmap.org,,,IM3 geospatial observation. Identity grain is preserved by Observation Level.,Insufficient evidence to establish or attach a distinct campus
im3:dc7f4abe0460b52e,im3-source:dc7f4abe0460b52e,IM3 Open Source Data Center Atlas / OpenStreetMap,Observed footprint,building,Amazon IAD147,Amazon Web Services,,,,,,VA,Loudoun County,,38.99501200411457,-77.43535921804072,Mapped centroid,,Observed footprint,,,,102767.0,,,,,,,,,,,,,,,,,,,,,,,,,,,,,,,,,,,C,Open geospatial inventory,mapped building,https://doi.org/10.57931/3017294,https://www.openstreetmap.org,,,IM3 geospatial observation. Identity grain is preserved by Observation Level.,Insufficient evidence to establish or attach a distinct campus
im3:dcedd85d709b5d69,im3-source:dcedd85d709b5d69,IM3 Open Source Data Center Atlas / OpenStreetMap,Observed footprint,site_point,Comarch,,,,,,,AZ,Maricopa County,,33.35667870000003,-111.6352356,Mapped centroid,,Observed footprint,,,,,,,,,,,,,,,,,,,,,,,,,,,,,,,,,,,,,,,C,Open geospatial inventory,mapped point,https://doi.org/10.57931/3017294,https://www.openstreetmap.org,,,IM3 geospatial observation. Identity grain is preserved by Observation Level.,Insufficient evidence to establish or attach a distinct campus
im3:ddbabb99d62a63e5,im3-source:ddbabb99d62a63e5,IM3 Open Source Data Center Atlas / OpenStreetMap,Observed footprint,building,Amazon IAD102,Amazon Web Services,,,,,,VA,Prince William County,,38.73597010394225,-77.50490134298963,Mapped centroid,,Observed footprint,,,,214338.0,,,,,,,,,,,,,,,,,,,,,,,,,,,,,,,,,,,C,Open geospatial inventory,mapped building,https://doi.org/10.57931/3017294,https://www.openstreetmap.org,,,IM3 geospatial observation. Identity grain is preserved by Observation Level.,Insufficient evidence to establish or attach a distinct campus
im3:dddba748e7559b75,im3-source:dddba748e7559b75,IM3 Open Source Data Center Atlas / OpenStreetMap,Observed footprint,building,Lakeside Technology Center,,,,,,,IL,Cook County,,41.85365260553142,-87.61835925441967,Mapped centroid,,Observed footprint,,,,129156.0,,,,,,,,,,,,,,,,,,,,,,,,,,,,,,,,,,,C,Open geospatial inventory,mapped building,https://doi.org/10.57931/3017294,https://www.openstreetmap.org,,,IM3 geospatial observation. Identity grain is preserved by Observation Level.,Insufficient evidence to establish or attach a distinct campus
im3:de80b0b523e56f14,im3-source:de80b0b523e56f14,IM3 Open Source Data Center Atlas / OpenStreetMap,Observed footprint,site_point,NTT VA11 Data Center,NTT,,,,,,VA,Prince William County,,38.79997309999995,-77.6099636,Mapped centroid,,Observed footprint,,,,,,,,,,,,,,,,,,,,,,,,,,,,,,,,,,,,,,,C,Open geospatial inventory,mapped point,https://doi.org/10.57931/3017294,https://www.openstreetmap.org,,,IM3 geospatial observation. Identity grain is preserved by Observation Level.,Insufficient evidence to establish or attach a distinct campus
im3:deaf90035cfa14bf,im3-source:deaf90035cfa14bf,IM3 Open Source Data Center Atlas / OpenStreetMap,Observed footprint,building,Verizon North Las Vegas,Verizon,,,,,,NV,Clark County,,36.2218934248516,-115.1470554502172,Mapped centroid,,Observed footprint,,,,25096.0,,,,,,,,,,,,,,,,,,,,,,,,,,,,,,,,,,,C,Open geospatial inventory,mapped building,https://doi.org/10.57931/3017294,https://www.openstreetmap.org,,,IM3 geospatial observation. Identity grain is preserved by Observation Level.,Insufficient evidence to establish or attach a distinct campus
im3:df2814bba97c38c8,im3-source:df2814bba97c38c8,IM3 Open Source Data Center Atlas / OpenStreetMap,Observed footprint,building,,,,,,,,TX,Bexar County,,29.447199008569765,-98.64099341767285,Mapped centroid,,Observed footprint,,,,36014.0,,,,,,,,,,,,,,,,,,,,,,,,,,,,,,,,,,,C,Open geospatial inventory,mapped building,https://doi.org/10.57931/3017294,https://www.openstreetmap.org,,,IM3 geospatial observation. Identity grain is preserved by Observation Level.,Insufficient evidence to establish or attach a distinct campus
im3:df521780def57787,im3-source:df521780def57787,IM3 Open Source Data Center Atlas / OpenStreetMap,Observed footprint,building,,,,,,,,NV,Washoe County,,39.56710538499111,-119.5485735312627,Mapped centroid,,Observed footprint,,,,276687.0,,,,,,,,,,,,,,,,,,,,,,,,,,,,,,,,,,,C,Open geospatial inventory,mapped building,https://doi.org/10.57931/3017294,https://www.openstreetmap.org,,,IM3 geospatial observation. Identity grain is preserved by Observation Level.,Insufficient evidence to establish or attach a distinct campus
im3:df59ee19071ceea1,im3-source:df59ee19071ceea1,IM3 Open Source Data Center Atlas / OpenStreetMap,Observed footprint,site_point,STACK Infrastructure,"Stack Infrastructure, Incorporated",,,,,,CA,Santa Clara County,,37.4026341,-121.891057,Mapped centroid,,Observed footprint,,,,,,,,,,,,,,,,,,,,,,,,,,,,,,,,,,,,,,,C,Open geospatial inventory,mapped point,https://doi.org/10.57931/3017294,https://www.openstreetmap.org,,,IM3 geospatial observation. Identity grain is preserved by Observation Level.,Insufficient evidence to establish or attach a distinct campus
im3:df5bb9d95bab3a76,im3-source:df5bb9d95bab3a76,IM3 Open Source Data Center Atlas / OpenStreetMap,Observed footprint,building,Marquette-Adams Telephone Coop,,,,,,,WI,Marquette County,,43.78218427332293,-89.5748085044049,Mapped centroid,,Observed footprint,,,,8257.0,,,,,,,,,,,,,,,,,,,,,,,,,,,,,,,,,,,C,Open geospatial inventory,mapped building,https://doi.org/10.57931/3017294,https://www.openstreetmap.org,,,IM3 geospatial observation. Identity grain is preserved by Observation Level.,Insufficient evidence to establish or attach a distinct campus
im3:dfcc016799496fa0,im3-source:dfcc016799496fa0,IM3 Open Source Data Center Atlas / OpenStreetMap,Observed footprint,site_point,AiNET One Market Center,AiNET,,,,,,MD,Baltimore city,,39.2917583,-76.6203737,Mapped centroid,,Observed footprint,,,,,,,,,,,,,,,,,,,,,,,,,,,,,,,,,,,,,,,C,Open geospatial inventory,mapped point,https://doi.org/10.57931/3017294,https://www.openstreetmap.org,,,IM3 geospatial observation. Identity grain is preserved by Observation Level.,Insufficient evidence to establish or attach a distinct campus
im3:e03b2e0b264be0d3,im3-source:e03b2e0b264be0d3,IM3 Open Source Data Center Atlas / OpenStreetMap,Observed footprint,building,Equinix Santa Clara SV2,Equinix,,,,,,CA,Santa Clara County,,37.378433690879675,-121.95499188032426,Mapped centroid,,Observed footprint,,,,81106.0,,,,,,,,,,,,,,,,,,,,,,,,,,,,,,,,,,,C,Open geospatial inventory,mapped building,https://doi.org/10.57931/3017294,https://www.openstreetmap.org,,,IM3 geospatial observation. Identity grain is preserved by Observation Level.,Insufficient evidence to establish or attach a distinct campus
im3:e055def442234abe,im3-source:e055def442234abe,IM3 Open Source Data Center Atlas / OpenStreetMap,Observed footprint,site_point,Stream Data Centers Houston,,,,,,,TX,Montgomery County,,30.178136500000015,-95.4860464,Mapped centroid,,Observed footprint,,,,,,,,,,,,,,,,,,,,,,,,,,,,,,,,,,,,,,,C,Open geospatial inventory,mapped point,https://doi.org/10.57931/3017294,https://www.openstreetmap.org,,,IM3 geospatial observation. Identity grain is preserved by Observation Level.,Insufficient evidence to establish or attach a distinct campus
im3:e074e0bff06935c0,im3-source:e074e0bff06935c0,IM3 Open Source Data Center Atlas / OpenStreetMap,Observed footprint,building,,,,,,,,WY,Laramie County,,41.12528359999998,-104.89927145,Mapped centroid,,Observed footprint,,,,62555.0,,,,,,,,,,,,,,,,,,,,,,,,,,,,,,,,,,,C,Open geospatial inventory,mapped building,https://doi.org/10.57931/3017294,https://www.openstreetmap.org,,,IM3 geospatial observation. Identity grain is preserved by Observation Level.,Insufficient evidence to establish or attach a distinct campus
im3:e07ab78e3a2de922,im3-source:e07ab78e3a2de922,IM3 Open Source Data Center Atlas / OpenStreetMap,Observed footprint,building,,,,,,,,WA,Grant County,,47.24598937484991,-119.82815880656044,Mapped centroid,,Observed footprint,,,,33824.0,,,,,,,,,,,,,,,,,,,,,,,,,,,,,,,,,,,C,Open geospatial inventory,mapped building,https://doi.org/10.57931/3017294,https://www.openstreetmap.org,,,IM3 geospatial observation. Identity grain is preserved by Observation Level.,Insufficient evidence to establish or attach a distinct campus
im3:e07c04b70b11d920,im3-source:e07c04b70b11d920,IM3 Open Source Data Center Atlas / OpenStreetMap,Observed footprint,building,,,,,,,,WA,Grant County,,47.23826232497742,-119.85936632665543,Mapped centroid,,Observed footprint,,,,32106.0,,,,,,,,,,,,,,,,,,,,,,,,,,,,,,,,,,,C,Open geospatial inventory,mapped building,https://doi.org/10.57931/3017294,https://www.openstreetmap.org,,,IM3 geospatial observation. Identity grain is preserved by Observation Level.,Insufficient evidence to establish or attach a distinct campus
im3:e14e8c08de5caf39,im3-source:e14e8c08de5caf39,IM3 Open Source Data Center Atlas / OpenStreetMap,Observed footprint,building,Meta,Meta,,,,,,IA,Polk County,,41.67582284627278,-93.50603124094567,Mapped centroid,,Observed footprint,,,,601076.0,,,,,,,,,,,,,,,,,,,,,,,,,,,,,,,,,,,C,Open geospatial inventory,mapped building,https://doi.org/10.57931/3017294,https://www.openstreetmap.org,,,IM3 geospatial observation. Identity grain is preserved by Observation Level.,Insufficient evidence to establish or attach a distinct campus
im3:e2103a2740371738,im3-source:e2103a2740371738,IM3 Open Source Data Center Atlas / OpenStreetMap,Observed footprint,building,T5 Data Center,,,,,,,GA,Fulton County,,34.07592247437133,-84.26431627007852,Mapped centroid,,Observed footprint,,,,149055.0,,,,,,,,,,,,,,,,,,,,,,,,,,,,,,,,,,,C,Open geospatial inventory,mapped building,https://doi.org/10.57931/3017294,https://www.openstreetmap.org,,,IM3 geospatial observation. Identity grain is preserved by Observation Level.,Insufficient evidence to establish or attach a distinct campus
im3:e333c12420daaaff,im3-source:e333c12420daaaff,IM3 Open Source Data Center Atlas / OpenStreetMap,Observed footprint,building,Amazon IAD16,Amazon Web Services,,,,,,VA,Loudoun County,,38.99069899748259,-77.44882479432353,Mapped centroid,,Observed footprint,,,,75817.0,,,,,,,,,,,,,,,,,,,,,,,,,,,,,,,,,,,C,Open geospatial inventory,mapped building,https://doi.org/10.57931/3017294,https://www.openstreetmap.org,,,IM3 geospatial observation. Identity grain is preserved by Observation Level.,Insufficient evidence to establish or attach a distinct campus
im3:e40252035bc4e32a,im3-source:e40252035bc4e32a,IM3 Open Source Data Center Atlas / OpenStreetMap,Observed footprint,building,Fidelity,Fidelity,,,,,,NE,Sarpy County,,41.1654690540682,-96.08338762366756,Mapped centroid,,Observed footprint,,,,40714.0,,,,,,,,,,,,,,,,,,,,,,,,,,,,,,,,,,,C,Open geospatial inventory,mapped building,https://doi.org/10.57931/3017294,https://www.openstreetmap.org,,,IM3 geospatial observation. Identity grain is preserved by Observation Level.,Insufficient evidence to establish or attach a distinct campus
im3:e477ba83e66db1ed,im3-source:e477ba83e66db1ed,IM3 Open Source Data Center Atlas / OpenStreetMap,Observed footprint,building,Equinix Chicago Data CH7,Equinix,,,,,,IL,DuPage County,,41.81255711125007,-87.97284349357055,Mapped centroid,,Observed footprint,,,,47336.0,,,,,,,,,,,,,,,,,,,,,,,,,,,,,,,,,,,C,Open geospatial inventory,mapped building,https://doi.org/10.57931/3017294,https://www.openstreetmap.org,,,IM3 geospatial observation. Identity grain is preserved by Observation Level.,Insufficient evidence to establish or attach a distinct campus
im3:e49b09d3ae18bdee,im3-source:e49b09d3ae18bdee,IM3 Open Source Data Center Atlas / OpenStreetMap,Observed footprint,building,,,,,,,,VA,Fairfax County,,38.921124569062115,-77.42655352229487,Mapped centroid,,Observed footprint,,,,130413.0,,,,,,,,,,,,,,,,,,,,,,,,,,,,,,,,,,,C,Open geospatial inventory,mapped building,https://doi.org/10.57931/3017294,https://www.openstreetmap.org,,,IM3 geospatial observation. Identity grain is preserved by Observation Level.,Insufficient evidence to establish or attach a distinct campus
im3:e56633692fa86f26,im3-source:e56633692fa86f26,IM3 Open Source Data Center Atlas / OpenStreetMap,Observed footprint,building,,,,,,,,WA,Douglas County,,47.3917589748343,-120.21690133345749,Mapped centroid,,Observed footprint,,,,7706.0,,,,,,,,,,,,,,,,,,,,,,,,,,,,,,,,,,,C,Open geospatial inventory,mapped building,https://doi.org/10.57931/3017294,https://www.openstreetmap.org,,,IM3 geospatial observation. Identity grain is preserved by Observation Level.,Insufficient evidence to establish or attach a distinct campus
im3:e5858856c439a8a7,im3-source:e5858856c439a8a7,IM3 Open Source Data Center Atlas / OpenStreetMap,Observed footprint,site_point,Brandaleone Lab for Data and Visualization,Duke Libraries,,,,,,NC,Durham County,,36.00309929999997,-78.9385323,Mapped centroid,,Observed footprint,,,,,,,,,,,,,,,,,,,,,,,,,,,,,,,,,,,,,,,C,Open geospatial inventory,mapped point,https://doi.org/10.57931/3017294,https://www.openstreetmap.org,,,IM3 geospatial observation. Identity grain is preserved by Observation Level.,Insufficient evidence to establish or attach a distinct campus
im3:e5dd2a02fc077c75,im3-source:e5dd2a02fc077c75,IM3 Open Source Data Center Atlas / OpenStreetMap,Observed footprint,building,EdgeCore Silicon Valley,,,,,,,CA,Santa Clara County,,37.383718265058285,-121.96538823666978,Mapped centroid,,Observed footprint,,,,80443.0,,,,,,,,,,,,,,,,,,,,,,,,,,,,,,,,,,,C,Open geospatial inventory,mapped building,https://doi.org/10.57931/3017294,https://www.openstreetmap.org,,,IM3 geospatial observation. Identity grain is preserved by Observation Level.,Insufficient evidence to establish or attach a distinct campus
im3:e609dd656063a1f7,im3-source:e609dd656063a1f7,IM3 Open Source Data Center Atlas / OpenStreetMap,Observed footprint,building,,,,,,,,NE,Douglas County,,41.26141937000315,-95.9364951123676,Mapped centroid,,Observed footprint,,,,69219.0,,,,,,,,,,,,,,,,,,,,,,,,,,,,,,,,,,,C,Open geospatial inventory,mapped building,https://doi.org/10.57931/3017294,https://www.openstreetmap.org,,,IM3 geospatial observation. Identity grain is preserved by Observation Level.,Insufficient evidence to establish or attach a distinct campus
im3:e65860cd4f3805cc,im3-source:e65860cd4f3805cc,IM3 Open Source Data Center Atlas / OpenStreetMap,Observed footprint,building,CyrusOne Allen,CyrusOne,,,,,,TX,Collin County,,33.13852055810646,-96.65995157329829,Mapped centroid,,Observed footprint,,,,271378.0,,,,,,,,,,,,,,,,,,,,,,,,,,,,,,,,,,,C,Open geospatial inventory,mapped building,https://doi.org/10.57931/3017294,https://www.openstreetmap.org,,,IM3 geospatial observation. Identity grain is preserved by Observation Level.,Insufficient evidence to establish or attach a distinct campus
im3:e71b56ebe502ed32,im3-source:e71b56ebe502ed32,IM3 Open Source Data Center Atlas / OpenStreetMap,Observed footprint,site_point,DāStor: 3400 Horizon Drive,,,,,,,PA,Montgomery County,,40.0879189,-75.3397205,Mapped centroid,,Observed footprint,,,,,,,,,,,,,,,,,,,,,,,,,,,,,,,,,,,,,,,C,Open geospatial inventory,mapped point,https://doi.org/10.57931/3017294,https://www.openstreetmap.org,,,IM3 geospatial observation. Identity grain is preserved by Observation Level.,Insufficient evidence to establish or attach a distinct campus
im3:e795cd8123f1eb7d,im3-source:e795cd8123f1eb7d,IM3 Open Source Data Center Atlas / OpenStreetMap,Observed footprint,building,Flexential Charlotte - North,Flexential,,,,,,NC,Mecklenburg County,,35.32975386789468,-80.76578188647244,Mapped centroid,,Observed footprint,,,,62809.0,,,,,,,,,,,,,,,,,,,,,,,,,,,,,,,,,,,C,Open geospatial inventory,mapped building,https://doi.org/10.57931/3017294,https://www.openstreetmap.org,,,IM3 geospatial observation. Identity grain is preserved by Observation Level.,Insufficient evidence to establish or attach a distinct campus
im3:e83ce116a12c2d88,im3-source:e83ce116a12c2d88,IM3 Open Source Data Center Atlas / OpenStreetMap,Observed footprint,building,Adobe Data Center,,,,,,,OR,Washington County,,45.55018168820341,-122.93181213062164,Mapped centroid,,Observed footprint,,,,89232.0,,,,,,,,,,,,,,,,,,,,,,,,,,,,,,,,,,,C,Open geospatial inventory,mapped building,https://doi.org/10.57931/3017294,https://www.openstreetmap.org,,,IM3 geospatial observation. Identity grain is preserved by Observation Level.,Insufficient evidence to establish or attach a distinct campus
im3:e846268e3ce16af8,im3-source:e846268e3ce16af8,IM3 Open Source Data Center Atlas / OpenStreetMap,Observed footprint,building,NYSE Data Center,nyse,,,,,,NJ,Bergen County,,41.07830234568598,-74.15291807537795,Mapped centroid,,Observed footprint,,,,200804.0,,,,,,,,,,,,,,,,,,,,,,,,,,,,,,,,,,,C,Open geospatial inventory,mapped building,https://doi.org/10.57931/3017294,https://www.openstreetmap.org,,,IM3 geospatial observation. Identity grain is preserved by Observation Level.,Insufficient evidence to establish or attach a distinct campus
im3:e84a79f025898a3e,im3-source:e84a79f025898a3e,IM3 Open Source Data Center Atlas / OpenStreetMap,Observed footprint,building,Iron Mountain VA-4,,,,,,,VA,Prince William County,,38.7744233104295,-77.542221006685,Mapped centroid,,Observed footprint,,,,89044.0,,,,,,,,,,,,,,,,,,,,,,,,,,,,,,,,,,,C,Open geospatial inventory,mapped building,https://doi.org/10.57931/3017294,https://www.openstreetmap.org,,,IM3 geospatial observation. Identity grain is preserved by Observation Level.,Insufficient evidence to establish or attach a distinct campus
im3:e870c7dab8b9493b,im3-source:e870c7dab8b9493b,IM3 Open Source Data Center Atlas / OpenStreetMap,Observed footprint,building,,US Signal,,,,,,MI,Wayne County,,42.235326619513245,-83.44414059824084,Mapped centroid,,Observed footprint,,,,24599.0,,,,,,,,,,,,,,,,,,,,,,,,,,,,,,,,,,,C,Open geospatial inventory,mapped building,https://doi.org/10.57931/3017294,https://www.openstreetmap.org,,,IM3 geospatial observation. Identity grain is preserved by Observation Level.,Insufficient evidence to establish or attach a distinct campus
im3:e8ab1b78d54fad7b,im3-source:e8ab1b78d54fad7b,IM3 Open Source Data Center Atlas / OpenStreetMap,Observed footprint,building,Vantage VA12,Vantage Data Centers,,,,,,VA,Loudoun County,,39.001778817678584,-77.43807112355094,Mapped centroid,,Observed footprint,,,,115613.0,,,,,,,,,,,,,,,,,,,,,,,,,,,,,,,,,,,C,Open geospatial inventory,mapped building,https://doi.org/10.57931/3017294,https://www.openstreetmap.org,,,IM3 geospatial observation. Identity grain is preserved by Observation Level.,Insufficient evidence to establish or attach a distinct campus
im3:e94dad7761805497,im3-source:e94dad7761805497,IM3 Open Source Data Center Atlas / OpenStreetMap,Observed footprint,building,Amazon IAD163,Amazon Web Services,,,,,,VA,Loudoun County,,39.032305346543716,-77.42970207730016,Mapped centroid,,Observed footprint,,,,131936.0,,,,,,,,,,,,,,,,,,,,,,,,,,,,,,,,,,,C,Open geospatial inventory,mapped building,https://doi.org/10.57931/3017294,https://www.openstreetmap.org,,,IM3 geospatial observation. Identity grain is preserved by Observation Level.,Insufficient evidence to establish or attach a distinct campus
im3:ea1b57c9fe4dab65,im3-source:ea1b57c9fe4dab65,IM3 Open Source Data Center Atlas / OpenStreetMap,Observed footprint,building,,,,,,,,MI,Genesee County,,42.96871316538899,-83.7796021645084,Mapped centroid,,Observed footprint,,,,36835.0,,,,,,,,,,,,,,,,,,,,,,,,,,,,,,,,,,,C,Open geospatial inventory,mapped building,https://doi.org/10.57931/3017294,https://www.openstreetmap.org,,,IM3 geospatial observation. Identity grain is preserved by Observation Level.,Insufficient evidence to establish or attach a distinct campus
im3:ea61864cf911ff54,im3-source:ea61864cf911ff54,IM3 Open Source Data Center Atlas / OpenStreetMap,Observed footprint,building,"Liquid Web, Inc",,,,,,,MI,Eaton County,,42.70539040000001,-84.6660891,Mapped centroid,,Observed footprint,,,,72843.0,,,,,,,,,,,,,,,,,,,,,,,,,,,,,,,,,,,C,Open geospatial inventory,mapped building,https://doi.org/10.57931/3017294,https://www.openstreetmap.org,,,IM3 geospatial observation. Identity grain is preserved by Observation Level.,Insufficient evidence to establish or attach a distinct campus
im3:ea75171fee870dc9,im3-source:ea75171fee870dc9,IM3 Open Source Data Center Atlas / OpenStreetMap,Observed footprint,building,Charles Schwab Data Center,,,,,,,TX,Denton County,,33.00450212867702,-97.24615495495458,Mapped centroid,,Observed footprint,,,,79688.0,,,,,,,,,,,,,,,,,,,,,,,,,,,,,,,,,,,C,Open geospatial inventory,mapped building,https://doi.org/10.57931/3017294,https://www.openstreetmap.org,,,IM3 geospatial observation. Identity grain is preserved by Observation Level.,Insufficient evidence to establish or attach a distinct campus
im3:ea957febc0fa836f,im3-source:ea957febc0fa836f,IM3 Open Source Data Center Atlas / OpenStreetMap,Observed footprint,building,,,,,,,,NM,Bernalillo County,,35.048348717301536,-106.54217512460328,Mapped centroid,,Observed footprint,,,,43011.0,,,,,,,,,,,,,,,,,,,,,,,,,,,,,,,,,,,C,Open geospatial inventory,mapped building,https://doi.org/10.57931/3017294,https://www.openstreetmap.org,,,IM3 geospatial observation. Identity grain is preserved by Observation Level.,Insufficient evidence to establish or attach a distinct campus
im3:eb29c8a3c95cce1b,im3-source:eb29c8a3c95cce1b,IM3 Open Source Data Center Atlas / OpenStreetMap,Observed footprint,building,Verizon Wireless Mew Building,,,,,,,TX,Tarrant County,,32.9721549409369,-97.1566108328248,Mapped centroid,,Observed footprint,,,,176383.0,,,,,,,,,,,,,,,,,,,,,,,,,,,,,,,,,,,C,Open geospatial inventory,mapped building,https://doi.org/10.57931/3017294,https://www.openstreetmap.org,,,IM3 geospatial observation. Identity grain is preserved by Observation Level.,Insufficient evidence to establish or attach a distinct campus
im3:eb4b7521f365a761,im3-source:eb4b7521f365a761,IM3 Open Source Data Center Atlas / OpenStreetMap,Observed footprint,building,Information Technology Data Center,Phillips Exeter Academy,,,,,,NH,Rockingham County,,42.98209108977783,-70.9505927448219,Mapped centroid,,Observed footprint,,,,7733.0,,,,,,,,,,,,,,,,,,,,,,,,,,,,,,,,,,,C,Open geospatial inventory,mapped building,https://doi.org/10.57931/3017294,https://www.openstreetmap.org,,,IM3 geospatial observation. Identity grain is preserved by Observation Level.,Insufficient evidence to establish or attach a distinct campus
im3:eba9b507771d91f9,im3-source:eba9b507771d91f9,IM3 Open Source Data Center Atlas / OpenStreetMap,Observed footprint,building,,,,,,,,NC,Catawba County,,35.58705991062664,-81.26027296076758,Mapped centroid,,Observed footprint,,,,207083.0,,,,,,,,,,,,,,,,,,,,,,,,,,,,,,,,,,,C,Open geospatial inventory,mapped building,https://doi.org/10.57931/3017294,https://www.openstreetmap.org,,,IM3 geospatial observation. Identity grain is preserved by Observation Level.,Insufficient evidence to establish or attach a distinct campus
im3:ebeb660c37529dd4,im3-source:ebeb660c37529dd4,IM3 Open Source Data Center Atlas / OpenStreetMap,Observed footprint,building,,,,,,,,UT,Utah County,,40.26585617582069,-112.01942032378622,Mapped centroid,,Observed footprint,,,,378788.0,,,,,,,,,,,,,,,,,,,,,,,,,,,,,,,,,,,C,Open geospatial inventory,mapped building,https://doi.org/10.57931/3017294,https://www.openstreetmap.org,,,IM3 geospatial observation. Identity grain is preserved by Observation Level.,Insufficient evidence to establish or attach a distinct campus
im3:ec45864ad920e9d9,im3-source:ec45864ad920e9d9,IM3 Open Source Data Center Atlas / OpenStreetMap,Observed footprint,building,Amazon PDX63,Amazon Web Services,,,,,,OR,Umatilla County,,45.90144982808185,-119.32052237898414,Mapped centroid,,Observed footprint,,,,227376.0,,,,,,,,,,,,,,,,,,,,,,,,,,,,,,,,,,,C,Open geospatial inventory,mapped building,https://doi.org/10.57931/3017294,https://www.openstreetmap.org,,,IM3 geospatial observation. Identity grain is preserved by Observation Level.,Insufficient evidence to establish or attach a distinct campus
im3:ec543ff775c1cb2f,im3-source:ec543ff775c1cb2f,IM3 Open Source Data Center Atlas / OpenStreetMap,Observed footprint,building,Amazon IAD32,Amazon Web Services,,,,,,VA,Loudoun County,,39.021569324905784,-77.43479445424036,Mapped centroid,,Observed footprint,,,,35700.0,,,,,,,,,,,,,,,,,,,,,,,,,,,,,,,,,,,C,Open geospatial inventory,mapped building,https://doi.org/10.57931/3017294,https://www.openstreetmap.org,,,IM3 geospatial observation. Identity grain is preserved by Observation Level.,Insufficient evidence to establish or attach a distinct campus
im3:ec71ef6de2ef14af,im3-source:ec71ef6de2ef14af,IM3 Open Source Data Center Atlas / OpenStreetMap,Observed footprint,building,CyrusOne PHX7,,,,,,,AZ,Maricopa County,,33.266358037349754,-111.88190865987411,Mapped centroid,,Observed footprint,,,,138671.0,,,,,,,,,,,,,,,,,,,,,,,,,,,,,,,,,,,C,Open geospatial inventory,mapped building,https://doi.org/10.57931/3017294,https://www.openstreetmap.org,,,IM3 geospatial observation. Identity grain is preserved by Observation Level.,Insufficient evidence to establish or attach a distinct campus
im3:ec74eecbfb689fc5,im3-source:ec74eecbfb689fc5,IM3 Open Source Data Center Atlas / OpenStreetMap,Observed footprint,site_point,Morgan Wireless,,,,,,,WV,Morgan County,,39.6309851,-78.2253196,Mapped centroid,,Observed footprint,,,,,,,,,,,,,,,,,,,,,,,,,,,,,,,,,,,,,,,C,Open geospatial inventory,mapped point,https://doi.org/10.57931/3017294,https://www.openstreetmap.org,,,IM3 geospatial observation. Identity grain is preserved by Observation Level.,Insufficient evidence to establish or attach a distinct campus
im3:ec99247d2166a481,im3-source:ec99247d2166a481,IM3 Open Source Data Center Atlas / OpenStreetMap,Observed footprint,site_point,IT,,,,,,,CA,Riverside County,,33.9102899,-117.5030207,Mapped centroid,,Observed footprint,,,,,,,,,,,,,,,,,,,,,,,,,,,,,,,,,,,,,,,C,Open geospatial inventory,mapped point,https://doi.org/10.57931/3017294,https://www.openstreetmap.org,,,IM3 geospatial observation. Identity grain is preserved by Observation Level.,Insufficient evidence to establish or attach a distinct campus
im3:ececf526ebd0244d,im3-source:ececf526ebd0244d,IM3 Open Source Data Center Atlas / OpenStreetMap,Observed footprint,building,HPC,Sandia National Laboratories,,,,,,NM,Bernalillo County,,35.04994198140703,-106.54282204012988,Mapped centroid,,Observed footprint,,,,158463.0,,,,,,,,,,,,,,,,,,,,,,,,,,,,,,,,,,,C,Open geospatial inventory,mapped building,https://doi.org/10.57931/3017294,https://www.openstreetmap.org,,,IM3 geospatial observation. Identity grain is preserved by Observation Level.,Insufficient evidence to establish or attach a distinct campus
im3:ed070497570533af,im3-source:ed070497570533af,IM3 Open Source Data Center Atlas / OpenStreetMap,Observed footprint,building,Amazon IAD150,Amazon Web Services,,,,,,VA,Loudoun County,,38.916076356655125,-77.47725086402144,Mapped centroid,,Observed footprint,,,,213595.0,,,,,,,,,,,,,,,,,,,,,,,,,,,,,,,,,,,C,Open geospatial inventory,mapped building,https://doi.org/10.57931/3017294,https://www.openstreetmap.org,,,IM3 geospatial observation. Identity grain is preserved by Observation Level.,Insufficient evidence to establish or attach a distinct campus
im3:ed304d593dcc27d0,im3-source:ed304d593dcc27d0,IM3 Open Source Data Center Atlas / OpenStreetMap,Observed footprint,building,Equinix SV14,Equinix,,,,,,CA,Santa Clara County,,37.37496213796006,-121.9885093245873,Mapped centroid,,Observed footprint,,,,20213.0,,,,,,,,,,,,,,,,,,,,,,,,,,,,,,,,,,,C,Open geospatial inventory,mapped building,https://doi.org/10.57931/3017294,https://www.openstreetmap.org,,,IM3 geospatial observation. Identity grain is preserved by Observation Level.,Insufficient evidence to establish or attach a distinct campus
im3:ed3e0efa9d718f6c,im3-source:ed3e0efa9d718f6c,IM3 Open Source Data Center Atlas / OpenStreetMap,Observed footprint,building,,,,,,,,TX,Collin County,,33.13780536933024,-96.65592593372855,Mapped centroid,,Observed footprint,,,,33064.0,,,,,,,,,,,,,,,,,,,,,,,,,,,,,,,,,,,C,Open geospatial inventory,mapped building,https://doi.org/10.57931/3017294,https://www.openstreetmap.org,,,IM3 geospatial observation. Identity grain is preserved by Observation Level.,Insufficient evidence to establish or attach a distinct campus
im3:ed8de3a3ceac3701,im3-source:ed8de3a3ceac3701,IM3 Open Source Data Center Atlas / OpenStreetMap,Observed footprint,building,Rackspace Somerset NYC1,,,,,,,NJ,Somerset County,,40.544525668047555,-74.53775798798131,Mapped centroid,,Observed footprint,,,,18407.0,,,,,,,,,,,,,,,,,,,,,,,,,,,,,,,,,,,C,Open geospatial inventory,mapped building,https://doi.org/10.57931/3017294,https://www.openstreetmap.org,,,IM3 geospatial observation. Identity grain is preserved by Observation Level.,Insufficient evidence to establish or attach a distinct campus
im3:edcb019939fdc7a7,im3-source:edcb019939fdc7a7,IM3 Open Source Data Center Atlas / OpenStreetMap,Observed footprint,building,,,,,,,,NV,Washoe County,,39.565106249999985,-119.5476898,Mapped centroid,,Observed footprint,,,,89076.0,,,,,,,,,,,,,,,,,,,,,,,,,,,,,,,,,,,C,Open geospatial inventory,mapped building,https://doi.org/10.57931/3017294,https://www.openstreetmap.org,,,IM3 geospatial observation. Identity grain is preserved by Observation Level.,Insufficient evidence to establish or attach a distinct campus
im3:edd42f7c921fa609,im3-source:edd42f7c921fa609,IM3 Open Source Data Center Atlas / OpenStreetMap,Observed footprint,building,Lumen Norristown,Lumen Technologies,,,,,,PA,Montgomery County,,40.12705826670639,-75.4086378139581,Mapped centroid,,Observed footprint,,,,34224.0,,,,,,,,,,,,,,,,,,,,,,,,,,,,,,,,,,,C,Open geospatial inventory,mapped building,https://doi.org/10.57931/3017294,https://www.openstreetmap.org,,,IM3 geospatial observation. Identity grain is preserved by Observation Level.,Insufficient evidence to establish or attach a distinct campus
im3:edff7d838add5c6e,im3-source:edff7d838add5c6e,IM3 Open Source Data Center Atlas / OpenStreetMap,Observed footprint,building,,,,,,,,WA,Douglas County,,47.3917941,-120.21787734999997,Mapped centroid,,Observed footprint,,,,4004.0,,,,,,,,,,,,,,,,,,,,,,,,,,,,,,,,,,,C,Open geospatial inventory,mapped building,https://doi.org/10.57931/3017294,https://www.openstreetmap.org,,,IM3 geospatial observation. Identity grain is preserved by Observation Level.,Insufficient evidence to establish or attach a distinct campus
im3:ee1fb5eae5613369,im3-source:ee1fb5eae5613369,IM3 Open Source Data Center Atlas / OpenStreetMap,Observed footprint,building,Datacenter (386),UChicago Argonne LLC,,,,,,IL,DuPage County,,41.70713416599953,-87.97595597607389,Mapped centroid,,Observed footprint,,,,12413.0,,,,,,,,,,,,,,,,,,,,,,,,,,,,,,,,,,,C,Open geospatial inventory,mapped building,https://doi.org/10.57931/3017294,https://www.openstreetmap.org,,,IM3 geospatial observation. Identity grain is preserved by Observation Level.,Insufficient evidence to establish or attach a distinct campus
im3:ee3c3ffa66c1a3fc,im3-source:ee3c3ffa66c1a3fc,IM3 Open Source Data Center Atlas / OpenStreetMap,Observed footprint,building,,,,,,,,VA,Loudoun County,,38.99911304849632,-77.46086691545793,Mapped centroid,,Observed footprint,,,,130571.0,,,,,,,,,,,,,,,,,,,,,,,,,,,,,,,,,,,C,Open geospatial inventory,mapped building,https://doi.org/10.57931/3017294,https://www.openstreetmap.org,,,IM3 geospatial observation. Identity grain is preserved by Observation Level.,Insufficient evidence to establish or attach a distinct campus
im3:ef0bf9d5e30e3145,im3-source:ef0bf9d5e30e3145,IM3 Open Source Data Center Atlas / OpenStreetMap,Observed footprint,building,,,,,,,,NV,Washoe County,,39.57005260119037,-119.5370917144516,Mapped centroid,,Observed footprint,,,,89816.0,,,,,,,,,,,,,,,,,,,,,,,,,,,,,,,,,,,C,Open geospatial inventory,mapped building,https://doi.org/10.57931/3017294,https://www.openstreetmap.org,,,IM3 geospatial observation. Identity grain is preserved by Observation Level.,Insufficient evidence to establish or attach a distinct campus
im3:ef26deb0f0e46837,im3-source:ef26deb0f0e46837,IM3 Open Source Data Center Atlas / OpenStreetMap,Observed footprint,site_point,,,,,,,,MI,Monroe County,,41.8072817,-83.6276287,Mapped centroid,,Observed footprint,,,,,,,,,,,,,,,,,,,,,,,,,,,,,,,,,,,,,,,C,Open geospatial inventory,mapped point,https://doi.org/10.57931/3017294,https://www.openstreetmap.org,,,IM3 geospatial observation. Identity grain is preserved by Observation Level.,Insufficient evidence to establish or attach a distinct campus
im3:f06454853d91c2e1,im3-source:f06454853d91c2e1,IM3 Open Source Data Center Atlas / OpenStreetMap,Observed footprint,building,Amazon PDX65,Amazon Web Services,,,,,,OR,Umatilla County,,45.9027633022617,-119.32049760781274,Mapped centroid,,Observed footprint,,,,217425.0,,,,,,,,,,,,,,,,,,,,,,,,,,,,,,,,,,,C,Open geospatial inventory,mapped building,https://doi.org/10.57931/3017294,https://www.openstreetmap.org,,,IM3 geospatial observation. Identity grain is preserved by Observation Level.,Insufficient evidence to establish or attach a distinct campus
im3:f0b5fcdd45df81b5,im3-source:f0b5fcdd45df81b5,IM3 Open Source Data Center Atlas / OpenStreetMap,Observed footprint,building,CyrusOne San Antonio I,CyrusOne,,,,,,TX,Bexar County,,29.466555014526953,-98.68811007188252,Mapped centroid,,Observed footprint,,,,102327.0,,,,,,,,,,,,,,,,,,,,,,,,,,,,,,,,,,,C,Open geospatial inventory,mapped building,https://doi.org/10.57931/3017294,https://www.openstreetmap.org,,,IM3 geospatial observation. Identity grain is preserved by Observation Level.,Insufficient evidence to establish or attach a distinct campus
im3:f12390b06e48bd79,im3-source:f12390b06e48bd79,IM3 Open Source Data Center Atlas / OpenStreetMap,Observed footprint,building,,,,,,,,OH,Franklin County,,40.11571701705085,-83.00256546090333,Mapped centroid,,Observed footprint,,,,56266.0,,,,,,,,,,,,,,,,,,,,,,,,,,,,,,,,,,,C,Open geospatial inventory,mapped building,https://doi.org/10.57931/3017294,https://www.openstreetmap.org,,,IM3 geospatial observation. Identity grain is preserved by Observation Level.,Insufficient evidence to establish or attach a distinct campus
im3:f18cb306230459b1,im3-source:f18cb306230459b1,IM3 Open Source Data Center Atlas / OpenStreetMap,Observed footprint,building,,,,,,,,NJ,Hudson County,,40.784738869138266,-74.06435818179101,Mapped centroid,,Observed footprint,,,,34462.0,,,,,,,,,,,,,,,,,,,,,,,,,,,,,,,,,,,C,Open geospatial inventory,mapped building,https://doi.org/10.57931/3017294,https://www.openstreetmap.org,,,IM3 geospatial observation. Identity grain is preserved by Observation Level.,Insufficient evidence to establish or attach a distinct campus
im3:f1d809f4847f82f9,im3-source:f1d809f4847f82f9,IM3 Open Source Data Center Atlas / OpenStreetMap,Observed footprint,building,fifteenfortyseven CSR ORNY1,fifteenfortyseven Critical Systems Realty,,,,,,NY,Rockland County,,41.03448450165389,-73.9757644982069,Mapped centroid,,Observed footprint,,,,151516.0,,,,,,,,,,,,,,,,,,,,,,,,,,,,,,,,,,,C,Open geospatial inventory,mapped building,https://doi.org/10.57931/3017294,https://www.openstreetmap.org,,,IM3 geospatial observation. Identity grain is preserved by Observation Level.,Insufficient evidence to establish or attach a distinct campus
im3:f1e22cf3cad6599a,im3-source:f1e22cf3cad6599a,IM3 Open Source Data Center Atlas / OpenStreetMap,Observed footprint,building,42310 THUNDERBALL DR,True North Data Solutions,,,,,,VA,Loudoun County,,39.0440991126541,-77.5396744352085,Mapped centroid,,Observed footprint,,,,78907.0,,,,,,,,,,,,,,,,,,,,,,,,,,,,,,,,,,,C,Open geospatial inventory,mapped building,https://doi.org/10.57931/3017294,https://www.openstreetmap.org,,,IM3 geospatial observation. Identity grain is preserved by Observation Level.,Insufficient evidence to establish or attach a distinct campus
im3:f1fa183b00371ec2,im3-source:f1fa183b00371ec2,IM3 Open Source Data Center Atlas / OpenStreetMap,Observed footprint,building,Databank LGA3,Databank,,,,,,NY,Rockland County,,41.0399432453292,-73.98965093245329,Mapped centroid,,Observed footprint,,,,197452.0,,,,,,,,,,,,,,,,,,,,,,,,,,,,,,,,,,,C,Open geospatial inventory,mapped building,https://doi.org/10.57931/3017294,https://www.openstreetmap.org,,,IM3 geospatial observation. Identity grain is preserved by Observation Level.,Insufficient evidence to establish or attach a distinct campus
im3:f2433ba0091aeaaa,im3-source:f2433ba0091aeaaa,IM3 Open Source Data Center Atlas / OpenStreetMap,Observed footprint,building,Cologix Santa Clara SV1 Data Center,Cologix,,,,,,CA,Santa Clara County,,37.36533280967664,-121.96170041834212,Mapped centroid,,Observed footprint,,,,80686.0,,,,,,,,,,,,,,,,,,,,,,,,,,,,,,,,,,,C,Open geospatial inventory,mapped building,https://doi.org/10.57931/3017294,https://www.openstreetmap.org,,,IM3 geospatial observation. Identity grain is preserved by Observation Level.,Insufficient evidence to establish or attach a distinct campus
im3:f29246ab761b4e5d,im3-source:f29246ab761b4e5d,IM3 Open Source Data Center Atlas / OpenStreetMap,Observed footprint,building,Vantage VA11,Vantage Data Centers,,,,,,VA,Loudoun County,,39.00239460631826,-77.43766057009843,Mapped centroid,,Observed footprint,,,,127578.0,,,,,,,,,,,,,,,,,,,,,,,,,,,,,,,,,,,C,Open geospatial inventory,mapped building,https://doi.org/10.57931/3017294,https://www.openstreetmap.org,,,IM3 geospatial observation. Identity grain is preserved by Observation Level.,Insufficient evidence to establish or attach a distinct campus
im3:f3238780dccd744a,im3-source:f3238780dccd744a,IM3 Open Source Data Center Atlas / OpenStreetMap,Observed footprint,building,Pewaukee Data Center,WE Energies,,,,,,WI,Waukesha County,,43.051388603479424,-88.21666504144568,Mapped centroid,,Observed footprint,,,,47298.0,,,,,,,,,,,,,,,,,,,,,,,,,,,,,,,,,,,C,Open geospatial inventory,mapped building,https://doi.org/10.57931/3017294,https://www.openstreetmap.org,,,IM3 geospatial observation. Identity grain is preserved by Observation Level.,Insufficient evidence to establish or attach a distinct campus
im3:f3f3aa75d1804bc2,im3-source:f3f3aa75d1804bc2,IM3 Open Source Data Center Atlas / OpenStreetMap,Observed footprint,building,CloudHQ LC3,,,,,,,VA,Loudoun County,,39.01121179777752,-77.4604049189824,Mapped centroid,,Observed footprint,,,,241208.0,,,,,,,,,,,,,,,,,,,,,,,,,,,,,,,,,,,C,Open geospatial inventory,mapped building,https://doi.org/10.57931/3017294,https://www.openstreetmap.org,,,IM3 geospatial observation. Identity grain is preserved by Observation Level.,Insufficient evidence to establish or attach a distinct campus
im3:f4629914aadb53f5,im3-source:f4629914aadb53f5,IM3 Open Source Data Center Atlas / OpenStreetMap,Observed footprint,building,State Farm Data Center,,,,,,,KS,Johnson County,,38.94011284257523,-94.86768784426144,Mapped centroid,,Observed footprint,,,,198601.0,,,,,,,,,,,,,,,,,,,,,,,,,,,,,,,,,,,C,Open geospatial inventory,mapped building,https://doi.org/10.57931/3017294,https://www.openstreetmap.org,,,IM3 geospatial observation. Identity grain is preserved by Observation Level.,Insufficient evidence to establish or attach a distinct campus
im3:f53bf544f948b7f1,im3-source:f53bf544f948b7f1,IM3 Open Source Data Center Atlas / OpenStreetMap,Observed footprint,building,Modesto Junior College West Data Center,Yosemite Community College District,,,,,,CA,Stanislaus County,,37.66514737399912,-121.04003747173708,Mapped centroid,,Observed footprint,,,,6017.0,,,,,,,,,,,,,,,,,,,,,,,,,,,,,,,,,,,C,Open geospatial inventory,mapped building,https://doi.org/10.57931/3017294,https://www.openstreetmap.org,,,IM3 geospatial observation. Identity grain is preserved by Observation Level.,Insufficient evidence to establish or attach a distinct campus
im3:f56f36ca8fa714e7,im3-source:f56f36ca8fa714e7,IM3 Open Source Data Center Atlas / OpenStreetMap,Observed footprint,building,iGLASS Networks,,,,,,,NC,Wake County,,35.76675058431367,-78.78398578504193,Mapped centroid,,Observed footprint,,,,8134.0,,,,,,,,,,,,,,,,,,,,,,,,,,,,,,,,,,,C,Open geospatial inventory,mapped building,https://doi.org/10.57931/3017294,https://www.openstreetmap.org,,,IM3 geospatial observation. Identity grain is preserved by Observation Level.,Insufficient evidence to establish or attach a distinct campus
im3:f59821b2c7ef9e4f,im3-source:f59821b2c7ef9e4f,IM3 Open Source Data Center Atlas / OpenStreetMap,Observed footprint,building,,Verizon Wireless,,,,,,NE,Douglas County,,41.220408449465495,-96.1476188601592,Mapped centroid,,Observed footprint,,,,38873.0,,,,,,,,,,,,,,,,,,,,,,,,,,,,,,,,,,,C,Open geospatial inventory,mapped building,https://doi.org/10.57931/3017294,https://www.openstreetmap.org,,,IM3 geospatial observation. Identity grain is preserved by Observation Level.,Insufficient evidence to establish or attach a distinct campus
im3:f652da0226d722a8,im3-source:f652da0226d722a8,IM3 Open Source Data Center Atlas / OpenStreetMap,Observed footprint,building,,,,,,,,TX,Dallas County,,32.894762294584496,-96.9819459407307,Mapped centroid,,Observed footprint,,,,141788.0,,,,,,,,,,,,,,,,,,,,,,,,,,,,,,,,,,,C,Open geospatial inventory,mapped building,https://doi.org/10.57931/3017294,https://www.openstreetmap.org,,,IM3 geospatial observation. Identity grain is preserved by Observation Level.,Insufficient evidence to establish or attach a distinct campus
im3:f69d775f49d0e149,im3-source:f69d775f49d0e149,IM3 Open Source Data Center Atlas / OpenStreetMap,Observed footprint,building,Lumen Austin 3,Lumen Technologies,,,,,,TX,Travis County,,30.261396172056777,-97.72359737403008,Mapped centroid,,Observed footprint,,,,5068.0,,,,,,,,,,,,,,,,,,,,,,,,,,,,,,,,,,,C,Open geospatial inventory,mapped building,https://doi.org/10.57931/3017294,https://www.openstreetmap.org,,,IM3 geospatial observation. Identity grain is preserved by Observation Level.,Insufficient evidence to establish or attach a distinct campus
im3:f6c3451bf01aaede,im3-source:f6c3451bf01aaede,IM3 Open Source Data Center Atlas / OpenStreetMap,Observed footprint,building,Family History Center,The Church of Jesus Christ of Latter-day Saints,,,,,,ID,Bear Lake County,,42.31729584241333,-111.30424491696456,Mapped centroid,,Observed footprint,,,,4081.0,,,,,,,,,,,,,,,,,,,,,,,,,,,,,,,,,,,C,Open geospatial inventory,mapped building,https://doi.org/10.57931/3017294,https://www.openstreetmap.org,,,IM3 geospatial observation. Identity grain is preserved by Observation Level.,Insufficient evidence to establish or attach a distinct campus
im3:f71ac8acffc02a13,im3-source:f71ac8acffc02a13,IM3 Open Source Data Center Atlas / OpenStreetMap,Observed footprint,building,,CyrusOne,,,,,,VA,Loudoun County,,38.984886747259175,-77.42564884235941,Mapped centroid,,Observed footprint,,,,127744.0,,,,,,,,,,,,,,,,,,,,,,,,,,,,,,,,,,,C,Open geospatial inventory,mapped building,https://doi.org/10.57931/3017294,https://www.openstreetmap.org,,,IM3 geospatial observation. Identity grain is preserved by Observation Level.,Insufficient evidence to establish or attach a distinct campus
im3:f954d27736e96a2e,im3-source:f954d27736e96a2e,IM3 Open Source Data Center Atlas / OpenStreetMap,Observed footprint,building,EdgeConneX PHX02 Data Center,EdgeConneX,,,,,,AZ,Maricopa County,,33.35201066594794,-111.64752987080628,Mapped centroid,,Observed footprint,,,,654105.0,,,,,,,,,,,,,,,,,,,,,,,,,,,,,,,,,,,C,Open geospatial inventory,mapped building,https://doi.org/10.57931/3017294,https://www.openstreetmap.org,,,IM3 geospatial observation. Identity grain is preserved by Observation Level.,Insufficient evidence to establish or attach a distinct campus
im3:f96a4070ea26f8ad,im3-source:f96a4070ea26f8ad,IM3 Open Source Data Center Atlas / OpenStreetMap,Observed footprint,building,,,,,,,,OR,Umatilla County,,45.91584309999999,-119.26731595,Mapped centroid,,Observed footprint,,,,2605.0,,,,,,,,,,,,,,,,,,,,,,,,,,,,,,,,,,,C,Open geospatial inventory,mapped building,https://doi.org/10.57931/3017294,https://www.openstreetmap.org,,,IM3 geospatial observation. Identity grain is preserved by Observation Level.,Insufficient evidence to establish or attach a distinct campus
im3:f9731ac0fb4307b2,im3-source:f9731ac0fb4307b2,IM3 Open Source Data Center Atlas / OpenStreetMap,Observed footprint,building,Lumen,Lumen Technologies,,,,,,AZ,Maricopa County,,33.494335663580785,-112.07078574015736,Mapped centroid,,Observed footprint,,,,25456.0,,,,,,,,,,,,,,,,,,,,,,,,,,,,,,,,,,,C,Open geospatial inventory,mapped building,https://doi.org/10.57931/3017294,https://www.openstreetmap.org,,,IM3 geospatial observation. Identity grain is preserved by Observation Level.,Insufficient evidence to establish or attach a distinct campus
im3:f98723468cba2eca,im3-source:f98723468cba2eca,IM3 Open Source Data Center Atlas / OpenStreetMap,Observed footprint,building,Iron Mountain Records Storage,,,,,,,AZ,Maricopa County,,33.42038002383983,-112.041325779861,Mapped centroid,,Observed footprint,,,,145832.0,,,,,,,,,,,,,,,,,,,,,,,,,,,,,,,,,,,C,Open geospatial inventory,mapped building,https://doi.org/10.57931/3017294,https://www.openstreetmap.org,,,IM3 geospatial observation. Identity grain is preserved by Observation Level.,Insufficient evidence to establish or attach a distinct campus
im3:f98a1e5e6bc7ed21,im3-source:f98a1e5e6bc7ed21,IM3 Open Source Data Center Atlas / OpenStreetMap,Observed footprint,building,,,,,,,,VA,Loudoun County,,39.055994158481255,-77.54733846559553,Mapped centroid,,Observed footprint,,,,149008.0,,,,,,,,,,,,,,,,,,,,,,,,,,,,,,,,,,,C,Open geospatial inventory,mapped building,https://doi.org/10.57931/3017294,https://www.openstreetmap.org,,,IM3 geospatial observation. Identity grain is preserved by Observation Level.,Insufficient evidence to establish or attach a distinct campus
im3:f9e28b1c0c1e10a6,im3-source:f9e28b1c0c1e10a6,IM3 Open Source Data Center Atlas / OpenStreetMap,Observed footprint,building,Amazon Web Services Building C,Amazon Web Services,,,,,,VA,Loudoun County,,39.002751652712455,-77.4854486685297,Mapped centroid,,Observed footprint,,,,116698.0,,,,,,,,,,,,,,,,,,,,,,,,,,,,,,,,,,,C,Open geospatial inventory,mapped building,https://doi.org/10.57931/3017294,https://www.openstreetmap.org,,,IM3 geospatial observation. Identity grain is preserved by Observation Level.,Insufficient evidence to establish or attach a distinct campus
im3:fa138db5819173e5,im3-source:fa138db5819173e5,IM3 Open Source Data Center Atlas / OpenStreetMap,Observed footprint,building,Cyxtera Dallas-Fort Worth Data Center,Cyxtera,,,,,,TX,Tarrant County,,32.83271789531522,-97.0410416435738,Mapped centroid,,Observed footprint,,,,309104.0,,,,,,,,,,,,,,,,,,,,,,,,,,,,,,,,,,,C,Open geospatial inventory,mapped building,https://doi.org/10.57931/3017294,https://www.openstreetmap.org,,,IM3 geospatial observation. Identity grain is preserved by Observation Level.,Insufficient evidence to establish or attach a distinct campus
im3:fbe357df168cd5a1,im3-source:fbe357df168cd5a1,IM3 Open Source Data Center Atlas / OpenStreetMap,Observed footprint,site_point,Alliance Technology,,,,,,,AZ,Maricopa County,,33.3799862,-111.728405,Mapped centroid,,Observed footprint,,,,,,,,,,,,,,,,,,,,,,,,,,,,,,,,,,,,,,,C,Open geospatial inventory,mapped point,https://doi.org/10.57931/3017294,https://www.openstreetmap.org,,,IM3 geospatial observation. Identity grain is preserved by Observation Level.,Insufficient evidence to establish or attach a distinct campus
im3:fc2076728e75d6b0,im3-source:fc2076728e75d6b0,IM3 Open Source Data Center Atlas / OpenStreetMap,Observed footprint,building,,,,,,,,NY,Erie County,,43.04498475142093,-78.74920687188744,Mapped centroid,,Observed footprint,,,,41938.0,,,,,,,,,,,,,,,,,,,,,,,,,,,,,,,,,,,C,Open geospatial inventory,mapped building,https://doi.org/10.57931/3017294,https://www.openstreetmap.org,,,IM3 geospatial observation. Identity grain is preserved by Observation Level.,Insufficient evidence to establish or attach a distinct campus
im3:fe2899bc521383b2,im3-source:fe2899bc521383b2,IM3 Open Source Data Center Atlas / OpenStreetMap,Observed footprint,building,NTT Ashburn VA4 Data Center,NTT,,,,,,VA,Loudoun County,,39.01986885239891,-77.47259496016018,Mapped centroid,,Observed footprint,,,,160282.0,,,,,,,,,,,,,,,,,,,,,,,,,,,,,,,,,,,C,Open geospatial inventory,mapped building,https://doi.org/10.57931/3017294,https://www.openstreetmap.org,,,IM3 geospatial observation. Identity grain is preserved by Observation Level.,Insufficient evidence to establish or attach a distinct campus
im3:fe3e9bf688670766,im3-source:fe3e9bf688670766,IM3 Open Source Data Center Atlas / OpenStreetMap,Observed footprint,building,CoreSite SV6,CoreSite,,,,,,CA,Santa Clara County,,37.37630188107878,-121.9720837996958,Mapped centroid,,Observed footprint,,,,61065.0,,,,,,,,,,,,,,,,,,,,,,,,,,,,,,,,,,,C,Open geospatial inventory,mapped building,https://doi.org/10.57931/3017294,https://www.openstreetmap.org,,,IM3 geospatial observation. Identity grain is preserved by Observation Level.,Insufficient evidence to establish or attach a distinct campus
im3:fe5e96b364369f46,im3-source:fe5e96b364369f46,IM3 Open Source Data Center Atlas / OpenStreetMap,Observed footprint,building,Amazon IAD114,Amazon Web Services,,,,,,VA,Loudoun County,,39.03549407807659,-77.45069858120988,Mapped centroid,,Observed footprint,,,,148005.0,,,,,,,,,,,,,,,,,,,,,,,,,,,,,,,,,,,C,Open geospatial inventory,mapped building,https://doi.org/10.57931/3017294,https://www.openstreetmap.org,,,IM3 geospatial observation. Identity grain is preserved by Observation Level.,Insufficient evidence to establish or attach a distinct campus
im3:ff02718d31be6e1a,im3-source:ff02718d31be6e1a,IM3 Open Source Data Center Atlas / OpenStreetMap,Observed footprint,building,DataBank Las Vegas LAS1,,,,,,,NV,Clark County,,36.059727511179354,-115.14721141917371,Mapped centroid,,Observed footprint,,,,58547.0,,,,,,,,,,,,,,,,,,,,,,,,,,,,,,,,,,,C,Open geospatial inventory,mapped building,https://doi.org/10.57931/3017294,https://www.openstreetmap.org,,,IM3 geospatial observation. Identity grain is preserved by Observation Level.,Insufficient evidence to establish or attach a distinct campus
im3:ff4f6aa2bbe47ee1,im3-source:ff4f6aa2bbe47ee1,IM3 Open Source Data Center Atlas / OpenStreetMap,Observed footprint,building,,,,,,,,MD,Frederick County,,39.37777631106896,-77.41151850588292,Mapped centroid,,Observed footprint,,,,64023.0,,,,,,,,,,,,,,,,,,,,,,,,,,,,,,,,,,,C,Open geospatial inventory,mapped building,https://doi.org/10.57931/3017294,https://www.openstreetmap.org,,,IM3 geospatial observation. Identity grain is preserved by Observation Level.,Insufficient evidence to establish or attach a distinct campus
im3:fffd7d7fcf9f1b8e,im3-source:fffd7d7fcf9f1b8e,IM3 Open Source Data Center Atlas / OpenStreetMap,Observed footprint,building,,,,,,,,VA,Loudoun County,,39.05526149791236,-77.54482173507743,Mapped centroid,,Observed footprint,,,,139936.0,,,,,,,,,,,,,,,,,,,,,,,,,,,,,,,,,,,C,Open geospatial inventory,mapped building,https://doi.org/10.57931/3017294,https://www.openstreetmap.org,,,IM3 geospatial observation. Identity grain is preserved by Observation Level.,Insufficient evidence to establish or attach a distinct campus
